book,chapter,affected_passage,change_count,change_types,commits
Genesis,1,Gen 1:1-2:3,19,added; other; provenance_added; removed_marked_historical,04cc512; 2622ee2; 440001d; 6a15663; 6c0cb65; f79cbbc
Genesis,1,Gen 1:1-31,19,added; other; provenance_added; removed_marked_historical,04cc512; 2622ee2; 440001d; 6a15663; 6c0cb65; f79cbbc
Genesis,2,Gen 2:1-3,19,added; other; provenance_added; removed_marked_historical,04cc512; 2622ee2; 440001d; 6a15663; 6c0cb65; f79cbbc
Genesis,2,Gen 2:15-25,19,added; other; provenance_added; removed_marked_historical,04cc512; 2622ee2; 440001d; 6a15663; 6c0cb65; f79cbbc
Genesis,2,Gen 2:15-3:24,19,added; other; provenance_added; removed_marked_historical,04cc512; 2622ee2; 440001d; 6a15663; 6c0cb65; f79cbbc
Genesis,3,Gen 3:1-24,19,added; other; provenance_added; removed_marked_historical,04cc512; 2622ee2; 440001d; 6a15663; 6c0cb65; f79cbbc
Genesis,6,Gen 6:5-9:7,19,added; other; provenance_added; removed_marked_historical,04cc512; 2622ee2; 440001d; 6a15663; 6c0cb65; f79cbbc
Genesis,14,Gen 14:17-20,19,added; other; provenance_added; removed_marked_historical,04cc512; 2622ee2; 440001d; 6a15663; 6c0cb65; f79cbbc
Genesis,18,Gen 18:1-23,19,added; other; provenance_added; removed_marked_historical,04cc512; 2622ee2; 440001d; 6a15663; 6c0cb65; f79cbbc
Genesis,18,Gen 18:17-33,10,added; other; provenance_added; removed_marked_historical,2622ee2; 440001d; 6a15663; 6c0cb65; f79cbbc
Genesis,19,Gen 19:1-29,10,added; other; provenance_added; removed_marked_historical,2622ee2; 440001d; 6a15663; 6c0cb65; f79cbbc
Genesis,22,Gen 22:1-18,10,added; other; provenance_added; removed_marked_historical,2622ee2; 440001d; 6a15663; 6c0cb65; f79cbbc
Genesis,22,Gen 22:1-19,19,added; other; provenance_added; removed_marked_historical,04cc512; 2622ee2; 440001d; 6a15663; 6c0cb65; f79cbbc
Genesis,23,Gen 23:1-20,10,added; other; provenance_added; removed_marked_historical,2622ee2; 440001d; 6a15663; 6c0cb65; f79cbbc
Genesis,24,Gen 24:1-67,10,added; other; provenance_added; removed_marked_historical,2622ee2; 440001d; 6a15663; 6c0cb65; f79cbbc
Genesis,24,Gen 24:1-9,16,added; other; provenance_added; removed_marked_historical,04cc512; 2622ee2; 440001d; 6a15663; 6c0cb65; f79cbbc
Genesis,27,Gen 27:1-41,10,added; other; provenance_added; removed_marked_historical,2622ee2; 440001d; 6a15663; 6c0cb65; f79cbbc
Genesis,28,Gen 28:10-22,10,added; other; provenance_added; removed_marked_historical,2622ee2; 440001d; 6a15663; 6c0cb65; f79cbbc
Genesis,28,Gen 28:10-31,10,added; other; provenance_added; removed_marked_historical,2622ee2; 440001d; 6a15663; 6c0cb65; f79cbbc
Genesis,32,Gen 32:1-30,10,added; other; provenance_added; removed_marked_historical,2622ee2; 440001d; 6a15663; 6c0cb65; f79cbbc
Genesis,48,Gen 48:1-19,19,added; other; provenance_added; removed_marked_historical,04cc512; 2622ee2; 440001d; 6a15663; 6c0cb65; f79cbbc
Genesis,49,Gen 49:1-28,10,added; other; provenance_added; removed_marked_historical,2622ee2; 440001d; 6a15663; 6c0cb65; f79cbbc
Genesis,49,Gen 49:33,10,added; other; provenance_added; removed_marked_historical,2622ee2; 440001d; 6a15663; 6c0cb65; f79cbbc
Genesis,50,Gen 50:1-26,10,added; other; provenance_added; removed_marked_historical,2622ee2; 440001d; 6a15663; 6c0cb65; f79cbbc
Genesis,50,Gen 50:4-25,10,added; other; provenance_added; removed_marked_historical,2622ee2; 440001d; 6a15663; 6c0cb65; f79cbbc
Exodus,2,Exod 2:11-20,10,added; other; provenance_added; removed_marked_historical,2622ee2; 440001d; 6a15663; 6c0cb65; f79cbbc
Exodus,2,Exod 2:23-25,10,added; other; provenance_added; removed_marked_historical,2622ee2; 440001d; 6a15663; 6c0cb65; f79cbbc
Exodus,3,Exod 3:1-5,10,added; other; provenance_added; removed_marked_historical,2622ee2; 440001d; 6a15663; 6c0cb65; f79cbbc
Exodus,3,Exod 3:6-14,10,added; other; provenance_added; removed_marked_historical,2622ee2; 440001d; 6a15663; 6c0cb65; f79cbbc
Exodus,4,Exod 4:19-31,10,added; other; provenance_added; removed_marked_historical,2622ee2; 440001d; 6a15663; 6c0cb65; f79cbbc
Exodus,5,Exod 5:1-23,10,added; other; provenance_added; removed_marked_historical,2622ee2; 440001d; 6a15663; 6c0cb65; f79cbbc
Exodus,6,Exod 6:1-13,10,added; other; provenance_added; removed_marked_historical,2622ee2; 440001d; 6a15663; 6c0cb65; f79cbbc
Exodus,7,Exod 7:14-25,10,added; other; provenance_added; removed_marked_historical,2622ee2; 440001d; 6a15663; 6c0cb65; f79cbbc
Exodus,7,Exod 7:2-15,19,added; other; provenance_added; removed_marked_historical,04cc512; 2622ee2; 440001d; 6a15663; 6c0cb65; f79cbbc
Exodus,8,Exod 8:1-19,10,added; other; provenance_added; removed_marked_historical,2622ee2; 440001d; 6a15663; 6c0cb65; f79cbbc
Exodus,8,Exod 8:20-32,10,added; other; provenance_added; removed_marked_historical,2622ee2; 440001d; 6a15663; 6c0cb65; f79cbbc
Exodus,9,Exod 9:1-35,10,added; other; provenance_added; removed_marked_historical,2622ee2; 440001d; 6a15663; 6c0cb65; f79cbbc
Exodus,10,Exod 10:1-29,10,added; other; provenance_added; removed_marked_historical,2622ee2; 440001d; 6a15663; 6c0cb65; f79cbbc
Exodus,11,Exod 11:1-10,10,added; other; provenance_added; removed_marked_historical,2622ee2; 440001d; 6a15663; 6c0cb65; f79cbbc
Exodus,12,Exod 12:1-14,19,added; other; provenance_added; removed_marked_historical,04cc512; 2622ee2; 440001d; 6a15663; 6c0cb65; f79cbbc
Exodus,13,Exod 13:17-22,16,added; other; provenance_added; removed_marked_historical,04cc512; 2622ee2; 440001d; 6a15663; 6c0cb65; f79cbbc
Exodus,14,Exod 14:13-15:1,16,added; other; provenance_added; removed_marked_historical,04cc512; 2622ee2; 440001d; 6a15663; 6c0cb65; f79cbbc
Exodus,15,Exod 15:22-16:3,19,added; other; provenance_added; removed_marked_historical,04cc512; 2622ee2; 440001d; 6a15663; 6c0cb65; f79cbbc
Exodus,15,Exod 15:23-16:3,19,added; other; provenance_added; removed_marked_historical,04cc512; 2622ee2; 440001d; 6a15663; 6c0cb65; f79cbbc
Exodus,17,Exod 17:1-7,16,added; other; provenance_added; removed_marked_historical,04cc512; 2622ee2; 440001d; 6a15663; 6c0cb65; f79cbbc
Exodus,17,Exod 17:8-16,19,added; other; provenance_added; removed_marked_historical,04cc512; 2622ee2; 440001d; 6a15663; 6c0cb65; f79cbbc
Exodus,19,Exod 19:1-9,19,added; other; provenance_added; removed_marked_historical,04cc512; 2622ee2; 440001d; 6a15663; 6c0cb65; f79cbbc
Exodus,32,Exod 32:30-33:5,19,added; other; provenance_added; removed_marked_historical,04cc512; 2622ee2; 440001d; 6a15663; 6c0cb65; f79cbbc
Exodus,32,Exod 32:7-15,19,added; other; provenance_added; removed_marked_historical,04cc512; 2622ee2; 440001d; 6a15663; 6c0cb65; f79cbbc
Leviticus,23,Lev 23:5-12,19,added; other; provenance_added; removed_marked_historical,04cc512; 2622ee2; 440001d; 6a15663; 6c0cb65; f79cbbc
Numbers,10,Num 10:35-36,10,added; other; provenance_added; removed_marked_historical,2622ee2; 440001d; 6a15663; 6c0cb65; f79cbbc
Numbers,11,Num 11:1-35,10,added; other; provenance_added; removed_marked_historical,2622ee2; 440001d; 6a15663; 6c0cb65; f79cbbc
Numbers,20,Num 20:1-13,16,added; other; provenance_added; removed_marked_historical,04cc512; 2622ee2; 440001d; 6a15663; 6c0cb65; f79cbbc
Numbers,21,Num 21:1-9,19,added; other; provenance_added; removed_marked_historical,04cc512; 2622ee2; 440001d; 6a15663; 6c0cb65; f79cbbc
Deuteronomy,5,Deut 5:15-22,10,added; other; provenance_added; removed_marked_historical,2622ee2; 440001d; 6a15663; 6c0cb65; f79cbbc
Deuteronomy,5,Deut 5:23-33,10,added; other; provenance_added; removed_marked_historical,2622ee2; 440001d; 6a15663; 6c0cb65; f79cbbc
Deuteronomy,6,Deut 6:1-3,10,added; other; provenance_added; removed_marked_historical,2622ee2; 440001d; 6a15663; 6c0cb65; f79cbbc
Deuteronomy,6,Deut 6:17-25,10,added; other; provenance_added; removed_marked_historical,2622ee2; 440001d; 6a15663; 6c0cb65; f79cbbc
Deuteronomy,6,Deut 6:3-25,10,added; other; provenance_added; removed_marked_historical,2622ee2; 440001d; 6a15663; 6c0cb65; f79cbbc
Deuteronomy,7,Deut 7:1-26,10,added; other; provenance_added; removed_marked_historical,2622ee2; 440001d; 6a15663; 6c0cb65; f79cbbc
Deuteronomy,8,Deut 8:1-20,10,added; other; provenance_added; removed_marked_historical,2622ee2; 440001d; 6a15663; 6c0cb65; f79cbbc
Deuteronomy,8,Deut 8:11-20,19,added; other; provenance_added; removed_marked_historical,04cc512; 2622ee2; 440001d; 6a15663; 6c0cb65; f79cbbc
Deuteronomy,8,Deut 8:19-9:24,19,added; other; provenance_added; removed_marked_historical,04cc512; 2622ee2; 440001d; 6a15663; 6c0cb65; f79cbbc
Deuteronomy,9,Deut 9:1-4,10,added; other; provenance_added; removed_marked_historical,2622ee2; 440001d; 6a15663; 6c0cb65; f79cbbc
Deuteronomy,9,Deut 9:7-29,10,added; other; provenance_added; removed_marked_historical,2622ee2; 440001d; 6a15663; 6c0cb65; f79cbbc
Deuteronomy,10,Deut 10:1-11,10,added; other; provenance_added; removed_marked_historical,2622ee2; 440001d; 6a15663; 6c0cb65; f79cbbc
Deuteronomy,10,Deut 10:12-22,10,added; other; provenance_added; removed_marked_historical,2622ee2; 440001d; 6a15663; 6c0cb65; f79cbbc
Deuteronomy,11,Deut 11:1-28,10,added; other; provenance_added; removed_marked_historical,2622ee2; 440001d; 6a15663; 6c0cb65; f79cbbc
Deuteronomy,11,Deut 11:29-32,10,added; other; provenance_added; removed_marked_historical,2622ee2; 440001d; 6a15663; 6c0cb65; f79cbbc
Deuteronomy,12,Deut 12:1-27,10,added; other; provenance_added; removed_marked_historical,2622ee2; 440001d; 6a15663; 6c0cb65; f79cbbc
Deuteronomy,16,Deut 16:1-18,10,added; other; provenance_added; removed_marked_historical,2622ee2; 440001d; 6a15663; 6c0cb65; f79cbbc
Deuteronomy,32,Deut 32:1-42,10,added; other; provenance_added; removed_marked_historical,2622ee2; 440001d; 6a15663; 6c0cb65; f79cbbc
Joshua,2,Josh 2:1-24,10,added; other; provenance_added; removed_marked_historical,2622ee2; 440001d; 6a15663; 6c0cb65; f79cbbc
Joshua,6,Josh 6:1-27,10,added; other; provenance_added; removed_marked_historical,2622ee2; 440001d; 6a15663; 6c0cb65; f79cbbc
Judges,11,Judg 11:30-40,10,added; other; provenance_added; removed_marked_historical,2622ee2; 440001d; 6a15663; 6c0cb65; f79cbbc
1 Samuel,1,1Sam 1:1-28,10,added; other; provenance_added; removed_marked_historical,2622ee2; 440001d; 6a15663; 6c0cb65; f79cbbc
1 Samuel,2,1Sam 2:1-11,10,added; other; provenance_added; removed_marked_historical,2622ee2; 440001d; 6a15663; 6c0cb65; f79cbbc
1 Samuel,2,1Sam 2:1-21,10,added; other; provenance_added; removed_marked_historical,2622ee2; 440001d; 6a15663; 6c0cb65; f79cbbc
1 Samuel,3,1Sam 3:1-20,10,added; other; provenance_added; removed_marked_historical,2622ee2; 440001d; 6a15663; 6c0cb65; f79cbbc
1 Samuel,17,1Sam 17:16-54,10,added; other; provenance_added; removed_marked_historical,2622ee2; 440001d; 6a15663; 6c0cb65; f79cbbc
1 Samuel,18,1Sam 18:6-9,10,added; other; provenance_added; removed_marked_historical,2622ee2; 440001d; 6a15663; 6c0cb65; f79cbbc
1 Samuel,23,1Sam 23:26-29,10,added; other; provenance_added; removed_marked_historical,2622ee2; 440001d; 6a15663; 6c0cb65; f79cbbc
1 Samuel,24,1Sam 24:1-22,10,added; other; provenance_added; removed_marked_historical,2622ee2; 440001d; 6a15663; 6c0cb65; f79cbbc
1 Kings,8,1Kgs 8:22-30,10,added; other; provenance_added; removed_marked_historical,2622ee2; 440001d; 6a15663; 6c0cb65; f79cbbc
1 Kings,17,1Kgs 17:17-24,10,added; other; provenance_added; removed_marked_historical,2622ee2; 440001d; 6a15663; 6c0cb65; f79cbbc
1 Kings,17,1Kgs 17:2-24,10,added; other; provenance_added; removed_marked_historical,2622ee2; 440001d; 6a15663; 6c0cb65; f79cbbc
1 Kings,18,1Kgs 18:36-39,10,added; other; provenance_added; removed_marked_historical,2622ee2; 440001d; 6a15663; 6c0cb65; f79cbbc
1 Kings,19,1Kgs 19:9-14,19,added; other; provenance_added; removed_marked_historical,04cc512; 2622ee2; 440001d; 6a15663; 6c0cb65; f79cbbc
2 Kings,4,2Kgs 4:8-37,10,added; other; provenance_added; removed_marked_historical,2622ee2; 440001d; 6a15663; 6c0cb65; f79cbbc
2 Kings,5,2Kgs 5:1-27,10,added; other; provenance_added; removed_marked_historical,2622ee2; 440001d; 6a15663; 6c0cb65; f79cbbc
2 Kings,6,2Kgs 6:8-33,10,added; other; provenance_added; removed_marked_historical,2622ee2; 440001d; 6a15663; 6c0cb65; f79cbbc
2 Kings,7,2Kgs 7:1-20,10,added; other; provenance_added; removed_marked_historical,2622ee2; 440001d; 6a15663; 6c0cb65; f79cbbc
1 Chronicles,29,1Chr 29:10-13,10,added; other; provenance_added; removed_marked_historical,2622ee2; 440001d; 6a15663; 6c0cb65; f79cbbc
Job,1,Job 1:1-22,10,added; other; provenance_added; removed_marked_historical,2622ee2; 440001d; 6a15663; 6c0cb65; f79cbbc
Job,11,Job 11:1-20,10,added; other; provenance_added; removed_marked_historical,2622ee2; 440001d; 6a15663; 6c0cb65; f79cbbc
Job,12,Job 12:1-25,10,added; other; provenance_added; removed_marked_historical,2622ee2; 440001d; 6a15663; 6c0cb65; f79cbbc
Job,12,Job 12:17-13:1,19,added; other; provenance_added; removed_marked_historical,04cc512; 2622ee2; 440001d; 6a15663; 6c0cb65; f79cbbc
Job,12,Job 12:18-13:1,19,added; other; provenance_added; removed_marked_historical,04cc512; 2622ee2; 440001d; 6a15663; 6c0cb65; f79cbbc
Job,13,Job 13:1-28,10,added; other; provenance_added; removed_marked_historical,2622ee2; 440001d; 6a15663; 6c0cb65; f79cbbc
Job,14,Job 14:1-22,10,added; other; provenance_added; removed_marked_historical,2622ee2; 440001d; 6a15663; 6c0cb65; f79cbbc
Job,15,Job 15:1-35,10,added; other; provenance_added; removed_marked_historical,2622ee2; 440001d; 6a15663; 6c0cb65; f79cbbc
Job,16,Job 16:1-17,10,added; other; provenance_added; removed_marked_historical,2622ee2; 440001d; 6a15663; 6c0cb65; f79cbbc
Job,18,Job 18:1-21,10,added; other; provenance_added; removed_marked_historical,2622ee2; 440001d; 6a15663; 6c0cb65; f79cbbc
Job,19,Job 19:1-26,10,added; other; provenance_added; removed_marked_historical,2622ee2; 440001d; 6a15663; 6c0cb65; f79cbbc
Job,20,Job 20:1-29,10,added; other; provenance_added; removed_marked_historical,2622ee2; 440001d; 6a15663; 6c0cb65; f79cbbc
Job,21,Job 21:1-34,10,added; other; provenance_added; removed_marked_historical,2622ee2; 440001d; 6a15663; 6c0cb65; f79cbbc
Job,22,Job 22:1-30,10,added; other; provenance_added; removed_marked_historical,2622ee2; 440001d; 6a15663; 6c0cb65; f79cbbc
Job,23,Job 23:2-17,19,added; other; provenance_added; removed_marked_historical,04cc512; 2622ee2; 440001d; 6a15663; 6c0cb65; f79cbbc
Job,23,Job 23:2-24:25,19,added; other; provenance_added; removed_marked_historical,04cc512; 2622ee2; 440001d; 6a15663; 6c0cb65; f79cbbc
Job,24,Job 24:1-25,19,added; other; provenance_added; removed_marked_historical,04cc512; 2622ee2; 440001d; 6a15663; 6c0cb65; f79cbbc
Job,25,Job 25:1-6,10,added; other; provenance_added; removed_marked_historical,2622ee2; 440001d; 6a15663; 6c0cb65; f79cbbc
Job,26,Job 26:1-14,10,added; other; provenance_added; removed_marked_historical,2622ee2; 440001d; 6a15663; 6c0cb65; f79cbbc
Job,27,Job 27:16-20,18,added; other; removed_marked_historical,04cc512; 2622ee2; 440001d; 6a15663; 6c0cb65; f79cbbc
Job,27,Job 27:16-28:2,20,added; other; removed_marked_historical,04cc512; 2622ee2; 440001d; 6a15663; 6c0cb65; f79cbbc
Job,27,Job 27:2-28:13,19,added; other; provenance_added; removed_marked_historical,04cc512; 2622ee2; 440001d; 6a15663; 6c0cb65; f79cbbc
Job,27,Job 27:2-28:2,19,added; other; provenance_added; removed_marked_historical,04cc512; 2622ee2; 440001d; 6a15663; 6c0cb65; f79cbbc
Job,28,Job 28:1-2,18,added; other; removed_marked_historical,04cc512; 2622ee2; 440001d; 6a15663; 6c0cb65; f79cbbc
Job,28,Job 28:12-28,10,added; other; provenance_added; removed_marked_historical,2622ee2; 440001d; 6a15663; 6c0cb65; f79cbbc
Job,29,Job 29:2-20,10,added; other; provenance_added; removed_marked_historical,2622ee2; 440001d; 6a15663; 6c0cb65; f79cbbc
Job,29,"Job 29:21-25,30:1-10",19,added; other; provenance_added; removed_marked_historical,04cc512; 2622ee2; 440001d; 6a15663; 6c0cb65; f79cbbc
Job,29,Job 29:21-30:10,19,added; other; provenance_added; removed_marked_historical,04cc512; 2622ee2; 440001d; 6a15663; 6c0cb65; f79cbbc
Job,30,Job 30:9-31,10,added; other; provenance_added; removed_marked_historical,2622ee2; 440001d; 6a15663; 6c0cb65; f79cbbc
Job,32,Job 32:1-5,10,added; other; provenance_added; removed_marked_historical,2622ee2; 440001d; 6a15663; 6c0cb65; f79cbbc
Job,32,Job 32:17-22,10,added; other; provenance_added; removed_marked_historical,2622ee2; 440001d; 6a15663; 6c0cb65; f79cbbc
Job,32,Job 32:6-16,10,added; other; provenance_added; removed_marked_historical,2622ee2; 440001d; 6a15663; 6c0cb65; f79cbbc
Job,33,Job 33:1-33,10,added; other; provenance_added; removed_marked_historical,2622ee2; 440001d; 6a15663; 6c0cb65; f79cbbc
Job,34,Job 34:1-37,10,added; other; provenance_added; removed_marked_historical,2622ee2; 440001d; 6a15663; 6c0cb65; f79cbbc
Job,35,Job 35:1-16,10,added; other; provenance_added; removed_marked_historical,2622ee2; 440001d; 6a15663; 6c0cb65; f79cbbc
Job,36,Job 36:1-33,10,added; other; provenance_added; removed_marked_historical,2622ee2; 440001d; 6a15663; 6c0cb65; f79cbbc
Job,37,Job 37:1-4,10,added; other; provenance_added; removed_marked_historical,2622ee2; 440001d; 6a15663; 6c0cb65; f79cbbc
Job,38,Job 38:1-36,10,added; other; provenance_added; removed_marked_historical,2622ee2; 440001d; 6a15663; 6c0cb65; f79cbbc
Job,38,Job 38:37-41,10,added; other; provenance_added; removed_marked_historical,2622ee2; 440001d; 6a15663; 6c0cb65; f79cbbc
Job,39,Job 39:1-30,10,added; other; provenance_added; removed_marked_historical,2622ee2; 440001d; 6a15663; 6c0cb65; f79cbbc
Job,40,Job 40:1-24,10,added; other; provenance_added; removed_marked_historical,2622ee2; 440001d; 6a15663; 6c0cb65; f79cbbc
Job,41,Job 41:1-34,10,added; other; provenance_added; removed_marked_historical,2622ee2; 440001d; 6a15663; 6c0cb65; f79cbbc
Job,42,Job 42:1-6,10,added; other; provenance_added; removed_marked_historical,2622ee2; 440001d; 6a15663; 6c0cb65; f79cbbc
Job,42,Job 42:7-17,10,added; other; provenance_added; removed_marked_historical,2622ee2; 440001d; 6a15663; 6c0cb65; f79cbbc
Psalm,1,Ps 1,10,added; other; provenance_added; removed_marked_historical,2622ee2; 440001d; 6a15663; 6c0cb65; f79cbbc
Psalm,1,Ps 1:1,14,added; bridge_basis_changed; other; provenance_added; removed_marked_historical,2622ee2; 350a0bd; 440001d; 6a15663; 6c0cb65; efbf63c; f79cbbc
Psalm,2,Ps 2,10,added; other; provenance_added; removed_marked_historical,2622ee2; 440001d; 6a15663; 6c0cb65; f79cbbc
Psalm,2,"Ps 2:1-2,2:4-5",19,added; other; provenance_added; removed_marked_historical,04cc512; 2622ee2; 440001d; 6a15663; 6c0cb65; f79cbbc
Psalm,2,Ps 2:1-5,19,added; other; provenance_added; removed_marked_historical,04cc512; 2622ee2; 440001d; 6a15663; 6c0cb65; f79cbbc
Psalm,2,Ps 2:10,10,added; other; provenance_added; removed_marked_historical,2622ee2; 440001d; 6a15663; 6c0cb65; f79cbbc
Psalm,2,Ps 2:11,10,added; other; provenance_added; removed_marked_historical,2622ee2; 440001d; 6a15663; 6c0cb65; f79cbbc
Psalm,2,Ps 2:7-8,13,added; bridge_basis_changed; other; provenance_added; removed_marked_historical,2622ee2; 350a0bd; 440001d; 6a15663; 6c0cb65; efbf63c; f79cbbc
Psalm,3,Ps 3,10,added; other; provenance_added; removed_marked_historical,2622ee2; 440001d; 6a15663; 6c0cb65; f79cbbc
Psalm,3,"Ps 3:5,3:3",19,added; other; provenance_added; removed_marked_historical,04cc512; 2622ee2; 440001d; 6a15663; 6c0cb65; f79cbbc
Psalm,4,Ps 4,10,added; other; provenance_added; removed_marked_historical,2622ee2; 440001d; 6a15663; 6c0cb65; f79cbbc
Psalm,4,Ps 4:1,10,added; other; provenance_added; removed_marked_historical,2622ee2; 440001d; 6a15663; 6c0cb65; f79cbbc
Psalm,4,Ps 4:3,14,added; bridge_basis_changed; other; provenance_added; removed_marked_historical,2622ee2; 350a0bd; 440001d; 6a15663; 6c0cb65; efbf63c; f79cbbc
Psalm,4,"Ps 4:3,4:6,4:7",10,added; other; provenance_added; removed_marked_historical,2622ee2; 440001d; 6a15663; 6c0cb65; f79cbbc
Psalm,4,Ps 4:6,14,added; bridge_basis_changed; other; provenance_added; removed_marked_historical,2622ee2; 350a0bd; 440001d; 6a15663; 6c0cb65; efbf63c; f79cbbc
Psalm,4,Ps 4:6-8,14,added; bridge_basis_changed; other; provenance_added; removed_marked_historical,2622ee2; 350a0bd; 440001d; 6a15663; 6c0cb65; efbf63c; f79cbbc
Psalm,4,Ps 4:7,14,added; bridge_basis_changed; other; provenance_added; removed_marked_historical,2622ee2; 350a0bd; 440001d; 6a15663; 6c0cb65; efbf63c; f79cbbc
Psalm,4,Ps 4:7-8,13,added; bridge_basis_changed; other; provenance_added; removed_marked_historical,2622ee2; 350a0bd; 440001d; 6a15663; 6c0cb65; efbf63c; f79cbbc
Psalm,5,Ps 5,10,added; other; provenance_added; removed_marked_historical,2622ee2; 440001d; 6a15663; 6c0cb65; f79cbbc
Psalm,5,Ps 5:1,10,added; other; provenance_added; removed_marked_historical,2622ee2; 440001d; 6a15663; 6c0cb65; f79cbbc
Psalm,5,Ps 5:1-2,10,added; other; provenance_added; removed_marked_historical,2622ee2; 440001d; 6a15663; 6c0cb65; f79cbbc
Psalm,5,Ps 5:11,13,added; other; provenance_added; removed_marked_historical,2622ee2; 350a0bd; 440001d; 6a15663; 6c0cb65; efbf63c; f79cbbc
Psalm,5,Ps 5:11-12,14,added; bridge_basis_changed; other; provenance_added; removed_marked_historical,2622ee2; 350a0bd; 440001d; 6a15663; 6c0cb65; efbf63c; f79cbbc
Psalm,5,Ps 5:12,10,added; other; provenance_added; removed_marked_historical,2622ee2; 440001d; 6a15663; 6c0cb65; f79cbbc
Psalm,5,Ps 5:2,10,added; other; provenance_added; removed_marked_historical,2622ee2; 440001d; 6a15663; 6c0cb65; f79cbbc
Psalm,5,Ps 5:3,10,added; other; provenance_added; removed_marked_historical,2622ee2; 440001d; 6a15663; 6c0cb65; f79cbbc
Psalm,5,Ps 5:3-4,10,added; other; provenance_added; removed_marked_historical,2622ee2; 440001d; 6a15663; 6c0cb65; f79cbbc
Psalm,5,Ps 5:4,10,added; other; provenance_added; removed_marked_historical,2622ee2; 440001d; 6a15663; 6c0cb65; f79cbbc
Psalm,5,"Ps 5:6,5:11",10,added; other; provenance_added; removed_marked_historical,2622ee2; 440001d; 6a15663; 6c0cb65; f79cbbc
Psalm,5,Ps 5:7,13,added; other; provenance_added; removed_marked_historical,2622ee2; 350a0bd; 440001d; 6a15663; 6c0cb65; efbf63c; f79cbbc
Psalm,6,Ps 6,10,added; other; provenance_added; removed_marked_historical,2622ee2; 440001d; 6a15663; 6c0cb65; f79cbbc
Psalm,6,Ps 6:1,13,added; other; provenance_added; removed_marked_historical,2622ee2; 350a0bd; 440001d; 6a15663; 6c0cb65; efbf63c; f79cbbc
Psalm,6,Ps 6:1-2,4,added; other,6a15663; 6c0cb65
Psalm,6,Ps 6:1-2 (LXX Ps 6:2-3),16,added; other; provenance_added; removed_marked_historical,04cc512; 2622ee2; 440001d; 6a15663; 6c0cb65; f79cbbc
Psalm,6,Ps 6:2,10,added; other; provenance_added; removed_marked_historical,2622ee2; 440001d; 6a15663; 6c0cb65; f79cbbc
Psalm,6,"Ps 6:2,6:3,69:17",19,added; other; provenance_added; removed_marked_historical,04cc512; 2622ee2; 440001d; 6a15663; 6c0cb65; f79cbbc
Psalm,6,"Ps 6:2,6:3,69:17 (LXX Ps 6:2,6:3,69:17",19,added; other; provenance_added; removed_marked_historical,04cc512; 2622ee2; 440001d; 6a15663; 6c0cb65; f79cbbc
Psalm,6,Ps 6:2-3,17,added; other; provenance_added; removed_marked_historical,04cc512; 2622ee2; 440001d; 6a15663; f79cbbc
Psalm,6,Ps 6:2-3 (LXX Ps 6:1-2),4,added; other,6a15663; 6c0cb65
Psalm,7,Ps 7:1,10,added; other; provenance_added; removed_marked_historical,2622ee2; 440001d; 6a15663; 6c0cb65; f79cbbc
Psalm,7,Ps 7:1-2,19,added; other; provenance_added; removed_marked_historical,04cc512; 2622ee2; 440001d; 6a15663; 6c0cb65; f79cbbc
Psalm,7,Ps 7:10,10,added; other; provenance_added; removed_marked_historical,2622ee2; 440001d; 6a15663; 6c0cb65; f79cbbc
Psalm,7,"Ps 7:10,7:11",10,added; other; provenance_added; removed_marked_historical,2622ee2; 440001d; 6a15663; 6c0cb65; f79cbbc
Psalm,7,Ps 7:10-11,13,added; bridge_basis_changed; other; provenance_added; removed_marked_historical,2622ee2; 350a0bd; 440001d; 6a15663; 6c0cb65; efbf63c; f79cbbc
Psalm,7,Ps 7:11,10,added; other; provenance_added; removed_marked_historical,2622ee2; 440001d; 6a15663; 6c0cb65; f79cbbc
Psalm,7,Ps 7:17,10,added; other; provenance_added; removed_marked_historical,2622ee2; 440001d; 6a15663; 6c0cb65; f79cbbc
Psalm,7,Ps 7:6,10,added; other; provenance_added; removed_marked_historical,2622ee2; 440001d; 6a15663; 6c0cb65; f79cbbc
Psalm,7,Ps 7:6-8,10,added; other; provenance_added; removed_marked_historical,2622ee2; 440001d; 6a15663; 6c0cb65; f79cbbc
Psalm,7,Ps 7:8,10,added; other; provenance_added; removed_marked_historical,2622ee2; 440001d; 6a15663; 6c0cb65; f79cbbc
Psalm,8,Ps 8,10,added; other; provenance_added; removed_marked_historical,2622ee2; 440001d; 6a15663; 6c0cb65; f79cbbc
Psalm,8,Ps 8:1,13,added; bridge_basis_changed; other; provenance_added; removed_marked_historical,2622ee2; 350a0bd; 440001d; 6a15663; 6c0cb65; efbf63c; f79cbbc
Psalm,8,"Ps 8:2,8:1",19,added; other; provenance_added; removed_marked_historical,04cc512; 2622ee2; 440001d; 6a15663; 6c0cb65; f79cbbc
Psalm,8,"Ps 8:2,8:3",19,added; other; provenance_added; removed_marked_historical,04cc512; 2622ee2; 440001d; 6a15663; 6c0cb65; f79cbbc
Psalm,8,Ps 8:2-3,14,added; bridge_basis_changed; other; provenance_added; removed_marked_historical,2622ee2; 350a0bd; 440001d; 6a15663; 6c0cb65; efbf63c; f79cbbc
Psalm,8,Ps 8:4,13,added; bridge_basis_changed; other; provenance_added; removed_marked_historical,2622ee2; 350a0bd; 440001d; 6a15663; 6c0cb65; efbf63c; f79cbbc
Psalm,8,Ps 8:4-5,10,added; other; provenance_added; removed_marked_historical,2622ee2; 440001d; 6a15663; 6c0cb65; f79cbbc
Psalm,8,Ps 8:5,10,added; other; provenance_added; removed_marked_historical,2622ee2; 440001d; 6a15663; 6c0cb65; f79cbbc
Psalm,9,Ps 9:1,10,added; other; provenance_added; removed_marked_historical,2622ee2; 440001d; 6a15663; 6c0cb65; f79cbbc
Psalm,9,Ps 9:1-2,13,added; other; provenance_added; removed_marked_historical,2622ee2; 350a0bd; 440001d; 6a15663; 6c0cb65; efbf63c; f79cbbc
Psalm,9,Ps 9:10,13,added; other; provenance_added; removed_marked_historical,2622ee2; 350a0bd; 440001d; 6a15663; 6c0cb65; efbf63c; f79cbbc
Psalm,9,Ps 9:10-11,13,added; other; provenance_added; removed_marked_historical,2622ee2; 350a0bd; 440001d; 6a15663; 6c0cb65; efbf63c; f79cbbc
Psalm,9,Ps 9:11,14,added; bridge_basis_changed; other; provenance_added; removed_marked_historical,2622ee2; 350a0bd; 440001d; 6a15663; 6c0cb65; efbf63c; f79cbbc
Psalm,9,"Ps 9:11,9:14",10,added; other; provenance_added; removed_marked_historical,2622ee2; 440001d; 6a15663; 6c0cb65; f79cbbc
Psalm,9,Ps 9:11-12,10,added; other; provenance_added; removed_marked_historical,2622ee2; 440001d; 6a15663; 6c0cb65; f79cbbc
Psalm,9,Ps 9:12,10,added; other; provenance_added; removed_marked_historical,2622ee2; 440001d; 6a15663; 6c0cb65; f79cbbc
Psalm,9,Ps 9:13,10,added; other; provenance_added; removed_marked_historical,2622ee2; 440001d; 6a15663; 6c0cb65; f79cbbc
Psalm,9,Ps 9:13-14,10,added; other; provenance_added; removed_marked_historical,2622ee2; 440001d; 6a15663; 6c0cb65; f79cbbc
Psalm,9,Ps 9:14,14,added; bridge_basis_changed; other; provenance_added; removed_marked_historical,2622ee2; 350a0bd; 440001d; 6a15663; 6c0cb65; efbf63c; f79cbbc
Psalm,9,Ps 9:19,10,added; other; provenance_added; removed_marked_historical,2622ee2; 440001d; 6a15663; 6c0cb65; f79cbbc
Psalm,9,Ps 9:2,10,added; other; provenance_added; removed_marked_historical,2622ee2; 440001d; 6a15663; 6c0cb65; f79cbbc
Psalm,9,Ps 9:6-7,10,added; other; provenance_added; removed_marked_historical,2622ee2; 440001d; 6a15663; 6c0cb65; f79cbbc
Psalm,9,Ps 9:7-8,10,added; other; provenance_added; removed_marked_historical,2622ee2; 440001d; 6a15663; 6c0cb65; f79cbbc
Psalm,11,Ps 11:5),10,added; other; provenance_added; removed_marked_historical,2622ee2; 440001d; 6a15663; 6c0cb65; f79cbbc
Psalm,12,Ps 12 (LXX Ps 11),10,added; other; provenance_added; removed_marked_historical,2622ee2; 440001d; 6a15663; 6c0cb65; f79cbbc
Psalm,12,Ps 12:3-4 (LXX Ps 11:3-4),19,added; other; provenance_added; removed_marked_historical,04cc512; 2622ee2; 440001d; 6a15663; 6c0cb65; f79cbbc
Psalm,12,Ps 12:4 (LXX Ps 11:4),10,added; other; provenance_added; removed_marked_historical,2622ee2; 440001d; 6a15663; 6c0cb65; f79cbbc
Psalm,12,"Ps 12:4,12:5 (LXX Ps 11:4",10,added; other; provenance_added; removed_marked_historical,2622ee2; 440001d; 6a15663; 6c0cb65; f79cbbc
Psalm,12,Ps 12:5 (LXX Ps 11:5),10,added; other; provenance_added; removed_marked_historical,2622ee2; 440001d; 6a15663; 6c0cb65; f79cbbc
Psalm,12,Ps 12:5),19,added; other; provenance_added; removed_marked_historical,04cc512; 2622ee2; 440001d; 6a15663; 6c0cb65; f79cbbc
Psalm,12,Ps 12:6 (LXX Ps 11:6),10,added; other; provenance_added; removed_marked_historical,2622ee2; 440001d; 6a15663; 6c0cb65; f79cbbc
Psalm,12,Ps 12:6),10,added; other; provenance_added; removed_marked_historical,2622ee2; 440001d; 6a15663; 6c0cb65; f79cbbc
Psalm,12,Ps 12:7 (LXX Ps 11:7),10,added; other; provenance_added; removed_marked_historical,2622ee2; 440001d; 6a15663; 6c0cb65; f79cbbc
Psalm,13,Ps 13 (LXX Ps 12),10,added; other; provenance_added; removed_marked_historical,2622ee2; 440001d; 6a15663; 6c0cb65; f79cbbc
Psalm,13,Ps 13:1 (LXX Ps 12:1),13,added; other; provenance_added; removed_marked_historical,2622ee2; 350a0bd; 440001d; 6a15663; 6c0cb65; efbf63c; f79cbbc
Psalm,13,"Ps 13:1,13:6 (LXX Ps 12:1",10,added; other; provenance_added; removed_marked_historical,2622ee2; 440001d; 6a15663; 6c0cb65; f79cbbc
Psalm,13,Ps 13:3 (LXX Ps 12:3),13,added; other; provenance_added; removed_marked_historical,2622ee2; 350a0bd; 440001d; 6a15663; 6c0cb65; efbf63c; f79cbbc
Psalm,13,"Ps 13:3,13:5 (LXX Ps 12:3",19,added; other; provenance_added; removed_marked_historical,04cc512; 2622ee2; 440001d; 6a15663; 6c0cb65; f79cbbc
Psalm,13,Ps 13:3-4 (LXX Ps 12:3-4),19,added; other; provenance_added; removed_marked_historical,04cc512; 2622ee2; 440001d; 6a15663; 6c0cb65; f79cbbc
Psalm,13,Ps 13:5 (LXX Ps 12:5),13,added; bridge_basis_changed; other; provenance_added; removed_marked_historical,2622ee2; 350a0bd; 440001d; 6a15663; 6c0cb65; efbf63c; f79cbbc
Psalm,13,Ps 13:5-6 (LXX Ps 12:5-6),10,added; other; provenance_added; removed_marked_historical,2622ee2; 440001d; 6a15663; 6c0cb65; f79cbbc
Psalm,13,Ps 13:6 (LXX Ps 12:6),13,added; bridge_basis_changed; other; provenance_added; removed_marked_historical,2622ee2; 350a0bd; 440001d; 6a15663; 6c0cb65; efbf63c; f79cbbc
Psalm,14,Ps 14:1-3 (LXX Ps 13:1-3),10,added; other; provenance_added; removed_marked_historical,2622ee2; 440001d; 6a15663; 6c0cb65; f79cbbc
Psalm,15,Ps 15 (LXX Ps 14),10,added; other; provenance_added; removed_marked_historical,2622ee2; 440001d; 6a15663; 6c0cb65; f79cbbc
Psalm,15,Ps 15:1-2 (LXX Ps 14:1-2),14,added; bridge_basis_changed; other; provenance_added; removed_marked_historical,2622ee2; 350a0bd; 440001d; 6a15663; 6c0cb65; efbf63c; f79cbbc
Psalm,15,Ps 15:4 (LXX Ps 14:4),10,added; other; provenance_added; removed_marked_historical,2622ee2; 440001d; 6a15663; 6c0cb65; f79cbbc
Psalm,16,Ps 16 (LXX Ps 15),10,added; other; provenance_added; removed_marked_historical,2622ee2; 440001d; 6a15663; 6c0cb65; f79cbbc
Psalm,16,Ps 16:1 (LXX Ps 15:1),10,added; other; provenance_added; removed_marked_historical,2622ee2; 440001d; 6a15663; 6c0cb65; f79cbbc
Psalm,16,Ps 16:1-2 (LXX Ps 15:1-2),10,added; other; provenance_added; removed_marked_historical,2622ee2; 440001d; 6a15663; 6c0cb65; f79cbbc
Psalm,16,Ps 16:10-11 (LXX Ps 15:10-11),14,added; bridge_basis_changed; other; provenance_added; removed_marked_historical,2622ee2; 350a0bd; 440001d; 6a15663; 6c0cb65; efbf63c; f79cbbc
Psalm,16,Ps 16:2 (LXX Ps 15:2),10,added; other; provenance_added; removed_marked_historical,2622ee2; 440001d; 6a15663; 6c0cb65; f79cbbc
Psalm,16,Ps 16:2),10,added; other; provenance_added; removed_marked_historical,2622ee2; 440001d; 6a15663; 6c0cb65; f79cbbc
Psalm,16,Ps 16:7-8 (LXX Ps 15:7-8),13,added; bridge_basis_changed; other; provenance_added; removed_marked_historical,2622ee2; 350a0bd; 440001d; 6a15663; 6c0cb65; efbf63c; f79cbbc
Psalm,16,Ps 16:9 (LXX Ps 15:9),10,added; other; provenance_added; removed_marked_historical,2622ee2; 440001d; 6a15663; 6c0cb65; f79cbbc
Psalm,17,Ps 17:1 (LXX Ps 16:1),10,added; other; provenance_added; removed_marked_historical,2622ee2; 440001d; 6a15663; 6c0cb65; f79cbbc
Psalm,17,"Ps 17:1,17:2 (LXX Ps 16:1",10,added; other; provenance_added; removed_marked_historical,2622ee2; 440001d; 6a15663; 6c0cb65; f79cbbc
Psalm,17,Ps 17:1-2 (LXX Ps 16:1-2),10,added; other; provenance_added; removed_marked_historical,2622ee2; 440001d; 6a15663; 6c0cb65; f79cbbc
Psalm,17,Ps 17:15 (LXX Ps 16:15),13,added; other; provenance_added; removed_marked_historical,2622ee2; 350a0bd; 440001d; 6a15663; 6c0cb65; efbf63c; f79cbbc
Psalm,17,Ps 17:17),19,added; other; provenance_added; removed_marked_historical,04cc512; 2622ee2; 440001d; 6a15663; 6c0cb65; f79cbbc
Psalm,17,Ps 17:3 (LXX Ps 16:3),13,added; other; provenance_added; removed_marked_historical,2622ee2; 350a0bd; 440001d; 6a15663; 6c0cb65; efbf63c; f79cbbc
Psalm,17,Ps 17:39),10,added; other; provenance_added; removed_marked_historical,2622ee2; 440001d; 6a15663; 6c0cb65; f79cbbc
Psalm,17,Ps 17:5 (LXX Ps 16:5),10,added; other; provenance_added; removed_marked_historical,2622ee2; 440001d; 6a15663; 6c0cb65; f79cbbc
Psalm,17,Ps 17:6 (LXX Ps 16:6),10,added; other; provenance_added; removed_marked_historical,2622ee2; 440001d; 6a15663; 6c0cb65; f79cbbc
Psalm,18,Ps 18:1-2 (LXX Ps 17:1-2),10,added; other; provenance_added; removed_marked_historical,2622ee2; 440001d; 6a15663; 6c0cb65; f79cbbc
Psalm,18,Ps 18:15 (LXX Ps 17:15),13,added; other; provenance_added; removed_marked_historical,2622ee2; 350a0bd; 440001d; 6a15663; 6c0cb65; efbf63c; f79cbbc
Psalm,18,Ps 18:17-18 (LXX Ps 17:17-18),19,added; other; provenance_added; removed_marked_historical,04cc512; 2622ee2; 440001d; 6a15663; 6c0cb65; f79cbbc
Psalm,18,Ps 18:34 (LXX Ps 17:34),14,added; bridge_basis_changed; other; provenance_added; removed_marked_historical,2622ee2; 350a0bd; 440001d; 6a15663; 6c0cb65; efbf63c; f79cbbc
Psalm,18,"Ps 18:34,18:39 (LXX Ps 17:34",10,added; other; provenance_added; removed_marked_historical,2622ee2; 440001d; 6a15663; 6c0cb65; f79cbbc
Psalm,18,Ps 18:37 (LXX Ps 17:37),10,added; other; provenance_added; removed_marked_historical,2622ee2; 440001d; 6a15663; 6c0cb65; f79cbbc
Psalm,18,Ps 18:39 (LXX Ps 17:39),14,added; bridge_basis_changed; other; provenance_added; removed_marked_historical,2622ee2; 350a0bd; 440001d; 6a15663; 6c0cb65; efbf63c; f79cbbc
Psalm,18,Ps 18:4),20,added; other; provenance_added; removed_marked_historical,2622ee2; 440001d; 6a15663; 6c0cb65; f79cbbc
Psalm,18,Ps 18:40 (LXX Ps 17:40),10,added; other; provenance_added; removed_marked_historical,2622ee2; 440001d; 6a15663; 6c0cb65; f79cbbc
Psalm,18,Ps 18:46 (LXX Ps 17:46),13,added; other; provenance_added; removed_marked_historical,2622ee2; 350a0bd; 440001d; 6a15663; 6c0cb65; efbf63c; f79cbbc
Psalm,18,Ps 18:46-47 (LXX Ps 17:46-47),10,added; other; provenance_added; removed_marked_historical,2622ee2; 440001d; 6a15663; 6c0cb65; f79cbbc
Psalm,18,"Ps 18:48,18:17 (LXX Ps 17:48",19,added; other; provenance_added; removed_marked_historical,04cc512; 2622ee2; 440001d; 6a15663; 6c0cb65; f79cbbc
Psalm,18,Ps 18:49 (LXX Ps 17:49),13,added; other; provenance_added; removed_marked_historical,2622ee2; 350a0bd; 440001d; 6a15663; 6c0cb65; efbf63c; f79cbbc
Psalm,18,Ps 18:49-50 (LXX Ps 17:49-50),10,added; other; provenance_added; removed_marked_historical,2622ee2; 440001d; 6a15663; 6c0cb65; f79cbbc
Psalm,18,Ps 18:6 (LXX Ps 17:6),13,added; other; provenance_added; removed_marked_historical,2622ee2; 350a0bd; 440001d; 6a15663; 6c0cb65; efbf63c; f79cbbc
Psalm,19,Ps 19 (LXX Ps 18),10,added; other; provenance_added; removed_marked_historical,2622ee2; 440001d; 6a15663; 6c0cb65; f79cbbc
Psalm,19,Ps 19:1 (LXX Ps 18:1),14,added; bridge_basis_changed; other; provenance_added; removed_marked_historical,2622ee2; 350a0bd; 440001d; 6a15663; 6c0cb65; efbf63c; f79cbbc
Psalm,19,"Ps 19:1,19:4 (LXX Ps 18:1",10,added; other; provenance_added; removed_marked_historical,2622ee2; 440001d; 6a15663; 6c0cb65; f79cbbc
Psalm,19,Ps 19:1-2 (LXX Ps 18:1-2),10,added; other; provenance_added; removed_marked_historical,2622ee2; 440001d; 6a15663; 6c0cb65; f79cbbc
Psalm,19,Ps 19:2 (LXX Ps 18:2),10,added; other; provenance_added; removed_marked_historical,2622ee2; 440001d; 6a15663; 6c0cb65; f79cbbc
Psalm,19,"Ps 19:2,19:4 (LXX Ps 18:2",10,added; other; provenance_added; removed_marked_historical,2622ee2; 440001d; 6a15663; 6c0cb65; f79cbbc
Psalm,19,Ps 19:3-4 (LXX Ps 18:3-4),13,added; bridge_basis_changed; other; provenance_added; removed_marked_historical,2622ee2; 350a0bd; 440001d; 6a15663; 6c0cb65; efbf63c; f79cbbc
Psalm,19,Ps 19:4 (LXX Ps 18:4),14,added; bridge_basis_changed; other; provenance_added; removed_marked_historical,2622ee2; 350a0bd; 440001d; 6a15663; 6c0cb65; efbf63c; f79cbbc
Psalm,19,Ps 19:5 (LXX Ps 18:5),10,added; other; provenance_added; removed_marked_historical,2622ee2; 440001d; 6a15663; 6c0cb65; f79cbbc
Psalm,19,Ps 19:7 (LXX Ps 18:7),10,added; other; provenance_added; removed_marked_historical,2622ee2; 440001d; 6a15663; 6c0cb65; f79cbbc
Psalm,19,Ps 19:8 (LXX Ps 18:8),10,added; other; provenance_added; removed_marked_historical,2622ee2; 440001d; 6a15663; 6c0cb65; f79cbbc
Psalm,19,Ps 19:9),10,added; other; provenance_added; removed_marked_historical,2622ee2; 440001d; 6a15663; 6c0cb65; f79cbbc
Psalm,20,Ps 20 (LXX Ps 19),10,added; other; provenance_added; removed_marked_historical,2622ee2; 440001d; 6a15663; 6c0cb65; f79cbbc
Psalm,20,Ps 20:16,19,added; other; provenance_added; removed_marked_historical,04cc512; 2622ee2; 440001d; 6a15663; 6c0cb65; f79cbbc
Psalm,20,Ps 20:17,19,added; other; provenance_added; removed_marked_historical,04cc512; 2622ee2; 440001d; 6a15663; 6c0cb65; f79cbbc
Psalm,20,Ps 20:5 (LXX Ps 19:5),10,added; other; provenance_added; removed_marked_historical,2622ee2; 440001d; 6a15663; 6c0cb65; f79cbbc
Psalm,20,Ps 20:5-6 (LXX Ps 19:5-6),10,added; other; provenance_added; removed_marked_historical,2622ee2; 440001d; 6a15663; 6c0cb65; f79cbbc
Psalm,20,Ps 20:6 (LXX Ps 19:6),10,added; other; provenance_added; removed_marked_historical,2622ee2; 440001d; 6a15663; 6c0cb65; f79cbbc
Psalm,20,"Ps 20:6,20:9 (LXX Ps 19:6",10,added; other; provenance_added; removed_marked_historical,2622ee2; 440001d; 6a15663; 6c0cb65; f79cbbc
Psalm,20,Ps 20:6-9 (LXX Ps 19:6-9),13,added; other; provenance_added; removed_marked_historical,2622ee2; 350a0bd; 440001d; 6a15663; 6c0cb65; efbf63c; f79cbbc
Psalm,20,Ps 20:8,19,added; other; provenance_added; removed_marked_historical,04cc512; 2622ee2; 440001d; 6a15663; 6c0cb65; f79cbbc
Psalm,20,Ps 20:9),19,added; other; provenance_added; removed_marked_historical,04cc512; 2622ee2; 440001d; 6a15663; 6c0cb65; f79cbbc
Psalm,21,Ps 21:1-2 (LXX Ps 20:1-2),13,added; bridge_basis_changed; other; provenance_added; removed_marked_historical,2622ee2; 350a0bd; 440001d; 6a15663; 6c0cb65; efbf63c; f79cbbc
Psalm,21,Ps 21:18,19,added; other; provenance_added; removed_marked_historical,04cc512; 2622ee2; 440001d; 6a15663; 6c0cb65; f79cbbc
Psalm,21,Ps 21:19,19,added; other; provenance_added; removed_marked_historical,04cc512; 2622ee2; 440001d; 6a15663; 6c0cb65; f79cbbc
Psalm,21,Ps 21:3 (LXX Ps 20:3),14,added; bridge_basis_changed; other; provenance_added; removed_marked_historical,2622ee2; 350a0bd; 440001d; 6a15663; 6c0cb65; efbf63c; f79cbbc
Psalm,21,Ps 21:5 (LXX Ps 20:5),14,added; bridge_basis_changed; other; provenance_added; removed_marked_historical,2622ee2; 350a0bd; 440001d; 6a15663; 6c0cb65; efbf63c; f79cbbc
Psalm,21,Ps 21:8,19,added; other; provenance_added; removed_marked_historical,04cc512; 2622ee2; 440001d; 6a15663; 6c0cb65; f79cbbc
Psalm,21,Ps 21:9),19,added; other; provenance_added; removed_marked_historical,04cc512; 2622ee2; 440001d; 6a15663; 6c0cb65; f79cbbc
Psalm,22,Ps 22:1 (LXX Ps 21:1),10,added; other; provenance_added; removed_marked_historical,2622ee2; 440001d; 6a15663; 6c0cb65; f79cbbc
Psalm,22,Ps 22:16 (LXX Ps 21:16),19,added; other; provenance_added; removed_marked_historical,04cc512; 2622ee2; 440001d; 6a15663; 6c0cb65; f79cbbc
Psalm,22,"Ps 22:17,22:18,22:19,22:8,22:9 (LXX Ps 21:17",19,added; other; provenance_added; removed_marked_historical,04cc512; 2622ee2; 440001d; 6a15663; 6c0cb65; f79cbbc
Psalm,22,Ps 22:2 (LXX Ps 21:2),10,added; other; provenance_added; removed_marked_historical,2622ee2; 440001d; 6a15663; 6c0cb65; f79cbbc
Psalm,22,Ps 22:2),19,added; other; provenance_added; removed_marked_historical,04cc512; 2622ee2; 440001d; 6a15663; 6c0cb65; f79cbbc
Psalm,22,Ps 22:20-21 (LXX Ps 21:20-21),19,added; other; provenance_added; removed_marked_historical,04cc512; 2622ee2; 440001d; 6a15663; 6c0cb65; f79cbbc
Psalm,22,Ps 22:22-23 (LXX Ps 21:22-23),23,added; bridge_basis_changed; other; provenance_added; removed_marked_historical,04cc512; 2622ee2; 350a0bd; 440001d; 6a15663; 6c0cb65; efbf63c; f79cbbc
Psalm,22,Ps 22:26 (LXX Ps 21:26),10,added; other; provenance_added; removed_marked_historical,2622ee2; 440001d; 6a15663; 6c0cb65; f79cbbc
Psalm,22,Ps 22:3 (LXX Ps 21:3),10,added; other; provenance_added; removed_marked_historical,2622ee2; 440001d; 6a15663; 6c0cb65; f79cbbc
Psalm,22,Ps 22:4),19,added; other; provenance_added; removed_marked_historical,04cc512; 2622ee2; 440001d; 6a15663; 6c0cb65; f79cbbc
Psalm,23,Ps 23 (LXX Ps 22),10,added; other; provenance_added; removed_marked_historical,2622ee2; 440001d; 6a15663; 6c0cb65; f79cbbc
Psalm,23,Ps 23:1 (LXX Ps 22:1),10,added; other; provenance_added; removed_marked_historical,2622ee2; 440001d; 6a15663; 6c0cb65; f79cbbc
Psalm,23,"Ps 23:1,23:2 (LXX Ps 22:1",19,added; other; provenance_added; removed_marked_historical,04cc512; 2622ee2; 440001d; 6a15663; 6c0cb65; f79cbbc
Psalm,23,Ps 23:1-2 (LXX Ps 22:1-2),10,added; other; provenance_added; removed_marked_historical,2622ee2; 440001d; 6a15663; 6c0cb65; f79cbbc
Psalm,23,Ps 23:1-3 (LXX Ps 22:1-3),10,added; other; provenance_added; removed_marked_historical,2622ee2; 440001d; 6a15663; 6c0cb65; f79cbbc
Psalm,23,Ps 23:3 (LXX Ps 22:3),10,added; other; provenance_added; removed_marked_historical,2622ee2; 440001d; 6a15663; 6c0cb65; f79cbbc
Psalm,23,Ps 23:4 (LXX Ps 22:4),19,added; other; provenance_added; removed_marked_historical,04cc512; 2622ee2; 440001d; 6a15663; 6c0cb65; f79cbbc
Psalm,23,Ps 23:5 (LXX Ps 22:5),10,added; other; provenance_added; removed_marked_historical,2622ee2; 440001d; 6a15663; 6c0cb65; f79cbbc
Psalm,23,"Ps 23:5,41:9 (LXX Ps 22:5",19,added; other; provenance_added; removed_marked_historical,04cc512; 2622ee2; 440001d; 6a15663; 6c0cb65; f79cbbc
Psalm,23,Ps 23:5-6 (LXX Ps 22:5-6),10,added; other; provenance_added; removed_marked_historical,2622ee2; 440001d; 6a15663; 6c0cb65; f79cbbc
Psalm,24,Ps 24 (LXX Ps 23),10,added; other; provenance_added; removed_marked_historical,2622ee2; 440001d; 6a15663; 6c0cb65; f79cbbc
Psalm,24,Ps 24:1 (LXX Ps 23:1),10,added; other; provenance_added; removed_marked_historical,2622ee2; 440001d; 6a15663; 6c0cb65; f79cbbc
Psalm,24,Ps 24:1-2 (LXX Ps 23:1-2),13,added; other; provenance_added; removed_marked_historical,2622ee2; 350a0bd; 440001d; 6a15663; 6c0cb65; efbf63c; f79cbbc
Psalm,24,Ps 24:10 (LXX Ps 23:10),10,added; other; provenance_added; removed_marked_historical,2622ee2; 440001d; 6a15663; 6c0cb65; f79cbbc
Psalm,24,Ps 24:16 (LXX Ps 23:16),10,added; other; provenance_added; removed_marked_historical,2622ee2; 440001d; 6a15663; 6c0cb65; f79cbbc
Psalm,24,Ps 24:2 (LXX Ps 23:2),10,added; other; provenance_added; removed_marked_historical,2622ee2; 440001d; 6a15663; 6c0cb65; f79cbbc
Psalm,24,Ps 24:20 (LXX Ps 23:20),10,added; other; provenance_added; removed_marked_historical,2622ee2; 440001d; 6a15663; 6c0cb65; f79cbbc
Psalm,24,Ps 24:3-4 (LXX Ps 23:3-4),14,added; bridge_basis_changed; other; provenance_added; removed_marked_historical,2622ee2; 350a0bd; 440001d; 6a15663; 6c0cb65; efbf63c; f79cbbc
Psalm,24,Ps 24:4 (LXX Ps 23:4),10,added; other; provenance_added; removed_marked_historical,2622ee2; 440001d; 6a15663; 6c0cb65; f79cbbc
Psalm,24,Ps 24:7-8 (LXX Ps 23:7-8),10,added; other; provenance_added; removed_marked_historical,2622ee2; 440001d; 6a15663; 6c0cb65; f79cbbc
Psalm,24,Ps 24:9 (LXX Ps 23:9),10,added; other; provenance_added; removed_marked_historical,2622ee2; 440001d; 6a15663; 6c0cb65; f79cbbc
Psalm,25,Ps 25 (LXX Ps 24),10,added; other; provenance_added; removed_marked_historical,2622ee2; 440001d; 6a15663; 6c0cb65; f79cbbc
Psalm,25,Ps 25:1 (LXX Ps 24:1),10,added; other; provenance_added; removed_marked_historical,2622ee2; 440001d; 6a15663; 6c0cb65; f79cbbc
Psalm,25,Ps 25:1-3 (LXX Ps 24:1-3),19,added; other; provenance_added; removed_marked_historical,04cc512; 2622ee2; 440001d; 6a15663; 6c0cb65; f79cbbc
Psalm,25,Ps 25:11 (LXX Ps 24:11),10,added; other; provenance_added; removed_marked_historical,2622ee2; 440001d; 6a15663; 6c0cb65; f79cbbc
Psalm,25,Ps 25:16 (LXX Ps 24:16),10,added; other; provenance_added; removed_marked_historical,2622ee2; 440001d; 6a15663; 6c0cb65; f79cbbc
Psalm,25,Ps 25:16-17 (LXX Ps 24:16-17),10,added; other; provenance_added; removed_marked_historical,2622ee2; 440001d; 6a15663; 6c0cb65; f79cbbc
Psalm,25,Ps 25:18 (LXX Ps 24:18),10,added; other; provenance_added; removed_marked_historical,2622ee2; 440001d; 6a15663; 6c0cb65; f79cbbc
Psalm,25,Ps 25:2 (LXX Ps 24:2),10,added; other; provenance_added; removed_marked_historical,2622ee2; 440001d; 6a15663; 6c0cb65; f79cbbc
Psalm,25,Ps 25:20 (LXX Ps 24:20),10,added; other; provenance_added; removed_marked_historical,2622ee2; 440001d; 6a15663; 6c0cb65; f79cbbc
Psalm,25,Ps 25:4 (LXX Ps 24:4),10,added; other; provenance_added; removed_marked_historical,2622ee2; 440001d; 6a15663; 6c0cb65; f79cbbc
Psalm,25,Ps 25:6-7 (LXX Ps 24:6-7),10,added; other; provenance_added; removed_marked_historical,2622ee2; 440001d; 6a15663; 6c0cb65; f79cbbc
Psalm,25,Ps 25:7 (LXX Ps 24:7),10,added; other; provenance_added; removed_marked_historical,2622ee2; 440001d; 6a15663; 6c0cb65; f79cbbc
Psalm,25,Ps 25:8 (LXX Ps 24:8),10,added; other; provenance_added; removed_marked_historical,2622ee2; 440001d; 6a15663; 6c0cb65; f79cbbc
Psalm,26,Ps 26 (LXX Ps 25),10,added; other; provenance_added; removed_marked_historical,2622ee2; 440001d; 6a15663; 6c0cb65; f79cbbc
Psalm,26,Ps 26:2 (LXX Ps 25:2),10,added; other; provenance_added; removed_marked_historical,2622ee2; 440001d; 6a15663; 6c0cb65; f79cbbc
Psalm,26,Ps 26:2-3 (LXX Ps 25:2-3),10,added; other; provenance_added; removed_marked_historical,2622ee2; 440001d; 6a15663; 6c0cb65; f79cbbc
Psalm,26,Ps 26:3 (LXX Ps 25:3),10,added; other; provenance_added; removed_marked_historical,2622ee2; 440001d; 6a15663; 6c0cb65; f79cbbc
Psalm,26,Ps 26:4 (LXX Ps 25:4),10,added; other; provenance_added; removed_marked_historical,2622ee2; 440001d; 6a15663; 6c0cb65; f79cbbc
Psalm,26,Ps 26:4),19,added; other; provenance_added; removed_marked_historical,04cc512; 2622ee2; 440001d; 6a15663; 6c0cb65; f79cbbc
Psalm,26,Ps 26:7 (LXX Ps 25:7),14,added; bridge_basis_changed; other; provenance_added; removed_marked_historical,2622ee2; 350a0bd; 440001d; 6a15663; 6c0cb65; efbf63c; f79cbbc
Psalm,26,Ps 26:7),19,added; other; provenance_added; removed_marked_historical,04cc512; 2622ee2; 440001d; 6a15663; 6c0cb65; f79cbbc
Psalm,26,Ps 26:8 (LXX Ps 25:8),14,added; bridge_basis_changed; other; provenance_added; removed_marked_historical,2622ee2; 350a0bd; 440001d; 6a15663; 6c0cb65; efbf63c; f79cbbc
Psalm,26,Ps 26:8),10,added; other; provenance_added; removed_marked_historical,2622ee2; 440001d; 6a15663; 6c0cb65; f79cbbc
Psalm,27,Ps 27 (LXX Ps 26),10,added; other; provenance_added; removed_marked_historical,2622ee2; 440001d; 6a15663; 6c0cb65; f79cbbc
Psalm,27,Ps 27:10 (LXX Ps 26:10),10,added; other; provenance_added; removed_marked_historical,2622ee2; 440001d; 6a15663; 6c0cb65; f79cbbc
Psalm,27,Ps 27:12 (LXX Ps 26:12),19,added; other; provenance_added; removed_marked_historical,04cc512; 2622ee2; 440001d; 6a15663; 6c0cb65; f79cbbc
Psalm,27,"Ps 27:12,35:11,35:12,35:16 (LXX Ps 26:12",19,added; other; provenance_added; removed_marked_historical,04cc512; 2622ee2; 440001d; 6a15663; 6c0cb65; f79cbbc
Psalm,27,Ps 27:13 (LXX Ps 26:13),10,added; other; provenance_added; removed_marked_historical,2622ee2; 440001d; 6a15663; 6c0cb65; f79cbbc
Psalm,27,Ps 27:13-14 (LXX Ps 26:13-14),10,added; other; provenance_added; removed_marked_historical,2622ee2; 440001d; 6a15663; 6c0cb65; f79cbbc
Psalm,27,Ps 27:14 (LXX Ps 26:14),10,added; other; provenance_added; removed_marked_historical,2622ee2; 440001d; 6a15663; 6c0cb65; f79cbbc
Psalm,27,Ps 27:2 (LXX Ps 26:2),10,added; other; provenance_added; removed_marked_historical,2622ee2; 440001d; 6a15663; 6c0cb65; f79cbbc
Psalm,27,Ps 27:2),19,added; other; provenance_added; removed_marked_historical,04cc512; 2622ee2; 440001d; 6a15663; 6c0cb65; f79cbbc
Psalm,27,"Ps 27:3,27:4 (LXX Ps 26:3",19,added; other; provenance_added; removed_marked_historical,04cc512; 2622ee2; 440001d; 6a15663; 6c0cb65; f79cbbc
Psalm,27,Ps 27:4,19,added; other; provenance_added; removed_marked_historical,04cc512; 2622ee2; 440001d; 6a15663; 6c0cb65; f79cbbc
Psalm,27,Ps 27:4 (LXX Ps 26:4),10,added; other; provenance_added; removed_marked_historical,2622ee2; 440001d; 6a15663; 6c0cb65; f79cbbc
Psalm,27,Ps 27:6 (LXX Ps 26:6),10,added; other; provenance_added; removed_marked_historical,2622ee2; 440001d; 6a15663; 6c0cb65; f79cbbc
Psalm,27,"Ps 27:6,27:7 (LXX Ps 26:6",19,added; other; provenance_added; removed_marked_historical,04cc512; 2622ee2; 440001d; 6a15663; 6c0cb65; f79cbbc
Psalm,27,Ps 27:6-8 (LXX Ps 26:6-8),10,added; other; provenance_added; removed_marked_historical,2622ee2; 440001d; 6a15663; 6c0cb65; f79cbbc
Psalm,27,"Ps 27:7,27:8 (LXX Ps 26:7",10,added; other; provenance_added; removed_marked_historical,2622ee2; 440001d; 6a15663; 6c0cb65; f79cbbc
Psalm,27,Ps 27:7-8 (LXX Ps 26:7-8),10,added; other; provenance_added; removed_marked_historical,2622ee2; 440001d; 6a15663; 6c0cb65; f79cbbc
Psalm,27,Ps 27:8-10 (LXX Ps 26:8-10),10,added; other; provenance_added; removed_marked_historical,2622ee2; 440001d; 6a15663; 6c0cb65; f79cbbc
Psalm,27,Ps 27:8-9 (LXX Ps 26:8-9),10,added; other; provenance_added; removed_marked_historical,2622ee2; 440001d; 6a15663; 6c0cb65; f79cbbc
Psalm,28,Ps 28:1-2 (LXX Ps 27:1-2),10,added; other; provenance_added; removed_marked_historical,2622ee2; 440001d; 6a15663; 6c0cb65; f79cbbc
Psalm,28,Ps 28:2 (LXX Ps 27:2),13,added; other; provenance_added; removed_marked_historical,2622ee2; 350a0bd; 440001d; 6a15663; 6c0cb65; efbf63c; f79cbbc
Psalm,28,Ps 28:2),19,added; other; provenance_added; removed_marked_historical,04cc512; 2622ee2; 440001d; 6a15663; 6c0cb65; f79cbbc
Psalm,28,"Ps 28:3,28:4,35:4 (LXX Ps 27:3",19,added; other; provenance_added; removed_marked_historical,04cc512; 2622ee2; 440001d; 6a15663; 6c0cb65; f79cbbc
Psalm,28,Ps 28:3-4 (LXX Ps 27:3-4),10,added; other; provenance_added; removed_marked_historical,2622ee2; 440001d; 6a15663; 6c0cb65; f79cbbc
Psalm,28,Ps 28:6 (LXX Ps 27:6),13,added; other; provenance_added; removed_marked_historical,2622ee2; 350a0bd; 440001d; 6a15663; 6c0cb65; efbf63c; f79cbbc
Psalm,28,Ps 28:6-7 (LXX Ps 27:6-7),10,added; other; provenance_added; removed_marked_historical,2622ee2; 440001d; 6a15663; 6c0cb65; f79cbbc
Psalm,28,Ps 28:8 (LXX Ps 27:8),10,added; other; provenance_added; removed_marked_historical,2622ee2; 440001d; 6a15663; 6c0cb65; f79cbbc
Psalm,28,Ps 28:8-9 (LXX Ps 27:8-9),13,added; other; provenance_added; removed_marked_historical,2622ee2; 350a0bd; 440001d; 6a15663; 6c0cb65; efbf63c; f79cbbc
Psalm,28,Ps 28:9 (LXX Ps 27:9),10,added; other; provenance_added; removed_marked_historical,2622ee2; 440001d; 6a15663; 6c0cb65; f79cbbc
Psalm,28,"Ps 28:9,28:2 (LXX Ps 27:9",19,added; other; provenance_added; removed_marked_historical,04cc512; 2622ee2; 440001d; 6a15663; 6c0cb65; f79cbbc
Psalm,29,Ps 29 (LXX Ps 28),10,added; other; provenance_added; removed_marked_historical,2622ee2; 440001d; 6a15663; 6c0cb65; f79cbbc
Psalm,29,"Ps 29:1,29:2 (LXX Ps 28:1",19,added; other; provenance_added; removed_marked_historical,04cc512; 2622ee2; 440001d; 6a15663; 6c0cb65; f79cbbc
Psalm,29,Ps 29:1-2 (LXX Ps 28:1-2),10,added; other; provenance_added; removed_marked_historical,2622ee2; 440001d; 6a15663; 6c0cb65; f79cbbc
Psalm,29,Ps 29:10),10,added; other; provenance_added; removed_marked_historical,2622ee2; 440001d; 6a15663; 6c0cb65; f79cbbc
Psalm,29,Ps 29:10-11 (LXX Ps 28:10-11),10,added; other; provenance_added; removed_marked_historical,2622ee2; 440001d; 6a15663; 6c0cb65; f79cbbc
Psalm,29,Ps 29:3-4 (LXX Ps 28:3-4),13,added; bridge_basis_changed; other; provenance_added; removed_marked_historical,2622ee2; 350a0bd; 440001d; 6a15663; 6c0cb65; efbf63c; f79cbbc
Psalm,30,Ps 30 (LXX Ps 29),10,added; other; provenance_added; removed_marked_historical,2622ee2; 440001d; 6a15663; 6c0cb65; f79cbbc
Psalm,30,Ps 30:1-2 (LXX Ps 29:1-2),10,added; other; provenance_added; removed_marked_historical,2622ee2; 440001d; 6a15663; 6c0cb65; f79cbbc
Psalm,30,Ps 30:10 (LXX Ps 29:10),13,added; bridge_basis_changed; other; provenance_added; removed_marked_historical,2622ee2; 350a0bd; 440001d; 6a15663; 6c0cb65; efbf63c; f79cbbc
Psalm,30,Ps 30:13),19,added; other; provenance_added; removed_marked_historical,04cc512; 2622ee2; 440001d; 6a15663; 6c0cb65; f79cbbc
Psalm,30,Ps 30:3-11 (LXX Ps 29:3-11),10,added; other; provenance_added; removed_marked_historical,2622ee2; 440001d; 6a15663; 6c0cb65; f79cbbc
Psalm,30,Ps 30:4 (LXX Ps 29:4),13,added; bridge_basis_changed; other; provenance_added; removed_marked_historical,2622ee2; 350a0bd; 440001d; 6a15663; 6c0cb65; efbf63c; f79cbbc
Psalm,30,"Ps 30:4,30:10 (LXX Ps 29:4",10,added; other; provenance_added; removed_marked_historical,2622ee2; 440001d; 6a15663; 6c0cb65; f79cbbc
Psalm,30,Ps 30:5),19,added; other; provenance_added; removed_marked_historical,04cc512; 2622ee2; 440001d; 6a15663; 6c0cb65; f79cbbc
Psalm,30,Ps 30:5-7 (LXX Ps 29:5-7),10,added; other; provenance_added; removed_marked_historical,2622ee2; 440001d; 6a15663; 6c0cb65; f79cbbc
Psalm,31,Ps 31:1 (LXX Ps 30:1),13,added; bridge_basis_changed; other; provenance_added; removed_marked_historical,2622ee2; 350a0bd; 440001d; 6a15663; 6c0cb65; efbf63c; f79cbbc
Psalm,31,Ps 31:1-2 (LXX Ps 30:1-2),10,added; other; provenance_added; removed_marked_historical,2622ee2; 440001d; 6a15663; 6c0cb65; f79cbbc
Psalm,31,Ps 31:10 (LXX Ps 30:10),10,added; other; provenance_added; removed_marked_historical,2622ee2; 440001d; 6a15663; 6c0cb65; f79cbbc
Psalm,31,Ps 31:16-17 (LXX Ps 30:16-17),10,added; other; provenance_added; removed_marked_historical,2622ee2; 440001d; 6a15663; 6c0cb65; f79cbbc
Psalm,31,"Ps 31:18,31:13 (LXX Ps 30:18",19,added; other; provenance_added; removed_marked_historical,04cc512; 2622ee2; 440001d; 6a15663; 6c0cb65; f79cbbc
Psalm,31,Ps 31:19 (LXX Ps 30:19),14,added; bridge_basis_changed; other; provenance_added; removed_marked_historical,2622ee2; 350a0bd; 440001d; 6a15663; 6c0cb65; efbf63c; f79cbbc
Psalm,31,Ps 31:23 (LXX Ps 30:23),14,added; bridge_basis_changed; other; provenance_added; removed_marked_historical,2622ee2; 350a0bd; 440001d; 6a15663; 6c0cb65; efbf63c; f79cbbc
Psalm,31,Ps 31:24 (LXX Ps 30:24),10,added; other; provenance_added; removed_marked_historical,2622ee2; 440001d; 6a15663; 6c0cb65; f79cbbc
Psalm,31,Ps 31:26 (LXX Ps 30:26),10,added; other; provenance_added; removed_marked_historical,2622ee2; 440001d; 6a15663; 6c0cb65; f79cbbc
Psalm,31,Ps 31:33 (LXX Ps 30:33),10,added; other; provenance_added; removed_marked_historical,2622ee2; 440001d; 6a15663; 6c0cb65; f79cbbc
Psalm,31,Ps 31:5 (LXX Ps 30:5),19,added; other; provenance_added; removed_marked_historical,04cc512; 2622ee2; 440001d; 6a15663; 6c0cb65; f79cbbc
Psalm,32,Ps 32:1 (LXX Ps 31:1),10,added; other; provenance_added; removed_marked_historical,2622ee2; 440001d; 6a15663; 6c0cb65; f79cbbc
Psalm,32,Ps 32:1-2 (LXX Ps 31:1-2),14,added; bridge_basis_changed; other; provenance_added; removed_marked_historical,2622ee2; 350a0bd; 440001d; 6a15663; 6c0cb65; efbf63c; f79cbbc
Psalm,32,Ps 32:10 (LXX Ps 31:10),6,added; provenance_added; removed_marked_historical,2622ee2; 440001d; 6a15663; f79cbbc
Psalm,32,Ps 32:10 (LXX Ps 33:10),4,added; other,6a15663; 6c0cb65
Psalm,32,Ps 32:10),19,added; other; provenance_added; removed_marked_historical,04cc512; 2622ee2; 440001d; 6a15663; 6c0cb65; f79cbbc
Psalm,32,Ps 32:10-11 (LXX Ps 31:10-11),10,added; other; provenance_added; removed_marked_historical,2622ee2; 440001d; 6a15663; 6c0cb65; f79cbbc
Psalm,32,Ps 32:11 (LXX Ps 31:11),14,added; bridge_basis_changed; other; provenance_added; removed_marked_historical,2622ee2; 350a0bd; 440001d; 6a15663; 6c0cb65; efbf63c; f79cbbc
Psalm,32,Ps 32:11),19,added; other; provenance_added; removed_marked_historical,04cc512; 2622ee2; 440001d; 6a15663; 6c0cb65; f79cbbc
Psalm,32,Ps 32:2 (LXX Ps 31:2),10,added; other; provenance_added; removed_marked_historical,2622ee2; 440001d; 6a15663; 6c0cb65; f79cbbc
Psalm,32,Ps 32:2-3 (LXX Ps 31:2-3),10,added; other; provenance_added; removed_marked_historical,2622ee2; 440001d; 6a15663; 6c0cb65; f79cbbc
Psalm,32,Ps 32:4),10,added; other; provenance_added; removed_marked_historical,2622ee2; 440001d; 6a15663; 6c0cb65; f79cbbc
Psalm,32,Ps 32:5 (LXX Ps 31:5),10,added; other; provenance_added; removed_marked_historical,2622ee2; 440001d; 6a15663; 6c0cb65; f79cbbc
Psalm,32,Ps 32:6 (LXX Ps 31:6),14,added; bridge_basis_changed; other; provenance_added; removed_marked_historical,2622ee2; 350a0bd; 440001d; 6a15663; 6c0cb65; efbf63c; f79cbbc
Psalm,32,Ps 32:8 (LXX Ps 31:8),10,added; other; provenance_added; removed_marked_historical,2622ee2; 440001d; 6a15663; 6c0cb65; f79cbbc
Psalm,33,Ps 33:1 (LXX Ps 32:1),14,added; bridge_basis_changed; other; provenance_added; removed_marked_historical,2622ee2; 350a0bd; 440001d; 6a15663; 6c0cb65; efbf63c; f79cbbc
Psalm,33,Ps 33:1-2 (LXX Ps 32:1-2),10,added; other; provenance_added; removed_marked_historical,2622ee2; 440001d; 6a15663; 6c0cb65; f79cbbc
Psalm,33,Ps 33:10 (LXX Ps 32:10),16,added; other; provenance_added; removed_marked_historical,04cc512; 2622ee2; 440001d; 6a15663; 6c0cb65; f79cbbc
Psalm,33,"Ps 33:10,33:11 (LXX Ps 32:10",19,added; other; provenance_added; removed_marked_historical,04cc512; 2622ee2; 440001d; 6a15663; 6c0cb65; f79cbbc
Psalm,33,Ps 33:10-11 (LXX Ps 32:10-11),19,added; other; provenance_added; removed_marked_historical,04cc512; 2622ee2; 440001d; 6a15663; 6c0cb65; f79cbbc
Psalm,33,Ps 33:12 (LXX Ps 32:12),14,added; bridge_basis_changed; other; provenance_added; removed_marked_historical,2622ee2; 350a0bd; 440001d; 6a15663; 6c0cb65; efbf63c; f79cbbc
Psalm,33,Ps 33:18 (LXX Ps 32:18),13,added; other; provenance_added; removed_marked_historical,2622ee2; 350a0bd; 440001d; 6a15663; 6c0cb65; efbf63c; f79cbbc
Psalm,33,Ps 33:18),10,added; other; provenance_added; removed_marked_historical,2622ee2; 440001d; 6a15663; 6c0cb65; f79cbbc
Psalm,33,Ps 33:20-21 (LXX Ps 32:20-21),13,added; other; provenance_added; removed_marked_historical,2622ee2; 350a0bd; 440001d; 6a15663; 6c0cb65; efbf63c; f79cbbc
Psalm,33,Ps 33:22 (LXX Ps 32:22),13,added; other; provenance_added; removed_marked_historical,2622ee2; 350a0bd; 440001d; 6a15663; 6c0cb65; efbf63c; f79cbbc
Psalm,33,Ps 33:3 (LXX Ps 32:3),10,added; other; provenance_added; removed_marked_historical,2622ee2; 440001d; 6a15663; 6c0cb65; f79cbbc
Psalm,33,"Ps 33:3,33:4 (LXX Ps 32:3",10,added; other; provenance_added; removed_marked_historical,2622ee2; 440001d; 6a15663; 6c0cb65; f79cbbc
Psalm,33,Ps 33:4 (LXX Ps 32:4),10,added; other; provenance_added; removed_marked_historical,2622ee2; 440001d; 6a15663; 6c0cb65; f79cbbc
Psalm,33,Ps 33:4-5 (LXX Ps 32:4-5),13,added; other; provenance_added; removed_marked_historical,2622ee2; 350a0bd; 440001d; 6a15663; 6c0cb65; efbf63c; f79cbbc
Psalm,33,Ps 33:5 (LXX Ps 32:5),10,added; other; provenance_added; removed_marked_historical,2622ee2; 440001d; 6a15663; 6c0cb65; f79cbbc
Psalm,33,Ps 33:5),19,added; other; provenance_added; removed_marked_historical,04cc512; 2622ee2; 440001d; 6a15663; 6c0cb65; f79cbbc
Psalm,33,Ps 33:5-6 (LXX Ps 32:5-6),10,added; other; provenance_added; removed_marked_historical,2622ee2; 440001d; 6a15663; 6c0cb65; f79cbbc
Psalm,33,Ps 33:6 (LXX Ps 32:6),13,added; bridge_basis_changed; other; provenance_added; removed_marked_historical,2622ee2; 350a0bd; 440001d; 6a15663; 6c0cb65; efbf63c; f79cbbc
Psalm,33,Ps 33:9 (LXX Ps 32:9),13,added; bridge_basis_changed; other; provenance_added; removed_marked_historical,2622ee2; 350a0bd; 440001d; 6a15663; 6c0cb65; efbf63c; f79cbbc
Psalm,34,Ps 34 (LXX Ps 33),10,added; other; provenance_added; removed_marked_historical,2622ee2; 440001d; 6a15663; 6c0cb65; f79cbbc
Psalm,34,Ps 34:1-2 (LXX Ps 33:1-2),14,added; bridge_basis_changed; other; provenance_added; removed_marked_historical,2622ee2; 350a0bd; 440001d; 6a15663; 6c0cb65; efbf63c; f79cbbc
Psalm,34,Ps 34:11,19,added; other; provenance_added; removed_marked_historical,04cc512; 2622ee2; 440001d; 6a15663; 6c0cb65; f79cbbc
Psalm,34,Ps 34:11 (LXX Ps 33:11),13,added; bridge_basis_changed; other; provenance_added; removed_marked_historical,2622ee2; 350a0bd; 440001d; 6a15663; 6c0cb65; efbf63c; f79cbbc
Psalm,34,Ps 34:12,38,added; other; provenance_added; removed_marked_historical,04cc512; 2622ee2; 440001d; 6a15663; 6c0cb65; f79cbbc
Psalm,34,Ps 34:15 (LXX Ps 33:15),13,added; bridge_basis_changed; other; provenance_added; removed_marked_historical,2622ee2; 350a0bd; 440001d; 6a15663; 6c0cb65; efbf63c; f79cbbc
Psalm,34,Ps 34:16),38,added; other; provenance_added; removed_marked_historical,04cc512; 2622ee2; 440001d; 6a15663; 6c0cb65; f79cbbc
Psalm,34,"Ps 34:17,34:18 (LXX Ps 33:17",10,added; other; provenance_added; removed_marked_historical,2622ee2; 440001d; 6a15663; 6c0cb65; f79cbbc
Psalm,34,Ps 34:17-18 (LXX Ps 33:17-18),13,added; other; provenance_added; removed_marked_historical,2622ee2; 350a0bd; 440001d; 6a15663; 6c0cb65; efbf63c; f79cbbc
Psalm,34,Ps 34:19 (LXX Ps 33:19),14,added; bridge_basis_changed; other; provenance_added; removed_marked_historical,2622ee2; 350a0bd; 440001d; 6a15663; 6c0cb65; efbf63c; f79cbbc
Psalm,34,Ps 34:19-20 (LXX Ps 33:19-20),14,added; bridge_basis_changed; other; provenance_added; removed_marked_historical,2622ee2; 350a0bd; 440001d; 6a15663; 6c0cb65; efbf63c; f79cbbc
Psalm,34,Ps 34:20 (LXX Ps 33:20),10,added; other; provenance_added; removed_marked_historical,2622ee2; 440001d; 6a15663; 6c0cb65; f79cbbc
Psalm,34,Ps 34:27),10,added; other; provenance_added; removed_marked_historical,2622ee2; 440001d; 6a15663; 6c0cb65; f79cbbc
Psalm,34,Ps 34:4 (LXX Ps 33:4),10,added; other; provenance_added; removed_marked_historical,2622ee2; 440001d; 6a15663; 6c0cb65; f79cbbc
Psalm,34,Ps 34:4),19,added; other; provenance_added; removed_marked_historical,04cc512; 2622ee2; 440001d; 6a15663; 6c0cb65; f79cbbc
Psalm,34,"Ps 34:4,34:5 (LXX Ps 33:4",19,added; other; provenance_added; removed_marked_historical,04cc512; 2622ee2; 440001d; 6a15663; 6c0cb65; f79cbbc
Psalm,34,Ps 34:5 (LXX Ps 33:5),14,added; bridge_basis_changed; other; provenance_added; removed_marked_historical,2622ee2; 350a0bd; 440001d; 6a15663; 6c0cb65; efbf63c; f79cbbc
Psalm,34,Ps 34:7 (LXX Ps 33:7),13,added; other; provenance_added; removed_marked_historical,2622ee2; 350a0bd; 440001d; 6a15663; 6c0cb65; efbf63c; f79cbbc
Psalm,34,Ps 34:7-8 (LXX Ps 33:7-8),14,added; bridge_basis_changed; other; provenance_added; removed_marked_historical,2622ee2; 350a0bd; 440001d; 6a15663; 6c0cb65; efbf63c; f79cbbc
Psalm,34,Ps 34:8 (LXX Ps 33:8),10,added; other; provenance_added; removed_marked_historical,2622ee2; 440001d; 6a15663; 6c0cb65; f79cbbc
Psalm,35,Ps 35:1 (LXX Ps 34:1),10,added; other; provenance_added; removed_marked_historical,2622ee2; 440001d; 6a15663; 6c0cb65; f79cbbc
Psalm,35,Ps 35:1-2 (LXX Ps 34:1-2),10,added; other; provenance_added; removed_marked_historical,2622ee2; 440001d; 6a15663; 6c0cb65; f79cbbc
Psalm,35,Ps 35:10 (LXX Ps 34:10),13,added; bridge_basis_changed; other; provenance_added; removed_marked_historical,2622ee2; 350a0bd; 440001d; 6a15663; 6c0cb65; efbf63c; f79cbbc
Psalm,35,"Ps 35:10,35:27 (LXX Ps 34:10",10,added; other; provenance_added; removed_marked_historical,2622ee2; 440001d; 6a15663; 6c0cb65; f79cbbc
Psalm,35,"Ps 35:11,35:12,35:16 (LXX Ps 34:11",19,added; other; provenance_added; removed_marked_historical,04cc512; 2622ee2; 440001d; 6a15663; 6c0cb65; f79cbbc
Psalm,35,Ps 35:13 (LXX Ps 34:13),10,added; other; provenance_added; removed_marked_historical,2622ee2; 440001d; 6a15663; 6c0cb65; f79cbbc
Psalm,35,Ps 35:18 (LXX Ps 34:18),13,added; other; provenance_added; removed_marked_historical,2622ee2; 350a0bd; 440001d; 6a15663; 6c0cb65; efbf63c; f79cbbc
Psalm,35,Ps 35:2 (LXX Ps 34:2),10,added; other; provenance_added; removed_marked_historical,2622ee2; 440001d; 6a15663; 6c0cb65; f79cbbc
Psalm,35,Ps 35:27 (LXX Ps 34:27),13,added; bridge_basis_changed; other; provenance_added; removed_marked_historical,2622ee2; 350a0bd; 440001d; 6a15663; 6c0cb65; efbf63c; f79cbbc
Psalm,35,Ps 35:28 (LXX Ps 34:28),13,added; other; provenance_added; removed_marked_historical,2622ee2; 350a0bd; 440001d; 6a15663; 6c0cb65; efbf63c; f79cbbc
Psalm,36,Ps 36:18,10,added; other; provenance_added; removed_marked_historical,2622ee2; 440001d; 6a15663; 6c0cb65; f79cbbc
Psalm,36,Ps 36:22,19,added; other; provenance_added; removed_marked_historical,04cc512; 2622ee2; 440001d; 6a15663; 6c0cb65; f79cbbc
Psalm,36,Ps 36:29),10,added; other; provenance_added; removed_marked_historical,2622ee2; 440001d; 6a15663; 6c0cb65; f79cbbc
Psalm,36,Ps 36:5 (LXX Ps 35:5),10,added; other; provenance_added; removed_marked_historical,2622ee2; 440001d; 6a15663; 6c0cb65; f79cbbc
Psalm,36,Ps 36:5-6 (LXX Ps 35:5-6),10,added; other; provenance_added; removed_marked_historical,2622ee2; 440001d; 6a15663; 6c0cb65; f79cbbc
Psalm,36,Ps 36:6 (LXX Ps 35:6),10,added; other; provenance_added; removed_marked_historical,2622ee2; 440001d; 6a15663; 6c0cb65; f79cbbc
Psalm,36,Ps 36:9-10 (LXX Ps 35:9-10),13,added; bridge_basis_changed; other; provenance_added; removed_marked_historical,2622ee2; 350a0bd; 440001d; 6a15663; 6c0cb65; efbf63c; f79cbbc
Psalm,37,Ps 37:17 (LXX Ps 36:17),14,added; bridge_basis_changed; other; provenance_added; removed_marked_historical,2622ee2; 350a0bd; 440001d; 6a15663; 6c0cb65; efbf63c; f79cbbc
Psalm,37,"Ps 37:17,37:18,37:29 (LXX Ps 36:17",10,added; other; provenance_added; removed_marked_historical,2622ee2; 440001d; 6a15663; 6c0cb65; f79cbbc
Psalm,37,Ps 37:17-18 (LXX Ps 36:17-18),13,added; bridge_basis_changed; other; provenance_added; removed_marked_historical,2622ee2; 350a0bd; 440001d; 6a15663; 6c0cb65; efbf63c; f79cbbc
Psalm,37,Ps 37:18 (LXX Ps 36:18),14,added; bridge_basis_changed; other; provenance_added; removed_marked_historical,2622ee2; 350a0bd; 440001d; 6a15663; 6c0cb65; efbf63c; f79cbbc
Psalm,37,"Ps 37:21,37:22,21:16,21:17,21:8,21:9 (LXX Ps 36:21",19,added; other; provenance_added; removed_marked_historical,04cc512; 2622ee2; 440001d; 6a15663; 6c0cb65; f79cbbc
Psalm,37,Ps 37:22),19,added; other; provenance_added; removed_marked_historical,04cc512; 2622ee2; 440001d; 6a15663; 6c0cb65; f79cbbc
Psalm,37,Ps 37:22-23 (LXX Ps 36:22-23),10,added; other; provenance_added; removed_marked_historical,2622ee2; 440001d; 6a15663; 6c0cb65; f79cbbc
Psalm,37,Ps 37:29 (LXX Ps 36:29),14,added; bridge_basis_changed; other; provenance_added; removed_marked_historical,2622ee2; 350a0bd; 440001d; 6a15663; 6c0cb65; efbf63c; f79cbbc
Psalm,37,Ps 37:3-4 (LXX Ps 36:3-4),10,added; other; provenance_added; removed_marked_historical,2622ee2; 440001d; 6a15663; 6c0cb65; f79cbbc
Psalm,37,Ps 37:30-31 (LXX Ps 36:30-31),14,added; bridge_basis_changed; other; provenance_added; removed_marked_historical,2622ee2; 350a0bd; 440001d; 6a15663; 6c0cb65; efbf63c; f79cbbc
Psalm,37,Ps 37:39-40 (LXX Ps 36:39-40),14,added; bridge_basis_changed; other; provenance_added; removed_marked_historical,2622ee2; 350a0bd; 440001d; 6a15663; 6c0cb65; efbf63c; f79cbbc
Psalm,38,Ps 38:1-2 (LXX Ps 37:1-2),10,added; other; provenance_added; removed_marked_historical,2622ee2; 440001d; 6a15663; 6c0cb65; f79cbbc
Psalm,38,Ps 38:11 (LXX Ps 37:11),10,added; other; provenance_added; removed_marked_historical,2622ee2; 440001d; 6a15663; 6c0cb65; f79cbbc
Psalm,38,Ps 38:15 (LXX Ps 37:15),13,added; other; provenance_added; removed_marked_historical,2622ee2; 350a0bd; 440001d; 6a15663; 6c0cb65; efbf63c; f79cbbc
Psalm,38,Ps 38:17 (LXX Ps 37:17),19,added; other; provenance_added; removed_marked_historical,04cc512; 2622ee2; 440001d; 6a15663; 6c0cb65; f79cbbc
Psalm,38,Ps 38:18 (LXX Ps 37:18),10,added; other; provenance_added; removed_marked_historical,2622ee2; 440001d; 6a15663; 6c0cb65; f79cbbc
Psalm,38,Ps 38:18-19 (LXX Ps 37:18-19),10,added; other; provenance_added; removed_marked_historical,2622ee2; 440001d; 6a15663; 6c0cb65; f79cbbc
Psalm,38,Ps 38:19 (LXX Ps 37:19),10,added; other; provenance_added; removed_marked_historical,2622ee2; 440001d; 6a15663; 6c0cb65; f79cbbc
Psalm,38,"Ps 38:21,38:22 (LXX Ps 37:21",19,added; other; provenance_added; removed_marked_historical,04cc512; 2622ee2; 440001d; 6a15663; 6c0cb65; f79cbbc
Psalm,38,Ps 38:21-22 (LXX Ps 37:21-22),13,added; other; provenance_added; removed_marked_historical,2622ee2; 350a0bd; 440001d; 6a15663; 6c0cb65; efbf63c; f79cbbc
Psalm,38,Ps 38:9 (LXX Ps 37:9),10,added; other; provenance_added; removed_marked_historical,2622ee2; 440001d; 6a15663; 6c0cb65; f79cbbc
Psalm,39,Ps 39:12 (LXX Ps 38:12),10,added; other; provenance_added; removed_marked_historical,2622ee2; 440001d; 6a15663; 6c0cb65; f79cbbc
Psalm,39,Ps 39:12-13 (LXX Ps 38:12-13),10,added; other; provenance_added; removed_marked_historical,2622ee2; 440001d; 6a15663; 6c0cb65; f79cbbc
Psalm,40,Ps 40:1),21,added; other; provenance_added; removed_marked_historical,04cc512; 2622ee2; 440001d; 6a15663; 6c0cb65; f79cbbc
Psalm,40,Ps 40:1-2 (LXX Ps 39:1-2),10,added; other; provenance_added; removed_marked_historical,2622ee2; 440001d; 6a15663; 6c0cb65; f79cbbc
Psalm,40,Ps 40:11 (LXX Ps 39:11),10,added; other; provenance_added; removed_marked_historical,2622ee2; 440001d; 6a15663; 6c0cb65; f79cbbc
Psalm,40,Ps 40:13 (LXX Ps 39:13),10,added; other; provenance_added; removed_marked_historical,2622ee2; 440001d; 6a15663; 6c0cb65; f79cbbc
Psalm,40,Ps 40:16 (LXX Ps 39:16),13,added; other; provenance_added; removed_marked_historical,2622ee2; 350a0bd; 440001d; 6a15663; 6c0cb65; efbf63c; f79cbbc
Psalm,40,Ps 40:17 (LXX Ps 39:17),10,added; other; provenance_added; removed_marked_historical,2622ee2; 440001d; 6a15663; 6c0cb65; f79cbbc
Psalm,40,Ps 40:2 (LXX Ps 39:2),13,added; other; provenance_added; removed_marked_historical,2622ee2; 350a0bd; 440001d; 6a15663; 6c0cb65; efbf63c; f79cbbc
Psalm,40,Ps 40:2),10,added; other; provenance_added; removed_marked_historical,2622ee2; 440001d; 6a15663; 6c0cb65; f79cbbc
Psalm,40,Ps 40:2-3 (LXX Ps 39:2-3),13,added; other; provenance_added; removed_marked_historical,2622ee2; 350a0bd; 440001d; 6a15663; 6c0cb65; efbf63c; f79cbbc
Psalm,40,Ps 40:5 (LXX Ps 39:5),13,added; other; provenance_added; removed_marked_historical,2622ee2; 350a0bd; 440001d; 6a15663; 6c0cb65; efbf63c; f79cbbc
Psalm,40,Ps 40:5),10,added; other; provenance_added; removed_marked_historical,2622ee2; 440001d; 6a15663; 6c0cb65; f79cbbc
Psalm,40,Ps 40:9 (LXX Ps 39:9),13,added; other; provenance_added; removed_marked_historical,2622ee2; 350a0bd; 440001d; 6a15663; 6c0cb65; efbf63c; f79cbbc
Psalm,40,Ps 40:9),19,added; other; provenance_added; removed_marked_historical,04cc512; 2622ee2; 440001d; 6a15663; 6c0cb65; f79cbbc
Psalm,40,Ps 40:9-10 (LXX Ps 39:9-10),14,added; bridge_basis_changed; other; provenance_added; removed_marked_historical,2622ee2; 350a0bd; 440001d; 6a15663; 6c0cb65; efbf63c; f79cbbc
Psalm,41,Ps 41 (LXX Ps 40),10,added; other; provenance_added; removed_marked_historical,2622ee2; 440001d; 6a15663; 6c0cb65; f79cbbc
Psalm,41,Ps 41:1 (LXX Ps 40:1),10,added; other; provenance_added; removed_marked_historical,2622ee2; 440001d; 6a15663; 6c0cb65; f79cbbc
Psalm,41,"Ps 41:1,41:2 (LXX Ps 40:1",10,added; other; provenance_added; removed_marked_historical,2622ee2; 440001d; 6a15663; 6c0cb65; f79cbbc
Psalm,41,Ps 41:1-2 (LXX Ps 40:1-2),13,added; other; provenance_added; removed_marked_historical,2622ee2; 350a0bd; 440001d; 6a15663; 6c0cb65; efbf63c; f79cbbc
Psalm,41,"Ps 41:10,41:5 (LXX Ps 40:10",10,added; other; provenance_added; removed_marked_historical,2622ee2; 440001d; 6a15663; 6c0cb65; f79cbbc
Psalm,41,Ps 41:11),30,added; other; provenance_added; removed_marked_historical,2622ee2; 440001d; 6a15663; 6c0cb65; f79cbbc
Psalm,41,Ps 41:12 (LXX Ps 40:12),13,added; bridge_basis_changed; other; provenance_added; removed_marked_historical,2622ee2; 350a0bd; 440001d; 6a15663; 6c0cb65; efbf63c; f79cbbc
Psalm,41,Ps 41:13 (LXX Ps 40:13),13,added; bridge_basis_changed; other; provenance_added; removed_marked_historical,2622ee2; 350a0bd; 440001d; 6a15663; 6c0cb65; efbf63c; f79cbbc
Psalm,41,Ps 41:2 (LXX Ps 40:2),10,added; other; provenance_added; removed_marked_historical,2622ee2; 440001d; 6a15663; 6c0cb65; f79cbbc
Psalm,41,Ps 41:4 (LXX Ps 40:4),10,added; other; provenance_added; removed_marked_historical,2622ee2; 440001d; 6a15663; 6c0cb65; f79cbbc
Psalm,41,Ps 41:5-6 (LXX Ps 40:5-6),21,added; other; provenance_added; removed_marked_historical,04cc512; 2622ee2; 440001d; 6a15663; 6c0cb65; f79cbbc
Psalm,41,Ps 41:5-7 (LXX Ps 40:5-7),4,added; other,6a15663; 6c0cb65
Psalm,41,Ps 41:5-7 (LXX Ps 40:6-8),19,added; other; provenance_added; removed_marked_historical,04cc512; 2622ee2; 440001d; 6a15663; 6c0cb65; f79cbbc
Psalm,41,Ps 41:6),10,added; other; provenance_added; removed_marked_historical,2622ee2; 440001d; 6a15663; 6c0cb65; f79cbbc
Psalm,41,"Ps 41:6,41:1 (LXX Ps 40:6",21,added; other; provenance_added; removed_marked_historical,04cc512; 2622ee2; 440001d; 6a15663; 6c0cb65; f79cbbc
Psalm,42,Ps 42:1 (LXX Ps 41:1),14,added; bridge_basis_changed; other; provenance_added; removed_marked_historical,2622ee2; 350a0bd; 440001d; 6a15663; 6c0cb65; efbf63c; f79cbbc
Psalm,42,"Ps 42:1,42:6 (LXX Ps 41:1",10,added; other; provenance_added; removed_marked_historical,2622ee2; 440001d; 6a15663; 6c0cb65; f79cbbc
Psalm,42,Ps 42:11 (LXX Ps 41:11),13,added; bridge_basis_changed; other; provenance_added; removed_marked_historical,2622ee2; 350a0bd; 440001d; 6a15663; 6c0cb65; efbf63c; f79cbbc
Psalm,42,Ps 42:2 (LXX Ps 41:2),13,added; bridge_basis_changed; other; provenance_added; removed_marked_historical,2622ee2; 350a0bd; 440001d; 6a15663; 6c0cb65; efbf63c; f79cbbc
Psalm,42,"Ps 42:2,42:11 (LXX Ps 41:2",10,added; other; provenance_added; removed_marked_historical,2622ee2; 440001d; 6a15663; 6c0cb65; f79cbbc
Psalm,42,Ps 42:5 (LXX Ps 41:5),4,added; other,6a15663; 6c0cb65
Psalm,42,Ps 42:5 (LXX Ps 41:6),16,added; other; provenance_added; removed_marked_historical,04cc512; 2622ee2; 440001d; 6a15663; 6c0cb65; f79cbbc
Psalm,42,Ps 42:6 (LXX Ps 41:6),13,added; bridge_basis_changed; other; provenance_added; removed_marked_historical,2622ee2; 350a0bd; 440001d; 6a15663; 6c0cb65; efbf63c; f79cbbc
Psalm,42,"Ps 42:6,42:11 (LXX Ps 41:6",10,added; other; provenance_added; removed_marked_historical,2622ee2; 440001d; 6a15663; 6c0cb65; f79cbbc
Psalm,42,Ps 42:7 (LXX Ps 41:7),10,added; other; provenance_added; removed_marked_historical,2622ee2; 440001d; 6a15663; 6c0cb65; f79cbbc
Psalm,42,Ps 42:7-8 (LXX Ps 41:7-8),13,added; bridge_basis_changed; other; provenance_added; removed_marked_historical,2622ee2; 350a0bd; 440001d; 6a15663; 6c0cb65; efbf63c; f79cbbc
Psalm,42,Ps 42:8 (LXX Ps 41:8),10,added; other; provenance_added; removed_marked_historical,2622ee2; 440001d; 6a15663; 6c0cb65; f79cbbc
Psalm,42,"Ps 42:8,42:11 (LXX Ps 41:8",10,added; other; provenance_added; removed_marked_historical,2622ee2; 440001d; 6a15663; 6c0cb65; f79cbbc
Psalm,43,Ps 43 (LXX Ps 42),10,added; other; provenance_added; removed_marked_historical,2622ee2; 440001d; 6a15663; 6c0cb65; f79cbbc
Psalm,43,Ps 43:3 (LXX Ps 42:3),10,added; other; provenance_added; removed_marked_historical,2622ee2; 440001d; 6a15663; 6c0cb65; f79cbbc
Psalm,43,Ps 43:5 (LXX Ps 42:5),10,added; other; provenance_added; removed_marked_historical,2622ee2; 440001d; 6a15663; 6c0cb65; f79cbbc
Psalm,44,Ps 44:17),10,added; other; provenance_added; removed_marked_historical,2622ee2; 440001d; 6a15663; 6c0cb65; f79cbbc
Psalm,44,Ps 44:23 (LXX Ps 43:23),10,added; other; provenance_added; removed_marked_historical,2622ee2; 440001d; 6a15663; 6c0cb65; f79cbbc
Psalm,44,Ps 44:26 (LXX Ps 43:26),10,added; other; provenance_added; removed_marked_historical,2622ee2; 440001d; 6a15663; 6c0cb65; f79cbbc
Psalm,44,Ps 44:8),19,added; other; provenance_added; removed_marked_historical,04cc512; 2622ee2; 440001d; 6a15663; 6c0cb65; f79cbbc
Psalm,45,Ps 45 (LXX Ps 44),10,added; other; provenance_added; removed_marked_historical,2622ee2; 440001d; 6a15663; 6c0cb65; f79cbbc
Psalm,45,Ps 45:1-2 (LXX Ps 44:1-2),14,added; bridge_basis_changed; other; provenance_added; removed_marked_historical,2622ee2; 350a0bd; 440001d; 6a15663; 6c0cb65; efbf63c; f79cbbc
Psalm,45,Ps 45:10-11 (LXX Ps 44:10-11),14,added; bridge_basis_changed; other; provenance_added; removed_marked_historical,2622ee2; 350a0bd; 440001d; 6a15663; 6c0cb65; efbf63c; f79cbbc
Psalm,45,Ps 45:11),10,added; other; provenance_added; removed_marked_historical,2622ee2; 440001d; 6a15663; 6c0cb65; f79cbbc
Psalm,45,Ps 45:12-13 (LXX Ps 44:12-13),14,added; bridge_basis_changed; other; provenance_added; removed_marked_historical,2622ee2; 350a0bd; 440001d; 6a15663; 6c0cb65; efbf63c; f79cbbc
Psalm,45,Ps 45:13 (LXX Ps 44:13),10,added; other; provenance_added; removed_marked_historical,2622ee2; 440001d; 6a15663; 6c0cb65; f79cbbc
Psalm,45,Ps 45:14-15 (LXX Ps 44:14-15),14,added; bridge_basis_changed; other; provenance_added; removed_marked_historical,2622ee2; 350a0bd; 440001d; 6a15663; 6c0cb65; efbf63c; f79cbbc
Psalm,45,Ps 45:17 (LXX Ps 44:17),13,added; bridge_basis_changed; other; provenance_added; removed_marked_historical,2622ee2; 350a0bd; 440001d; 6a15663; 6c0cb65; efbf63c; f79cbbc
Psalm,45,Ps 45:2 (LXX Ps 44:2),13,added; bridge_basis_changed; other; provenance_added; removed_marked_historical,2622ee2; 350a0bd; 440001d; 6a15663; 6c0cb65; efbf63c; f79cbbc
Psalm,45,Ps 45:3 (LXX Ps 44:3),14,added; bridge_basis_changed; other; provenance_added; removed_marked_historical,2622ee2; 350a0bd; 440001d; 6a15663; 6c0cb65; efbf63c; f79cbbc
Psalm,45,Ps 45:3-4 (LXX Ps 44:3-4),14,added; bridge_basis_changed; other; provenance_added; removed_marked_historical,2622ee2; 350a0bd; 440001d; 6a15663; 6c0cb65; efbf63c; f79cbbc
Psalm,45,Ps 45:6 (LXX Ps 44:6),14,added; bridge_basis_changed; other; provenance_added; removed_marked_historical,2622ee2; 350a0bd; 440001d; 6a15663; 6c0cb65; efbf63c; f79cbbc
Psalm,45,"Ps 45:6,45:17 (LXX Ps 44:6",10,added; other; provenance_added; removed_marked_historical,2622ee2; 440001d; 6a15663; 6c0cb65; f79cbbc
Psalm,45,"Ps 45:6,45:8 (LXX Ps 44:6",19,added; other; provenance_added; removed_marked_historical,04cc512; 2622ee2; 440001d; 6a15663; 6c0cb65; f79cbbc
Psalm,45,Ps 45:7-8 (LXX Ps 44:7-8),10,added; other; provenance_added; removed_marked_historical,2622ee2; 440001d; 6a15663; 6c0cb65; f79cbbc
Psalm,45,Ps 45:9 (LXX Ps 44:9),10,added; other; provenance_added; removed_marked_historical,2622ee2; 440001d; 6a15663; 6c0cb65; f79cbbc
Psalm,45,Ps 45:9),10,added; other; provenance_added; removed_marked_historical,2622ee2; 440001d; 6a15663; 6c0cb65; f79cbbc
Psalm,46,Ps 46 (LXX Ps 45),10,added; other; provenance_added; removed_marked_historical,2622ee2; 440001d; 6a15663; 6c0cb65; f79cbbc
Psalm,46,Ps 46:1 (LXX Ps 45:1),14,added; bridge_basis_changed; other; provenance_added; removed_marked_historical,2622ee2; 350a0bd; 440001d; 6a15663; 6c0cb65; efbf63c; f79cbbc
Psalm,46,"Ps 46:1,46:9 (LXX Ps 45:1",10,added; other; provenance_added; removed_marked_historical,2622ee2; 440001d; 6a15663; 6c0cb65; f79cbbc
Psalm,46,Ps 46:10 (LXX Ps 45:10),10,added; other; provenance_added; removed_marked_historical,2622ee2; 440001d; 6a15663; 6c0cb65; f79cbbc
Psalm,46,"Ps 46:10,46:11 (LXX Ps 45:10",10,added; other; provenance_added; removed_marked_historical,2622ee2; 440001d; 6a15663; 6c0cb65; f79cbbc
Psalm,46,Ps 46:10-11 (LXX Ps 45:10-11),13,added; other; provenance_added; removed_marked_historical,2622ee2; 350a0bd; 440001d; 6a15663; 6c0cb65; efbf63c; f79cbbc
Psalm,46,Ps 46:5),10,added; other; provenance_added; removed_marked_historical,2622ee2; 440001d; 6a15663; 6c0cb65; f79cbbc
Psalm,46,Ps 46:7 (LXX Ps 45:7),14,added; bridge_basis_changed; other; provenance_added; removed_marked_historical,2622ee2; 350a0bd; 440001d; 6a15663; 6c0cb65; efbf63c; f79cbbc
Psalm,47,Ps 47 (LXX Ps 46),10,added; other; provenance_added; removed_marked_historical,2622ee2; 440001d; 6a15663; 6c0cb65; f79cbbc
Psalm,47,Ps 47:1 (LXX Ps 46:1),10,added; other; provenance_added; removed_marked_historical,2622ee2; 440001d; 6a15663; 6c0cb65; f79cbbc
Psalm,47,Ps 47:1-2 (LXX Ps 46:1-2),13,added; bridge_basis_changed; other; provenance_added; removed_marked_historical,2622ee2; 350a0bd; 440001d; 6a15663; 6c0cb65; efbf63c; f79cbbc
Psalm,47,Ps 47:3 (LXX Ps 46:3),10,added; other; provenance_added; removed_marked_historical,2622ee2; 440001d; 6a15663; 6c0cb65; f79cbbc
Psalm,47,Ps 47:3-4 (LXX Ps 46:3-4),10,added; other; provenance_added; removed_marked_historical,2622ee2; 440001d; 6a15663; 6c0cb65; f79cbbc
Psalm,47,Ps 47:4 (LXX Ps 46:4),10,added; other; provenance_added; removed_marked_historical,2622ee2; 440001d; 6a15663; 6c0cb65; f79cbbc
Psalm,47,"Ps 47:4,47:5 (LXX Ps 46:4",10,added; other; provenance_added; removed_marked_historical,2622ee2; 440001d; 6a15663; 6c0cb65; f79cbbc
Psalm,47,Ps 47:4-5 (LXX Ps 46:4-5),10,added; other; provenance_added; removed_marked_historical,2622ee2; 440001d; 6a15663; 6c0cb65; f79cbbc
Psalm,47,Ps 47:5 (LXX Ps 46:5),10,added; other; provenance_added; removed_marked_historical,2622ee2; 440001d; 6a15663; 6c0cb65; f79cbbc
Psalm,47,Ps 47:6 (LXX Ps 46:6),10,added; other; provenance_added; removed_marked_historical,2622ee2; 440001d; 6a15663; 6c0cb65; f79cbbc
Psalm,47,Ps 47:6-7 (LXX Ps 46:6-7),13,added; other; provenance_added; removed_marked_historical,2622ee2; 350a0bd; 440001d; 6a15663; 6c0cb65; efbf63c; f79cbbc
Psalm,47,Ps 47:7 (LXX Ps 46:7),10,added; other; provenance_added; removed_marked_historical,2622ee2; 440001d; 6a15663; 6c0cb65; f79cbbc
Psalm,47,Ps 47:8 (LXX Ps 46:8),10,added; other; provenance_added; removed_marked_historical,2622ee2; 440001d; 6a15663; 6c0cb65; f79cbbc
Psalm,47,Ps 47:8-9 (LXX Ps 46:8-9),13,added; other; provenance_added; removed_marked_historical,2622ee2; 350a0bd; 440001d; 6a15663; 6c0cb65; efbf63c; f79cbbc
Psalm,48,Ps 48:1 (LXX Ps 47:1),14,added; bridge_basis_changed; other; provenance_added; removed_marked_historical,2622ee2; 350a0bd; 440001d; 6a15663; 6c0cb65; efbf63c; f79cbbc
Psalm,48,Ps 48:10-11 (LXX Ps 47:10-11),10,added; other; provenance_added; removed_marked_historical,2622ee2; 440001d; 6a15663; 6c0cb65; f79cbbc
Psalm,48,Ps 48:8 (LXX Ps 47:8),14,added; bridge_basis_changed; other; provenance_added; removed_marked_historical,2622ee2; 350a0bd; 440001d; 6a15663; 6c0cb65; efbf63c; f79cbbc
Psalm,49,Ps 49:18),19,added; other; provenance_added; removed_marked_historical,04cc512; 2622ee2; 440001d; 6a15663; 6c0cb65; f79cbbc
Psalm,49,Ps 49:23),10,added; other; provenance_added; removed_marked_historical,2622ee2; 440001d; 6a15663; 6c0cb65; f79cbbc
Psalm,50,Ps 50:10),19,added; other; provenance_added; removed_marked_historical,04cc512; 2622ee2; 440001d; 6a15663; 6c0cb65; f79cbbc
Psalm,50,Ps 50:14 (LXX Ps 49:14),14,added; bridge_basis_changed; other; provenance_added; removed_marked_historical,2622ee2; 350a0bd; 440001d; 6a15663; 6c0cb65; efbf63c; f79cbbc
Psalm,50,Ps 50:14),10,added; other; provenance_added; removed_marked_historical,2622ee2; 440001d; 6a15663; 6c0cb65; f79cbbc
Psalm,50,"Ps 50:17,50:18 (LXX Ps 49:17",19,added; other; provenance_added; removed_marked_historical,04cc512; 2622ee2; 440001d; 6a15663; 6c0cb65; f79cbbc
Psalm,50,Ps 50:2 (LXX Ps 49:2),13,added; bridge_basis_changed; other; provenance_added; removed_marked_historical,2622ee2; 350a0bd; 440001d; 6a15663; 6c0cb65; efbf63c; f79cbbc
Psalm,50,"Ps 50:2,50:23 (LXX Ps 49:2",10,added; other; provenance_added; removed_marked_historical,2622ee2; 440001d; 6a15663; 6c0cb65; f79cbbc
Psalm,50,Ps 50:23 (LXX Ps 49:23),14,added; bridge_basis_changed; other; provenance_added; removed_marked_historical,2622ee2; 350a0bd; 440001d; 6a15663; 6c0cb65; efbf63c; f79cbbc
Psalm,51,Ps 51:1 (LXX Ps 50:1),10,added; other; provenance_added; removed_marked_historical,2622ee2; 440001d; 6a15663; 6c0cb65; f79cbbc
Psalm,51,Ps 51:1-2 (LXX Ps 50:1-2),10,added; other; provenance_added; removed_marked_historical,2622ee2; 440001d; 6a15663; 6c0cb65; f79cbbc
Psalm,51,Ps 51:10 (LXX Ps 50:10),10,added; other; provenance_added; removed_marked_historical,2622ee2; 440001d; 6a15663; 6c0cb65; f79cbbc
Psalm,51,Ps 51:12 (LXX Ps 50:12),10,added; other; provenance_added; removed_marked_historical,2622ee2; 440001d; 6a15663; 6c0cb65; f79cbbc
Psalm,51,"Ps 51:12,51:14 (LXX Ps 50:12",10,added; other; provenance_added; removed_marked_historical,2622ee2; 440001d; 6a15663; 6c0cb65; f79cbbc
Psalm,51,Ps 51:12-13 (LXX Ps 50:12-13),10,added; other; provenance_added; removed_marked_historical,2622ee2; 440001d; 6a15663; 6c0cb65; f79cbbc
Psalm,51,Ps 51:14 (LXX Ps 50:14),10,added; other; provenance_added; removed_marked_historical,2622ee2; 440001d; 6a15663; 6c0cb65; f79cbbc
Psalm,51,Ps 51:19 (LXX Ps 50:19),13,added; bridge_basis_changed; other; provenance_added; removed_marked_historical,2622ee2; 350a0bd; 440001d; 6a15663; 6c0cb65; efbf63c; f79cbbc
Psalm,51,Ps 51:2 (LXX Ps 50:2),10,added; other; provenance_added; removed_marked_historical,2622ee2; 440001d; 6a15663; 6c0cb65; f79cbbc
Psalm,51,Ps 51:2-3 (LXX Ps 50:2-3),10,added; other; provenance_added; removed_marked_historical,2622ee2; 440001d; 6a15663; 6c0cb65; f79cbbc
Psalm,51,Ps 51:3 (LXX Ps 50:3),10,added; other; provenance_added; removed_marked_historical,2622ee2; 440001d; 6a15663; 6c0cb65; f79cbbc
Psalm,51,Ps 51:4 (LXX Ps 50:4),4,added; other,6a15663; 6c0cb65
Psalm,51,Ps 51:4 (LXX Ps 50:6),16,added; other; provenance_added; removed_marked_historical,04cc512; 2622ee2; 440001d; 6a15663; 6c0cb65; f79cbbc
Psalm,51,"Ps 51:4,33:10 (LXX Ps 50:4",19,added; other; provenance_added; removed_marked_historical,04cc512; 2622ee2; 440001d; 6a15663; 6c0cb65; f79cbbc
Psalm,51,"Ps 51:7,51:10 (LXX Ps 50:7",19,added; other; provenance_added; removed_marked_historical,04cc512; 2622ee2; 440001d; 6a15663; 6c0cb65; f79cbbc
Psalm,51,Ps 51:7-8 (LXX Ps 50:7-8),10,added; other; provenance_added; removed_marked_historical,2622ee2; 440001d; 6a15663; 6c0cb65; f79cbbc
Psalm,51,Ps 51:8 (LXX Ps 50:8),13,added; bridge_basis_changed; other; provenance_added; removed_marked_historical,2622ee2; 350a0bd; 440001d; 6a15663; 6c0cb65; efbf63c; f79cbbc
Psalm,51,Ps 51:9 (LXX Ps 50:9),10,added; other; provenance_added; removed_marked_historical,2622ee2; 440001d; 6a15663; 6c0cb65; f79cbbc
Psalm,52,Ps 52:8 (LXX Ps 51:8),13,added; bridge_basis_changed; other; provenance_added; removed_marked_historical,2622ee2; 350a0bd; 440001d; 6a15663; 6c0cb65; efbf63c; f79cbbc
Psalm,52,Ps 52:8-9 (LXX Ps 51:8-9),13,added; bridge_basis_changed; other; provenance_added; removed_marked_historical,2622ee2; 350a0bd; 440001d; 6a15663; 6c0cb65; efbf63c; f79cbbc
Psalm,52,Ps 52:9 (LXX Ps 51:9),13,added; bridge_basis_changed; other; provenance_added; removed_marked_historical,2622ee2; 350a0bd; 440001d; 6a15663; 6c0cb65; efbf63c; f79cbbc
Psalm,54,Ps 54 (LXX Ps 53),10,added; other; provenance_added; removed_marked_historical,2622ee2; 440001d; 6a15663; 6c0cb65; f79cbbc
Psalm,54,Ps 54:1 (LXX Ps 53:1),10,added; other; provenance_added; removed_marked_historical,2622ee2; 440001d; 6a15663; 6c0cb65; f79cbbc
Psalm,54,Ps 54:1),19,added; other; provenance_added; removed_marked_historical,04cc512; 2622ee2; 440001d; 6a15663; 6c0cb65; f79cbbc
Psalm,54,Ps 54:1-2 (LXX Ps 53:1-2),10,added; other; provenance_added; removed_marked_historical,2622ee2; 440001d; 6a15663; 6c0cb65; f79cbbc
Psalm,54,Ps 54:12),19,added; other; provenance_added; removed_marked_historical,04cc512; 2622ee2; 440001d; 6a15663; 6c0cb65; f79cbbc
Psalm,54,Ps 54:2 (LXX Ps 53:2),10,added; other; provenance_added; removed_marked_historical,2622ee2; 440001d; 6a15663; 6c0cb65; f79cbbc
Psalm,55,Ps 55:1 (LXX Ps 54:1),10,added; other; provenance_added; removed_marked_historical,2622ee2; 440001d; 6a15663; 6c0cb65; f79cbbc
Psalm,55,Ps 55:1-2 (LXX Ps 54:1-2),10,added; other; provenance_added; removed_marked_historical,2622ee2; 440001d; 6a15663; 6c0cb65; f79cbbc
Psalm,55,Ps 55:16 (LXX Ps 54:16),10,added; other; provenance_added; removed_marked_historical,2622ee2; 440001d; 6a15663; 6c0cb65; f79cbbc
Psalm,55,Ps 55:16-17 (LXX Ps 54:16-17),10,added; other; provenance_added; removed_marked_historical,2622ee2; 440001d; 6a15663; 6c0cb65; f79cbbc
Psalm,55,Ps 55:2 (LXX Ps 54:2),10,added; other; provenance_added; removed_marked_historical,2622ee2; 440001d; 6a15663; 6c0cb65; f79cbbc
Psalm,55,"Ps 55:21,55:1 (LXX Ps 54:21",19,added; other; provenance_added; removed_marked_historical,04cc512; 2622ee2; 440001d; 6a15663; 6c0cb65; f79cbbc
Psalm,55,"Ps 55:21,55:12 (LXX Ps 54:21",19,added; other; provenance_added; removed_marked_historical,04cc512; 2622ee2; 440001d; 6a15663; 6c0cb65; f79cbbc
Psalm,56,Ps 56:6 (LXX Ps 55:6),10,added; other; provenance_added; removed_marked_historical,2622ee2; 440001d; 6a15663; 6c0cb65; f79cbbc
Psalm,57,Ps 57 (LXX Ps 56),10,added; other; provenance_added; removed_marked_historical,2622ee2; 440001d; 6a15663; 6c0cb65; f79cbbc
Psalm,57,Ps 57:1 (LXX Ps 56:1),19,added; other; provenance_added; removed_marked_historical,04cc512; 2622ee2; 440001d; 6a15663; 6c0cb65; f79cbbc
Psalm,57,Ps 57:10 (LXX Ps 56:10),10,added; other; provenance_added; removed_marked_historical,2622ee2; 440001d; 6a15663; 6c0cb65; f79cbbc
Psalm,57,Ps 57:5 (LXX Ps 56:5),10,added; other; provenance_added; removed_marked_historical,2622ee2; 440001d; 6a15663; 6c0cb65; f79cbbc
Psalm,57,Ps 57:6 (LXX Ps 56:6),10,added; other; provenance_added; removed_marked_historical,2622ee2; 440001d; 6a15663; 6c0cb65; f79cbbc
Psalm,57,Ps 57:8 (LXX Ps 56:8),10,added; other; provenance_added; removed_marked_historical,2622ee2; 440001d; 6a15663; 6c0cb65; f79cbbc
Psalm,57,Ps 57:8-10 (LXX Ps 56:8-10),10,added; other; provenance_added; removed_marked_historical,2622ee2; 440001d; 6a15663; 6c0cb65; f79cbbc
Psalm,57,Ps 57:8-9 (LXX Ps 56:8-9),10,added; other; provenance_added; removed_marked_historical,2622ee2; 440001d; 6a15663; 6c0cb65; f79cbbc
Psalm,57,Ps 57:9 (LXX Ps 56:9),10,added; other; provenance_added; removed_marked_historical,2622ee2; 440001d; 6a15663; 6c0cb65; f79cbbc
Psalm,57,Ps 57:9-10 (LXX Ps 56:9-10),13,added; other; provenance_added; removed_marked_historical,2622ee2; 350a0bd; 440001d; 6a15663; 6c0cb65; efbf63c; f79cbbc
Psalm,58,Ps 58:17),10,added; other; provenance_added; removed_marked_historical,2622ee2; 440001d; 6a15663; 6c0cb65; f79cbbc
Psalm,58,Ps 58:2 (LXX Ps 57:2),19,added; other; provenance_added; removed_marked_historical,04cc512; 2622ee2; 440001d; 6a15663; 6c0cb65; f79cbbc
Psalm,59,"Ps 59:1,69:20 (LXX Ps 58:1",19,added; other; provenance_added; removed_marked_historical,04cc512; 2622ee2; 440001d; 6a15663; 6c0cb65; f79cbbc
Psalm,59,Ps 59:10 (LXX Ps 58:10),13,added; other; provenance_added; removed_marked_historical,2622ee2; 350a0bd; 440001d; 6a15663; 6c0cb65; efbf63c; f79cbbc
Psalm,59,Ps 59:16-17 (LXX Ps 58:16-17),19,added; other; provenance_added; removed_marked_historical,04cc512; 2622ee2; 440001d; 6a15663; 6c0cb65; f79cbbc
Psalm,59,Ps 59:17 (LXX Ps 58:17),13,added; other; provenance_added; removed_marked_historical,2622ee2; 350a0bd; 440001d; 6a15663; 6c0cb65; efbf63c; f79cbbc
Psalm,59,"Ps 59:9-10,59:17 (LXX Ps 58:9-10",10,added; other; provenance_added; removed_marked_historical,2622ee2; 440001d; 6a15663; 6c0cb65; f79cbbc
Psalm,60,Ps 60:4 (LXX Ps 59:4),10,added; other; provenance_added; removed_marked_historical,2622ee2; 440001d; 6a15663; 6c0cb65; f79cbbc
Psalm,60,Ps 60:4-5 (LXX Ps 59:4-5),14,added; bridge_basis_changed; other; provenance_added; removed_marked_historical,2622ee2; 350a0bd; 440001d; 6a15663; 6c0cb65; efbf63c; f79cbbc
Psalm,60,Ps 60:7 (LXX Ps 59:7),10,added; other; provenance_added; removed_marked_historical,2622ee2; 440001d; 6a15663; 6c0cb65; f79cbbc
Psalm,61,Ps 61 (LXX Ps 60),10,added; other; provenance_added; removed_marked_historical,2622ee2; 440001d; 6a15663; 6c0cb65; f79cbbc
Psalm,61,Ps 61:1 (LXX Ps 60:1),10,added; other; provenance_added; removed_marked_historical,2622ee2; 440001d; 6a15663; 6c0cb65; f79cbbc
Psalm,61,Ps 61:1-3 (LXX Ps 60:1-3),13,added; other; provenance_added; removed_marked_historical,2622ee2; 350a0bd; 440001d; 6a15663; 6c0cb65; efbf63c; f79cbbc
Psalm,61,Ps 61:2 (LXX Ps 60:2),13,added; bridge_basis_changed; other; provenance_added; removed_marked_historical,2622ee2; 350a0bd; 440001d; 6a15663; 6c0cb65; efbf63c; f79cbbc
Psalm,61,Ps 61:2),19,added; other; provenance_added; removed_marked_historical,04cc512; 2622ee2; 440001d; 6a15663; 6c0cb65; f79cbbc
Psalm,61,Ps 61:3 (LXX Ps 60:3),13,added; bridge_basis_changed; other; provenance_added; removed_marked_historical,2622ee2; 350a0bd; 440001d; 6a15663; 6c0cb65; efbf63c; f79cbbc
Psalm,61,Ps 61:5 (LXX Ps 60:5),14,added; bridge_basis_changed; other; provenance_added; removed_marked_historical,2622ee2; 350a0bd; 440001d; 6a15663; 6c0cb65; efbf63c; f79cbbc
Psalm,61,Ps 61:5-8 (LXX Ps 60:5-8),13,added; other; provenance_added; removed_marked_historical,2622ee2; 350a0bd; 440001d; 6a15663; 6c0cb65; efbf63c; f79cbbc
Psalm,61,Ps 61:6),19,added; other; provenance_added; removed_marked_historical,04cc512; 2622ee2; 440001d; 6a15663; 6c0cb65; f79cbbc
Psalm,61,Ps 61:8 (LXX Ps 60:8),13,added; other; provenance_added; removed_marked_historical,2622ee2; 350a0bd; 440001d; 6a15663; 6c0cb65; efbf63c; f79cbbc
Psalm,62,Ps 62:2 (LXX Ps 61:2),10,added; other; provenance_added; removed_marked_historical,2622ee2; 440001d; 6a15663; 6c0cb65; f79cbbc
Psalm,62,Ps 62:3 (LXX Ps 61:3),10,added; other; provenance_added; removed_marked_historical,2622ee2; 440001d; 6a15663; 6c0cb65; f79cbbc
Psalm,62,Ps 62:5 (LXX Ps 61:5),10,added; other; provenance_added; removed_marked_historical,2622ee2; 440001d; 6a15663; 6c0cb65; f79cbbc
Psalm,62,"Ps 62:7,62:2 (LXX Ps 61:7",19,added; other; provenance_added; removed_marked_historical,04cc512; 2622ee2; 440001d; 6a15663; 6c0cb65; f79cbbc
Psalm,62,"Ps 62:7,62:6 (LXX Ps 61:7",19,added; other; provenance_added; removed_marked_historical,04cc512; 2622ee2; 440001d; 6a15663; 6c0cb65; f79cbbc
Psalm,63,Ps 63 (LXX Ps 62),10,added; other; provenance_added; removed_marked_historical,2622ee2; 440001d; 6a15663; 6c0cb65; f79cbbc
Psalm,63,Ps 63:1 (LXX Ps 62:1),10,added; other; provenance_added; removed_marked_historical,2622ee2; 440001d; 6a15663; 6c0cb65; f79cbbc
Psalm,63,Ps 63:1-2 (LXX Ps 62:1-2),13,added; other; provenance_added; removed_marked_historical,2622ee2; 350a0bd; 440001d; 6a15663; 6c0cb65; efbf63c; f79cbbc
Psalm,63,Ps 63:2 (LXX Ps 62:2),10,added; other; provenance_added; removed_marked_historical,2622ee2; 440001d; 6a15663; 6c0cb65; f79cbbc
Psalm,63,Ps 63:2),19,added; other; provenance_added; removed_marked_historical,04cc512; 2622ee2; 440001d; 6a15663; 6c0cb65; f79cbbc
Psalm,63,Ps 63:3 (LXX Ps 62:3),13,added; other; provenance_added; removed_marked_historical,2622ee2; 350a0bd; 440001d; 6a15663; 6c0cb65; efbf63c; f79cbbc
Psalm,63,Ps 63:4 (LXX Ps 62:4),13,added; other; provenance_added; removed_marked_historical,2622ee2; 350a0bd; 440001d; 6a15663; 6c0cb65; efbf63c; f79cbbc
Psalm,63,Ps 63:6 (LXX Ps 62:6),13,added; other; provenance_added; removed_marked_historical,2622ee2; 350a0bd; 440001d; 6a15663; 6c0cb65; efbf63c; f79cbbc
Psalm,64,"Ps 64:1,64:2 (LXX Ps 63:1",19,added; other; provenance_added; removed_marked_historical,04cc512; 2622ee2; 440001d; 6a15663; 6c0cb65; f79cbbc
Psalm,64,Ps 64:1-2 (LXX Ps 63:1-2),10,added; other; provenance_added; removed_marked_historical,2622ee2; 440001d; 6a15663; 6c0cb65; f79cbbc
Psalm,64,Ps 64:10 (LXX Ps 63:10),14,added; bridge_basis_changed; other; provenance_added; removed_marked_historical,2622ee2; 350a0bd; 440001d; 6a15663; 6c0cb65; efbf63c; f79cbbc
Psalm,64,Ps 64:4),19,added; other; provenance_added; removed_marked_historical,04cc512; 2622ee2; 440001d; 6a15663; 6c0cb65; f79cbbc
Psalm,65,Ps 65:1 (LXX Ps 64:1),10,added; other; provenance_added; removed_marked_historical,2622ee2; 440001d; 6a15663; 6c0cb65; f79cbbc
Psalm,65,Ps 65:1-2 (LXX Ps 64:1-2),14,added; bridge_basis_changed; other; provenance_added; removed_marked_historical,2622ee2; 350a0bd; 440001d; 6a15663; 6c0cb65; efbf63c; f79cbbc
Psalm,65,Ps 65:10-11 (LXX Ps 64:10-11),13,added; other; provenance_added; removed_marked_historical,2622ee2; 350a0bd; 440001d; 6a15663; 6c0cb65; efbf63c; f79cbbc
Psalm,65,Ps 65:11 (LXX Ps 64:11),13,added; bridge_basis_changed; other; provenance_added; removed_marked_historical,2622ee2; 350a0bd; 440001d; 6a15663; 6c0cb65; efbf63c; f79cbbc
Psalm,65,Ps 65:12 (LXX Ps 64:12),13,added; bridge_basis_changed; other; provenance_added; removed_marked_historical,2622ee2; 350a0bd; 440001d; 6a15663; 6c0cb65; efbf63c; f79cbbc
Psalm,65,Ps 65:2 (LXX Ps 64:2),13,added; other; provenance_added; removed_marked_historical,2622ee2; 350a0bd; 440001d; 6a15663; 6c0cb65; efbf63c; f79cbbc
Psalm,65,Ps 65:2),10,added; other; provenance_added; removed_marked_historical,2622ee2; 440001d; 6a15663; 6c0cb65; f79cbbc
Psalm,65,Ps 65:2-3 (LXX Ps 64:2-3),10,added; other; provenance_added; removed_marked_historical,2622ee2; 440001d; 6a15663; 6c0cb65; f79cbbc
Psalm,65,Ps 65:3 (LXX Ps 64:3),10,added; other; provenance_added; removed_marked_historical,2622ee2; 440001d; 6a15663; 6c0cb65; f79cbbc
Psalm,65,Ps 65:4 (LXX Ps 64:4),19,added; other; provenance_added; removed_marked_historical,04cc512; 2622ee2; 440001d; 6a15663; 6c0cb65; f79cbbc
Psalm,65,Ps 65:4),10,added; other; provenance_added; removed_marked_historical,2622ee2; 440001d; 6a15663; 6c0cb65; f79cbbc
Psalm,65,Ps 65:4-5 (LXX Ps 64:4-5),14,added; bridge_basis_changed; other; provenance_added; removed_marked_historical,2622ee2; 350a0bd; 440001d; 6a15663; 6c0cb65; efbf63c; f79cbbc
Psalm,65,"Ps 65:5,65:4 (LXX Ps 64:5",19,added; other; provenance_added; removed_marked_historical,04cc512; 2622ee2; 440001d; 6a15663; 6c0cb65; f79cbbc
Psalm,65,Ps 65:6 (LXX Ps 64:6),10,added; other; provenance_added; removed_marked_historical,2622ee2; 440001d; 6a15663; 6c0cb65; f79cbbc
Psalm,65,Ps 65:9 (LXX Ps 64:9),13,added; other; provenance_added; removed_marked_historical,2622ee2; 350a0bd; 440001d; 6a15663; 6c0cb65; efbf63c; f79cbbc
Psalm,65,Ps 65:9-10 (LXX Ps 64:9-10),10,added; other; provenance_added; removed_marked_historical,2622ee2; 440001d; 6a15663; 6c0cb65; f79cbbc
Psalm,66,Ps 66:1 (LXX Ps 65:1),13,added; other; provenance_added; removed_marked_historical,2622ee2; 350a0bd; 440001d; 6a15663; 6c0cb65; efbf63c; f79cbbc
Psalm,66,"Ps 66:1,66:2 (LXX Ps 65:1",10,added; other; provenance_added; removed_marked_historical,2622ee2; 440001d; 6a15663; 6c0cb65; f79cbbc
Psalm,66,"Ps 66:1-2,66:4 (LXX Ps 65:1-2",10,added; other; provenance_added; removed_marked_historical,2622ee2; 440001d; 6a15663; 6c0cb65; f79cbbc
Psalm,66,Ps 66:12 (LXX Ps 65:12),13,added; bridge_basis_changed; other; provenance_added; removed_marked_historical,2622ee2; 350a0bd; 440001d; 6a15663; 6c0cb65; efbf63c; f79cbbc
Psalm,66,Ps 66:12-14 (LXX Ps 65:12-14),14,added; bridge_basis_changed; other; provenance_added; removed_marked_historical,2622ee2; 350a0bd; 440001d; 6a15663; 6c0cb65; efbf63c; f79cbbc
Psalm,66,Ps 66:13-15 (LXX Ps 65:13-15),14,added; bridge_basis_changed; other; provenance_added; removed_marked_historical,2622ee2; 350a0bd; 440001d; 6a15663; 6c0cb65; efbf63c; f79cbbc
Psalm,66,Ps 66:2 (LXX Ps 65:2),13,added; other; provenance_added; removed_marked_historical,2622ee2; 350a0bd; 440001d; 6a15663; 6c0cb65; efbf63c; f79cbbc
Psalm,66,Ps 66:4 (LXX Ps 65:4),13,added; other; provenance_added; removed_marked_historical,2622ee2; 350a0bd; 440001d; 6a15663; 6c0cb65; efbf63c; f79cbbc
Psalm,66,Ps 66:5-6 (LXX Ps 65:5-6),13,added; other; provenance_added; removed_marked_historical,2622ee2; 350a0bd; 440001d; 6a15663; 6c0cb65; efbf63c; f79cbbc
Psalm,66,Ps 66:6 (LXX Ps 65:6),10,added; other; provenance_added; removed_marked_historical,2622ee2; 440001d; 6a15663; 6c0cb65; f79cbbc
Psalm,66,Ps 66:8 (LXX Ps 65:8),13,added; bridge_basis_changed; other; provenance_added; removed_marked_historical,2622ee2; 350a0bd; 440001d; 6a15663; 6c0cb65; efbf63c; f79cbbc
Psalm,67,Ps 67 (LXX Ps 66),10,added; other; provenance_added; removed_marked_historical,2622ee2; 440001d; 6a15663; 6c0cb65; f79cbbc
Psalm,67,Ps 67:1 (LXX Ps 66:1),10,added; other; provenance_added; removed_marked_historical,2622ee2; 440001d; 6a15663; 6c0cb65; f79cbbc
Psalm,67,Ps 67:1-2 (LXX Ps 66:1-2),13,added; other; provenance_added; removed_marked_historical,2622ee2; 350a0bd; 440001d; 6a15663; 6c0cb65; efbf63c; f79cbbc
Psalm,67,Ps 67:3-4 (LXX Ps 66:3-4),13,added; other; provenance_added; removed_marked_historical,2622ee2; 350a0bd; 440001d; 6a15663; 6c0cb65; efbf63c; f79cbbc
Psalm,67,Ps 67:35),29,added; other; provenance_added; removed_marked_historical,04cc512; 2622ee2; 440001d; 6a15663; 6c0cb65; f79cbbc
Psalm,67,Ps 67:5 (LXX Ps 66:5),10,added; other; provenance_added; removed_marked_historical,2622ee2; 440001d; 6a15663; 6c0cb65; f79cbbc
Psalm,67,Ps 67:5-7 (LXX Ps 66:5-7),10,added; other; provenance_added; removed_marked_historical,2622ee2; 440001d; 6a15663; 6c0cb65; f79cbbc
Psalm,67,Ps 67:6 (LXX Ps 66:6),10,added; other; provenance_added; removed_marked_historical,2622ee2; 440001d; 6a15663; 6c0cb65; f79cbbc
Psalm,67,Ps 67:6-7 (LXX Ps 66:6-7),10,added; other; provenance_added; removed_marked_historical,2622ee2; 440001d; 6a15663; 6c0cb65; f79cbbc
Psalm,67,Ps 67:7 (LXX Ps 66:7),10,added; other; provenance_added; removed_marked_historical,2622ee2; 440001d; 6a15663; 6c0cb65; f79cbbc
Psalm,68,Ps 68:11 (LXX Ps 67:11),14,added; bridge_basis_changed; other; provenance_added; removed_marked_historical,2622ee2; 350a0bd; 440001d; 6a15663; 6c0cb65; efbf63c; f79cbbc
Psalm,68,"Ps 68:11,68:35 (LXX Ps 67:11",10,added; other; provenance_added; removed_marked_historical,2622ee2; 440001d; 6a15663; 6c0cb65; f79cbbc
Psalm,68,Ps 68:11-12 (LXX Ps 67:11-12),14,added; bridge_basis_changed; other; provenance_added; removed_marked_historical,2622ee2; 350a0bd; 440001d; 6a15663; 6c0cb65; efbf63c; f79cbbc
Psalm,68,Ps 68:16 (LXX Ps 67:16),13,added; bridge_basis_changed; other; provenance_added; removed_marked_historical,2622ee2; 350a0bd; 440001d; 6a15663; 6c0cb65; efbf63c; f79cbbc
Psalm,68,Ps 68:16),19,added; other; provenance_added; removed_marked_historical,04cc512; 2622ee2; 440001d; 6a15663; 6c0cb65; f79cbbc
Psalm,68,Ps 68:17 (LXX Ps 67:17),9,added; bridge_basis_changed; other; provenance_added; removed_marked_historical,2622ee2; 350a0bd; 440001d; 6a15663; efbf63c; f79cbbc
Psalm,68,Ps 68:17 (LXX Ps 69:16),4,added; other,6a15663; 6c0cb65
Psalm,68,Ps 68:17),19,added; other; provenance_added; removed_marked_historical,04cc512; 2622ee2; 440001d; 6a15663; 6c0cb65; f79cbbc
Psalm,68,Ps 68:18-19 (LXX Ps 67:18-19),10,added; other; provenance_added; removed_marked_historical,2622ee2; 440001d; 6a15663; 6c0cb65; f79cbbc
Psalm,68,Ps 68:19 (LXX Ps 67:19),13,added; other; provenance_added; removed_marked_historical,2622ee2; 350a0bd; 440001d; 6a15663; 6c0cb65; efbf63c; f79cbbc
Psalm,68,"Ps 68:19,68:35 (LXX Ps 67:19",19,added; other; provenance_added; removed_marked_historical,04cc512; 2622ee2; 440001d; 6a15663; 6c0cb65; f79cbbc
Psalm,68,Ps 68:20),19,added; other; provenance_added; removed_marked_historical,04cc512; 2622ee2; 440001d; 6a15663; 6c0cb65; f79cbbc
Psalm,68,Ps 68:21 (LXX Ps 67:21),19,added; other; provenance_added; removed_marked_historical,04cc512; 2622ee2; 440001d; 6a15663; 6c0cb65; f79cbbc
Psalm,68,Ps 68:21),38,added; other; provenance_added; removed_marked_historical,04cc512; 2622ee2; 440001d; 6a15663; 6c0cb65; f79cbbc
Psalm,68,Ps 68:24 (LXX Ps 67:24),14,added; bridge_basis_changed; other; provenance_added; removed_marked_historical,2622ee2; 350a0bd; 440001d; 6a15663; 6c0cb65; efbf63c; f79cbbc
Psalm,68,Ps 68:25 (LXX Ps 67:25),10,added; other; provenance_added; removed_marked_historical,2622ee2; 440001d; 6a15663; 6c0cb65; f79cbbc
Psalm,68,Ps 68:25-26 (LXX Ps 67:25-26),14,added; bridge_basis_changed; other; provenance_added; removed_marked_historical,2622ee2; 350a0bd; 440001d; 6a15663; 6c0cb65; efbf63c; f79cbbc
Psalm,68,Ps 68:26 (LXX Ps 67:26),14,added; bridge_basis_changed; other; provenance_added; removed_marked_historical,2622ee2; 350a0bd; 440001d; 6a15663; 6c0cb65; efbf63c; f79cbbc
Psalm,68,Ps 68:27 (LXX Ps 67:27),10,added; other; provenance_added; removed_marked_historical,2622ee2; 440001d; 6a15663; 6c0cb65; f79cbbc
Psalm,68,Ps 68:3,19,added; other; provenance_added; removed_marked_historical,04cc512; 2622ee2; 440001d; 6a15663; 6c0cb65; f79cbbc
Psalm,68,Ps 68:3 (LXX Ps 67:3),14,added; bridge_basis_changed; other; provenance_added; removed_marked_historical,2622ee2; 350a0bd; 440001d; 6a15663; 6c0cb65; efbf63c; f79cbbc
Psalm,68,Ps 68:32-33 (LXX Ps 67:32-33),10,added; other; provenance_added; removed_marked_historical,2622ee2; 440001d; 6a15663; 6c0cb65; f79cbbc
Psalm,68,Ps 68:32-34 (LXX Ps 67:32-34),10,added; other; provenance_added; removed_marked_historical,2622ee2; 440001d; 6a15663; 6c0cb65; f79cbbc
Psalm,68,Ps 68:35 (LXX Ps 67:35),14,added; bridge_basis_changed; other; provenance_added; removed_marked_historical,2622ee2; 350a0bd; 440001d; 6a15663; 6c0cb65; efbf63c; f79cbbc
Psalm,68,Ps 68:65 (LXX Ps 67:65),10,added; other; provenance_added; removed_marked_historical,2622ee2; 440001d; 6a15663; 6c0cb65; f79cbbc
Psalm,68,Ps 68:9),19,added; other; provenance_added; removed_marked_historical,04cc512; 2622ee2; 440001d; 6a15663; 6c0cb65; f79cbbc
Psalm,69,"Ps 69:1,69:16 (LXX Ps 68:1",19,added; other; provenance_added; removed_marked_historical,04cc512; 2622ee2; 440001d; 6a15663; 6c0cb65; f79cbbc
Psalm,69,"Ps 69:1,69:9 (LXX Ps 68:1",19,added; other; provenance_added; removed_marked_historical,04cc512; 2622ee2; 440001d; 6a15663; 6c0cb65; f79cbbc
Psalm,69,"Ps 69:1-2,69:21 (LXX Ps 68:1-2",19,added; other; provenance_added; removed_marked_historical,04cc512; 2622ee2; 440001d; 6a15663; 6c0cb65; f79cbbc
Psalm,69,Ps 69:16 (LXX Ps 68:17),16,added; other; provenance_added; removed_marked_historical,04cc512; 2622ee2; 440001d; 6a15663; 6c0cb65; f79cbbc
Psalm,69,Ps 69:17 (LXX Ps 68:17),21,added; other; provenance_added; removed_marked_historical,04cc512; 2622ee2; 440001d; 6a15663; 6c0cb65; f79cbbc
Psalm,69,Ps 69:2),10,added; other; provenance_added; removed_marked_historical,2622ee2; 440001d; 6a15663; 6c0cb65; f79cbbc
Psalm,69,"Ps 69:2,69:3,69:21 (LXX Ps 68:2",19,added; other; provenance_added; removed_marked_historical,04cc512; 2622ee2; 440001d; 6a15663; 6c0cb65; f79cbbc
Psalm,69,Ps 69:25-26 (LXX Ps 68:25-26),10,added; other; provenance_added; removed_marked_historical,2622ee2; 440001d; 6a15663; 6c0cb65; f79cbbc
Psalm,69,Ps 69:30 (LXX Ps 68:30),13,added; other; provenance_added; removed_marked_historical,2622ee2; 350a0bd; 440001d; 6a15663; 6c0cb65; efbf63c; f79cbbc
Psalm,69,Ps 69:32 (LXX Ps 68:32),13,added; other; provenance_added; removed_marked_historical,2622ee2; 350a0bd; 440001d; 6a15663; 6c0cb65; efbf63c; f79cbbc
Psalm,69,Ps 69:33 (LXX Ps 68:33),13,added; other; provenance_added; removed_marked_historical,2622ee2; 350a0bd; 440001d; 6a15663; 6c0cb65; efbf63c; f79cbbc
Psalm,70,Ps 70 (LXX Ps 69),10,added; other; provenance_added; removed_marked_historical,2622ee2; 440001d; 6a15663; 6c0cb65; f79cbbc
Psalm,70,Ps 70:1 (LXX Ps 69:1),10,added; other; provenance_added; removed_marked_historical,2622ee2; 440001d; 6a15663; 6c0cb65; f79cbbc
Psalm,70,"Ps 70:1,70:2 (LXX Ps 69:1",10,added; other; provenance_added; removed_marked_historical,2622ee2; 440001d; 6a15663; 6c0cb65; f79cbbc
Psalm,70,Ps 70:1-2 (LXX Ps 69:1-2),10,added; other; provenance_added; removed_marked_historical,2622ee2; 440001d; 6a15663; 6c0cb65; f79cbbc
Psalm,70,Ps 70:5 (LXX Ps 69:5),14,added; bridge_basis_changed; other; provenance_added; removed_marked_historical,2622ee2; 350a0bd; 440001d; 6a15663; 6c0cb65; efbf63c; f79cbbc
Psalm,71,Ps 71:18-19 (LXX Ps 70:18-19),19,added; other; provenance_added; removed_marked_historical,04cc512; 2622ee2; 440001d; 6a15663; 6c0cb65; f79cbbc
Psalm,71,Ps 71:5-7 (LXX Ps 70:5-7),13,added; other; provenance_added; removed_marked_historical,2622ee2; 350a0bd; 440001d; 6a15663; 6c0cb65; efbf63c; f79cbbc
Psalm,71,Ps 71:7-8 (LXX Ps 70:7-8),13,added; other; provenance_added; removed_marked_historical,2622ee2; 350a0bd; 440001d; 6a15663; 6c0cb65; efbf63c; f79cbbc
Psalm,72,Ps 72:1-19 (LXX Ps 71:1-19),19,added; other; provenance_added; removed_marked_historical,04cc512; 2622ee2; 440001d; 6a15663; 6c0cb65; f79cbbc
Psalm,72,Ps 72:1-2 (LXX Ps 71:1-2),13,added; bridge_basis_changed; other; provenance_added; removed_marked_historical,2622ee2; 350a0bd; 440001d; 6a15663; 6c0cb65; efbf63c; f79cbbc
Psalm,72,Ps 72:10 (LXX Ps 71:10),13,added; bridge_basis_changed; other; provenance_added; removed_marked_historical,2622ee2; 350a0bd; 440001d; 6a15663; 6c0cb65; efbf63c; f79cbbc
Psalm,72,Ps 72:11 (LXX Ps 71:11),13,added; bridge_basis_changed; other; provenance_added; removed_marked_historical,2622ee2; 350a0bd; 440001d; 6a15663; 6c0cb65; efbf63c; f79cbbc
Psalm,72,Ps 72:15 (LXX Ps 71:15),13,added; bridge_basis_changed; other; provenance_added; removed_marked_historical,2622ee2; 350a0bd; 440001d; 6a15663; 6c0cb65; efbf63c; f79cbbc
Psalm,72,Ps 72:17 (LXX Ps 71:17),13,added; bridge_basis_changed; other; provenance_added; removed_marked_historical,2622ee2; 350a0bd; 440001d; 6a15663; 6c0cb65; efbf63c; f79cbbc
Psalm,72,Ps 72:18-19 (LXX Ps 71:18-19),19,added; other; provenance_added; removed_marked_historical,04cc512; 2622ee2; 440001d; 6a15663; 6c0cb65; f79cbbc
Psalm,72,Ps 72:19 (LXX Ps 71:19),13,added; bridge_basis_changed; other; provenance_added; removed_marked_historical,2622ee2; 350a0bd; 440001d; 6a15663; 6c0cb65; efbf63c; f79cbbc
Psalm,72,Ps 72:24,10,added; other; provenance_added; removed_marked_historical,2622ee2; 440001d; 6a15663; 6c0cb65; f79cbbc
Psalm,72,Ps 72:28),10,added; other; provenance_added; removed_marked_historical,2622ee2; 440001d; 6a15663; 6c0cb65; f79cbbc
Psalm,72,Ps 72:6-7 (LXX Ps 71:6-7),14,added; bridge_basis_changed; other; provenance_added; removed_marked_historical,2622ee2; 350a0bd; 440001d; 6a15663; 6c0cb65; efbf63c; f79cbbc
Psalm,73,Ps 73:23 (LXX Ps 72:23),14,added; bridge_basis_changed; other; provenance_added; removed_marked_historical,2622ee2; 350a0bd; 440001d; 6a15663; 6c0cb65; efbf63c; f79cbbc
Psalm,73,"Ps 73:23,73:24,73:28 (LXX Ps 72:23",10,added; other; provenance_added; removed_marked_historical,2622ee2; 440001d; 6a15663; 6c0cb65; f79cbbc
Psalm,73,Ps 73:24 (LXX Ps 72:24),14,added; bridge_basis_changed; other; provenance_added; removed_marked_historical,2622ee2; 350a0bd; 440001d; 6a15663; 6c0cb65; efbf63c; f79cbbc
Psalm,73,Ps 73:28 (LXX Ps 72:28),14,added; bridge_basis_changed; other; provenance_added; removed_marked_historical,2622ee2; 350a0bd; 440001d; 6a15663; 6c0cb65; efbf63c; f79cbbc
Psalm,74,Ps 74:12 (LXX Ps 73:12),14,added; bridge_basis_changed; other; provenance_added; removed_marked_historical,2622ee2; 350a0bd; 440001d; 6a15663; 6c0cb65; efbf63c; f79cbbc
Psalm,74,Ps 74:13 (LXX Ps 73:13),10,added; other; provenance_added; removed_marked_historical,2622ee2; 440001d; 6a15663; 6c0cb65; f79cbbc
Psalm,74,Ps 74:2 (LXX Ps 73:2),14,added; bridge_basis_changed; other; provenance_added; removed_marked_historical,2622ee2; 350a0bd; 440001d; 6a15663; 6c0cb65; efbf63c; f79cbbc
Psalm,74,Ps 74:22 (LXX Ps 73:22),10,added; other; provenance_added; removed_marked_historical,2622ee2; 440001d; 6a15663; 6c0cb65; f79cbbc
Psalm,74,Ps 74:23 (LXX Ps 73:23),10,added; other; provenance_added; removed_marked_historical,2622ee2; 440001d; 6a15663; 6c0cb65; f79cbbc
Psalm,76,Ps 76:1 (LXX Ps 75:1),10,added; other; provenance_added; removed_marked_historical,2622ee2; 440001d; 6a15663; 6c0cb65; f79cbbc
Psalm,76,Ps 76:1-2 (LXX Ps 75:1-2),13,added; bridge_basis_changed; other; provenance_added; removed_marked_historical,2622ee2; 350a0bd; 440001d; 6a15663; 6c0cb65; efbf63c; f79cbbc
Psalm,76,Ps 76:2 (LXX Ps 75:2),10,added; other; provenance_added; removed_marked_historical,2622ee2; 440001d; 6a15663; 6c0cb65; f79cbbc
Psalm,77,Ps 77:14-16 (LXX Ps 76:14-16),13,added; bridge_basis_changed; other; provenance_added; removed_marked_historical,2622ee2; 350a0bd; 440001d; 6a15663; 6c0cb65; efbf63c; f79cbbc
Psalm,77,Ps 77:18-19 (LXX Ps 76:18-19),13,added; bridge_basis_changed; other; provenance_added; removed_marked_historical,2622ee2; 350a0bd; 440001d; 6a15663; 6c0cb65; efbf63c; f79cbbc
Psalm,77,Ps 77:2 (LXX Ps 76:2),10,added; other; provenance_added; removed_marked_historical,2622ee2; 440001d; 6a15663; 6c0cb65; f79cbbc
Psalm,77,Ps 77:23),10,added; other; provenance_added; removed_marked_historical,2622ee2; 440001d; 6a15663; 6c0cb65; f79cbbc
Psalm,78,Ps 78:20 (LXX Ps 77:20),13,added; bridge_basis_changed; other; provenance_added; removed_marked_historical,2622ee2; 350a0bd; 440001d; 6a15663; 6c0cb65; efbf63c; f79cbbc
Psalm,78,"Ps 78:20,78:23 (LXX Ps 77:20",10,added; other; provenance_added; removed_marked_historical,2622ee2; 440001d; 6a15663; 6c0cb65; f79cbbc
Psalm,78,Ps 78:23 (LXX Ps 77:23),13,added; bridge_basis_changed; other; provenance_added; removed_marked_historical,2622ee2; 350a0bd; 440001d; 6a15663; 6c0cb65; efbf63c; f79cbbc
Psalm,78,Ps 78:38-39 (LXX Ps 77:38-39),10,added; other; provenance_added; removed_marked_historical,2622ee2; 440001d; 6a15663; 6c0cb65; f79cbbc
Psalm,78,Ps 78:5 (LXX Ps 77:5),14,added; bridge_basis_changed; other; provenance_added; removed_marked_historical,2622ee2; 350a0bd; 440001d; 6a15663; 6c0cb65; efbf63c; f79cbbc
Psalm,78,Ps 78:65 (LXX Ps 77:65),10,added; other; provenance_added; removed_marked_historical,2622ee2; 440001d; 6a15663; 6c0cb65; f79cbbc
Psalm,78,Ps 78:69 (LXX Ps 77:69),10,added; other; provenance_added; removed_marked_historical,2622ee2; 440001d; 6a15663; 6c0cb65; f79cbbc
Psalm,78,Ps 78:70-72 (LXX Ps 77:70-72),13,added; other; provenance_added; removed_marked_historical,2622ee2; 350a0bd; 440001d; 6a15663; 6c0cb65; efbf63c; f79cbbc
Psalm,79,Ps 79:1,19,added; other; provenance_added; removed_marked_historical,04cc512; 2622ee2; 440001d; 6a15663; 6c0cb65; f79cbbc
Psalm,79,Ps 79:13 (LXX Ps 78:13),13,added; other; provenance_added; removed_marked_historical,2622ee2; 350a0bd; 440001d; 6a15663; 6c0cb65; efbf63c; f79cbbc
Psalm,79,Ps 79:2),19,added; other; provenance_added; removed_marked_historical,04cc512; 2622ee2; 440001d; 6a15663; 6c0cb65; f79cbbc
Psalm,79,Ps 79:8 (LXX Ps 78:8),10,added; other; provenance_added; removed_marked_historical,2622ee2; 440001d; 6a15663; 6c0cb65; f79cbbc
Psalm,79,Ps 79:8-9 (LXX Ps 78:8-9),10,added; other; provenance_added; removed_marked_historical,2622ee2; 440001d; 6a15663; 6c0cb65; f79cbbc
Psalm,79,Ps 79:9 (LXX Ps 78:9),13,added; other; provenance_added; removed_marked_historical,2622ee2; 350a0bd; 440001d; 6a15663; 6c0cb65; efbf63c; f79cbbc
Psalm,80,Ps 80:1 (LXX Ps 79:1),10,added; other; provenance_added; removed_marked_historical,2622ee2; 440001d; 6a15663; 6c0cb65; f79cbbc
Psalm,80,Ps 80:1-3 (LXX Ps 79:1-3),14,added; bridge_basis_changed; other; provenance_added; removed_marked_historical,2622ee2; 350a0bd; 440001d; 6a15663; 6c0cb65; efbf63c; f79cbbc
Psalm,80,Ps 80:14-15 (LXX Ps 79:14-15),13,added; other; provenance_added; removed_marked_historical,2622ee2; 350a0bd; 440001d; 6a15663; 6c0cb65; efbf63c; f79cbbc
Psalm,80,Ps 80:18 (LXX Ps 79:18),10,added; other; provenance_added; removed_marked_historical,2622ee2; 440001d; 6a15663; 6c0cb65; f79cbbc
Psalm,80,Ps 80:2 (LXX Ps 79:2),10,added; other; provenance_added; removed_marked_historical,2622ee2; 440001d; 6a15663; 6c0cb65; f79cbbc
Psalm,80,Ps 80:3 (LXX Ps 79:3),10,added; other; provenance_added; removed_marked_historical,2622ee2; 440001d; 6a15663; 6c0cb65; f79cbbc
Psalm,80,"Ps 80:3,80:1,80:2 (LXX Ps 79:3",19,added; other; provenance_added; removed_marked_historical,04cc512; 2622ee2; 440001d; 6a15663; 6c0cb65; f79cbbc
Psalm,80,Ps 80:7 (LXX Ps 79:7),10,added; other; provenance_added; removed_marked_historical,2622ee2; 440001d; 6a15663; 6c0cb65; f79cbbc
Psalm,81,Ps 81:1 (LXX Ps 80:1),13,added; bridge_basis_changed; other; provenance_added; removed_marked_historical,2622ee2; 350a0bd; 440001d; 6a15663; 6c0cb65; efbf63c; f79cbbc
Psalm,81,Ps 81:2 (LXX Ps 80:2),10,added; other; provenance_added; removed_marked_historical,2622ee2; 440001d; 6a15663; 6c0cb65; f79cbbc
Psalm,81,Ps 81:3 (LXX Ps 80:3),10,added; other; provenance_added; removed_marked_historical,2622ee2; 440001d; 6a15663; 6c0cb65; f79cbbc
Psalm,81,Ps 81:6 (LXX Ps 80:6),10,added; other; provenance_added; removed_marked_historical,2622ee2; 440001d; 6a15663; 6c0cb65; f79cbbc
Psalm,81,Ps 81:8 (LXX Ps 80:8),10,added; other; provenance_added; removed_marked_historical,2622ee2; 440001d; 6a15663; 6c0cb65; f79cbbc
Psalm,82,Ps 82:5),21,added; other; provenance_added; removed_marked_historical,04cc512; 2622ee2; 440001d; 6a15663; 6c0cb65; f79cbbc
Psalm,82,Ps 82:6 (LXX Ps 81:6),13,added; other; provenance_added; removed_marked_historical,2622ee2; 350a0bd; 440001d; 6a15663; 6c0cb65; efbf63c; f79cbbc
Psalm,82,Ps 82:8 (LXX Ps 81:8),22,added; other; provenance_added; removed_marked_historical,04cc512; 2622ee2; 350a0bd; 440001d; 6a15663; 6c0cb65; efbf63c; f79cbbc
Psalm,83,"Ps 83:2,83:5 (LXX Ps 82:2",21,added; other; provenance_added; removed_marked_historical,04cc512; 2622ee2; 440001d; 6a15663; 6c0cb65; f79cbbc
Psalm,83,Ps 83:7 (LXX Ps 82:7),13,added; other; provenance_added; removed_marked_historical,2622ee2; 350a0bd; 440001d; 6a15663; 6c0cb65; efbf63c; f79cbbc
Psalm,84,Ps 84 (LXX Ps 83),10,added; other; provenance_added; removed_marked_historical,2622ee2; 440001d; 6a15663; 6c0cb65; f79cbbc
Psalm,84,Ps 84:1 (LXX Ps 83:2),16,added; other; provenance_added; removed_marked_historical,04cc512; 2622ee2; 440001d; 6a15663; 6c0cb65; f79cbbc
Psalm,84,Ps 84:1-2 (LXX Ps 83:1-2),10,added; other; provenance_added; removed_marked_historical,2622ee2; 440001d; 6a15663; 6c0cb65; f79cbbc
Psalm,84,Ps 84:2-3 (LXX Ps 83:2-3),10,added; other; provenance_added; removed_marked_historical,2622ee2; 440001d; 6a15663; 6c0cb65; f79cbbc
Psalm,84,Ps 84:3-4 (LXX Ps 83:3-4),14,added; bridge_basis_changed; other; provenance_added; removed_marked_historical,2622ee2; 350a0bd; 440001d; 6a15663; 6c0cb65; efbf63c; f79cbbc
Psalm,84,Ps 84:4 (LXX Ps 83:4),4,added; other,6a15663; 6c0cb65
Psalm,84,Ps 84:4 (LXX Ps 83:5),19,added; other; provenance_added; removed_marked_historical,04cc512; 2622ee2; 350a0bd; 440001d; 6a15663; 6c0cb65; efbf63c; f79cbbc
Psalm,84,Ps 84:8 (LXX Ps 83:8),13,added; other; provenance_added; removed_marked_historical,2622ee2; 350a0bd; 440001d; 6a15663; 6c0cb65; efbf63c; f79cbbc
Psalm,85,Ps 85 (LXX Ps 84),10,added; other; provenance_added; removed_marked_historical,2622ee2; 440001d; 6a15663; 6c0cb65; f79cbbc
Psalm,85,Ps 85:10-11 (LXX Ps 84:10-11),13,added; other; provenance_added; removed_marked_historical,2622ee2; 350a0bd; 440001d; 6a15663; 6c0cb65; efbf63c; f79cbbc
Psalm,85,Ps 85:12-13 (LXX Ps 84:12-13),10,added; other; provenance_added; removed_marked_historical,2622ee2; 440001d; 6a15663; 6c0cb65; f79cbbc
Psalm,85,Ps 85:7 (LXX Ps 84:7),10,added; other; provenance_added; removed_marked_historical,2622ee2; 440001d; 6a15663; 6c0cb65; f79cbbc
Psalm,85,Ps 85:7-8 (LXX Ps 84:7-8),13,added; other; provenance_added; removed_marked_historical,2622ee2; 350a0bd; 440001d; 6a15663; 6c0cb65; efbf63c; f79cbbc
Psalm,85,Ps 85:8 (LXX Ps 84:8),10,added; other; provenance_added; removed_marked_historical,2622ee2; 440001d; 6a15663; 6c0cb65; f79cbbc
Psalm,86,Ps 86 (LXX Ps 85),10,added; other; provenance_added; removed_marked_historical,2622ee2; 440001d; 6a15663; 6c0cb65; f79cbbc
Psalm,86,Ps 86:10 (LXX Ps 85:10),13,added; other; provenance_added; removed_marked_historical,2622ee2; 350a0bd; 440001d; 6a15663; 6c0cb65; efbf63c; f79cbbc
Psalm,86,Ps 86:12 (LXX Ps 85:12),13,added; other; provenance_added; removed_marked_historical,2622ee2; 350a0bd; 440001d; 6a15663; 6c0cb65; efbf63c; f79cbbc
Psalm,86,Ps 86:12-13 (LXX Ps 85:12-13),13,added; other; provenance_added; removed_marked_historical,2622ee2; 350a0bd; 440001d; 6a15663; 6c0cb65; efbf63c; f79cbbc
Psalm,86,Ps 86:13 (LXX Ps 85:13),10,added; other; provenance_added; removed_marked_historical,2622ee2; 440001d; 6a15663; 6c0cb65; f79cbbc
Psalm,86,Ps 86:13-14 (LXX Ps 85:13-14),10,added; other; provenance_added; removed_marked_historical,2622ee2; 440001d; 6a15663; 6c0cb65; f79cbbc
Psalm,86,Ps 86:14 (LXX Ps 85:14),10,added; other; provenance_added; removed_marked_historical,2622ee2; 440001d; 6a15663; 6c0cb65; f79cbbc
Psalm,86,Ps 86:15-16 (LXX Ps 85:15-16),13,added; other; provenance_added; removed_marked_historical,2622ee2; 350a0bd; 440001d; 6a15663; 6c0cb65; efbf63c; f79cbbc
Psalm,86,Ps 86:17 (LXX Ps 85:17),10,added; other; provenance_added; removed_marked_historical,2622ee2; 440001d; 6a15663; 6c0cb65; f79cbbc
Psalm,86,Ps 86:2-4 (LXX Ps 85:2-4),13,added; other; provenance_added; removed_marked_historical,2622ee2; 350a0bd; 440001d; 6a15663; 6c0cb65; efbf63c; f79cbbc
Psalm,86,Ps 86:3-4 (LXX Ps 85:3-4),10,added; other; provenance_added; removed_marked_historical,2622ee2; 440001d; 6a15663; 6c0cb65; f79cbbc
Psalm,86,Ps 86:5,10,added; other; provenance_added; removed_marked_historical,2622ee2; 440001d; 6a15663; 6c0cb65; f79cbbc
Psalm,86,Ps 86:5 (LXX Ps 85:5),10,added; other; provenance_added; removed_marked_historical,2622ee2; 440001d; 6a15663; 6c0cb65; f79cbbc
Psalm,86,Ps 86:5-6 (LXX Ps 85:5-6),10,added; other; provenance_added; removed_marked_historical,2622ee2; 440001d; 6a15663; 6c0cb65; f79cbbc
Psalm,86,Ps 86:6 (LXX Ps 85:6),10,added; other; provenance_added; removed_marked_historical,2622ee2; 440001d; 6a15663; 6c0cb65; f79cbbc
Psalm,86,Ps 86:7),10,added; other; provenance_added; removed_marked_historical,2622ee2; 440001d; 6a15663; 6c0cb65; f79cbbc
Psalm,86,Ps 86:9-10 (LXX Ps 85:9-10),10,added; other; provenance_added; removed_marked_historical,2622ee2; 440001d; 6a15663; 6c0cb65; f79cbbc
Psalm,87,Ps 87 (LXX Ps 86),10,added; other; provenance_added; removed_marked_historical,2622ee2; 440001d; 6a15663; 6c0cb65; f79cbbc
Psalm,87,Ps 87:1 (LXX Ps 86:1),13,added; other; provenance_added; removed_marked_historical,2622ee2; 350a0bd; 440001d; 6a15663; 6c0cb65; efbf63c; f79cbbc
Psalm,87,Ps 87:2 (LXX Ps 86:2),13,added; other; provenance_added; removed_marked_historical,2622ee2; 350a0bd; 440001d; 6a15663; 6c0cb65; efbf63c; f79cbbc
Psalm,87,Ps 87:3 (LXX Ps 86:3),14,added; bridge_basis_changed; other; provenance_added; removed_marked_historical,2622ee2; 350a0bd; 440001d; 6a15663; 6c0cb65; efbf63c; f79cbbc
Psalm,87,"Ps 87:3,87:5,87:7 (LXX Ps 86:3",10,added; other; provenance_added; removed_marked_historical,2622ee2; 440001d; 6a15663; 6c0cb65; f79cbbc
Psalm,87,Ps 87:5 (LXX Ps 86:5),14,added; bridge_basis_changed; other; provenance_added; removed_marked_historical,2622ee2; 350a0bd; 440001d; 6a15663; 6c0cb65; efbf63c; f79cbbc
Psalm,87,Ps 87:7 (LXX Ps 86:7),14,added; bridge_basis_changed; other; provenance_added; removed_marked_historical,2622ee2; 350a0bd; 440001d; 6a15663; 6c0cb65; efbf63c; f79cbbc
Psalm,88,Ps 88:1-2 (LXX Ps 87:1-2),10,added; other; provenance_added; removed_marked_historical,2622ee2; 440001d; 6a15663; 6c0cb65; f79cbbc
Psalm,88,Ps 88:11-12 (LXX Ps 87:11-12),10,added; other; provenance_added; removed_marked_historical,2622ee2; 440001d; 6a15663; 6c0cb65; f79cbbc
Psalm,88,Ps 88:18 (LXX Ps 87:18),13,added; bridge_basis_changed; other; provenance_added; removed_marked_historical,2622ee2; 350a0bd; 440001d; 6a15663; 6c0cb65; efbf63c; f79cbbc
Psalm,88,Ps 88:2-4 (LXX Ps 87:2-4),10,added; other; provenance_added; removed_marked_historical,2622ee2; 440001d; 6a15663; 6c0cb65; f79cbbc
Psalm,88,Ps 88:4-5 (LXX Ps 87:4-5),10,added; other; provenance_added; removed_marked_historical,2622ee2; 440001d; 6a15663; 6c0cb65; f79cbbc
Psalm,88,Ps 88:6 (LXX Ps 87:6),19,added; other; provenance_added; removed_marked_historical,04cc512; 2622ee2; 440001d; 6a15663; 6c0cb65; f79cbbc
Psalm,88,"Ps 88:6,23:4 (LXX Ps 87:6",19,added; other; provenance_added; removed_marked_historical,04cc512; 2622ee2; 440001d; 6a15663; 6c0cb65; f79cbbc
Psalm,88,Ps 88:7 (LXX Ps 87:7),13,added; bridge_basis_changed; other; provenance_added; removed_marked_historical,2622ee2; 350a0bd; 440001d; 6a15663; 6c0cb65; efbf63c; f79cbbc
Psalm,89,Ps 89:1 (LXX Ps 88:1),13,added; other; provenance_added; removed_marked_historical,2622ee2; 350a0bd; 440001d; 6a15663; 6c0cb65; efbf63c; f79cbbc
Psalm,89,Ps 89:1-2 (LXX Ps 88:1-2),13,added; other; provenance_added; removed_marked_historical,2622ee2; 350a0bd; 440001d; 6a15663; 6c0cb65; efbf63c; f79cbbc
Psalm,89,Ps 89:11 (LXX Ps 88:11),13,added; other; provenance_added; removed_marked_historical,2622ee2; 350a0bd; 440001d; 6a15663; 6c0cb65; efbf63c; f79cbbc
Psalm,89,Ps 89:11-12 (LXX Ps 88:11-12),13,added; other; provenance_added; removed_marked_historical,2622ee2; 350a0bd; 440001d; 6a15663; 6c0cb65; efbf63c; f79cbbc
Psalm,89,Ps 89:15 (LXX Ps 88:15),13,added; other; provenance_added; removed_marked_historical,2622ee2; 350a0bd; 440001d; 6a15663; 6c0cb65; efbf63c; f79cbbc
Psalm,89,Ps 89:19 (LXX Ps 88:19),13,added; other; provenance_added; removed_marked_historical,2622ee2; 350a0bd; 440001d; 6a15663; 6c0cb65; efbf63c; f79cbbc
Psalm,89,Ps 89:19-21 (LXX Ps 88:19-21),14,added; bridge_basis_changed; other; provenance_added; removed_marked_historical,2622ee2; 350a0bd; 440001d; 6a15663; 6c0cb65; efbf63c; f79cbbc
Psalm,89,Ps 89:20-21 (LXX Ps 88:20-21),10,added; other; provenance_added; removed_marked_historical,2622ee2; 440001d; 6a15663; 6c0cb65; f79cbbc
Psalm,89,Ps 89:24 (LXX Ps 88:24),13,added; other; provenance_added; removed_marked_historical,2622ee2; 350a0bd; 440001d; 6a15663; 6c0cb65; efbf63c; f79cbbc
Psalm,89,Ps 89:29 (LXX Ps 88:29),14,added; bridge_basis_changed; other; provenance_added; removed_marked_historical,2622ee2; 350a0bd; 440001d; 6a15663; 6c0cb65; efbf63c; f79cbbc
Psalm,89,Ps 89:36 (LXX Ps 88:36),14,added; bridge_basis_changed; other; provenance_added; removed_marked_historical,2622ee2; 350a0bd; 440001d; 6a15663; 6c0cb65; efbf63c; f79cbbc
Psalm,89,Ps 89:49 (LXX Ps 88:49),13,added; other; provenance_added; removed_marked_historical,2622ee2; 350a0bd; 440001d; 6a15663; 6c0cb65; efbf63c; f79cbbc
Psalm,89,Ps 89:5 (LXX Ps 88:5),13,added; other; provenance_added; removed_marked_historical,2622ee2; 350a0bd; 440001d; 6a15663; 6c0cb65; efbf63c; f79cbbc
Psalm,89,Ps 89:52 (LXX Ps 88:52),13,added; other; provenance_added; removed_marked_historical,2622ee2; 350a0bd; 440001d; 6a15663; 6c0cb65; efbf63c; f79cbbc
Psalm,89,Ps 89:6 (LXX Ps 88:6),13,added; other; provenance_added; removed_marked_historical,2622ee2; 350a0bd; 440001d; 6a15663; 6c0cb65; efbf63c; f79cbbc
Psalm,89,Ps 89:7 (LXX Ps 88:7),13,added; other; provenance_added; removed_marked_historical,2622ee2; 350a0bd; 440001d; 6a15663; 6c0cb65; efbf63c; f79cbbc
Psalm,90,Ps 90:1-2 (LXX Ps 89:1-2),13,added; other; provenance_added; removed_marked_historical,2622ee2; 350a0bd; 440001d; 6a15663; 6c0cb65; efbf63c; f79cbbc
Psalm,90,Ps 90:14 (LXX Ps 89:14),10,added; other; provenance_added; removed_marked_historical,2622ee2; 440001d; 6a15663; 6c0cb65; f79cbbc
Psalm,90,Ps 90:3),19,added; other; provenance_added; removed_marked_historical,04cc512; 2622ee2; 440001d; 6a15663; 6c0cb65; f79cbbc
Psalm,90,Ps 90:5 (LXX Ps 89:5),10,added; other; provenance_added; removed_marked_historical,2622ee2; 440001d; 6a15663; 6c0cb65; f79cbbc
Psalm,90,Ps 90:7 (LXX Ps 89:7),10,added; other; provenance_added; removed_marked_historical,2622ee2; 440001d; 6a15663; 6c0cb65; f79cbbc
Psalm,91,Ps 91 (LXX Ps 90),10,added; other; provenance_added; removed_marked_historical,2622ee2; 440001d; 6a15663; 6c0cb65; f79cbbc
Psalm,91,Ps 91:11 (LXX Ps 90:11),14,added; bridge_basis_changed; other; provenance_added; removed_marked_historical,2622ee2; 350a0bd; 440001d; 6a15663; 6c0cb65; efbf63c; f79cbbc
Psalm,91,Ps 91:13 (LXX Ps 90:13),14,added; bridge_basis_changed; other; provenance_added; removed_marked_historical,2622ee2; 350a0bd; 440001d; 6a15663; 6c0cb65; efbf63c; f79cbbc
Psalm,91,Ps 91:13-14 (LXX Ps 90:13-14),10,added; other; provenance_added; removed_marked_historical,2622ee2; 440001d; 6a15663; 6c0cb65; f79cbbc
Psalm,91,Ps 91:14 (LXX Ps 90:14),10,added; other; provenance_added; removed_marked_historical,2622ee2; 440001d; 6a15663; 6c0cb65; f79cbbc
Psalm,91,"Ps 91:2,91:3 (LXX Ps 90:2",19,added; other; provenance_added; removed_marked_historical,04cc512; 2622ee2; 440001d; 6a15663; 6c0cb65; f79cbbc
Psalm,91,Ps 91:5),10,added; other; provenance_added; removed_marked_historical,2622ee2; 440001d; 6a15663; 6c0cb65; f79cbbc
Psalm,92,Ps 92:10 (LXX Ps 91:10),14,added; bridge_basis_changed; other; provenance_added; removed_marked_historical,2622ee2; 350a0bd; 440001d; 6a15663; 6c0cb65; efbf63c; f79cbbc
Psalm,92,Ps 92:12-13 (LXX Ps 91:12-13),14,added; bridge_basis_changed; other; provenance_added; removed_marked_historical,2622ee2; 350a0bd; 440001d; 6a15663; 6c0cb65; efbf63c; f79cbbc
Psalm,92,Ps 92:14 (LXX Ps 91:14),14,added; bridge_basis_changed; other; provenance_added; removed_marked_historical,2622ee2; 350a0bd; 440001d; 6a15663; 6c0cb65; efbf63c; f79cbbc
Psalm,92,Ps 92:15 (LXX Ps 91:15),14,added; bridge_basis_changed; other; provenance_added; removed_marked_historical,2622ee2; 350a0bd; 440001d; 6a15663; 6c0cb65; efbf63c; f79cbbc
Psalm,92,Ps 92:4),10,added; other; provenance_added; removed_marked_historical,2622ee2; 440001d; 6a15663; 6c0cb65; f79cbbc
Psalm,92,"Ps 92:4,92:5 (LXX Ps 91:4",10,added; other; provenance_added; removed_marked_historical,2622ee2; 440001d; 6a15663; 6c0cb65; f79cbbc
Psalm,92,Ps 92:4-5 (LXX Ps 91:4-5),13,added; other; provenance_added; removed_marked_historical,2622ee2; 350a0bd; 440001d; 6a15663; 6c0cb65; efbf63c; f79cbbc
Psalm,93,Ps 93 (LXX Ps 92),10,added; other; provenance_added; removed_marked_historical,2622ee2; 440001d; 6a15663; 6c0cb65; f79cbbc
Psalm,93,Ps 93:1-2 (LXX Ps 92:1-2),13,added; bridge_basis_changed; other; provenance_added; removed_marked_historical,2622ee2; 350a0bd; 440001d; 6a15663; 6c0cb65; efbf63c; f79cbbc
Psalm,93,Ps 93:23),19,added; other; provenance_added; removed_marked_historical,04cc512; 2622ee2; 440001d; 6a15663; 6c0cb65; f79cbbc
Psalm,93,Ps 93:3 (LXX Ps 92:3),13,added; bridge_basis_changed; other; provenance_added; removed_marked_historical,2622ee2; 350a0bd; 440001d; 6a15663; 6c0cb65; efbf63c; f79cbbc
Psalm,93,"Ps 93:3,93:4 (LXX Ps 92:3",10,added; other; provenance_added; removed_marked_historical,2622ee2; 440001d; 6a15663; 6c0cb65; f79cbbc
Psalm,93,Ps 93:3-4 (LXX Ps 92:3-4),13,added; other; provenance_added; removed_marked_historical,2622ee2; 350a0bd; 440001d; 6a15663; 6c0cb65; efbf63c; f79cbbc
Psalm,94,"Ps 94:21,94:23 (LXX Ps 93:21",19,added; other; provenance_added; removed_marked_historical,04cc512; 2622ee2; 440001d; 6a15663; 6c0cb65; f79cbbc
Psalm,95,Ps 95:1 (LXX Ps 94:1),10,added; other; provenance_added; removed_marked_historical,2622ee2; 440001d; 6a15663; 6c0cb65; f79cbbc
Psalm,95,Ps 95:1-2 (LXX Ps 94:1-2),10,added; other; provenance_added; removed_marked_historical,2622ee2; 440001d; 6a15663; 6c0cb65; f79cbbc
Psalm,95,Ps 95:10-12 (LXX Ps 94:10-12),10,added; other; provenance_added; removed_marked_historical,2622ee2; 440001d; 6a15663; 6c0cb65; f79cbbc
Psalm,95,Ps 95:2 (LXX Ps 94:2),10,added; other; provenance_added; removed_marked_historical,2622ee2; 440001d; 6a15663; 6c0cb65; f79cbbc
Psalm,95,Ps 95:6),10,added; other; provenance_added; removed_marked_historical,2622ee2; 440001d; 6a15663; 6c0cb65; f79cbbc
Psalm,96,Ps 96 (LXX Ps 95),10,added; other; provenance_added; removed_marked_historical,2622ee2; 440001d; 6a15663; 6c0cb65; f79cbbc
Psalm,96,Ps 96:1 (LXX Ps 95:1),10,added; other; provenance_added; removed_marked_historical,2622ee2; 440001d; 6a15663; 6c0cb65; f79cbbc
Psalm,96,Ps 96:1-2 (LXX Ps 95:1-2),14,added; bridge_basis_changed; other; provenance_added; removed_marked_historical,2622ee2; 350a0bd; 440001d; 6a15663; 6c0cb65; efbf63c; f79cbbc
Psalm,96,Ps 96:10 (LXX Ps 95:10),10,added; other; provenance_added; removed_marked_historical,2622ee2; 440001d; 6a15663; 6c0cb65; f79cbbc
Psalm,96,Ps 96:11-13 (LXX Ps 95:11-13),13,added; other; provenance_added; removed_marked_historical,2622ee2; 350a0bd; 440001d; 6a15663; 6c0cb65; efbf63c; f79cbbc
Psalm,96,Ps 96:2 (LXX Ps 95:2),10,added; other; provenance_added; removed_marked_historical,2622ee2; 440001d; 6a15663; 6c0cb65; f79cbbc
Psalm,96,Ps 96:2-3 (LXX Ps 95:2-3),14,added; bridge_basis_changed; other; provenance_added; removed_marked_historical,2622ee2; 350a0bd; 440001d; 6a15663; 6c0cb65; efbf63c; f79cbbc
Psalm,96,Ps 96:4 (LXX Ps 95:4),13,added; other; provenance_added; removed_marked_historical,2622ee2; 350a0bd; 440001d; 6a15663; 6c0cb65; efbf63c; f79cbbc
Psalm,96,"Ps 96:5,96:6 (LXX Ps 95:5",10,added; other; provenance_added; removed_marked_historical,2622ee2; 440001d; 6a15663; 6c0cb65; f79cbbc
Psalm,96,Ps 96:5-6 (LXX Ps 95:5-6),10,added; other; provenance_added; removed_marked_historical,2622ee2; 440001d; 6a15663; 6c0cb65; f79cbbc
Psalm,96,Ps 96:6 (LXX Ps 95:6),13,added; other; provenance_added; removed_marked_historical,2622ee2; 350a0bd; 440001d; 6a15663; 6c0cb65; efbf63c; f79cbbc
Psalm,96,Ps 96:7 (LXX Ps 95:7),10,added; other; provenance_added; removed_marked_historical,2622ee2; 440001d; 6a15663; 6c0cb65; f79cbbc
Psalm,96,Ps 96:7-8 (LXX Ps 95:7-8),13,added; bridge_basis_changed; other; provenance_added; removed_marked_historical,2622ee2; 350a0bd; 440001d; 6a15663; 6c0cb65; efbf63c; f79cbbc
Psalm,96,Ps 96:7-9 (LXX Ps 95:7-9),13,added; other; provenance_added; removed_marked_historical,2622ee2; 350a0bd; 440001d; 6a15663; 6c0cb65; efbf63c; f79cbbc
Psalm,96,Ps 96:9 (LXX Ps 95:9),10,added; other; provenance_added; removed_marked_historical,2622ee2; 440001d; 6a15663; 6c0cb65; f79cbbc
Psalm,96,Ps 96:9),10,added; other; provenance_added; removed_marked_historical,2622ee2; 440001d; 6a15663; 6c0cb65; f79cbbc
Psalm,97,Ps 97 (LXX Ps 96),10,added; other; provenance_added; removed_marked_historical,2622ee2; 440001d; 6a15663; 6c0cb65; f79cbbc
Psalm,97,Ps 97:1 (LXX Ps 96:1),10,added; other; provenance_added; removed_marked_historical,2622ee2; 440001d; 6a15663; 6c0cb65; f79cbbc
Psalm,97,Ps 97:1-2 (LXX Ps 96:1-2),13,added; other; provenance_added; removed_marked_historical,2622ee2; 350a0bd; 440001d; 6a15663; 6c0cb65; efbf63c; f79cbbc
Psalm,97,Ps 97:11 (LXX Ps 96:11),10,added; other; provenance_added; removed_marked_historical,2622ee2; 440001d; 6a15663; 6c0cb65; f79cbbc
Psalm,97,Ps 97:11-12 (LXX Ps 96:11-12),14,added; bridge_basis_changed; other; provenance_added; removed_marked_historical,2622ee2; 350a0bd; 440001d; 6a15663; 6c0cb65; efbf63c; f79cbbc
Psalm,97,Ps 97:12 (LXX Ps 96:12),10,added; other; provenance_added; removed_marked_historical,2622ee2; 440001d; 6a15663; 6c0cb65; f79cbbc
Psalm,97,Ps 97:2 (LXX Ps 96:2),10,added; other; provenance_added; removed_marked_historical,2622ee2; 440001d; 6a15663; 6c0cb65; f79cbbc
Psalm,97,Ps 97:2),10,added; other; provenance_added; removed_marked_historical,2622ee2; 440001d; 6a15663; 6c0cb65; f79cbbc
Psalm,97,Ps 97:4 (LXX Ps 96:4),13,added; bridge_basis_changed; other; provenance_added; removed_marked_historical,2622ee2; 350a0bd; 440001d; 6a15663; 6c0cb65; efbf63c; f79cbbc
Psalm,97,Ps 97:6 (LXX Ps 96:6),13,added; bridge_basis_changed; other; provenance_added; removed_marked_historical,2622ee2; 350a0bd; 440001d; 6a15663; 6c0cb65; efbf63c; f79cbbc
Psalm,97,Ps 97:7 (LXX Ps 96:7),10,added; other; provenance_added; removed_marked_historical,2622ee2; 440001d; 6a15663; 6c0cb65; f79cbbc
Psalm,97,Ps 97:7-8 (LXX Ps 96:7-8),14,added; bridge_basis_changed; other; provenance_added; removed_marked_historical,2622ee2; 350a0bd; 440001d; 6a15663; 6c0cb65; efbf63c; f79cbbc
Psalm,97,Ps 97:7-9 (LXX Ps 96:7-9),14,added; bridge_basis_changed; other; provenance_added; removed_marked_historical,2622ee2; 350a0bd; 440001d; 6a15663; 6c0cb65; efbf63c; f79cbbc
Psalm,97,Ps 97:8 (LXX Ps 96:8),10,added; other; provenance_added; removed_marked_historical,2622ee2; 440001d; 6a15663; 6c0cb65; f79cbbc
Psalm,97,"Ps 97:8,97:9 (LXX Ps 96:8",10,added; other; provenance_added; removed_marked_historical,2622ee2; 440001d; 6a15663; 6c0cb65; f79cbbc
Psalm,97,Ps 97:9),10,added; other; provenance_added; removed_marked_historical,2622ee2; 440001d; 6a15663; 6c0cb65; f79cbbc
Psalm,98,Ps 98 (LXX Ps 97),10,added; other; provenance_added; removed_marked_historical,2622ee2; 440001d; 6a15663; 6c0cb65; f79cbbc
Psalm,98,Ps 98:1 (LXX Ps 97:1),13,added; bridge_basis_changed; other; provenance_added; removed_marked_historical,2622ee2; 350a0bd; 440001d; 6a15663; 6c0cb65; efbf63c; f79cbbc
Psalm,98,"Ps 98:1,98:2 (LXX Ps 97:1",10,added; other; provenance_added; removed_marked_historical,2622ee2; 440001d; 6a15663; 6c0cb65; f79cbbc
Psalm,98,Ps 98:2-3 (LXX Ps 97:2-3),13,added; bridge_basis_changed; other; provenance_added; removed_marked_historical,2622ee2; 350a0bd; 440001d; 6a15663; 6c0cb65; efbf63c; f79cbbc
Psalm,98,Ps 98:3 (LXX Ps 97:3),13,added; other; provenance_added; removed_marked_historical,2622ee2; 350a0bd; 440001d; 6a15663; 6c0cb65; efbf63c; f79cbbc
Psalm,98,"Ps 98:3,98:9 (LXX Ps 97:3",10,added; other; provenance_added; removed_marked_historical,2622ee2; 440001d; 6a15663; 6c0cb65; f79cbbc
Psalm,98,Ps 98:4 (LXX Ps 97:4),10,added; other; provenance_added; removed_marked_historical,2622ee2; 440001d; 6a15663; 6c0cb65; f79cbbc
Psalm,98,Ps 98:8 (LXX Ps 97:8),10,added; other; provenance_added; removed_marked_historical,2622ee2; 440001d; 6a15663; 6c0cb65; f79cbbc
Psalm,98,Ps 98:9 (LXX Ps 97:9),13,added; other; provenance_added; removed_marked_historical,2622ee2; 350a0bd; 440001d; 6a15663; 6c0cb65; efbf63c; f79cbbc
Psalm,99,Ps 99 (LXX Ps 98),10,added; other; provenance_added; removed_marked_historical,2622ee2; 440001d; 6a15663; 6c0cb65; f79cbbc
Psalm,99,Ps 99:1-2 (LXX Ps 98:1-2),10,added; other; provenance_added; removed_marked_historical,2622ee2; 440001d; 6a15663; 6c0cb65; f79cbbc
Psalm,99,Ps 99:5 (LXX Ps 98:5),13,added; bridge_basis_changed; other; provenance_added; removed_marked_historical,2622ee2; 350a0bd; 440001d; 6a15663; 6c0cb65; efbf63c; f79cbbc
Psalm,99,Ps 99:6-7 (LXX Ps 98:6-7),19,added; bridge_basis_changed; other; provenance_added; removed_marked_historical,2622ee2; 350a0bd; 440001d; 6a15663; 6c0cb65; efbf63c; f79cbbc
Psalm,99,Ps 99:9 (LXX Ps 98:9),13,added; bridge_basis_changed; other; provenance_added; removed_marked_historical,2622ee2; 350a0bd; 440001d; 6a15663; 6c0cb65; efbf63c; f79cbbc
Psalm,100,Ps 100 (LXX Ps 99),10,added; other; provenance_added; removed_marked_historical,2622ee2; 440001d; 6a15663; 6c0cb65; f79cbbc
Psalm,100,Ps 100:1-4 (LXX Ps 99:1-4),10,added; other; provenance_added; removed_marked_historical,2622ee2; 440001d; 6a15663; 6c0cb65; f79cbbc
Psalm,100,Ps 100:2 (LXX Ps 99:2),10,added; other; provenance_added; removed_marked_historical,2622ee2; 440001d; 6a15663; 6c0cb65; f79cbbc
Psalm,100,Ps 100:2-3 (LXX Ps 99:2-3),10,added; other; provenance_added; removed_marked_historical,2622ee2; 440001d; 6a15663; 6c0cb65; f79cbbc
Psalm,100,Ps 100:3 (LXX Ps 99:3),13,added; other; provenance_added; removed_marked_historical,2622ee2; 350a0bd; 440001d; 6a15663; 6c0cb65; efbf63c; f79cbbc
Psalm,101,Ps 101 (LXX Ps 100),10,added; other; provenance_added; removed_marked_historical,2622ee2; 440001d; 6a15663; 6c0cb65; f79cbbc
Psalm,101,Ps 101:1 (LXX Ps 100:1),10,added; other; provenance_added; removed_marked_historical,2622ee2; 440001d; 6a15663; 6c0cb65; f79cbbc
Psalm,101,Ps 101:12 (LXX Ps 100:12),10,added; other; provenance_added; removed_marked_historical,2622ee2; 440001d; 6a15663; 6c0cb65; f79cbbc
Psalm,101,Ps 101:2 (LXX Ps 100:2),10,added; other; provenance_added; removed_marked_historical,2622ee2; 440001d; 6a15663; 6c0cb65; f79cbbc
Psalm,101,Ps 101:2),19,added; other; provenance_added; removed_marked_historical,04cc512; 2622ee2; 440001d; 6a15663; 6c0cb65; f79cbbc
Psalm,101,Ps 101:4 (LXX Ps 100:4),10,added; other; provenance_added; removed_marked_historical,2622ee2; 440001d; 6a15663; 6c0cb65; f79cbbc
Psalm,101,Ps 101:8 (LXX Ps 100:8),13,added; other; provenance_added; removed_marked_historical,2622ee2; 350a0bd; 440001d; 6a15663; 6c0cb65; efbf63c; f79cbbc
Psalm,101,Ps 101:8),19,added; other; provenance_added; removed_marked_historical,04cc512; 2622ee2; 440001d; 6a15663; 6c0cb65; f79cbbc
Psalm,102,Ps 102:1 (LXX Ps 101:1),10,added; other; provenance_added; removed_marked_historical,2622ee2; 440001d; 6a15663; 6c0cb65; f79cbbc
Psalm,102,"Ps 102:1,102:2 (LXX Ps 101:1",19,added; other; provenance_added; removed_marked_historical,04cc512; 2622ee2; 440001d; 6a15663; 6c0cb65; f79cbbc
Psalm,102,"Ps 102:1,102:8 (LXX Ps 101:1",19,added; other; provenance_added; removed_marked_historical,04cc512; 2622ee2; 440001d; 6a15663; 6c0cb65; f79cbbc
Psalm,102,Ps 102:1-2 (LXX Ps 101:1-2),10,added; other; provenance_added; removed_marked_historical,2622ee2; 440001d; 6a15663; 6c0cb65; f79cbbc
Psalm,102,Ps 102:12 (LXX Ps 101:12),13,added; bridge_basis_changed; other; provenance_added; removed_marked_historical,2622ee2; 350a0bd; 440001d; 6a15663; 6c0cb65; efbf63c; f79cbbc
Psalm,102,Ps 102:13 (LXX Ps 101:13),14,added; bridge_basis_changed; other; provenance_added; removed_marked_historical,2622ee2; 350a0bd; 440001d; 6a15663; 6c0cb65; efbf63c; f79cbbc
Psalm,102,Ps 102:14-15 (LXX Ps 101:14-15),10,added; other; provenance_added; removed_marked_historical,2622ee2; 440001d; 6a15663; 6c0cb65; f79cbbc
Psalm,102,Ps 102:16 (LXX Ps 101:16),14,added; bridge_basis_changed; other; provenance_added; removed_marked_historical,2622ee2; 350a0bd; 440001d; 6a15663; 6c0cb65; efbf63c; f79cbbc
Psalm,102,Ps 102:17 (LXX Ps 101:17),14,added; bridge_basis_changed; other; provenance_added; removed_marked_historical,2622ee2; 350a0bd; 440001d; 6a15663; 6c0cb65; efbf63c; f79cbbc
Psalm,102,Ps 102:19 (LXX Ps 101:19),10,added; other; provenance_added; removed_marked_historical,2622ee2; 440001d; 6a15663; 6c0cb65; f79cbbc
Psalm,102,Ps 102:19-21 (LXX Ps 101:19-21),14,added; bridge_basis_changed; other; provenance_added; removed_marked_historical,2622ee2; 350a0bd; 440001d; 6a15663; 6c0cb65; efbf63c; f79cbbc
Psalm,102,Ps 102:2 (LXX Ps 101:2),10,added; other; provenance_added; removed_marked_historical,2622ee2; 440001d; 6a15663; 6c0cb65; f79cbbc
Psalm,102,Ps 102:21 (LXX Ps 101:21),10,added; other; provenance_added; removed_marked_historical,2622ee2; 440001d; 6a15663; 6c0cb65; f79cbbc
Psalm,102,Ps 102:23 (LXX Ps 101:23),10,added; other; provenance_added; removed_marked_historical,2622ee2; 440001d; 6a15663; 6c0cb65; f79cbbc
Psalm,102,Ps 102:24 (LXX Ps 101:24),13,added; bridge_basis_changed; other; provenance_added; removed_marked_historical,2622ee2; 350a0bd; 440001d; 6a15663; 6c0cb65; efbf63c; f79cbbc
Psalm,102,Ps 102:24-26 (LXX Ps 101:24-26),13,added; bridge_basis_changed; other; provenance_added; removed_marked_historical,2622ee2; 350a0bd; 440001d; 6a15663; 6c0cb65; efbf63c; f79cbbc
Psalm,102,Ps 102:7 (LXX Ps 101:7),10,added; other; provenance_added; removed_marked_historical,2622ee2; 440001d; 6a15663; 6c0cb65; f79cbbc
Psalm,102,Ps 102:9 (LXX Ps 101:9),10,added; other; provenance_added; removed_marked_historical,2622ee2; 440001d; 6a15663; 6c0cb65; f79cbbc
Psalm,103,Ps 103:10 (LXX Ps 102:10),13,added; other; provenance_added; removed_marked_historical,2622ee2; 350a0bd; 440001d; 6a15663; 6c0cb65; efbf63c; f79cbbc
Psalm,103,Ps 103:16 (LXX Ps 102:16),13,added; other; provenance_added; removed_marked_historical,2622ee2; 350a0bd; 440001d; 6a15663; 6c0cb65; efbf63c; f79cbbc
Psalm,103,Ps 103:20-21 (LXX Ps 102:20-21),14,added; bridge_basis_changed; other; provenance_added; removed_marked_historical,2622ee2; 350a0bd; 440001d; 6a15663; 6c0cb65; efbf63c; f79cbbc
Psalm,103,Ps 103:24),10,added; other; provenance_added; removed_marked_historical,2622ee2; 440001d; 6a15663; 6c0cb65; f79cbbc
Psalm,104,Ps 104:1 (LXX Ps 103:1),13,added; other; provenance_added; removed_marked_historical,2622ee2; 350a0bd; 440001d; 6a15663; 6c0cb65; efbf63c; f79cbbc
Psalm,104,Ps 104:1-2 (LXX Ps 103:1-2),13,added; bridge_basis_changed; other; provenance_added; removed_marked_historical,2622ee2; 350a0bd; 440001d; 6a15663; 6c0cb65; efbf63c; f79cbbc
Psalm,104,Ps 104:10 (LXX Ps 103:10),10,added; other; provenance_added; removed_marked_historical,2622ee2; 440001d; 6a15663; 6c0cb65; f79cbbc
Psalm,104,Ps 104:13-14 (LXX Ps 103:13-14),10,added; other; provenance_added; removed_marked_historical,2622ee2; 440001d; 6a15663; 6c0cb65; f79cbbc
Psalm,104,Ps 104:14-15 (LXX Ps 103:14-15),13,added; other; provenance_added; removed_marked_historical,2622ee2; 350a0bd; 440001d; 6a15663; 6c0cb65; efbf63c; f79cbbc
Psalm,104,Ps 104:15 (LXX Ps 103:15),13,added; bridge_basis_changed; other; provenance_added; removed_marked_historical,2622ee2; 350a0bd; 440001d; 6a15663; 6c0cb65; efbf63c; f79cbbc
Psalm,104,"Ps 104:15,104:24 (LXX Ps 103:15",10,added; other; provenance_added; removed_marked_historical,2622ee2; 440001d; 6a15663; 6c0cb65; f79cbbc
Psalm,104,Ps 104:16 (LXX Ps 103:16),10,added; other; provenance_added; removed_marked_historical,2622ee2; 440001d; 6a15663; 6c0cb65; f79cbbc
Psalm,104,Ps 104:2 (LXX Ps 103:2),13,added; other; provenance_added; removed_marked_historical,2622ee2; 350a0bd; 440001d; 6a15663; 6c0cb65; efbf63c; f79cbbc
Psalm,104,Ps 104:24 (LXX Ps 103:24),13,added; bridge_basis_changed; other; provenance_added; removed_marked_historical,2622ee2; 350a0bd; 440001d; 6a15663; 6c0cb65; efbf63c; f79cbbc
Psalm,104,Ps 104:27,10,added; other; provenance_added; removed_marked_historical,2622ee2; 440001d; 6a15663; 6c0cb65; f79cbbc
Psalm,104,Ps 104:27),10,added; other; provenance_added; removed_marked_historical,2622ee2; 440001d; 6a15663; 6c0cb65; f79cbbc
Psalm,104,Ps 104:3 (LXX Ps 103:3),14,added; bridge_basis_changed; other; provenance_added; removed_marked_historical,2622ee2; 350a0bd; 440001d; 6a15663; 6c0cb65; efbf63c; f79cbbc
Psalm,104,Ps 104:30-31 (LXX Ps 103:30-31),10,added; other; provenance_added; removed_marked_historical,2622ee2; 440001d; 6a15663; 6c0cb65; f79cbbc
Psalm,104,Ps 104:31 (LXX Ps 103:31),10,added; other; provenance_added; removed_marked_historical,2622ee2; 440001d; 6a15663; 6c0cb65; f79cbbc
Psalm,104,Ps 104:31-32 (LXX Ps 103:31-32),13,added; other; provenance_added; removed_marked_historical,2622ee2; 350a0bd; 440001d; 6a15663; 6c0cb65; efbf63c; f79cbbc
Psalm,104,Ps 104:4 (LXX Ps 103:4),14,added; bridge_basis_changed; other; provenance_added; removed_marked_historical,2622ee2; 350a0bd; 440001d; 6a15663; 6c0cb65; efbf63c; f79cbbc
Psalm,104,Ps 104:45),10,added; other; provenance_added; removed_marked_historical,2622ee2; 440001d; 6a15663; 6c0cb65; f79cbbc
Psalm,105,Ps 105:1 (LXX Ps 104:1),13,added; bridge_basis_changed; other; provenance_added; removed_marked_historical,2622ee2; 350a0bd; 440001d; 6a15663; 6c0cb65; efbf63c; f79cbbc
Psalm,105,Ps 105:1-3 (LXX Ps 104:1-3),14,added; bridge_basis_changed; other; provenance_added; removed_marked_historical,2622ee2; 350a0bd; 440001d; 6a15663; 6c0cb65; efbf63c; f79cbbc
Psalm,105,Ps 105:14-15 (LXX Ps 104:14-15),19,added; bridge_basis_changed; other; provenance_added; removed_marked_historical,2622ee2; 350a0bd; 440001d; 6a15663; 6c0cb65; efbf63c; f79cbbc
Psalm,105,Ps 105:23 (LXX Ps 104:23),14,added; bridge_basis_changed; other; provenance_added; removed_marked_historical,2622ee2; 350a0bd; 440001d; 6a15663; 6c0cb65; efbf63c; f79cbbc
Psalm,105,"Ps 105:23,105:27 (LXX Ps 104:23",10,added; other; provenance_added; removed_marked_historical,2622ee2; 440001d; 6a15663; 6c0cb65; f79cbbc
Psalm,105,Ps 105:26 (LXX Ps 104:26),19,added; bridge_basis_changed; other; provenance_added; removed_marked_historical,2622ee2; 350a0bd; 440001d; 6a15663; 6c0cb65; efbf63c; f79cbbc
Psalm,105,"Ps 105:26,105:27,105:45 (LXX Ps 104:26",10,added; other; provenance_added; removed_marked_historical,2622ee2; 440001d; 6a15663; 6c0cb65; f79cbbc
Psalm,105,Ps 105:27 (LXX Ps 104:27),19,added; bridge_basis_changed; other; provenance_added; removed_marked_historical,2622ee2; 350a0bd; 440001d; 6a15663; 6c0cb65; efbf63c; f79cbbc
Psalm,105,Ps 105:3 (LXX Ps 104:3),10,added; other; provenance_added; removed_marked_historical,2622ee2; 440001d; 6a15663; 6c0cb65; f79cbbc
Psalm,105,Ps 105:3-4 (LXX Ps 104:3-4),13,added; other; provenance_added; removed_marked_historical,2622ee2; 350a0bd; 440001d; 6a15663; 6c0cb65; efbf63c; f79cbbc
Psalm,105,Ps 105:3-5 (LXX Ps 104:3-5),10,added; other; provenance_added; removed_marked_historical,2622ee2; 440001d; 6a15663; 6c0cb65; f79cbbc
Psalm,105,Ps 105:36 (LXX Ps 104:36),14,added; bridge_basis_changed; other; provenance_added; removed_marked_historical,2622ee2; 350a0bd; 440001d; 6a15663; 6c0cb65; efbf63c; f79cbbc
Psalm,105,Ps 105:38 (LXX Ps 104:38),14,added; bridge_basis_changed; other; provenance_added; removed_marked_historical,2622ee2; 350a0bd; 440001d; 6a15663; 6c0cb65; efbf63c; f79cbbc
Psalm,105,Ps 105:4 (LXX Ps 104:4),10,added; other; provenance_added; removed_marked_historical,2622ee2; 440001d; 6a15663; 6c0cb65; f79cbbc
Psalm,105,Ps 105:43 (LXX Ps 104:43),10,added; other; provenance_added; removed_marked_historical,2622ee2; 440001d; 6a15663; 6c0cb65; f79cbbc
Psalm,105,Ps 105:45 (LXX Ps 104:45),19,added; bridge_basis_changed; other; provenance_added; removed_marked_historical,2622ee2; 350a0bd; 440001d; 6a15663; 6c0cb65; efbf63c; f79cbbc
Psalm,105,Ps 105:5 (LXX Ps 104:5),10,added; other; provenance_added; removed_marked_historical,2622ee2; 440001d; 6a15663; 6c0cb65; f79cbbc
Psalm,105,Ps 105:8-10 (LXX Ps 104:8-10),13,added; other; provenance_added; removed_marked_historical,2622ee2; 350a0bd; 440001d; 6a15663; 6c0cb65; efbf63c; f79cbbc
Psalm,106,Ps 106:1 (LXX Ps 105:1),10,added; other; provenance_added; removed_marked_historical,2622ee2; 440001d; 6a15663; 6c0cb65; f79cbbc
Psalm,106,Ps 106:1-2 (LXX Ps 105:1-2),10,added; other; provenance_added; removed_marked_historical,2622ee2; 440001d; 6a15663; 6c0cb65; f79cbbc
Psalm,106,Ps 106:2 (LXX Ps 105:2),10,added; other; provenance_added; removed_marked_historical,2622ee2; 440001d; 6a15663; 6c0cb65; f79cbbc
Psalm,106,Ps 106:21 (LXX Ps 105:21),14,added; bridge_basis_changed; other; provenance_added; removed_marked_historical,2622ee2; 350a0bd; 440001d; 6a15663; 6c0cb65; efbf63c; f79cbbc
Psalm,106,Ps 106:22 (LXX Ps 105:22),14,added; bridge_basis_changed; other; provenance_added; removed_marked_historical,2622ee2; 350a0bd; 440001d; 6a15663; 6c0cb65; efbf63c; f79cbbc
Psalm,106,Ps 106:3),10,added; other; provenance_added; removed_marked_historical,2622ee2; 440001d; 6a15663; 6c0cb65; f79cbbc
Psalm,106,Ps 106:4 (LXX Ps 105:4),14,added; bridge_basis_changed; other; provenance_added; removed_marked_historical,2622ee2; 350a0bd; 440001d; 6a15663; 6c0cb65; efbf63c; f79cbbc
Psalm,106,Ps 106:4-5 (LXX Ps 105:4-5),10,added; other; provenance_added; removed_marked_historical,2622ee2; 440001d; 6a15663; 6c0cb65; f79cbbc
Psalm,106,Ps 106:47 (LXX Ps 105:47),10,added; other; provenance_added; removed_marked_historical,2622ee2; 440001d; 6a15663; 6c0cb65; f79cbbc
Psalm,106,Ps 106:48 (LXX Ps 105:48),10,added; other; provenance_added; removed_marked_historical,2622ee2; 440001d; 6a15663; 6c0cb65; f79cbbc
Psalm,106,Ps 106:5 (LXX Ps 105:5),10,added; other; provenance_added; removed_marked_historical,2622ee2; 440001d; 6a15663; 6c0cb65; f79cbbc
Psalm,107,Ps 107:1 (LXX Ps 106:1),10,added; other; provenance_added; removed_marked_historical,2622ee2; 440001d; 6a15663; 6c0cb65; f79cbbc
Psalm,107,Ps 107:1-2 (LXX Ps 106:1-2),10,added; other; provenance_added; removed_marked_historical,2622ee2; 440001d; 6a15663; 6c0cb65; f79cbbc
Psalm,107,Ps 107:2 (LXX Ps 106:2),10,added; other; provenance_added; removed_marked_historical,2622ee2; 440001d; 6a15663; 6c0cb65; f79cbbc
Psalm,107,Ps 107:2),19,added; other; provenance_added; removed_marked_historical,04cc512; 2622ee2; 440001d; 6a15663; 6c0cb65; f79cbbc
Psalm,107,"Ps 107:2,107:3 (LXX Ps 106:2",10,added; other; provenance_added; removed_marked_historical,2622ee2; 440001d; 6a15663; 6c0cb65; f79cbbc
Psalm,107,Ps 107:2-3 (LXX Ps 106:2-3),10,added; other; provenance_added; removed_marked_historical,2622ee2; 440001d; 6a15663; 6c0cb65; f79cbbc
Psalm,107,Ps 107:20 (LXX Ps 106:20),10,added; other; provenance_added; removed_marked_historical,2622ee2; 440001d; 6a15663; 6c0cb65; f79cbbc
Psalm,107,Ps 107:22 (LXX Ps 106:22),10,added; other; provenance_added; removed_marked_historical,2622ee2; 440001d; 6a15663; 6c0cb65; f79cbbc
Psalm,107,Ps 107:32 (LXX Ps 106:32),14,added; bridge_basis_changed; other; provenance_added; removed_marked_historical,2622ee2; 350a0bd; 440001d; 6a15663; 6c0cb65; efbf63c; f79cbbc
Psalm,107,Ps 107:41 (LXX Ps 106:41),14,added; bridge_basis_changed; other; provenance_added; removed_marked_historical,2622ee2; 350a0bd; 440001d; 6a15663; 6c0cb65; efbf63c; f79cbbc
Psalm,107,Ps 107:42 (LXX Ps 106:42),14,added; bridge_basis_changed; other; provenance_added; removed_marked_historical,2622ee2; 350a0bd; 440001d; 6a15663; 6c0cb65; efbf63c; f79cbbc
Psalm,108,"Ps 108:1,108:2 (LXX Ps 107:1",19,added; other; provenance_added; removed_marked_historical,04cc512; 2622ee2; 440001d; 6a15663; 6c0cb65; f79cbbc
Psalm,108,Ps 108:3 (LXX Ps 107:3),10,added; other; provenance_added; removed_marked_historical,2622ee2; 440001d; 6a15663; 6c0cb65; f79cbbc
Psalm,108,Ps 108:3-4 (LXX Ps 107:3-4),10,added; other; provenance_added; removed_marked_historical,2622ee2; 440001d; 6a15663; 6c0cb65; f79cbbc
Psalm,108,Ps 108:4 (LXX Ps 107:4),10,added; other; provenance_added; removed_marked_historical,2622ee2; 440001d; 6a15663; 6c0cb65; f79cbbc
Psalm,109,Ps 109:5,10,added; other; provenance_added; removed_marked_historical,2622ee2; 440001d; 6a15663; 6c0cb65; f79cbbc
Psalm,109,Ps 109:5),10,added; other; provenance_added; removed_marked_historical,2622ee2; 440001d; 6a15663; 6c0cb65; f79cbbc
Psalm,109,Ps 109:7),10,added; other; provenance_added; removed_marked_historical,2622ee2; 440001d; 6a15663; 6c0cb65; f79cbbc
Psalm,110,Ps 110 (LXX Ps 109),10,added; other; provenance_added; removed_marked_historical,2622ee2; 440001d; 6a15663; 6c0cb65; f79cbbc
Psalm,110,Ps 110:1 (LXX Ps 109:1),10,added; other; provenance_added; removed_marked_historical,2622ee2; 440001d; 6a15663; 6c0cb65; f79cbbc
Psalm,110,Ps 110:1-2 (LXX Ps 109:1-2),10,added; other; provenance_added; removed_marked_historical,2622ee2; 440001d; 6a15663; 6c0cb65; f79cbbc
Psalm,110,Ps 110:2 (LXX Ps 109:2),10,added; other; provenance_added; removed_marked_historical,2622ee2; 440001d; 6a15663; 6c0cb65; f79cbbc
Psalm,110,Ps 110:2),10,added; other; provenance_added; removed_marked_historical,2622ee2; 440001d; 6a15663; 6c0cb65; f79cbbc
Psalm,110,Ps 110:3 (LXX Ps 109:3),13,added; bridge_basis_changed; other; provenance_added; removed_marked_historical,2622ee2; 350a0bd; 440001d; 6a15663; 6c0cb65; efbf63c; f79cbbc
Psalm,110,Ps 110:4 (LXX Ps 109:4),14,added; bridge_basis_changed; other; provenance_added; removed_marked_historical,2622ee2; 350a0bd; 440001d; 6a15663; 6c0cb65; efbf63c; f79cbbc
Psalm,110,"Ps 110:4,110:5 (LXX Ps 109:4",10,added; other; provenance_added; removed_marked_historical,2622ee2; 440001d; 6a15663; 6c0cb65; f79cbbc
Psalm,110,"Ps 110:4,110:5,110:7 (LXX Ps 109:4",10,added; other; provenance_added; removed_marked_historical,2622ee2; 440001d; 6a15663; 6c0cb65; f79cbbc
Psalm,110,Ps 110:4-6 (LXX Ps 109:4-6),14,added; bridge_basis_changed; other; provenance_added; removed_marked_historical,2622ee2; 350a0bd; 440001d; 6a15663; 6c0cb65; efbf63c; f79cbbc
Psalm,110,Ps 110:5 (LXX Ps 109:5),14,added; bridge_basis_changed; other; provenance_added; removed_marked_historical,2622ee2; 350a0bd; 440001d; 6a15663; 6c0cb65; efbf63c; f79cbbc
Psalm,110,Ps 110:7 (LXX Ps 109:7),14,added; bridge_basis_changed; other; provenance_added; removed_marked_historical,2622ee2; 350a0bd; 440001d; 6a15663; 6c0cb65; efbf63c; f79cbbc
Psalm,111,Ps 111 (LXX Ps 110),10,added; other; provenance_added; removed_marked_historical,2622ee2; 440001d; 6a15663; 6c0cb65; f79cbbc
Psalm,111,Ps 111:1 (LXX Ps 110:1),10,added; other; provenance_added; removed_marked_historical,2622ee2; 440001d; 6a15663; 6c0cb65; f79cbbc
Psalm,111,"Ps 111:1,111:2 (LXX Ps 110:1",10,added; other; provenance_added; removed_marked_historical,2622ee2; 440001d; 6a15663; 6c0cb65; f79cbbc
Psalm,111,Ps 111:1-2 (LXX Ps 110:1-2),10,added; other; provenance_added; removed_marked_historical,2622ee2; 440001d; 6a15663; 6c0cb65; f79cbbc
Psalm,111,Ps 111:2 (LXX Ps 110:2),10,added; other; provenance_added; removed_marked_historical,2622ee2; 440001d; 6a15663; 6c0cb65; f79cbbc
Psalm,111,Ps 111:3 (LXX Ps 110:3),10,added; other; provenance_added; removed_marked_historical,2622ee2; 440001d; 6a15663; 6c0cb65; f79cbbc
Psalm,111,Ps 111:3-4 (LXX Ps 110:3-4),10,added; other; provenance_added; removed_marked_historical,2622ee2; 440001d; 6a15663; 6c0cb65; f79cbbc
Psalm,111,Ps 111:7,10,added; other; provenance_added; removed_marked_historical,2622ee2; 440001d; 6a15663; 6c0cb65; f79cbbc
Psalm,111,Ps 111:9),10,added; other; provenance_added; removed_marked_historical,2622ee2; 440001d; 6a15663; 6c0cb65; f79cbbc
Psalm,111,Ps 111:9-10 (LXX Ps 110:9-10),10,added; other; provenance_added; removed_marked_historical,2622ee2; 440001d; 6a15663; 6c0cb65; f79cbbc
Psalm,112,Ps 112 (LXX Ps 111),10,added; other; provenance_added; removed_marked_historical,2622ee2; 440001d; 6a15663; 6c0cb65; f79cbbc
Psalm,112,Ps 112:1-2 (LXX Ps 111:1-2),14,added; bridge_basis_changed; other; provenance_added; removed_marked_historical,2622ee2; 350a0bd; 440001d; 6a15663; 6c0cb65; efbf63c; f79cbbc
Psalm,112,Ps 112:2),10,added; other; provenance_added; removed_marked_historical,2622ee2; 440001d; 6a15663; 6c0cb65; f79cbbc
Psalm,112,Ps 112:4 (LXX Ps 111:4),10,added; other; provenance_added; removed_marked_historical,2622ee2; 440001d; 6a15663; 6c0cb65; f79cbbc
Psalm,112,Ps 112:6 (LXX Ps 111:6),14,added; bridge_basis_changed; other; provenance_added; removed_marked_historical,2622ee2; 350a0bd; 440001d; 6a15663; 6c0cb65; efbf63c; f79cbbc
Psalm,112,"Ps 112:6,112:7,112:9 (LXX Ps 111:6",10,added; other; provenance_added; removed_marked_historical,2622ee2; 440001d; 6a15663; 6c0cb65; f79cbbc
Psalm,112,Ps 112:7 (LXX Ps 111:7),14,added; bridge_basis_changed; other; provenance_added; removed_marked_historical,2622ee2; 350a0bd; 440001d; 6a15663; 6c0cb65; efbf63c; f79cbbc
Psalm,112,Ps 112:9 (LXX Ps 111:9),14,added; bridge_basis_changed; other; provenance_added; removed_marked_historical,2622ee2; 350a0bd; 440001d; 6a15663; 6c0cb65; efbf63c; f79cbbc
Psalm,113,Ps 113 (LXX Ps 112),10,added; other; provenance_added; removed_marked_historical,2622ee2; 440001d; 6a15663; 6c0cb65; f79cbbc
Psalm,113,Ps 113:1 (LXX Ps 112:1),10,added; other; provenance_added; removed_marked_historical,2622ee2; 440001d; 6a15663; 6c0cb65; f79cbbc
Psalm,113,"Ps 113:1,113:2 (LXX Ps 112:1",10,added; other; provenance_added; removed_marked_historical,2622ee2; 440001d; 6a15663; 6c0cb65; f79cbbc
Psalm,113,Ps 113:1-2 (LXX Ps 112:1-2),14,added; bridge_basis_changed; other; provenance_added; removed_marked_historical,2622ee2; 350a0bd; 440001d; 6a15663; 6c0cb65; efbf63c; f79cbbc
Psalm,113,Ps 113:2 (LXX Ps 112:2),10,added; other; provenance_added; removed_marked_historical,2622ee2; 440001d; 6a15663; 6c0cb65; f79cbbc
Psalm,113,Ps 113:3-4 (LXX Ps 112:3-4),13,added; other; provenance_added; removed_marked_historical,2622ee2; 350a0bd; 440001d; 6a15663; 6c0cb65; efbf63c; f79cbbc
Psalm,114,Ps 114:2),10,added; other; provenance_added; removed_marked_historical,2622ee2; 440001d; 6a15663; 6c0cb65; f79cbbc
Psalm,114,Ps 114:3 (LXX Ps 113:3),10,added; other; provenance_added; removed_marked_historical,2622ee2; 440001d; 6a15663; 6c0cb65; f79cbbc
Psalm,114,Ps 114:5 (LXX Ps 113:5),10,added; other; provenance_added; removed_marked_historical,2622ee2; 440001d; 6a15663; 6c0cb65; f79cbbc
Psalm,115,Ps 115:12-13 (LXX Ps 113:12-13),13,added; bridge_basis_changed; other; provenance_added; removed_marked_historical,2622ee2; 350a0bd; 440001d; 6a15663; 6c0cb65; efbf63c; f79cbbc
Psalm,116,Ps 116:1 (LXX Ps 114:1),10,added; other; provenance_added; removed_marked_historical,2622ee2; 440001d; 6a15663; 6c0cb65; f79cbbc
Psalm,116,"Ps 116:1,116:2 (LXX Ps 114:1",10,added; other; provenance_added; removed_marked_historical,2622ee2; 440001d; 6a15663; 6c0cb65; f79cbbc
Psalm,116,Ps 116:1-2 (LXX Ps 114:1-2),10,added; other; provenance_added; removed_marked_historical,2622ee2; 440001d; 6a15663; 6c0cb65; f79cbbc
Psalm,116,Ps 116:1-9 (LXX Ps 114:1-9),10,added; other; provenance_added; removed_marked_historical,2622ee2; 440001d; 6a15663; 6c0cb65; f79cbbc
Psalm,116,Ps 116:10-19 (LXX Ps 115:10-19),10,added; other; provenance_added; removed_marked_historical,2622ee2; 440001d; 6a15663; 6c0cb65; f79cbbc
Psalm,116,Ps 116:15-16 (LXX Ps 115:15-16),13,added; bridge_basis_changed; other; provenance_added; removed_marked_historical,2622ee2; 350a0bd; 440001d; 6a15663; 6c0cb65; efbf63c; f79cbbc
Psalm,116,Ps 116:16-19 (LXX Ps 115:16-19),14,added; bridge_basis_changed; other; provenance_added; removed_marked_historical,2622ee2; 350a0bd; 440001d; 6a15663; 6c0cb65; efbf63c; f79cbbc
Psalm,116,Ps 116:2 (LXX Ps 114:2),10,added; other; provenance_added; removed_marked_historical,2622ee2; 440001d; 6a15663; 6c0cb65; f79cbbc
Psalm,116,Ps 116:4-6 (LXX Ps 114:4-6),10,added; other; provenance_added; removed_marked_historical,2622ee2; 440001d; 6a15663; 6c0cb65; f79cbbc
Psalm,116,Ps 116:6 (LXX Ps 114:6),10,added; other; provenance_added; removed_marked_historical,2622ee2; 440001d; 6a15663; 6c0cb65; f79cbbc
Psalm,116,Ps 116:7-8 (LXX Ps 114:7-8),10,added; other; provenance_added; removed_marked_historical,2622ee2; 440001d; 6a15663; 6c0cb65; f79cbbc
Psalm,117,Ps 117 (LXX Ps 116),10,added; other; provenance_added; removed_marked_historical,2622ee2; 440001d; 6a15663; 6c0cb65; f79cbbc
Psalm,117,Ps 117:1-2 (LXX Ps 116:1-2),10,added; other; provenance_added; removed_marked_historical,2622ee2; 440001d; 6a15663; 6c0cb65; f79cbbc
Psalm,117,Ps 117:14 (LXX Ps 116:14),10,added; other; provenance_added; removed_marked_historical,2622ee2; 440001d; 6a15663; 6c0cb65; f79cbbc
Psalm,117,Ps 117:18 (LXX Ps 116:18),10,added; other; provenance_added; removed_marked_historical,2622ee2; 440001d; 6a15663; 6c0cb65; f79cbbc
Psalm,117,Ps 117:2),10,added; other; provenance_added; removed_marked_historical,2622ee2; 440001d; 6a15663; 6c0cb65; f79cbbc
Psalm,118,Ps 118 (LXX Ps 117),10,added; other; provenance_added; removed_marked_historical,2622ee2; 440001d; 6a15663; 6c0cb65; f79cbbc
Psalm,118,"Ps 118:1,118:2 (LXX Ps 117:1",10,added; other; provenance_added; removed_marked_historical,2622ee2; 440001d; 6a15663; 6c0cb65; f79cbbc
Psalm,118,Ps 118:1-2 (LXX Ps 117:1-2),10,added; other; provenance_added; removed_marked_historical,2622ee2; 440001d; 6a15663; 6c0cb65; f79cbbc
Psalm,118,Ps 118:11),10,added; other; provenance_added; removed_marked_historical,2622ee2; 440001d; 6a15663; 6c0cb65; f79cbbc
Psalm,118,Ps 118:14 (LXX Ps 117:14),10,added; other; provenance_added; removed_marked_historical,2622ee2; 440001d; 6a15663; 6c0cb65; f79cbbc
Psalm,118,Ps 118:14-15 (LXX Ps 117:14-15),10,added; other; provenance_added; removed_marked_historical,2622ee2; 440001d; 6a15663; 6c0cb65; f79cbbc
Psalm,118,Ps 118:14-16 (LXX Ps 117:14-16),10,added; other; provenance_added; removed_marked_historical,2622ee2; 440001d; 6a15663; 6c0cb65; f79cbbc
Psalm,118,Ps 118:16 (LXX Ps 117:16),13,added; bridge_basis_changed; other; provenance_added; removed_marked_historical,2622ee2; 350a0bd; 440001d; 6a15663; 6c0cb65; efbf63c; f79cbbc
Psalm,118,Ps 118:16-17 (LXX Ps 117:16-17),10,added; other; provenance_added; removed_marked_historical,2622ee2; 440001d; 6a15663; 6c0cb65; f79cbbc
Psalm,118,Ps 118:17 (LXX Ps 117:17),10,added; other; provenance_added; removed_marked_historical,2622ee2; 440001d; 6a15663; 6c0cb65; f79cbbc
Psalm,118,Ps 118:176),10,added; other; provenance_added; removed_marked_historical,2622ee2; 440001d; 6a15663; 6c0cb65; f79cbbc
Psalm,118,Ps 118:18 (LXX Ps 117:18),10,added; other; provenance_added; removed_marked_historical,2622ee2; 440001d; 6a15663; 6c0cb65; f79cbbc
Psalm,118,Ps 118:18-19 (LXX Ps 117:18-19),10,added; other; provenance_added; removed_marked_historical,2622ee2; 440001d; 6a15663; 6c0cb65; f79cbbc
Psalm,118,Ps 118:19 (LXX Ps 117:19),10,added; other; provenance_added; removed_marked_historical,2622ee2; 440001d; 6a15663; 6c0cb65; f79cbbc
Psalm,118,Ps 118:19-20 (LXX Ps 117:19-20),10,added; other; provenance_added; removed_marked_historical,2622ee2; 440001d; 6a15663; 6c0cb65; f79cbbc
Psalm,118,Ps 118:20 (LXX Ps 117:20),10,added; other; provenance_added; removed_marked_historical,2622ee2; 440001d; 6a15663; 6c0cb65; f79cbbc
Psalm,118,Ps 118:21 (LXX Ps 117:21),10,added; other; provenance_added; removed_marked_historical,2622ee2; 440001d; 6a15663; 6c0cb65; f79cbbc
Psalm,118,Ps 118:24 (LXX Ps 117:24),10,added; other; provenance_added; removed_marked_historical,2622ee2; 440001d; 6a15663; 6c0cb65; f79cbbc
Psalm,118,Ps 118:24-25 (LXX Ps 117:24-25),10,added; other; provenance_added; removed_marked_historical,2622ee2; 440001d; 6a15663; 6c0cb65; f79cbbc
Psalm,118,Ps 118:25 (LXX Ps 117:25),10,added; other; provenance_added; removed_marked_historical,2622ee2; 440001d; 6a15663; 6c0cb65; f79cbbc
Psalm,118,Ps 118:26 (LXX Ps 117:26),13,added; bridge_basis_changed; other; provenance_added; removed_marked_historical,2622ee2; 350a0bd; 440001d; 6a15663; 6c0cb65; efbf63c; f79cbbc
Psalm,118,Ps 118:26-27 (LXX Ps 117:26-27),19,added; other; provenance_added; removed_marked_historical,04cc512; 2622ee2; 440001d; 6a15663; 6c0cb65; f79cbbc
Psalm,118,Ps 118:27 (LXX Ps 117:27),10,added; other; provenance_added; removed_marked_historical,2622ee2; 440001d; 6a15663; 6c0cb65; f79cbbc
Psalm,118,Ps 118:28 (LXX Ps 117:28),13,added; bridge_basis_changed; other; provenance_added; removed_marked_historical,2622ee2; 350a0bd; 440001d; 6a15663; 6c0cb65; efbf63c; f79cbbc
Psalm,118,Ps 118:5 (LXX Ps 117:5),10,added; other; provenance_added; removed_marked_historical,2622ee2; 440001d; 6a15663; 6c0cb65; f79cbbc
Psalm,118,Ps 118:50),10,added; other; provenance_added; removed_marked_historical,2622ee2; 440001d; 6a15663; 6c0cb65; f79cbbc
Psalm,118,Ps 118:8-9 (LXX Ps 117:8-9),10,added; other; provenance_added; removed_marked_historical,2622ee2; 440001d; 6a15663; 6c0cb65; f79cbbc
Psalm,119,Ps 119 (LXX Ps 118),10,added; other; provenance_added; removed_marked_historical,2622ee2; 440001d; 6a15663; 6c0cb65; f79cbbc
Psalm,119,Ps 119:1-2 (LXX Ps 118:1-2),13,added; other; provenance_added; removed_marked_historical,2622ee2; 350a0bd; 440001d; 6a15663; 6c0cb65; efbf63c; f79cbbc
Psalm,119,"Ps 119:10,119:11 (LXX Ps 118:10",10,added; other; provenance_added; removed_marked_historical,2622ee2; 440001d; 6a15663; 6c0cb65; f79cbbc
Psalm,119,Ps 119:10-11 (LXX Ps 118:10-11),10,added; other; provenance_added; removed_marked_historical,2622ee2; 440001d; 6a15663; 6c0cb65; f79cbbc
Psalm,119,Ps 119:105 (LXX Ps 118:105),13,added; other; provenance_added; removed_marked_historical,2622ee2; 350a0bd; 440001d; 6a15663; 6c0cb65; efbf63c; f79cbbc
Psalm,119,Ps 119:130 (LXX Ps 118:130),13,added; bridge_basis_changed; other; provenance_added; removed_marked_historical,2622ee2; 350a0bd; 440001d; 6a15663; 6c0cb65; efbf63c; f79cbbc
Psalm,119,Ps 119:135 (LXX Ps 118:135),10,added; other; provenance_added; removed_marked_historical,2622ee2; 440001d; 6a15663; 6c0cb65; f79cbbc
Psalm,119,Ps 119:141 (LXX Ps 118:141),13,added; bridge_basis_changed; other; provenance_added; removed_marked_historical,2622ee2; 350a0bd; 440001d; 6a15663; 6c0cb65; efbf63c; f79cbbc
Psalm,119,Ps 119:145-146 (LXX Ps 118:145-146),13,added; other; provenance_added; removed_marked_historical,2622ee2; 350a0bd; 440001d; 6a15663; 6c0cb65; efbf63c; f79cbbc
Psalm,119,Ps 119:154-155 (LXX Ps 118:154-155),19,added; other; provenance_added; removed_marked_historical,04cc512; 2622ee2; 440001d; 6a15663; 6c0cb65; f79cbbc
Psalm,119,Ps 119:164 (LXX Ps 118:164),10,added; other; provenance_added; removed_marked_historical,2622ee2; 440001d; 6a15663; 6c0cb65; f79cbbc
Psalm,119,Ps 119:164-165 (LXX Ps 118:164-165),10,added; other; provenance_added; removed_marked_historical,2622ee2; 440001d; 6a15663; 6c0cb65; f79cbbc
Psalm,119,Ps 119:165 (LXX Ps 118:165),10,added; other; provenance_added; removed_marked_historical,2622ee2; 440001d; 6a15663; 6c0cb65; f79cbbc
Psalm,119,"Ps 119:169,119:176 (LXX Ps 118:169",10,added; other; provenance_added; removed_marked_historical,2622ee2; 440001d; 6a15663; 6c0cb65; f79cbbc
Psalm,119,Ps 119:170 (LXX Ps 118:170),13,added; other; provenance_added; removed_marked_historical,2622ee2; 350a0bd; 440001d; 6a15663; 6c0cb65; efbf63c; f79cbbc
Psalm,119,Ps 119:176 (LXX Ps 118:176),13,added; other; provenance_added; removed_marked_historical,2622ee2; 350a0bd; 440001d; 6a15663; 6c0cb65; efbf63c; f79cbbc
Psalm,119,Ps 119:20-22 (LXX Ps 118:20-22),10,added; other; provenance_added; removed_marked_historical,2622ee2; 440001d; 6a15663; 6c0cb65; f79cbbc
Psalm,119,Ps 119:33 (LXX Ps 118:33),10,added; other; provenance_added; removed_marked_historical,2622ee2; 440001d; 6a15663; 6c0cb65; f79cbbc
Psalm,119,Ps 119:33-34 (LXX Ps 118:33-34),10,added; other; provenance_added; removed_marked_historical,2622ee2; 440001d; 6a15663; 6c0cb65; f79cbbc
Psalm,119,Ps 119:34 (LXX Ps 118:34),10,added; other; provenance_added; removed_marked_historical,2622ee2; 440001d; 6a15663; 6c0cb65; f79cbbc
Psalm,119,Ps 119:49 (LXX Ps 118:49),10,added; other; provenance_added; removed_marked_historical,2622ee2; 440001d; 6a15663; 6c0cb65; f79cbbc
Psalm,119,"Ps 119:49,119:50 (LXX Ps 118:49",10,added; other; provenance_added; removed_marked_historical,2622ee2; 440001d; 6a15663; 6c0cb65; f79cbbc
Psalm,119,Ps 119:50 (LXX Ps 118:50),10,added; other; provenance_added; removed_marked_historical,2622ee2; 440001d; 6a15663; 6c0cb65; f79cbbc
Psalm,119,Ps 119:52 (LXX Ps 118:52),10,added; other; provenance_added; removed_marked_historical,2622ee2; 440001d; 6a15663; 6c0cb65; f79cbbc
Psalm,119,Ps 119:57-58 (LXX Ps 118:57-58),10,added; other; provenance_added; removed_marked_historical,2622ee2; 440001d; 6a15663; 6c0cb65; f79cbbc
Psalm,119,Ps 119:6,19,added; other; provenance_added; removed_marked_historical,04cc512; 2622ee2; 440001d; 6a15663; 6c0cb65; f79cbbc
Psalm,119,Ps 119:7),19,added; other; provenance_added; removed_marked_historical,04cc512; 2622ee2; 440001d; 6a15663; 6c0cb65; f79cbbc
Psalm,119,Ps 119:7-8 (LXX Ps 118:7-8),13,added; other; provenance_added; removed_marked_historical,2622ee2; 350a0bd; 440001d; 6a15663; 6c0cb65; efbf63c; f79cbbc
Psalm,119,Ps 119:73 (LXX Ps 118:73),13,added; other; provenance_added; removed_marked_historical,2622ee2; 350a0bd; 440001d; 6a15663; 6c0cb65; efbf63c; f79cbbc
Psalm,119,Ps 119:87 (LXX Ps 118:87),10,added; other; provenance_added; removed_marked_historical,2622ee2; 440001d; 6a15663; 6c0cb65; f79cbbc
Psalm,119,Ps 119:89 (LXX Ps 118:89),10,added; other; provenance_added; removed_marked_historical,2622ee2; 440001d; 6a15663; 6c0cb65; f79cbbc
Psalm,119,Ps 119:89-90 (LXX Ps 118:89-90),13,added; bridge_basis_changed; other; provenance_added; removed_marked_historical,2622ee2; 350a0bd; 440001d; 6a15663; 6c0cb65; efbf63c; f79cbbc
Psalm,119,Ps 119:95-96 (LXX Ps 118:95-96),13,added; bridge_basis_changed; other; provenance_added; removed_marked_historical,2622ee2; 350a0bd; 440001d; 6a15663; 6c0cb65; efbf63c; f79cbbc
Psalm,119,Ps 119:96 (LXX Ps 118:96),10,added; other; provenance_added; removed_marked_historical,2622ee2; 440001d; 6a15663; 6c0cb65; f79cbbc
Psalm,119,Ps 119:97-98 (LXX Ps 118:97-98),13,added; bridge_basis_changed; other; provenance_added; removed_marked_historical,2622ee2; 350a0bd; 440001d; 6a15663; 6c0cb65; efbf63c; f79cbbc
Psalm,120,Ps 120 (LXX Ps 119),10,added; other; provenance_added; removed_marked_historical,2622ee2; 440001d; 6a15663; 6c0cb65; f79cbbc
Psalm,120,"Ps 120:2,120:6,120:7 (LXX Ps 119:2",19,added; other; provenance_added; removed_marked_historical,04cc512; 2622ee2; 440001d; 6a15663; 6c0cb65; f79cbbc
Psalm,121,Ps 121 (LXX Ps 120),10,added; other; provenance_added; removed_marked_historical,2622ee2; 440001d; 6a15663; 6c0cb65; f79cbbc
Psalm,122,Ps 122 (LXX Ps 121),10,added; other; provenance_added; removed_marked_historical,2622ee2; 440001d; 6a15663; 6c0cb65; f79cbbc
Psalm,122,Ps 122:1-2 (LXX Ps 121:1-2),19,added; other; provenance_added; removed_marked_historical,04cc512; 2622ee2; 440001d; 6a15663; 6c0cb65; f79cbbc
Psalm,122,Ps 122:4 (LXX Ps 121:4),19,added; other; provenance_added; removed_marked_historical,04cc512; 2622ee2; 440001d; 6a15663; 6c0cb65; f79cbbc
Psalm,123,Ps 123 (LXX Ps 122),10,added; other; provenance_added; removed_marked_historical,2622ee2; 440001d; 6a15663; 6c0cb65; f79cbbc
Psalm,124,Ps 124 (LXX Ps 123),10,added; other; provenance_added; removed_marked_historical,2622ee2; 440001d; 6a15663; 6c0cb65; f79cbbc
Psalm,125,Ps 125 (LXX Ps 124),10,added; other; provenance_added; removed_marked_historical,2622ee2; 440001d; 6a15663; 6c0cb65; f79cbbc
Psalm,126,Ps 126 (LXX Ps 125),10,added; other; provenance_added; removed_marked_historical,2622ee2; 440001d; 6a15663; 6c0cb65; f79cbbc
Psalm,127,Ps 127 (LXX Ps 126),10,added; other; provenance_added; removed_marked_historical,2622ee2; 440001d; 6a15663; 6c0cb65; f79cbbc
Psalm,127,Ps 127:1 (LXX Ps 126:1),10,added; other; provenance_added; removed_marked_historical,2622ee2; 440001d; 6a15663; 6c0cb65; f79cbbc
Psalm,127,Ps 127:2-3 (LXX Ps 126:2-3),10,added; other; provenance_added; removed_marked_historical,2622ee2; 440001d; 6a15663; 6c0cb65; f79cbbc
Psalm,127,Ps 127:3 (LXX Ps 126:3),10,added; other; provenance_added; removed_marked_historical,2622ee2; 440001d; 6a15663; 6c0cb65; f79cbbc
Psalm,127,Ps 127:5),10,added; other; provenance_added; removed_marked_historical,2622ee2; 440001d; 6a15663; 6c0cb65; f79cbbc
Psalm,128,Ps 128 (LXX Ps 127),10,added; other; provenance_added; removed_marked_historical,2622ee2; 440001d; 6a15663; 6c0cb65; f79cbbc
Psalm,128,Ps 128:1 (LXX Ps 127:1),13,added; other; provenance_added; removed_marked_historical,2622ee2; 350a0bd; 440001d; 6a15663; 6c0cb65; efbf63c; f79cbbc
Psalm,128,"Ps 128:1,128:5 (LXX Ps 127:1",10,added; other; provenance_added; removed_marked_historical,2622ee2; 440001d; 6a15663; 6c0cb65; f79cbbc
Psalm,128,Ps 128:2),10,added; other; provenance_added; removed_marked_historical,2622ee2; 440001d; 6a15663; 6c0cb65; f79cbbc
Psalm,128,Ps 128:3 (LXX Ps 127:3),10,added; other; provenance_added; removed_marked_historical,2622ee2; 440001d; 6a15663; 6c0cb65; f79cbbc
Psalm,128,Ps 128:5 (LXX Ps 127:5),13,added; other; provenance_added; removed_marked_historical,2622ee2; 350a0bd; 440001d; 6a15663; 6c0cb65; efbf63c; f79cbbc
Psalm,129,Ps 129 (LXX Ps 128),10,added; other; provenance_added; removed_marked_historical,2622ee2; 440001d; 6a15663; 6c0cb65; f79cbbc
Psalm,129,"Ps 129:1,129:2 (LXX Ps 128:1",10,added; other; provenance_added; removed_marked_historical,2622ee2; 440001d; 6a15663; 6c0cb65; f79cbbc
Psalm,129,Ps 129:1-2 (LXX Ps 128:1-2),10,added; other; provenance_added; removed_marked_historical,2622ee2; 440001d; 6a15663; 6c0cb65; f79cbbc
Psalm,129,Ps 129:2 (LXX Ps 128:2),10,added; other; provenance_added; removed_marked_historical,2622ee2; 440001d; 6a15663; 6c0cb65; f79cbbc
Psalm,129,Ps 129:2-5 (LXX Ps 128:2-5),10,added; other; provenance_added; removed_marked_historical,2622ee2; 440001d; 6a15663; 6c0cb65; f79cbbc
Psalm,129,Ps 129:8 (LXX Ps 128:8),10,added; other; provenance_added; removed_marked_historical,2622ee2; 440001d; 6a15663; 6c0cb65; f79cbbc
Psalm,130,Ps 130 (LXX Ps 129),10,added; other; provenance_added; removed_marked_historical,2622ee2; 440001d; 6a15663; 6c0cb65; f79cbbc
Psalm,130,Ps 130:1 (LXX Ps 129:1),10,added; other; provenance_added; removed_marked_historical,2622ee2; 440001d; 6a15663; 6c0cb65; f79cbbc
Psalm,130,Ps 130:1-2 (LXX Ps 129:1-2),10,added; other; provenance_added; removed_marked_historical,2622ee2; 440001d; 6a15663; 6c0cb65; f79cbbc
Psalm,131,Ps 131 (LXX Ps 130),10,added; other; provenance_added; removed_marked_historical,2622ee2; 440001d; 6a15663; 6c0cb65; f79cbbc
Psalm,131,Ps 131:10,10,added; other; provenance_added; removed_marked_historical,2622ee2; 440001d; 6a15663; 6c0cb65; f79cbbc
Psalm,131,Ps 131:10),10,added; other; provenance_added; removed_marked_historical,2622ee2; 440001d; 6a15663; 6c0cb65; f79cbbc
Psalm,131,Ps 131:15),10,added; other; provenance_added; removed_marked_historical,2622ee2; 440001d; 6a15663; 6c0cb65; f79cbbc
Psalm,131,Ps 131:17,10,added; other; provenance_added; removed_marked_historical,2622ee2; 440001d; 6a15663; 6c0cb65; f79cbbc
Psalm,131,Ps 131:18),10,added; other; provenance_added; removed_marked_historical,2622ee2; 440001d; 6a15663; 6c0cb65; f79cbbc
Psalm,132,Ps 132 (LXX Ps 131),10,added; other; provenance_added; removed_marked_historical,2622ee2; 440001d; 6a15663; 6c0cb65; f79cbbc
Psalm,132,Ps 132:1 (LXX Ps 131:1),14,added; bridge_basis_changed; other; provenance_added; removed_marked_historical,2622ee2; 350a0bd; 440001d; 6a15663; 6c0cb65; efbf63c; f79cbbc
Psalm,132,Ps 132:10 (LXX Ps 131:10),14,added; bridge_basis_changed; other; provenance_added; removed_marked_historical,2622ee2; 350a0bd; 440001d; 6a15663; 6c0cb65; efbf63c; f79cbbc
Psalm,132,Ps 132:10-11 (LXX Ps 131:10-11),13,added; other; provenance_added; removed_marked_historical,2622ee2; 350a0bd; 440001d; 6a15663; 6c0cb65; efbf63c; f79cbbc
Psalm,132,"Ps 132:13,132:15 (LXX Ps 131:13",10,added; other; provenance_added; removed_marked_historical,2622ee2; 440001d; 6a15663; 6c0cb65; f79cbbc
Psalm,132,Ps 132:13-15 (LXX Ps 131:13-15),13,added; other; provenance_added; removed_marked_historical,2622ee2; 350a0bd; 440001d; 6a15663; 6c0cb65; efbf63c; f79cbbc
Psalm,132,Ps 132:17 (LXX Ps 131:17),14,added; bridge_basis_changed; other; provenance_added; removed_marked_historical,2622ee2; 350a0bd; 440001d; 6a15663; 6c0cb65; efbf63c; f79cbbc
Psalm,132,Ps 132:18 (LXX Ps 131:18),14,added; bridge_basis_changed; other; provenance_added; removed_marked_historical,2622ee2; 350a0bd; 440001d; 6a15663; 6c0cb65; efbf63c; f79cbbc
Psalm,132,Ps 132:2 (LXX Ps 131:2),14,added; bridge_basis_changed; other; provenance_added; removed_marked_historical,2622ee2; 350a0bd; 440001d; 6a15663; 6c0cb65; efbf63c; f79cbbc
Psalm,132,Ps 132:4-5 (LXX Ps 131:4-5),10,added; other; provenance_added; removed_marked_historical,2622ee2; 440001d; 6a15663; 6c0cb65; f79cbbc
Psalm,132,Ps 132:9 (LXX Ps 131:9),14,added; bridge_basis_changed; other; provenance_added; removed_marked_historical,2622ee2; 350a0bd; 440001d; 6a15663; 6c0cb65; efbf63c; f79cbbc
Psalm,132,"Ps 132:9,132:10 (LXX Ps 131:9",10,added; other; provenance_added; removed_marked_historical,2622ee2; 440001d; 6a15663; 6c0cb65; f79cbbc
Psalm,132,"Ps 132:9,132:10,132:17,132:18 (LXX Ps 131:9",10,added; other; provenance_added; removed_marked_historical,2622ee2; 440001d; 6a15663; 6c0cb65; f79cbbc
Psalm,132,Ps 132:9-10 (LXX Ps 131:9-10),14,added; bridge_basis_changed; other; provenance_added; removed_marked_historical,2622ee2; 350a0bd; 440001d; 6a15663; 6c0cb65; efbf63c; f79cbbc
Psalm,133,Ps 133 (LXX Ps 132),10,added; other; provenance_added; removed_marked_historical,2622ee2; 440001d; 6a15663; 6c0cb65; f79cbbc
Psalm,134,Ps 134 (LXX Ps 133),10,added; other; provenance_added; removed_marked_historical,2622ee2; 440001d; 6a15663; 6c0cb65; f79cbbc
Psalm,134,Ps 134:1 (LXX Ps 133:1),13,added; bridge_basis_changed; other; provenance_added; removed_marked_historical,2622ee2; 350a0bd; 440001d; 6a15663; 6c0cb65; efbf63c; f79cbbc
Psalm,134,Ps 134:1-2 (LXX Ps 133:1-2),10,added; other; provenance_added; removed_marked_historical,2622ee2; 440001d; 6a15663; 6c0cb65; f79cbbc
Psalm,135,Ps 135:19-20 (LXX Ps 134:19-20),10,added; other; provenance_added; removed_marked_historical,2622ee2; 440001d; 6a15663; 6c0cb65; f79cbbc
Psalm,135,Ps 135:21 (LXX Ps 134:21),10,added; other; provenance_added; removed_marked_historical,2622ee2; 440001d; 6a15663; 6c0cb65; f79cbbc
Psalm,135,Ps 135:3 (LXX Ps 134:3),10,added; other; provenance_added; removed_marked_historical,2622ee2; 440001d; 6a15663; 6c0cb65; f79cbbc
Psalm,135,Ps 135:5 (LXX Ps 134:5),14,added; bridge_basis_changed; other; provenance_added; removed_marked_historical,2622ee2; 350a0bd; 440001d; 6a15663; 6c0cb65; efbf63c; f79cbbc
Psalm,135,Ps 135:6 (LXX Ps 134:6),10,added; other; provenance_added; removed_marked_historical,2622ee2; 440001d; 6a15663; 6c0cb65; f79cbbc
Psalm,136,Ps 136:1 (LXX Ps 135:1),10,added; other; provenance_added; removed_marked_historical,2622ee2; 440001d; 6a15663; 6c0cb65; f79cbbc
Psalm,136,Ps 136:1-2 (LXX Ps 135:1-2),10,added; other; provenance_added; removed_marked_historical,2622ee2; 440001d; 6a15663; 6c0cb65; f79cbbc
Psalm,136,Ps 136:2 (LXX Ps 135:2),10,added; other; provenance_added; removed_marked_historical,2622ee2; 440001d; 6a15663; 6c0cb65; f79cbbc
Psalm,137,Ps 137 (LXX Ps 136),10,added; other; provenance_added; removed_marked_historical,2622ee2; 440001d; 6a15663; 6c0cb65; f79cbbc
Psalm,138,Ps 138 (LXX Ps 137),10,added; other; provenance_added; removed_marked_historical,2622ee2; 440001d; 6a15663; 6c0cb65; f79cbbc
Psalm,138,Ps 138:1 (LXX Ps 137:1),10,added; other; provenance_added; removed_marked_historical,2622ee2; 440001d; 6a15663; 6c0cb65; f79cbbc
Psalm,138,Ps 138:1-2 (LXX Ps 137:1-2),14,added; bridge_basis_changed; other; provenance_added; removed_marked_historical,2622ee2; 350a0bd; 440001d; 6a15663; 6c0cb65; efbf63c; f79cbbc
Psalm,138,Ps 138:1-3 (LXX Ps 137:1-3),10,added; other; provenance_added; removed_marked_historical,2622ee2; 440001d; 6a15663; 6c0cb65; f79cbbc
Psalm,138,Ps 138:2 (LXX Ps 137:2),10,added; other; provenance_added; removed_marked_historical,2622ee2; 440001d; 6a15663; 6c0cb65; f79cbbc
Psalm,138,Ps 138:3 (LXX Ps 137:3),10,added; other; provenance_added; removed_marked_historical,2622ee2; 440001d; 6a15663; 6c0cb65; f79cbbc
Psalm,139,Ps 139:17-18 (LXX Ps 138:17-18),14,added; bridge_basis_changed; other; provenance_added; removed_marked_historical,2622ee2; 350a0bd; 440001d; 6a15663; 6c0cb65; efbf63c; f79cbbc
Psalm,139,Ps 139:2),19,added; other; provenance_added; removed_marked_historical,04cc512; 2622ee2; 440001d; 6a15663; 6c0cb65; f79cbbc
Psalm,140,"Ps 140:1,140:2 (LXX Ps 139:1",19,added; other; provenance_added; removed_marked_historical,04cc512; 2622ee2; 440001d; 6a15663; 6c0cb65; f79cbbc
Psalm,141,Ps 141 (LXX Ps 140),10,added; other; provenance_added; removed_marked_historical,2622ee2; 440001d; 6a15663; 6c0cb65; f79cbbc
Psalm,142,Ps 142 (LXX Ps 141),10,added; other; provenance_added; removed_marked_historical,2622ee2; 440001d; 6a15663; 6c0cb65; f79cbbc
Psalm,142,Ps 142:5 (LXX Ps 141:5),10,added; other; provenance_added; removed_marked_historical,2622ee2; 440001d; 6a15663; 6c0cb65; f79cbbc
Psalm,142,Ps 142:7,19,added; other; provenance_added; removed_marked_historical,04cc512; 2622ee2; 440001d; 6a15663; 6c0cb65; f79cbbc
Psalm,142,Ps 142:7 (LXX Ps 141:7),10,added; other; provenance_added; removed_marked_historical,2622ee2; 440001d; 6a15663; 6c0cb65; f79cbbc
Psalm,142,Ps 142:7),19,added; other; provenance_added; removed_marked_historical,04cc512; 2622ee2; 440001d; 6a15663; 6c0cb65; f79cbbc
Psalm,143,Ps 143 (LXX Ps 142),10,added; other; provenance_added; removed_marked_historical,2622ee2; 440001d; 6a15663; 6c0cb65; f79cbbc
Psalm,143,Ps 143:1 (LXX Ps 142:1),10,added; other; provenance_added; removed_marked_historical,2622ee2; 440001d; 6a15663; 6c0cb65; f79cbbc
Psalm,143,Ps 143:1-2 (LXX Ps 142:1-2),10,added; other; provenance_added; removed_marked_historical,2622ee2; 440001d; 6a15663; 6c0cb65; f79cbbc
Psalm,143,Ps 143:10 (LXX Ps 142:10),13,added; other; provenance_added; removed_marked_historical,2622ee2; 350a0bd; 440001d; 6a15663; 6c0cb65; efbf63c; f79cbbc
Psalm,143,"Ps 143:6,143:7 (LXX Ps 142:6",19,added; other; provenance_added; removed_marked_historical,04cc512; 2622ee2; 440001d; 6a15663; 6c0cb65; f79cbbc
Psalm,143,"Ps 143:6,143:7,31:5 (LXX Ps 142:6",19,added; other; provenance_added; removed_marked_historical,04cc512; 2622ee2; 440001d; 6a15663; 6c0cb65; f79cbbc
Psalm,143,Ps 143:6-7 (LXX Ps 142:6-7),14,added; bridge_basis_changed; other; provenance_added; removed_marked_historical,2622ee2; 350a0bd; 440001d; 6a15663; 6c0cb65; efbf63c; f79cbbc
Psalm,143,Ps 143:7 (LXX Ps 142:7),10,added; other; provenance_added; removed_marked_historical,2622ee2; 440001d; 6a15663; 6c0cb65; f79cbbc
Psalm,143,Ps 143:7),10,added; other; provenance_added; removed_marked_historical,2622ee2; 440001d; 6a15663; 6c0cb65; f79cbbc
Psalm,143,Ps 143:8 (LXX Ps 142:8),13,added; other; provenance_added; removed_marked_historical,2622ee2; 350a0bd; 440001d; 6a15663; 6c0cb65; efbf63c; f79cbbc
Psalm,144,Ps 144:10),10,added; other; provenance_added; removed_marked_historical,2622ee2; 440001d; 6a15663; 6c0cb65; f79cbbc
Psalm,144,Ps 144:2,10,added; other; provenance_added; removed_marked_historical,2622ee2; 440001d; 6a15663; 6c0cb65; f79cbbc
Psalm,144,Ps 144:5 (LXX Ps 143:5),14,added; bridge_basis_changed; other; provenance_added; removed_marked_historical,2622ee2; 350a0bd; 440001d; 6a15663; 6c0cb65; efbf63c; f79cbbc
Psalm,144,"Ps 144:5,144:7 (LXX Ps 143:5",10,added; other; provenance_added; removed_marked_historical,2622ee2; 440001d; 6a15663; 6c0cb65; f79cbbc
Psalm,144,Ps 144:7 (LXX Ps 143:7),14,added; bridge_basis_changed; other; provenance_added; removed_marked_historical,2622ee2; 350a0bd; 440001d; 6a15663; 6c0cb65; efbf63c; f79cbbc
Psalm,145,"Ps 145:1,145:2,145:10 (LXX Ps 144:1",10,added; other; provenance_added; removed_marked_historical,2622ee2; 440001d; 6a15663; 6c0cb65; f79cbbc
Psalm,145,Ps 145:1-2 (LXX Ps 144:1-2),13,added; bridge_basis_changed; other; provenance_added; removed_marked_historical,2622ee2; 350a0bd; 440001d; 6a15663; 6c0cb65; efbf63c; f79cbbc
Psalm,145,Ps 145:10 (LXX Ps 144:10),13,added; other; provenance_added; removed_marked_historical,2622ee2; 350a0bd; 440001d; 6a15663; 6c0cb65; efbf63c; f79cbbc
Psalm,145,Ps 145:10-12 (LXX Ps 144:10-12),14,added; bridge_basis_changed; other; provenance_added; removed_marked_historical,2622ee2; 350a0bd; 440001d; 6a15663; 6c0cb65; efbf63c; f79cbbc
Psalm,145,Ps 145:11 (LXX Ps 144:11),13,added; other; provenance_added; removed_marked_historical,2622ee2; 350a0bd; 440001d; 6a15663; 6c0cb65; efbf63c; f79cbbc
Psalm,145,Ps 145:17-18 (LXX Ps 144:17-18),13,added; bridge_basis_changed; other; provenance_added; removed_marked_historical,2622ee2; 350a0bd; 440001d; 6a15663; 6c0cb65; efbf63c; f79cbbc
Psalm,145,Ps 145:19 (LXX Ps 144:19),13,added; other; provenance_added; removed_marked_historical,2622ee2; 350a0bd; 440001d; 6a15663; 6c0cb65; efbf63c; f79cbbc
Psalm,145,Ps 145:20 (LXX Ps 144:20),13,added; other; provenance_added; removed_marked_historical,2622ee2; 350a0bd; 440001d; 6a15663; 6c0cb65; efbf63c; f79cbbc
Psalm,145,Ps 145:8),10,added; other; provenance_added; removed_marked_historical,2622ee2; 440001d; 6a15663; 6c0cb65; f79cbbc
Psalm,146,Ps 146 (LXX Ps 145),10,added; other; provenance_added; removed_marked_historical,2622ee2; 440001d; 6a15663; 6c0cb65; f79cbbc
Psalm,146,Ps 146:1 (LXX Ps 145:1),14,added; bridge_basis_changed; other; provenance_added; removed_marked_historical,2622ee2; 350a0bd; 440001d; 6a15663; 6c0cb65; efbf63c; f79cbbc
Psalm,146,Ps 146:10 (LXX Ps 145:10),10,added; other; provenance_added; removed_marked_historical,2622ee2; 440001d; 6a15663; 6c0cb65; f79cbbc
Psalm,146,Ps 146:2 (LXX Ps 145:2),10,added; other; provenance_added; removed_marked_historical,2622ee2; 440001d; 6a15663; 6c0cb65; f79cbbc
Psalm,146,Ps 146:5 (LXX Ps 145:5),14,added; bridge_basis_changed; other; provenance_added; removed_marked_historical,2622ee2; 350a0bd; 440001d; 6a15663; 6c0cb65; efbf63c; f79cbbc
Psalm,146,"Ps 146:7,146:8 (LXX Ps 145:7",10,added; other; provenance_added; removed_marked_historical,2622ee2; 440001d; 6a15663; 6c0cb65; f79cbbc
Psalm,146,Ps 146:7-8 (LXX Ps 145:7-8),10,added; other; provenance_added; removed_marked_historical,2622ee2; 440001d; 6a15663; 6c0cb65; f79cbbc
Psalm,147,Ps 147:1 (LXX Ps 146:1),10,added; other; provenance_added; removed_marked_historical,2622ee2; 440001d; 6a15663; 6c0cb65; f79cbbc
Psalm,147,Ps 147:1-11 (LXX Ps 146:1-11),10,added; other; provenance_added; removed_marked_historical,2622ee2; 440001d; 6a15663; 6c0cb65; f79cbbc
Psalm,147,Ps 147:1-2 (LXX Ps 146:1-2),10,added; other; provenance_added; removed_marked_historical,2622ee2; 440001d; 6a15663; 6c0cb65; f79cbbc
Psalm,147,Ps 147:12,10,added; other; provenance_added; removed_marked_historical,2622ee2; 440001d; 6a15663; 6c0cb65; f79cbbc
Psalm,147,Ps 147:12-20,10,added; other; provenance_added; removed_marked_historical,2622ee2; 440001d; 6a15663; 6c0cb65; f79cbbc
Psalm,147,Ps 147:18,10,added; other; provenance_added; removed_marked_historical,2622ee2; 440001d; 6a15663; 6c0cb65; f79cbbc
Psalm,147,Ps 147:2 (LXX Ps 146:2),10,added; other; provenance_added; removed_marked_historical,2622ee2; 440001d; 6a15663; 6c0cb65; f79cbbc
Psalm,148,Ps 148:1-2,10,added; other; provenance_added; removed_marked_historical,2622ee2; 440001d; 6a15663; 6c0cb65; f79cbbc
Psalm,149,Ps 149:1-2,14,added; bridge_basis_changed; other; provenance_added; removed_marked_historical,2622ee2; 350a0bd; 440001d; 6a15663; 6c0cb65; efbf63c; f79cbbc
Psalm,149,Ps 149:5,13,added; other; provenance_added; removed_marked_historical,2622ee2; 350a0bd; 440001d; 6a15663; 6c0cb65; efbf63c; f79cbbc
Psalm,149,Ps 149:9,13,added; other; provenance_added; removed_marked_historical,2622ee2; 350a0bd; 440001d; 6a15663; 6c0cb65; efbf63c; f79cbbc
Psalm,610,Ps 610:5,10,added; other; provenance_added; removed_marked_historical,2622ee2; 440001d; 6a15663; 6c0cb65; f79cbbc
Proverbs,1,Prov 1:1-9,19,added; other; provenance_added; removed_marked_historical,04cc512; 2622ee2; 440001d; 6a15663; 6c0cb65; f79cbbc
Proverbs,1,Prov 1:10-33,20,added; other; removed_marked_historical,04cc512; 2622ee2; 440001d; 6a15663; 6c0cb65; f79cbbc
Proverbs,1,Prov 1:11-35,16,added; other; provenance_added; removed_marked_historical,04cc512; 2622ee2; 440001d; 6a15663; 6c0cb65; f79cbbc
Proverbs,1,Prov 1:20-33,10,added; other; provenance_added; removed_marked_historical,2622ee2; 440001d; 6a15663; 6c0cb65; f79cbbc
Proverbs,2,Prov 2:1-15,10,added; other; provenance_added; removed_marked_historical,2622ee2; 440001d; 6a15663; 6c0cb65; f79cbbc
Proverbs,2,Prov 2:16-22,10,added; other; provenance_added; removed_marked_historical,2622ee2; 440001d; 6a15663; 6c0cb65; f79cbbc
Proverbs,3,Prov 3:1-4,10,added; other; provenance_added; removed_marked_historical,2622ee2; 440001d; 6a15663; 6c0cb65; f79cbbc
Proverbs,3,Prov 3:19-35,10,added; other; provenance_added; removed_marked_historical,2622ee2; 440001d; 6a15663; 6c0cb65; f79cbbc
Proverbs,3,Prov 3:5-14,16,added; other; provenance_added; removed_marked_historical,04cc512; 2622ee2; 440001d; 6a15663; 6c0cb65; f79cbbc
Proverbs,3,Prov 3:5-18,10,added; other; provenance_added; removed_marked_historical,2622ee2; 440001d; 6a15663; 6c0cb65; f79cbbc
Proverbs,4,Prov 4:1-9,10,added; other; provenance_added; removed_marked_historical,2622ee2; 440001d; 6a15663; 6c0cb65; f79cbbc
Proverbs,4,Prov 4:10-19,10,added; other; provenance_added; removed_marked_historical,2622ee2; 440001d; 6a15663; 6c0cb65; f79cbbc
Proverbs,4,Prov 4:20-27,10,added; other; provenance_added; removed_marked_historical,2622ee2; 440001d; 6a15663; 6c0cb65; f79cbbc
Proverbs,4,"Prov 4:4-27,5:1-4",31,added; deduped; other; removed_marked_historical,03fb997; 04cc512; 2622ee2; 440001d; 6a15663; 6c0cb65; f79cbbc
Proverbs,4,Prov 4:4-5:4,35,added; deduped; other; provenance_added; removed_marked_historical,03fb997; 04cc512; 2622ee2; 440001d; 6a15663; 6c0cb65; f79cbbc
Proverbs,5,Prov 5:1-12,10,added; other; provenance_added; removed_marked_historical,2622ee2; 440001d; 6a15663; 6c0cb65; f79cbbc
Proverbs,6,Prov 6:20-7:4,19,added; other; provenance_added; removed_marked_historical,04cc512; 2622ee2; 440001d; 6a15663; 6c0cb65; f79cbbc
Proverbs,8,Prov 8:1-11,10,added; other; provenance_added; removed_marked_historical,2622ee2; 440001d; 6a15663; 6c0cb65; f79cbbc
Proverbs,8,Prov 8:1-12,19,added; other; provenance_added; removed_marked_historical,04cc512; 2622ee2; 440001d; 6a15663; 6c0cb65; f79cbbc
Proverbs,8,Prov 8:12-21,10,added; other; provenance_added; removed_marked_historical,2622ee2; 440001d; 6a15663; 6c0cb65; f79cbbc
Proverbs,8,Prov 8:22-36,10,added; other; provenance_added; removed_marked_historical,2622ee2; 440001d; 6a15663; 6c0cb65; f79cbbc
Proverbs,9,Prov 9:1-11,19,added; other; provenance_added; removed_marked_historical,04cc512; 2622ee2; 440001d; 6a15663; 6c0cb65; f79cbbc
Proverbs,9,Prov 9:12-18,10,added; other; provenance_added; removed_marked_historical,2622ee2; 440001d; 6a15663; 6c0cb65; f79cbbc
Proverbs,10,Prov 10:1-16,10,added; other; provenance_added; removed_marked_historical,2622ee2; 440001d; 6a15663; 6c0cb65; f79cbbc
Proverbs,10,Prov 10:17-33,10,added; other; provenance_added; removed_marked_historical,2622ee2; 440001d; 6a15663; 6c0cb65; f79cbbc
Proverbs,10,Prov 10:32,10,added; other; provenance_added; removed_marked_historical,2622ee2; 440001d; 6a15663; 6c0cb65; f79cbbc
Proverbs,11,Prov 11:1-13,10,added; other; provenance_added; removed_marked_historical,2622ee2; 440001d; 6a15663; 6c0cb65; f79cbbc
Proverbs,11,Prov 11:13-26,10,added; other; provenance_added; removed_marked_historical,2622ee2; 440001d; 6a15663; 6c0cb65; f79cbbc
Proverbs,11,Prov 11:27-31,10,added; other; provenance_added; removed_marked_historical,2622ee2; 440001d; 6a15663; 6c0cb65; f79cbbc
Proverbs,12,Prov 12:1-22,10,added; other; provenance_added; removed_marked_historical,2622ee2; 440001d; 6a15663; 6c0cb65; f79cbbc
Proverbs,30,Prov 30:2-6,19,added; other; provenance_added; removed_marked_historical,04cc512; 2622ee2; 440001d; 6a15663; 6c0cb65; f79cbbc
Wisdom,1,Wis 1:1-9,19,added; other; provenance_added; removed_marked_historical,04cc512; 2622ee2; 440001d; 6a15663; 6c0cb65; f79cbbc
Wisdom,1,Wis 1:20-2:15,18,added; other; provenance_added; removed_marked_historical,04cc512; 2622ee2; 440001d; 6a15663; 6c0cb65; f79cbbc
Wisdom,2,Wis 2:12-22,19,added; other; provenance_added; removed_marked_historical,04cc512; 2622ee2; 440001d; 6a15663; 6c0cb65; f79cbbc
Wisdom,2,Wis 2:20-30,19,added; other; provenance_added; removed_marked_historical,04cc512; 2622ee2; 440001d; 6a15663; 6c0cb65; f79cbbc
Wisdom,3,Wis 3:12-24,18,added; other; provenance_added; removed_marked_historical,04cc512; 2622ee2; 440001d; 6a15663; 6c0cb65; f79cbbc
Wisdom,7,Wis 7:24-30,19,added; other; provenance_added; removed_marked_historical,04cc512; 2622ee2; 440001d; 6a15663; 6c0cb65; f79cbbc
Wisdom,12,Wis 12:13-13:1,19,added; other; provenance_added; removed_marked_historical,04cc512; 2622ee2; 440001d; 6a15663; 6c0cb65; f79cbbc
Wisdom,24,Wis 24:1-11,19,added; other; provenance_added; removed_marked_historical,04cc512; 2622ee2; 440001d; 6a15663; 6c0cb65; f79cbbc
Sirach,1,Sir 1:1-14,19,added; other; provenance_added; removed_marked_historical,04cc512; 2622ee2; 440001d; 6a15663; 6c0cb65; f79cbbc
Sirach,1,Sir 1:18-27,19,added; other; provenance_added; removed_marked_historical,04cc512; 2622ee2; 440001d; 6a15663; 6c0cb65; f79cbbc
Sirach,2,Sir 2:1-23,10,added; other; provenance_added; removed_marked_historical,2622ee2; 440001d; 6a15663; 6c0cb65; f79cbbc
Sirach,3,Sir 3:1-4,10,added; other; provenance_added; removed_marked_historical,2622ee2; 440001d; 6a15663; 6c0cb65; f79cbbc
Sirach,4,Sir 4:20-5:2,19,added; other; provenance_added; removed_marked_historical,04cc512; 2622ee2; 440001d; 6a15663; 6c0cb65; f79cbbc
Sirach,5,Sir 5:1-15,10,added; other; provenance_added; removed_marked_historical,2622ee2; 440001d; 6a15663; 6c0cb65; f79cbbc
Sirach,8,Sir 8:1-22,10,added; other; provenance_added; removed_marked_historical,2622ee2; 440001d; 6a15663; 6c0cb65; f79cbbc
Sirach,10,Sir 10:1-25,10,added; other; provenance_added; removed_marked_historical,2622ee2; 440001d; 6a15663; 6c0cb65; f79cbbc
Sirach,10,Sir 10:1-33,10,added; other; provenance_added; removed_marked_historical,2622ee2; 440001d; 6a15663; 6c0cb65; f79cbbc
Sirach,11,Sir 11:1-10,10,added; other; provenance_added; removed_marked_historical,2622ee2; 440001d; 6a15663; 6c0cb65; f79cbbc
Sirach,22,Sir 22:7-18,16,added; other; provenance_added; removed_marked_historical,04cc512; 2622ee2; 440001d; 6a15663; 6c0cb65; f79cbbc
Sirach,23,Sir 23:7-14,19,added; other; provenance_added; removed_marked_historical,04cc512; 2622ee2; 440001d; 6a15663; 6c0cb65; f79cbbc
Sirach,24,Sir 24:1-11,19,added; other; provenance_added; removed_marked_historical,04cc512; 2622ee2; 440001d; 6a15663; 6c0cb65; f79cbbc
Isaiah,1,Isa 1:1-9,19,added; other; provenance_added; removed_marked_historical,04cc512; 2622ee2; 440001d; 6a15663; 6c0cb65; f79cbbc
Isaiah,1,Isa 1:19-25,10,added; other; provenance_added; removed_marked_historical,2622ee2; 440001d; 6a15663; 6c0cb65; f79cbbc
Isaiah,1,Isa 1:2-18,10,added; other; provenance_added; removed_marked_historical,2622ee2; 440001d; 6a15663; 6c0cb65; f79cbbc
Isaiah,1,Isa 1:2-9,19,added; other; provenance_added; removed_marked_historical,04cc512; 2622ee2; 440001d; 6a15663; 6c0cb65; f79cbbc
Isaiah,2,Isa 2:1-3,10,added; other; provenance_added; removed_marked_historical,2622ee2; 440001d; 6a15663; 6c0cb65; f79cbbc
Isaiah,2,Isa 2:10-21,19,added; other; provenance_added; removed_marked_historical,04cc512; 2622ee2; 440001d; 6a15663; 6c0cb65; f79cbbc
Isaiah,2,Isa 2:11-19,10,added; other; provenance_added; removed_marked_historical,2622ee2; 440001d; 6a15663; 6c0cb65; f79cbbc
Isaiah,2,Isa 2:3-11,10,added; other; provenance_added; removed_marked_historical,2622ee2; 440001d; 6a15663; 6c0cb65; f79cbbc
Isaiah,3,Isa 3:1-14,10,added; other; provenance_added; removed_marked_historical,2622ee2; 440001d; 6a15663; 6c0cb65; f79cbbc
Isaiah,3,Isa 3:5-12,19,added; other; provenance_added; removed_marked_historical,04cc512; 2622ee2; 440001d; 6a15663; 6c0cb65; f79cbbc
Isaiah,3,Isa 3:9-15,19,added; other; provenance_added; removed_marked_historical,04cc512; 2622ee2; 440001d; 6a15663; 6c0cb65; f79cbbc
Isaiah,4,Isa 4:2-4,19,added; other; provenance_added; removed_marked_historical,04cc512; 2622ee2; 440001d; 6a15663; 6c0cb65; f79cbbc
Isaiah,4,Isa 4:2-5,10,added; other; provenance_added; removed_marked_historical,2622ee2; 440001d; 6a15663; 6c0cb65; f79cbbc
Isaiah,5,Isa 5:1-9,19,added; other; provenance_added; removed_marked_historical,04cc512; 2622ee2; 440001d; 6a15663; 6c0cb65; f79cbbc
Isaiah,5,Isa 5:17-25,10,added; other; provenance_added; removed_marked_historical,2622ee2; 440001d; 6a15663; 6c0cb65; f79cbbc
Isaiah,5,Isa 5:20-30,19,added; other; provenance_added; removed_marked_historical,04cc512; 2622ee2; 440001d; 6a15663; 6c0cb65; f79cbbc
Isaiah,5,Isa 5:7-16,10,added; other; provenance_added; removed_marked_historical,2622ee2; 440001d; 6a15663; 6c0cb65; f79cbbc
Isaiah,6,Isa 6:1-12,10,added; other; provenance_added; removed_marked_historical,2622ee2; 440001d; 6a15663; 6c0cb65; f79cbbc
Isaiah,7,Isa 7:1-14,10,added; other; provenance_added; removed_marked_historical,2622ee2; 440001d; 6a15663; 6c0cb65; f79cbbc
Isaiah,8,Isa 8:13-9,10,added; other; provenance_added; removed_marked_historical,2622ee2; 440001d; 6a15663; 6c0cb65; f79cbbc
Isaiah,9,Isa 9:9-21,10,added; other; provenance_added; removed_marked_historical,2622ee2; 440001d; 6a15663; 6c0cb65; f79cbbc
Isaiah,10,Isa 10:1-4,10,added; other; provenance_added; removed_marked_historical,2622ee2; 440001d; 6a15663; 6c0cb65; f79cbbc
Isaiah,10,Isa 10:12-21,10,added; other; provenance_added; removed_marked_historical,2622ee2; 440001d; 6a15663; 6c0cb65; f79cbbc
Isaiah,11,Isa 11:10-16,10,added; other; provenance_added; removed_marked_historical,2622ee2; 440001d; 6a15663; 6c0cb65; f79cbbc
Isaiah,12,Isa 12:1-2,10,added; other; provenance_added; removed_marked_historical,2622ee2; 440001d; 6a15663; 6c0cb65; f79cbbc
Isaiah,12,Isa 12:2-13:10,19,added; other; provenance_added; removed_marked_historical,04cc512; 2622ee2; 440001d; 6a15663; 6c0cb65; f79cbbc
Isaiah,13,Isa 13:2-13,10,added; other; provenance_added; removed_marked_historical,2622ee2; 440001d; 6a15663; 6c0cb65; f79cbbc
Isaiah,14,Isa 14:24-32,10,added; other; provenance_added; removed_marked_historical,2622ee2; 440001d; 6a15663; 6c0cb65; f79cbbc
Isaiah,19,Isa 19:19-25,19,added; other; provenance_added; removed_marked_historical,04cc512; 2622ee2; 440001d; 6a15663; 6c0cb65; f79cbbc
Isaiah,24,Isa 24:1-13,19,added; other; provenance_added; removed_marked_historical,04cc512; 2622ee2; 440001d; 6a15663; 6c0cb65; f79cbbc
Isaiah,25,Isa 25:1-12,10,added; other; provenance_added; removed_marked_historical,2622ee2; 440001d; 6a15663; 6c0cb65; f79cbbc
Isaiah,26,Isa 26:1-8,10,added; other; provenance_added; removed_marked_historical,2622ee2; 440001d; 6a15663; 6c0cb65; f79cbbc
Isaiah,26,Isa 26:1-9,10,added; other; provenance_added; removed_marked_historical,2622ee2; 440001d; 6a15663; 6c0cb65; f79cbbc
Isaiah,26,Isa 26:21-27,10,added; other; provenance_added; removed_marked_historical,2622ee2; 440001d; 6a15663; 6c0cb65; f79cbbc
Isaiah,26,Isa 26:9-20,10,added; other; provenance_added; removed_marked_historical,2622ee2; 440001d; 6a15663; 6c0cb65; f79cbbc
Isaiah,27,Isa 27:11-28:15,19,added; other; provenance_added; removed_marked_historical,04cc512; 2622ee2; 440001d; 6a15663; 6c0cb65; f79cbbc
Isaiah,28,Isa 28:14-22,10,added; other; provenance_added; removed_marked_historical,2622ee2; 440001d; 6a15663; 6c0cb65; f79cbbc
Isaiah,28,Isa 28:16-29,16,added; other; provenance_added; removed_marked_historical,04cc512; 2622ee2; 440001d; 6a15663; 6c0cb65; f79cbbc
Isaiah,29,Isa 29:12-23,10,added; other; provenance_added; removed_marked_historical,2622ee2; 440001d; 6a15663; 6c0cb65; f79cbbc
Isaiah,30,Isa 30:25-30,19,added; other; provenance_added; removed_marked_historical,04cc512; 2622ee2; 440001d; 6a15663; 6c0cb65; f79cbbc
Isaiah,37,Isa 37:33-38,10,added; other; provenance_added; removed_marked_historical,2622ee2; 440001d; 6a15663; 6c0cb65; f79cbbc
Isaiah,38,Isa 38:1-6,10,added; other; provenance_added; removed_marked_historical,2622ee2; 440001d; 6a15663; 6c0cb65; f79cbbc
Isaiah,38,Isa 38:10-20,10,added; other; provenance_added; removed_marked_historical,2622ee2; 440001d; 6a15663; 6c0cb65; f79cbbc
Isaiah,40,Isa 40:1-5,19,added; other; provenance_added; removed_marked_historical,04cc512; 2622ee2; 440001d; 6a15663; 6c0cb65; f79cbbc
Isaiah,40,Isa 40:1-8,10,added; other; provenance_added; removed_marked_historical,2622ee2; 440001d; 6a15663; 6c0cb65; f79cbbc
Isaiah,40,Isa 40:9-31,19,added; other; provenance_added; removed_marked_historical,04cc512; 2622ee2; 440001d; 6a15663; 6c0cb65; f79cbbc
Isaiah,41,Isa 41:4-14,10,added; other; provenance_added; removed_marked_historical,2622ee2; 440001d; 6a15663; 6c0cb65; f79cbbc
Isaiah,42,Isa 42:5-16,10,added; other; provenance_added; removed_marked_historical,2622ee2; 440001d; 6a15663; 6c0cb65; f79cbbc
Isaiah,43,Isa 43:1-9,10,added; other; provenance_added; removed_marked_historical,2622ee2; 440001d; 6a15663; 6c0cb65; f79cbbc
Isaiah,43,Isa 43:10-28,10,added; other; provenance_added; removed_marked_historical,2622ee2; 440001d; 6a15663; 6c0cb65; f79cbbc
Isaiah,44,Isa 44:1-8,10,added; other; provenance_added; removed_marked_historical,2622ee2; 440001d; 6a15663; 6c0cb65; f79cbbc
Isaiah,44,Isa 44:21-28,10,added; other; provenance_added; removed_marked_historical,2622ee2; 440001d; 6a15663; 6c0cb65; f79cbbc
Isaiah,45,Isa 45:1-10,10,added; other; provenance_added; removed_marked_historical,2622ee2; 440001d; 6a15663; 6c0cb65; f79cbbc
Isaiah,45,Isa 45:11-17,10,added; other; provenance_added; removed_marked_historical,2622ee2; 440001d; 6a15663; 6c0cb65; f79cbbc
Isaiah,45,Isa 45:15-20,10,added; other; provenance_added; removed_marked_historical,2622ee2; 440001d; 6a15663; 6c0cb65; f79cbbc
Isaiah,48,Isa 48:1-6,11,added; removed_marked_historical,2622ee2; f79cbbc
Isaiah,48,Isa 48:12-22,19,added; other; provenance_added; removed_marked_historical,04cc512; 2622ee2; 440001d; 6a15663; 6c0cb65; f79cbbc
Isaiah,48,Isa 48:17-22,10,added; other; provenance_added; removed_marked_historical,2622ee2; 440001d; 6a15663; 6c0cb65; f79cbbc
Isaiah,49,Isa 49:1-4,10,added; other; provenance_added; removed_marked_historical,2622ee2; 440001d; 6a15663; 6c0cb65; f79cbbc
Isaiah,49,Isa 49:6-10,10,added; other; provenance_added; removed_marked_historical,2622ee2; 440001d; 6a15663; 6c0cb65; f79cbbc
Isaiah,50,Isa 50:1-3,19,added; other; provenance_added; removed_marked_historical,04cc512; 2622ee2; 440001d; 6a15663; 6c0cb65; f79cbbc
Isaiah,50,Isa 50:10-51:8,10,added; other; provenance_added; removed_marked_historical,2622ee2; 440001d; 6a15663; 6c0cb65; f79cbbc
Isaiah,50,Isa 50:4-9,19,added; other; provenance_added; removed_marked_historical,04cc512; 2622ee2; 440001d; 6a15663; 6c0cb65; f79cbbc
Isaiah,52,Isa 52:13-53:12,19,added; other; provenance_added; removed_marked_historical,04cc512; 2622ee2; 440001d; 6a15663; 6c0cb65; f79cbbc
Isaiah,53,Isa 53:7-12,19,added; other; provenance_added; removed_marked_historical,04cc512; 2622ee2; 440001d; 6a15663; 6c0cb65; f79cbbc
Isaiah,55,Isa 55:1-56:1,19,added; other; provenance_added; removed_marked_historical,04cc512; 2622ee2; 440001d; 6a15663; 6c0cb65; f79cbbc
Isaiah,58,Isa 58:1-11,19,added; other; provenance_added; removed_marked_historical,04cc512; 2622ee2; 440001d; 6a15663; 6c0cb65; f79cbbc
Isaiah,58,Isa 58:1-9,19,added; other; provenance_added; removed_marked_historical,04cc512; 2622ee2; 440001d; 6a15663; 6c0cb65; f79cbbc
Isaiah,59,Isa 59:1-17,19,added; other; removed_marked_historical,04cc512; 2622ee2; 440001d; 6a15663; 6c0cb65; f79cbbc
Isaiah,61,Isa 61:1-6,19,added; other; provenance_added; removed_marked_historical,04cc512; 2622ee2; 440001d; 6a15663; 6c0cb65; f79cbbc
Isaiah,61,Isa 61:1-7,19,added; other; provenance_added; removed_marked_historical,04cc512; 2622ee2; 440001d; 6a15663; 6c0cb65; f79cbbc
Isaiah,63,Isa 63:1-7,19,added; other; provenance_added; removed_marked_historical,04cc512; 2622ee2; 440001d; 6a15663; 6c0cb65; f79cbbc
Isaiah,65,Isa 65:8-16,10,added; other; provenance_added; removed_marked_historical,2622ee2; 440001d; 6a15663; 6c0cb65; f79cbbc
Isaiah,66,Isa 66:10-24,10,added; other; provenance_added; removed_marked_historical,2622ee2; 440001d; 6a15663; 6c0cb65; f79cbbc
Jeremiah,7,Jer 7:2-15,19,added; other; provenance_added; removed_marked_historical,04cc512; 2622ee2; 440001d; 6a15663; 6c0cb65; f79cbbc
Jeremiah,8,Jer 8:17-9:6,19,added; other; provenance_added; removed_marked_historical,04cc512; 2622ee2; 440001d; 6a15663; 6c0cb65; f79cbbc
Jeremiah,8,Jer 8:4-9,19,added; other; provenance_added; removed_marked_historical,04cc512; 2622ee2; 440001d; 6a15663; 6c0cb65; f79cbbc
Jeremiah,9,Jer 9:12-19,19,added; other; provenance_added; removed_marked_historical,04cc512; 2622ee2; 440001d; 6a15663; 6c0cb65; f79cbbc
Jeremiah,9,Jer 9:6-10,19,added; other; provenance_added; removed_marked_historical,04cc512; 2622ee2; 440001d; 6a15663; 6c0cb65; f79cbbc
Jeremiah,9,Jer 9:7-11,19,added; other; provenance_added; removed_marked_historical,04cc512; 2622ee2; 440001d; 6a15663; 6c0cb65; f79cbbc
Jeremiah,11,Jer 11:18-12:13,19,added; other; provenance_added; removed_marked_historical,04cc512; 2622ee2; 440001d; 6a15663; 6c0cb65; f79cbbc
Jeremiah,12,Jer 12:1-14,19,added; other; provenance_added; removed_marked_historical,04cc512; 2622ee2; 440001d; 6a15663; 6c0cb65; f79cbbc
Jeremiah,13,Jer 13:15-22,10,added; other; provenance_added; removed_marked_historical,2622ee2; 440001d; 6a15663; 6c0cb65; f79cbbc
Jeremiah,16,Jer 16:9-13,19,added; other; provenance_added; removed_marked_historical,04cc512; 2622ee2; 440001d; 6a15663; 6c0cb65; f79cbbc
Jeremiah,22,Jer 22:29-23:6,19,added; other; provenance_added; removed_marked_historical,04cc512; 2622ee2; 440001d; 6a15663; 6c0cb65; f79cbbc
Jeremiah,31,Jer 31:31-34,10,added; other; provenance_added; removed_marked_historical,2622ee2; 440001d; 6a15663; 6c0cb65; f79cbbc
Jeremiah,43,Jer 43:5-11,19,added; other; provenance_added; removed_marked_historical,04cc512; 2622ee2; 440001d; 6a15663; 6c0cb65; f79cbbc
Lamentations,1,Lam 1:1-4,19,added; other; provenance_added; removed_marked_historical,04cc512; 2622ee2; 440001d; 6a15663; 6c0cb65; f79cbbc
Lamentations,3,Lam 3:1-66,19,added; other; provenance_added; removed_marked_historical,04cc512; 2622ee2; 440001d; 6a15663; 6c0cb65; f79cbbc
Lamentations,5,Lam 5:16-22,10,added; other; provenance_added; removed_marked_historical,2622ee2; 440001d; 6a15663; 6c0cb65; f79cbbc
Ezekiel,18,Ezek 18:20-32,19,added; other; provenance_added; removed_marked_historical,04cc512; 2622ee2; 440001d; 6a15663; 6c0cb65; f79cbbc
Ezekiel,20,Ezek 20:27-33,19,added; other; provenance_added; removed_marked_historical,04cc512; 2622ee2; 440001d; 6a15663; 6c0cb65; f79cbbc
Ezekiel,20,Ezek 20:39-44,19,added; other; provenance_added; removed_marked_historical,04cc512; 2622ee2; 440001d; 6a15663; 6c0cb65; f79cbbc
Ezekiel,21,Ezek 21:28-32,19,added; other; provenance_added; removed_marked_historical,04cc512; 2622ee2; 440001d; 6a15663; 6c0cb65; f79cbbc
Ezekiel,21,Ezek 21:3-13,19,added; other; provenance_added; removed_marked_historical,04cc512; 2622ee2; 440001d; 6a15663; 6c0cb65; f79cbbc
Ezekiel,21,Ezek 21:33-37,19,added; other; provenance_added; removed_marked_historical,04cc512; 2622ee2; 440001d; 6a15663; 6c0cb65; f79cbbc
Ezekiel,22,Ezek 22:17-22,19,added; other; provenance_added; removed_marked_historical,04cc512; 2622ee2; 440001d; 6a15663; 6c0cb65; f79cbbc
Ezekiel,22,Ezek 22:23-28,19,added; other; provenance_added; removed_marked_historical,04cc512; 2622ee2; 440001d; 6a15663; 6c0cb65; f79cbbc
Ezekiel,36,Ezek 36:16-23,19,added; other; provenance_added; removed_marked_historical,04cc512; 2622ee2; 440001d; 6a15663; 6c0cb65; f79cbbc
Ezekiel,36,Ezek 36:25-29,19,added; other; provenance_added; removed_marked_historical,04cc512; 2622ee2; 440001d; 6a15663; 6c0cb65; f79cbbc
Ezekiel,37,Ezek 37:1-14,10,added; other; provenance_added; removed_marked_historical,2622ee2; 440001d; 6a15663; 6c0cb65; f79cbbc
Ezekiel,43,Ezek 43:5-11,19,added; other; provenance_added; removed_marked_historical,04cc512; 2622ee2; 440001d; 6a15663; 6c0cb65; f79cbbc
Ezekiel,47,Ezek 47:1-9,19,added; other; provenance_added; removed_marked_historical,04cc512; 2622ee2; 440001d; 6a15663; 6c0cb65; f79cbbc
Daniel,1,Dan 1:1-42,10,added; other; provenance_added; removed_marked_historical,2622ee2; 440001d; 6a15663; 6c0cb65; f79cbbc
Daniel,3,Dan 3:1-23,10,added; other; provenance_added; removed_marked_historical,2622ee2; 440001d; 6a15663; 6c0cb65; f79cbbc
Daniel,3,Dan 3:25-51,10,added; other; provenance_added; removed_marked_historical,2622ee2; 440001d; 6a15663; 6c0cb65; f79cbbc
Daniel,6,Dan 6:1-27,10,added; other; provenance_added; removed_marked_historical,2622ee2; 440001d; 6a15663; 6c0cb65; f79cbbc
Daniel,7,Dan 7:9-15,19,added; other; provenance_added; removed_marked_historical,04cc512; 2622ee2; 440001d; 6a15663; 6c0cb65; f79cbbc
Daniel,9,Dan 9:4-19,10,added; other; provenance_added; removed_marked_historical,2622ee2; 440001d; 6a15663; 6c0cb65; f79cbbc
Hosea,2,"Hos 2:1-3,2:10-11",19,added; other; provenance_added; removed_marked_historical,04cc512; 2622ee2; 440001d; 6a15663; 6c0cb65; f79cbbc
Hosea,4,Hos 4:1-8,19,added; other; provenance_added; removed_marked_historical,04cc512; 2622ee2; 440001d; 6a15663; 6c0cb65; f79cbbc
Hosea,4,Hos 4:15-19,19,added; other; provenance_added; removed_marked_historical,04cc512; 2622ee2; 440001d; 6a15663; 6c0cb65; f79cbbc
Hosea,4,Hos 4:15-5:7,19,added; other; provenance_added; removed_marked_historical,04cc512; 2622ee2; 440001d; 6a15663; 6c0cb65; f79cbbc
Hosea,5,Hos 5:1-7,19,added; other; provenance_added; removed_marked_historical,04cc512; 2622ee2; 440001d; 6a15663; 6c0cb65; f79cbbc
Hosea,5,Hos 5:13-6:3,16,added; other; provenance_added; removed_marked_historical,04cc512; 2622ee2; 440001d; 6a15663; 6c0cb65; f79cbbc
Hosea,9,Hos 9:14-10:2,19,added; other; provenance_added; removed_marked_historical,04cc512; 2622ee2; 440001d; 6a15663; 6c0cb65; f79cbbc
Hosea,10,Hos 10:12-11:2,19,added; other; provenance_added; removed_marked_historical,04cc512; 2622ee2; 440001d; 6a15663; 6c0cb65; f79cbbc
Hosea,10,Hos 10:12-15,19,added; other; provenance_added; removed_marked_historical,04cc512; 2622ee2; 440001d; 6a15663; 6c0cb65; f79cbbc
Hosea,11,Hos 11:1-2,19,added; other; provenance_added; removed_marked_historical,04cc512; 2622ee2; 440001d; 6a15663; 6c0cb65; f79cbbc
Joel,1,Joel 1:5-15,19,added; other; provenance_added; removed_marked_historical,04cc512; 2622ee2; 440001d; 6a15663; 6c0cb65; f79cbbc
Joel,2,"Joel 2:1-3,2:10-11",19,added; other; provenance_added; removed_marked_historical,04cc512; 2622ee2; 440001d; 6a15663; 6c0cb65; f79cbbc
Joel,2,Joel 2:12-27,10,added; other; provenance_added; removed_marked_historical,2622ee2; 440001d; 6a15663; 6c0cb65; f79cbbc
Joel,2,Joel 2:21-26,10,added; other; provenance_added; removed_marked_historical,2622ee2; 440001d; 6a15663; 6c0cb65; f79cbbc
Joel,2,Joel 2:28-32,10,added; other; provenance_added; removed_marked_historical,2622ee2; 440001d; 6a15663; 6c0cb65; f79cbbc
Joel,3,Joel 3:9-21,10,added; other; provenance_added; removed_marked_historical,2622ee2; 440001d; 6a15663; 6c0cb65; f79cbbc
Amos,3,Amos 3:1-11,19,added; other; provenance_added; removed_marked_historical,04cc512; 2622ee2; 440001d; 6a15663; 6c0cb65; f79cbbc
Amos,4,Amos 4:4-13,19,added; other; provenance_added; removed_marked_historical,04cc512; 2622ee2; 440001d; 6a15663; 6c0cb65; f79cbbc
Amos,5,Amos 5:18-27,19,added; other; provenance_added; removed_marked_historical,04cc512; 2622ee2; 440001d; 6a15663; 6c0cb65; f79cbbc
Amos,5,Amos 5:6-14,19,added; other; provenance_added; removed_marked_historical,04cc512; 2622ee2; 440001d; 6a15663; 6c0cb65; f79cbbc
Amos,8,Amos 8:9-12,19,added; other; provenance_added; removed_marked_historical,04cc512; 2622ee2; 440001d; 6a15663; 6c0cb65; f79cbbc
Amos,9,"Amos 9:4-5,9:7-10",19,added; other; provenance_added; removed_marked_historical,04cc512; 2622ee2; 440001d; 6a15663; 6c0cb65; f79cbbc
Amos,9,Amos 9:4-6,19,added; other; provenance_added; removed_marked_historical,04cc512; 2622ee2; 440001d; 6a15663; 6c0cb65; f79cbbc
Amos,9,Amos 9:8-10,19,added; other; provenance_added; removed_marked_historical,04cc512; 2622ee2; 440001d; 6a15663; 6c0cb65; f79cbbc
Jonah,1,Jonah 1:10-2:7,19,added; other; provenance_added; removed_marked_historical,04cc512; 2622ee2; 440001d; 6a15663; 6c0cb65; f79cbbc
Jonah,1,Jonah 1:10-2:8,19,added; other; provenance_added; removed_marked_historical,04cc512; 2622ee2; 440001d; 6a15663; 6c0cb65; f79cbbc
Jonah,2,Jonah 2:2-10,10,added; other; provenance_added; removed_marked_historical,2622ee2; 440001d; 6a15663; 6c0cb65; f79cbbc
Micah,1,Mic 1:16-2:3,19,added; other; provenance_added; removed_marked_historical,04cc512; 2622ee2; 440001d; 6a15663; 6c0cb65; f79cbbc
Micah,2,Mic 2:3-10,19,added; other; provenance_added; removed_marked_historical,04cc512; 2622ee2; 440001d; 6a15663; 6c0cb65; f79cbbc
Micah,3,Mic 3:1-4,19,added; other; provenance_added; removed_marked_historical,04cc512; 2622ee2; 440001d; 6a15663; 6c0cb65; f79cbbc
Micah,7,Mic 7:1-8,19,added; other; provenance_added; removed_marked_historical,04cc512; 2622ee2; 440001d; 6a15663; 6c0cb65; f79cbbc
Nahum,1,Nah 1:2-8,19,added; other; provenance_added; removed_marked_historical,04cc512; 2622ee2; 440001d; 6a15663; 6c0cb65; f79cbbc
Habakkuk,3,Hab 3:2-19,10,added; other; provenance_added; removed_marked_historical,2622ee2; 440001d; 6a15663; 6c0cb65; f79cbbc
Zephaniah,1,Zeph 1:14-2:2,19,added; other; provenance_added; removed_marked_historical,04cc512; 2622ee2; 440001d; 6a15663; 6c0cb65; f79cbbc
Zephaniah,1,Zeph 1:2-12,19,added; other; provenance_added; removed_marked_historical,04cc512; 2622ee2; 440001d; 6a15663; 6c0cb65; f79cbbc
Zephaniah,3,Zeph 3:11-20,19,added; other; provenance_added; removed_marked_historical,04cc512; 2622ee2; 440001d; 6a15663; 6c0cb65; f79cbbc
Zephaniah,3,Zeph 3:14-20,10,added; other; provenance_added; removed_marked_historical,2622ee2; 440001d; 6a15663; 6c0cb65; f79cbbc
Zechariah,1,Zech 1:1-6,19,added; other; provenance_added; removed_marked_historical,04cc512; 2622ee2; 440001d; 6a15663; 6c0cb65; f79cbbc
Zechariah,8,Zech 8:18-23,10,added; other; provenance_added; removed_marked_historical,2622ee2; 440001d; 6a15663; 6c0cb65; f79cbbc
Zechariah,8,Zech 8:7-13,10,added; other; provenance_added; removed_marked_historical,2622ee2; 440001d; 6a15663; 6c0cb65; f79cbbc
Zechariah,9,Zech 9:11-14,19,added; other; provenance_added; removed_marked_historical,04cc512; 2622ee2; 440001d; 6a15663; 6c0cb65; f79cbbc
Zechariah,9,Zech 9:9-15,10,added; other; provenance_added; removed_marked_historical,2622ee2; 440001d; 6a15663; 6c0cb65; f79cbbc
Zechariah,10,Zech 10:1-2,19,added; other; provenance_added; removed_marked_historical,04cc512; 2622ee2; 440001d; 6a15663; 6c0cb65; f79cbbc
Zechariah,11,Zech 11:11-14,29,added; other; provenance_added; removed_marked_historical,04cc512; 2622ee2; 440001d; 6a15663; 6c0cb65; f79cbbc
Zechariah,11,Zech 11:14,19,added; other; provenance_added; removed_marked_historical,04cc512; 2622ee2; 440001d; 6a15663; 6c0cb65; f79cbbc
Zechariah,12,Zech 12:11-14,19,added; other; provenance_added; removed_marked_historical,04cc512; 2622ee2; 440001d; 6a15663; 6c0cb65; f79cbbc
Zechariah,12,"Zech 12:11-14:3,14:6-9",19,added; other; provenance_added; removed_marked_historical,04cc512; 2622ee2; 440001d; 6a15663; 6c0cb65; f79cbbc
Zechariah,13,Zech 13:1-9,19,added; other; provenance_added; removed_marked_historical,04cc512; 2622ee2; 440001d; 6a15663; 6c0cb65; f79cbbc
Zechariah,14,Zech 14:1-4,19,added; other; provenance_added; removed_marked_historical,04cc512; 2622ee2; 440001d; 6a15663; 6c0cb65; f79cbbc
Zechariah,14,Zech 14:5-11,19,added; other; provenance_added; removed_marked_historical,04cc512; 2622ee2; 440001d; 6a15663; 6c0cb65; f79cbbc
Zechariah,14,Zech 14:6-11,19,added; other; provenance_added; removed_marked_historical,04cc512; 2622ee2; 440001d; 6a15663; 6c0cb65; f79cbbc
Zechariah,14,Zech 14:6-9,19,added; other; provenance_added; removed_marked_historical,04cc512; 2622ee2; 440001d; 6a15663; 6c0cb65; f79cbbc
Malachi,1,Mal 1:1-9,19,added; other; provenance_added; removed_marked_historical,04cc512; 2622ee2; 440001d; 6a15663; 6c0cb65; f79cbbc
Malachi,1,Mal 1:6-14,10,added; other; provenance_added; removed_marked_historical,2622ee2; 440001d; 6a15663; 6c0cb65; f79cbbc
Malachi,3,Mal 3:1-18,10,added; other; provenance_added; removed_marked_historical,2622ee2; 440001d; 6a15663; 6c0cb65; f79cbbc
Matthew,1,Matt 1:1-17,13,added; bridge_basis_changed; other; provenance_added; removed_marked_historical,2622ee2; 350a0bd; 440001d; 6a15663; 6c0cb65; efbf63c; f79cbbc
Matthew,1,Matt 1:18-25,13,added; bridge_basis_changed; other; provenance_added; removed_marked_historical,2622ee2; 350a0bd; 440001d; 6a15663; 6c0cb65; efbf63c; f79cbbc
Matthew,2,Matt 2:1-12,13,added; bridge_basis_changed; other; provenance_added; removed_marked_historical,2622ee2; 350a0bd; 440001d; 6a15663; 6c0cb65; efbf63c; f79cbbc
Matthew,2,Matt 2:13-23,14,added; bridge_basis_changed; other; provenance_added; removed_marked_historical,2622ee2; 350a0bd; 440001d; 6a15663; 6c0cb65; efbf63c; f79cbbc
Matthew,3,Matt 3:1-12,13,added; bridge_basis_changed; other; provenance_added; removed_marked_historical,2622ee2; 350a0bd; 440001d; 6a15663; 6c0cb65; efbf63c; f79cbbc
Matthew,3,Matt 3:1-17,10,added; other; provenance_added; removed_marked_historical,2622ee2; 440001d; 6a15663; 6c0cb65; f79cbbc
Matthew,3,Matt 3:13-17,13,added; bridge_basis_changed; other; provenance_added; removed_marked_historical,2622ee2; 350a0bd; 440001d; 6a15663; 6c0cb65; efbf63c; f79cbbc
Matthew,3,Matt 3:23-5:16,10,added; other; provenance_added; removed_marked_historical,2622ee2; 440001d; 6a15663; 6c0cb65; f79cbbc
Matthew,4,Matt 4:1-11,10,added; other; provenance_added; removed_marked_historical,2622ee2; 440001d; 6a15663; 6c0cb65; f79cbbc
Matthew,4,Matt 4:12-17,14,added; bridge_basis_changed; other; provenance_added; removed_marked_historical,2622ee2; 350a0bd; 440001d; 6a15663; 6c0cb65; efbf63c; f79cbbc
Matthew,4,Matt 4:12-22,13,added; bridge_basis_changed; other; provenance_added; removed_marked_historical,2622ee2; 350a0bd; 440001d; 6a15663; 6c0cb65; efbf63c; f79cbbc
Matthew,4,Matt 4:18-22,14,added; bridge_basis_changed; other; provenance_added; removed_marked_historical,2622ee2; 350a0bd; 440001d; 6a15663; 6c0cb65; efbf63c; f79cbbc
Matthew,4,Matt 4:23-25,14,added; bridge_basis_changed; other; provenance_added; removed_marked_historical,2622ee2; 350a0bd; 440001d; 6a15663; 6c0cb65; efbf63c; f79cbbc
Matthew,4,Matt 4:23-5:16,10,added; other; provenance_added; removed_marked_historical,2622ee2; 440001d; 6a15663; 6c0cb65; f79cbbc
Matthew,5,Matt 5:1-16,14,added; bridge_basis_changed; other; provenance_added; removed_marked_historical,2622ee2; 350a0bd; 440001d; 6a15663; 6c0cb65; efbf63c; f79cbbc
Matthew,5,Matt 5:17-24,10,added; other; provenance_added; removed_marked_historical,2622ee2; 440001d; 6a15663; 6c0cb65; f79cbbc
Matthew,5,Matt 5:25-37,10,added; other; provenance_added; removed_marked_historical,2622ee2; 440001d; 6a15663; 6c0cb65; f79cbbc
Matthew,5,Matt 5:3-12,10,added; other; provenance_added; removed_marked_historical,2622ee2; 440001d; 6a15663; 6c0cb65; f79cbbc
Matthew,5,Matt 5:34-48,13,added; other; provenance_added; removed_marked_historical,2622ee2; 350a0bd; 440001d; 6a15663; 6c0cb65; efbf63c; f79cbbc
Matthew,5,Matt 5:38-48,10,added; other; provenance_added; removed_marked_historical,2622ee2; 440001d; 6a15663; 6c0cb65; f79cbbc
Matthew,6,Matt 6:1-18,10,added; other; provenance_added; removed_marked_historical,2622ee2; 440001d; 6a15663; 6c0cb65; f79cbbc
Matthew,6,Matt 6:14-18,10,added; other; provenance_added; removed_marked_historical,2622ee2; 440001d; 6a15663; 6c0cb65; f79cbbc
Matthew,6,Matt 6:19-30,10,added; other; provenance_added; removed_marked_historical,2622ee2; 440001d; 6a15663; 6c0cb65; f79cbbc
Matthew,6,Matt 6:19-33,10,added; other; provenance_added; removed_marked_historical,2622ee2; 440001d; 6a15663; 6c0cb65; f79cbbc
Matthew,6,Matt 6:34-7,10,added; other; provenance_added; removed_marked_historical,2622ee2; 440001d; 6a15663; 6c0cb65; f79cbbc
Matthew,6,Matt 6:34-7:12,10,added; other; provenance_added; removed_marked_historical,2622ee2; 440001d; 6a15663; 6c0cb65; f79cbbc
Matthew,7,Matt 7:13-21,10,added; other; provenance_added; removed_marked_historical,2622ee2; 440001d; 6a15663; 6c0cb65; f79cbbc
Matthew,7,Matt 7:22-25,13,added; other; provenance_added; removed_marked_historical,2622ee2; 350a0bd; 440001d; 6a15663; 6c0cb65; efbf63c; f79cbbc
Matthew,7,Matt 7:22-29,10,added; other; provenance_added; removed_marked_historical,2622ee2; 440001d; 6a15663; 6c0cb65; f79cbbc
Matthew,7,Matt 7:7-12,13,added; other; provenance_added; removed_marked_historical,2622ee2; 350a0bd; 440001d; 6a15663; 6c0cb65; efbf63c; f79cbbc
Matthew,8,Matt 8:23-27,10,added; other; provenance_added; removed_marked_historical,2622ee2; 440001d; 6a15663; 6c0cb65; f79cbbc
Matthew,8,Matt 8:5-13,14,added; bridge_basis_changed; other; provenance_added; removed_marked_historical,2622ee2; 350a0bd; 440001d; 6a15663; 6c0cb65; efbf63c; f79cbbc
Matthew,9,Matt 9:1-8,10,added; other; provenance_added; removed_marked_historical,2622ee2; 440001d; 6a15663; 6c0cb65; f79cbbc
Matthew,9,Matt 9:10-15,10,added; other; provenance_added; removed_marked_historical,2622ee2; 440001d; 6a15663; 6c0cb65; f79cbbc
Matthew,9,Matt 9:15-17,10,added; other; provenance_added; removed_marked_historical,2622ee2; 440001d; 6a15663; 6c0cb65; f79cbbc
Matthew,9,Matt 9:18-26,13,added; other; provenance_added; removed_marked_historical,2622ee2; 350a0bd; 440001d; 6a15663; 6c0cb65; efbf63c; f79cbbc
Matthew,9,Matt 9:27-31,10,added; other; provenance_added; removed_marked_historical,2622ee2; 440001d; 6a15663; 6c0cb65; f79cbbc
Matthew,9,Matt 9:32-35,10,added; other; provenance_added; removed_marked_historical,2622ee2; 440001d; 6a15663; 6c0cb65; f79cbbc
Matthew,9,Matt 9:33-41,10,added; other; provenance_added; removed_marked_historical,2622ee2; 440001d; 6a15663; 6c0cb65; f79cbbc
Matthew,9,Matt 9:36-38,10,added; other; provenance_added; removed_marked_historical,2622ee2; 440001d; 6a15663; 6c0cb65; f79cbbc
Matthew,9,Matt 9:9-13,14,added; bridge_basis_changed; other; provenance_added; removed_marked_historical,2622ee2; 350a0bd; 440001d; 6a15663; 6c0cb65; efbf63c; f79cbbc
Matthew,10,Matt 10:1-15,14,added; bridge_basis_changed; other; provenance_added; removed_marked_historical,2622ee2; 350a0bd; 440001d; 6a15663; 6c0cb65; efbf63c; f79cbbc
Matthew,10,Matt 10:1-8,10,added; other; provenance_added; removed_marked_historical,2622ee2; 440001d; 6a15663; 6c0cb65; f79cbbc
Matthew,10,Matt 10:16-22,13,added; other; provenance_added; removed_marked_historical,2622ee2; 350a0bd; 440001d; 6a15663; 6c0cb65; efbf63c; f79cbbc
Matthew,10,Matt 10:16-23,14,added; bridge_basis_changed; other; provenance_added; removed_marked_historical,2622ee2; 350a0bd; 440001d; 6a15663; 6c0cb65; efbf63c; f79cbbc
Matthew,10,Matt 10:24-33,14,added; bridge_basis_changed; other; provenance_added; removed_marked_historical,2622ee2; 350a0bd; 440001d; 6a15663; 6c0cb65; efbf63c; f79cbbc
Matthew,10,Matt 10:34-42,14,added; bridge_basis_changed; other; provenance_added; removed_marked_historical,2622ee2; 350a0bd; 440001d; 6a15663; 6c0cb65; efbf63c; f79cbbc
Matthew,11,Matt 11:11-15,10,added; other; provenance_added; removed_marked_historical,2622ee2; 440001d; 6a15663; 6c0cb65; f79cbbc
Matthew,11,Matt 11:11-19,13,added; bridge_basis_changed; other; provenance_added; removed_marked_historical,2622ee2; 350a0bd; 440001d; 6a15663; 6c0cb65; efbf63c; f79cbbc
Matthew,11,Matt 11:2-10,13,added; bridge_basis_changed; other; provenance_added; removed_marked_historical,2622ee2; 350a0bd; 440001d; 6a15663; 6c0cb65; efbf63c; f79cbbc
Matthew,11,Matt 11:2-6,10,added; other; provenance_added; removed_marked_historical,2622ee2; 440001d; 6a15663; 6c0cb65; f79cbbc
Matthew,11,Matt 11:20-24,10,added; other; provenance_added; removed_marked_historical,2622ee2; 440001d; 6a15663; 6c0cb65; f79cbbc
Matthew,11,Matt 11:20-30,10,added; other; provenance_added; removed_marked_historical,2622ee2; 440001d; 6a15663; 6c0cb65; f79cbbc
Matthew,11,Matt 11:25-30,14,added; bridge_basis_changed; other; provenance_added; removed_marked_historical,2622ee2; 350a0bd; 440001d; 6a15663; 6c0cb65; efbf63c; f79cbbc
Matthew,12,Matt 12:1-8,14,added; bridge_basis_changed; other; provenance_added; removed_marked_historical,2622ee2; 350a0bd; 440001d; 6a15663; 6c0cb65; efbf63c; f79cbbc
Matthew,12,Matt 12:15-23,14,added; bridge_basis_changed; other; provenance_added; removed_marked_historical,2622ee2; 350a0bd; 440001d; 6a15663; 6c0cb65; efbf63c; f79cbbc
Matthew,12,Matt 12:22-28,13,added; other; provenance_added; removed_marked_historical,2622ee2; 350a0bd; 440001d; 6a15663; 6c0cb65; efbf63c; f79cbbc
Matthew,12,Matt 12:22-37,13,added; other; provenance_added; removed_marked_historical,2622ee2; 350a0bd; 440001d; 6a15663; 6c0cb65; efbf63c; f79cbbc
Matthew,12,Matt 12:24-34,10,added; other; provenance_added; removed_marked_historical,2622ee2; 440001d; 6a15663; 6c0cb65; f79cbbc
Matthew,12,Matt 12:35-50,14,added; bridge_basis_changed; other; provenance_added; removed_marked_historical,2622ee2; 350a0bd; 440001d; 6a15663; 6c0cb65; efbf63c; f79cbbc
Matthew,12,Matt 12:9-23,14,added; bridge_basis_changed; other; provenance_added; removed_marked_historical,2622ee2; 350a0bd; 440001d; 6a15663; 6c0cb65; efbf63c; f79cbbc
Matthew,13,Matt 13:1-9,13,added; other; provenance_added; removed_marked_historical,2622ee2; 350a0bd; 440001d; 6a15663; 6c0cb65; efbf63c; f79cbbc
Matthew,13,Matt 13:24-43,14,added; bridge_basis_changed; other; provenance_added; removed_marked_historical,2622ee2; 350a0bd; 440001d; 6a15663; 6c0cb65; efbf63c; f79cbbc
Matthew,13,Matt 13:44-52,14,added; bridge_basis_changed; other; provenance_added; removed_marked_historical,2622ee2; 350a0bd; 440001d; 6a15663; 6c0cb65; efbf63c; f79cbbc
Matthew,13,Matt 13:44-53,10,added; other; provenance_added; removed_marked_historical,2622ee2; 440001d; 6a15663; 6c0cb65; f79cbbc
Matthew,13,Matt 13:53-58,13,added; other; provenance_added; removed_marked_historical,2622ee2; 350a0bd; 440001d; 6a15663; 6c0cb65; efbf63c; f79cbbc
Matthew,14,Matt 14:1-12,13,added; bridge_basis_changed; other; provenance_added; removed_marked_historical,2622ee2; 350a0bd; 440001d; 6a15663; 6c0cb65; efbf63c; f79cbbc
Matthew,14,Matt 14:1-5,13,added; other; provenance_added; removed_marked_historical,2622ee2; 350a0bd; 440001d; 6a15663; 6c0cb65; efbf63c; f79cbbc
Matthew,14,Matt 14:15-21,14,added; bridge_basis_changed; other; provenance_added; removed_marked_historical,2622ee2; 350a0bd; 440001d; 6a15663; 6c0cb65; efbf63c; f79cbbc
Matthew,14,Matt 14:22-26,10,added; other; provenance_added; removed_marked_historical,2622ee2; 440001d; 6a15663; 6c0cb65; f79cbbc
Matthew,14,Matt 14:22-36,13,added; other; provenance_added; removed_marked_historical,2622ee2; 350a0bd; 440001d; 6a15663; 6c0cb65; efbf63c; f79cbbc
Matthew,14,Matt 14:23-33,10,added; other; provenance_added; removed_marked_historical,2622ee2; 440001d; 6a15663; 6c0cb65; f79cbbc
Matthew,15,Matt 15:1-11,13,added; other; provenance_added; removed_marked_historical,2622ee2; 350a0bd; 440001d; 6a15663; 6c0cb65; efbf63c; f79cbbc
Matthew,15,Matt 15:1-20,10,added; other; provenance_added; removed_marked_historical,2622ee2; 440001d; 6a15663; 6c0cb65; f79cbbc
Matthew,15,Matt 15:12-20,13,added; other; provenance_added; removed_marked_historical,2622ee2; 350a0bd; 440001d; 6a15663; 6c0cb65; efbf63c; f79cbbc
Matthew,15,Matt 15:21-28,13,added; other; provenance_added; removed_marked_historical,2622ee2; 350a0bd; 440001d; 6a15663; 6c0cb65; efbf63c; f79cbbc
Matthew,15,Matt 15:21-31,13,added; other; provenance_added; removed_marked_historical,2622ee2; 350a0bd; 440001d; 6a15663; 6c0cb65; efbf63c; f79cbbc
Matthew,15,Matt 15:29-31,10,added; other; provenance_added; removed_marked_historical,2622ee2; 440001d; 6a15663; 6c0cb65; f79cbbc
Matthew,15,Matt 15:32-16:4,10,added; other; provenance_added; removed_marked_historical,2622ee2; 440001d; 6a15663; 6c0cb65; f79cbbc
Matthew,15,Matt 15:32-38,10,added; other; provenance_added; removed_marked_historical,2622ee2; 440001d; 6a15663; 6c0cb65; f79cbbc
Matthew,15,Matt 15:39,10,added; other; provenance_added; removed_marked_historical,2622ee2; 440001d; 6a15663; 6c0cb65; f79cbbc
Matthew,15,Matt 15:39-16:12,10,added; other; provenance_added; removed_marked_historical,2622ee2; 440001d; 6a15663; 6c0cb65; f79cbbc
Matthew,16,Matt 16:1-12,10,added; other; provenance_added; removed_marked_historical,2622ee2; 440001d; 6a15663; 6c0cb65; f79cbbc
Matthew,16,Matt 16:13-19,14,added; bridge_basis_changed; other; provenance_added; removed_marked_historical,2622ee2; 350a0bd; 440001d; 6a15663; 6c0cb65; efbf63c; f79cbbc
Matthew,16,Matt 16:21-23,10,added; other; provenance_added; removed_marked_historical,2622ee2; 440001d; 6a15663; 6c0cb65; f79cbbc
Matthew,16,Matt 16:21-26,13,added; bridge_basis_changed; other; provenance_added; removed_marked_historical,2622ee2; 350a0bd; 440001d; 6a15663; 6c0cb65; efbf63c; f79cbbc
Matthew,16,Matt 16:24-28,14,added; bridge_basis_changed; other; provenance_added; removed_marked_historical,2622ee2; 350a0bd; 440001d; 6a15663; 6c0cb65; efbf63c; f79cbbc
Matthew,17,Matt 17:1-13,13,added; other; provenance_added; removed_marked_historical,2622ee2; 350a0bd; 440001d; 6a15663; 6c0cb65; efbf63c; f79cbbc
Matthew,17,Matt 17:1-9,19,added; bridge_basis_changed; other; provenance_added; removed_marked_historical,2622ee2; 350a0bd; 440001d; 6a15663; 6c0cb65; efbf63c; f79cbbc
Matthew,17,Matt 17:10-13,10,added; other; provenance_added; removed_marked_historical,2622ee2; 440001d; 6a15663; 6c0cb65; f79cbbc
Matthew,17,Matt 17:14-18,10,added; other; provenance_added; removed_marked_historical,2622ee2; 440001d; 6a15663; 6c0cb65; f79cbbc
Matthew,17,Matt 17:14-21,13,added; other; provenance_added; removed_marked_historical,2622ee2; 350a0bd; 440001d; 6a15663; 6c0cb65; efbf63c; f79cbbc
Matthew,17,Matt 17:19-23,19,added; other; provenance_added; removed_marked_historical,04cc512; 2622ee2; 440001d; 6a15663; 6c0cb65; f79cbbc
Matthew,17,Matt 17:20-23,10,added; other; provenance_added; removed_marked_historical,2622ee2; 440001d; 6a15663; 6c0cb65; f79cbbc
Matthew,17,Matt 17:24-27,13,added; other; provenance_added; removed_marked_historical,2622ee2; 350a0bd; 440001d; 6a15663; 6c0cb65; efbf63c; f79cbbc
Matthew,18,Matt 18:1-5,10,added; other; provenance_added; removed_marked_historical,2622ee2; 440001d; 6a15663; 6c0cb65; f79cbbc
Matthew,18,Matt 18:1-7,13,added; bridge_basis_changed; other; provenance_added; removed_marked_historical,2622ee2; 350a0bd; 440001d; 6a15663; 6c0cb65; efbf63c; f79cbbc
Matthew,18,Matt 18:1-9,13,added; other; provenance_added; removed_marked_historical,2622ee2; 350a0bd; 440001d; 6a15663; 6c0cb65; efbf63c; f79cbbc
Matthew,18,Matt 18:10-20,14,added; bridge_basis_changed; other; provenance_added; removed_marked_historical,2622ee2; 350a0bd; 440001d; 6a15663; 6c0cb65; efbf63c; f79cbbc
Matthew,18,Matt 18:23-35,10,added; other; provenance_added; removed_marked_historical,2622ee2; 440001d; 6a15663; 6c0cb65; f79cbbc
Matthew,18,Matt 18:6-7,10,added; other; provenance_added; removed_marked_historical,2622ee2; 440001d; 6a15663; 6c0cb65; f79cbbc
Matthew,19,Matt 19:1-12,13,added; bridge_basis_changed; other; provenance_added; removed_marked_historical,2622ee2; 350a0bd; 440001d; 6a15663; 6c0cb65; efbf63c; f79cbbc
Matthew,19,Matt 19:1-6,10,added; other; provenance_added; removed_marked_historical,2622ee2; 440001d; 6a15663; 6c0cb65; f79cbbc
Matthew,19,Matt 19:16-30,10,added; other; provenance_added; removed_marked_historical,2622ee2; 440001d; 6a15663; 6c0cb65; f79cbbc
Matthew,20,Matt 20:1-16,10,added; other; provenance_added; removed_marked_historical,2622ee2; 440001d; 6a15663; 6c0cb65; f79cbbc
Matthew,20,Matt 20:17-19,10,added; other; provenance_added; removed_marked_historical,2622ee2; 440001d; 6a15663; 6c0cb65; f79cbbc
Matthew,20,Matt 20:20-28,19,added; other; provenance_added; removed_marked_historical,04cc512; 2622ee2; 440001d; 6a15663; 6c0cb65; f79cbbc
Matthew,20,Matt 20:29-33,10,added; other; provenance_added; removed_marked_historical,2622ee2; 440001d; 6a15663; 6c0cb65; f79cbbc
Matthew,20,Matt 20:29-34,10,added; other; provenance_added; removed_marked_historical,2622ee2; 440001d; 6a15663; 6c0cb65; f79cbbc
Matthew,21,Matt 21:1-11,10,added; other; provenance_added; removed_marked_historical,2622ee2; 440001d; 6a15663; 6c0cb65; f79cbbc
Matthew,21,Matt 21:1-17,19,added; other; provenance_added; removed_marked_historical,04cc512; 2622ee2; 440001d; 6a15663; 6c0cb65; f79cbbc
Matthew,21,Matt 21:10-17,19,added; other; provenance_added; removed_marked_historical,04cc512; 2622ee2; 440001d; 6a15663; 6c0cb65; f79cbbc
Matthew,21,Matt 21:23-27,22,added; bridge_basis_changed; other; provenance_added; removed_marked_historical,04cc512; 2622ee2; 350a0bd; 440001d; 6a15663; 6c0cb65; efbf63c; f79cbbc
Matthew,21,Matt 21:28-32,10,added; other; provenance_added; removed_marked_historical,2622ee2; 440001d; 6a15663; 6c0cb65; f79cbbc
Matthew,21,Matt 21:33-45,10,added; other; provenance_added; removed_marked_historical,2622ee2; 440001d; 6a15663; 6c0cb65; f79cbbc
Matthew,21,Matt 21:33-46,10,added; other; provenance_added; removed_marked_historical,2622ee2; 440001d; 6a15663; 6c0cb65; f79cbbc
Matthew,22,Matt 22:1-14,19,added; other; provenance_added; removed_marked_historical,04cc512; 2622ee2; 440001d; 6a15663; 6c0cb65; f79cbbc
Matthew,22,Matt 22:34-40,13,added; other; provenance_added; removed_marked_historical,2622ee2; 350a0bd; 440001d; 6a15663; 6c0cb65; efbf63c; f79cbbc
Matthew,22,Matt 22:35-46,13,added; other; provenance_added; removed_marked_historical,2622ee2; 350a0bd; 440001d; 6a15663; 6c0cb65; efbf63c; f79cbbc
Matthew,22,Matt 22:41-46,14,added; bridge_basis_changed; other; provenance_added; removed_marked_historical,2622ee2; 350a0bd; 440001d; 6a15663; 6c0cb65; efbf63c; f79cbbc
Matthew,23,Matt 23:1-39,10,added; other; provenance_added; removed_marked_historical,2622ee2; 440001d; 6a15663; 6c0cb65; f79cbbc
Matthew,23,Matt 23:13-26,10,added; other; provenance_added; removed_marked_historical,2622ee2; 440001d; 6a15663; 6c0cb65; f79cbbc
Matthew,23,Matt 23:13-36,19,added; bridge_basis_changed; other; provenance_added; removed_marked_historical,2622ee2; 350a0bd; 440001d; 6a15663; 6c0cb65; efbf63c; f79cbbc
Matthew,23,Matt 23:13-39,10,added; other; provenance_added; removed_marked_historical,2622ee2; 440001d; 6a15663; 6c0cb65; f79cbbc
Matthew,23,Matt 23:14-39,10,added; other; provenance_added; removed_marked_historical,2622ee2; 440001d; 6a15663; 6c0cb65; f79cbbc
Matthew,23,Matt 23:29-36,19,added; other; provenance_added; removed_marked_historical,04cc512; 2622ee2; 440001d; 6a15663; 6c0cb65; f79cbbc
Matthew,23,Matt 23:37-24:2,19,added; other; provenance_added; removed_marked_historical,04cc512; 2622ee2; 440001d; 6a15663; 6c0cb65; f79cbbc
Matthew,24,Matt 24:3-35,22,added; bridge_basis_changed; other; provenance_added; removed_marked_historical,04cc512; 2622ee2; 350a0bd; 440001d; 6a15663; 6c0cb65; efbf63c; f79cbbc
Matthew,24,Matt 24:36-51,19,added; other; provenance_added; removed_marked_historical,04cc512; 2622ee2; 440001d; 6a15663; 6c0cb65; f79cbbc
Matthew,24,Matt 24:42-47,14,added; bridge_basis_changed; other; provenance_added; removed_marked_historical,2622ee2; 350a0bd; 440001d; 6a15663; 6c0cb65; efbf63c; f79cbbc
Matthew,25,Matt 25:1-13,23,added; bridge_basis_changed; other; provenance_added; removed_marked_historical,04cc512; 2622ee2; 350a0bd; 440001d; 6a15663; 6c0cb65; efbf63c; f79cbbc
Matthew,25,Matt 25:14-23,14,added; bridge_basis_changed; other; provenance_added; removed_marked_historical,2622ee2; 350a0bd; 440001d; 6a15663; 6c0cb65; efbf63c; f79cbbc
Matthew,25,Matt 25:14-26:2,19,added; other; provenance_added; removed_marked_historical,04cc512; 2622ee2; 440001d; 6a15663; 6c0cb65; f79cbbc
Matthew,25,Matt 25:31-46,14,added; bridge_basis_changed; other; provenance_added; removed_marked_historical,2622ee2; 350a0bd; 440001d; 6a15663; 6c0cb65; efbf63c; f79cbbc
Matthew,25,Matt 25:32-46,10,added; other; provenance_added; removed_marked_historical,2622ee2; 440001d; 6a15663; 6c0cb65; f79cbbc
Matthew,26,Matt 26:17-19,19,added; other; provenance_added; removed_marked_historical,04cc512; 2622ee2; 440001d; 6a15663; 6c0cb65; f79cbbc
Matthew,26,Matt 26:20-29,19,added; other; provenance_added; removed_marked_historical,04cc512; 2622ee2; 440001d; 6a15663; 6c0cb65; f79cbbc
Matthew,26,Matt 26:3-16,19,added; other; provenance_added; removed_marked_historical,04cc512; 2622ee2; 440001d; 6a15663; 6c0cb65; f79cbbc
Matthew,26,Matt 26:30-35,19,added; other; provenance_added; removed_marked_historical,04cc512; 2622ee2; 440001d; 6a15663; 6c0cb65; f79cbbc
Matthew,26,Matt 26:36-46,19,added; other; provenance_added; removed_marked_historical,04cc512; 2622ee2; 440001d; 6a15663; 6c0cb65; f79cbbc
Matthew,26,Matt 26:47-58,19,added; other; provenance_added; removed_marked_historical,04cc512; 2622ee2; 440001d; 6a15663; 6c0cb65; f79cbbc
Matthew,26,Matt 26:59-75,19,added; other; provenance_added; removed_marked_historical,04cc512; 2622ee2; 440001d; 6a15663; 6c0cb65; f79cbbc
Matthew,26,Matt 26:6-13,14,added; bridge_basis_changed; other; provenance_added; removed_marked_historical,2622ee2; 350a0bd; 440001d; 6a15663; 6c0cb65; efbf63c; f79cbbc
Matthew,27,Matt 27:1-14,19,added; other; provenance_added; removed_marked_historical,04cc512; 2622ee2; 440001d; 6a15663; 6c0cb65; f79cbbc
Matthew,27,Matt 27:15-26,19,added; other; provenance_added; removed_marked_historical,04cc512; 2622ee2; 440001d; 6a15663; 6c0cb65; f79cbbc
Matthew,27,Matt 27:27-45,19,added; other; provenance_added; removed_marked_historical,04cc512; 2622ee2; 440001d; 6a15663; 6c0cb65; f79cbbc
Matthew,27,Matt 27:46-50,19,added; other; provenance_added; removed_marked_historical,04cc512; 2622ee2; 440001d; 6a15663; 6c0cb65; f79cbbc
Matthew,27,Matt 27:51-56,19,added; other; provenance_added; removed_marked_historical,04cc512; 2622ee2; 440001d; 6a15663; 6c0cb65; f79cbbc
Matthew,27,Matt 27:57-61,19,added; other; provenance_added; removed_marked_historical,04cc512; 2622ee2; 440001d; 6a15663; 6c0cb65; f79cbbc
Matthew,27,Matt 27:62-66,10,added; other; provenance_added; removed_marked_historical,2622ee2; 440001d; 6a15663; 6c0cb65; f79cbbc
Matthew,28,Matt 28:1-20,22,added; other; provenance_added; removed_marked_historical,04cc512; 2622ee2; 350a0bd; 440001d; 6a15663; 6c0cb65; efbf63c; f79cbbc
Matthew,28,Matt 28:16-20,10,added; other; provenance_added; removed_marked_historical,2622ee2; 440001d; 6a15663; 6c0cb65; f79cbbc
Mark,1,Mark 1:1-11,14,added; bridge_basis_changed; other; provenance_added; removed_marked_historical,2622ee2; 350a0bd; 440001d; 6a15663; 6c0cb65; efbf63c; f79cbbc
Mark,1,Mark 1:12-15,10,added; other; provenance_added; removed_marked_historical,2622ee2; 440001d; 6a15663; 6c0cb65; f79cbbc
Mark,1,Mark 1:16-22,14,added; bridge_basis_changed; other; provenance_added; removed_marked_historical,2622ee2; 350a0bd; 440001d; 6a15663; 6c0cb65; efbf63c; f79cbbc
Mark,1,Mark 1:23-31,13,added; other; provenance_added; removed_marked_historical,2622ee2; 350a0bd; 440001d; 6a15663; 6c0cb65; efbf63c; f79cbbc
Mark,1,Mark 1:29-34,13,added; other; provenance_added; removed_marked_historical,2622ee2; 350a0bd; 440001d; 6a15663; 6c0cb65; efbf63c; f79cbbc
Mark,1,Mark 1:35-39,13,added; bridge_basis_changed; other; provenance_added; removed_marked_historical,2622ee2; 350a0bd; 440001d; 6a15663; 6c0cb65; efbf63c; f79cbbc
Mark,1,Mark 1:40-44,10,added; other; provenance_added; removed_marked_historical,2622ee2; 440001d; 6a15663; 6c0cb65; f79cbbc
Mark,2,Mark 2:1-12,13,added; other; provenance_added; removed_marked_historical,2622ee2; 350a0bd; 440001d; 6a15663; 6c0cb65; efbf63c; f79cbbc
Mark,2,Mark 2:13-17,14,added; bridge_basis_changed; other; provenance_added; removed_marked_historical,2622ee2; 350a0bd; 440001d; 6a15663; 6c0cb65; efbf63c; f79cbbc
Mark,2,Mark 2:18-22,13,added; bridge_basis_changed; other; provenance_added; removed_marked_historical,2622ee2; 350a0bd; 440001d; 6a15663; 6c0cb65; efbf63c; f79cbbc
Mark,2,Mark 2:3-13,10,added; other; provenance_added; removed_marked_historical,2622ee2; 440001d; 6a15663; 6c0cb65; f79cbbc
Mark,3,Mark 3:22-27,14,added; bridge_basis_changed; other; provenance_added; removed_marked_historical,2622ee2; 350a0bd; 440001d; 6a15663; 6c0cb65; efbf63c; f79cbbc
Mark,3,Mark 3:22-34,10,added; other; provenance_added; removed_marked_historical,2622ee2; 440001d; 6a15663; 6c0cb65; f79cbbc
Mark,3,Mark 3:22-35,13,added; other; provenance_added; removed_marked_historical,2622ee2; 350a0bd; 440001d; 6a15663; 6c0cb65; efbf63c; f79cbbc
Mark,3,Mark 3:28-35,14,added; bridge_basis_changed; other; provenance_added; removed_marked_historical,2622ee2; 350a0bd; 440001d; 6a15663; 6c0cb65; efbf63c; f79cbbc
Mark,3,Mark 3:31-35,10,added; other; provenance_added; removed_marked_historical,2622ee2; 440001d; 6a15663; 6c0cb65; f79cbbc
Mark,3,Mark 3:7-12,13,added; other; provenance_added; removed_marked_historical,2622ee2; 350a0bd; 440001d; 6a15663; 6c0cb65; efbf63c; f79cbbc
Mark,3,Mark 3:7-21,14,added; bridge_basis_changed; other; provenance_added; removed_marked_historical,2622ee2; 350a0bd; 440001d; 6a15663; 6c0cb65; efbf63c; f79cbbc
Mark,4,Mark 4:10-20,13,added; other; provenance_added; removed_marked_historical,2622ee2; 350a0bd; 440001d; 6a15663; 6c0cb65; efbf63c; f79cbbc
Mark,4,Mark 4:21-25,14,added; bridge_basis_changed; other; provenance_added; removed_marked_historical,2622ee2; 350a0bd; 440001d; 6a15663; 6c0cb65; efbf63c; f79cbbc
Mark,4,Mark 4:21-29,10,added; other; provenance_added; removed_marked_historical,2622ee2; 440001d; 6a15663; 6c0cb65; f79cbbc
Mark,4,Mark 4:26-29,10,added; other; provenance_added; removed_marked_historical,2622ee2; 440001d; 6a15663; 6c0cb65; f79cbbc
Mark,4,Mark 4:30-34,10,added; other; provenance_added; removed_marked_historical,2622ee2; 440001d; 6a15663; 6c0cb65; f79cbbc
Mark,4,Mark 4:35-41,13,added; other; provenance_added; removed_marked_historical,2622ee2; 350a0bd; 440001d; 6a15663; 6c0cb65; efbf63c; f79cbbc
Mark,5,Mark 5:21-43,10,added; other; provenance_added; removed_marked_historical,2622ee2; 440001d; 6a15663; 6c0cb65; f79cbbc
Mark,6,Mark 6:14-29,13,added; bridge_basis_changed; other; provenance_added; removed_marked_historical,2622ee2; 350a0bd; 440001d; 6a15663; 6c0cb65; efbf63c; f79cbbc
Mark,6,Mark 6:30-34,10,added; other; provenance_added; removed_marked_historical,2622ee2; 440001d; 6a15663; 6c0cb65; f79cbbc
Mark,6,Mark 6:35-44,14,added; bridge_basis_changed; other; provenance_added; removed_marked_historical,2622ee2; 350a0bd; 440001d; 6a15663; 6c0cb65; efbf63c; f79cbbc
Mark,6,Mark 6:45-56,13,added; other; provenance_added; removed_marked_historical,2622ee2; 350a0bd; 440001d; 6a15663; 6c0cb65; efbf63c; f79cbbc
Mark,6,Mark 6:47-52,10,added; other; provenance_added; removed_marked_historical,2622ee2; 440001d; 6a15663; 6c0cb65; f79cbbc
Mark,6,Mark 6:6-13,13,added; other; provenance_added; removed_marked_historical,2622ee2; 350a0bd; 440001d; 6a15663; 6c0cb65; efbf63c; f79cbbc
Mark,7,Mark 7:1-20,10,added; other; provenance_added; removed_marked_historical,2622ee2; 440001d; 6a15663; 6c0cb65; f79cbbc
Mark,7,Mark 7:1-4,10,added; other; provenance_added; removed_marked_historical,2622ee2; 440001d; 6a15663; 6c0cb65; f79cbbc
Mark,7,Mark 7:5-8,10,added; other; provenance_added; removed_marked_historical,2622ee2; 440001d; 6a15663; 6c0cb65; f79cbbc
Mark,8,Mark 8:10-15,10,added; other; provenance_added; removed_marked_historical,2622ee2; 440001d; 6a15663; 6c0cb65; f79cbbc
Mark,8,Mark 8:10-21,10,added; other; provenance_added; removed_marked_historical,2622ee2; 440001d; 6a15663; 6c0cb65; f79cbbc
Mark,8,Mark 8:22-26,10,added; other; provenance_added; removed_marked_historical,2622ee2; 440001d; 6a15663; 6c0cb65; f79cbbc
Mark,8,Mark 8:22-29,14,added; bridge_basis_changed; other; provenance_added; removed_marked_historical,2622ee2; 350a0bd; 440001d; 6a15663; 6c0cb65; efbf63c; f79cbbc
Mark,8,Mark 8:27-33,19,added; other; provenance_added; removed_marked_historical,04cc512; 2622ee2; 440001d; 6a15663; 6c0cb65; f79cbbc
Mark,8,Mark 8:34-38,14,added; bridge_basis_changed; other; provenance_added; removed_marked_historical,2622ee2; 350a0bd; 440001d; 6a15663; 6c0cb65; efbf63c; f79cbbc
Mark,8,Mark 8:34-9,10,added; other; provenance_added; removed_marked_historical,2622ee2; 440001d; 6a15663; 6c0cb65; f79cbbc
Mark,8,Mark 8:34-9:1,10,added; other; provenance_added; removed_marked_historical,2622ee2; 440001d; 6a15663; 6c0cb65; f79cbbc
Mark,9,Mark 9:1,14,added; bridge_basis_changed; other; provenance_added; removed_marked_historical,2622ee2; 350a0bd; 440001d; 6a15663; 6c0cb65; efbf63c; f79cbbc
Mark,9,Mark 9:14-24,10,added; other; provenance_added; removed_marked_historical,2622ee2; 440001d; 6a15663; 6c0cb65; f79cbbc
Mark,9,Mark 9:14-29,10,added; other; provenance_added; removed_marked_historical,2622ee2; 440001d; 6a15663; 6c0cb65; f79cbbc
Mark,9,Mark 9:2-13,13,added; other; provenance_added; removed_marked_historical,2622ee2; 350a0bd; 440001d; 6a15663; 6c0cb65; efbf63c; f79cbbc
Mark,9,Mark 9:2-7,10,added; other; provenance_added; removed_marked_historical,2622ee2; 440001d; 6a15663; 6c0cb65; f79cbbc
Mark,9,Mark 9:25-29,10,added; other; provenance_added; removed_marked_historical,2622ee2; 440001d; 6a15663; 6c0cb65; f79cbbc
Mark,9,Mark 9:30-32,10,added; other; provenance_added; removed_marked_historical,2622ee2; 440001d; 6a15663; 6c0cb65; f79cbbc
Mark,9,Mark 9:33-37,10,added; other; provenance_added; removed_marked_historical,2622ee2; 440001d; 6a15663; 6c0cb65; f79cbbc
Mark,9,Mark 9:33-41,14,added; bridge_basis_changed; other; provenance_added; removed_marked_historical,2622ee2; 350a0bd; 440001d; 6a15663; 6c0cb65; efbf63c; f79cbbc
Mark,9,Mark 9:33-50,10,added; other; provenance_added; removed_marked_historical,2622ee2; 440001d; 6a15663; 6c0cb65; f79cbbc
Mark,9,Mark 9:38-42,10,added; other; provenance_added; removed_marked_historical,2622ee2; 440001d; 6a15663; 6c0cb65; f79cbbc
Mark,9,Mark 9:43-50,10,added; other; provenance_added; removed_marked_historical,2622ee2; 440001d; 6a15663; 6c0cb65; f79cbbc
Mark,10,Mark 10:1-12,10,added; other; provenance_added; removed_marked_historical,2622ee2; 440001d; 6a15663; 6c0cb65; f79cbbc
Mark,10,Mark 10:13-16,14,added; bridge_basis_changed; other; provenance_added; removed_marked_historical,2622ee2; 350a0bd; 440001d; 6a15663; 6c0cb65; efbf63c; f79cbbc
Mark,10,Mark 10:17-27,10,added; other; provenance_added; removed_marked_historical,2622ee2; 440001d; 6a15663; 6c0cb65; f79cbbc
Mark,10,Mark 10:17-30,13,added; other; provenance_added; removed_marked_historical,2622ee2; 350a0bd; 440001d; 6a15663; 6c0cb65; efbf63c; f79cbbc
Mark,10,Mark 10:17-31,13,added; other; provenance_added; removed_marked_historical,2622ee2; 350a0bd; 440001d; 6a15663; 6c0cb65; efbf63c; f79cbbc
Mark,10,Mark 10:32-34,19,added; other; provenance_added; removed_marked_historical,04cc512; 2622ee2; 440001d; 6a15663; 6c0cb65; f79cbbc
Mark,10,Mark 10:35-45,14,added; bridge_basis_changed; other; provenance_added; removed_marked_historical,2622ee2; 350a0bd; 440001d; 6a15663; 6c0cb65; efbf63c; f79cbbc
Mark,10,Mark 10:46-52,10,added; other; provenance_added; removed_marked_historical,2622ee2; 440001d; 6a15663; 6c0cb65; f79cbbc
Mark,11,Mark 11:1-11,19,added; other; provenance_added; removed_marked_historical,04cc512; 2622ee2; 440001d; 6a15663; 6c0cb65; f79cbbc
Mark,11,Mark 11:11-19,19,added; other; provenance_added; removed_marked_historical,04cc512; 2622ee2; 440001d; 6a15663; 6c0cb65; f79cbbc
Mark,11,Mark 11:12-24,19,added; other; provenance_added; removed_marked_historical,04cc512; 2622ee2; 440001d; 6a15663; 6c0cb65; f79cbbc
Mark,11,Mark 11:22-26,10,added; other; provenance_added; removed_marked_historical,2622ee2; 440001d; 6a15663; 6c0cb65; f79cbbc
Mark,12,Mark 12:1-12,10,added; other; provenance_added; removed_marked_historical,2622ee2; 440001d; 6a15663; 6c0cb65; f79cbbc
Mark,12,Mark 12:18-27,13,added; other; provenance_added; removed_marked_historical,2622ee2; 350a0bd; 440001d; 6a15663; 6c0cb65; efbf63c; f79cbbc
Mark,12,Mark 12:28-34,10,added; other; provenance_added; removed_marked_historical,2622ee2; 440001d; 6a15663; 6c0cb65; f79cbbc
Mark,12,Mark 12:28-37,10,added; other; provenance_added; removed_marked_historical,2622ee2; 440001d; 6a15663; 6c0cb65; f79cbbc
Mark,12,Mark 12:35-40,10,added; other; provenance_added; removed_marked_historical,2622ee2; 440001d; 6a15663; 6c0cb65; f79cbbc
Mark,12,Mark 12:41-44,14,added; bridge_basis_changed; other; provenance_added; removed_marked_historical,2622ee2; 350a0bd; 440001d; 6a15663; 6c0cb65; efbf63c; f79cbbc
Mark,13,Mark 13:3-37,13,added; other; provenance_added; removed_marked_historical,2622ee2; 350a0bd; 440001d; 6a15663; 6c0cb65; efbf63c; f79cbbc
Mark,13,Mark 13:32-14:2,19,added; other; provenance_added; removed_marked_historical,04cc512; 2622ee2; 440001d; 6a15663; 6c0cb65; f79cbbc
Mark,13,Mark 13:32-37,22,added; bridge_basis_changed; other; provenance_added; removed_marked_historical,04cc512; 2622ee2; 350a0bd; 440001d; 6a15663; 6c0cb65; efbf63c; f79cbbc
Mark,13,Mark 13:33-37,14,added; bridge_basis_changed; other; provenance_added; removed_marked_historical,2622ee2; 350a0bd; 440001d; 6a15663; 6c0cb65; efbf63c; f79cbbc
Mark,13,Mark 13:9-13,14,added; bridge_basis_changed; other; provenance_added; removed_marked_historical,2622ee2; 350a0bd; 440001d; 6a15663; 6c0cb65; efbf63c; f79cbbc
Mark,14,Mark 14:1-2,19,added; other; provenance_added; removed_marked_historical,04cc512; 2622ee2; 440001d; 6a15663; 6c0cb65; f79cbbc
Mark,14,Mark 14:12-16,19,added; other; provenance_added; removed_marked_historical,04cc512; 2622ee2; 440001d; 6a15663; 6c0cb65; f79cbbc
Mark,14,Mark 14:26-31,19,added; other; provenance_added; removed_marked_historical,04cc512; 2622ee2; 440001d; 6a15663; 6c0cb65; f79cbbc
Mark,14,Mark 14:3-11,19,added; other; provenance_added; removed_marked_historical,04cc512; 2622ee2; 440001d; 6a15663; 6c0cb65; f79cbbc
Mark,14,Mark 14:3-9,14,added; bridge_basis_changed; other; provenance_added; removed_marked_historical,2622ee2; 350a0bd; 440001d; 6a15663; 6c0cb65; efbf63c; f79cbbc
Mark,14,Mark 14:32-42,19,added; other; provenance_added; removed_marked_historical,04cc512; 2622ee2; 440001d; 6a15663; 6c0cb65; f79cbbc
Mark,14,Mark 14:39,10,added; other; provenance_added; removed_marked_historical,2622ee2; 440001d; 6a15663; 6c0cb65; f79cbbc
Mark,14,Mark 14:43-54,19,added; other; provenance_added; removed_marked_historical,04cc512; 2622ee2; 440001d; 6a15663; 6c0cb65; f79cbbc
Mark,14,Mark 14:55-72,19,added; other; provenance_added; removed_marked_historical,04cc512; 2622ee2; 440001d; 6a15663; 6c0cb65; f79cbbc
Mark,15,Mark 15:1-5,19,added; other; provenance_added; removed_marked_historical,04cc512; 2622ee2; 440001d; 6a15663; 6c0cb65; f79cbbc
Mark,15,Mark 15:26-33,19,added; other; provenance_added; removed_marked_historical,04cc512; 2622ee2; 440001d; 6a15663; 6c0cb65; f79cbbc
Mark,15,Mark 15:34-37,19,added; other; provenance_added; removed_marked_historical,04cc512; 2622ee2; 440001d; 6a15663; 6c0cb65; f79cbbc
Mark,15,Mark 15:38-41,19,added; other; provenance_added; removed_marked_historical,04cc512; 2622ee2; 440001d; 6a15663; 6c0cb65; f79cbbc
Mark,15,Mark 15:42-16:1,19,added; other; provenance_added; removed_marked_historical,04cc512; 2622ee2; 440001d; 6a15663; 6c0cb65; f79cbbc
Mark,15,Mark 15:6-25,19,added; other; provenance_added; removed_marked_historical,04cc512; 2622ee2; 440001d; 6a15663; 6c0cb65; f79cbbc
Mark,16,Mark 16,10,added; other; provenance_added; removed_marked_historical,2622ee2; 440001d; 6a15663; 6c0cb65; f79cbbc
Mark,16,Mark 16:12-20,10,added; other; provenance_added; removed_marked_historical,2622ee2; 440001d; 6a15663; 6c0cb65; f79cbbc
Mark,16,Mark 16:17-20,10,added; other; provenance_added; removed_marked_historical,2622ee2; 440001d; 6a15663; 6c0cb65; f79cbbc
Mark,16,Mark 16:2-11,10,added; other; provenance_added; removed_marked_historical,2622ee2; 440001d; 6a15663; 6c0cb65; f79cbbc
Mark,16,Mark 16:2-8,14,added; bridge_basis_changed; other; provenance_added; removed_marked_historical,2622ee2; 350a0bd; 440001d; 6a15663; 6c0cb65; efbf63c; f79cbbc
Mark,16,Mark 16:9-20,10,added; other; provenance_added; removed_marked_historical,2622ee2; 440001d; 6a15663; 6c0cb65; f79cbbc
Mark,19,Mark 19:9-13,10,added; other; provenance_added; removed_marked_historical,2622ee2; 440001d; 6a15663; 6c0cb65; f79cbbc
Luke,1,Lk 1:1-25,14,added; bridge_basis_changed; other; provenance_added; removed_marked_historical,2622ee2; 350a0bd; 440001d; 6a15663; 6c0cb65; efbf63c; f79cbbc
Luke,1,Lk 1:26-38,14,added; bridge_basis_changed; other; provenance_added; removed_marked_historical,2622ee2; 350a0bd; 440001d; 6a15663; 6c0cb65; efbf63c; f79cbbc
Luke,1,Lk 1:39-56,14,added; bridge_basis_changed; other; provenance_added; removed_marked_historical,2622ee2; 350a0bd; 440001d; 6a15663; 6c0cb65; efbf63c; f79cbbc
Luke,1,Lk 1:46-55,10,added; other; provenance_added; removed_marked_historical,2622ee2; 440001d; 6a15663; 6c0cb65; f79cbbc
Luke,1,Lk 1:57-80,14,added; bridge_basis_changed; other; provenance_added; removed_marked_historical,2622ee2; 350a0bd; 440001d; 6a15663; 6c0cb65; efbf63c; f79cbbc
Luke,1,Lk 1:68-79,10,added; other; provenance_added; removed_marked_historical,2622ee2; 440001d; 6a15663; 6c0cb65; f79cbbc
Luke,2,Lk 2:1-20,13,added; bridge_basis_changed; other; provenance_added; removed_marked_historical,2622ee2; 350a0bd; 440001d; 6a15663; 6c0cb65; efbf63c; f79cbbc
Luke,2,Lk 2:15-20,14,added; bridge_basis_changed; other; provenance_added; removed_marked_historical,2622ee2; 350a0bd; 440001d; 6a15663; 6c0cb65; efbf63c; f79cbbc
Luke,2,Lk 2:21-35,10,added; other; provenance_added; removed_marked_historical,2622ee2; 440001d; 6a15663; 6c0cb65; f79cbbc
Luke,2,Lk 2:21-39,14,added; bridge_basis_changed; other; provenance_added; removed_marked_historical,2622ee2; 350a0bd; 440001d; 6a15663; 6c0cb65; efbf63c; f79cbbc
Luke,2,Lk 2:25-32,10,added; other; provenance_added; removed_marked_historical,2622ee2; 440001d; 6a15663; 6c0cb65; f79cbbc
Luke,2,Lk 2:29-32,10,added; other; provenance_added; removed_marked_historical,2622ee2; 440001d; 6a15663; 6c0cb65; f79cbbc
Luke,2,Lk 2:40-52,14,added; bridge_basis_changed; other; provenance_added; removed_marked_historical,2622ee2; 350a0bd; 440001d; 6a15663; 6c0cb65; efbf63c; f79cbbc
Luke,3,Lk 3:1-18,13,added; bridge_basis_changed; other; provenance_added; removed_marked_historical,2622ee2; 350a0bd; 440001d; 6a15663; 6c0cb65; efbf63c; f79cbbc
Luke,3,Lk 3:21-22,13,added; bridge_basis_changed; other; provenance_added; removed_marked_historical,2622ee2; 350a0bd; 440001d; 6a15663; 6c0cb65; efbf63c; f79cbbc
Luke,3,Lk 3:23-38,13,added; bridge_basis_changed; other; provenance_added; removed_marked_historical,2622ee2; 350a0bd; 440001d; 6a15663; 6c0cb65; efbf63c; f79cbbc
Luke,4,Lk 4:1-13,13,added; other; provenance_added; removed_marked_historical,2622ee2; 350a0bd; 440001d; 6a15663; 6c0cb65; efbf63c; f79cbbc
Luke,4,Lk 4:14-30,13,added; bridge_basis_changed; other; provenance_added; removed_marked_historical,2622ee2; 350a0bd; 440001d; 6a15663; 6c0cb65; efbf63c; f79cbbc
Luke,4,Lk 4:22-30,10,added; other; provenance_added; removed_marked_historical,2622ee2; 440001d; 6a15663; 6c0cb65; f79cbbc
Luke,4,Lk 4:23-30,13,added; bridge_basis_changed; other; provenance_added; removed_marked_historical,2622ee2; 350a0bd; 440001d; 6a15663; 6c0cb65; efbf63c; f79cbbc
Luke,4,Lk 4:31-37,13,added; bridge_basis_changed; other; provenance_added; removed_marked_historical,2622ee2; 350a0bd; 440001d; 6a15663; 6c0cb65; efbf63c; f79cbbc
Luke,4,Lk 4:38-41,13,added; bridge_basis_changed; other; provenance_added; removed_marked_historical,2622ee2; 350a0bd; 440001d; 6a15663; 6c0cb65; efbf63c; f79cbbc
Luke,4,Lk 4:38-42,10,added; other; provenance_added; removed_marked_historical,2622ee2; 440001d; 6a15663; 6c0cb65; f79cbbc
Luke,4,Lk 4:40-44,13,added; bridge_basis_changed; other; provenance_added; removed_marked_historical,2622ee2; 350a0bd; 440001d; 6a15663; 6c0cb65; efbf63c; f79cbbc
Luke,4,Lk 4:42-5,10,added; other; provenance_added; removed_marked_historical,2622ee2; 440001d; 6a15663; 6c0cb65; f79cbbc
Luke,4,Lk 4:42-5:3,10,added; other; provenance_added; removed_marked_historical,2622ee2; 440001d; 6a15663; 6c0cb65; f79cbbc
Luke,5,Lk 5:1-11,13,added; other; provenance_added; removed_marked_historical,2622ee2; 350a0bd; 440001d; 6a15663; 6c0cb65; efbf63c; f79cbbc
Luke,5,Lk 5:12-16,10,added; other; provenance_added; removed_marked_historical,2622ee2; 440001d; 6a15663; 6c0cb65; f79cbbc
Luke,5,Lk 5:17-26,13,added; bridge_basis_changed; other; provenance_added; removed_marked_historical,2622ee2; 350a0bd; 440001d; 6a15663; 6c0cb65; efbf63c; f79cbbc
Luke,5,Lk 5:18-26,13,added; bridge_basis_changed; other; provenance_added; removed_marked_historical,2622ee2; 350a0bd; 440001d; 6a15663; 6c0cb65; efbf63c; f79cbbc
Luke,5,Lk 5:27-32,14,added; bridge_basis_changed; other; provenance_added; removed_marked_historical,2622ee2; 350a0bd; 440001d; 6a15663; 6c0cb65; efbf63c; f79cbbc
Luke,5,Lk 5:27-39,13,added; other; provenance_added; removed_marked_historical,2622ee2; 350a0bd; 440001d; 6a15663; 6c0cb65; efbf63c; f79cbbc
Luke,6,Lk 6:12-16,10,added; other; provenance_added; removed_marked_historical,2622ee2; 440001d; 6a15663; 6c0cb65; f79cbbc
Luke,6,Lk 6:12-23,14,added; bridge_basis_changed; other; provenance_added; removed_marked_historical,2622ee2; 350a0bd; 440001d; 6a15663; 6c0cb65; efbf63c; f79cbbc
Luke,6,Lk 6:17-23,14,added; bridge_basis_changed; other; provenance_added; removed_marked_historical,2622ee2; 350a0bd; 440001d; 6a15663; 6c0cb65; efbf63c; f79cbbc
Luke,6,Lk 6:24-34,10,added; other; provenance_added; removed_marked_historical,2622ee2; 440001d; 6a15663; 6c0cb65; f79cbbc
Luke,6,Lk 6:27-38,13,added; other; provenance_added; removed_marked_historical,2622ee2; 350a0bd; 440001d; 6a15663; 6c0cb65; efbf63c; f79cbbc
Luke,6,Lk 6:35-38,10,added; other; provenance_added; removed_marked_historical,2622ee2; 440001d; 6a15663; 6c0cb65; f79cbbc
Luke,6,Lk 6:39-49,10,added; other; provenance_added; removed_marked_historical,2622ee2; 440001d; 6a15663; 6c0cb65; f79cbbc
Luke,7,Lk 7:1-10,14,added; bridge_basis_changed; other; provenance_added; removed_marked_historical,2622ee2; 350a0bd; 440001d; 6a15663; 6c0cb65; efbf63c; f79cbbc
Luke,7,Lk 7:11-16,10,added; other; provenance_added; removed_marked_historical,2622ee2; 440001d; 6a15663; 6c0cb65; f79cbbc
Luke,7,Lk 7:11-17,14,added; bridge_basis_changed; other; provenance_added; removed_marked_historical,2622ee2; 350a0bd; 440001d; 6a15663; 6c0cb65; efbf63c; f79cbbc
Luke,7,Lk 7:18-23,10,added; other; provenance_added; removed_marked_historical,2622ee2; 440001d; 6a15663; 6c0cb65; f79cbbc
Luke,7,Lk 7:18-28,13,added; bridge_basis_changed; other; provenance_added; removed_marked_historical,2622ee2; 350a0bd; 440001d; 6a15663; 6c0cb65; efbf63c; f79cbbc
Luke,7,Lk 7:24-28,10,added; other; provenance_added; removed_marked_historical,2622ee2; 440001d; 6a15663; 6c0cb65; f79cbbc
Luke,7,Lk 7:28-35,13,added; bridge_basis_changed; other; provenance_added; removed_marked_historical,2622ee2; 350a0bd; 440001d; 6a15663; 6c0cb65; efbf63c; f79cbbc
Luke,7,Lk 7:36-50,14,added; bridge_basis_changed; other; provenance_added; removed_marked_historical,2622ee2; 350a0bd; 440001d; 6a15663; 6c0cb65; efbf63c; f79cbbc
Luke,8,Lk 8:1-3,13,added; other; provenance_added; removed_marked_historical,2622ee2; 350a0bd; 440001d; 6a15663; 6c0cb65; efbf63c; f79cbbc
Luke,8,Lk 8:18-21,10,added; other; provenance_added; removed_marked_historical,2622ee2; 440001d; 6a15663; 6c0cb65; f79cbbc
Luke,8,Lk 8:22-25,10,added; other; provenance_added; removed_marked_historical,2622ee2; 440001d; 6a15663; 6c0cb65; f79cbbc
Luke,8,Lk 8:23-25,10,added; other; provenance_added; removed_marked_historical,2622ee2; 440001d; 6a15663; 6c0cb65; f79cbbc
Luke,8,Lk 8:4-15,13,added; other; provenance_added; removed_marked_historical,2622ee2; 350a0bd; 440001d; 6a15663; 6c0cb65; efbf63c; f79cbbc
Luke,8,Lk 8:40-56,10,added; other; provenance_added; removed_marked_historical,2622ee2; 440001d; 6a15663; 6c0cb65; f79cbbc
Luke,9,Lk 9:1-6,14,added; bridge_basis_changed; other; provenance_added; removed_marked_historical,2622ee2; 350a0bd; 440001d; 6a15663; 6c0cb65; efbf63c; f79cbbc
Luke,9,Lk 9:10-17,13,added; bridge_basis_changed; other; provenance_added; removed_marked_historical,2622ee2; 350a0bd; 440001d; 6a15663; 6c0cb65; efbf63c; f79cbbc
Luke,9,Lk 9:12-17,14,added; bridge_basis_changed; other; provenance_added; removed_marked_historical,2622ee2; 350a0bd; 440001d; 6a15663; 6c0cb65; efbf63c; f79cbbc
Luke,9,Lk 9:18-22,19,added; other; provenance_added; removed_marked_historical,04cc512; 2622ee2; 440001d; 6a15663; 6c0cb65; f79cbbc
Luke,9,Lk 9:18-27,14,added; bridge_basis_changed; other; provenance_added; removed_marked_historical,2622ee2; 350a0bd; 440001d; 6a15663; 6c0cb65; efbf63c; f79cbbc
Luke,9,Lk 9:28-35,10,added; other; provenance_added; removed_marked_historical,2622ee2; 440001d; 6a15663; 6c0cb65; f79cbbc
Luke,9,Lk 9:28-36,13,added; other; provenance_added; removed_marked_historical,2622ee2; 350a0bd; 440001d; 6a15663; 6c0cb65; efbf63c; f79cbbc
Luke,9,Lk 9:37-43,10,added; other; provenance_added; removed_marked_historical,2622ee2; 440001d; 6a15663; 6c0cb65; f79cbbc
Luke,9,Lk 9:51-62,10,added; other; provenance_added; removed_marked_historical,2622ee2; 440001d; 6a15663; 6c0cb65; f79cbbc
Luke,9,Lk 9:57-62,10,added; other; provenance_added; removed_marked_historical,2622ee2; 440001d; 6a15663; 6c0cb65; f79cbbc
Luke,9,Lk 9:7-12,13,added; bridge_basis_changed; other; provenance_added; removed_marked_historical,2622ee2; 350a0bd; 440001d; 6a15663; 6c0cb65; efbf63c; f79cbbc
Luke,10,Lk 10:1-12,10,added; other; provenance_added; removed_marked_historical,2622ee2; 440001d; 6a15663; 6c0cb65; f79cbbc
Luke,10,Lk 10:1-20,14,added; bridge_basis_changed; other; provenance_added; removed_marked_historical,2622ee2; 350a0bd; 440001d; 6a15663; 6c0cb65; efbf63c; f79cbbc
Luke,10,Lk 10:1-9,10,added; other; provenance_added; removed_marked_historical,2622ee2; 440001d; 6a15663; 6c0cb65; f79cbbc
Luke,10,Lk 10:21-24,14,added; bridge_basis_changed; other; provenance_added; removed_marked_historical,2622ee2; 350a0bd; 440001d; 6a15663; 6c0cb65; efbf63c; f79cbbc
Luke,10,Lk 10:21-28,13,added; bridge_basis_changed; other; provenance_added; removed_marked_historical,2622ee2; 350a0bd; 440001d; 6a15663; 6c0cb65; efbf63c; f79cbbc
Luke,10,Lk 10:25-37,13,added; other; provenance_added; removed_marked_historical,2622ee2; 350a0bd; 440001d; 6a15663; 6c0cb65; efbf63c; f79cbbc
Luke,10,Lk 10:38-42,14,added; bridge_basis_changed; other; provenance_added; removed_marked_historical,2622ee2; 350a0bd; 440001d; 6a15663; 6c0cb65; efbf63c; f79cbbc
Luke,10,Lk 10:38-52,10,added; other; provenance_added; removed_marked_historical,2622ee2; 440001d; 6a15663; 6c0cb65; f79cbbc
Luke,11,Lk 11:1-10,10,added; other; provenance_added; removed_marked_historical,2622ee2; 440001d; 6a15663; 6c0cb65; f79cbbc
Luke,11,Lk 11:1-13,13,added; other; provenance_added; removed_marked_historical,2622ee2; 350a0bd; 440001d; 6a15663; 6c0cb65; efbf63c; f79cbbc
Luke,11,Lk 11:14-26,10,added; other; provenance_added; removed_marked_historical,2622ee2; 440001d; 6a15663; 6c0cb65; f79cbbc
Luke,11,Lk 11:17-23,10,added; other; provenance_added; removed_marked_historical,2622ee2; 440001d; 6a15663; 6c0cb65; f79cbbc
Luke,11,Lk 11:20-28,14,added; bridge_basis_changed; other; provenance_added; removed_marked_historical,2622ee2; 350a0bd; 440001d; 6a15663; 6c0cb65; efbf63c; f79cbbc
Luke,11,Lk 11:24-26,10,added; other; provenance_added; removed_marked_historical,2622ee2; 440001d; 6a15663; 6c0cb65; f79cbbc
Luke,11,Lk 11:27-36,13,added; other; provenance_added; removed_marked_historical,2622ee2; 350a0bd; 440001d; 6a15663; 6c0cb65; efbf63c; f79cbbc
Luke,11,Lk 11:29-36,10,added; other; provenance_added; removed_marked_historical,2622ee2; 440001d; 6a15663; 6c0cb65; f79cbbc
Luke,11,Lk 11:33-36,10,added; other; provenance_added; removed_marked_historical,2622ee2; 440001d; 6a15663; 6c0cb65; f79cbbc
Luke,11,Lk 11:37-51,19,added; bridge_basis_changed; other; provenance_added; removed_marked_historical,2622ee2; 350a0bd; 440001d; 6a15663; 6c0cb65; efbf63c; f79cbbc
Luke,11,Lk 11:37-52,19,added; other; provenance_added; removed_marked_historical,04cc512; 2622ee2; 440001d; 6a15663; 6c0cb65; f79cbbc
Luke,11,Lk 11:45-52,10,added; other; provenance_added; removed_marked_historical,2622ee2; 440001d; 6a15663; 6c0cb65; f79cbbc
Luke,11,Lk 11:53-12:12,10,added; other; provenance_added; removed_marked_historical,2622ee2; 440001d; 6a15663; 6c0cb65; f79cbbc
Luke,11,Lk 11:53-12:3,10,added; other; provenance_added; removed_marked_historical,2622ee2; 440001d; 6a15663; 6c0cb65; f79cbbc
Luke,11,Lk 11:53-54,14,added; bridge_basis_changed; other; provenance_added; removed_marked_historical,2622ee2; 350a0bd; 440001d; 6a15663; 6c0cb65; efbf63c; f79cbbc
Luke,12,Lk 12:1-12,14,added; bridge_basis_changed; other; provenance_added; removed_marked_historical,2622ee2; 350a0bd; 440001d; 6a15663; 6c0cb65; efbf63c; f79cbbc
Luke,12,Lk 12:1-3,10,added; other; provenance_added; removed_marked_historical,2622ee2; 440001d; 6a15663; 6c0cb65; f79cbbc
Luke,12,Lk 12:16-21,10,added; other; provenance_added; removed_marked_historical,2622ee2; 440001d; 6a15663; 6c0cb65; f79cbbc
Luke,12,Lk 12:22-31,10,added; other; provenance_added; removed_marked_historical,2622ee2; 440001d; 6a15663; 6c0cb65; f79cbbc
Luke,12,Lk 12:27-31,13,added; other; provenance_added; removed_marked_historical,2622ee2; 350a0bd; 440001d; 6a15663; 6c0cb65; efbf63c; f79cbbc
Luke,12,Lk 12:32-44,14,added; bridge_basis_changed; other; provenance_added; removed_marked_historical,2622ee2; 350a0bd; 440001d; 6a15663; 6c0cb65; efbf63c; f79cbbc
Luke,12,Lk 12:32-46,10,added; other; provenance_added; removed_marked_historical,2622ee2; 440001d; 6a15663; 6c0cb65; f79cbbc
Luke,12,Lk 12:4-12,14,added; bridge_basis_changed; other; provenance_added; removed_marked_historical,2622ee2; 350a0bd; 440001d; 6a15663; 6c0cb65; efbf63c; f79cbbc
Luke,12,Lk 12:41-50,10,added; other; provenance_added; removed_marked_historical,2622ee2; 440001d; 6a15663; 6c0cb65; f79cbbc
Luke,12,Lk 12:54-59,10,added; other; provenance_added; removed_marked_historical,2622ee2; 440001d; 6a15663; 6c0cb65; f79cbbc
Luke,13,Lk 13:1-5,10,added; other; provenance_added; removed_marked_historical,2622ee2; 440001d; 6a15663; 6c0cb65; f79cbbc
Luke,13,Lk 13:10-17,13,added; bridge_basis_changed; other; provenance_added; removed_marked_historical,2622ee2; 350a0bd; 440001d; 6a15663; 6c0cb65; efbf63c; f79cbbc
Luke,13,Lk 13:18-22,10,added; other; provenance_added; removed_marked_historical,2622ee2; 440001d; 6a15663; 6c0cb65; f79cbbc
Luke,13,Lk 13:22-30,10,added; other; provenance_added; removed_marked_historical,2622ee2; 440001d; 6a15663; 6c0cb65; f79cbbc
Luke,13,Lk 13:22-35,10,added; other; provenance_added; removed_marked_historical,2622ee2; 440001d; 6a15663; 6c0cb65; f79cbbc
Luke,13,Lk 13:23-30,22,added; other; provenance_added; removed_marked_historical,04cc512; 2622ee2; 350a0bd; 440001d; 6a15663; 6c0cb65; efbf63c; f79cbbc
Luke,13,Lk 13:31-35,19,added; other; provenance_added; removed_marked_historical,04cc512; 2622ee2; 440001d; 6a15663; 6c0cb65; f79cbbc
Luke,13,Lk 13:6-9,10,added; other; provenance_added; removed_marked_historical,2622ee2; 440001d; 6a15663; 6c0cb65; f79cbbc
Luke,14,Lk 14:1-6,10,added; other; provenance_added; removed_marked_historical,2622ee2; 440001d; 6a15663; 6c0cb65; f79cbbc
Luke,14,Lk 14:12-15,10,added; other; provenance_added; removed_marked_historical,2622ee2; 440001d; 6a15663; 6c0cb65; f79cbbc
Luke,14,Lk 14:16-24,13,added; other; provenance_added; removed_marked_historical,2622ee2; 350a0bd; 440001d; 6a15663; 6c0cb65; efbf63c; f79cbbc
Luke,14,Lk 14:25-32,10,added; other; provenance_added; removed_marked_historical,2622ee2; 440001d; 6a15663; 6c0cb65; f79cbbc
Luke,14,Lk 14:25-35,14,added; bridge_basis_changed; other; provenance_added; removed_marked_historical,2622ee2; 350a0bd; 440001d; 6a15663; 6c0cb65; efbf63c; f79cbbc
Luke,14,Lk 14:28-35,10,added; other; provenance_added; removed_marked_historical,2622ee2; 440001d; 6a15663; 6c0cb65; f79cbbc
Luke,14,Lk 14:7-11,10,added; other; provenance_added; removed_marked_historical,2622ee2; 440001d; 6a15663; 6c0cb65; f79cbbc
Luke,14,Lk 14:7-15,13,added; bridge_basis_changed; other; provenance_added; removed_marked_historical,2622ee2; 350a0bd; 440001d; 6a15663; 6c0cb65; efbf63c; f79cbbc
Luke,15,Lk 15:11-32,10,added; other; provenance_added; removed_marked_historical,2622ee2; 440001d; 6a15663; 6c0cb65; f79cbbc
Luke,15,Lk 15:3-10,14,added; bridge_basis_changed; other; provenance_added; removed_marked_historical,2622ee2; 350a0bd; 440001d; 6a15663; 6c0cb65; efbf63c; f79cbbc
Luke,16,Lk 16:1-12,14,added; bridge_basis_changed; other; provenance_added; removed_marked_historical,2622ee2; 350a0bd; 440001d; 6a15663; 6c0cb65; efbf63c; f79cbbc
Luke,16,Lk 16:1-18,13,added; other; provenance_added; removed_marked_historical,2622ee2; 350a0bd; 440001d; 6a15663; 6c0cb65; efbf63c; f79cbbc
Luke,16,Lk 16:1-9,10,added; other; provenance_added; removed_marked_historical,2622ee2; 440001d; 6a15663; 6c0cb65; f79cbbc
Luke,16,Lk 16:19-31,13,added; other; provenance_added; removed_marked_historical,2622ee2; 350a0bd; 440001d; 6a15663; 6c0cb65; efbf63c; f79cbbc
Luke,17,Lk 17:1-10,13,added; other; provenance_added; removed_marked_historical,2622ee2; 350a0bd; 440001d; 6a15663; 6c0cb65; efbf63c; f79cbbc
Luke,17,Lk 17:11-19,13,added; other; provenance_added; removed_marked_historical,2622ee2; 350a0bd; 440001d; 6a15663; 6c0cb65; efbf63c; f79cbbc
Luke,17,Lk 17:20-36,10,added; other; provenance_added; removed_marked_historical,2622ee2; 440001d; 6a15663; 6c0cb65; f79cbbc
Luke,17,Lk 17:20-37,13,added; other; provenance_added; removed_marked_historical,2622ee2; 350a0bd; 440001d; 6a15663; 6c0cb65; efbf63c; f79cbbc
Luke,17,Lk 17:3-10,10,added; other; provenance_added; removed_marked_historical,2622ee2; 440001d; 6a15663; 6c0cb65; f79cbbc
Luke,17,Lk 17:3-6,10,added; other; provenance_added; removed_marked_historical,2622ee2; 440001d; 6a15663; 6c0cb65; f79cbbc
Luke,17,Lk 17:5-10,14,added; bridge_basis_changed; other; provenance_added; removed_marked_historical,2622ee2; 350a0bd; 440001d; 6a15663; 6c0cb65; efbf63c; f79cbbc
Luke,18,Lk 18:1-8,10,added; other; provenance_added; removed_marked_historical,2622ee2; 440001d; 6a15663; 6c0cb65; f79cbbc
Luke,18,Lk 18:35-43,10,added; other; provenance_added; removed_marked_historical,2622ee2; 440001d; 6a15663; 6c0cb65; f79cbbc
Luke,18,Lk 18:9-17,13,added; other; provenance_added; removed_marked_historical,2622ee2; 350a0bd; 440001d; 6a15663; 6c0cb65; efbf63c; f79cbbc
Luke,19,Lk 19:1-10,23,added; bridge_basis_changed; other; provenance_added; removed_marked_historical,04cc512; 2622ee2; 350a0bd; 440001d; 6a15663; 6c0cb65; efbf63c; f79cbbc
Luke,19,Lk 19:11-19,14,added; bridge_basis_changed; other; provenance_added; removed_marked_historical,2622ee2; 350a0bd; 440001d; 6a15663; 6c0cb65; efbf63c; f79cbbc
Luke,19,Lk 19:11-28,10,added; other; provenance_added; removed_marked_historical,2622ee2; 440001d; 6a15663; 6c0cb65; f79cbbc
Luke,19,Lk 19:29-48,19,added; other; provenance_added; removed_marked_historical,04cc512; 2622ee2; 440001d; 6a15663; 6c0cb65; f79cbbc
Luke,20,Lk 20:20-26,10,added; other; provenance_added; removed_marked_historical,2622ee2; 440001d; 6a15663; 6c0cb65; f79cbbc
Luke,20,Lk 20:27-38,10,added; other; provenance_added; removed_marked_historical,2622ee2; 440001d; 6a15663; 6c0cb65; f79cbbc
Luke,20,Lk 20:27-39,10,added; other; provenance_added; removed_marked_historical,2622ee2; 440001d; 6a15663; 6c0cb65; f79cbbc
Luke,20,Lk 20:9-19,13,added; other; provenance_added; removed_marked_historical,2622ee2; 350a0bd; 440001d; 6a15663; 6c0cb65; efbf63c; f79cbbc
Luke,21,Lk 21:12-19,14,added; bridge_basis_changed; other; provenance_added; removed_marked_historical,2622ee2; 350a0bd; 440001d; 6a15663; 6c0cb65; efbf63c; f79cbbc
Luke,21,Lk 21:12-33,13,added; bridge_basis_changed; other; provenance_added; removed_marked_historical,2622ee2; 350a0bd; 440001d; 6a15663; 6c0cb65; efbf63c; f79cbbc
Luke,21,Lk 21:34-38,19,added; other; provenance_added; removed_marked_historical,04cc512; 2622ee2; 440001d; 6a15663; 6c0cb65; f79cbbc
Luke,22,Lk 22:1-6,16,added; other; provenance_added; removed_marked_historical,04cc512; 2622ee2; 440001d; 6a15663; 6c0cb65; f79cbbc
Luke,22,Lk 22:24-30,14,added; bridge_basis_changed; other; provenance_added; removed_marked_historical,2622ee2; 350a0bd; 440001d; 6a15663; 6c0cb65; efbf63c; f79cbbc
Luke,22,Lk 22:31-39,19,added; other; provenance_added; removed_marked_historical,04cc512; 2622ee2; 440001d; 6a15663; 6c0cb65; f79cbbc
Luke,22,Lk 22:40-46,19,added; other; provenance_added; removed_marked_historical,04cc512; 2622ee2; 440001d; 6a15663; 6c0cb65; f79cbbc
Luke,22,Lk 22:47-55,19,added; other; provenance_added; removed_marked_historical,04cc512; 2622ee2; 440001d; 6a15663; 6c0cb65; f79cbbc
Luke,22,Lk 22:56-65,19,added; other; provenance_added; removed_marked_historical,04cc512; 2622ee2; 440001d; 6a15663; 6c0cb65; f79cbbc
Luke,22,Lk 22:66-23:12,19,added; other; provenance_added; removed_marked_historical,04cc512; 2622ee2; 440001d; 6a15663; 6c0cb65; f79cbbc
Luke,22,Lk 22:7-13,19,added; other; provenance_added; removed_marked_historical,04cc512; 2622ee2; 440001d; 6a15663; 6c0cb65; f79cbbc
Luke,23,Lk 23:13-25,19,added; other; provenance_added; removed_marked_historical,04cc512; 2622ee2; 440001d; 6a15663; 6c0cb65; f79cbbc
Luke,23,Lk 23:26-44,19,added; other; provenance_added; removed_marked_historical,04cc512; 2622ee2; 440001d; 6a15663; 6c0cb65; f79cbbc
Luke,23,Lk 23:45-46,19,added; other; provenance_added; removed_marked_historical,04cc512; 2622ee2; 440001d; 6a15663; 6c0cb65; f79cbbc
Luke,23,Lk 23:47-49,19,added; other; provenance_added; removed_marked_historical,04cc512; 2622ee2; 440001d; 6a15663; 6c0cb65; f79cbbc
Luke,23,Lk 23:50-56,19,added; other; provenance_added; removed_marked_historical,04cc512; 2622ee2; 440001d; 6a15663; 6c0cb65; f79cbbc
Luke,24,Lk 24:1-12,14,added; bridge_basis_changed; other; provenance_added; removed_marked_historical,2622ee2; 350a0bd; 440001d; 6a15663; 6c0cb65; efbf63c; f79cbbc
Luke,24,Lk 24:13-35,10,added; other; provenance_added; removed_marked_historical,2622ee2; 440001d; 6a15663; 6c0cb65; f79cbbc
Luke,24,Lk 24:36-53,10,added; other; provenance_added; removed_marked_historical,2622ee2; 440001d; 6a15663; 6c0cb65; f79cbbc
John,1,Jn 1:1-13,13,added; bridge_basis_changed; other; provenance_added; removed_marked_historical,2622ee2; 350a0bd; 440001d; 6a15663; 6c0cb65; efbf63c; f79cbbc
John,1,Jn 1:1-17,14,added; bridge_basis_changed; other; provenance_added; removed_marked_historical,2622ee2; 350a0bd; 440001d; 6a15663; 6c0cb65; efbf63c; f79cbbc
John,1,Jn 1:14-17,13,added; bridge_basis_changed; other; provenance_added; removed_marked_historical,2622ee2; 350a0bd; 440001d; 6a15663; 6c0cb65; efbf63c; f79cbbc
John,1,Jn 1:18-34,13,added; bridge_basis_changed; other; provenance_added; removed_marked_historical,2622ee2; 350a0bd; 440001d; 6a15663; 6c0cb65; efbf63c; f79cbbc
John,1,Jn 1:18-42,10,added; other; provenance_added; removed_marked_historical,2622ee2; 440001d; 6a15663; 6c0cb65; f79cbbc
John,1,Jn 1:35-51,13,added; bridge_basis_changed; other; provenance_added; removed_marked_historical,2622ee2; 350a0bd; 440001d; 6a15663; 6c0cb65; efbf63c; f79cbbc
John,1,Jn 1:43-51,14,added; bridge_basis_changed; other; provenance_added; removed_marked_historical,2622ee2; 350a0bd; 440001d; 6a15663; 6c0cb65; efbf63c; f79cbbc
John,1,Jn 1:9-14,10,added; other; provenance_added; removed_marked_historical,2622ee2; 440001d; 6a15663; 6c0cb65; f79cbbc
John,1,Jn 1:9-15,10,added; other; provenance_added; removed_marked_historical,2622ee2; 440001d; 6a15663; 6c0cb65; f79cbbc
John,2,Jn 2:1-11,13,added; bridge_basis_changed; other; provenance_added; removed_marked_historical,2622ee2; 350a0bd; 440001d; 6a15663; 6c0cb65; efbf63c; f79cbbc
John,2,Jn 2:12-25,10,added; other; provenance_added; removed_marked_historical,2622ee2; 440001d; 6a15663; 6c0cb65; f79cbbc
John,2,Jn 2:13-17,19,added; other; provenance_added; removed_marked_historical,04cc512; 2622ee2; 440001d; 6a15663; 6c0cb65; f79cbbc
John,2,Jn 2:7-11,10,added; other; provenance_added; removed_marked_historical,2622ee2; 440001d; 6a15663; 6c0cb65; f79cbbc
John,3,Jn 3:1-13,10,added; other; provenance_added; removed_marked_historical,2622ee2; 440001d; 6a15663; 6c0cb65; f79cbbc
John,3,Jn 3:1-21,14,added; bridge_basis_changed; other; provenance_added; removed_marked_historical,2622ee2; 350a0bd; 440001d; 6a15663; 6c0cb65; efbf63c; f79cbbc
John,3,Jn 3:14-21,13,added; bridge_basis_changed; other; provenance_added; removed_marked_historical,2622ee2; 350a0bd; 440001d; 6a15663; 6c0cb65; efbf63c; f79cbbc
John,3,Jn 3:17-21,14,added; bridge_basis_changed; other; provenance_added; removed_marked_historical,2622ee2; 350a0bd; 440001d; 6a15663; 6c0cb65; efbf63c; f79cbbc
John,3,Jn 3:22-29,13,added; bridge_basis_changed; other; provenance_added; removed_marked_historical,2622ee2; 350a0bd; 440001d; 6a15663; 6c0cb65; efbf63c; f79cbbc
John,3,Jn 3:22-36,13,added; bridge_basis_changed; other; provenance_added; removed_marked_historical,2622ee2; 350a0bd; 440001d; 6a15663; 6c0cb65; efbf63c; f79cbbc
John,3,Jn 3:25-30,10,added; other; provenance_added; removed_marked_historical,2622ee2; 440001d; 6a15663; 6c0cb65; f79cbbc
John,3,Jn 3:25-36,13,added; bridge_basis_changed; other; provenance_added; removed_marked_historical,2622ee2; 350a0bd; 440001d; 6a15663; 6c0cb65; efbf63c; f79cbbc
John,3,Jn 3:31-36,10,added; other; provenance_added; removed_marked_historical,2622ee2; 440001d; 6a15663; 6c0cb65; f79cbbc
John,4,Jn 4:1-2,10,added; other; provenance_added; removed_marked_historical,2622ee2; 440001d; 6a15663; 6c0cb65; f79cbbc
John,4,Jn 4:1-24,10,added; other; provenance_added; removed_marked_historical,2622ee2; 440001d; 6a15663; 6c0cb65; f79cbbc
John,4,Jn 4:1-42,10,added; other; provenance_added; removed_marked_historical,2622ee2; 440001d; 6a15663; 6c0cb65; f79cbbc
John,4,Jn 4:15-21,13,added; other; provenance_added; removed_marked_historical,2622ee2; 350a0bd; 440001d; 6a15663; 6c0cb65; efbf63c; f79cbbc
John,4,Jn 4:15-24,14,added; bridge_basis_changed; other; provenance_added; removed_marked_historical,2622ee2; 350a0bd; 440001d; 6a15663; 6c0cb65; efbf63c; f79cbbc
John,4,Jn 4:19-24,13,added; bridge_basis_changed; other; provenance_added; removed_marked_historical,2622ee2; 350a0bd; 440001d; 6a15663; 6c0cb65; efbf63c; f79cbbc
John,4,Jn 4:43-54,13,added; bridge_basis_changed; other; provenance_added; removed_marked_historical,2622ee2; 350a0bd; 440001d; 6a15663; 6c0cb65; efbf63c; f79cbbc
John,4,Jn 4:46-53,14,added; bridge_basis_changed; other; provenance_added; removed_marked_historical,2622ee2; 350a0bd; 440001d; 6a15663; 6c0cb65; efbf63c; f79cbbc
John,5,Jn 5:1-17,10,added; other; provenance_added; removed_marked_historical,2622ee2; 440001d; 6a15663; 6c0cb65; f79cbbc
John,5,Jn 5:1-18,13,added; bridge_basis_changed; other; provenance_added; removed_marked_historical,2622ee2; 350a0bd; 440001d; 6a15663; 6c0cb65; efbf63c; f79cbbc
John,5,Jn 5:19-29,10,added; other; provenance_added; removed_marked_historical,2622ee2; 440001d; 6a15663; 6c0cb65; f79cbbc
John,5,Jn 5:21-30,10,added; other; provenance_added; removed_marked_historical,2622ee2; 440001d; 6a15663; 6c0cb65; f79cbbc
John,5,Jn 5:22-24,10,added; other; provenance_added; removed_marked_historical,2622ee2; 440001d; 6a15663; 6c0cb65; f79cbbc
John,5,Jn 5:31-37,10,added; other; provenance_added; removed_marked_historical,2622ee2; 440001d; 6a15663; 6c0cb65; f79cbbc
John,5,Jn 5:31-46,13,added; bridge_basis_changed; other; provenance_added; removed_marked_historical,2622ee2; 350a0bd; 440001d; 6a15663; 6c0cb65; efbf63c; f79cbbc
John,5,Jn 5:31-47,10,added; other; provenance_added; removed_marked_historical,2622ee2; 440001d; 6a15663; 6c0cb65; f79cbbc
John,5,Jn 5:37-47,10,added; other; provenance_added; removed_marked_historical,2622ee2; 440001d; 6a15663; 6c0cb65; f79cbbc
John,5,Jn 5:39-47,13,added; other; provenance_added; removed_marked_historical,2622ee2; 350a0bd; 440001d; 6a15663; 6c0cb65; efbf63c; f79cbbc
John,6,Jn 6:1-14,10,added; other; provenance_added; removed_marked_historical,2622ee2; 440001d; 6a15663; 6c0cb65; f79cbbc
John,6,Jn 6:15-21,13,added; other; provenance_added; removed_marked_historical,2622ee2; 350a0bd; 440001d; 6a15663; 6c0cb65; efbf63c; f79cbbc
John,6,Jn 6:15-22,10,added; other; provenance_added; removed_marked_historical,2622ee2; 440001d; 6a15663; 6c0cb65; f79cbbc
John,6,Jn 6:15-23,10,added; other; provenance_added; removed_marked_historical,2622ee2; 440001d; 6a15663; 6c0cb65; f79cbbc
John,6,Jn 6:16-23,10,added; other; provenance_added; removed_marked_historical,2622ee2; 440001d; 6a15663; 6c0cb65; f79cbbc
John,6,Jn 6:22-27,13,added; other; provenance_added; removed_marked_historical,2622ee2; 350a0bd; 440001d; 6a15663; 6c0cb65; efbf63c; f79cbbc
John,6,Jn 6:24-33,10,added; other; provenance_added; removed_marked_historical,2622ee2; 440001d; 6a15663; 6c0cb65; f79cbbc
John,6,Jn 6:27-46,13,added; other; provenance_added; removed_marked_historical,2622ee2; 350a0bd; 440001d; 6a15663; 6c0cb65; efbf63c; f79cbbc
John,6,Jn 6:35-45,10,added; other; provenance_added; removed_marked_historical,2622ee2; 440001d; 6a15663; 6c0cb65; f79cbbc
John,6,Jn 6:35-46,13,added; bridge_basis_changed; other; provenance_added; removed_marked_historical,2622ee2; 350a0bd; 440001d; 6a15663; 6c0cb65; efbf63c; f79cbbc
John,6,Jn 6:47-56,10,added; other; provenance_added; removed_marked_historical,2622ee2; 440001d; 6a15663; 6c0cb65; f79cbbc
John,6,Jn 6:47-58,13,added; bridge_basis_changed; other; provenance_added; removed_marked_historical,2622ee2; 350a0bd; 440001d; 6a15663; 6c0cb65; efbf63c; f79cbbc
John,6,Jn 6:47-71,10,added; other; provenance_added; removed_marked_historical,2622ee2; 440001d; 6a15663; 6c0cb65; f79cbbc
John,6,Jn 6:5-14,14,added; bridge_basis_changed; other; provenance_added; removed_marked_historical,2622ee2; 350a0bd; 440001d; 6a15663; 6c0cb65; efbf63c; f79cbbc
John,6,Jn 6:54-58,10,added; other; provenance_added; removed_marked_historical,2622ee2; 440001d; 6a15663; 6c0cb65; f79cbbc
John,6,Jn 6:57-69,10,added; other; provenance_added; removed_marked_historical,2622ee2; 440001d; 6a15663; 6c0cb65; f79cbbc
John,6,Jn 6:70-7,10,added; other; provenance_added; removed_marked_historical,2622ee2; 440001d; 6a15663; 6c0cb65; f79cbbc
John,6,Jn 6:70-7:1,10,added; other; provenance_added; removed_marked_historical,2622ee2; 440001d; 6a15663; 6c0cb65; f79cbbc
John,7,Jn 7:10-13,10,added; other; provenance_added; removed_marked_historical,2622ee2; 440001d; 6a15663; 6c0cb65; f79cbbc
John,7,Jn 7:14-24,10,added; other; provenance_added; removed_marked_historical,2622ee2; 440001d; 6a15663; 6c0cb65; f79cbbc
John,7,Jn 7:14-29,10,added; other; provenance_added; removed_marked_historical,2622ee2; 440001d; 6a15663; 6c0cb65; f79cbbc
John,7,Jn 7:31-36,10,added; other; provenance_added; removed_marked_historical,2622ee2; 440001d; 6a15663; 6c0cb65; f79cbbc
John,7,Jn 7:37-39,10,added; other; provenance_added; removed_marked_historical,2622ee2; 440001d; 6a15663; 6c0cb65; f79cbbc
John,7,Jn 7:37-44,10,added; other; provenance_added; removed_marked_historical,2622ee2; 440001d; 6a15663; 6c0cb65; f79cbbc
John,7,Jn 7:37-46,10,added; other; provenance_added; removed_marked_historical,2622ee2; 440001d; 6a15663; 6c0cb65; f79cbbc
John,7,Jn 7:39-42,10,added; other; provenance_added; removed_marked_historical,2622ee2; 440001d; 6a15663; 6c0cb65; f79cbbc
John,7,Jn 7:40-53,13,added; other; provenance_added; removed_marked_historical,2622ee2; 350a0bd; 440001d; 6a15663; 6c0cb65; efbf63c; f79cbbc
John,8,Jn 8:12-16,10,added; other; provenance_added; removed_marked_historical,2622ee2; 440001d; 6a15663; 6c0cb65; f79cbbc
John,8,Jn 8:12-20,19,added; other; provenance_added; removed_marked_historical,04cc512; 2622ee2; 440001d; 6a15663; 6c0cb65; f79cbbc
John,8,Jn 8:21-27,13,added; other; provenance_added; removed_marked_historical,2622ee2; 350a0bd; 440001d; 6a15663; 6c0cb65; efbf63c; f79cbbc
John,8,Jn 8:21-29,19,added; other; provenance_added; removed_marked_historical,04cc512; 2622ee2; 440001d; 6a15663; 6c0cb65; f79cbbc
John,8,Jn 8:21-30,10,added; other; provenance_added; removed_marked_historical,2622ee2; 440001d; 6a15663; 6c0cb65; f79cbbc
John,8,Jn 8:23-26,10,added; other; provenance_added; removed_marked_historical,2622ee2; 440001d; 6a15663; 6c0cb65; f79cbbc
John,8,Jn 8:28-30,10,added; other; provenance_added; removed_marked_historical,2622ee2; 440001d; 6a15663; 6c0cb65; f79cbbc
John,8,Jn 8:28-42,14,added; bridge_basis_changed; other; provenance_added; removed_marked_historical,2622ee2; 350a0bd; 440001d; 6a15663; 6c0cb65; efbf63c; f79cbbc
John,8,Jn 8:31-39,10,added; other; provenance_added; removed_marked_historical,2622ee2; 440001d; 6a15663; 6c0cb65; f79cbbc
John,8,Jn 8:39-42,10,added; other; provenance_added; removed_marked_historical,2622ee2; 440001d; 6a15663; 6c0cb65; f79cbbc
John,8,Jn 8:51-55,10,added; other; provenance_added; removed_marked_historical,2622ee2; 440001d; 6a15663; 6c0cb65; f79cbbc
John,8,Jn 8:51-59,22,added; other; provenance_added; removed_marked_historical,04cc512; 2622ee2; 350a0bd; 440001d; 6a15663; 6c0cb65; efbf63c; f79cbbc
John,8,Jn 8:54-59,10,added; other; provenance_added; removed_marked_historical,2622ee2; 440001d; 6a15663; 6c0cb65; f79cbbc
John,9,Jn 9:1-38,13,added; bridge_basis_changed; other; provenance_added; removed_marked_historical,2622ee2; 350a0bd; 440001d; 6a15663; 6c0cb65; efbf63c; f79cbbc
John,9,Jn 9:1-41,10,added; other; provenance_added; removed_marked_historical,2622ee2; 440001d; 6a15663; 6c0cb65; f79cbbc
John,10,Jn 10:1-16,14,added; bridge_basis_changed; other; provenance_added; removed_marked_historical,2622ee2; 350a0bd; 440001d; 6a15663; 6c0cb65; efbf63c; f79cbbc
John,10,Jn 10:17-21,19,added; other; provenance_added; removed_marked_historical,04cc512; 2622ee2; 440001d; 6a15663; 6c0cb65; f79cbbc
John,10,Jn 10:22-38,14,added; bridge_basis_changed; other; provenance_added; removed_marked_historical,2622ee2; 350a0bd; 440001d; 6a15663; 6c0cb65; efbf63c; f79cbbc
John,10,Jn 10:29-38,19,added; other; provenance_added; removed_marked_historical,04cc512; 2622ee2; 440001d; 6a15663; 6c0cb65; f79cbbc
John,10,Jn 10:34-38,10,added; other; provenance_added; removed_marked_historical,2622ee2; 440001d; 6a15663; 6c0cb65; f79cbbc
John,11,Jn 11:1-45,13,added; other; provenance_added; removed_marked_historical,2622ee2; 350a0bd; 440001d; 6a15663; 6c0cb65; efbf63c; f79cbbc
John,11,Jn 11:12-24,19,added; other; provenance_added; removed_marked_historical,04cc512; 2622ee2; 440001d; 6a15663; 6c0cb65; f79cbbc
John,11,Jn 11:38-45,10,added; other; provenance_added; removed_marked_historical,2622ee2; 440001d; 6a15663; 6c0cb65; f79cbbc
John,11,Jn 11:46-57,16,added; other; provenance_added; removed_marked_historical,04cc512; 2622ee2; 440001d; 6a15663; 6c0cb65; f79cbbc
John,11,Jn 11:55-57,19,added; other; provenance_added; removed_marked_historical,04cc512; 2622ee2; 440001d; 6a15663; 6c0cb65; f79cbbc
John,12,Jn 12:1-11,19,added; other; provenance_added; removed_marked_historical,04cc512; 2622ee2; 440001d; 6a15663; 6c0cb65; f79cbbc
John,12,Jn 12:1-8,16,added; other; provenance_added; removed_marked_historical,04cc512; 2622ee2; 440001d; 6a15663; 6c0cb65; f79cbbc
John,12,Jn 12:12-19,19,added; other; provenance_added; removed_marked_historical,04cc512; 2622ee2; 440001d; 6a15663; 6c0cb65; f79cbbc
John,12,Jn 12:20-26,14,added; bridge_basis_changed; other; provenance_added; removed_marked_historical,2622ee2; 350a0bd; 440001d; 6a15663; 6c0cb65; efbf63c; f79cbbc
John,12,Jn 12:20-36,19,added; other; provenance_added; removed_marked_historical,04cc512; 2622ee2; 440001d; 6a15663; 6c0cb65; f79cbbc
John,12,Jn 12:26-36,14,added; bridge_basis_changed; other; provenance_added; removed_marked_historical,2622ee2; 350a0bd; 440001d; 6a15663; 6c0cb65; efbf63c; f79cbbc
John,12,Jn 12:27-36,16,added; other; provenance_added; removed_marked_historical,04cc512; 2622ee2; 440001d; 6a15663; 6c0cb65; f79cbbc
John,12,Jn 12:35-50,10,added; other; provenance_added; removed_marked_historical,2622ee2; 440001d; 6a15663; 6c0cb65; f79cbbc
John,12,Jn 12:36-43,19,added; other; provenance_added; removed_marked_historical,04cc512; 2622ee2; 440001d; 6a15663; 6c0cb65; f79cbbc
John,12,Jn 12:44-48,10,added; other; provenance_added; removed_marked_historical,2622ee2; 440001d; 6a15663; 6c0cb65; f79cbbc
John,12,Jn 12:44-50,22,added; other; provenance_added; removed_marked_historical,04cc512; 2622ee2; 350a0bd; 440001d; 6a15663; 6c0cb65; efbf63c; f79cbbc
John,13,Jn 13:1-17,19,added; other; provenance_added; removed_marked_historical,04cc512; 2622ee2; 440001d; 6a15663; 6c0cb65; f79cbbc
John,13,Jn 13:16-20,10,added; other; provenance_added; removed_marked_historical,2622ee2; 440001d; 6a15663; 6c0cb65; f79cbbc
John,13,Jn 13:21-30,19,added; other; provenance_added; removed_marked_historical,04cc512; 2622ee2; 440001d; 6a15663; 6c0cb65; f79cbbc
John,13,Jn 13:33-14:25,19,added; other; provenance_added; removed_marked_historical,04cc512; 2622ee2; 440001d; 6a15663; 6c0cb65; f79cbbc
John,14,Jn 14:1-11,10,added; other; provenance_added; removed_marked_historical,2622ee2; 440001d; 6a15663; 6c0cb65; f79cbbc
John,14,Jn 14:1-19,10,added; other; provenance_added; removed_marked_historical,2622ee2; 440001d; 6a15663; 6c0cb65; f79cbbc
John,14,Jn 14:21-25,10,added; other; provenance_added; removed_marked_historical,2622ee2; 440001d; 6a15663; 6c0cb65; f79cbbc
John,14,Jn 14:26-15,10,added; other; provenance_added; removed_marked_historical,2622ee2; 440001d; 6a15663; 6c0cb65; f79cbbc
John,14,Jn 14:26-15:25,19,added; other; provenance_added; removed_marked_historical,04cc512; 2622ee2; 440001d; 6a15663; 6c0cb65; f79cbbc
John,14,Jn 14:26-15:4,10,added; other; provenance_added; removed_marked_historical,2622ee2; 440001d; 6a15663; 6c0cb65; f79cbbc
John,14,Jn 14:26-31,10,added; other; provenance_added; removed_marked_historical,2622ee2; 440001d; 6a15663; 6c0cb65; f79cbbc
John,14,Jn 14:8-14,10,added; other; provenance_added; removed_marked_historical,2622ee2; 440001d; 6a15663; 6c0cb65; f79cbbc
John,15,Jn 15:1-8,10,added; other; provenance_added; removed_marked_historical,2622ee2; 440001d; 6a15663; 6c0cb65; f79cbbc
John,15,Jn 15:12-16,10,added; other; provenance_added; removed_marked_historical,2622ee2; 440001d; 6a15663; 6c0cb65; f79cbbc
John,15,Jn 15:17-25,14,added; bridge_basis_changed; other; provenance_added; removed_marked_historical,2622ee2; 350a0bd; 440001d; 6a15663; 6c0cb65; efbf63c; f79cbbc
John,15,Jn 15:26-16,10,added; other; provenance_added; removed_marked_historical,2622ee2; 440001d; 6a15663; 6c0cb65; f79cbbc
John,15,Jn 15:26-16:15,10,added; other; provenance_added; removed_marked_historical,2622ee2; 440001d; 6a15663; 6c0cb65; f79cbbc
John,15,Jn 15:26-16:33,19,added; other; provenance_added; removed_marked_historical,04cc512; 2622ee2; 440001d; 6a15663; 6c0cb65; f79cbbc
John,15,Jn 15:4-8,10,added; other; provenance_added; removed_marked_historical,2622ee2; 440001d; 6a15663; 6c0cb65; f79cbbc
John,15,Jn 15:7-16,14,added; bridge_basis_changed; other; provenance_added; removed_marked_historical,2622ee2; 350a0bd; 440001d; 6a15663; 6c0cb65; efbf63c; f79cbbc
John,15,Jn 15:9-15,10,added; other; provenance_added; removed_marked_historical,2622ee2; 440001d; 6a15663; 6c0cb65; f79cbbc
John,16,Jn 16:15-23,10,added; other; provenance_added; removed_marked_historical,2622ee2; 440001d; 6a15663; 6c0cb65; f79cbbc
John,16,Jn 16:20-23,10,added; other; provenance_added; removed_marked_historical,2622ee2; 440001d; 6a15663; 6c0cb65; f79cbbc
John,16,Jn 16:20-33,14,added; bridge_basis_changed; other; provenance_added; removed_marked_historical,2622ee2; 350a0bd; 440001d; 6a15663; 6c0cb65; efbf63c; f79cbbc
John,16,Jn 16:23-33,10,added; other; provenance_added; removed_marked_historical,2622ee2; 440001d; 6a15663; 6c0cb65; f79cbbc
John,17,Jn 17:1-13,10,added; other; provenance_added; removed_marked_historical,2622ee2; 440001d; 6a15663; 6c0cb65; f79cbbc
John,17,Jn 17:1-26,19,added; other; provenance_added; removed_marked_historical,04cc512; 2622ee2; 440001d; 6a15663; 6c0cb65; f79cbbc
John,17,Jn 17:1-8,10,added; other; provenance_added; removed_marked_historical,2622ee2; 440001d; 6a15663; 6c0cb65; f79cbbc
John,17,Jn 17:1-9,10,added; other; provenance_added; removed_marked_historical,2622ee2; 440001d; 6a15663; 6c0cb65; f79cbbc
John,17,Jn 17:14-26,10,added; other; provenance_added; removed_marked_historical,2622ee2; 440001d; 6a15663; 6c0cb65; f79cbbc
John,17,Jn 17:18-21,10,added; other; provenance_added; removed_marked_historical,2622ee2; 440001d; 6a15663; 6c0cb65; f79cbbc
John,17,Jn 17:22-26,10,added; other; provenance_added; removed_marked_historical,2622ee2; 440001d; 6a15663; 6c0cb65; f79cbbc
John,18,"Jn 18:1,18:2",19,added; other; provenance_added; removed_marked_historical,04cc512; 2622ee2; 440001d; 6a15663; 6c0cb65; f79cbbc
John,18,Jn 18:1-2,19,added; other; provenance_added; removed_marked_historical,04cc512; 2622ee2; 440001d; 6a15663; 6c0cb65; f79cbbc
John,18,Jn 18:10-14,19,added; other; provenance_added; removed_marked_historical,04cc512; 2622ee2; 440001d; 6a15663; 6c0cb65; f79cbbc
John,18,Jn 18:15-27,19,added; other; provenance_added; removed_marked_historical,04cc512; 2622ee2; 440001d; 6a15663; 6c0cb65; f79cbbc
John,18,Jn 18:28-40,19,added; other; provenance_added; removed_marked_historical,04cc512; 2622ee2; 440001d; 6a15663; 6c0cb65; f79cbbc
John,18,Jn 18:3-9,19,added; other; provenance_added; removed_marked_historical,04cc512; 2622ee2; 440001d; 6a15663; 6c0cb65; f79cbbc
John,19,Jn 19:1-12,19,added; other; provenance_added; removed_marked_historical,04cc512; 2622ee2; 440001d; 6a15663; 6c0cb65; f79cbbc
John,19,Jn 19:13-27,19,added; other; provenance_added; removed_marked_historical,04cc512; 2622ee2; 440001d; 6a15663; 6c0cb65; f79cbbc
John,19,Jn 19:28-30,19,added; other; provenance_added; removed_marked_historical,04cc512; 2622ee2; 440001d; 6a15663; 6c0cb65; f79cbbc
John,19,Jn 19:31-37,19,added; other; provenance_added; removed_marked_historical,04cc512; 2622ee2; 440001d; 6a15663; 6c0cb65; f79cbbc
John,19,Jn 19:38-42,19,added; other; provenance_added; removed_marked_historical,04cc512; 2622ee2; 440001d; 6a15663; 6c0cb65; f79cbbc
John,20,Jn 20:1-18,13,added; other; provenance_added; removed_marked_historical,2622ee2; 350a0bd; 440001d; 6a15663; 6c0cb65; efbf63c; f79cbbc
John,20,Jn 20:19-23,10,added; other; provenance_added; removed_marked_historical,2622ee2; 440001d; 6a15663; 6c0cb65; f79cbbc
John,20,Jn 20:19-31,10,added; other; provenance_added; removed_marked_historical,2622ee2; 440001d; 6a15663; 6c0cb65; f79cbbc
John,20,Jn 20:24-31,13,added; bridge_basis_changed; other; provenance_added; removed_marked_historical,2622ee2; 350a0bd; 440001d; 6a15663; 6c0cb65; efbf63c; f79cbbc
John,21,Jn 21:1-14,10,added; other; provenance_added; removed_marked_historical,2622ee2; 440001d; 6a15663; 6c0cb65; f79cbbc
John,21,Jn 21:15-25,14,added; bridge_basis_changed; other; provenance_added; removed_marked_historical,2622ee2; 350a0bd; 440001d; 6a15663; 6c0cb65; efbf63c; f79cbbc
John,21,Jn 21:34-38,19,added; other; provenance_added; removed_marked_historical,04cc512; 2622ee2; 440001d; 6a15663; 6c0cb65; f79cbbc
Acts,1,Acts 1:1-14,14,added; bridge_basis_changed; other; provenance_added; removed_marked_historical,2622ee2; 350a0bd; 440001d; 6a15663; 6c0cb65; efbf63c; f79cbbc
Acts,1,Acts 1:15-20,19,added; other; provenance_added; removed_marked_historical,04cc512; 2622ee2; 440001d; 6a15663; 6c0cb65; f79cbbc
Acts,1,Acts 1:15-26,10,added; other; provenance_added; removed_marked_historical,2622ee2; 440001d; 6a15663; 6c0cb65; f79cbbc
Acts,2,Acts 2:1-21,10,added; other; provenance_added; removed_marked_historical,2622ee2; 440001d; 6a15663; 6c0cb65; f79cbbc
Acts,2,Acts 2:14-21,13,added; bridge_basis_changed; other; provenance_added; removed_marked_historical,2622ee2; 350a0bd; 440001d; 6a15663; 6c0cb65; efbf63c; f79cbbc
Acts,2,Acts 2:22-35,10,added; other; provenance_added; removed_marked_historical,2622ee2; 440001d; 6a15663; 6c0cb65; f79cbbc
Acts,2,Acts 2:22-36,13,added; other; provenance_added; removed_marked_historical,2622ee2; 350a0bd; 440001d; 6a15663; 6c0cb65; efbf63c; f79cbbc
Acts,2,Acts 2:22-47,10,added; other; provenance_added; removed_marked_historical,2622ee2; 440001d; 6a15663; 6c0cb65; f79cbbc
Acts,2,Acts 2:38-45,13,added; bridge_basis_changed; other; provenance_added; removed_marked_historical,2622ee2; 350a0bd; 440001d; 6a15663; 6c0cb65; efbf63c; f79cbbc
Acts,2,Acts 2:42-3,10,added; other; provenance_added; removed_marked_historical,2622ee2; 440001d; 6a15663; 6c0cb65; f79cbbc
Acts,2,Acts 2:42-3:9,10,added; other; provenance_added; removed_marked_historical,2622ee2; 440001d; 6a15663; 6c0cb65; f79cbbc
Acts,3,Acts 3:1-10,10,added; other; provenance_added; removed_marked_historical,2622ee2; 440001d; 6a15663; 6c0cb65; f79cbbc
Acts,3,Acts 3:1-16,14,added; bridge_basis_changed; other; provenance_added; removed_marked_historical,2622ee2; 350a0bd; 440001d; 6a15663; 6c0cb65; efbf63c; f79cbbc
Acts,3,Acts 3:1-20,10,added; other; provenance_added; removed_marked_historical,2622ee2; 440001d; 6a15663; 6c0cb65; f79cbbc
Acts,3,Acts 3:12-21,22,added; bridge_basis_changed; other; provenance_added; removed_marked_historical,04cc512; 2622ee2; 350a0bd; 440001d; 6a15663; 6c0cb65; efbf63c; f79cbbc
Acts,3,Acts 3:22-26,10,added; other; provenance_added; removed_marked_historical,2622ee2; 440001d; 6a15663; 6c0cb65; f79cbbc
Acts,4,Acts 4:1-13,10,added; other; provenance_added; removed_marked_historical,2622ee2; 440001d; 6a15663; 6c0cb65; f79cbbc
Acts,4,Acts 4:1-4,10,added; other; provenance_added; removed_marked_historical,2622ee2; 440001d; 6a15663; 6c0cb65; f79cbbc
Acts,4,Acts 4:13-18,10,added; other; provenance_added; removed_marked_historical,2622ee2; 440001d; 6a15663; 6c0cb65; f79cbbc
Acts,4,Acts 4:13-22,10,added; other; provenance_added; removed_marked_historical,2622ee2; 440001d; 6a15663; 6c0cb65; f79cbbc
Acts,4,Acts 4:19-21,10,added; other; provenance_added; removed_marked_historical,2622ee2; 440001d; 6a15663; 6c0cb65; f79cbbc
Acts,4,Acts 4:19-31,10,added; other; provenance_added; removed_marked_historical,2622ee2; 440001d; 6a15663; 6c0cb65; f79cbbc
Acts,4,Acts 4:23-27,10,added; other; provenance_added; removed_marked_historical,2622ee2; 440001d; 6a15663; 6c0cb65; f79cbbc
Acts,4,Acts 4:27-31,10,added; other; provenance_added; removed_marked_historical,2622ee2; 440001d; 6a15663; 6c0cb65; f79cbbc
Acts,4,Acts 4:32-35,10,added; other; provenance_added; removed_marked_historical,2622ee2; 440001d; 6a15663; 6c0cb65; f79cbbc
Acts,4,Acts 4:36-5,10,added; other; provenance_added; removed_marked_historical,2622ee2; 440001d; 6a15663; 6c0cb65; f79cbbc
Acts,4,Acts 4:36-5:11,10,added; other; provenance_added; removed_marked_historical,2622ee2; 440001d; 6a15663; 6c0cb65; f79cbbc
Acts,4,Acts 4:5-7,10,added; other; provenance_added; removed_marked_historical,2622ee2; 440001d; 6a15663; 6c0cb65; f79cbbc
Acts,4,Acts 4:8-12,10,added; other; provenance_added; removed_marked_historical,2622ee2; 440001d; 6a15663; 6c0cb65; f79cbbc
Acts,4,Acts 4:8-18,13,added; bridge_basis_changed; other; provenance_added; removed_marked_historical,2622ee2; 350a0bd; 440001d; 6a15663; 6c0cb65; efbf63c; f79cbbc
Acts,5,Acts 5:1-6,10,added; other; provenance_added; removed_marked_historical,2622ee2; 440001d; 6a15663; 6c0cb65; f79cbbc
Acts,5,Acts 5:12-18,14,added; bridge_basis_changed; other; provenance_added; removed_marked_historical,2622ee2; 350a0bd; 440001d; 6a15663; 6c0cb65; efbf63c; f79cbbc
Acts,5,Acts 5:12-20,10,added; other; provenance_added; removed_marked_historical,2622ee2; 440001d; 6a15663; 6c0cb65; f79cbbc
Acts,5,Acts 5:12-21,13,added; other; provenance_added; removed_marked_historical,2622ee2; 350a0bd; 440001d; 6a15663; 6c0cb65; efbf63c; f79cbbc
Acts,5,Acts 5:19-23,13,added; other; provenance_added; removed_marked_historical,2622ee2; 350a0bd; 440001d; 6a15663; 6c0cb65; efbf63c; f79cbbc
Acts,5,Acts 5:19-29,13,added; other; provenance_added; removed_marked_historical,2622ee2; 350a0bd; 440001d; 6a15663; 6c0cb65; efbf63c; f79cbbc
Acts,5,Acts 5:21-25,10,added; other; provenance_added; removed_marked_historical,2622ee2; 440001d; 6a15663; 6c0cb65; f79cbbc
Acts,5,Acts 5:27-29,10,added; other; provenance_added; removed_marked_historical,2622ee2; 440001d; 6a15663; 6c0cb65; f79cbbc
Acts,5,Acts 5:3-11,10,added; other; provenance_added; removed_marked_historical,2622ee2; 440001d; 6a15663; 6c0cb65; f79cbbc
Acts,5,Acts 5:30-33,10,added; other; provenance_added; removed_marked_historical,2622ee2; 440001d; 6a15663; 6c0cb65; f79cbbc
Acts,5,Acts 5:30-42,13,added; other; provenance_added; removed_marked_historical,2622ee2; 350a0bd; 440001d; 6a15663; 6c0cb65; efbf63c; f79cbbc
Acts,5,Acts 5:34-36,10,added; other; provenance_added; removed_marked_historical,2622ee2; 440001d; 6a15663; 6c0cb65; f79cbbc
Acts,5,Acts 5:34-42,13,added; other; provenance_added; removed_marked_historical,2622ee2; 350a0bd; 440001d; 6a15663; 6c0cb65; efbf63c; f79cbbc
Acts,5,Acts 5:5-11,10,added; other; provenance_added; removed_marked_historical,2622ee2; 440001d; 6a15663; 6c0cb65; f79cbbc
Acts,6,Acts 6:1-15,14,added; bridge_basis_changed; other; provenance_added; removed_marked_historical,2622ee2; 350a0bd; 440001d; 6a15663; 6c0cb65; efbf63c; f79cbbc
Acts,6,Acts 6:1-7:2,10,added; other; provenance_added; removed_marked_historical,2622ee2; 440001d; 6a15663; 6c0cb65; f79cbbc
Acts,7,Acts 7:1-2,14,added; bridge_basis_changed; other; provenance_added; removed_marked_historical,2622ee2; 350a0bd; 440001d; 6a15663; 6c0cb65; efbf63c; f79cbbc
Acts,7,Acts 7:2-7,14,added; bridge_basis_changed; other; provenance_added; removed_marked_historical,2622ee2; 350a0bd; 440001d; 6a15663; 6c0cb65; efbf63c; f79cbbc
Acts,7,Acts 7:20-34,14,added; bridge_basis_changed; other; provenance_added; removed_marked_historical,2622ee2; 350a0bd; 440001d; 6a15663; 6c0cb65; efbf63c; f79cbbc
Acts,7,Acts 7:23-34,13,added; bridge_basis_changed; other; provenance_added; removed_marked_historical,2622ee2; 350a0bd; 440001d; 6a15663; 6c0cb65; efbf63c; f79cbbc
Acts,7,Acts 7:30-34,13,added; other; provenance_added; removed_marked_historical,2622ee2; 350a0bd; 440001d; 6a15663; 6c0cb65; efbf63c; f79cbbc
Acts,7,Acts 7:30-37,13,added; other; provenance_added; removed_marked_historical,2622ee2; 350a0bd; 440001d; 6a15663; 6c0cb65; efbf63c; f79cbbc
Acts,7,Acts 7:35-50,13,added; other; provenance_added; removed_marked_historical,2622ee2; 350a0bd; 440001d; 6a15663; 6c0cb65; efbf63c; f79cbbc
Acts,7,Acts 7:37-41,10,added; other; provenance_added; removed_marked_historical,2622ee2; 440001d; 6a15663; 6c0cb65; f79cbbc
Acts,7,Acts 7:40-43,10,added; other; provenance_added; removed_marked_historical,2622ee2; 440001d; 6a15663; 6c0cb65; f79cbbc
Acts,7,Acts 7:44-50,10,added; other; provenance_added; removed_marked_historical,2622ee2; 440001d; 6a15663; 6c0cb65; f79cbbc
Acts,7,Acts 7:44-60,14,added; bridge_basis_changed; other; provenance_added; removed_marked_historical,2622ee2; 350a0bd; 440001d; 6a15663; 6c0cb65; efbf63c; f79cbbc
Acts,7,Acts 7:44-8:1,10,added; other; provenance_added; removed_marked_historical,2622ee2; 440001d; 6a15663; 6c0cb65; f79cbbc
Acts,7,Acts 7:51-54,10,added; other; provenance_added; removed_marked_historical,2622ee2; 440001d; 6a15663; 6c0cb65; f79cbbc
Acts,7,Acts 7:8-22,14,added; bridge_basis_changed; other; provenance_added; removed_marked_historical,2622ee2; 350a0bd; 440001d; 6a15663; 6c0cb65; efbf63c; f79cbbc
Acts,8,Acts 8:1,14,added; bridge_basis_changed; other; provenance_added; removed_marked_historical,2622ee2; 350a0bd; 440001d; 6a15663; 6c0cb65; efbf63c; f79cbbc
Acts,8,Acts 8:1-4,10,added; other; provenance_added; removed_marked_historical,2622ee2; 440001d; 6a15663; 6c0cb65; f79cbbc
Acts,8,Acts 8:26-39,14,added; bridge_basis_changed; other; provenance_added; removed_marked_historical,2622ee2; 350a0bd; 440001d; 6a15663; 6c0cb65; efbf63c; f79cbbc
Acts,8,Acts 8:3-13,14,added; bridge_basis_changed; other; provenance_added; removed_marked_historical,2622ee2; 350a0bd; 440001d; 6a15663; 6c0cb65; efbf63c; f79cbbc
Acts,8,Acts 8:5-13,13,added; other; provenance_added; removed_marked_historical,2622ee2; 350a0bd; 440001d; 6a15663; 6c0cb65; efbf63c; f79cbbc
Acts,8,Acts 8:9-17,10,added; other; provenance_added; removed_marked_historical,2622ee2; 440001d; 6a15663; 6c0cb65; f79cbbc
Acts,9,Acts 9:1-20,10,added; other; provenance_added; removed_marked_historical,2622ee2; 440001d; 6a15663; 6c0cb65; f79cbbc
Acts,9,Acts 9:22-30,13,added; bridge_basis_changed; other; provenance_added; removed_marked_historical,2622ee2; 350a0bd; 440001d; 6a15663; 6c0cb65; efbf63c; f79cbbc
Acts,9,Acts 9:22-31,13,added; other; provenance_added; removed_marked_historical,2622ee2; 350a0bd; 440001d; 6a15663; 6c0cb65; efbf63c; f79cbbc
Acts,9,Acts 9:23-31,10,added; other; provenance_added; removed_marked_historical,2622ee2; 440001d; 6a15663; 6c0cb65; f79cbbc
Acts,9,Acts 9:3-9,13,added; other; provenance_added; removed_marked_historical,2622ee2; 350a0bd; 440001d; 6a15663; 6c0cb65; efbf63c; f79cbbc
Acts,9,Acts 9:31-35,10,added; other; provenance_added; removed_marked_historical,2622ee2; 440001d; 6a15663; 6c0cb65; f79cbbc
Acts,9,Acts 9:31-43,14,added; bridge_basis_changed; other; provenance_added; removed_marked_historical,2622ee2; 350a0bd; 440001d; 6a15663; 6c0cb65; efbf63c; f79cbbc
Acts,9,Acts 9:36-42,13,added; other; provenance_added; removed_marked_historical,2622ee2; 350a0bd; 440001d; 6a15663; 6c0cb65; efbf63c; f79cbbc
Acts,9,Acts 9:36-43,10,added; other; provenance_added; removed_marked_historical,2622ee2; 440001d; 6a15663; 6c0cb65; f79cbbc
Acts,10,Acts 10:1-20,14,added; bridge_basis_changed; other; provenance_added; removed_marked_historical,2622ee2; 350a0bd; 440001d; 6a15663; 6c0cb65; efbf63c; f79cbbc
Acts,10,Acts 10:21-33,14,added; bridge_basis_changed; other; provenance_added; removed_marked_historical,2622ee2; 350a0bd; 440001d; 6a15663; 6c0cb65; efbf63c; f79cbbc
Acts,10,Acts 10:25-35,10,added; other; provenance_added; removed_marked_historical,2622ee2; 440001d; 6a15663; 6c0cb65; f79cbbc
Acts,10,Acts 10:34-43,14,added; bridge_basis_changed; other; provenance_added; removed_marked_historical,2622ee2; 350a0bd; 440001d; 6a15663; 6c0cb65; efbf63c; f79cbbc
Acts,10,Acts 10:37-43,10,added; other; provenance_added; removed_marked_historical,2622ee2; 440001d; 6a15663; 6c0cb65; f79cbbc
Acts,10,Acts 10:37-48,13,added; other; provenance_added; removed_marked_historical,2622ee2; 350a0bd; 440001d; 6a15663; 6c0cb65; efbf63c; f79cbbc
Acts,10,Acts 10:9-20,10,added; other; provenance_added; removed_marked_historical,2622ee2; 440001d; 6a15663; 6c0cb65; f79cbbc
Acts,11,Acts 11:1,13,added; other; provenance_added; removed_marked_historical,2622ee2; 350a0bd; 440001d; 6a15663; 6c0cb65; efbf63c; f79cbbc
Acts,11,Acts 11:12-18,13,added; bridge_basis_changed; other; provenance_added; removed_marked_historical,2622ee2; 350a0bd; 440001d; 6a15663; 6c0cb65; efbf63c; f79cbbc
Acts,11,Acts 11:15-24,14,added; bridge_basis_changed; other; provenance_added; removed_marked_historical,2622ee2; 350a0bd; 440001d; 6a15663; 6c0cb65; efbf63c; f79cbbc
Acts,11,Acts 11:19-26,14,added; bridge_basis_changed; other; provenance_added; removed_marked_historical,2622ee2; 350a0bd; 440001d; 6a15663; 6c0cb65; efbf63c; f79cbbc
Acts,11,Acts 11:19-30,13,added; other; provenance_added; removed_marked_historical,2622ee2; 350a0bd; 440001d; 6a15663; 6c0cb65; efbf63c; f79cbbc
Acts,11,Acts 11:2-14,13,added; bridge_basis_changed; other; provenance_added; removed_marked_historical,2622ee2; 350a0bd; 440001d; 6a15663; 6c0cb65; efbf63c; f79cbbc
Acts,11,Acts 11:2-18,14,added; bridge_basis_changed; other; provenance_added; removed_marked_historical,2622ee2; 350a0bd; 440001d; 6a15663; 6c0cb65; efbf63c; f79cbbc
Acts,11,Acts 11:26-12,10,added; other; provenance_added; removed_marked_historical,2622ee2; 440001d; 6a15663; 6c0cb65; f79cbbc
Acts,11,Acts 11:26-12:2,10,added; other; provenance_added; removed_marked_historical,2622ee2; 440001d; 6a15663; 6c0cb65; f79cbbc
Acts,12,Acts 12:1-12,13,added; bridge_basis_changed; other; provenance_added; removed_marked_historical,2622ee2; 350a0bd; 440001d; 6a15663; 6c0cb65; efbf63c; f79cbbc
Acts,12,Acts 12:1-24,14,added; bridge_basis_changed; other; provenance_added; removed_marked_historical,2622ee2; 350a0bd; 440001d; 6a15663; 6c0cb65; efbf63c; f79cbbc
Acts,12,Acts 12:12-23,10,added; other; provenance_added; removed_marked_historical,2622ee2; 440001d; 6a15663; 6c0cb65; f79cbbc
Acts,12,Acts 12:25,14,added; bridge_basis_changed; other; provenance_added; removed_marked_historical,2622ee2; 350a0bd; 440001d; 6a15663; 6c0cb65; efbf63c; f79cbbc
Acts,12,Acts 12:25-13:12,10,added; other; provenance_added; removed_marked_historical,2622ee2; 440001d; 6a15663; 6c0cb65; f79cbbc
Acts,13,Acts 13:1-12,14,added; bridge_basis_changed; other; provenance_added; removed_marked_historical,2622ee2; 350a0bd; 440001d; 6a15663; 6c0cb65; efbf63c; f79cbbc
Acts,13,Acts 13:13-25,13,added; bridge_basis_changed; other; provenance_added; removed_marked_historical,2622ee2; 350a0bd; 440001d; 6a15663; 6c0cb65; efbf63c; f79cbbc
Acts,13,Acts 13:13-49,10,added; other; provenance_added; removed_marked_historical,2622ee2; 440001d; 6a15663; 6c0cb65; f79cbbc
Acts,13,Acts 13:25-32,10,added; other; provenance_added; removed_marked_historical,2622ee2; 440001d; 6a15663; 6c0cb65; f79cbbc
Acts,13,Acts 13:25-33,13,added; bridge_basis_changed; other; provenance_added; removed_marked_historical,2622ee2; 350a0bd; 440001d; 6a15663; 6c0cb65; efbf63c; f79cbbc
Acts,13,Acts 13:26-33,13,added; bridge_basis_changed; other; provenance_added; removed_marked_historical,2622ee2; 350a0bd; 440001d; 6a15663; 6c0cb65; efbf63c; f79cbbc
Acts,13,Acts 13:34-42,10,added; other; provenance_added; removed_marked_historical,2622ee2; 440001d; 6a15663; 6c0cb65; f79cbbc
Acts,13,Acts 13:36-43,14,added; bridge_basis_changed; other; provenance_added; removed_marked_historical,2622ee2; 350a0bd; 440001d; 6a15663; 6c0cb65; efbf63c; f79cbbc
Acts,13,Acts 13:44-52,13,added; other; provenance_added; removed_marked_historical,2622ee2; 350a0bd; 440001d; 6a15663; 6c0cb65; efbf63c; f79cbbc
Acts,14,Acts 14:1-8,13,added; bridge_basis_changed; other; provenance_added; removed_marked_historical,2622ee2; 350a0bd; 440001d; 6a15663; 6c0cb65; efbf63c; f79cbbc
Acts,14,Acts 14:1-9,14,added; bridge_basis_changed; other; provenance_added; removed_marked_historical,2622ee2; 350a0bd; 440001d; 6a15663; 6c0cb65; efbf63c; f79cbbc
Acts,14,Acts 14:19-23,10,added; other; provenance_added; removed_marked_historical,2622ee2; 440001d; 6a15663; 6c0cb65; f79cbbc
Acts,14,Acts 14:19-28,10,added; other; provenance_added; removed_marked_historical,2622ee2; 440001d; 6a15663; 6c0cb65; f79cbbc
Acts,14,Acts 14:20-23,10,added; other; provenance_added; removed_marked_historical,2622ee2; 440001d; 6a15663; 6c0cb65; f79cbbc
Acts,14,Acts 14:24-15:3,10,added; other; provenance_added; removed_marked_historical,2622ee2; 440001d; 6a15663; 6c0cb65; f79cbbc
Acts,14,Acts 14:24-28,14,added; bridge_basis_changed; other; provenance_added; removed_marked_historical,2622ee2; 350a0bd; 440001d; 6a15663; 6c0cb65; efbf63c; f79cbbc
Acts,14,Acts 14:8-22,13,added; bridge_basis_changed; other; provenance_added; removed_marked_historical,2622ee2; 350a0bd; 440001d; 6a15663; 6c0cb65; efbf63c; f79cbbc
Acts,14,Acts 14:8-23,10,added; other; provenance_added; removed_marked_historical,2622ee2; 440001d; 6a15663; 6c0cb65; f79cbbc
Acts,15,Acts 15:1-18,10,added; other; provenance_added; removed_marked_historical,2622ee2; 440001d; 6a15663; 6c0cb65; f79cbbc
Acts,15,Acts 15:1-3,14,added; bridge_basis_changed; other; provenance_added; removed_marked_historical,2622ee2; 350a0bd; 440001d; 6a15663; 6c0cb65; efbf63c; f79cbbc
Acts,15,Acts 15:1-36,13,added; other; provenance_added; removed_marked_historical,2622ee2; 350a0bd; 440001d; 6a15663; 6c0cb65; efbf63c; f79cbbc
Acts,15,Acts 15:12-20,10,added; other; provenance_added; removed_marked_historical,2622ee2; 440001d; 6a15663; 6c0cb65; f79cbbc
Acts,15,Acts 15:12-21,14,added; bridge_basis_changed; other; provenance_added; removed_marked_historical,2622ee2; 350a0bd; 440001d; 6a15663; 6c0cb65; efbf63c; f79cbbc
Acts,15,Acts 15:13-18,10,added; other; provenance_added; removed_marked_historical,2622ee2; 440001d; 6a15663; 6c0cb65; f79cbbc
Acts,15,Acts 15:13-21,14,added; bridge_basis_changed; other; provenance_added; removed_marked_historical,2622ee2; 350a0bd; 440001d; 6a15663; 6c0cb65; efbf63c; f79cbbc
Acts,15,Acts 15:13-29,13,added; other; provenance_added; removed_marked_historical,2622ee2; 350a0bd; 440001d; 6a15663; 6c0cb65; efbf63c; f79cbbc
Acts,15,Acts 15:21-29,19,added; bridge_basis_changed; other; provenance_added; removed_marked_historical,2622ee2; 350a0bd; 440001d; 6a15663; 6c0cb65; efbf63c; f79cbbc
Acts,15,Acts 15:22-29,13,added; other; provenance_added; removed_marked_historical,2622ee2; 350a0bd; 440001d; 6a15663; 6c0cb65; efbf63c; f79cbbc
Acts,15,Acts 15:22-31,10,added; other; provenance_added; removed_marked_historical,2622ee2; 440001d; 6a15663; 6c0cb65; f79cbbc
Acts,15,Acts 15:36-16:3,10,added; other; provenance_added; removed_marked_historical,2622ee2; 440001d; 6a15663; 6c0cb65; f79cbbc
Acts,15,Acts 15:36-16:5,10,added; other; provenance_added; removed_marked_historical,2622ee2; 440001d; 6a15663; 6c0cb65; f79cbbc
Acts,15,Acts 15:36-41,14,added; bridge_basis_changed; other; provenance_added; removed_marked_historical,2622ee2; 350a0bd; 440001d; 6a15663; 6c0cb65; efbf63c; f79cbbc
Acts,15,Acts 15:4-12,13,added; other; provenance_added; removed_marked_historical,2622ee2; 350a0bd; 440001d; 6a15663; 6c0cb65; efbf63c; f79cbbc
Acts,15,Acts 15:4-9,10,added; other; provenance_added; removed_marked_historical,2622ee2; 440001d; 6a15663; 6c0cb65; f79cbbc
Acts,15,Acts 15:6-12,13,added; bridge_basis_changed; other; provenance_added; removed_marked_historical,2622ee2; 350a0bd; 440001d; 6a15663; 6c0cb65; efbf63c; f79cbbc
Acts,15,Acts 15:7-12,10,added; other; provenance_added; removed_marked_historical,2622ee2; 440001d; 6a15663; 6c0cb65; f79cbbc
Acts,16,Acts 16:1-3,10,added; other; provenance_added; removed_marked_historical,2622ee2; 440001d; 6a15663; 6c0cb65; f79cbbc
Acts,16,Acts 16:1-5,14,added; bridge_basis_changed; other; provenance_added; removed_marked_historical,2622ee2; 350a0bd; 440001d; 6a15663; 6c0cb65; efbf63c; f79cbbc
Acts,16,Acts 16:16-34,13,added; other; provenance_added; removed_marked_historical,2622ee2; 350a0bd; 440001d; 6a15663; 6c0cb65; efbf63c; f79cbbc
Acts,16,Acts 16:25-34,13,added; bridge_basis_changed; other; provenance_added; removed_marked_historical,2622ee2; 350a0bd; 440001d; 6a15663; 6c0cb65; efbf63c; f79cbbc
Acts,16,Acts 16:40,13,added; other; provenance_added; removed_marked_historical,2622ee2; 350a0bd; 440001d; 6a15663; 6c0cb65; efbf63c; f79cbbc
Acts,16,Acts 16:40-17:7,10,added; other; provenance_added; removed_marked_historical,2622ee2; 440001d; 6a15663; 6c0cb65; f79cbbc
Acts,17,Acts 17:1-12,13,added; other; provenance_added; removed_marked_historical,2622ee2; 350a0bd; 440001d; 6a15663; 6c0cb65; efbf63c; f79cbbc
Acts,17,Acts 17:1-7,13,added; other; provenance_added; removed_marked_historical,2622ee2; 350a0bd; 440001d; 6a15663; 6c0cb65; efbf63c; f79cbbc
Acts,17,Acts 17:10-14,10,added; other; provenance_added; removed_marked_historical,2622ee2; 440001d; 6a15663; 6c0cb65; f79cbbc
Acts,17,Acts 17:16-34,13,added; bridge_basis_changed; other; provenance_added; removed_marked_historical,2622ee2; 350a0bd; 440001d; 6a15663; 6c0cb65; efbf63c; f79cbbc
Acts,17,Acts 17:30-34,10,added; other; provenance_added; removed_marked_historical,2622ee2; 440001d; 6a15663; 6c0cb65; f79cbbc
Acts,18,Acts 18:1-11,13,added; other; provenance_added; removed_marked_historical,2622ee2; 350a0bd; 440001d; 6a15663; 6c0cb65; efbf63c; f79cbbc
Acts,18,Acts 18:12-23,13,added; bridge_basis_changed; other; provenance_added; removed_marked_historical,2622ee2; 350a0bd; 440001d; 6a15663; 6c0cb65; efbf63c; f79cbbc
Acts,18,Acts 18:24-19:6,10,added; other; provenance_added; removed_marked_historical,2622ee2; 440001d; 6a15663; 6c0cb65; f79cbbc
Acts,18,Acts 18:24-28,14,added; bridge_basis_changed; other; provenance_added; removed_marked_historical,2622ee2; 350a0bd; 440001d; 6a15663; 6c0cb65; efbf63c; f79cbbc
Acts,18,Acts 18:24-9:6,10,added; other; provenance_added; removed_marked_historical,2622ee2; 440001d; 6a15663; 6c0cb65; f79cbbc
Acts,18,Acts 18:9-12,13,added; other; provenance_added; removed_marked_historical,2622ee2; 350a0bd; 440001d; 6a15663; 6c0cb65; efbf63c; f79cbbc
Acts,18,Acts 18:9-18,10,added; other; provenance_added; removed_marked_historical,2622ee2; 440001d; 6a15663; 6c0cb65; f79cbbc
Acts,18,Acts 18:9-21,13,added; bridge_basis_changed; other; provenance_added; removed_marked_historical,2622ee2; 350a0bd; 440001d; 6a15663; 6c0cb65; efbf63c; f79cbbc
Acts,19,Acts 19:1-20,10,added; other; provenance_added; removed_marked_historical,2622ee2; 440001d; 6a15663; 6c0cb65; f79cbbc
Acts,19,Acts 19:1-6,14,added; bridge_basis_changed; other; provenance_added; removed_marked_historical,2622ee2; 350a0bd; 440001d; 6a15663; 6c0cb65; efbf63c; f79cbbc
Acts,19,Acts 19:11-17,14,added; bridge_basis_changed; other; provenance_added; removed_marked_historical,2622ee2; 350a0bd; 440001d; 6a15663; 6c0cb65; efbf63c; f79cbbc
Acts,19,Acts 19:11-20,14,added; bridge_basis_changed; other; provenance_added; removed_marked_historical,2622ee2; 350a0bd; 440001d; 6a15663; 6c0cb65; efbf63c; f79cbbc
Acts,19,Acts 19:11-22,13,added; other; provenance_added; removed_marked_historical,2622ee2; 350a0bd; 440001d; 6a15663; 6c0cb65; efbf63c; f79cbbc
Acts,19,Acts 19:23-26,10,added; other; provenance_added; removed_marked_historical,2622ee2; 440001d; 6a15663; 6c0cb65; f79cbbc
Acts,19,Acts 19:23-40,13,added; other; provenance_added; removed_marked_historical,2622ee2; 350a0bd; 440001d; 6a15663; 6c0cb65; efbf63c; f79cbbc
Acts,19,Acts 19:23-41,14,added; bridge_basis_changed; other; provenance_added; removed_marked_historical,2622ee2; 350a0bd; 440001d; 6a15663; 6c0cb65; efbf63c; f79cbbc
Acts,19,Acts 19:6-10,10,added; other; provenance_added; removed_marked_historical,2622ee2; 440001d; 6a15663; 6c0cb65; f79cbbc
Acts,20,Acts 20:1-12,13,added; other; provenance_added; removed_marked_historical,2622ee2; 350a0bd; 440001d; 6a15663; 6c0cb65; efbf63c; f79cbbc
Acts,20,Acts 20:1-16,10,added; other; provenance_added; removed_marked_historical,2622ee2; 440001d; 6a15663; 6c0cb65; f79cbbc
Acts,20,Acts 20:1-6,10,added; other; provenance_added; removed_marked_historical,2622ee2; 440001d; 6a15663; 6c0cb65; f79cbbc
Acts,20,Acts 20:17-38,14,added; bridge_basis_changed; other; provenance_added; removed_marked_historical,2622ee2; 350a0bd; 440001d; 6a15663; 6c0cb65; efbf63c; f79cbbc
Acts,20,Acts 20:7-16,13,added; other; provenance_added; removed_marked_historical,2622ee2; 350a0bd; 440001d; 6a15663; 6c0cb65; efbf63c; f79cbbc
Acts,21,Acts 21:1-14,10,added; other; provenance_added; removed_marked_historical,2622ee2; 440001d; 6a15663; 6c0cb65; f79cbbc
Acts,21,Acts 21:15-26,10,added; other; provenance_added; removed_marked_historical,2622ee2; 440001d; 6a15663; 6c0cb65; f79cbbc
Acts,21,Acts 21:27-39,10,added; other; provenance_added; removed_marked_historical,2622ee2; 440001d; 6a15663; 6c0cb65; f79cbbc
Acts,21,Acts 21:40-22,10,added; other; provenance_added; removed_marked_historical,2622ee2; 440001d; 6a15663; 6c0cb65; f79cbbc
Acts,21,Acts 21:40-22:16,10,added; other; provenance_added; removed_marked_historical,2622ee2; 440001d; 6a15663; 6c0cb65; f79cbbc
Acts,21,Acts 21:5-14,14,added; bridge_basis_changed; other; provenance_added; removed_marked_historical,2622ee2; 350a0bd; 440001d; 6a15663; 6c0cb65; efbf63c; f79cbbc
Acts,21,Acts 21:8-14,13,added; other; provenance_added; removed_marked_historical,2622ee2; 350a0bd; 440001d; 6a15663; 6c0cb65; efbf63c; f79cbbc
Acts,21,Acts 21:9-14,10,added; other; provenance_added; removed_marked_historical,2622ee2; 440001d; 6a15663; 6c0cb65; f79cbbc
Acts,22,Acts 22:17-24,10,added; other; provenance_added; removed_marked_historical,2622ee2; 440001d; 6a15663; 6c0cb65; f79cbbc
Acts,22,Acts 22:17-30,10,added; other; provenance_added; removed_marked_historical,2622ee2; 440001d; 6a15663; 6c0cb65; f79cbbc
Acts,22,Acts 22:6-10,10,added; other; provenance_added; removed_marked_historical,2622ee2; 440001d; 6a15663; 6c0cb65; f79cbbc
Acts,22,Acts 22:7-24,10,added; other; provenance_added; removed_marked_historical,2622ee2; 440001d; 6a15663; 6c0cb65; f79cbbc
Acts,23,Acts 23:1-11,10,added; other; provenance_added; removed_marked_historical,2622ee2; 440001d; 6a15663; 6c0cb65; f79cbbc
Acts,23,Acts 23:12-35,10,added; other; provenance_added; removed_marked_historical,2622ee2; 440001d; 6a15663; 6c0cb65; f79cbbc
Acts,23,Acts 23:6-11,10,added; other; provenance_added; removed_marked_historical,2622ee2; 440001d; 6a15663; 6c0cb65; f79cbbc
Acts,24,Acts 24:1-23,10,added; other; provenance_added; removed_marked_historical,2622ee2; 440001d; 6a15663; 6c0cb65; f79cbbc
Acts,24,Acts 24:1-9,10,added; other; provenance_added; removed_marked_historical,2622ee2; 440001d; 6a15663; 6c0cb65; f79cbbc
Acts,24,Acts 24:10-21,10,added; other; provenance_added; removed_marked_historical,2622ee2; 440001d; 6a15663; 6c0cb65; f79cbbc
Acts,24,Acts 24:10-23,10,added; other; provenance_added; removed_marked_historical,2622ee2; 440001d; 6a15663; 6c0cb65; f79cbbc
Acts,24,Acts 24:24-25:12,10,added; other; provenance_added; removed_marked_historical,2622ee2; 440001d; 6a15663; 6c0cb65; f79cbbc
Acts,24,Acts 24:24-27,10,added; other; provenance_added; removed_marked_historical,2622ee2; 440001d; 6a15663; 6c0cb65; f79cbbc
Acts,25,Acts 25:1-12,10,added; other; provenance_added; removed_marked_historical,2622ee2; 440001d; 6a15663; 6c0cb65; f79cbbc
Acts,25,Acts 25:13-26,10,added; other; provenance_added; removed_marked_historical,2622ee2; 440001d; 6a15663; 6c0cb65; f79cbbc
Acts,25,Acts 25:13-26:1,10,added; other; provenance_added; removed_marked_historical,2622ee2; 440001d; 6a15663; 6c0cb65; f79cbbc
Acts,25,Acts 25:23-27,10,added; other; provenance_added; removed_marked_historical,2622ee2; 440001d; 6a15663; 6c0cb65; f79cbbc
Acts,26,Acts 26:1-18,10,added; other; provenance_added; removed_marked_historical,2622ee2; 440001d; 6a15663; 6c0cb65; f79cbbc
Acts,26,Acts 26:1-6,10,added; other; provenance_added; removed_marked_historical,2622ee2; 440001d; 6a15663; 6c0cb65; f79cbbc
Acts,26,Acts 26:1-8,10,added; other; provenance_added; removed_marked_historical,2622ee2; 440001d; 6a15663; 6c0cb65; f79cbbc
Acts,26,Acts 26:19-27:8,10,added; other; provenance_added; removed_marked_historical,2622ee2; 440001d; 6a15663; 6c0cb65; f79cbbc
Acts,26,Acts 26:19-32,10,added; other; provenance_added; removed_marked_historical,2622ee2; 440001d; 6a15663; 6c0cb65; f79cbbc
Acts,27,Acts 27:1-3,10,added; other; provenance_added; removed_marked_historical,2622ee2; 440001d; 6a15663; 6c0cb65; f79cbbc
Acts,27,Acts 27:1-8,10,added; other; provenance_added; removed_marked_historical,2622ee2; 440001d; 6a15663; 6c0cb65; f79cbbc
Acts,27,Acts 27:16-20,10,added; other; provenance_added; removed_marked_historical,2622ee2; 440001d; 6a15663; 6c0cb65; f79cbbc
Acts,27,Acts 27:27-37,10,added; other; provenance_added; removed_marked_historical,2622ee2; 440001d; 6a15663; 6c0cb65; f79cbbc
Acts,27,Acts 27:38-28:10,10,added; other; provenance_added; removed_marked_historical,2622ee2; 440001d; 6a15663; 6c0cb65; f79cbbc
Acts,27,Acts 27:38-44,10,added; other; provenance_added; removed_marked_historical,2622ee2; 440001d; 6a15663; 6c0cb65; f79cbbc
Acts,27,Acts 27:42-28:6,10,added; other; provenance_added; removed_marked_historical,2622ee2; 440001d; 6a15663; 6c0cb65; f79cbbc
Acts,27,Acts 27:42-44,14,added; bridge_basis_changed; other; provenance_added; removed_marked_historical,2622ee2; 350a0bd; 440001d; 6a15663; 6c0cb65; efbf63c; f79cbbc
Acts,27,Acts 27:9-12,10,added; other; provenance_added; removed_marked_historical,2622ee2; 440001d; 6a15663; 6c0cb65; f79cbbc
Acts,27,Acts 27:9-26,10,added; other; provenance_added; removed_marked_historical,2622ee2; 440001d; 6a15663; 6c0cb65; f79cbbc
Acts,28,Acts 28:1-10,10,added; other; provenance_added; removed_marked_historical,2622ee2; 440001d; 6a15663; 6c0cb65; f79cbbc
Acts,28,Acts 28:1-6,14,added; bridge_basis_changed; other; provenance_added; removed_marked_historical,2622ee2; 350a0bd; 440001d; 6a15663; 6c0cb65; efbf63c; f79cbbc
Acts,28,Acts 28:11-31,19,added; other; provenance_added; removed_marked_historical,04cc512; 2622ee2; 440001d; 6a15663; 6c0cb65; f79cbbc
Acts,28,Acts 28:7-11,10,added; other; provenance_added; removed_marked_historical,2622ee2; 440001d; 6a15663; 6c0cb65; f79cbbc
Acts,34,Acts 34:42,10,added; other; provenance_added; removed_marked_historical,2622ee2; 440001d; 6a15663; 6c0cb65; f79cbbc
Romans,1,Rom 1:1-17,14,added; bridge_basis_changed; other; provenance_added; removed_marked_historical,2622ee2; 350a0bd; 440001d; 6a15663; 6c0cb65; efbf63c; f79cbbc
Romans,1,Rom 1:1-4,10,added; other; provenance_added; removed_marked_historical,2622ee2; 440001d; 6a15663; 6c0cb65; f79cbbc
Romans,1,Rom 1:11-13,10,added; other; provenance_added; removed_marked_historical,2622ee2; 440001d; 6a15663; 6c0cb65; f79cbbc
Romans,1,Rom 1:16-17,10,added; other; provenance_added; removed_marked_historical,2622ee2; 440001d; 6a15663; 6c0cb65; f79cbbc
Romans,1,Rom 1:18-25,10,added; other; provenance_added; removed_marked_historical,2622ee2; 440001d; 6a15663; 6c0cb65; f79cbbc
Romans,1,Rom 1:19-21,10,added; other; provenance_added; removed_marked_historical,2622ee2; 440001d; 6a15663; 6c0cb65; f79cbbc
Romans,1,Rom 1:26-2,10,added; other; provenance_added; removed_marked_historical,2622ee2; 440001d; 6a15663; 6c0cb65; f79cbbc
Romans,1,Rom 1:7-10,10,added; other; provenance_added; removed_marked_historical,2622ee2; 440001d; 6a15663; 6c0cb65; f79cbbc
Romans,2,Rom 2:12-24,10,added; other; provenance_added; removed_marked_historical,2622ee2; 440001d; 6a15663; 6c0cb65; f79cbbc
Romans,2,Rom 2:14-16,10,added; other; provenance_added; removed_marked_historical,2622ee2; 440001d; 6a15663; 6c0cb65; f79cbbc
Romans,2,Rom 2:17-20,10,added; other; provenance_added; removed_marked_historical,2622ee2; 440001d; 6a15663; 6c0cb65; f79cbbc
Romans,2,Rom 2:25-29,10,added; other; provenance_added; removed_marked_historical,2622ee2; 440001d; 6a15663; 6c0cb65; f79cbbc
Romans,2,Rom 2:4-7,10,added; other; provenance_added; removed_marked_historical,2622ee2; 440001d; 6a15663; 6c0cb65; f79cbbc
Romans,2,Rom 2:8-13,10,added; other; provenance_added; removed_marked_historical,2622ee2; 440001d; 6a15663; 6c0cb65; f79cbbc
Romans,3,Rom 3:1-17,10,added; other; provenance_added; removed_marked_historical,2622ee2; 440001d; 6a15663; 6c0cb65; f79cbbc
Romans,3,Rom 3:1-18,10,added; other; provenance_added; removed_marked_historical,2622ee2; 440001d; 6a15663; 6c0cb65; f79cbbc
Romans,3,Rom 3:1-31,14,added; bridge_basis_changed; other; provenance_added; removed_marked_historical,2622ee2; 350a0bd; 440001d; 6a15663; 6c0cb65; efbf63c; f79cbbc
Romans,3,Rom 3:1-4:3,10,added; other; provenance_added; removed_marked_historical,2622ee2; 440001d; 6a15663; 6c0cb65; f79cbbc
Romans,3,Rom 3:19-21,10,added; other; provenance_added; removed_marked_historical,2622ee2; 440001d; 6a15663; 6c0cb65; f79cbbc
Romans,3,Rom 3:21-26,10,added; other; provenance_added; removed_marked_historical,2622ee2; 440001d; 6a15663; 6c0cb65; f79cbbc
Romans,3,Rom 3:27-31,10,added; other; provenance_added; removed_marked_historical,2622ee2; 440001d; 6a15663; 6c0cb65; f79cbbc
Romans,4,Rom 4:1-3,13,added; other; provenance_added; removed_marked_historical,2622ee2; 350a0bd; 440001d; 6a15663; 6c0cb65; efbf63c; f79cbbc
Romans,4,Rom 4:1-8,10,added; other; provenance_added; removed_marked_historical,2622ee2; 440001d; 6a15663; 6c0cb65; f79cbbc
Romans,4,Rom 4:13-25,14,added; bridge_basis_changed; other; provenance_added; removed_marked_historical,2622ee2; 350a0bd; 440001d; 6a15663; 6c0cb65; efbf63c; f79cbbc
Romans,4,Rom 4:13-5:5,10,added; other; provenance_added; removed_marked_historical,2622ee2; 440001d; 6a15663; 6c0cb65; f79cbbc
Romans,4,Rom 4:14-25,10,added; other; provenance_added; removed_marked_historical,2622ee2; 440001d; 6a15663; 6c0cb65; f79cbbc
Romans,4,Rom 4:14-5:5,10,added; other; provenance_added; removed_marked_historical,2622ee2; 440001d; 6a15663; 6c0cb65; f79cbbc
Romans,4,Rom 4:4-24,13,added; other; provenance_added; removed_marked_historical,2622ee2; 350a0bd; 440001d; 6a15663; 6c0cb65; efbf63c; f79cbbc
Romans,4,Rom 4:4-8,10,added; other; provenance_added; removed_marked_historical,2622ee2; 440001d; 6a15663; 6c0cb65; f79cbbc
Romans,4,Rom 4:4-9,10,added; other; provenance_added; removed_marked_historical,2622ee2; 440001d; 6a15663; 6c0cb65; f79cbbc
Romans,4,Rom 4:6-11,10,added; other; provenance_added; removed_marked_historical,2622ee2; 440001d; 6a15663; 6c0cb65; f79cbbc
Romans,4,Rom 4:9-12,10,added; other; provenance_added; removed_marked_historical,2622ee2; 440001d; 6a15663; 6c0cb65; f79cbbc
Romans,5,Rom 5:1-15,10,added; other; provenance_added; removed_marked_historical,2622ee2; 440001d; 6a15663; 6c0cb65; f79cbbc
Romans,5,Rom 5:1-5,14,added; bridge_basis_changed; other; provenance_added; removed_marked_historical,2622ee2; 350a0bd; 440001d; 6a15663; 6c0cb65; efbf63c; f79cbbc
Romans,5,Rom 5:20-6,10,added; other; provenance_added; removed_marked_historical,2622ee2; 440001d; 6a15663; 6c0cb65; f79cbbc
Romans,5,Rom 5:20-6:4,10,added; other; provenance_added; removed_marked_historical,2622ee2; 440001d; 6a15663; 6c0cb65; f79cbbc
Romans,5,Rom 5:6-15,10,added; other; provenance_added; removed_marked_historical,2622ee2; 440001d; 6a15663; 6c0cb65; f79cbbc
Romans,5,Rom 5:6-21,10,added; other; provenance_added; removed_marked_historical,2622ee2; 440001d; 6a15663; 6c0cb65; f79cbbc
Romans,6,Rom 6:17-22,10,added; other; provenance_added; removed_marked_historical,2622ee2; 440001d; 6a15663; 6c0cb65; f79cbbc
Romans,6,Rom 6:3-16,13,added; bridge_basis_changed; other; provenance_added; removed_marked_historical,2622ee2; 350a0bd; 440001d; 6a15663; 6c0cb65; efbf63c; f79cbbc
Romans,6,Rom 6:5-11,10,added; other; provenance_added; removed_marked_historical,2622ee2; 440001d; 6a15663; 6c0cb65; f79cbbc
Romans,7,Rom 7:1,10,added; other; provenance_added; removed_marked_historical,2622ee2; 440001d; 6a15663; 6c0cb65; f79cbbc
Romans,7,Rom 7:1-8,10,added; other; provenance_added; removed_marked_historical,2622ee2; 440001d; 6a15663; 6c0cb65; f79cbbc
Romans,7,Rom 7:10,10,added; other; provenance_added; removed_marked_historical,2622ee2; 440001d; 6a15663; 6c0cb65; f79cbbc
Romans,7,Rom 7:14-27,10,added; other; provenance_added; removed_marked_historical,2622ee2; 440001d; 6a15663; 6c0cb65; f79cbbc
Romans,7,Rom 7:2,10,added; other; provenance_added; removed_marked_historical,2622ee2; 440001d; 6a15663; 6c0cb65; f79cbbc
Romans,7,Rom 7:3,10,added; other; provenance_added; removed_marked_historical,2622ee2; 440001d; 6a15663; 6c0cb65; f79cbbc
Romans,7,Rom 7:4,10,added; other; provenance_added; removed_marked_historical,2622ee2; 440001d; 6a15663; 6c0cb65; f79cbbc
Romans,7,Rom 7:5,10,added; other; provenance_added; removed_marked_historical,2622ee2; 440001d; 6a15663; 6c0cb65; f79cbbc
Romans,7,Rom 7:6,10,added; other; provenance_added; removed_marked_historical,2622ee2; 440001d; 6a15663; 6c0cb65; f79cbbc
Romans,7,Rom 7:7,10,added; other; provenance_added; removed_marked_historical,2622ee2; 440001d; 6a15663; 6c0cb65; f79cbbc
Romans,7,Rom 7:8,10,added; other; provenance_added; removed_marked_historical,2622ee2; 440001d; 6a15663; 6c0cb65; f79cbbc
Romans,8,Rom 8:12-17,10,added; other; provenance_added; removed_marked_historical,2622ee2; 440001d; 6a15663; 6c0cb65; f79cbbc
Romans,8,Rom 8:12-26,10,added; other; provenance_added; removed_marked_historical,2622ee2; 440001d; 6a15663; 6c0cb65; f79cbbc
Romans,8,Rom 8:14-21,10,added; other; provenance_added; removed_marked_historical,2622ee2; 440001d; 6a15663; 6c0cb65; f79cbbc
Romans,8,Rom 8:14-27,14,added; bridge_basis_changed; other; provenance_added; removed_marked_historical,2622ee2; 350a0bd; 440001d; 6a15663; 6c0cb65; efbf63c; f79cbbc
Romans,8,Rom 8:18-30,13,added; other; provenance_added; removed_marked_historical,2622ee2; 350a0bd; 440001d; 6a15663; 6c0cb65; efbf63c; f79cbbc
Romans,8,Rom 8:2-5,10,added; other; provenance_added; removed_marked_historical,2622ee2; 440001d; 6a15663; 6c0cb65; f79cbbc
Romans,8,Rom 8:22-27,10,added; other; provenance_added; removed_marked_historical,2622ee2; 440001d; 6a15663; 6c0cb65; f79cbbc
Romans,8,Rom 8:28-39,13,added; other; provenance_added; removed_marked_historical,2622ee2; 350a0bd; 440001d; 6a15663; 6c0cb65; efbf63c; f79cbbc
Romans,8,Rom 8:9-11,10,added; other; provenance_added; removed_marked_historical,2622ee2; 440001d; 6a15663; 6c0cb65; f79cbbc
Romans,9,Rom 9:14-29,10,added; other; provenance_added; removed_marked_historical,2622ee2; 440001d; 6a15663; 6c0cb65; f79cbbc
Romans,9,Rom 9:15-29,10,added; other; provenance_added; removed_marked_historical,2622ee2; 440001d; 6a15663; 6c0cb65; f79cbbc
Romans,9,Rom 9:6-33,13,added; other; provenance_added; removed_marked_historical,2622ee2; 350a0bd; 440001d; 6a15663; 6c0cb65; efbf63c; f79cbbc
Romans,10,Rom 10:4-13,10,added; other; provenance_added; removed_marked_historical,2622ee2; 440001d; 6a15663; 6c0cb65; f79cbbc
Romans,10,Rom 10:4-18,14,added; bridge_basis_changed; other; provenance_added; removed_marked_historical,2622ee2; 350a0bd; 440001d; 6a15663; 6c0cb65; efbf63c; f79cbbc
Romans,11,Rom 11:13-36,13,added; bridge_basis_changed; other; provenance_added; removed_marked_historical,2622ee2; 350a0bd; 440001d; 6a15663; 6c0cb65; efbf63c; f79cbbc
Romans,12,Rom 12:1-21,10,added; other; provenance_added; removed_marked_historical,2622ee2; 440001d; 6a15663; 6c0cb65; f79cbbc
Romans,12,Rom 12:6-21,10,added; other; provenance_added; removed_marked_historical,2622ee2; 440001d; 6a15663; 6c0cb65; f79cbbc
Romans,13,Rom 13:1-14,10,added; other; provenance_added; removed_marked_historical,2622ee2; 440001d; 6a15663; 6c0cb65; f79cbbc
Romans,14,Rom 14:1-18,10,added; other; provenance_added; removed_marked_historical,2622ee2; 440001d; 6a15663; 6c0cb65; f79cbbc
Romans,14,Rom 14:10-15:2,10,added; other; provenance_added; removed_marked_historical,2622ee2; 440001d; 6a15663; 6c0cb65; f79cbbc
Romans,14,Rom 14:10-23,10,added; other; provenance_added; removed_marked_historical,2622ee2; 440001d; 6a15663; 6c0cb65; f79cbbc
Romans,14,Rom 14:19-15,10,added; other; provenance_added; removed_marked_historical,2622ee2; 440001d; 6a15663; 6c0cb65; f79cbbc
Romans,14,Rom 14:19-15:7,10,added; other; provenance_added; removed_marked_historical,2622ee2; 440001d; 6a15663; 6c0cb65; f79cbbc
Romans,14,Rom 14:19-23,10,added; other; provenance_added; removed_marked_historical,2622ee2; 440001d; 6a15663; 6c0cb65; f79cbbc
Romans,15,Rom 15:1-2,10,added; other; provenance_added; removed_marked_historical,2622ee2; 440001d; 6a15663; 6c0cb65; f79cbbc
Romans,15,Rom 15:1-7,10,added; other; provenance_added; removed_marked_historical,2622ee2; 440001d; 6a15663; 6c0cb65; f79cbbc
Romans,15,Rom 15:13-29,13,added; other; provenance_added; removed_marked_historical,2622ee2; 350a0bd; 440001d; 6a15663; 6c0cb65; efbf63c; f79cbbc
Romans,15,Rom 15:4-19,13,added; bridge_basis_changed; other; provenance_added; removed_marked_historical,2622ee2; 350a0bd; 440001d; 6a15663; 6c0cb65; efbf63c; f79cbbc
Romans,16,Rom 16:17-20,13,added; other; provenance_added; removed_marked_historical,2622ee2; 350a0bd; 440001d; 6a15663; 6c0cb65; efbf63c; f79cbbc
Romans,16,Rom 16:17-27,10,added; other; provenance_added; removed_marked_historical,2622ee2; 440001d; 6a15663; 6c0cb65; f79cbbc
Romans,28,Rom 28:39,10,added; other; provenance_added; removed_marked_historical,2622ee2; 440001d; 6a15663; 6c0cb65; f79cbbc
1 Corinthians,1,1Cor 1:1-16,13,added; other; provenance_added; removed_marked_historical,2622ee2; 350a0bd; 440001d; 6a15663; 6c0cb65; efbf63c; f79cbbc
1 Corinthians,1,1Cor 1:1-17,13,added; bridge_basis_changed; other; provenance_added; removed_marked_historical,2622ee2; 350a0bd; 440001d; 6a15663; 6c0cb65; efbf63c; f79cbbc
1 Corinthians,1,1Cor 1:17-31,14,added; bridge_basis_changed; other; provenance_added; removed_marked_historical,2622ee2; 350a0bd; 440001d; 6a15663; 6c0cb65; efbf63c; f79cbbc
1 Corinthians,1,1Cor 1:23-2:5,19,added; other; provenance_added; removed_marked_historical,04cc512; 2622ee2; 440001d; 6a15663; 6c0cb65; f79cbbc
1 Corinthians,2,1Cor 2:1-16,13,added; other; provenance_added; removed_marked_historical,2622ee2; 350a0bd; 440001d; 6a15663; 6c0cb65; efbf63c; f79cbbc
1 Corinthians,2,1Cor 2:1-8,10,added; other; provenance_added; removed_marked_historical,2622ee2; 440001d; 6a15663; 6c0cb65; f79cbbc
1 Corinthians,2,1Cor 2:6-16,13,added; bridge_basis_changed; other; provenance_added; removed_marked_historical,2622ee2; 350a0bd; 440001d; 6a15663; 6c0cb65; efbf63c; f79cbbc
1 Corinthians,3,1Cor 3:1-8,13,added; other; provenance_added; removed_marked_historical,2622ee2; 350a0bd; 440001d; 6a15663; 6c0cb65; efbf63c; f79cbbc
1 Corinthians,3,1Cor 3:4-23,14,added; bridge_basis_changed; other; provenance_added; removed_marked_historical,2622ee2; 350a0bd; 440001d; 6a15663; 6c0cb65; efbf63c; f79cbbc
1 Corinthians,3,1Cor 3:9-23,13,added; bridge_basis_changed; other; provenance_added; removed_marked_historical,2622ee2; 350a0bd; 440001d; 6a15663; 6c0cb65; efbf63c; f79cbbc
1 Corinthians,4,1Cor 4:1-16,13,added; other; provenance_added; removed_marked_historical,2622ee2; 350a0bd; 440001d; 6a15663; 6c0cb65; efbf63c; f79cbbc
1 Corinthians,4,1Cor 4:16-5,10,added; other; provenance_added; removed_marked_historical,2622ee2; 440001d; 6a15663; 6c0cb65; f79cbbc
1 Corinthians,4,1Cor 4:16-5:9,10,added; other; provenance_added; removed_marked_historical,2622ee2; 440001d; 6a15663; 6c0cb65; f79cbbc
1 Corinthians,5,1Cor 5:11-13,13,added; other; provenance_added; removed_marked_historical,2622ee2; 350a0bd; 440001d; 6a15663; 6c0cb65; efbf63c; f79cbbc
1 Corinthians,5,1Cor 5:9-6,10,added; other; provenance_added; removed_marked_historical,2622ee2; 440001d; 6a15663; 6c0cb65; f79cbbc
1 Corinthians,5,1Cor 5:9-6:5,10,added; other; provenance_added; removed_marked_historical,2622ee2; 440001d; 6a15663; 6c0cb65; f79cbbc
1 Corinthians,6,1Cor 6:1-11,13,added; other; provenance_added; removed_marked_historical,2622ee2; 350a0bd; 440001d; 6a15663; 6c0cb65; efbf63c; f79cbbc
1 Corinthians,7,1Cor 7:12-14,10,added; other; provenance_added; removed_marked_historical,2622ee2; 440001d; 6a15663; 6c0cb65; f79cbbc
1 Corinthians,9,1Cor 9:1-27,13,added; other; provenance_added; removed_marked_historical,2622ee2; 350a0bd; 440001d; 6a15663; 6c0cb65; efbf63c; f79cbbc
1 Corinthians,10,1Cor 10:1-13,10,added; other; provenance_added; removed_marked_historical,2622ee2; 440001d; 6a15663; 6c0cb65; f79cbbc
1 Corinthians,10,1Cor 10:14-11:1,10,added; other; provenance_added; removed_marked_historical,2622ee2; 440001d; 6a15663; 6c0cb65; f79cbbc
1 Corinthians,10,1Cor 10:14-33,10,added; other; provenance_added; removed_marked_historical,2622ee2; 440001d; 6a15663; 6c0cb65; f79cbbc
1 Corinthians,10,1Cor 10:25-11:1,10,added; other; provenance_added; removed_marked_historical,2622ee2; 440001d; 6a15663; 6c0cb65; f79cbbc
1 Corinthians,10,1Cor 10:25-32,13,added; other; provenance_added; removed_marked_historical,2622ee2; 350a0bd; 440001d; 6a15663; 6c0cb65; efbf63c; f79cbbc
1 Corinthians,11,1Cor 11:1,13,added; other; provenance_added; removed_marked_historical,2622ee2; 350a0bd; 440001d; 6a15663; 6c0cb65; efbf63c; f79cbbc
1 Corinthians,11,1Cor 11:2-16,10,added; other; provenance_added; removed_marked_historical,2622ee2; 440001d; 6a15663; 6c0cb65; f79cbbc
1 Corinthians,11,1Cor 11:23-34,19,added; other; provenance_added; removed_marked_historical,04cc512; 2622ee2; 440001d; 6a15663; 6c0cb65; f79cbbc
1 Corinthians,12,1Cor 12:1-31,10,added; other; provenance_added; removed_marked_historical,2622ee2; 440001d; 6a15663; 6c0cb65; f79cbbc
1 Corinthians,12,1Cor 12:28-13:8,10,added; other; provenance_added; removed_marked_historical,2622ee2; 440001d; 6a15663; 6c0cb65; f79cbbc
1 Corinthians,12,1Cor 12:28-31,10,added; other; provenance_added; removed_marked_historical,2622ee2; 440001d; 6a15663; 6c0cb65; f79cbbc
1 Corinthians,12,1Cor 12:31,10,added; other; provenance_added; removed_marked_historical,2622ee2; 440001d; 6a15663; 6c0cb65; f79cbbc
1 Corinthians,12,1Cor 12:31-14:1,10,added; other; provenance_added; removed_marked_historical,2622ee2; 440001d; 6a15663; 6c0cb65; f79cbbc
1 Corinthians,12,1Cor 12:31-14:4,10,added; other; provenance_added; removed_marked_historical,2622ee2; 440001d; 6a15663; 6c0cb65; f79cbbc
1 Corinthians,13,1Cor 13:1-12,10,added; other; provenance_added; removed_marked_historical,2622ee2; 440001d; 6a15663; 6c0cb65; f79cbbc
1 Corinthians,13,1Cor 13:1-13,10,added; other; provenance_added; removed_marked_historical,2622ee2; 440001d; 6a15663; 6c0cb65; f79cbbc
1 Corinthians,13,1Cor 13:11-13,13,added; bridge_basis_changed; other; provenance_added; removed_marked_historical,2622ee2; 350a0bd; 440001d; 6a15663; 6c0cb65; efbf63c; f79cbbc
1 Corinthians,13,1Cor 13:11-14:4,10,added; other; provenance_added; removed_marked_historical,2622ee2; 440001d; 6a15663; 6c0cb65; f79cbbc
1 Corinthians,13,1Cor 13:13-14:17,10,added; other; provenance_added; removed_marked_historical,2622ee2; 440001d; 6a15663; 6c0cb65; f79cbbc
1 Corinthians,14,1Cor 14:1,10,added; other; provenance_added; removed_marked_historical,2622ee2; 440001d; 6a15663; 6c0cb65; f79cbbc
1 Corinthians,14,1Cor 14:1-4,13,added; bridge_basis_changed; other; provenance_added; removed_marked_historical,2622ee2; 350a0bd; 440001d; 6a15663; 6c0cb65; efbf63c; f79cbbc
1 Corinthians,14,1Cor 14:12-17,10,added; other; provenance_added; removed_marked_historical,2622ee2; 440001d; 6a15663; 6c0cb65; f79cbbc
1 Corinthians,14,1Cor 14:18-25,14,added; bridge_basis_changed; other; provenance_added; removed_marked_historical,2622ee2; 350a0bd; 440001d; 6a15663; 6c0cb65; efbf63c; f79cbbc
1 Corinthians,14,1Cor 14:18-28,10,added; other; provenance_added; removed_marked_historical,2622ee2; 440001d; 6a15663; 6c0cb65; f79cbbc
1 Corinthians,14,1Cor 14:18-33,13,added; other; provenance_added; removed_marked_historical,2622ee2; 350a0bd; 440001d; 6a15663; 6c0cb65; efbf63c; f79cbbc
1 Corinthians,14,1Cor 14:18-40,10,added; other; provenance_added; removed_marked_historical,2622ee2; 440001d; 6a15663; 6c0cb65; f79cbbc
1 Corinthians,14,1Cor 14:5-11,10,added; other; provenance_added; removed_marked_historical,2622ee2; 440001d; 6a15663; 6c0cb65; f79cbbc
1 Corinthians,14,1Cor 14:5-17,10,added; other; provenance_added; removed_marked_historical,2622ee2; 440001d; 6a15663; 6c0cb65; f79cbbc
1 Corinthians,15,1Cor 15:1-22,19,added; other; provenance_added; removed_marked_historical,04cc512; 2622ee2; 440001d; 6a15663; 6c0cb65; f79cbbc
1 Corinthians,15,1Cor 15:1-23,10,added; other; provenance_added; removed_marked_historical,2622ee2; 440001d; 6a15663; 6c0cb65; f79cbbc
1 Corinthians,15,1Cor 15:1-27,10,added; other; provenance_added; removed_marked_historical,2622ee2; 440001d; 6a15663; 6c0cb65; f79cbbc
1 Corinthians,15,1Cor 15:23-49,10,added; other; provenance_added; removed_marked_historical,2622ee2; 440001d; 6a15663; 6c0cb65; f79cbbc
1 Corinthians,15,1Cor 15:39-49,10,added; other; provenance_added; removed_marked_historical,2622ee2; 440001d; 6a15663; 6c0cb65; f79cbbc
1 Corinthians,15,1Cor 15:50-58,10,added; other; provenance_added; removed_marked_historical,2622ee2; 440001d; 6a15663; 6c0cb65; f79cbbc
1 Corinthians,15,1Cor 15:57-16,10,added; other; provenance_added; removed_marked_historical,2622ee2; 440001d; 6a15663; 6c0cb65; f79cbbc
1 Corinthians,15,1Cor 15:57-16:8,10,added; other; provenance_added; removed_marked_historical,2622ee2; 440001d; 6a15663; 6c0cb65; f79cbbc
1 Corinthians,16,1Cor 16:12-23,10,added; other; provenance_added; removed_marked_historical,2622ee2; 440001d; 6a15663; 6c0cb65; f79cbbc
1 Corinthians,16,1Cor 16:12-24,13,added; other; provenance_added; removed_marked_historical,2622ee2; 350a0bd; 440001d; 6a15663; 6c0cb65; efbf63c; f79cbbc
2 Corinthians,1,2Cor 1:1-14,13,added; other; provenance_added; removed_marked_historical,2622ee2; 350a0bd; 440001d; 6a15663; 6c0cb65; efbf63c; f79cbbc
2 Corinthians,2,2Cor 2:12-17,13,added; other; provenance_added; removed_marked_historical,2622ee2; 350a0bd; 440001d; 6a15663; 6c0cb65; efbf63c; f79cbbc
2 Corinthians,2,2Cor 2:12-3:6,10,added; other; provenance_added; removed_marked_historical,2622ee2; 440001d; 6a15663; 6c0cb65; f79cbbc
2 Corinthians,3,2Cor 3:1-6,13,added; other; provenance_added; removed_marked_historical,2622ee2; 350a0bd; 440001d; 6a15663; 6c0cb65; efbf63c; f79cbbc
2 Corinthians,3,2Cor 3:12-18,13,added; bridge_basis_changed; other; provenance_added; removed_marked_historical,2622ee2; 350a0bd; 440001d; 6a15663; 6c0cb65; efbf63c; f79cbbc
2 Corinthians,3,2Cor 3:12-4:4,10,added; other; provenance_added; removed_marked_historical,2622ee2; 440001d; 6a15663; 6c0cb65; f79cbbc
2 Corinthians,4,2Cor 4:1-4,13,added; bridge_basis_changed; other; provenance_added; removed_marked_historical,2622ee2; 350a0bd; 440001d; 6a15663; 6c0cb65; efbf63c; f79cbbc
2 Corinthians,4,2Cor 4:1-5:15,10,added; other; provenance_added; removed_marked_historical,2622ee2; 440001d; 6a15663; 6c0cb65; f79cbbc
2 Corinthians,4,2Cor 4:5-15,13,added; other; provenance_added; removed_marked_historical,2622ee2; 350a0bd; 440001d; 6a15663; 6c0cb65; efbf63c; f79cbbc
2 Corinthians,4,2Cor 4:5-18,14,added; bridge_basis_changed; other; provenance_added; removed_marked_historical,2622ee2; 350a0bd; 440001d; 6a15663; 6c0cb65; efbf63c; f79cbbc
2 Corinthians,4,2Cor 4:5-5:11,10,added; other; provenance_added; removed_marked_historical,2622ee2; 440001d; 6a15663; 6c0cb65; f79cbbc
2 Corinthians,5,2Cor 5:1-11,14,added; bridge_basis_changed; other; provenance_added; removed_marked_historical,2622ee2; 350a0bd; 440001d; 6a15663; 6c0cb65; efbf63c; f79cbbc
2 Corinthians,5,2Cor 5:11-21,13,added; bridge_basis_changed; other; provenance_added; removed_marked_historical,2622ee2; 350a0bd; 440001d; 6a15663; 6c0cb65; efbf63c; f79cbbc
2 Corinthians,5,2Cor 5:11-6:13,10,added; other; provenance_added; removed_marked_historical,2622ee2; 440001d; 6a15663; 6c0cb65; f79cbbc
2 Corinthians,6,2Cor 6:1-13,13,added; bridge_basis_changed; other; provenance_added; removed_marked_historical,2622ee2; 350a0bd; 440001d; 6a15663; 6c0cb65; efbf63c; f79cbbc
2 Corinthians,6,2Cor 6:14-7,10,added; other; provenance_added; removed_marked_historical,2622ee2; 440001d; 6a15663; 6c0cb65; f79cbbc
2 Corinthians,6,2Cor 6:14-7:16,10,added; other; provenance_added; removed_marked_historical,2622ee2; 440001d; 6a15663; 6c0cb65; f79cbbc
2 Corinthians,6,2Cor 6:2-13,10,added; other; provenance_added; removed_marked_historical,2622ee2; 440001d; 6a15663; 6c0cb65; f79cbbc
2 Corinthians,7,2Cor 7:2-11,10,added; other; provenance_added; removed_marked_historical,2622ee2; 440001d; 6a15663; 6c0cb65; f79cbbc
2 Corinthians,9,2Cor 9:1-9,13,added; other; provenance_added; removed_marked_historical,2622ee2; 350a0bd; 440001d; 6a15663; 6c0cb65; efbf63c; f79cbbc
2 Corinthians,9,2Cor 9:6-15,10,added; other; provenance_added; removed_marked_historical,2622ee2; 440001d; 6a15663; 6c0cb65; f79cbbc
2 Corinthians,10,2Cor 10:1-18,14,added; bridge_basis_changed; other; provenance_added; removed_marked_historical,2622ee2; 350a0bd; 440001d; 6a15663; 6c0cb65; efbf63c; f79cbbc
2 Corinthians,11,2Cor 11:16-12:12,10,added; other; provenance_added; removed_marked_historical,2622ee2; 440001d; 6a15663; 6c0cb65; f79cbbc
2 Corinthians,11,2Cor 11:16-28,10,added; other; provenance_added; removed_marked_historical,2622ee2; 440001d; 6a15663; 6c0cb65; f79cbbc
2 Corinthians,11,2Cor 11:16-33,14,added; bridge_basis_changed; other; provenance_added; removed_marked_historical,2622ee2; 350a0bd; 440001d; 6a15663; 6c0cb65; efbf63c; f79cbbc
2 Corinthians,12,2Cor 12:1-12,14,added; bridge_basis_changed; other; provenance_added; removed_marked_historical,2622ee2; 350a0bd; 440001d; 6a15663; 6c0cb65; efbf63c; f79cbbc
Galatians,1,Gal 1:1-19,14,added; bridge_basis_changed; other; provenance_added; removed_marked_historical,2622ee2; 350a0bd; 440001d; 6a15663; 6c0cb65; efbf63c; f79cbbc
Galatians,1,Gal 1:1-24,13,added; other; provenance_added; removed_marked_historical,2622ee2; 350a0bd; 440001d; 6a15663; 6c0cb65; efbf63c; f79cbbc
Galatians,2,Gal 2:16-20,10,added; other; provenance_added; removed_marked_historical,2622ee2; 440001d; 6a15663; 6c0cb65; f79cbbc
Galatians,3,Gal 3:1-6,19,added; other; provenance_added; removed_marked_historical,04cc512; 2622ee2; 440001d; 6a15663; 6c0cb65; f79cbbc
Galatians,3,Gal 3:15-29,13,added; bridge_basis_changed; other; provenance_added; removed_marked_historical,2622ee2; 350a0bd; 440001d; 6a15663; 6c0cb65; efbf63c; f79cbbc
Galatians,3,Gal 3:15-4:18,10,added; other; provenance_added; removed_marked_historical,2622ee2; 440001d; 6a15663; 6c0cb65; f79cbbc
Galatians,3,Gal 3:5-11,10,added; other; provenance_added; removed_marked_historical,2622ee2; 440001d; 6a15663; 6c0cb65; f79cbbc
Galatians,4,Gal 4:1-18,13,added; bridge_basis_changed; other; provenance_added; removed_marked_historical,2622ee2; 350a0bd; 440001d; 6a15663; 6c0cb65; efbf63c; f79cbbc
Galatians,4,Gal 4:19-31,13,added; bridge_basis_changed; other; provenance_added; removed_marked_historical,2622ee2; 350a0bd; 440001d; 6a15663; 6c0cb65; efbf63c; f79cbbc
Galatians,4,Gal 4:19-5:1,10,added; other; provenance_added; removed_marked_historical,2622ee2; 440001d; 6a15663; 6c0cb65; f79cbbc
Galatians,5,Gal 5:1,13,added; bridge_basis_changed; other; provenance_added; removed_marked_historical,2622ee2; 350a0bd; 440001d; 6a15663; 6c0cb65; efbf63c; f79cbbc
Galatians,5,Gal 5:16-26,10,added; other; provenance_added; removed_marked_historical,2622ee2; 440001d; 6a15663; 6c0cb65; f79cbbc
Galatians,5,Gal 5:16-6:2,10,added; other; provenance_added; removed_marked_historical,2622ee2; 440001d; 6a15663; 6c0cb65; f79cbbc
Galatians,5,Gal 5:2-10,13,added; other; provenance_added; removed_marked_historical,2622ee2; 350a0bd; 440001d; 6a15663; 6c0cb65; efbf63c; f79cbbc
Galatians,6,Gal 6:1-2,10,added; other; provenance_added; removed_marked_historical,2622ee2; 440001d; 6a15663; 6c0cb65; f79cbbc
Galatians,6,Gal 6:11-18,13,added; bridge_basis_changed; other; provenance_added; removed_marked_historical,2622ee2; 350a0bd; 440001d; 6a15663; 6c0cb65; efbf63c; f79cbbc
Galatians,6,Gal 6:14-18,19,added; other; provenance_added; removed_marked_historical,04cc512; 2622ee2; 440001d; 6a15663; 6c0cb65; f79cbbc
Ephesians,1,Eph 1:1-14,13,added; bridge_basis_changed; other; provenance_added; removed_marked_historical,2622ee2; 350a0bd; 440001d; 6a15663; 6c0cb65; efbf63c; f79cbbc
Ephesians,1,Eph 1:15-2,10,added; other; provenance_added; removed_marked_historical,2622ee2; 440001d; 6a15663; 6c0cb65; f79cbbc
Ephesians,1,Eph 1:15-2:3,10,added; other; provenance_added; removed_marked_historical,2622ee2; 440001d; 6a15663; 6c0cb65; f79cbbc
Ephesians,2,Eph 2:1-22,14,added; bridge_basis_changed; other; provenance_added; removed_marked_historical,2622ee2; 350a0bd; 440001d; 6a15663; 6c0cb65; efbf63c; f79cbbc
Ephesians,2,Eph 2:13-18,10,added; other; provenance_added; removed_marked_historical,2622ee2; 440001d; 6a15663; 6c0cb65; f79cbbc
Ephesians,2,Eph 2:19-3,10,added; other; provenance_added; removed_marked_historical,2622ee2; 440001d; 6a15663; 6c0cb65; f79cbbc
Ephesians,2,Eph 2:19-3:10,10,added; other; provenance_added; removed_marked_historical,2622ee2; 440001d; 6a15663; 6c0cb65; f79cbbc
Ephesians,4,Eph 4:1-16,10,added; other; provenance_added; removed_marked_historical,2622ee2; 440001d; 6a15663; 6c0cb65; f79cbbc
Ephesians,4,Eph 4:1-7,10,added; other; provenance_added; removed_marked_historical,2622ee2; 440001d; 6a15663; 6c0cb65; f79cbbc
Ephesians,4,Eph 4:11-19,14,added; bridge_basis_changed; other; provenance_added; removed_marked_historical,2622ee2; 350a0bd; 440001d; 6a15663; 6c0cb65; efbf63c; f79cbbc
Ephesians,4,Eph 4:17-32,10,added; other; provenance_added; removed_marked_historical,2622ee2; 440001d; 6a15663; 6c0cb65; f79cbbc
Ephesians,4,Eph 4:17-33,10,added; other; provenance_added; removed_marked_historical,2622ee2; 440001d; 6a15663; 6c0cb65; f79cbbc
Ephesians,4,Eph 4:20-32,10,added; other; provenance_added; removed_marked_historical,2622ee2; 440001d; 6a15663; 6c0cb65; f79cbbc
Ephesians,4,Eph 4:8-16,13,added; other; provenance_added; removed_marked_historical,2622ee2; 350a0bd; 440001d; 6a15663; 6c0cb65; efbf63c; f79cbbc
Ephesians,5,Eph 5:22-6:3,10,added; other; provenance_added; removed_marked_historical,2622ee2; 440001d; 6a15663; 6c0cb65; f79cbbc
Ephesians,5,Eph 5:8-21,14,added; bridge_basis_changed; other; provenance_added; removed_marked_historical,2622ee2; 350a0bd; 440001d; 6a15663; 6c0cb65; efbf63c; f79cbbc
Ephesians,6,Eph 6:1-23,13,added; other; provenance_added; removed_marked_historical,2622ee2; 350a0bd; 440001d; 6a15663; 6c0cb65; efbf63c; f79cbbc
Ephesians,6,Eph 6:10-18,10,added; other; provenance_added; removed_marked_historical,2622ee2; 440001d; 6a15663; 6c0cb65; f79cbbc
Ephesians,6,Eph 6:10-24,10,added; other; provenance_added; removed_marked_historical,2622ee2; 440001d; 6a15663; 6c0cb65; f79cbbc
Philippians,1,Phil 1:1-11,14,added; bridge_basis_changed; other; provenance_added; removed_marked_historical,2622ee2; 350a0bd; 440001d; 6a15663; 6c0cb65; efbf63c; f79cbbc
Philippians,1,Phil 1:27-30,13,added; other; provenance_added; removed_marked_historical,2622ee2; 350a0bd; 440001d; 6a15663; 6c0cb65; efbf63c; f79cbbc
Philippians,2,Phil 2:1-11,13,added; other; provenance_added; removed_marked_historical,2622ee2; 350a0bd; 440001d; 6a15663; 6c0cb65; efbf63c; f79cbbc
Philippians,2,Phil 2:1-16,10,added; other; provenance_added; removed_marked_historical,2622ee2; 440001d; 6a15663; 6c0cb65; f79cbbc
Philippians,2,Phil 2:22-26,10,added; other; provenance_added; removed_marked_historical,2622ee2; 440001d; 6a15663; 6c0cb65; f79cbbc
Philippians,2,Phil 2:4-11,19,added; other; provenance_added; removed_marked_historical,04cc512; 2622ee2; 440001d; 6a15663; 6c0cb65; f79cbbc
Philippians,2,Phil 2:5-11,19,added; other; provenance_added; removed_marked_historical,04cc512; 2622ee2; 440001d; 6a15663; 6c0cb65; f79cbbc
Philippians,3,Phil 3:1-12,14,added; bridge_basis_changed; other; provenance_added; removed_marked_historical,2622ee2; 350a0bd; 440001d; 6a15663; 6c0cb65; efbf63c; f79cbbc
Philippians,3,Phil 3:20-21,14,added; bridge_basis_changed; other; provenance_added; removed_marked_historical,2622ee2; 350a0bd; 440001d; 6a15663; 6c0cb65; efbf63c; f79cbbc
Philippians,3,Phil 3:20-4:9,10,added; other; provenance_added; removed_marked_historical,2622ee2; 440001d; 6a15663; 6c0cb65; f79cbbc
Philippians,4,Phil 4:1-9,14,added; bridge_basis_changed; other; provenance_added; removed_marked_historical,2622ee2; 350a0bd; 440001d; 6a15663; 6c0cb65; efbf63c; f79cbbc
Philippians,4,Phil 4:4-9,10,added; other; provenance_added; removed_marked_historical,2622ee2; 440001d; 6a15663; 6c0cb65; f79cbbc
Colossians,1,Col 1:1-23,13,added; other; provenance_added; removed_marked_historical,2622ee2; 350a0bd; 440001d; 6a15663; 6c0cb65; efbf63c; f79cbbc
Colossians,1,Col 1:12-23,10,added; other; provenance_added; removed_marked_historical,2622ee2; 440001d; 6a15663; 6c0cb65; f79cbbc
Colossians,1,Col 1:21-29,10,added; other; provenance_added; removed_marked_historical,2622ee2; 440001d; 6a15663; 6c0cb65; f79cbbc
Colossians,2,Col 2:13-15,19,added; other; provenance_added; removed_marked_historical,04cc512; 2622ee2; 440001d; 6a15663; 6c0cb65; f79cbbc
Colossians,2,Col 2:6-19,13,added; bridge_basis_changed; other; provenance_added; removed_marked_historical,2622ee2; 350a0bd; 440001d; 6a15663; 6c0cb65; efbf63c; f79cbbc
Colossians,3,Col 3:1-17,10,added; other; provenance_added; removed_marked_historical,2622ee2; 440001d; 6a15663; 6c0cb65; f79cbbc
Colossians,3,Col 3:12-17,10,added; other; provenance_added; removed_marked_historical,2622ee2; 440001d; 6a15663; 6c0cb65; f79cbbc
Colossians,3,Col 3:5-17,10,added; other; provenance_added; removed_marked_historical,2622ee2; 440001d; 6a15663; 6c0cb65; f79cbbc
Colossians,3,Col 3:8-17,13,added; bridge_basis_changed; other; provenance_added; removed_marked_historical,2622ee2; 350a0bd; 440001d; 6a15663; 6c0cb65; efbf63c; f79cbbc
Colossians,4,Col 4:2-18,14,added; bridge_basis_changed; other; provenance_added; removed_marked_historical,2622ee2; 350a0bd; 440001d; 6a15663; 6c0cb65; efbf63c; f79cbbc
1 Thessalonians,1,1Thess 1:1-12,13,added; other; provenance_added; removed_marked_historical,2622ee2; 350a0bd; 440001d; 6a15663; 6c0cb65; efbf63c; f79cbbc
1 Thessalonians,2,1Thess 2:13-20,13,added; other; provenance_added; removed_marked_historical,2622ee2; 350a0bd; 440001d; 6a15663; 6c0cb65; efbf63c; f79cbbc
1 Thessalonians,3,1Thess 3:1-13,13,added; other; provenance_added; removed_marked_historical,2622ee2; 350a0bd; 440001d; 6a15663; 6c0cb65; efbf63c; f79cbbc
1 Thessalonians,4,1Thess 4:1-18,10,added; other; provenance_added; removed_marked_historical,2622ee2; 440001d; 6a15663; 6c0cb65; f79cbbc
1 Thessalonians,4,1Thess 4:13-18,10,added; other; provenance_added; removed_marked_historical,2622ee2; 440001d; 6a15663; 6c0cb65; f79cbbc
1 Thessalonians,4,1Thess 4:13-5,10,added; other; provenance_added; removed_marked_historical,2622ee2; 440001d; 6a15663; 6c0cb65; f79cbbc
1 Thessalonians,4,1Thess 4:13-5:11,10,added; other; provenance_added; removed_marked_historical,2622ee2; 440001d; 6a15663; 6c0cb65; f79cbbc
2 Thessalonians,1,2Thess 1:1-12,10,added; other; provenance_added; removed_marked_historical,2622ee2; 440001d; 6a15663; 6c0cb65; f79cbbc
2 Thessalonians,2,2Thess 2:1-17,13,added; bridge_basis_changed; other; provenance_added; removed_marked_historical,2622ee2; 350a0bd; 440001d; 6a15663; 6c0cb65; efbf63c; f79cbbc
2 Thessalonians,2,2Thess 2:13-3,10,added; other; provenance_added; removed_marked_historical,2622ee2; 440001d; 6a15663; 6c0cb65; f79cbbc
2 Thessalonians,2,2Thess 2:13-3:5,10,added; other; provenance_added; removed_marked_historical,2622ee2; 440001d; 6a15663; 6c0cb65; f79cbbc
2 Thessalonians,2,2Thess 2:9-17,10,added; other; provenance_added; removed_marked_historical,2622ee2; 440001d; 6a15663; 6c0cb65; f79cbbc
1 Timothy,1,1Tim 1:12-19,13,added; bridge_basis_changed; other; provenance_added; removed_marked_historical,2622ee2; 350a0bd; 440001d; 6a15663; 6c0cb65; efbf63c; f79cbbc
1 Timothy,1,1Tim 1:12-27,10,added; other; provenance_added; removed_marked_historical,2622ee2; 440001d; 6a15663; 6c0cb65; f79cbbc
1 Timothy,2,1Tim 2:1-3,10,added; other; provenance_added; removed_marked_historical,2622ee2; 440001d; 6a15663; 6c0cb65; f79cbbc
1 Timothy,2,1Tim 2:1-3:4,10,added; other; provenance_added; removed_marked_historical,2622ee2; 440001d; 6a15663; 6c0cb65; f79cbbc
1 Timothy,3,1Tim 3:13-16,10,added; other; provenance_added; removed_marked_historical,2622ee2; 440001d; 6a15663; 6c0cb65; f79cbbc
1 Timothy,4,1Tim 4:9-5:10,19,added; other; provenance_added; removed_marked_historical,04cc512; 2622ee2; 440001d; 6a15663; 6c0cb65; f79cbbc
1 Timothy,5,1Tim 5:17-25,13,added; bridge_basis_changed; other; provenance_added; removed_marked_historical,2622ee2; 350a0bd; 440001d; 6a15663; 6c0cb65; efbf63c; f79cbbc
1 Timothy,5,1Tim 5:17-6:2,10,added; other; provenance_added; removed_marked_historical,2622ee2; 440001d; 6a15663; 6c0cb65; f79cbbc
1 Timothy,6,1Tim 6:1-2,13,added; bridge_basis_changed; other; provenance_added; removed_marked_historical,2622ee2; 350a0bd; 440001d; 6a15663; 6c0cb65; efbf63c; f79cbbc
1 Timothy,6,1Tim 6:3-16,13,added; bridge_basis_changed; other; provenance_added; removed_marked_historical,2622ee2; 350a0bd; 440001d; 6a15663; 6c0cb65; efbf63c; f79cbbc
1 Timothy,6,1Tim 6:3-21,13,added; other; provenance_added; removed_marked_historical,2622ee2; 350a0bd; 440001d; 6a15663; 6c0cb65; efbf63c; f79cbbc
2 Timothy,1,2Tim 1:12-18,13,added; bridge_basis_changed; other; provenance_added; removed_marked_historical,2622ee2; 350a0bd; 440001d; 6a15663; 6c0cb65; efbf63c; f79cbbc
2 Timothy,1,2Tim 1:12-2:10,10,added; other; provenance_added; removed_marked_historical,2622ee2; 440001d; 6a15663; 6c0cb65; f79cbbc
2 Timothy,2,2Tim 2:1-10,13,added; bridge_basis_changed; other; provenance_added; removed_marked_historical,2622ee2; 350a0bd; 440001d; 6a15663; 6c0cb65; efbf63c; f79cbbc
2 Timothy,2,2Tim 2:3-15,14,added; bridge_basis_changed; other; provenance_added; removed_marked_historical,2622ee2; 350a0bd; 440001d; 6a15663; 6c0cb65; efbf63c; f79cbbc
2 Timothy,2,2Tim 2:8-15,10,added; other; provenance_added; removed_marked_historical,2622ee2; 440001d; 6a15663; 6c0cb65; f79cbbc
2 Timothy,3,2Tim 3:1-17,10,added; other; provenance_added; removed_marked_historical,2622ee2; 440001d; 6a15663; 6c0cb65; f79cbbc
2 Timothy,3,2Tim 3:1-4:5,10,added; other; provenance_added; removed_marked_historical,2622ee2; 440001d; 6a15663; 6c0cb65; f79cbbc
2 Timothy,3,2Tim 3:10-17,14,added; bridge_basis_changed; other; provenance_added; removed_marked_historical,2622ee2; 350a0bd; 440001d; 6a15663; 6c0cb65; efbf63c; f79cbbc
2 Timothy,3,2Tim 3:10-4:18,10,added; other; provenance_added; removed_marked_historical,2622ee2; 440001d; 6a15663; 6c0cb65; f79cbbc
2 Timothy,3,2Tim 3:10-4:22,10,added; other; provenance_added; removed_marked_historical,2622ee2; 440001d; 6a15663; 6c0cb65; f79cbbc
2 Timothy,4,2Tim 4:1-18,13,added; other; provenance_added; removed_marked_historical,2622ee2; 350a0bd; 440001d; 6a15663; 6c0cb65; efbf63c; f79cbbc
2 Timothy,4,2Tim 4:1-22,14,added; bridge_basis_changed; other; provenance_added; removed_marked_historical,2622ee2; 350a0bd; 440001d; 6a15663; 6c0cb65; efbf63c; f79cbbc
2 Timothy,4,2Tim 4:1-5,10,added; other; provenance_added; removed_marked_historical,2622ee2; 440001d; 6a15663; 6c0cb65; f79cbbc
Titus,2,Titus 2:11-15,14,added; bridge_basis_changed; other; provenance_added; removed_marked_historical,2622ee2; 350a0bd; 440001d; 6a15663; 6c0cb65; efbf63c; f79cbbc
Titus,2,Titus 2:11-3:7,10,added; other; provenance_added; removed_marked_historical,2622ee2; 440001d; 6a15663; 6c0cb65; f79cbbc
Titus,3,Titus 3:1-7,14,added; bridge_basis_changed; other; provenance_added; removed_marked_historical,2622ee2; 350a0bd; 440001d; 6a15663; 6c0cb65; efbf63c; f79cbbc
Hebrews,1,Heb 1:1-14,14,added; bridge_basis_changed; other; provenance_added; removed_marked_historical,2622ee2; 350a0bd; 440001d; 6a15663; 6c0cb65; efbf63c; f79cbbc
Hebrews,1,Heb 1:1-2:4,10,added; other; provenance_added; removed_marked_historical,2622ee2; 440001d; 6a15663; 6c0cb65; f79cbbc
Hebrews,1,Heb 1:8-12,10,added; other; provenance_added; removed_marked_historical,2622ee2; 440001d; 6a15663; 6c0cb65; f79cbbc
Hebrews,2,Heb 2:1-4,14,added; bridge_basis_changed; other; provenance_added; removed_marked_historical,2622ee2; 350a0bd; 440001d; 6a15663; 6c0cb65; efbf63c; f79cbbc
Hebrews,2,Heb 2:5-18,14,added; bridge_basis_changed; other; provenance_added; removed_marked_historical,2622ee2; 350a0bd; 440001d; 6a15663; 6c0cb65; efbf63c; f79cbbc
Hebrews,3,Heb 3:1-19,13,added; other; provenance_added; removed_marked_historical,2622ee2; 350a0bd; 440001d; 6a15663; 6c0cb65; efbf63c; f79cbbc
Hebrews,3,Heb 3:1-4:2,10,added; other; provenance_added; removed_marked_historical,2622ee2; 440001d; 6a15663; 6c0cb65; f79cbbc
Hebrews,4,Heb 4:1-2,13,added; other; provenance_added; removed_marked_historical,2622ee2; 350a0bd; 440001d; 6a15663; 6c0cb65; efbf63c; f79cbbc
Hebrews,4,Heb 4:14-16,14,added; bridge_basis_changed; other; provenance_added; removed_marked_historical,2622ee2; 350a0bd; 440001d; 6a15663; 6c0cb65; efbf63c; f79cbbc
Hebrews,4,Heb 4:14-5:14,10,added; other; provenance_added; removed_marked_historical,2622ee2; 440001d; 6a15663; 6c0cb65; f79cbbc
Hebrews,5,Heb 5:1-14,14,added; bridge_basis_changed; other; provenance_added; removed_marked_historical,2622ee2; 350a0bd; 440001d; 6a15663; 6c0cb65; efbf63c; f79cbbc
Hebrews,6,Heb 6:7-15,13,added; other; provenance_added; removed_marked_historical,2622ee2; 350a0bd; 440001d; 6a15663; 6c0cb65; efbf63c; f79cbbc
Hebrews,7,Heb 7:1-17,14,added; bridge_basis_changed; other; provenance_added; removed_marked_historical,2622ee2; 350a0bd; 440001d; 6a15663; 6c0cb65; efbf63c; f79cbbc
Hebrews,7,Heb 7:18-28,14,added; bridge_basis_changed; other; provenance_added; removed_marked_historical,2622ee2; 350a0bd; 440001d; 6a15663; 6c0cb65; efbf63c; f79cbbc
Hebrews,7,Heb 7:18-8:13,10,added; other; provenance_added; removed_marked_historical,2622ee2; 440001d; 6a15663; 6c0cb65; f79cbbc
Hebrews,7,Heb 7:26-28,10,added; other; provenance_added; removed_marked_historical,2622ee2; 440001d; 6a15663; 6c0cb65; f79cbbc
Hebrews,8,Heb 8,10,added; other; provenance_added; removed_marked_historical,2622ee2; 440001d; 6a15663; 6c0cb65; f79cbbc
Hebrews,8,Heb 8:1-13,14,added; bridge_basis_changed; other; provenance_added; removed_marked_historical,2622ee2; 350a0bd; 440001d; 6a15663; 6c0cb65; efbf63c; f79cbbc
Hebrews,9,Heb 9:1-10,14,added; bridge_basis_changed; other; provenance_added; removed_marked_historical,2622ee2; 350a0bd; 440001d; 6a15663; 6c0cb65; efbf63c; f79cbbc
Hebrews,9,Heb 9:1-12,14,added; bridge_basis_changed; other; provenance_added; removed_marked_historical,2622ee2; 350a0bd; 440001d; 6a15663; 6c0cb65; efbf63c; f79cbbc
Hebrews,9,Heb 9:11-28,19,added; other; provenance_added; removed_marked_historical,04cc512; 2622ee2; 440001d; 6a15663; 6c0cb65; f79cbbc
Hebrews,10,Heb 10:1-13,10,added; other; provenance_added; removed_marked_historical,2622ee2; 440001d; 6a15663; 6c0cb65; f79cbbc
Hebrews,10,Heb 10:1-24,10,added; other; provenance_added; removed_marked_historical,2622ee2; 440001d; 6a15663; 6c0cb65; f79cbbc
Hebrews,10,Heb 10:19-38,10,added; other; provenance_added; removed_marked_historical,2622ee2; 440001d; 6a15663; 6c0cb65; f79cbbc
Hebrews,10,Heb 10:19-39,13,added; bridge_basis_changed; other; provenance_added; removed_marked_historical,2622ee2; 350a0bd; 440001d; 6a15663; 6c0cb65; efbf63c; f79cbbc
Hebrews,11,Heb 11:1-10,14,added; bridge_basis_changed; other; provenance_added; removed_marked_historical,2622ee2; 350a0bd; 440001d; 6a15663; 6c0cb65; efbf63c; f79cbbc
Hebrews,11,Heb 11:1-8,10,added; other; provenance_added; removed_marked_historical,2622ee2; 440001d; 6a15663; 6c0cb65; f79cbbc
Hebrews,11,Heb 11:17-27,19,added; bridge_basis_changed; other; provenance_added; removed_marked_historical,2622ee2; 350a0bd; 440001d; 6a15663; 6c0cb65; efbf63c; f79cbbc
Hebrews,11,Heb 11:17-31,14,added; bridge_basis_changed; other; provenance_added; removed_marked_historical,2622ee2; 350a0bd; 440001d; 6a15663; 6c0cb65; efbf63c; f79cbbc
Hebrews,11,Heb 11:32-12:2,10,added; other; provenance_added; removed_marked_historical,2622ee2; 440001d; 6a15663; 6c0cb65; f79cbbc
Hebrews,11,Heb 11:32-40,14,added; bridge_basis_changed; other; provenance_added; removed_marked_historical,2622ee2; 350a0bd; 440001d; 6a15663; 6c0cb65; efbf63c; f79cbbc
Hebrews,12,Heb 12:1-2,14,added; bridge_basis_changed; other; provenance_added; removed_marked_historical,2622ee2; 350a0bd; 440001d; 6a15663; 6c0cb65; efbf63c; f79cbbc
Hebrews,12,Heb 12:13-14,10,added; other; provenance_added; removed_marked_historical,2622ee2; 440001d; 6a15663; 6c0cb65; f79cbbc
Hebrews,12,Heb 12:21-13:2,10,added; other; provenance_added; removed_marked_historical,2622ee2; 440001d; 6a15663; 6c0cb65; f79cbbc
Hebrews,12,Heb 12:21-39,13,added; bridge_basis_changed; other; provenance_added; removed_marked_historical,2622ee2; 350a0bd; 440001d; 6a15663; 6c0cb65; efbf63c; f79cbbc
Hebrews,12,Heb 12:28-13:16,10,added; other; provenance_added; removed_marked_historical,2622ee2; 440001d; 6a15663; 6c0cb65; f79cbbc
Hebrews,12,Heb 12:28-29,10,added; other; provenance_added; removed_marked_historical,2622ee2; 440001d; 6a15663; 6c0cb65; f79cbbc
Hebrews,12,Heb 12:3-14,14,added; bridge_basis_changed; other; provenance_added; removed_marked_historical,2622ee2; 350a0bd; 440001d; 6a15663; 6c0cb65; efbf63c; f79cbbc
Hebrews,12,Heb 12:5-16,10,added; other; provenance_added; removed_marked_historical,2622ee2; 440001d; 6a15663; 6c0cb65; f79cbbc
Hebrews,13,Heb 13:1-16,10,added; other; provenance_added; removed_marked_historical,2622ee2; 440001d; 6a15663; 6c0cb65; f79cbbc
Hebrews,13,Heb 13:1-2,13,added; bridge_basis_changed; other; provenance_added; removed_marked_historical,2622ee2; 350a0bd; 440001d; 6a15663; 6c0cb65; efbf63c; f79cbbc
Hebrews,13,Heb 13:10-16,10,added; other; provenance_added; removed_marked_historical,2622ee2; 440001d; 6a15663; 6c0cb65; f79cbbc
Hebrews,13,Heb 13:10-21,10,added; other; provenance_added; removed_marked_historical,2622ee2; 440001d; 6a15663; 6c0cb65; f79cbbc
Hebrews,13,Heb 13:7-16,10,added; other; provenance_added; removed_marked_historical,2622ee2; 440001d; 6a15663; 6c0cb65; f79cbbc
Hebrews,13,Heb 13:7-25,14,added; bridge_basis_changed; other; provenance_added; removed_marked_historical,2622ee2; 350a0bd; 440001d; 6a15663; 6c0cb65; efbf63c; f79cbbc
James,1,James 1:1-12,14,added; bridge_basis_changed; other; provenance_added; removed_marked_historical,2622ee2; 350a0bd; 440001d; 6a15663; 6c0cb65; efbf63c; f79cbbc
James,1,James 1:1-18,14,added; bridge_basis_changed; other; provenance_added; removed_marked_historical,2622ee2; 350a0bd; 440001d; 6a15663; 6c0cb65; efbf63c; f79cbbc
James,1,James 1:12-21,14,added; bridge_basis_changed; other; provenance_added; removed_marked_historical,2622ee2; 350a0bd; 440001d; 6a15663; 6c0cb65; efbf63c; f79cbbc
James,1,James 1:13-21,13,added; other; provenance_added; removed_marked_historical,2622ee2; 350a0bd; 440001d; 6a15663; 6c0cb65; efbf63c; f79cbbc
James,1,James 1:22-27,13,added; bridge_basis_changed; other; provenance_added; removed_marked_historical,2622ee2; 350a0bd; 440001d; 6a15663; 6c0cb65; efbf63c; f79cbbc
James,1,James 1:22-2:1,10,added; other; provenance_added; removed_marked_historical,2622ee2; 440001d; 6a15663; 6c0cb65; f79cbbc
James,2,James 2:1,10,added; other; provenance_added; removed_marked_historical,2622ee2; 440001d; 6a15663; 6c0cb65; f79cbbc
James,2,James 2:1-13,10,added; other; provenance_added; removed_marked_historical,2622ee2; 440001d; 6a15663; 6c0cb65; f79cbbc
James,2,James 2:14-23,13,added; other; provenance_added; removed_marked_historical,2622ee2; 350a0bd; 440001d; 6a15663; 6c0cb65; efbf63c; f79cbbc
James,2,James 2:14-26,10,added; other; provenance_added; removed_marked_historical,2622ee2; 440001d; 6a15663; 6c0cb65; f79cbbc
James,2,James 2:5-13,13,added; bridge_basis_changed; other; provenance_added; removed_marked_historical,2622ee2; 350a0bd; 440001d; 6a15663; 6c0cb65; efbf63c; f79cbbc
James,3,James 3:1-12,14,added; bridge_basis_changed; other; provenance_added; removed_marked_historical,2622ee2; 350a0bd; 440001d; 6a15663; 6c0cb65; efbf63c; f79cbbc
James,3,James 3:13-18,13,added; other; provenance_added; removed_marked_historical,2622ee2; 350a0bd; 440001d; 6a15663; 6c0cb65; efbf63c; f79cbbc
James,3,James 3:13-4,10,added; other; provenance_added; removed_marked_historical,2622ee2; 440001d; 6a15663; 6c0cb65; f79cbbc
James,3,James 3:13-4:4,10,added; other; provenance_added; removed_marked_historical,2622ee2; 440001d; 6a15663; 6c0cb65; f79cbbc
James,3,James 3:13-4:6,10,added; other; provenance_added; removed_marked_historical,2622ee2; 440001d; 6a15663; 6c0cb65; f79cbbc
James,3,James 3:4-12,10,added; other; provenance_added; removed_marked_historical,2622ee2; 440001d; 6a15663; 6c0cb65; f79cbbc
James,4,James 4:1-10,10,added; other; provenance_added; removed_marked_historical,2622ee2; 440001d; 6a15663; 6c0cb65; f79cbbc
James,4,James 4:1-6,13,added; other; provenance_added; removed_marked_historical,2622ee2; 350a0bd; 440001d; 6a15663; 6c0cb65; efbf63c; f79cbbc
James,4,James 4:11-5,10,added; other; provenance_added; removed_marked_historical,2622ee2; 440001d; 6a15663; 6c0cb65; f79cbbc
James,4,James 4:11-5:3,10,added; other; provenance_added; removed_marked_historical,2622ee2; 440001d; 6a15663; 6c0cb65; f79cbbc
James,4,James 4:17,13,added; other; provenance_added; removed_marked_historical,2622ee2; 350a0bd; 440001d; 6a15663; 6c0cb65; efbf63c; f79cbbc
James,4,James 4:7-12,10,added; other; provenance_added; removed_marked_historical,2622ee2; 440001d; 6a15663; 6c0cb65; f79cbbc
James,4,James 4:7-17,13,added; other; provenance_added; removed_marked_historical,2622ee2; 350a0bd; 440001d; 6a15663; 6c0cb65; efbf63c; f79cbbc
James,4,James 4:7-5:5,10,added; other; provenance_added; removed_marked_historical,2622ee2; 440001d; 6a15663; 6c0cb65; f79cbbc
James,5,James 5:1-11,13,added; other; provenance_added; removed_marked_historical,2622ee2; 350a0bd; 440001d; 6a15663; 6c0cb65; efbf63c; f79cbbc
James,5,James 5:1-5,13,added; other; provenance_added; removed_marked_historical,2622ee2; 350a0bd; 440001d; 6a15663; 6c0cb65; efbf63c; f79cbbc
James,5,James 5:1-8,14,added; bridge_basis_changed; other; provenance_added; removed_marked_historical,2622ee2; 350a0bd; 440001d; 6a15663; 6c0cb65; efbf63c; f79cbbc
James,5,James 5:10-20,10,added; other; provenance_added; removed_marked_historical,2622ee2; 440001d; 6a15663; 6c0cb65; f79cbbc
James,5,James 5:16-20,13,added; bridge_basis_changed; other; provenance_added; removed_marked_historical,2622ee2; 350a0bd; 440001d; 6a15663; 6c0cb65; efbf63c; f79cbbc
James,5,James 5:7-11,10,added; other; provenance_added; removed_marked_historical,2622ee2; 440001d; 6a15663; 6c0cb65; f79cbbc
James,5,James 5:7-13,13,added; other; provenance_added; removed_marked_historical,2622ee2; 350a0bd; 440001d; 6a15663; 6c0cb65; efbf63c; f79cbbc
James,5,James 5:7-16,10,added; other; provenance_added; removed_marked_historical,2622ee2; 440001d; 6a15663; 6c0cb65; f79cbbc
James,5,James 5:9-12,13,added; other; provenance_added; removed_marked_historical,2622ee2; 350a0bd; 440001d; 6a15663; 6c0cb65; efbf63c; f79cbbc
James,5,James 5:9-20,14,added; bridge_basis_changed; other; provenance_added; removed_marked_historical,2622ee2; 350a0bd; 440001d; 6a15663; 6c0cb65; efbf63c; f79cbbc
1 Peter,1,1Pet 1:1-12,13,added; other; provenance_added; removed_marked_historical,2622ee2; 350a0bd; 440001d; 6a15663; 6c0cb65; efbf63c; f79cbbc
1 Peter,1,1Pet 1:1-9,23,added; bridge_basis_changed; other; provenance_added; removed_marked_historical,04cc512; 2622ee2; 350a0bd; 440001d; 6a15663; 6c0cb65; efbf63c; f79cbbc
1 Peter,1,1Pet 1:10-21,10,added; other; provenance_added; removed_marked_historical,2622ee2; 440001d; 6a15663; 6c0cb65; f79cbbc
1 Peter,1,1Pet 1:10-25,10,added; other; provenance_added; removed_marked_historical,2622ee2; 440001d; 6a15663; 6c0cb65; f79cbbc
1 Peter,1,1Pet 1:13-21,13,added; other; provenance_added; removed_marked_historical,2622ee2; 350a0bd; 440001d; 6a15663; 6c0cb65; efbf63c; f79cbbc
1 Peter,1,1Pet 1:19-2:3,10,added; other; provenance_added; removed_marked_historical,2622ee2; 440001d; 6a15663; 6c0cb65; f79cbbc
1 Peter,1,1Pet 1:2-12,10,added; other; provenance_added; removed_marked_historical,2622ee2; 440001d; 6a15663; 6c0cb65; f79cbbc
1 Peter,1,1Pet 1:2-8,10,added; other; provenance_added; removed_marked_historical,2622ee2; 440001d; 6a15663; 6c0cb65; f79cbbc
1 Peter,1,1Pet 1:22-25,13,added; other; provenance_added; removed_marked_historical,2622ee2; 350a0bd; 440001d; 6a15663; 6c0cb65; efbf63c; f79cbbc
1 Peter,1,1Pet 1:22-2:5,10,added; other; provenance_added; removed_marked_historical,2622ee2; 440001d; 6a15663; 6c0cb65; f79cbbc
1 Peter,1,1Pet 1:25,14,added; bridge_basis_changed; other; provenance_added; removed_marked_historical,2622ee2; 350a0bd; 440001d; 6a15663; 6c0cb65; efbf63c; f79cbbc
1 Peter,1,1Pet 1:25-2,10,added; other; provenance_added; removed_marked_historical,2622ee2; 440001d; 6a15663; 6c0cb65; f79cbbc
1 Peter,1,1Pet 1:25-2:10,10,added; other; provenance_added; removed_marked_historical,2622ee2; 440001d; 6a15663; 6c0cb65; f79cbbc
1 Peter,1,1Pet 1:25-2:6,10,added; other; provenance_added; removed_marked_historical,2622ee2; 440001d; 6a15663; 6c0cb65; f79cbbc
1 Peter,1,1Pet 1:3-12,14,added; bridge_basis_changed; other; provenance_added; removed_marked_historical,2622ee2; 350a0bd; 440001d; 6a15663; 6c0cb65; efbf63c; f79cbbc
1 Peter,2,1Pet 2:1-10,14,added; bridge_basis_changed; other; provenance_added; removed_marked_historical,2622ee2; 350a0bd; 440001d; 6a15663; 6c0cb65; efbf63c; f79cbbc
1 Peter,2,1Pet 2:1-25,10,added; other; provenance_added; removed_marked_historical,2622ee2; 440001d; 6a15663; 6c0cb65; f79cbbc
1 Peter,2,1Pet 2:1-5,13,added; other; provenance_added; removed_marked_historical,2622ee2; 350a0bd; 440001d; 6a15663; 6c0cb65; efbf63c; f79cbbc
1 Peter,2,1Pet 2:1-6,10,added; other; provenance_added; removed_marked_historical,2622ee2; 440001d; 6a15663; 6c0cb65; f79cbbc
1 Peter,2,1Pet 2:11-17,14,added; bridge_basis_changed; other; provenance_added; removed_marked_historical,2622ee2; 350a0bd; 440001d; 6a15663; 6c0cb65; efbf63c; f79cbbc
1 Peter,2,1Pet 2:11-25,14,added; bridge_basis_changed; other; provenance_added; removed_marked_historical,2622ee2; 350a0bd; 440001d; 6a15663; 6c0cb65; efbf63c; f79cbbc
1 Peter,2,1Pet 2:18-25,14,added; bridge_basis_changed; other; provenance_added; removed_marked_historical,2622ee2; 350a0bd; 440001d; 6a15663; 6c0cb65; efbf63c; f79cbbc
1 Peter,2,1Pet 2:18-3:7,10,added; other; provenance_added; removed_marked_historical,2622ee2; 440001d; 6a15663; 6c0cb65; f79cbbc
1 Peter,3,1Pet 3:1-7,14,added; bridge_basis_changed; other; provenance_added; removed_marked_historical,2622ee2; 350a0bd; 440001d; 6a15663; 6c0cb65; efbf63c; f79cbbc
1 Peter,3,1Pet 3:10-18,10,added; other; provenance_added; removed_marked_historical,2622ee2; 440001d; 6a15663; 6c0cb65; f79cbbc
1 Peter,3,1Pet 3:15-22,14,added; bridge_basis_changed; other; provenance_added; removed_marked_historical,2622ee2; 350a0bd; 440001d; 6a15663; 6c0cb65; efbf63c; f79cbbc
1 Peter,3,1Pet 3:15-4:6,10,added; other; provenance_added; removed_marked_historical,2622ee2; 440001d; 6a15663; 6c0cb65; f79cbbc
1 Peter,3,1Pet 3:17-22,10,added; other; provenance_added; removed_marked_historical,2622ee2; 440001d; 6a15663; 6c0cb65; f79cbbc
1 Peter,3,1Pet 3:25-4,10,added; other; provenance_added; removed_marked_historical,2622ee2; 440001d; 6a15663; 6c0cb65; f79cbbc
1 Peter,3,1Pet 3:5-14,14,added; bridge_basis_changed; other; provenance_added; removed_marked_historical,2622ee2; 350a0bd; 440001d; 6a15663; 6c0cb65; efbf63c; f79cbbc
1 Peter,3,1Pet 3:8-15,14,added; bridge_basis_changed; other; provenance_added; removed_marked_historical,2622ee2; 350a0bd; 440001d; 6a15663; 6c0cb65; efbf63c; f79cbbc
1 Peter,3,1Pet 3:8-22,10,added; other; provenance_added; removed_marked_historical,2622ee2; 440001d; 6a15663; 6c0cb65; f79cbbc
1 Peter,4,1Pet 4:1-11,23,added; bridge_basis_changed; other; provenance_added; removed_marked_historical,04cc512; 2622ee2; 350a0bd; 440001d; 6a15663; 6c0cb65; efbf63c; f79cbbc
1 Peter,4,1Pet 4:12-19,14,added; bridge_basis_changed; other; provenance_added; removed_marked_historical,2622ee2; 350a0bd; 440001d; 6a15663; 6c0cb65; efbf63c; f79cbbc
1 Peter,4,1Pet 4:15-19,10,added; other; provenance_added; removed_marked_historical,2622ee2; 440001d; 6a15663; 6c0cb65; f79cbbc
1 Peter,4,1Pet 4:15-5:5,10,added; other; provenance_added; removed_marked_historical,2622ee2; 440001d; 6a15663; 6c0cb65; f79cbbc
1 Peter,4,1Pet 4:3-11,13,added; other; provenance_added; removed_marked_historical,2622ee2; 350a0bd; 440001d; 6a15663; 6c0cb65; efbf63c; f79cbbc
1 Peter,4,1Pet 4:6-14,10,added; other; provenance_added; removed_marked_historical,2622ee2; 440001d; 6a15663; 6c0cb65; f79cbbc
1 Peter,4,1Pet 4:7-16,10,added; other; provenance_added; removed_marked_historical,2622ee2; 440001d; 6a15663; 6c0cb65; f79cbbc
1 Peter,4,1Pet 4:8-13,10,added; other; provenance_added; removed_marked_historical,2622ee2; 440001d; 6a15663; 6c0cb65; f79cbbc
1 Peter,5,1Pet 5:1-12,13,added; bridge_basis_changed; other; provenance_added; removed_marked_historical,2622ee2; 350a0bd; 440001d; 6a15663; 6c0cb65; efbf63c; f79cbbc
1 Peter,5,1Pet 5:1-14,14,added; bridge_basis_changed; other; provenance_added; removed_marked_historical,2622ee2; 350a0bd; 440001d; 6a15663; 6c0cb65; efbf63c; f79cbbc
1 Peter,5,1Pet 5:1-5,10,added; other; provenance_added; removed_marked_historical,2622ee2; 440001d; 6a15663; 6c0cb65; f79cbbc
1 Peter,5,1Pet 5:5-12,10,added; other; provenance_added; removed_marked_historical,2622ee2; 440001d; 6a15663; 6c0cb65; f79cbbc
1 Peter,5,1Pet 5:5-14,14,added; bridge_basis_changed; other; provenance_added; removed_marked_historical,2622ee2; 350a0bd; 440001d; 6a15663; 6c0cb65; efbf63c; f79cbbc
2 Peter,1,2Pet 1:1-11,13,added; other; provenance_added; removed_marked_historical,2622ee2; 350a0bd; 440001d; 6a15663; 6c0cb65; efbf63c; f79cbbc
2 Peter,1,2Pet 1:1-18,10,added; other; provenance_added; removed_marked_historical,2622ee2; 440001d; 6a15663; 6c0cb65; f79cbbc
2 Peter,1,2Pet 1:1-8,14,added; bridge_basis_changed; other; provenance_added; removed_marked_historical,2622ee2; 350a0bd; 440001d; 6a15663; 6c0cb65; efbf63c; f79cbbc
2 Peter,1,2Pet 1:1-9,10,added; other; provenance_added; removed_marked_historical,2622ee2; 440001d; 6a15663; 6c0cb65; f79cbbc
2 Peter,1,2Pet 1:12-17,13,added; bridge_basis_changed; other; provenance_added; removed_marked_historical,2622ee2; 350a0bd; 440001d; 6a15663; 6c0cb65; efbf63c; f79cbbc
2 Peter,1,2Pet 1:12-19,13,added; bridge_basis_changed; other; provenance_added; removed_marked_historical,2622ee2; 350a0bd; 440001d; 6a15663; 6c0cb65; efbf63c; f79cbbc
2 Peter,1,2Pet 1:12-21,14,added; bridge_basis_changed; other; provenance_added; removed_marked_historical,2622ee2; 350a0bd; 440001d; 6a15663; 6c0cb65; efbf63c; f79cbbc
2 Peter,1,2Pet 1:19-21,14,added; bridge_basis_changed; other; provenance_added; removed_marked_historical,2622ee2; 350a0bd; 440001d; 6a15663; 6c0cb65; efbf63c; f79cbbc
2 Peter,1,2Pet 1:19-2:8,15,added; other; provenance_added; removed_marked_historical,2622ee2; 440001d; 6a15663; 6c0cb65; f79cbbc
2 Peter,1,2Pet 1:19-2:9,10,added; other; provenance_added; removed_marked_historical,2622ee2; 440001d; 6a15663; 6c0cb65; f79cbbc
2 Peter,1,2Pet 1:20-21,10,added; other; provenance_added; removed_marked_historical,2622ee2; 440001d; 6a15663; 6c0cb65; f79cbbc
2 Peter,1,2Pet 1:20-2:6,10,added; other; provenance_added; removed_marked_historical,2622ee2; 440001d; 6a15663; 6c0cb65; f79cbbc
2 Peter,1,2Pet 1:4-11,10,added; other; provenance_added; removed_marked_historical,2622ee2; 440001d; 6a15663; 6c0cb65; f79cbbc
2 Peter,2,2Pet 2:1-10,10,added; other; provenance_added; removed_marked_historical,2622ee2; 440001d; 6a15663; 6c0cb65; f79cbbc
2 Peter,2,2Pet 2:1-3,13,added; other; provenance_added; removed_marked_historical,2622ee2; 350a0bd; 440001d; 6a15663; 6c0cb65; efbf63c; f79cbbc
2 Peter,2,2Pet 2:1-6,10,added; other; provenance_added; removed_marked_historical,2622ee2; 440001d; 6a15663; 6c0cb65; f79cbbc
2 Peter,2,2Pet 2:1-8,14,added; bridge_basis_changed; other; provenance_added; removed_marked_historical,2622ee2; 350a0bd; 440001d; 6a15663; 6c0cb65; efbf63c; f79cbbc
2 Peter,2,2Pet 2:1-9,13,added; other; provenance_added; removed_marked_historical,2622ee2; 350a0bd; 440001d; 6a15663; 6c0cb65; efbf63c; f79cbbc
2 Peter,2,2Pet 2:2-8,10,added; other; provenance_added; removed_marked_historical,2622ee2; 440001d; 6a15663; 6c0cb65; f79cbbc
2 Peter,2,2Pet 2:9-15,10,added; other; provenance_added; removed_marked_historical,2622ee2; 440001d; 6a15663; 6c0cb65; f79cbbc
2 Peter,3,2Pet 3:1-18,13,added; bridge_basis_changed; other; provenance_added; removed_marked_historical,2622ee2; 350a0bd; 440001d; 6a15663; 6c0cb65; efbf63c; f79cbbc
2 Peter,3,2Pet 3:14-18,13,added; other; provenance_added; removed_marked_historical,2622ee2; 350a0bd; 440001d; 6a15663; 6c0cb65; efbf63c; f79cbbc
2 Peter,3,2Pet 3:8-15,10,added; other; provenance_added; removed_marked_historical,2622ee2; 440001d; 6a15663; 6c0cb65; f79cbbc
1 John,1,1Jn 1:1-10,14,added; bridge_basis_changed; other; provenance_added; removed_marked_historical,2622ee2; 350a0bd; 440001d; 6a15663; 6c0cb65; efbf63c; f79cbbc
1 John,1,1Jn 1:1-2:2,10,added; other; provenance_added; removed_marked_historical,2622ee2; 440001d; 6a15663; 6c0cb65; f79cbbc
1 John,1,1Jn 1:1-2:6,10,added; other; provenance_added; removed_marked_historical,2622ee2; 440001d; 6a15663; 6c0cb65; f79cbbc
1 John,1,1Jn 1:1-7,10,added; other; provenance_added; removed_marked_historical,2622ee2; 440001d; 6a15663; 6c0cb65; f79cbbc
1 John,1,1Jn 1:6-10,10,added; other; provenance_added; removed_marked_historical,2622ee2; 440001d; 6a15663; 6c0cb65; f79cbbc
1 John,1,1Jn 1:8-2,10,added; other; provenance_added; removed_marked_historical,2622ee2; 440001d; 6a15663; 6c0cb65; f79cbbc
1 John,1,1Jn 1:8-2:11,10,added; other; provenance_added; removed_marked_historical,2622ee2; 440001d; 6a15663; 6c0cb65; f79cbbc
1 John,2,1Jn 2:1-11,10,added; other; provenance_added; removed_marked_historical,2622ee2; 440001d; 6a15663; 6c0cb65; f79cbbc
1 John,2,1Jn 2:1-2,13,added; other; provenance_added; removed_marked_historical,2622ee2; 350a0bd; 440001d; 6a15663; 6c0cb65; efbf63c; f79cbbc
1 John,2,1Jn 2:1-6,14,added; bridge_basis_changed; other; provenance_added; removed_marked_historical,2622ee2; 350a0bd; 440001d; 6a15663; 6c0cb65; efbf63c; f79cbbc
1 John,2,1Jn 2:11-14,10,added; other; provenance_added; removed_marked_historical,2622ee2; 440001d; 6a15663; 6c0cb65; f79cbbc
1 John,2,1Jn 2:12-17,10,added; other; provenance_added; removed_marked_historical,2622ee2; 440001d; 6a15663; 6c0cb65; f79cbbc
1 John,2,1Jn 2:15-17,10,added; other; provenance_added; removed_marked_historical,2622ee2; 440001d; 6a15663; 6c0cb65; f79cbbc
1 John,2,1Jn 2:18-23,10,added; other; provenance_added; removed_marked_historical,2622ee2; 440001d; 6a15663; 6c0cb65; f79cbbc
1 John,2,1Jn 2:20-25,13,added; bridge_basis_changed; other; provenance_added; removed_marked_historical,2622ee2; 350a0bd; 440001d; 6a15663; 6c0cb65; efbf63c; f79cbbc
1 John,2,1Jn 2:20-3,10,added; other; provenance_added; removed_marked_historical,2622ee2; 440001d; 6a15663; 6c0cb65; f79cbbc
1 John,2,1Jn 2:20-3:1,10,added; other; provenance_added; removed_marked_historical,2622ee2; 440001d; 6a15663; 6c0cb65; f79cbbc
1 John,2,1Jn 2:21-25,10,added; other; provenance_added; removed_marked_historical,2622ee2; 440001d; 6a15663; 6c0cb65; f79cbbc
1 John,2,1Jn 2:24-29,13,added; other; provenance_added; removed_marked_historical,2622ee2; 350a0bd; 440001d; 6a15663; 6c0cb65; efbf63c; f79cbbc
1 John,2,1Jn 2:24-33,10,added; other; provenance_added; removed_marked_historical,2622ee2; 440001d; 6a15663; 6c0cb65; f79cbbc
1 John,2,1Jn 2:26-29,10,added; other; provenance_added; removed_marked_historical,2622ee2; 440001d; 6a15663; 6c0cb65; f79cbbc
1 John,2,1Jn 2:26-3:1,10,added; other; provenance_added; removed_marked_historical,2622ee2; 440001d; 6a15663; 6c0cb65; f79cbbc
1 John,2,1Jn 2:7-10,10,added; other; provenance_added; removed_marked_historical,2622ee2; 440001d; 6a15663; 6c0cb65; f79cbbc
1 John,2,1Jn 2:7-11,14,added; bridge_basis_changed; other; provenance_added; removed_marked_historical,2622ee2; 350a0bd; 440001d; 6a15663; 6c0cb65; efbf63c; f79cbbc
1 John,2,1Jn 2:7-17,14,added; bridge_basis_changed; other; provenance_added; removed_marked_historical,2622ee2; 350a0bd; 440001d; 6a15663; 6c0cb65; efbf63c; f79cbbc
1 John,3,1Jn 3:1,10,added; other; provenance_added; removed_marked_historical,2622ee2; 440001d; 6a15663; 6c0cb65; f79cbbc
1 John,3,1Jn 3:1-11,13,added; bridge_basis_changed; other; provenance_added; removed_marked_historical,2622ee2; 350a0bd; 440001d; 6a15663; 6c0cb65; efbf63c; f79cbbc
1 John,3,1Jn 3:1-3,13,added; other; provenance_added; removed_marked_historical,2622ee2; 350a0bd; 440001d; 6a15663; 6c0cb65; efbf63c; f79cbbc
1 John,3,1Jn 3:13-17,10,added; other; provenance_added; removed_marked_historical,2622ee2; 440001d; 6a15663; 6c0cb65; f79cbbc
1 John,3,1Jn 3:13-24,10,added; other; provenance_added; removed_marked_historical,2622ee2; 440001d; 6a15663; 6c0cb65; f79cbbc
1 John,3,1Jn 3:18-24,13,added; other; provenance_added; removed_marked_historical,2622ee2; 350a0bd; 440001d; 6a15663; 6c0cb65; efbf63c; f79cbbc
1 John,3,1Jn 3:2-11,10,added; other; provenance_added; removed_marked_historical,2622ee2; 440001d; 6a15663; 6c0cb65; f79cbbc
1 John,3,1Jn 3:2-3,10,added; other; provenance_added; removed_marked_historical,2622ee2; 440001d; 6a15663; 6c0cb65; f79cbbc
1 John,3,1Jn 3:21-24,10,added; other; provenance_added; removed_marked_historical,2622ee2; 440001d; 6a15663; 6c0cb65; f79cbbc
1 John,3,1Jn 3:8-12,13,added; other; provenance_added; removed_marked_historical,2622ee2; 350a0bd; 440001d; 6a15663; 6c0cb65; efbf63c; f79cbbc
1 John,4,1Jn 4:1-14,13,added; bridge_basis_changed; other; provenance_added; removed_marked_historical,2622ee2; 350a0bd; 440001d; 6a15663; 6c0cb65; efbf63c; f79cbbc
1 John,4,1Jn 4:1-6,10,added; other; provenance_added; removed_marked_historical,2622ee2; 440001d; 6a15663; 6c0cb65; f79cbbc
1 John,4,1Jn 4:11-17,10,added; other; provenance_added; removed_marked_historical,2622ee2; 440001d; 6a15663; 6c0cb65; f79cbbc
1 John,4,1Jn 4:11-21,13,added; bridge_basis_changed; other; provenance_added; removed_marked_historical,2622ee2; 350a0bd; 440001d; 6a15663; 6c0cb65; efbf63c; f79cbbc
1 John,4,1Jn 4:15-19,10,added; other; provenance_added; removed_marked_historical,2622ee2; 440001d; 6a15663; 6c0cb65; f79cbbc
1 John,4,1Jn 4:15-21,14,added; bridge_basis_changed; other; provenance_added; removed_marked_historical,2622ee2; 350a0bd; 440001d; 6a15663; 6c0cb65; efbf63c; f79cbbc
1 John,4,1Jn 4:15-5,10,added; other; provenance_added; removed_marked_historical,2622ee2; 440001d; 6a15663; 6c0cb65; f79cbbc
1 John,4,1Jn 4:15-5:1,10,added; other; provenance_added; removed_marked_historical,2622ee2; 440001d; 6a15663; 6c0cb65; f79cbbc
1 John,4,1Jn 4:15-5:4,10,added; other; provenance_added; removed_marked_historical,2622ee2; 440001d; 6a15663; 6c0cb65; f79cbbc
1 John,4,1Jn 4:18-5,10,added; other; provenance_added; removed_marked_historical,2622ee2; 440001d; 6a15663; 6c0cb65; f79cbbc
1 John,4,1Jn 4:18-5:1,10,added; other; provenance_added; removed_marked_historical,2622ee2; 440001d; 6a15663; 6c0cb65; f79cbbc
1 John,4,1Jn 4:7-13,10,added; other; provenance_added; removed_marked_historical,2622ee2; 440001d; 6a15663; 6c0cb65; f79cbbc
1 John,4,1Jn 4:7-16,10,added; other; provenance_added; removed_marked_historical,2622ee2; 440001d; 6a15663; 6c0cb65; f79cbbc
1 John,4,1Jn 4:7-19,14,added; bridge_basis_changed; other; provenance_added; removed_marked_historical,2622ee2; 350a0bd; 440001d; 6a15663; 6c0cb65; efbf63c; f79cbbc
1 John,4,1Jn 4:7-21,10,added; other; provenance_added; removed_marked_historical,2622ee2; 440001d; 6a15663; 6c0cb65; f79cbbc
1 John,5,1Jn 5:1-11,13,added; bridge_basis_changed; other; provenance_added; removed_marked_historical,2622ee2; 350a0bd; 440001d; 6a15663; 6c0cb65; efbf63c; f79cbbc
1 John,5,1Jn 5:1-21,10,added; other; provenance_added; removed_marked_historical,2622ee2; 440001d; 6a15663; 6c0cb65; f79cbbc
1 John,5,1Jn 5:1-4,14,added; bridge_basis_changed; other; provenance_added; removed_marked_historical,2622ee2; 350a0bd; 440001d; 6a15663; 6c0cb65; efbf63c; f79cbbc
1 John,5,1Jn 5:1-6,10,added; other; provenance_added; removed_marked_historical,2622ee2; 440001d; 6a15663; 6c0cb65; f79cbbc
1 John,5,1Jn 5:10-20,10,added; other; provenance_added; removed_marked_historical,2622ee2; 440001d; 6a15663; 6c0cb65; f79cbbc
1 John,5,1Jn 5:11-21,10,added; other; provenance_added; removed_marked_historical,2622ee2; 440001d; 6a15663; 6c0cb65; f79cbbc
1 John,5,1Jn 5:13-18,10,added; other; provenance_added; removed_marked_historical,2622ee2; 440001d; 6a15663; 6c0cb65; f79cbbc
1 John,5,1Jn 5:13-21,13,added; bridge_basis_changed; other; provenance_added; removed_marked_historical,2622ee2; 350a0bd; 440001d; 6a15663; 6c0cb65; efbf63c; f79cbbc
1 John,5,1Jn 5:14-21,10,added; other; provenance_added; removed_marked_historical,2622ee2; 440001d; 6a15663; 6c0cb65; f79cbbc
1 John,5,1Jn 5:5-13,14,added; bridge_basis_changed; other; provenance_added; removed_marked_historical,2622ee2; 350a0bd; 440001d; 6a15663; 6c0cb65; efbf63c; f79cbbc
1 John,5,1Jn 5:5-20,10,added; other; provenance_added; removed_marked_historical,2622ee2; 440001d; 6a15663; 6c0cb65; f79cbbc
1 John,5,1Jn 5:5-21,13,added; bridge_basis_changed; other; provenance_added; removed_marked_historical,2622ee2; 350a0bd; 440001d; 6a15663; 6c0cb65; efbf63c; f79cbbc
1 John,5,1Jn 5:9-12,10,added; other; provenance_added; removed_marked_historical,2622ee2; 440001d; 6a15663; 6c0cb65; f79cbbc
1 John,5,1Jn 5:9-13,10,added; other; provenance_added; removed_marked_historical,2622ee2; 440001d; 6a15663; 6c0cb65; f79cbbc
1 John,5,1Jn 5:9-21,13,added; bridge_basis_changed; other; provenance_added; removed_marked_historical,2622ee2; 350a0bd; 440001d; 6a15663; 6c0cb65; efbf63c; f79cbbc
2 John,1,2Jn 1:1-13,14,added; bridge_basis_changed; other; provenance_added; removed_marked_historical,2622ee2; 350a0bd; 440001d; 6a15663; 6c0cb65; efbf63c; f79cbbc
2 John,1,2Jn 1:1-8,10,added; other; provenance_added; removed_marked_historical,2622ee2; 440001d; 6a15663; 6c0cb65; f79cbbc
2 John,1,2Jn 1:8-13,10,added; other; provenance_added; removed_marked_historical,2622ee2; 440001d; 6a15663; 6c0cb65; f79cbbc
3 John,1,3Jn 1:1-14,14,added; bridge_basis_changed; other; provenance_added; removed_marked_historical,2622ee2; 350a0bd; 440001d; 6a15663; 6c0cb65; efbf63c; f79cbbc
3 John,1,3Jn 1:1-15,10,added; other; provenance_added; removed_marked_historical,2622ee2; 440001d; 6a15663; 6c0cb65; f79cbbc
3 John,1,3Jn 1:1-8,13,added; other; provenance_added; removed_marked_historical,2622ee2; 350a0bd; 440001d; 6a15663; 6c0cb65; efbf63c; f79cbbc
3 John,1,3Jn 1:10-15,10,added; other; provenance_added; removed_marked_historical,2622ee2; 440001d; 6a15663; 6c0cb65; f79cbbc
Jude,1,Jude 1:1-13,14,added; bridge_basis_changed; other; provenance_added; removed_marked_historical,2622ee2; 350a0bd; 440001d; 6a15663; 6c0cb65; efbf63c; f79cbbc
Jude,1,Jude 1:1-8,10,added; other; provenance_added; removed_marked_historical,2622ee2; 440001d; 6a15663; 6c0cb65; f79cbbc
Jude,1,Jude 1:14-25,13,added; other; provenance_added; removed_marked_historical,2622ee2; 350a0bd; 440001d; 6a15663; 6c0cb65; efbf63c; f79cbbc
Jude,1,Jude 1:17-25,10,added; other; provenance_added; removed_marked_historical,2622ee2; 440001d; 6a15663; 6c0cb65; f79cbbc
Jude,1,Jude 1:19-25,10,added; other; provenance_added; removed_marked_historical,2622ee2; 440001d; 6a15663; 6c0cb65; f79cbbc
Jude,1,Jude 1:22-25,10,added; other; provenance_added; removed_marked_historical,2622ee2; 440001d; 6a15663; 6c0cb65; f79cbbc
Tob,1,Tob 1:1-22,10,added; other; provenance_added; removed_marked_historical,2622ee2; 440001d; 6a15663; 6c0cb65; f79cbbc
Bar,2,Bar 2:11-16,10,added; other; provenance_added; removed_marked_historical,2622ee2; 440001d; 6a15663; 6c0cb65; f79cbbc
Tob,2,Tob 2:1-14,10,added; other; provenance_added; removed_marked_historical,2622ee2; 440001d; 6a15663; 6c0cb65; f79cbbc
Tob,3,Tob 3:1-6,10,added; other; provenance_added; removed_marked_historical,2622ee2; 440001d; 6a15663; 6c0cb65; f79cbbc
Tob,3,Tob 3:16-17,10,added; other; provenance_added; removed_marked_historical,2622ee2; 440001d; 6a15663; 6c0cb65; f79cbbc
Tob,3,Tob 3:7-15,10,added; other; provenance_added; removed_marked_historical,2622ee2; 440001d; 6a15663; 6c0cb65; f79cbbc
Tob,4,Tob 4:1-21,10,added; other; provenance_added; removed_marked_historical,2622ee2; 440001d; 6a15663; 6c0cb65; f79cbbc
Tob,5,Tob 5:1-22,10,added; other; provenance_added; removed_marked_historical,2622ee2; 440001d; 6a15663; 6c0cb65; f79cbbc
Tob,6,Tob 6:1-8,10,added; other; provenance_added; removed_marked_historical,2622ee2; 440001d; 6a15663; 6c0cb65; f79cbbc
Tob,6,Tob 6:9-17,10,added; other; provenance_added; removed_marked_historical,2622ee2; 440001d; 6a15663; 6c0cb65; f79cbbc
Tob,7,Tob 7:1-18,10,added; other; provenance_added; removed_marked_historical,2622ee2; 440001d; 6a15663; 6c0cb65; f79cbbc
Tob,8,Tob 8:1-21,10,added; other; provenance_added; removed_marked_historical,2622ee2; 440001d; 6a15663; 6c0cb65; f79cbbc
Tob,9,Tob 9:1-6,10,added; other; provenance_added; removed_marked_historical,2622ee2; 440001d; 6a15663; 6c0cb65; f79cbbc
Tob,10,Tob 10:1-12,10,added; other; provenance_added; removed_marked_historical,2622ee2; 440001d; 6a15663; 6c0cb65; f79cbbc
Tob,11,Tob 11:1-19,10,added; other; provenance_added; removed_marked_historical,2622ee2; 440001d; 6a15663; 6c0cb65; f79cbbc
Tob,12,Tob 12:1-22,10,added; other; provenance_added; removed_marked_historical,2622ee2; 440001d; 6a15663; 6c0cb65; f79cbbc
Tob,13,Tob 13:1-18,10,added; other; provenance_added; removed_marked_historical,2622ee2; 440001d; 6a15663; 6c0cb65; f79cbbc
Tob,14,Tob 14:1-15,10,added; other; provenance_added; removed_marked_historical,2622ee2; 440001d; 6a15663; 6c0cb65; f79cbbc
LXX Ps,41,LXX Ps 41:1 (MT equivalent pending),16,added; other; provenance_added; removed_marked_historical,04cc512; 2622ee2; 440001d; 6a15663; 6c0cb65; f79cbbc
