testament,book,chapter,matched_reading_ref,identity_key,occasion_id,occasion_short_label,season,service,hour,slot,status,attesting_edition
New Testament,1 Corinthians,10,1Cor 10:1-13,rid_f72fd6622211f0669570,friday-of-the-sixth-week-of-great-lent,Friday of the sixth week of Great Lent,Great Lent,Liturgy,,Pauline Epistle,current_public_or_local_reference,local cache covering 2020 to 2035
New Testament,1 Corinthians,10,1Cor 10:1-13,rid_f72fd6622211f0669570,great-lent-jonah-nineveh-cycle,Great Lent/Jonah/Nineveh cycle,Great Lent,liturgy_pauline,,liturgy_pauline,current_public_or_local_reference,local repo snapshot of pierresaid Katameros API SQLite database
New Testament,1 Corinthians,10,1Cor 10:1-13,rid_f72fd6622211f0669570,liturgy-of-the-waters,liturgy_of_the_waters,Special service,main_readings,,main_readings,current_public_or_local_reference,local package snapshot
New Testament,1 Corinthians,10,1Cor 10:14-11:1,rid_f3ad0137d2cc8b9a757c,thursday-of-the-fifth-week-of-great-lent,Thursday of the fifth week of Great Lent,Great Lent,Liturgy,,Pauline Epistle,current_public_or_local_reference,local cache covering 2020 to 2035
New Testament,1 Corinthians,10,1Cor 10:14-33,rid_5a50638a444324892993,great-lent-jonah-nineveh-cycle,Great Lent/Jonah/Nineveh cycle,Great Lent,liturgy_pauline,,liturgy_pauline,current_public_or_local_reference,local repo snapshot of pierresaid Katameros API SQLite database
New Testament,1 Corinthians,10,1Cor 10:25-11:1,rid_4e11f77bd111d515b22e,mesra-29,Mesra 29,Annual / fixed or ordinary cycle,Liturgy,,Pauline Epistle,current_public_or_local_reference,local cache covering 2020 to 2035
New Testament,1 Corinthians,10,1Cor 10:25-32,rid_d5c6b4ed8367a4bcb035,mesra-29-01,"The Martyrdom of Sts. Athanasius, the Bishop, Gerasimus (Jarasimus), and Theodotus",Annual / fixed or ordinary cycle,liturgy_pauline,,liturgy_pauline,current_public_or_local_reference,local repo snapshot of pierresaid Katameros API SQLite database
New Testament,1 Corinthians,11,1Cor 11:1,rid_ba68661deadf64018e16,great-lent-jonah-nineveh-cycle,Great Lent/Jonah/Nineveh cycle,Great Lent,liturgy_pauline,,liturgy_pauline,current_public_or_local_reference,local repo snapshot of pierresaid Katameros API SQLite database
New Testament,1 Corinthians,11,1Cor 11:1,rid_ba68661deadf64018e16,mesra-29-01,"The Martyrdom of Sts. Athanasius, the Bishop, Gerasimus (Jarasimus), and Theodotus",Annual / fixed or ordinary cycle,liturgy_pauline,,liturgy_pauline,current_public_or_local_reference,local repo snapshot of pierresaid Katameros API SQLite database
New Testament,1 Corinthians,11,1Cor 11:2-16,rid_c3d717a36e1c02bc8675,friday-of-the-sixth-week-of-the-holy-fifty-days,Friday of the sixth week of the holy fifty days,Holy Fifty Days,Liturgy,,Pauline Epistle,current_public_or_local_reference,local cache covering 2020 to 2035
New Testament,1 Corinthians,11,1Cor 11:2-16,rid_c3d717a36e1c02bc8675,holy-fifty-days-pentecost-cycle,Holy Fifty Days/Pentecost cycle,Holy Fifty Days,liturgy_pauline,,liturgy_pauline,current_public_or_local_reference,local repo snapshot of pierresaid Katameros API SQLite database
New Testament,1 Corinthians,11,1Cor 11:23-34,rid_050475f781f932c674c6,the-covenant-thursday,the Covenant Thursday,Pascha / Holy Week,Liturgy,Liturgy,Pauline,historical_witness,"Lent 1734 A.M., 2018 A.D. eBook extracted text"
New Testament,1 Corinthians,12,1Cor 12:1-31,rid_5fa4e81d52e23be6f2b5,holy-fifty-days-pentecost-cycle,Holy Fifty Days/Pentecost cycle,Holy Fifty Days,liturgy_pauline,,liturgy_pauline,current_public_or_local_reference,local repo snapshot of pierresaid Katameros API SQLite database
New Testament,1 Corinthians,12,1Cor 12:1-31,rid_5fa4e81d52e23be6f2b5,pentecost,Pentecost,Holy Fifty Days,Liturgy,,Pauline Epistle,current_public_or_local_reference,local cache covering 2020 to 2035
New Testament,1 Corinthians,12,1Cor 12:28-13:8,rid_f2d4b37700ebd0305b6f,unction-of-the-sick,unction_of_the_sick,Special service,third_prayer,,third_prayer,current_public_or_local_reference,local package snapshot
New Testament,1 Corinthians,12,1Cor 12:28-31,rid_8213ac1cca66b6f6ddfb,pentecost-prostration,pentecost_prostration,Holy Fifty Days,main_readings,,main_readings,current_public_or_local_reference,local package snapshot
New Testament,1 Corinthians,12,1Cor 12:31,rid_657ca0718814bb870b2b,great-lent-jonah-nineveh-cycle,Great Lent/Jonah/Nineveh cycle,Great Lent,liturgy_pauline,,liturgy_pauline,current_public_or_local_reference,local repo snapshot of pierresaid Katameros API SQLite database
New Testament,1 Corinthians,12,1Cor 12:31,rid_657ca0718814bb870b2b,holy-fifty-days-pentecost-cycle,Holy Fifty Days/Pentecost cycle,Holy Fifty Days,liturgy_pauline,,liturgy_pauline,current_public_or_local_reference,local repo snapshot of pierresaid Katameros API SQLite database
New Testament,1 Corinthians,12,1Cor 12:31-14:1,rid_7d326b9e0ee3d70dd193,thursday-of-the-fourth-week-of-great-lent,Thursday of the fourth week of Great Lent,Great Lent,Liturgy,,Pauline Epistle,current_public_or_local_reference,local cache covering 2020 to 2035
New Testament,1 Corinthians,12,1Cor 12:31-14:4,rid_b95773cfc79913d81f5c,saturday-of-the-seventh-week-of-the-holy-fifty-days,Saturday of the seventh week of the holy fifty days,Holy Fifty Days,Liturgy,,Pauline Epistle,current_public_or_local_reference,local cache covering 2020 to 2035
New Testament,1 Corinthians,13,1Cor 13:1-12,rid_c2cb4f70461f4e0c7e56,pentecost-prostration,pentecost_prostration,Holy Fifty Days,main_readings,,main_readings,current_public_or_local_reference,local package snapshot
New Testament,1 Corinthians,13,1Cor 13:1-13,rid_bc9bf43f3795d2c1c256,great-lent-jonah-nineveh-cycle,Great Lent/Jonah/Nineveh cycle,Great Lent,liturgy_pauline,,liturgy_pauline,current_public_or_local_reference,local repo snapshot of pierresaid Katameros API SQLite database
New Testament,1 Corinthians,13,1Cor 13:1-13,rid_bc9bf43f3795d2c1c256,holy-fifty-days-pentecost-cycle,Holy Fifty Days/Pentecost cycle,Holy Fifty Days,liturgy_pauline,,liturgy_pauline,current_public_or_local_reference,local repo snapshot of pierresaid Katameros API SQLite database
New Testament,1 Corinthians,13,1Cor 13:11-13,rid_ef7788ec8f9722572282,tubah-03-01,The Commemoration of the Slain Children of Bethlehem by the Order of King Herod,Annual / fixed or ordinary cycle,liturgy_pauline,,liturgy_pauline,current_public_or_local_reference,local repo snapshot of pierresaid Katameros API SQLite database
New Testament,1 Corinthians,13,1Cor 13:11-14:4,rid_4a1a20a9746147f21b9c,amshir-7,Amshir 7,Annual / fixed or ordinary cycle,Liturgy,,Pauline Epistle,current_public_or_local_reference,local cache covering 2020 to 2035
New Testament,1 Corinthians,13,1Cor 13:11-14:4,rid_4a1a20a9746147f21b9c,fast-of-nineveh,Fast of Nineveh,Annual / fixed or ordinary cycle,Liturgy,,Pauline Epistle,current_public_or_local_reference,local cache covering 2020 to 2035
New Testament,1 Corinthians,13,1Cor 13:11-14:4,rid_4a1a20a9746147f21b9c,toba-3,Toba 3,Annual / fixed or ordinary cycle,Liturgy,,Pauline Epistle,current_public_or_local_reference,local cache covering 2020 to 2035
New Testament,1 Corinthians,13,1Cor 13:13-14:17,rid_1e69c4e36860c6ab7a52,pentecost-prostration,pentecost_prostration,Holy Fifty Days,main_readings,,main_readings,current_public_or_local_reference,local package snapshot
New Testament,1 Corinthians,14,1Cor 14:1,rid_a5863c59d0537664e6c2,great-lent-jonah-nineveh-cycle,Great Lent/Jonah/Nineveh cycle,Great Lent,liturgy_pauline,,liturgy_pauline,current_public_or_local_reference,local repo snapshot of pierresaid Katameros API SQLite database
New Testament,1 Corinthians,14,1Cor 14:1-4,rid_562685130a71f3ea6163,holy-fifty-days-pentecost-cycle,Holy Fifty Days/Pentecost cycle,Holy Fifty Days,liturgy_pauline,,liturgy_pauline,current_public_or_local_reference,local repo snapshot of pierresaid Katameros API SQLite database
New Testament,1 Corinthians,14,1Cor 14:1-4,rid_562685130a71f3ea6163,tubah-03-01,The Commemoration of the Slain Children of Bethlehem by the Order of King Herod,Annual / fixed or ordinary cycle,liturgy_pauline,,liturgy_pauline,current_public_or_local_reference,local repo snapshot of pierresaid Katameros API SQLite database
New Testament,1 Corinthians,14,1Cor 14:12-17,rid_8912b338be418f50c3ed,friday-of-the-seventh-week-of-the-holy-fifty-days,Friday of the seventh week of the holy fifty days,Holy Fifty Days,Liturgy,,Pauline Epistle,current_public_or_local_reference,local cache covering 2020 to 2035
New Testament,1 Corinthians,14,1Cor 14:12-17,rid_8912b338be418f50c3ed,holy-fifty-days-pentecost-cycle,Holy Fifty Days/Pentecost cycle,Holy Fifty Days,liturgy_pauline,,liturgy_pauline,current_public_or_local_reference,local repo snapshot of pierresaid Katameros API SQLite database
New Testament,1 Corinthians,14,1Cor 14:18-25,rid_88900cd8f9e3ee22a25a,the-fifth-sunday-of-abib,The fifth Sunday of Abib,Annual / fixed or ordinary cycle,Liturgy,,Pauline Epistle,current_public_or_local_reference,local cache covering 2020 to 2035
New Testament,1 Corinthians,14,1Cor 14:18-25,rid_88900cd8f9e3ee22a25a,the-fifth-sunday-of-bashons,The fifth Sunday of Bashons,Annual / fixed or ordinary cycle,Liturgy,,Pauline Epistle,current_public_or_local_reference,local cache covering 2020 to 2035
New Testament,1 Corinthians,14,1Cor 14:18-25,rid_88900cd8f9e3ee22a25a,the-fifth-sunday-of-mesra,The fifth Sunday of Mesra,Annual / fixed or ordinary cycle,Liturgy,,Pauline Epistle,current_public_or_local_reference,local cache covering 2020 to 2035
New Testament,1 Corinthians,14,1Cor 14:18-25,rid_88900cd8f9e3ee22a25a,the-fifth-sunday-of-paona,The fifth Sunday of Paona,Annual / fixed or ordinary cycle,Liturgy,,Pauline Epistle,current_public_or_local_reference,local cache covering 2020 to 2035
New Testament,1 Corinthians,14,1Cor 14:18-25,rid_88900cd8f9e3ee22a25a,baramhat-05-01,"The Departure of Anba Serapamon, Archpriest of Abba Yehnis (John) monastery",Annual / fixed or ordinary cycle,liturgy_pauline,,liturgy_pauline,current_public_or_local_reference,local repo snapshot of pierresaid Katameros API SQLite database
New Testament,1 Corinthians,14,1Cor 14:18-28,rid_6a9410f6d9c360b425e5,great-lent-jonah-nineveh-cycle,Great Lent/Jonah/Nineveh cycle,Great Lent,liturgy_pauline,,liturgy_pauline,current_public_or_local_reference,local repo snapshot of pierresaid Katameros API SQLite database
New Testament,1 Corinthians,14,1Cor 14:18-28,rid_6a9410f6d9c360b425e5,tuesday-of-the-sixth-week-of-great-lent,Tuesday of the sixth week of Great Lent,Great Lent,Liturgy,,Pauline Epistle,current_public_or_local_reference,local cache covering 2020 to 2035
New Testament,1 Corinthians,14,1Cor 14:18-33,rid_ce47e31e4d0fa95fb300,the-fourth-sunday-of-bashons,The fourth Sunday of Bashons,Annual / fixed or ordinary cycle,Liturgy,,Pauline Epistle,current_public_or_local_reference,local cache covering 2020 to 2035
New Testament,1 Corinthians,14,1Cor 14:18-33,rid_ce47e31e4d0fa95fb300,bashans-04-01,"The Departure of Pope John (Youhanna) the First, the Twenty Ninth Patriarch of the See of St. Mark",Annual / fixed or ordinary cycle,liturgy_pauline,,liturgy_pauline,current_public_or_local_reference,local repo snapshot of pierresaid Katameros API SQLite database
New Testament,1 Corinthians,14,1Cor 14:18-40,rid_50539ad2fbcd0ae35fe5,pentecost-prostration,pentecost_prostration,Holy Fifty Days,main_readings,,main_readings,current_public_or_local_reference,local package snapshot
New Testament,1 Corinthians,14,1Cor 14:5-11,rid_62e55b71e4923a37c013,holy-fifty-days-pentecost-cycle,Holy Fifty Days/Pentecost cycle,Holy Fifty Days,liturgy_pauline,,liturgy_pauline,current_public_or_local_reference,local repo snapshot of pierresaid Katameros API SQLite database
New Testament,1 Corinthians,14,1Cor 14:5-11,rid_62e55b71e4923a37c013,thursday-of-the-seventh-week-of-the-holy-fifty-days,Thursday of the seventh week of the holy fifty days,Holy Fifty Days,Liturgy,,Pauline Epistle,current_public_or_local_reference,local cache covering 2020 to 2035
New Testament,1 Corinthians,14,1Cor 14:5-11,rid_62e55b71e4923a37c013,thursday-of-the-seventh-week-of-the-holy-fifty-days-and-the-feast-of-entry-into-egypt,Thursday of the seventh week of the holy fifty days and the Feast of Entry into Egypt,Holy Fifty Days,Liturgy,,Pauline Epistle,current_public_or_local_reference,local cache covering 2020 to 2035
New Testament,1 Corinthians,14,1Cor 14:5-17,rid_0fabf79268fbc6a8f389,great-lent-jonah-nineveh-cycle,Great Lent/Jonah/Nineveh cycle,Great Lent,liturgy_pauline,,liturgy_pauline,current_public_or_local_reference,local repo snapshot of pierresaid Katameros API SQLite database
New Testament,1 Corinthians,14,1Cor 14:5-17,rid_0fabf79268fbc6a8f389,tuesday-of-the-seventh-week-of-great-lent,Tuesday of the seventh week of Great Lent,Great Lent,Liturgy,,Pauline Epistle,current_public_or_local_reference,local cache covering 2020 to 2035
New Testament,1 Corinthians,15,1Cor 15:1-22,rid_510ef64cea70eb604bf0,bright-saturday,Bright Saturday,Pascha / Holy Week,Liturgy,Liturgy,Pauline,current_working_source_not_coptic_reader_checked,local repo snapshot of pierresaid Katameros API SQLite database
New Testament,1 Corinthians,15,1Cor 15:1-22,rid_510ef64cea70eb604bf0,st-basil-liturgy-liturgy-of-the-word,ST. BASIL LITURGY – LITURGY OF THE WORD,Pascha / Holy Week,Liturgy,,Pauline Epistle,current_public_or_local_reference,local package snapshot
New Testament,1 Corinthians,15,1Cor 15:1-23,rid_f4849efdaf2a771b63bb,funeral,funeral,Special service,part_1,,part_1,current_public_or_local_reference,local package snapshot
New Testament,1 Corinthians,15,1Cor 15:1-27,rid_654ca9e2542635d77575,general-funeral,general_funeral,Special service,main_readings,,main_readings,current_public_or_local_reference,local package snapshot
New Testament,1 Corinthians,15,1Cor 15:23-49,rid_b5376eb8e7fff035261d,holy-fifty-days-pentecost-cycle,Holy Fifty Days/Pentecost cycle,Holy Fifty Days,liturgy_pauline,,liturgy_pauline,current_public_or_local_reference,local repo snapshot of pierresaid Katameros API SQLite database
New Testament,1 Corinthians,15,1Cor 15:23-49,rid_b5376eb8e7fff035261d,the-feast-of-resurrection,The Feast of Resurrection,Annual / fixed or ordinary cycle,Liturgy,,Pauline Epistle,current_public_or_local_reference,local cache covering 2020 to 2035
New Testament,1 Corinthians,15,1Cor 15:39-49,rid_0a2357fd9efb6dbd9e7e,funeral,funeral,Special service,part_2,,part_2,current_public_or_local_reference,local package snapshot
New Testament,1 Corinthians,15,1Cor 15:50-58,rid_f4a57c595ed485c766ce,holy-fifty-days-pentecost-cycle,Holy Fifty Days/Pentecost cycle,Holy Fifty Days,liturgy_pauline,,liturgy_pauline,current_public_or_local_reference,local repo snapshot of pierresaid Katameros API SQLite database
New Testament,1 Corinthians,15,1Cor 15:50-58,rid_f4a57c595ed485c766ce,wednesday-of-the-first-week-of-the-holy-fifty-days,Wednesday of the first week of the holy fifty days,Holy Fifty Days,Liturgy,,Pauline Epistle,current_public_or_local_reference,local cache covering 2020 to 2035
New Testament,1 Corinthians,15,1Cor 15:50-58,rid_f4a57c595ed485c766ce,funeral,funeral,Special service,part_5,,part_5,current_public_or_local_reference,local package snapshot
New Testament,1 Corinthians,15,1Cor 15:57-16,rid_9c927e9afe30d7a8741e,holy-fifty-days-pentecost-cycle,Holy Fifty Days/Pentecost cycle,Holy Fifty Days,liturgy_pauline,,liturgy_pauline,current_public_or_local_reference,local repo snapshot of pierresaid Katameros API SQLite database
New Testament,1 Corinthians,15,1Cor 15:57-16:8,rid_ca7f7d462f90bd19a5b4,sunday-of-the-sixth-week-of-the-holy-fifty-days,Sunday of the sixth week of the holy fifty days,Holy Fifty Days,Liturgy,,Pauline Epistle,current_public_or_local_reference,local cache covering 2020 to 2035
New Testament,1 Corinthians,15,1Cor 15:57-16:8,rid_ca7f7d462f90bd19a5b4,sunday-of-the-sixth-week-of-the-holy-fifty-days-and-the-feast-of-entry-into-egypt,Sunday of the sixth week of the holy fifty days and the Feast of Entry into Egypt,Holy Fifty Days,Liturgy,,Pauline Epistle,current_public_or_local_reference,local cache covering 2020 to 2035
New Testament,1 Corinthians,16,1Cor 16:12-23,rid_b00f5051d7b98f2cd736,the-third-sunday-of-baba,The third Sunday of Baba,Annual / fixed or ordinary cycle,Liturgy,,Pauline Epistle,current_public_or_local_reference,local cache covering 2020 to 2035
New Testament,1 Corinthians,16,1Cor 16:12-24,rid_b26f6d285b33240934a2,babah-03-01,"The Departure of St. Simon II, 51st Pope of the See of St. Mark",Annual / fixed or ordinary cycle,liturgy_pauline,,liturgy_pauline,current_public_or_local_reference,local repo snapshot of pierresaid Katameros API SQLite database
New Testament,1 Corinthians,1,1Cor 1:1-16,rid_3d299c713070875f48f4,the-fourth-sunday-of-amshir,The fourth Sunday of Amshir,Annual / fixed or ordinary cycle,Liturgy,,Pauline Epistle,current_public_or_local_reference,local cache covering 2020 to 2035
New Testament,1 Corinthians,1,1Cor 1:1-16,rid_3d299c713070875f48f4,amshir-04-01,"The Martyrdom of St. Agabus, One of the Seventy Disciples",Annual / fixed or ordinary cycle,liturgy_pauline,,liturgy_pauline,current_public_or_local_reference,local repo snapshot of pierresaid Katameros API SQLite database
New Testament,1 Corinthians,1,1Cor 1:1-17,rid_c56c5ecd4867429784bb,epiphany-paramoune,Epiphany Paramoune,Annual / fixed or ordinary cycle,Liturgy,,Pauline Epistle,current_public_or_local_reference,local cache covering 2020 to 2035
New Testament,1 Corinthians,1,1Cor 1:1-17,rid_c56c5ecd4867429784bb,tubah-10-01,Paramouni of Holy Theophany (Epiphany),Annual / fixed or ordinary cycle,liturgy_pauline,,liturgy_pauline,current_public_or_local_reference,local repo snapshot of pierresaid Katameros API SQLite database
New Testament,1 Corinthians,1,1Cor 1:17-31,rid_f48f7d55b9548abdea42,baramhat-10-01,Commemoration Of the Appearance Of The Glorious Cross,Annual / fixed or ordinary cycle,liturgy_pauline,,liturgy_pauline,current_public_or_local_reference,local repo snapshot of pierresaid Katameros API SQLite database
New Testament,1 Corinthians,1,1Cor 1:17-31,rid_f48f7d55b9548abdea42,friday-of-the-second-week-of-great-lent-br-feast-of-the-cross-readings-of-10th-baramhat,Friday of the second week of Great Lent <br>(Feast of the Cross - Readings of 10th Baramhat),Great Lent,Liturgy,,Pauline Epistle,current_public_or_local_reference,local cache covering 2020 to 2035
New Testament,1 Corinthians,1,1Cor 1:17-31,rid_f48f7d55b9548abdea42,mesra-12-01,The Commemoration of the Honorable Archangel Michael,Annual / fixed or ordinary cycle,Liturgy,,Pauline Epistle,current_public_or_local_reference,local cache covering 2020 to 2035
New Testament,1 Corinthians,1,1Cor 1:17-31,rid_f48f7d55b9548abdea42,mesra-12-01,The Commemoration of the Honorable Archangel Michael,Annual / fixed or ordinary cycle,liturgy_pauline,,liturgy_pauline,current_public_or_local_reference,local repo snapshot of pierresaid Katameros API SQLite database
New Testament,1 Corinthians,1,1Cor 1:17-31,rid_f48f7d55b9548abdea42,monday-of-the-sixth-week-of-great-lent-br-feast-of-the-cross-readings-of-10th-baramhat,Monday of the sixth week of Great Lent <br>(Feast of the Cross - Readings of 10th Baramhat),Great Lent,Liturgy,,Pauline Epistle,current_public_or_local_reference,local cache covering 2020 to 2035
New Testament,1 Corinthians,1,1Cor 1:17-31,rid_f48f7d55b9548abdea42,monday-of-the-third-week-of-great-lent-br-feast-of-the-cross-readings-of-10th-baramhat,Monday of the third week of Great Lent <br>(Feast of the Cross - Readings of 10th Baramhat),Great Lent,Liturgy,,Pauline Epistle,current_public_or_local_reference,local cache covering 2020 to 2035
New Testament,1 Corinthians,1,1Cor 1:17-31,rid_f48f7d55b9548abdea42,saturday-of-the-third-week-of-great-lent-br-feast-of-the-cross-readings-of-10th-baramhat,Saturday of the third week of Great Lent <br>(Feast of the Cross - Readings of 10th Baramhat),Great Lent,Liturgy,,Pauline Epistle,current_public_or_local_reference,local cache covering 2020 to 2035
New Testament,1 Corinthians,1,1Cor 1:17-31,rid_f48f7d55b9548abdea42,sunday-of-the-fifth-week-of-great-lent-br-feast-of-the-cross-readings-of-10th-baramhat,Sunday of the fifth week of Great Lent <br>(Feast of the Cross - Readings of 10th Baramhat),Great Lent,Liturgy,,Pauline Epistle,current_public_or_local_reference,local cache covering 2020 to 2035
New Testament,1 Corinthians,1,1Cor 1:17-31,rid_f48f7d55b9548abdea42,sunday-of-the-fourth-week-of-great-lent-br-feast-of-the-cross-readings-of-10th-baramhat,Sunday of the fourth week of Great Lent <br>(Feast of the Cross - Readings of 10th Baramhat),Great Lent,Liturgy,,Pauline Epistle,current_public_or_local_reference,local cache covering 2020 to 2035
New Testament,1 Corinthians,1,1Cor 1:17-31,rid_f48f7d55b9548abdea42,tut-17-01,The Feast of the Consecration of the Church of the Honorable Cross,Annual / fixed or ordinary cycle,Liturgy,,Pauline Epistle,current_public_or_local_reference,local cache covering 2020 to 2035
New Testament,1 Corinthians,1,1Cor 1:17-31,rid_f48f7d55b9548abdea42,thursday-of-the-fifth-week-of-great-lent-br-feast-of-the-cross-readings-of-10th-baramhat,Thursday of the fifth week of Great Lent <br>(Feast of the Cross - Readings of 10th Baramhat),Great Lent,Liturgy,,Pauline Epistle,current_public_or_local_reference,local cache covering 2020 to 2035
New Testament,1 Corinthians,1,1Cor 1:17-31,rid_f48f7d55b9548abdea42,thursday-of-the-fourth-week-of-great-lent-br-feast-of-the-cross-readings-of-10th-baramhat,Thursday of the fourth week of Great Lent <br>(Feast of the Cross - Readings of 10th Baramhat),Great Lent,Liturgy,,Pauline Epistle,current_public_or_local_reference,local cache covering 2020 to 2035
New Testament,1 Corinthians,1,1Cor 1:17-31,rid_f48f7d55b9548abdea42,tuesday-of-the-second-week-of-great-lent-br-feast-of-the-cross-readings-of-10th-baramhat,Tuesday of the second week of Great Lent <br>(Feast of the Cross - Readings of 10th Baramhat),Great Lent,Liturgy,,Pauline Epistle,current_public_or_local_reference,local cache covering 2020 to 2035
New Testament,1 Corinthians,1,1Cor 1:17-31,rid_f48f7d55b9548abdea42,tuesday-of-the-third-week-of-great-lent-br-feast-of-the-cross-readings-of-10th-baramhat,Tuesday of the third week of Great Lent <br>(Feast of the Cross - Readings of 10th Baramhat),Great Lent,Liturgy,,Pauline Epistle,current_public_or_local_reference,local cache covering 2020 to 2035
New Testament,1 Corinthians,1,1Cor 1:17-31,rid_f48f7d55b9548abdea42,tut-17-01,The Feast of the Consecration of the Church of the Honorable Cross,Annual / fixed or ordinary cycle,liturgy_pauline,,liturgy_pauline,current_public_or_local_reference,local repo snapshot of pierresaid Katameros API SQLite database
New Testament,1 Corinthians,1,1Cor 1:17-31,rid_f48f7d55b9548abdea42,wednesday-of-the-fifth-week-of-great-lent-br-feast-of-the-cross-readings-of-10th-baramhat,Wednesday of the fifth week of Great Lent <br>(Feast of the Cross - Readings of 10th Baramhat),Great Lent,Liturgy,,Pauline Epistle,current_public_or_local_reference,local cache covering 2020 to 2035
New Testament,1 Corinthians,1,1Cor 1:17-31,rid_f48f7d55b9548abdea42,wednesday-of-the-fourth-week-of-great-lent-br-feast-of-the-cross-readings-of-10th-baramhat,Wednesday of the fourth week of Great Lent <br>(Feast of the Cross - Readings of 10th Baramhat),Great Lent,Liturgy,,Pauline Epistle,current_public_or_local_reference,local cache covering 2020 to 2035
New Testament,1 Corinthians,1,1Cor 1:23-2:5,rid_65e4f9cea487eb2f68e7,good-friday,Good Friday,Pascha / Holy Week,First Hour,First Hour,Pauline,historical_witness,"Lent 1734 A.M., 2018 A.D. eBook extracted text"
New Testament,1 Corinthians,2,1Cor 2:1-16,rid_50a6694c3f52d0c2abca,the-third-sunday-of-tout,The third Sunday of Tout,Annual / fixed or ordinary cycle,Liturgy,,Pauline Epistle,current_public_or_local_reference,local cache covering 2020 to 2035
New Testament,1 Corinthians,2,1Cor 2:1-16,rid_50a6694c3f52d0c2abca,tut-03-01,A Council held in the city of Alexandria,Annual / fixed or ordinary cycle,liturgy_pauline,,liturgy_pauline,current_public_or_local_reference,local repo snapshot of pierresaid Katameros API SQLite database
New Testament,1 Corinthians,2,1Cor 2:1-8,rid_afb964274d93f8e283f9,great-lent-jonah-nineveh-cycle,Great Lent/Jonah/Nineveh cycle,Great Lent,liturgy_pauline,,liturgy_pauline,current_public_or_local_reference,local repo snapshot of pierresaid Katameros API SQLite database
New Testament,1 Corinthians,2,1Cor 2:1-8,rid_afb964274d93f8e283f9,lazarus-saturday-of-great-lent,Lazarus Saturday of Great Lent,Great Lent,Liturgy,,Pauline Epistle,current_public_or_local_reference,local cache covering 2020 to 2035
New Testament,1 Corinthians,2,1Cor 2:6-16,rid_deee8e51f32e0fb0c5fe,the-second-sunday-of-paona,The second Sunday of Paona,Annual / fixed or ordinary cycle,Liturgy,,Pauline Epistle,current_public_or_local_reference,local cache covering 2020 to 2035
New Testament,1 Corinthians,2,1Cor 2:6-16,rid_deee8e51f32e0fb0c5fe,baunah-02-01,The Commemoration of the Appearance of the Bodies of St. John the Baptist and Elisha the Prophet,Annual / fixed or ordinary cycle,liturgy_pauline,,liturgy_pauline,current_public_or_local_reference,local repo snapshot of pierresaid Katameros API SQLite database
New Testament,1 Corinthians,3,1Cor 3:1-8,rid_841929ca36fafb1704a8,abib-15-01,The Departure of St. Ephraem El-Soriani (The Syrian),Annual / fixed or ordinary cycle,Liturgy,,Pauline Epistle,current_public_or_local_reference,local cache covering 2020 to 2035
New Testament,1 Corinthians,3,1Cor 3:1-8,rid_841929ca36fafb1704a8,abib-15-01,The Departure of St. Ephraem El-Soriani (The Syrian),Annual / fixed or ordinary cycle,liturgy_pauline,,liturgy_pauline,current_public_or_local_reference,local repo snapshot of pierresaid Katameros API SQLite database
New Testament,1 Corinthians,3,1Cor 3:1-8,rid_841929ca36fafb1704a8,amshir-30-01,The Appearance of the Head of St. John the Baptist,Annual / fixed or ordinary cycle,liturgy_pauline,,liturgy_pauline,current_public_or_local_reference,local repo snapshot of pierresaid Katameros API SQLite database
New Testament,1 Corinthians,3,1Cor 3:1-8,rid_841929ca36fafb1704a8,amshir-09-01,"The Departure of St. Barsauma, the Father of the Syrian Monks",Annual / fixed or ordinary cycle,Liturgy,,Pauline Epistle,current_public_or_local_reference,local cache covering 2020 to 2035
New Testament,1 Corinthians,3,1Cor 3:1-8,rid_841929ca36fafb1704a8,amshir-09-01,"The Departure of St. Barsauma, the Father of the Syrian Monks",Annual / fixed or ordinary cycle,liturgy_pauline,,liturgy_pauline,current_public_or_local_reference,local repo snapshot of pierresaid Katameros API SQLite database
New Testament,1 Corinthians,3,1Cor 3:1-8,rid_841929ca36fafb1704a8,bashans-14-01,"The Departure of St. Pachomius (Pakhom), the Father of the Spiritual Communal Monastic life (Cenobitic life)",Annual / fixed or ordinary cycle,liturgy_pauline,,liturgy_pauline,current_public_or_local_reference,local repo snapshot of pierresaid Katameros API SQLite database
New Testament,1 Corinthians,3,1Cor 3:1-8,rid_841929ca36fafb1704a8,bashans-02-01,The Departure of the righteous Job,Annual / fixed or ordinary cycle,liturgy_pauline,,liturgy_pauline,current_public_or_local_reference,local repo snapshot of pierresaid Katameros API SQLite database
New Testament,1 Corinthians,3,1Cor 3:1-8,rid_841929ca36fafb1704a8,bashans-21-01,The Commemoration of the Holy and Pure Virgin Mary,Annual / fixed or ordinary cycle,liturgy_pauline,,liturgy_pauline,current_public_or_local_reference,local repo snapshot of pierresaid Katameros API SQLite database
New Testament,1 Corinthians,3,1Cor 3:1-8,rid_841929ca36fafb1704a8,bashans-29-01,The Departure Of St. Simon the Stylite,Annual / fixed or ordinary cycle,liturgy_pauline,,liturgy_pauline,current_public_or_local_reference,local repo snapshot of pierresaid Katameros API SQLite database
New Testament,1 Corinthians,3,1Cor 3:1-8,rid_841929ca36fafb1704a8,bashons-21,Bashons 21,Annual / fixed or ordinary cycle,Liturgy,,Pauline Epistle,current_public_or_local_reference,local cache covering 2020 to 2035
New Testament,1 Corinthians,3,1Cor 3:1-8,rid_841929ca36fafb1704a8,bashons-29,Bashons 29,Annual / fixed or ordinary cycle,Liturgy,,Pauline Epistle,current_public_or_local_reference,local cache covering 2020 to 2035
New Testament,1 Corinthians,3,1Cor 3:1-8,rid_841929ca36fafb1704a8,baunah-24-01,The Martyrdom of the Great Saint Anba Moses the Black,Annual / fixed or ordinary cycle,liturgy_pauline,,liturgy_pauline,current_public_or_local_reference,local repo snapshot of pierresaid Katameros API SQLite database
New Testament,1 Corinthians,3,1Cor 3:1-8,rid_841929ca36fafb1704a8,great-lent,Great Lent,Great Lent,Liturgy,,Pauline Epistle,current_public_or_local_reference,local cache covering 2020 to 2035
New Testament,1 Corinthians,3,1Cor 3:1-8,rid_841929ca36fafb1704a8,kiak-17,Kiak 17,Annual / fixed or ordinary cycle,Liturgy,,Pauline Epistle,current_public_or_local_reference,local cache covering 2020 to 2035
New Testament,1 Corinthians,3,1Cor 3:1-8,rid_841929ca36fafb1704a8,kiyahk-17-01,The Commemoration of the Departure of St. Luke the Stylite and the Relocation of His Holy Relics,Annual / fixed or ordinary cycle,liturgy_pauline,,liturgy_pauline,current_public_or_local_reference,local repo snapshot of pierresaid Katameros API SQLite database
New Testament,1 Corinthians,3,1Cor 3:1-8,rid_841929ca36fafb1704a8,mesra-03-01,The Relocation of the Body of St. Simon (Simeon) the Stylite to the city of Antioch,Annual / fixed or ordinary cycle,Liturgy,,Pauline Epistle,current_public_or_local_reference,local cache covering 2020 to 2035
New Testament,1 Corinthians,3,1Cor 3:1-8,rid_841929ca36fafb1704a8,mesra-03-01,The Relocation of the Body of St. Simon (Simeon) the Stylite to the city of Antioch,Annual / fixed or ordinary cycle,liturgy_pauline,,liturgy_pauline,current_public_or_local_reference,local repo snapshot of pierresaid Katameros API SQLite database
New Testament,1 Corinthians,3,1Cor 3:1-8,rid_841929ca36fafb1704a8,baunah-24-01,The Martyrdom of the Great Saint Anba Moses the Black,Annual / fixed or ordinary cycle,Liturgy,,Pauline Epistle,current_public_or_local_reference,local cache covering 2020 to 2035
New Testament,1 Corinthians,3,1Cor 3:1-8,rid_841929ca36fafb1704a8,tut-14-01,The Departure of St. Agathon the Stylite,Annual / fixed or ordinary cycle,Liturgy,,Pauline Epistle,current_public_or_local_reference,local cache covering 2020 to 2035
New Testament,1 Corinthians,3,1Cor 3:1-8,rid_841929ca36fafb1704a8,tut-14-01,The Departure of St. Agathon the Stylite,Annual / fixed or ordinary cycle,liturgy_pauline,,liturgy_pauline,current_public_or_local_reference,local repo snapshot of pierresaid Katameros API SQLite database
New Testament,1 Corinthians,3,1Cor 3:4-23,rid_11564142c0f83b3a97d1,amshir-12-01,The Commemoration of the Archangel Michael,Annual / fixed or ordinary cycle,Liturgy,,Pauline Epistle,current_public_or_local_reference,local cache covering 2020 to 2035
New Testament,1 Corinthians,3,1Cor 3:4-23,rid_11564142c0f83b3a97d1,amshir-12-01,The Commemoration of the Archangel Michael,Annual / fixed or ordinary cycle,liturgy_pauline,,liturgy_pauline,current_public_or_local_reference,local repo snapshot of pierresaid Katameros API SQLite database
New Testament,1 Corinthians,3,1Cor 3:4-23,rid_11564142c0f83b3a97d1,amshir-19-01,"The Commemoration of the Relocation of the Relics of St. Martianus, the Monk",Annual / fixed or ordinary cycle,Liturgy,,Pauline Epistle,current_public_or_local_reference,local cache covering 2020 to 2035
New Testament,1 Corinthians,3,1Cor 3:4-23,rid_11564142c0f83b3a97d1,amshir-19-01,"The Commemoration of the Relocation of the Relics of St. Martianus, the Monk",Annual / fixed or ordinary cycle,liturgy_pauline,,liturgy_pauline,current_public_or_local_reference,local repo snapshot of pierresaid Katameros API SQLite database
New Testament,1 Corinthians,3,1Cor 3:4-23,rid_11564142c0f83b3a97d1,amshir-03-01,"The Departure of St. James, the Ascetic",Annual / fixed or ordinary cycle,Liturgy,,Pauline Epistle,current_public_or_local_reference,local cache covering 2020 to 2035
New Testament,1 Corinthians,3,1Cor 3:4-23,rid_11564142c0f83b3a97d1,amshir-03-01,"The Departure of St. James, the Ascetic",Annual / fixed or ordinary cycle,liturgy_pauline,,liturgy_pauline,current_public_or_local_reference,local repo snapshot of pierresaid Katameros API SQLite database
New Testament,1 Corinthians,3,1Cor 3:4-23,rid_11564142c0f83b3a97d1,babah-13-01,"The Departure of Saint Zacharias, the Monk",Annual / fixed or ordinary cycle,Liturgy,,Pauline Epistle,current_public_or_local_reference,local cache covering 2020 to 2035
New Testament,1 Corinthians,3,1Cor 3:4-23,rid_11564142c0f83b3a97d1,babah-25-01,The Departure of the Saints Apollo and Abib,Annual / fixed or ordinary cycle,Liturgy,,Pauline Epistle,current_public_or_local_reference,local cache covering 2020 to 2035
New Testament,1 Corinthians,3,1Cor 3:4-23,rid_11564142c0f83b3a97d1,babah-07-01,The Departure of St. Paul of Tamouh,Annual / fixed or ordinary cycle,Liturgy,,Pauline Epistle,current_public_or_local_reference,local cache covering 2020 to 2035
New Testament,1 Corinthians,3,1Cor 3:4-23,rid_11564142c0f83b3a97d1,babah-13-01,"The Departure of Saint Zacharias, the Monk",Annual / fixed or ordinary cycle,liturgy_pauline,,liturgy_pauline,current_public_or_local_reference,local repo snapshot of pierresaid Katameros API SQLite database
New Testament,1 Corinthians,3,1Cor 3:4-23,rid_11564142c0f83b3a97d1,babah-25-01,The Departure of the Saints Apollo and Abib,Annual / fixed or ordinary cycle,liturgy_pauline,,liturgy_pauline,current_public_or_local_reference,local repo snapshot of pierresaid Katameros API SQLite database
New Testament,1 Corinthians,3,1Cor 3:4-23,rid_11564142c0f83b3a97d1,babah-07-01,The Departure of St. Paul of Tamouh,Annual / fixed or ordinary cycle,liturgy_pauline,,liturgy_pauline,current_public_or_local_reference,local repo snapshot of pierresaid Katameros API SQLite database
New Testament,1 Corinthians,3,1Cor 3:4-23,rid_11564142c0f83b3a97d1,baramhat-09-01,The Departure of St. Konan,Annual / fixed or ordinary cycle,liturgy_pauline,,liturgy_pauline,current_public_or_local_reference,local repo snapshot of pierresaid Katameros API SQLite database
New Testament,1 Corinthians,3,1Cor 3:4-23,rid_11564142c0f83b3a97d1,barmuda-1,Barmuda 1,Annual / fixed or ordinary cycle,liturgy_pauline,,liturgy_pauline,current_public_or_local_reference,local repo snapshot of pierresaid Katameros API SQLite database
New Testament,1 Corinthians,3,1Cor 3:4-23,rid_11564142c0f83b3a97d1,barmuda-10,Barmuda 10,Annual / fixed or ordinary cycle,liturgy_pauline,,liturgy_pauline,current_public_or_local_reference,local repo snapshot of pierresaid Katameros API SQLite database
New Testament,1 Corinthians,3,1Cor 3:4-23,rid_11564142c0f83b3a97d1,bashans-20-01,The Departure Of St. Ammonius The Hermit,Annual / fixed or ordinary cycle,liturgy_pauline,,liturgy_pauline,current_public_or_local_reference,local repo snapshot of pierresaid Katameros API SQLite database
New Testament,1 Corinthians,3,1Cor 3:4-23,rid_11564142c0f83b3a97d1,bashons-20,Bashons 20,Annual / fixed or ordinary cycle,Liturgy,,Pauline Epistle,current_public_or_local_reference,local cache covering 2020 to 2035
New Testament,1 Corinthians,3,1Cor 3:4-23,rid_11564142c0f83b3a97d1,baunah-29-01,The Martyrdom of the Seven Ascetic Saints in Tounar Mount,Annual / fixed or ordinary cycle,liturgy_pauline,,liturgy_pauline,current_public_or_local_reference,local repo snapshot of pierresaid Katameros API SQLite database
New Testament,1 Corinthians,3,1Cor 3:4-23,rid_11564142c0f83b3a97d1,fast-of-nineveh,Fast of Nineveh,Annual / fixed or ordinary cycle,Liturgy,,Pauline Epistle,current_public_or_local_reference,local cache covering 2020 to 2035
New Testament,1 Corinthians,3,1Cor 3:4-23,rid_11564142c0f83b3a97d1,kiak-12,Kiak 12,Annual / fixed or ordinary cycle,Liturgy,,Pauline Epistle,current_public_or_local_reference,local cache covering 2020 to 2035
New Testament,1 Corinthians,3,1Cor 3:9-23,rid_4b3431c3dfa7562abb31,al-nasi-04-01,"The Departure of St. Leparius, Bishop of Rome",Annual / fixed or ordinary cycle,liturgy_pauline,,liturgy_pauline,current_public_or_local_reference,local repo snapshot of pierresaid Katameros API SQLite database
New Testament,1 Corinthians,3,1Cor 3:9-23,rid_4b3431c3dfa7562abb31,al-nasi-04-01,"The Departure of St. Leparius, Bishop of Rome",Annual / fixed or ordinary cycle,Liturgy,,Pauline Epistle,current_public_or_local_reference,local cache covering 2020 to 2035
New Testament,1 Corinthians,4,1Cor 4:1-16,rid_a3ac9953cb7044c071bb,the-fourth-sunday-of-hator,The fourth Sunday of Hator,Annual / fixed or ordinary cycle,Liturgy,,Pauline Epistle,current_public_or_local_reference,local cache covering 2020 to 2035
New Testament,1 Corinthians,4,1Cor 4:1-16,rid_a3ac9953cb7044c071bb,the-third-sunday-of-paona,The third Sunday of Paona,Annual / fixed or ordinary cycle,Liturgy,,Pauline Epistle,current_public_or_local_reference,local cache covering 2020 to 2035
New Testament,1 Corinthians,4,1Cor 4:1-16,rid_a3ac9953cb7044c071bb,hatur-04-01,"The Martyrdom of Saints John and James, Bishops of Persia",Annual / fixed or ordinary cycle,liturgy_pauline,,liturgy_pauline,current_public_or_local_reference,local repo snapshot of pierresaid Katameros API SQLite database
New Testament,1 Corinthians,4,1Cor 4:16-5,rid_5eace5c3d10681815f4c,great-lent-jonah-nineveh-cycle,Great Lent/Jonah/Nineveh cycle,Great Lent,liturgy_pauline,,liturgy_pauline,current_public_or_local_reference,local repo snapshot of pierresaid Katameros API SQLite database
New Testament,1 Corinthians,4,1Cor 4:16-5:9,rid_1b3d8af52d8d3a699434,thursday-of-the-first-week-of-great-lent,Thursday of the first week of Great Lent,Great Lent,Liturgy,,Pauline Epistle,current_public_or_local_reference,local cache covering 2020 to 2035
New Testament,1 Corinthians,5,1Cor 5:11-13,rid_94affbabc8f2bd0a3327,the-first-sunday-of-amshir,The first Sunday of Amshir,Annual / fixed or ordinary cycle,Liturgy,,Pauline Epistle,current_public_or_local_reference,local cache covering 2020 to 2035
New Testament,1 Corinthians,5,1Cor 5:11-13,rid_94affbabc8f2bd0a3327,amshir-01-01,"On this day of the year 381 A.D., one hundred and fifty fathers assembled upon the order of Emperor Theodosius the Great, in the city of Constantinople",Annual / fixed or ordinary cycle,liturgy_pauline,,liturgy_pauline,current_public_or_local_reference,local repo snapshot of pierresaid Katameros API SQLite database
New Testament,1 Corinthians,5,1Cor 5:9-6,rid_df811cff75c8edc4bb8c,great-lent-jonah-nineveh-cycle,Great Lent/Jonah/Nineveh cycle,Great Lent,liturgy_pauline,,liturgy_pauline,current_public_or_local_reference,local repo snapshot of pierresaid Katameros API SQLite database
New Testament,1 Corinthians,5,1Cor 5:9-6:5,rid_2f5976122a242568f030,monday-of-the-third-week-of-great-lent,Monday of the third week of Great Lent,Great Lent,Liturgy,,Pauline Epistle,current_public_or_local_reference,local cache covering 2020 to 2035
New Testament,1 Corinthians,6,1Cor 6:1-11,rid_f6ee7b4e473ac900f543,the-first-sunday-of-amshir,The first Sunday of Amshir,Annual / fixed or ordinary cycle,Liturgy,,Pauline Epistle,current_public_or_local_reference,local cache covering 2020 to 2035
New Testament,1 Corinthians,6,1Cor 6:1-11,rid_f6ee7b4e473ac900f543,amshir-01-01,"On this day of the year 381 A.D., one hundred and fifty fathers assembled upon the order of Emperor Theodosius the Great, in the city of Constantinople",Annual / fixed or ordinary cycle,liturgy_pauline,,liturgy_pauline,current_public_or_local_reference,local repo snapshot of pierresaid Katameros API SQLite database
New Testament,1 Corinthians,7,1Cor 7:12-14,rid_f85135c36849a6eee6a4,baptism,baptism,Special service,part_2,,part_2,current_public_or_local_reference,local package snapshot
New Testament,1 Corinthians,9,1Cor 9:1-27,rid_46fe0b240edbe15252f4,the-first-sunday-of-abib,The first Sunday of Abib,Annual / fixed or ordinary cycle,Liturgy,,Pauline Epistle,current_public_or_local_reference,local cache covering 2020 to 2035
New Testament,1 Corinthians,9,1Cor 9:1-27,rid_46fe0b240edbe15252f4,the-first-sunday-of-abib-apostle-s-feast,The first Sunday of Abib (Apostle's Feast),Annual / fixed or ordinary cycle,Liturgy,,Pauline Epistle,current_public_or_local_reference,local cache covering 2020 to 2035
New Testament,1 Corinthians,9,1Cor 9:1-27,rid_46fe0b240edbe15252f4,the-first-sunday-of-mesra,The first Sunday of Mesra,Annual / fixed or ordinary cycle,Liturgy,,Pauline Epistle,current_public_or_local_reference,local cache covering 2020 to 2035
New Testament,1 Corinthians,9,1Cor 9:1-27,rid_46fe0b240edbe15252f4,abib-01-01,The Martyrdom of Saint Febronia the Ascetic,Annual / fixed or ordinary cycle,liturgy_pauline,,liturgy_pauline,current_public_or_local_reference,local repo snapshot of pierresaid Katameros API SQLite database
Old Testament,I Kings,18,1Kgs 18:36-39,rid_00a7e0b4cb4de20cd357,praises-of-the-prophets,PRAISES OF THE PROPHETS,Pascha / Holy Week,Midnight Praises,,Prayer of Elijah,current_public_or_local_reference,local package snapshot
New Testament,1 Peter,1,1Pet 1:1-12,rid_dd37e70de482647d865e,great-lent-jonah-nineveh-cycle,Great Lent/Jonah/Nineveh cycle,Great Lent,liturgy_catholic,,liturgy_catholic,current_public_or_local_reference,local repo snapshot of pierresaid Katameros API SQLite database
New Testament,1 Peter,1,1Pet 1:1-12,rid_dd37e70de482647d865e,saturday-of-the-week-before-great-lent,Saturday of the week before Great Lent,Great Lent,Liturgy,,Catholic Epistle,current_public_or_local_reference,local cache covering 2020 to 2035
New Testament,1 Peter,1,1Pet 1:1-12,rid_dd37e70de482647d865e,the-first-sunday-of-abib,The first Sunday of Abib,Annual / fixed or ordinary cycle,Liturgy,,Catholic Epistle,current_public_or_local_reference,local cache covering 2020 to 2035
New Testament,1 Peter,1,1Pet 1:1-12,rid_dd37e70de482647d865e,the-first-sunday-of-abib-apostle-s-feast,The first Sunday of Abib (Apostle's Feast),Annual / fixed or ordinary cycle,Liturgy,,Catholic Epistle,current_public_or_local_reference,local cache covering 2020 to 2035
New Testament,1 Peter,1,1Pet 1:1-12,rid_dd37e70de482647d865e,abib-01-01,The Martyrdom of Saint Febronia the Ascetic,Annual / fixed or ordinary cycle,liturgy_catholic,,liturgy_catholic,current_public_or_local_reference,local repo snapshot of pierresaid Katameros API SQLite database
New Testament,1 Peter,1,1Pet 1:1-9,rid_be832a860aaa1ccbd7b0,amshir-11-01,"The Martyrdom of St. Fabianus (Fabrianus), Pope of Rome",Annual / fixed or ordinary cycle,Liturgy,,Catholic Epistle,current_public_or_local_reference,local cache covering 2020 to 2035
New Testament,1 Peter,1,1Pet 1:1-9,rid_be832a860aaa1ccbd7b0,amshir-11-01,"The Martyrdom of St. Fabianus (Fabrianus), Pope of Rome",Annual / fixed or ordinary cycle,liturgy_catholic,,liturgy_catholic,current_public_or_local_reference,local repo snapshot of pierresaid Katameros API SQLite database
New Testament,1 Peter,1,1Pet 1:1-9,rid_be832a860aaa1ccbd7b0,amshir-20-01,"The Departure of St. Peter, 21st Pope of Alexandria",Annual / fixed or ordinary cycle,Liturgy,,Catholic Epistle,current_public_or_local_reference,local cache covering 2020 to 2035
New Testament,1 Peter,1,1Pet 1:1-9,rid_be832a860aaa1ccbd7b0,amshir-20-01,"The Departure of St. Peter, 21st Pope of Alexandria",Annual / fixed or ordinary cycle,liturgy_catholic,,liturgy_catholic,current_public_or_local_reference,local repo snapshot of pierresaid Katameros API SQLite database
New Testament,1 Peter,1,1Pet 1:1-9,rid_be832a860aaa1ccbd7b0,babah-16-01,"The Departure of St. Agathon, 39th Pope of Alexandria",Annual / fixed or ordinary cycle,Liturgy,,Catholic Epistle,current_public_or_local_reference,local cache covering 2020 to 2035
New Testament,1 Peter,1,1Pet 1:1-9,rid_be832a860aaa1ccbd7b0,babah-18-01,The Departure of the Honorable Father Saint Theophilus 23rd Pope of Alexandria,Annual / fixed or ordinary cycle,Liturgy,,Catholic Epistle,current_public_or_local_reference,local cache covering 2020 to 2035
New Testament,1 Peter,1,1Pet 1:1-9,rid_be832a860aaa1ccbd7b0,babah-16-01,"The Departure of St. Agathon, 39th Pope of Alexandria",Annual / fixed or ordinary cycle,liturgy_catholic,,liturgy_catholic,current_public_or_local_reference,local repo snapshot of pierresaid Katameros API SQLite database
New Testament,1 Peter,1,1Pet 1:1-9,rid_be832a860aaa1ccbd7b0,babah-18-01,The Departure of the Honorable Father Saint Theophilus 23rd Pope of Alexandria,Annual / fixed or ordinary cycle,liturgy_catholic,,liturgy_catholic,current_public_or_local_reference,local repo snapshot of pierresaid Katameros API SQLite database
New Testament,1 Peter,1,1Pet 1:1-9,rid_be832a860aaa1ccbd7b0,baramhat-12-01,The Commemoration of the Honorable Angel Michael,Annual / fixed or ordinary cycle,liturgy_catholic,,liturgy_catholic,current_public_or_local_reference,local repo snapshot of pierresaid Katameros API SQLite database
New Testament,1 Peter,1,1Pet 1:1-9,rid_be832a860aaa1ccbd7b0,baramhat-16-01,The Departure Of The Saint Anba Khail (Mikhail) the Forty Sixth Pope Of The See Of St. Mark,Annual / fixed or ordinary cycle,liturgy_catholic,,liturgy_catholic,current_public_or_local_reference,local repo snapshot of pierresaid Katameros API SQLite database
New Testament,1 Peter,1,1Pet 1:1-9,rid_be832a860aaa1ccbd7b0,baramhat-20-01,The Departure Of the St. Anba Khail (Mikhail) the Fifty Six Pope of the See of St. Mark,Annual / fixed or ordinary cycle,liturgy_catholic,,liturgy_catholic,current_public_or_local_reference,local repo snapshot of pierresaid Katameros API SQLite database
New Testament,1 Peter,1,1Pet 1:1-9,rid_be832a860aaa1ccbd7b0,baramhat-24-01,The Apparition of the Pure Lady the Virgin in the church of Zeiton,Annual / fixed or ordinary cycle,liturgy_catholic,,liturgy_catholic,current_public_or_local_reference,local repo snapshot of pierresaid Katameros API SQLite database
New Testament,1 Peter,1,1Pet 1:1-9,rid_be832a860aaa1ccbd7b0,baramhat-03-01,"The Departure of St. Cosmas, the Fifty-Eighth Pope of Alexandria",Annual / fixed or ordinary cycle,liturgy_catholic,,liturgy_catholic,current_public_or_local_reference,local repo snapshot of pierresaid Katameros API SQLite database
New Testament,1 Peter,1,1Pet 1:1-9,rid_be832a860aaa1ccbd7b0,barmuda-14,Barmuda 14,Annual / fixed or ordinary cycle,liturgy_catholic,,liturgy_catholic,current_public_or_local_reference,local repo snapshot of pierresaid Katameros API SQLite database
New Testament,1 Peter,1,1Pet 1:1-9,rid_be832a860aaa1ccbd7b0,barmuda-22,Barmuda 22,Annual / fixed or ordinary cycle,liturgy_catholic,,liturgy_catholic,current_public_or_local_reference,local repo snapshot of pierresaid Katameros API SQLite database
New Testament,1 Peter,1,1Pet 1:1-9,rid_be832a860aaa1ccbd7b0,bashans-04-01,"The Departure of Pope John (Youhanna) the First, the Twenty Ninth Patriarch of the See of St. Mark",Annual / fixed or ordinary cycle,liturgy_catholic,,liturgy_catholic,current_public_or_local_reference,local repo snapshot of pierresaid Katameros API SQLite database
New Testament,1 Peter,1,1Pet 1:1-9,rid_be832a860aaa1ccbd7b0,baunah-18-01,The Inauguration of the New St. Mark Cathedral in the Monastery of Anba Rowais,Annual / fixed or ordinary cycle,liturgy_catholic,,liturgy_catholic,current_public_or_local_reference,local repo snapshot of pierresaid Katameros API SQLite database
New Testament,1 Peter,1,1Pet 1:1-9,rid_be832a860aaa1ccbd7b0,bright-saturday,Bright Saturday,Pascha / Holy Week,Liturgy,Liturgy,Catholic,current_working_source_not_coptic_reader_checked,local repo snapshot of pierresaid Katameros API SQLite database
New Testament,1 Peter,1,1Pet 1:1-9,rid_be832a860aaa1ccbd7b0,fast-of-nineveh,Fast of Nineveh,Annual / fixed or ordinary cycle,Liturgy,,Catholic Epistle,current_public_or_local_reference,local cache covering 2020 to 2035
New Testament,1 Peter,1,1Pet 1:1-9,rid_be832a860aaa1ccbd7b0,hator-2,Hator 2,Annual / fixed or ordinary cycle,Liturgy,,Catholic Epistle,current_public_or_local_reference,local cache covering 2020 to 2035
New Testament,1 Peter,1,1Pet 1:10-21,rid_991d57b21df47e9adba6,holy-fifty-days-pentecost-cycle,Holy Fifty Days/Pentecost cycle,Holy Fifty Days,liturgy_catholic,,liturgy_catholic,current_public_or_local_reference,local repo snapshot of pierresaid Katameros API SQLite database
New Testament,1 Peter,1,1Pet 1:10-21,rid_991d57b21df47e9adba6,wednesday-of-the-first-week-of-the-holy-fifty-days,Wednesday of the first week of the holy fifty days,Holy Fifty Days,Liturgy,,Catholic Epistle,current_public_or_local_reference,local cache covering 2020 to 2035
New Testament,1 Peter,1,1Pet 1:10-25,rid_f1f1b2d066d9f4dbca6c,myron-consecration,myron_consecration,Special service,liturgy,,liturgy,current_public_or_local_reference,local package snapshot
New Testament,1 Peter,1,1Pet 1:13-21,rid_30d4602a03be6e7f0984,great-lent-jonah-nineveh-cycle,Great Lent/Jonah/Nineveh cycle,Great Lent,liturgy_catholic,,liturgy_catholic,current_public_or_local_reference,local repo snapshot of pierresaid Katameros API SQLite database
New Testament,1 Peter,1,1Pet 1:13-21,rid_30d4602a03be6e7f0984,saturday-of-the-sixth-week-of-great-lent,Saturday of the sixth week of Great Lent,Great Lent,Liturgy,,Catholic Epistle,current_public_or_local_reference,local cache covering 2020 to 2035
New Testament,1 Peter,1,1Pet 1:13-21,rid_30d4602a03be6e7f0984,the-third-sunday-of-tout,The third Sunday of Tout,Annual / fixed or ordinary cycle,Liturgy,,Catholic Epistle,current_public_or_local_reference,local cache covering 2020 to 2035
New Testament,1 Peter,1,1Pet 1:13-21,rid_30d4602a03be6e7f0984,tut-03-01,A Council held in the city of Alexandria,Annual / fixed or ordinary cycle,liturgy_catholic,,liturgy_catholic,current_public_or_local_reference,local repo snapshot of pierresaid Katameros API SQLite database
New Testament,1 Peter,1,1Pet 1:19-2:3,rid_e33baa9753f7a9e315b9,mesra-30,Mesra 30,Annual / fixed or ordinary cycle,Liturgy,,Catholic Epistle,current_public_or_local_reference,local cache covering 2020 to 2035
New Testament,1 Peter,1,1Pet 1:2-12,rid_a60a1a225019e776acc6,holy-fifty-days-pentecost-cycle,Holy Fifty Days/Pentecost cycle,Holy Fifty Days,liturgy_catholic,,liturgy_catholic,current_public_or_local_reference,local repo snapshot of pierresaid Katameros API SQLite database
New Testament,1 Peter,1,1Pet 1:2-12,rid_a60a1a225019e776acc6,sunday-of-the-sixth-week-of-the-holy-fifty-days,Sunday of the sixth week of the holy fifty days,Holy Fifty Days,Liturgy,,Catholic Epistle,current_public_or_local_reference,local cache covering 2020 to 2035
New Testament,1 Peter,1,1Pet 1:2-12,rid_a60a1a225019e776acc6,sunday-of-the-sixth-week-of-the-holy-fifty-days-and-the-feast-of-entry-into-egypt,Sunday of the sixth week of the holy fifty days and the Feast of Entry into Egypt,Holy Fifty Days,Liturgy,,Catholic Epistle,current_public_or_local_reference,local cache covering 2020 to 2035
New Testament,1 Peter,1,1Pet 1:2-8,rid_62a3693e4a5c67cc9fbd,great-lent-jonah-nineveh-cycle,Great Lent/Jonah/Nineveh cycle,Great Lent,liturgy_catholic,,liturgy_catholic,current_public_or_local_reference,local repo snapshot of pierresaid Katameros API SQLite database
New Testament,1 Peter,1,1Pet 1:2-8,rid_62a3693e4a5c67cc9fbd,thursday-of-the-fifth-week-of-great-lent,Thursday of the fifth week of Great Lent,Great Lent,Liturgy,,Catholic Epistle,current_public_or_local_reference,local cache covering 2020 to 2035
New Testament,1 Peter,1,1Pet 1:22-25,rid_ae01e6bdc869d13126c8,babah-01-01,The Martyrdom of Saint Anastasia,Annual / fixed or ordinary cycle,liturgy_catholic,,liturgy_catholic,current_public_or_local_reference,local repo snapshot of pierresaid Katameros API SQLite database
New Testament,1 Peter,1,1Pet 1:22-2:5,rid_87a10888ac09341c942c,the-first-sunday-of-baba,The first Sunday of Baba,Annual / fixed or ordinary cycle,Liturgy,,Catholic Epistle,current_public_or_local_reference,local cache covering 2020 to 2035
New Testament,1 Peter,1,1Pet 1:25,rid_84b0ceac54e75b9ed91d,abib-06-01,"The Martyrdom of St. Aoulimpas, the Apostle",Annual / fixed or ordinary cycle,liturgy_catholic,,liturgy_catholic,current_public_or_local_reference,local repo snapshot of pierresaid Katameros API SQLite database
New Testament,1 Peter,1,1Pet 1:25,rid_84b0ceac54e75b9ed91d,babah-26-01,The Martyrdom of Saint Timon the Apostle,Annual / fixed or ordinary cycle,liturgy_catholic,,liturgy_catholic,current_public_or_local_reference,local repo snapshot of pierresaid Katameros API SQLite database
New Testament,1 Peter,1,1Pet 1:25,rid_84b0ceac54e75b9ed91d,baramhat-19-01,"The Martyrdom of St. Aristobulus, the apostle",Annual / fixed or ordinary cycle,liturgy_catholic,,liturgy_catholic,current_public_or_local_reference,local repo snapshot of pierresaid Katameros API SQLite database
New Testament,1 Peter,1,1Pet 1:25,rid_84b0ceac54e75b9ed91d,barmuda-15,Barmuda 15,Annual / fixed or ordinary cycle,liturgy_catholic,,liturgy_catholic,current_public_or_local_reference,local repo snapshot of pierresaid Katameros API SQLite database
New Testament,1 Peter,1,1Pet 1:25,rid_84b0ceac54e75b9ed91d,barmuda-29,Barmuda 29,Annual / fixed or ordinary cycle,liturgy_catholic,,liturgy_catholic,current_public_or_local_reference,local repo snapshot of pierresaid Katameros API SQLite database
New Testament,1 Peter,1,1Pet 1:25,rid_84b0ceac54e75b9ed91d,bashans-22-01,The Departure of St. Andronicus One of the Seventy Disciples,Annual / fixed or ordinary cycle,liturgy_catholic,,liturgy_catholic,current_public_or_local_reference,local repo snapshot of pierresaid Katameros API SQLite database
New Testament,1 Peter,1,1Pet 1:25,rid_84b0ceac54e75b9ed91d,bashans-03-01,"The Departure of St. Jason, one of the Seventy disciples",Annual / fixed or ordinary cycle,liturgy_catholic,,liturgy_catholic,current_public_or_local_reference,local repo snapshot of pierresaid Katameros API SQLite database
New Testament,1 Peter,1,1Pet 1:25,rid_84b0ceac54e75b9ed91d,baunah-01-01,The Consecration of the church of St. Leontius of Tripoli,Annual / fixed or ordinary cycle,liturgy_catholic,,liturgy_catholic,current_public_or_local_reference,local repo snapshot of pierresaid Katameros API SQLite database
New Testament,1 Peter,1,1Pet 1:25,rid_84b0ceac54e75b9ed91d,baunah-02-01,The Commemoration of the Appearance of the Bodies of St. John the Baptist and Elisha the Prophet,Annual / fixed or ordinary cycle,liturgy_catholic,,liturgy_catholic,current_public_or_local_reference,local repo snapshot of pierresaid Katameros API SQLite database
New Testament,1 Peter,1,1Pet 1:25,rid_84b0ceac54e75b9ed91d,baunah-25-01,"The Martyrdom of St. Jude, one of the Seventy Disciples",Annual / fixed or ordinary cycle,liturgy_catholic,,liturgy_catholic,current_public_or_local_reference,local repo snapshot of pierresaid Katameros API SQLite database
New Testament,1 Peter,1,1Pet 1:25,rid_84b0ceac54e75b9ed91d,great-lent-jonah-nineveh-cycle,Great Lent/Jonah/Nineveh cycle,Great Lent,liturgy_catholic,,liturgy_catholic,current_public_or_local_reference,local repo snapshot of pierresaid Katameros API SQLite database
New Testament,1 Peter,1,1Pet 1:25,rid_84b0ceac54e75b9ed91d,tubah-01-01,The Martyrdom of St. Stephen the Archdeacon,Annual / fixed or ordinary cycle,liturgy_catholic,,liturgy_catholic,current_public_or_local_reference,local repo snapshot of pierresaid Katameros API SQLite database
New Testament,1 Peter,1,1Pet 1:25,rid_84b0ceac54e75b9ed91d,tubah-20-01,"The Departure of St. Prochorus, One of the Seventy Disciples",Annual / fixed or ordinary cycle,liturgy_catholic,,liturgy_catholic,current_public_or_local_reference,local repo snapshot of pierresaid Katameros API SQLite database
New Testament,1 Peter,1,1Pet 1:25,rid_84b0ceac54e75b9ed91d,tubah-03-01,The Commemoration of the Slain Children of Bethlehem by the Order of King Herod,Annual / fixed or ordinary cycle,liturgy_catholic,,liturgy_catholic,current_public_or_local_reference,local repo snapshot of pierresaid Katameros API SQLite database
New Testament,1 Peter,1,1Pet 1:25,rid_84b0ceac54e75b9ed91d,tut-15-01,Translocation of the Body of St. Stephen the Archdeacon,Annual / fixed or ordinary cycle,liturgy_catholic,,liturgy_catholic,current_public_or_local_reference,local repo snapshot of pierresaid Katameros API SQLite database
New Testament,1 Peter,1,1Pet 1:25,rid_84b0ceac54e75b9ed91d,tut-24-01,The Departure of St. Gregory the Ascetic,Annual / fixed or ordinary cycle,liturgy_catholic,,liturgy_catholic,current_public_or_local_reference,local repo snapshot of pierresaid Katameros API SQLite database
New Testament,1 Peter,1,1Pet 1:25,rid_84b0ceac54e75b9ed91d,abib-04-01,The Commemoration of the Relocation of the Relics of Sts. Apakir and John,Annual / fixed or ordinary cycle,liturgy_catholic,,liturgy_catholic,current_public_or_local_reference,local repo snapshot of pierresaid Katameros API SQLite database
New Testament,1 Peter,1,1Pet 1:25-2,rid_b1fe260a5343dfc9de9f,holy-fifty-days-pentecost-cycle,Holy Fifty Days/Pentecost cycle,Holy Fifty Days,liturgy_catholic,,liturgy_catholic,current_public_or_local_reference,local repo snapshot of pierresaid Katameros API SQLite database
New Testament,1 Peter,1,1Pet 1:25-2:10,rid_7587173374425d8e1e91,abib-6,Abib 6,Annual / fixed or ordinary cycle,Liturgy,,Catholic Epistle,current_public_or_local_reference,local cache covering 2020 to 2035
New Testament,1 Peter,1,1Pet 1:25-2:10,rid_7587173374425d8e1e91,amshir-7,Amshir 7,Annual / fixed or ordinary cycle,Liturgy,,Catholic Epistle,current_public_or_local_reference,local cache covering 2020 to 2035
New Testament,1 Peter,1,1Pet 1:25-2:10,rid_7587173374425d8e1e91,baba-26,Baba 26,Annual / fixed or ordinary cycle,Liturgy,,Catholic Epistle,current_public_or_local_reference,local cache covering 2020 to 2035
New Testament,1 Peter,1,1Pet 1:25-2:10,rid_7587173374425d8e1e91,bashons-22,Bashons 22,Annual / fixed or ordinary cycle,Liturgy,,Catholic Epistle,current_public_or_local_reference,local cache covering 2020 to 2035
New Testament,1 Peter,1,1Pet 1:25-2:10,rid_7587173374425d8e1e91,fast-of-nineveh,Fast of Nineveh,Annual / fixed or ordinary cycle,Liturgy,,Catholic Epistle,current_public_or_local_reference,local cache covering 2020 to 2035
New Testament,1 Peter,1,1Pet 1:25-2:10,rid_7587173374425d8e1e91,friday-of-the-first-week-of-the-holy-fifty-days,Friday of the first week of the holy fifty days,Holy Fifty Days,Liturgy,,Catholic Epistle,current_public_or_local_reference,local cache covering 2020 to 2035
New Testament,1 Peter,1,1Pet 1:25-2:10,rid_7587173374425d8e1e91,paona-1,Paona 1,Annual / fixed or ordinary cycle,Liturgy,,Catholic Epistle,current_public_or_local_reference,local cache covering 2020 to 2035
New Testament,1 Peter,1,1Pet 1:25-2:10,rid_7587173374425d8e1e91,paona-2,Paona 2,Annual / fixed or ordinary cycle,Liturgy,,Catholic Epistle,current_public_or_local_reference,local cache covering 2020 to 2035
New Testament,1 Peter,1,1Pet 1:25-2:10,rid_7587173374425d8e1e91,paona-25,Paona 25,Annual / fixed or ordinary cycle,Liturgy,,Catholic Epistle,current_public_or_local_reference,local cache covering 2020 to 2035
New Testament,1 Peter,1,1Pet 1:25-2:10,rid_7587173374425d8e1e91,the-fourth-sunday-of-abib,The fourth Sunday of Abib,Annual / fixed or ordinary cycle,Liturgy,,Catholic Epistle,current_public_or_local_reference,local cache covering 2020 to 2035
New Testament,1 Peter,1,1Pet 1:25-2:10,rid_7587173374425d8e1e91,toba-1,Toba 1,Annual / fixed or ordinary cycle,Liturgy,,Catholic Epistle,current_public_or_local_reference,local cache covering 2020 to 2035
New Testament,1 Peter,1,1Pet 1:25-2:10,rid_7587173374425d8e1e91,toba-20,Toba 20,Annual / fixed or ordinary cycle,Liturgy,,Catholic Epistle,current_public_or_local_reference,local cache covering 2020 to 2035
New Testament,1 Peter,1,1Pet 1:25-2:10,rid_7587173374425d8e1e91,toba-3,Toba 3,Annual / fixed or ordinary cycle,Liturgy,,Catholic Epistle,current_public_or_local_reference,local cache covering 2020 to 2035
New Testament,1 Peter,1,1Pet 1:25-2:10,rid_7587173374425d8e1e91,tout-15,Tout 15,Annual / fixed or ordinary cycle,Liturgy,,Catholic Epistle,current_public_or_local_reference,local cache covering 2020 to 2035
New Testament,1 Peter,1,1Pet 1:25-2:10,rid_7587173374425d8e1e91,tout-24,Tout 24,Annual / fixed or ordinary cycle,Liturgy,,Catholic Epistle,current_public_or_local_reference,local cache covering 2020 to 2035
New Testament,1 Peter,1,1Pet 1:25-2:6,rid_5c1d65531748026641f7,lazarus-saturday-of-great-lent,Lazarus Saturday of Great Lent,Great Lent,Liturgy,,Catholic Epistle,current_public_or_local_reference,local cache covering 2020 to 2035
New Testament,1 Peter,1,1Pet 1:3-12,rid_9437959932196049aadd,al-nasi-03-01,"The Commemoration of the Angel Raphael, the Archangel",Annual / fixed or ordinary cycle,liturgy_catholic,,liturgy_catholic,current_public_or_local_reference,local repo snapshot of pierresaid Katameros API SQLite database
New Testament,1 Peter,1,1Pet 1:3-12,rid_9437959932196049aadd,amshir-01-01,"On this day of the year 381 A.D., one hundred and fifty fathers assembled upon the order of Emperor Theodosius the Great, in the city of Constantinople",Annual / fixed or ordinary cycle,Liturgy,,Catholic Epistle,current_public_or_local_reference,local cache covering 2020 to 2035
New Testament,1 Peter,1,1Pet 1:3-12,rid_9437959932196049aadd,amshir-01-01,"On this day of the year 381 A.D., one hundred and fifty fathers assembled upon the order of Emperor Theodosius the Great, in the city of Constantinople",Annual / fixed or ordinary cycle,liturgy_catholic,,liturgy_catholic,current_public_or_local_reference,local repo snapshot of pierresaid Katameros API SQLite database
New Testament,1 Peter,1,1Pet 1:3-12,rid_9437959932196049aadd,babah-12-01,"The Departure of Abba Demetrius I, 12th Pope of Alexandria",Annual / fixed or ordinary cycle,Liturgy,,Catholic Epistle,current_public_or_local_reference,local cache covering 2020 to 2035
New Testament,1 Peter,1,1Pet 1:3-12,rid_9437959932196049aadd,babah-12-01,"The Departure of Abba Demetrius I, 12th Pope of Alexandria",Annual / fixed or ordinary cycle,liturgy_catholic,,liturgy_catholic,current_public_or_local_reference,local repo snapshot of pierresaid Katameros API SQLite database
New Testament,1 Peter,1,1Pet 1:3-12,rid_9437959932196049aadd,baramhat-30-01,The Commemoration of the Archangel Gabriel the Announcer,Annual / fixed or ordinary cycle,liturgy_catholic,,liturgy_catholic,current_public_or_local_reference,local repo snapshot of pierresaid Katameros API SQLite database
New Testament,1 Peter,1,1Pet 1:3-12,rid_9437959932196049aadd,baramhat-04-01,Assembly of the Holy Council on the island of Bani-Omar,Annual / fixed or ordinary cycle,liturgy_catholic,,liturgy_catholic,current_public_or_local_reference,local repo snapshot of pierresaid Katameros API SQLite database
New Testament,1 Peter,1,1Pet 1:3-12,rid_9437959932196049aadd,bashans-15-01,"The Martyrdom of St. Simon the Zealot, the Apostle who is known by (Simon the Canaanite)",Annual / fixed or ordinary cycle,liturgy_catholic,,liturgy_catholic,current_public_or_local_reference,local repo snapshot of pierresaid Katameros API SQLite database
New Testament,1 Peter,1,1Pet 1:3-12,rid_9437959932196049aadd,baunah-13-01,"The Departure of St. John, Bishop of Jerusalem",Annual / fixed or ordinary cycle,liturgy_catholic,,liturgy_catholic,current_public_or_local_reference,local repo snapshot of pierresaid Katameros API SQLite database
New Testament,1 Peter,1,1Pet 1:3-12,rid_9437959932196049aadd,great-lent-jonah-nineveh-cycle,Great Lent/Jonah/Nineveh cycle,Great Lent,liturgy_catholic,,liturgy_catholic,current_public_or_local_reference,local repo snapshot of pierresaid Katameros API SQLite database
New Testament,1 Peter,1,1Pet 1:3-12,rid_9437959932196049aadd,hator-3,Hator 3,Annual / fixed or ordinary cycle,Liturgy,,Catholic Epistle,current_public_or_local_reference,local cache covering 2020 to 2035
New Testament,1 Peter,1,1Pet 1:3-12,rid_9437959932196049aadd,hator-9,Hator 9,Annual / fixed or ordinary cycle,Liturgy,,Catholic Epistle,current_public_or_local_reference,local cache covering 2020 to 2035
New Testament,1 Peter,1,1Pet 1:3-12,rid_9437959932196049aadd,hatur-03-01,The Departure of St. Cyriacus,Annual / fixed or ordinary cycle,liturgy_catholic,,liturgy_catholic,current_public_or_local_reference,local repo snapshot of pierresaid Katameros API SQLite database
New Testament,1 Peter,1,1Pet 1:3-12,rid_9437959932196049aadd,hatur-09-01,"The Departure of the Holy Father Anba Isaac, 41st Pope of Alexandria",Annual / fixed or ordinary cycle,liturgy_catholic,,liturgy_catholic,current_public_or_local_reference,local repo snapshot of pierresaid Katameros API SQLite database
New Testament,1 Peter,1,1Pet 1:3-12,rid_9437959932196049aadd,kiak-22,Kiak 22,Annual / fixed or ordinary cycle,Liturgy,,Catholic Epistle,current_public_or_local_reference,local cache covering 2020 to 2035
New Testament,1 Peter,1,1Pet 1:3-12,rid_9437959932196049aadd,kiyahk-22-01,The Commemoration of the Archangel Gabriel,Annual / fixed or ordinary cycle,liturgy_catholic,,liturgy_catholic,current_public_or_local_reference,local repo snapshot of pierresaid Katameros API SQLite database
New Testament,1 Peter,1,1Pet 1:3-12,rid_9437959932196049aadd,monday-of-the-third-week-of-great-lent,Monday of the third week of Great Lent,Great Lent,Liturgy,,Catholic Epistle,current_public_or_local_reference,local cache covering 2020 to 2035
New Testament,1 Peter,1,1Pet 1:3-12,rid_9437959932196049aadd,al-nasi-03-01,"The Commemoration of the Angel Raphael, the Archangel",Annual / fixed or ordinary cycle,Liturgy,,Catholic Epistle,current_public_or_local_reference,local cache covering 2020 to 2035
New Testament,1 Peter,1,1Pet 1:3-12,rid_9437959932196049aadd,baunah-13-01,"The Departure of St. John, Bishop of Jerusalem",Annual / fixed or ordinary cycle,Liturgy,,Catholic Epistle,current_public_or_local_reference,local cache covering 2020 to 2035
New Testament,1 Peter,1,1Pet 1:3-12,rid_9437959932196049aadd,tut-18-01,The Martyrdom of St. Prophorius (Porphyrius),Annual / fixed or ordinary cycle,Liturgy,,Catholic Epistle,current_public_or_local_reference,local cache covering 2020 to 2035
New Testament,1 Peter,2,1Pet 2:1-10,rid_a35338e5e59379513f20,abib-06-01,"The Martyrdom of St. Aoulimpas, the Apostle",Annual / fixed or ordinary cycle,liturgy_catholic,,liturgy_catholic,current_public_or_local_reference,local repo snapshot of pierresaid Katameros API SQLite database
New Testament,1 Peter,2,1Pet 2:1-10,rid_a35338e5e59379513f20,babah-26-01,The Martyrdom of Saint Timon the Apostle,Annual / fixed or ordinary cycle,liturgy_catholic,,liturgy_catholic,current_public_or_local_reference,local repo snapshot of pierresaid Katameros API SQLite database
New Testament,1 Peter,2,1Pet 2:1-10,rid_a35338e5e59379513f20,baramhat-19-01,"The Martyrdom of St. Aristobulus, the apostle",Annual / fixed or ordinary cycle,liturgy_catholic,,liturgy_catholic,current_public_or_local_reference,local repo snapshot of pierresaid Katameros API SQLite database
New Testament,1 Peter,2,1Pet 2:1-10,rid_a35338e5e59379513f20,baramhat-28-01,The Departure of the righteous Emperor Constantine the Great,Annual / fixed or ordinary cycle,liturgy_catholic,,liturgy_catholic,current_public_or_local_reference,local repo snapshot of pierresaid Katameros API SQLite database
New Testament,1 Peter,2,1Pet 2:1-10,rid_a35338e5e59379513f20,barmuda-15,Barmuda 15,Annual / fixed or ordinary cycle,liturgy_catholic,,liturgy_catholic,current_public_or_local_reference,local repo snapshot of pierresaid Katameros API SQLite database
New Testament,1 Peter,2,1Pet 2:1-10,rid_a35338e5e59379513f20,barmuda-29,Barmuda 29,Annual / fixed or ordinary cycle,liturgy_catholic,,liturgy_catholic,current_public_or_local_reference,local repo snapshot of pierresaid Katameros API SQLite database
New Testament,1 Peter,2,1Pet 2:1-10,rid_a35338e5e59379513f20,bashans-22-01,The Departure of St. Andronicus One of the Seventy Disciples,Annual / fixed or ordinary cycle,liturgy_catholic,,liturgy_catholic,current_public_or_local_reference,local repo snapshot of pierresaid Katameros API SQLite database
New Testament,1 Peter,2,1Pet 2:1-10,rid_a35338e5e59379513f20,bashans-03-01,"The Departure of St. Jason, one of the Seventy disciples",Annual / fixed or ordinary cycle,liturgy_catholic,,liturgy_catholic,current_public_or_local_reference,local repo snapshot of pierresaid Katameros API SQLite database
New Testament,1 Peter,2,1Pet 2:1-10,rid_a35338e5e59379513f20,bashans-09-01,"The Departure of St. Helena, The Empress",Annual / fixed or ordinary cycle,liturgy_catholic,,liturgy_catholic,current_public_or_local_reference,local repo snapshot of pierresaid Katameros API SQLite database
New Testament,1 Peter,2,1Pet 2:1-10,rid_a35338e5e59379513f20,baunah-01-01,The Consecration of the church of St. Leontius of Tripoli,Annual / fixed or ordinary cycle,liturgy_catholic,,liturgy_catholic,current_public_or_local_reference,local repo snapshot of pierresaid Katameros API SQLite database
New Testament,1 Peter,2,1Pet 2:1-10,rid_a35338e5e59379513f20,baunah-02-01,The Commemoration of the Appearance of the Bodies of St. John the Baptist and Elisha the Prophet,Annual / fixed or ordinary cycle,liturgy_catholic,,liturgy_catholic,current_public_or_local_reference,local repo snapshot of pierresaid Katameros API SQLite database
New Testament,1 Peter,2,1Pet 2:1-10,rid_a35338e5e59379513f20,baunah-25-01,"The Martyrdom of St. Jude, one of the Seventy Disciples",Annual / fixed or ordinary cycle,liturgy_catholic,,liturgy_catholic,current_public_or_local_reference,local repo snapshot of pierresaid Katameros API SQLite database
New Testament,1 Peter,2,1Pet 2:1-10,rid_a35338e5e59379513f20,tubah-01-01,The Martyrdom of St. Stephen the Archdeacon,Annual / fixed or ordinary cycle,liturgy_catholic,,liturgy_catholic,current_public_or_local_reference,local repo snapshot of pierresaid Katameros API SQLite database
New Testament,1 Peter,2,1Pet 2:1-10,rid_a35338e5e59379513f20,tubah-20-01,"The Departure of St. Prochorus, One of the Seventy Disciples",Annual / fixed or ordinary cycle,liturgy_catholic,,liturgy_catholic,current_public_or_local_reference,local repo snapshot of pierresaid Katameros API SQLite database
New Testament,1 Peter,2,1Pet 2:1-10,rid_a35338e5e59379513f20,tubah-03-01,The Commemoration of the Slain Children of Bethlehem by the Order of King Herod,Annual / fixed or ordinary cycle,liturgy_catholic,,liturgy_catholic,current_public_or_local_reference,local repo snapshot of pierresaid Katameros API SQLite database
New Testament,1 Peter,2,1Pet 2:1-10,rid_a35338e5e59379513f20,tut-15-01,Translocation of the Body of St. Stephen the Archdeacon,Annual / fixed or ordinary cycle,liturgy_catholic,,liturgy_catholic,current_public_or_local_reference,local repo snapshot of pierresaid Katameros API SQLite database
New Testament,1 Peter,2,1Pet 2:1-10,rid_a35338e5e59379513f20,tut-16-01,The Commemoration of the Consecration of the Sanctuaries of the church of Resurrection in Jerusalem,Annual / fixed or ordinary cycle,liturgy_catholic,,liturgy_catholic,current_public_or_local_reference,local repo snapshot of pierresaid Katameros API SQLite database
New Testament,1 Peter,2,1Pet 2:1-10,rid_a35338e5e59379513f20,tut-24-01,The Departure of St. Gregory the Ascetic,Annual / fixed or ordinary cycle,liturgy_catholic,,liturgy_catholic,current_public_or_local_reference,local repo snapshot of pierresaid Katameros API SQLite database
New Testament,1 Peter,2,1Pet 2:1-10,rid_a35338e5e59379513f20,abib-04-01,The Commemoration of the Relocation of the Relics of Sts. Apakir and John,Annual / fixed or ordinary cycle,liturgy_catholic,,liturgy_catholic,current_public_or_local_reference,local repo snapshot of pierresaid Katameros API SQLite database
New Testament,1 Peter,2,1Pet 2:1-10,rid_a35338e5e59379513f20,myron-consecration,myron_consecration,Special service,liturgy,,liturgy,current_public_or_local_reference,local package snapshot
New Testament,1 Peter,2,1Pet 2:1-25,rid_deefdeb7190c70487bdf,mesra-12,Mesra 12,Annual / fixed or ordinary cycle,Liturgy,,Catholic Epistle,current_public_or_local_reference,local cache covering 2020 to 2035
New Testament,1 Peter,2,1Pet 2:1-25,rid_deefdeb7190c70487bdf,sunday-tout-17-feast-of-the-cross,"Sunday, Tout 17 (Feast of the Cross)",Annual / fixed or ordinary cycle,Liturgy,,Catholic Epistle,current_public_or_local_reference,local cache covering 2020 to 2035
New Testament,1 Peter,2,1Pet 2:1-25,rid_deefdeb7190c70487bdf,tout-17-feast-of-the-cross,Tout 17 (Feast of the Cross),Annual / fixed or ordinary cycle,Liturgy,,Catholic Epistle,current_public_or_local_reference,local cache covering 2020 to 2035
New Testament,1 Peter,2,1Pet 2:1-5,rid_12f25d953343e6721431,babah-01-01,The Martyrdom of Saint Anastasia,Annual / fixed or ordinary cycle,liturgy_catholic,,liturgy_catholic,current_public_or_local_reference,local repo snapshot of pierresaid Katameros API SQLite database
New Testament,1 Peter,2,1Pet 2:1-6,rid_67c072b2705a17ca8b8b,great-lent-jonah-nineveh-cycle,Great Lent/Jonah/Nineveh cycle,Great Lent,liturgy_catholic,,liturgy_catholic,current_public_or_local_reference,local repo snapshot of pierresaid Katameros API SQLite database
New Testament,1 Peter,2,1Pet 2:11-17,rid_9750d3df37674fadb541,abib-19-01,"The Martyrdom of Sts. Bidaba, Bishop of Qift, Anba Andrew, and Anba Christodoulas",Annual / fixed or ordinary cycle,Liturgy,,Catholic Epistle,current_public_or_local_reference,local cache covering 2020 to 2035
New Testament,1 Peter,2,1Pet 2:11-17,rid_9750d3df37674fadb541,abib-19-01,"The Martyrdom of Sts. Bidaba, Bishop of Qift, Anba Andrew, and Anba Christodoulas",Annual / fixed or ordinary cycle,liturgy_catholic,,liturgy_catholic,current_public_or_local_reference,local repo snapshot of pierresaid Katameros API SQLite database
New Testament,1 Peter,2,1Pet 2:11-17,rid_9750d3df37674fadb541,abib-30-01,The Martyrdom of Sts. Mercurius and Ephraem,Annual / fixed or ordinary cycle,Liturgy,,Catholic Epistle,current_public_or_local_reference,local cache covering 2020 to 2035
New Testament,1 Peter,2,1Pet 2:11-17,rid_9750d3df37674fadb541,abib-30-01,The Martyrdom of Sts. Mercurius and Ephraem,Annual / fixed or ordinary cycle,liturgy_catholic,,liturgy_catholic,current_public_or_local_reference,local repo snapshot of pierresaid Katameros API SQLite database
New Testament,1 Peter,2,1Pet 2:11-17,rid_9750d3df37674fadb541,abib-8,Abib 8,Annual / fixed or ordinary cycle,Liturgy,,Catholic Epistle,current_public_or_local_reference,local cache covering 2020 to 2035
New Testament,1 Peter,2,1Pet 2:11-17,rid_9750d3df37674fadb541,baramhat-01-01,The Departure of St. Narcissus,Annual / fixed or ordinary cycle,liturgy_catholic,,liturgy_catholic,current_public_or_local_reference,local repo snapshot of pierresaid Katameros API SQLite database
New Testament,1 Peter,2,1Pet 2:11-17,rid_9750d3df37674fadb541,baramhat-07-01,The Martyrdom of Sts. Philemon and Apollonius,Annual / fixed or ordinary cycle,liturgy_catholic,,liturgy_catholic,current_public_or_local_reference,local repo snapshot of pierresaid Katameros API SQLite database
New Testament,1 Peter,2,1Pet 2:11-17,rid_9750d3df37674fadb541,barmuda-13,Barmuda 13,Annual / fixed or ordinary cycle,liturgy_catholic,,liturgy_catholic,current_public_or_local_reference,local repo snapshot of pierresaid Katameros API SQLite database
New Testament,1 Peter,2,1Pet 2:11-17,rid_9750d3df37674fadb541,barmuda-4,Barmuda 4,Annual / fixed or ordinary cycle,liturgy_catholic,,liturgy_catholic,current_public_or_local_reference,local repo snapshot of pierresaid Katameros API SQLite database
New Testament,1 Peter,2,1Pet 2:11-17,rid_9750d3df37674fadb541,baunah-10-01,The Martyrdom of St. Dabamon,Annual / fixed or ordinary cycle,liturgy_catholic,,liturgy_catholic,current_public_or_local_reference,local repo snapshot of pierresaid Katameros API SQLite database
New Testament,1 Peter,2,1Pet 2:11-17,rid_9750d3df37674fadb541,baunah-22-01,"The Consecration of the Church of Sts. Cosmas, Damian, Their Mother, and Brothers",Annual / fixed or ordinary cycle,liturgy_catholic,,liturgy_catholic,current_public_or_local_reference,local repo snapshot of pierresaid Katameros API SQLite database
New Testament,1 Peter,2,1Pet 2:11-17,rid_9750d3df37674fadb541,baunah-30-01,"The Nativity of St. John, the Baptist",Annual / fixed or ordinary cycle,liturgy_catholic,,liturgy_catholic,current_public_or_local_reference,local repo snapshot of pierresaid Katameros API SQLite database
New Testament,1 Peter,2,1Pet 2:11-17,rid_9750d3df37674fadb541,hator-11,Hator 11,Annual / fixed or ordinary cycle,Liturgy,,Catholic Epistle,current_public_or_local_reference,local cache covering 2020 to 2035
New Testament,1 Peter,2,1Pet 2:11-17,rid_9750d3df37674fadb541,hator-22,Hator 22,Annual / fixed or ordinary cycle,Liturgy,,Catholic Epistle,current_public_or_local_reference,local cache covering 2020 to 2035
New Testament,1 Peter,2,1Pet 2:11-17,rid_9750d3df37674fadb541,hator-26,Hator 26,Annual / fixed or ordinary cycle,Liturgy,,Catholic Epistle,current_public_or_local_reference,local cache covering 2020 to 2035
New Testament,1 Peter,2,1Pet 2:11-17,rid_9750d3df37674fadb541,hatur-22-01,"The Martyrdom of Saints Cosmas, Damian, Their Brothers and Their Mother",Annual / fixed or ordinary cycle,liturgy_catholic,,liturgy_catholic,current_public_or_local_reference,local repo snapshot of pierresaid Katameros API SQLite database
New Testament,1 Peter,2,1Pet 2:11-17,rid_9750d3df37674fadb541,hatur-26-01,"The Commemoration of the Martyrdom of the Sts. Valerian (Balaryanos) and Tiburcius (Thiborinos), His Brother",Annual / fixed or ordinary cycle,liturgy_catholic,,liturgy_catholic,current_public_or_local_reference,local repo snapshot of pierresaid Katameros API SQLite database
New Testament,1 Peter,2,1Pet 2:11-17,rid_9750d3df37674fadb541,mesra-20-01,The Martyrdom of the Seven Young Men of Ephesus,Annual / fixed or ordinary cycle,Liturgy,,Catholic Epistle,current_public_or_local_reference,local cache covering 2020 to 2035
New Testament,1 Peter,2,1Pet 2:11-17,rid_9750d3df37674fadb541,mesra-20-01,The Martyrdom of the Seven Young Men of Ephesus,Annual / fixed or ordinary cycle,liturgy_catholic,,liturgy_catholic,current_public_or_local_reference,local repo snapshot of pierresaid Katameros API SQLite database
New Testament,1 Peter,2,1Pet 2:11-17,rid_9750d3df37674fadb541,mesra-26-01,The Martyrdom of St. Moses (Moisees) and his Sister Sarah,Annual / fixed or ordinary cycle,Liturgy,,Catholic Epistle,current_public_or_local_reference,local cache covering 2020 to 2035
New Testament,1 Peter,2,1Pet 2:11-25,rid_f255dc86622c22f90539,baramhat-10-01,Commemoration Of the Appearance Of The Glorious Cross,Annual / fixed or ordinary cycle,liturgy_catholic,,liturgy_catholic,current_public_or_local_reference,local repo snapshot of pierresaid Katameros API SQLite database
New Testament,1 Peter,2,1Pet 2:11-25,rid_f255dc86622c22f90539,friday-of-the-second-week-of-great-lent-br-feast-of-the-cross-readings-of-10th-baramhat,Friday of the second week of Great Lent <br>(Feast of the Cross - Readings of 10th Baramhat),Great Lent,Liturgy,,Catholic Epistle,current_public_or_local_reference,local cache covering 2020 to 2035
New Testament,1 Peter,2,1Pet 2:11-25,rid_f255dc86622c22f90539,holy-fifty-days-pentecost-cycle,Holy Fifty Days/Pentecost cycle,Holy Fifty Days,liturgy_catholic,,liturgy_catholic,current_public_or_local_reference,local repo snapshot of pierresaid Katameros API SQLite database
New Testament,1 Peter,2,1Pet 2:11-25,rid_f255dc86622c22f90539,mesra-12-01,The Commemoration of the Honorable Archangel Michael,Annual / fixed or ordinary cycle,liturgy_catholic,,liturgy_catholic,current_public_or_local_reference,local repo snapshot of pierresaid Katameros API SQLite database
New Testament,1 Peter,2,1Pet 2:11-25,rid_f255dc86622c22f90539,monday-of-the-first-week-of-the-holy-fifty-days,Monday of the first week of the holy fifty days,Holy Fifty Days,Liturgy,,Catholic Epistle,current_public_or_local_reference,local cache covering 2020 to 2035
New Testament,1 Peter,2,1Pet 2:11-25,rid_f255dc86622c22f90539,monday-of-the-sixth-week-of-great-lent-br-feast-of-the-cross-readings-of-10th-baramhat,Monday of the sixth week of Great Lent <br>(Feast of the Cross - Readings of 10th Baramhat),Great Lent,Liturgy,,Catholic Epistle,current_public_or_local_reference,local cache covering 2020 to 2035
New Testament,1 Peter,2,1Pet 2:11-25,rid_f255dc86622c22f90539,monday-of-the-third-week-of-great-lent-br-feast-of-the-cross-readings-of-10th-baramhat,Monday of the third week of Great Lent <br>(Feast of the Cross - Readings of 10th Baramhat),Great Lent,Liturgy,,Catholic Epistle,current_public_or_local_reference,local cache covering 2020 to 2035
New Testament,1 Peter,2,1Pet 2:11-25,rid_f255dc86622c22f90539,saturday-of-the-third-week-of-great-lent-br-feast-of-the-cross-readings-of-10th-baramhat,Saturday of the third week of Great Lent <br>(Feast of the Cross - Readings of 10th Baramhat),Great Lent,Liturgy,,Catholic Epistle,current_public_or_local_reference,local cache covering 2020 to 2035
New Testament,1 Peter,2,1Pet 2:11-25,rid_f255dc86622c22f90539,sunday-of-the-fifth-week-of-great-lent-br-feast-of-the-cross-readings-of-10th-baramhat,Sunday of the fifth week of Great Lent <br>(Feast of the Cross - Readings of 10th Baramhat),Great Lent,Liturgy,,Catholic Epistle,current_public_or_local_reference,local cache covering 2020 to 2035
New Testament,1 Peter,2,1Pet 2:11-25,rid_f255dc86622c22f90539,sunday-of-the-fourth-week-of-great-lent-br-feast-of-the-cross-readings-of-10th-baramhat,Sunday of the fourth week of Great Lent <br>(Feast of the Cross - Readings of 10th Baramhat),Great Lent,Liturgy,,Catholic Epistle,current_public_or_local_reference,local cache covering 2020 to 2035
New Testament,1 Peter,2,1Pet 2:11-25,rid_f255dc86622c22f90539,thursday-of-the-fifth-week-of-great-lent-br-feast-of-the-cross-readings-of-10th-baramhat,Thursday of the fifth week of Great Lent <br>(Feast of the Cross - Readings of 10th Baramhat),Great Lent,Liturgy,,Catholic Epistle,current_public_or_local_reference,local cache covering 2020 to 2035
New Testament,1 Peter,2,1Pet 2:11-25,rid_f255dc86622c22f90539,thursday-of-the-fourth-week-of-great-lent-br-feast-of-the-cross-readings-of-10th-baramhat,Thursday of the fourth week of Great Lent <br>(Feast of the Cross - Readings of 10th Baramhat),Great Lent,Liturgy,,Catholic Epistle,current_public_or_local_reference,local cache covering 2020 to 2035
New Testament,1 Peter,2,1Pet 2:11-25,rid_f255dc86622c22f90539,tuesday-of-the-second-week-of-great-lent-br-feast-of-the-cross-readings-of-10th-baramhat,Tuesday of the second week of Great Lent <br>(Feast of the Cross - Readings of 10th Baramhat),Great Lent,Liturgy,,Catholic Epistle,current_public_or_local_reference,local cache covering 2020 to 2035
New Testament,1 Peter,2,1Pet 2:11-25,rid_f255dc86622c22f90539,tuesday-of-the-third-week-of-great-lent-br-feast-of-the-cross-readings-of-10th-baramhat,Tuesday of the third week of Great Lent <br>(Feast of the Cross - Readings of 10th Baramhat),Great Lent,Liturgy,,Catholic Epistle,current_public_or_local_reference,local cache covering 2020 to 2035
New Testament,1 Peter,2,1Pet 2:11-25,rid_f255dc86622c22f90539,tut-17-01,The Feast of the Consecration of the Church of the Honorable Cross,Annual / fixed or ordinary cycle,liturgy_catholic,,liturgy_catholic,current_public_or_local_reference,local repo snapshot of pierresaid Katameros API SQLite database
New Testament,1 Peter,2,1Pet 2:11-25,rid_f255dc86622c22f90539,wednesday-of-the-fifth-week-of-great-lent-br-feast-of-the-cross-readings-of-10th-baramhat,Wednesday of the fifth week of Great Lent <br>(Feast of the Cross - Readings of 10th Baramhat),Great Lent,Liturgy,,Catholic Epistle,current_public_or_local_reference,local cache covering 2020 to 2035
New Testament,1 Peter,2,1Pet 2:11-25,rid_f255dc86622c22f90539,wednesday-of-the-fourth-week-of-great-lent-br-feast-of-the-cross-readings-of-10th-baramhat,Wednesday of the fourth week of Great Lent <br>(Feast of the Cross - Readings of 10th Baramhat),Great Lent,Liturgy,,Catholic Epistle,current_public_or_local_reference,local cache covering 2020 to 2035
New Testament,1 Peter,2,1Pet 2:18-25,rid_2c689744523478f2749d,abib-03-01,"The Departure of St. Kyrillos (Cyril) the First, the Twenty- Fourth Pope of Alexandria",Annual / fixed or ordinary cycle,liturgy_catholic,,liturgy_catholic,current_public_or_local_reference,local repo snapshot of pierresaid Katameros API SQLite database
New Testament,1 Peter,2,1Pet 2:18-25,rid_2c689744523478f2749d,amshir-07-01,"The Departure of St. Alexandros II, 43rd Pope of Alexandria",Annual / fixed or ordinary cycle,liturgy_catholic,,liturgy_catholic,current_public_or_local_reference,local repo snapshot of pierresaid Katameros API SQLite database
New Testament,1 Peter,2,1Pet 2:18-25,rid_2c689744523478f2749d,babah-11-01,"The Departure of St. James, Patriarch of Antioch",Annual / fixed or ordinary cycle,liturgy_catholic,,liturgy_catholic,current_public_or_local_reference,local repo snapshot of pierresaid Katameros API SQLite database
New Testament,1 Peter,2,1Pet 2:18-25,rid_2c689744523478f2749d,babah-17-01,The Departure of St. Dioscorus II 31st Pope of Alexandria,Annual / fixed or ordinary cycle,liturgy_catholic,,liturgy_catholic,current_public_or_local_reference,local repo snapshot of pierresaid Katameros API SQLite database
New Testament,1 Peter,2,1Pet 2:18-25,rid_2c689744523478f2749d,babah-02-01,"The Coming of Saint Severus, Patriarch of Antioch, to Egypt",Annual / fixed or ordinary cycle,liturgy_catholic,,liturgy_catholic,current_public_or_local_reference,local repo snapshot of pierresaid Katameros API SQLite database
New Testament,1 Peter,2,1Pet 2:18-25,rid_2c689744523478f2749d,baramhat-22-01,"The Departure of St. Kyrellos (Cyril), Bishop of Jerusalem",Annual / fixed or ordinary cycle,liturgy_catholic,,liturgy_catholic,current_public_or_local_reference,local repo snapshot of pierresaid Katameros API SQLite database
New Testament,1 Peter,2,1Pet 2:18-25,rid_2c689744523478f2749d,barmuda-12,Barmuda 12,Annual / fixed or ordinary cycle,liturgy_catholic,,liturgy_catholic,current_public_or_local_reference,local repo snapshot of pierresaid Katameros API SQLite database
New Testament,1 Peter,2,1Pet 2:18-25,rid_2c689744523478f2749d,barmuda-3,Barmuda 3,Annual / fixed or ordinary cycle,liturgy_catholic,,liturgy_catholic,current_public_or_local_reference,local repo snapshot of pierresaid Katameros API SQLite database
New Testament,1 Peter,2,1Pet 2:18-25,rid_2c689744523478f2749d,bashans-30-01,"The Departure of Pope Mikhail the First, the 68th. Patriarch of Alexandria",Annual / fixed or ordinary cycle,liturgy_catholic,,liturgy_catholic,current_public_or_local_reference,local repo snapshot of pierresaid Katameros API SQLite database
New Testament,1 Peter,2,1Pet 2:18-25,rid_2c689744523478f2749d,bashans-07-01,The Departure of St. Athanasius the Apostolic the 20th. Pope of Alexandria,Annual / fixed or ordinary cycle,liturgy_catholic,,liturgy_catholic,current_public_or_local_reference,local repo snapshot of pierresaid Katameros API SQLite database
New Testament,1 Peter,2,1Pet 2:18-25,rid_2c689744523478f2749d,baunah-28-01,"The Departure of St. Theodosius, 33rd Pope of Alexandria",Annual / fixed or ordinary cycle,liturgy_catholic,,liturgy_catholic,current_public_or_local_reference,local repo snapshot of pierresaid Katameros API SQLite database
New Testament,1 Peter,2,1Pet 2:18-25,rid_2c689744523478f2749d,hatur-01-01,"The Martyrdom of the Saints Maximus, Numitius, Victor (Boctor), and Philip (Philopus)",Annual / fixed or ordinary cycle,liturgy_catholic,,liturgy_catholic,current_public_or_local_reference,local repo snapshot of pierresaid Katameros API SQLite database
New Testament,1 Peter,2,1Pet 2:18-25,rid_2c689744523478f2749d,hatur-13-01,"The Departure of St. Timothy, Bishop of Ansena (Antinoe)",Annual / fixed or ordinary cycle,liturgy_catholic,,liturgy_catholic,current_public_or_local_reference,local repo snapshot of pierresaid Katameros API SQLite database
New Testament,1 Peter,2,1Pet 2:18-25,rid_2c689744523478f2749d,hatur-30-01,"The Departure of St. Acacius, Patriarch of Constantinople",Annual / fixed or ordinary cycle,liturgy_catholic,,liturgy_catholic,current_public_or_local_reference,local repo snapshot of pierresaid Katameros API SQLite database
New Testament,1 Peter,2,1Pet 2:18-25,rid_2c689744523478f2749d,kiyahk-06-01,"The Departure of St. Abraam (Abraham), Ebn-Zaraa, 62nd Pope of Alexandria",Annual / fixed or ordinary cycle,liturgy_catholic,,liturgy_catholic,current_public_or_local_reference,local repo snapshot of pierresaid Katameros API SQLite database
New Testament,1 Peter,2,1Pet 2:18-25,rid_2c689744523478f2749d,mesra-18-01,"The Departure of St. Alexander, Patriarch of Constantinople",Annual / fixed or ordinary cycle,liturgy_catholic,,liturgy_catholic,current_public_or_local_reference,local repo snapshot of pierresaid Katameros API SQLite database
New Testament,1 Peter,2,1Pet 2:18-25,rid_2c689744523478f2749d,tubah-02-01,"The Departure of St. Theonas, 16th Pope of Alexandria",Annual / fixed or ordinary cycle,liturgy_catholic,,liturgy_catholic,current_public_or_local_reference,local repo snapshot of pierresaid Katameros API SQLite database
New Testament,1 Peter,2,1Pet 2:18-25,rid_2c689744523478f2749d,tubah-08-01,The Consecration of St. Macarius' Church,Annual / fixed or ordinary cycle,liturgy_catholic,,liturgy_catholic,current_public_or_local_reference,local repo snapshot of pierresaid Katameros API SQLite database
New Testament,1 Peter,2,1Pet 2:18-25,rid_2c689744523478f2749d,tut-03-01,A Council held in the city of Alexandria,Annual / fixed or ordinary cycle,liturgy_catholic,,liturgy_catholic,current_public_or_local_reference,local repo snapshot of pierresaid Katameros API SQLite database
New Testament,1 Peter,2,1Pet 2:18-25,rid_2c689744523478f2749d,tut-07-01,"The Martyrdom of Sts. Agathon, Peter, John, Amun and Amuna and Their Mother, Rebecca",Annual / fixed or ordinary cycle,liturgy_catholic,,liturgy_catholic,current_public_or_local_reference,local repo snapshot of pierresaid Katameros API SQLite database
New Testament,1 Peter,2,1Pet 2:18-3:7,rid_51f9180dcac22661db40,abib-14,Abib 14,Annual / fixed or ordinary cycle,Liturgy,,Catholic Epistle,current_public_or_local_reference,local cache covering 2020 to 2035
New Testament,1 Peter,2,1Pet 2:18-3:7,rid_51f9180dcac22661db40,abib-3,Abib 3,Annual / fixed or ordinary cycle,Liturgy,,Catholic Epistle,current_public_or_local_reference,local cache covering 2020 to 2035
New Testament,1 Peter,2,1Pet 2:18-3:7,rid_51f9180dcac22661db40,baba-11,Baba 11,Annual / fixed or ordinary cycle,Liturgy,,Catholic Epistle,current_public_or_local_reference,local cache covering 2020 to 2035
New Testament,1 Peter,2,1Pet 2:18-3:7,rid_51f9180dcac22661db40,baba-17,Baba 17,Annual / fixed or ordinary cycle,Liturgy,,Catholic Epistle,current_public_or_local_reference,local cache covering 2020 to 2035
New Testament,1 Peter,2,1Pet 2:18-3:7,rid_51f9180dcac22661db40,baba-2,Baba 2,Annual / fixed or ordinary cycle,Liturgy,,Catholic Epistle,current_public_or_local_reference,local cache covering 2020 to 2035
New Testament,1 Peter,2,1Pet 2:18-3:7,rid_51f9180dcac22661db40,bashons-30,Bashons 30,Annual / fixed or ordinary cycle,Liturgy,,Catholic Epistle,current_public_or_local_reference,local cache covering 2020 to 2035
New Testament,1 Peter,2,1Pet 2:18-3:7,rid_51f9180dcac22661db40,hator-1,Hator 1,Annual / fixed or ordinary cycle,Liturgy,,Catholic Epistle,current_public_or_local_reference,local cache covering 2020 to 2035
New Testament,1 Peter,2,1Pet 2:18-3:7,rid_51f9180dcac22661db40,hator-13,Hator 13,Annual / fixed or ordinary cycle,Liturgy,,Catholic Epistle,current_public_or_local_reference,local cache covering 2020 to 2035
New Testament,1 Peter,2,1Pet 2:18-3:7,rid_51f9180dcac22661db40,hator-30,Hator 30,Annual / fixed or ordinary cycle,Liturgy,,Catholic Epistle,current_public_or_local_reference,local cache covering 2020 to 2035
New Testament,1 Peter,2,1Pet 2:18-3:7,rid_51f9180dcac22661db40,kiak-6,Kiak 6,Annual / fixed or ordinary cycle,Liturgy,,Catholic Epistle,current_public_or_local_reference,local cache covering 2020 to 2035
New Testament,1 Peter,2,1Pet 2:18-3:7,rid_51f9180dcac22661db40,mesra-18,Mesra 18,Annual / fixed or ordinary cycle,Liturgy,,Catholic Epistle,current_public_or_local_reference,local cache covering 2020 to 2035
New Testament,1 Peter,2,1Pet 2:18-3:7,rid_51f9180dcac22661db40,paona-28,Paona 28,Annual / fixed or ordinary cycle,Liturgy,,Catholic Epistle,current_public_or_local_reference,local cache covering 2020 to 2035
New Testament,1 Peter,2,1Pet 2:18-3:7,rid_51f9180dcac22661db40,the-third-sunday-of-mesra,The third Sunday of Mesra,Annual / fixed or ordinary cycle,Liturgy,,Catholic Epistle,current_public_or_local_reference,local cache covering 2020 to 2035
New Testament,1 Peter,2,1Pet 2:18-3:7,rid_51f9180dcac22661db40,toba-2,Toba 2,Annual / fixed or ordinary cycle,Liturgy,,Catholic Epistle,current_public_or_local_reference,local cache covering 2020 to 2035
New Testament,1 Peter,2,1Pet 2:18-3:7,rid_51f9180dcac22661db40,toba-8,Toba 8,Annual / fixed or ordinary cycle,Liturgy,,Catholic Epistle,current_public_or_local_reference,local cache covering 2020 to 2035
New Testament,1 Peter,2,1Pet 2:18-3:7,rid_51f9180dcac22661db40,tout-3,Tout 3,Annual / fixed or ordinary cycle,Liturgy,,Catholic Epistle,current_public_or_local_reference,local cache covering 2020 to 2035
New Testament,1 Peter,2,1Pet 2:18-3:7,rid_51f9180dcac22661db40,tout-7,Tout 7,Annual / fixed or ordinary cycle,Liturgy,,Catholic Epistle,current_public_or_local_reference,local cache covering 2020 to 2035
New Testament,1 Peter,3,1Pet 3:1-7,rid_5d4036fe50c9b3b18f71,abib-03-01,"The Departure of St. Kyrillos (Cyril) the First, the Twenty- Fourth Pope of Alexandria",Annual / fixed or ordinary cycle,liturgy_catholic,,liturgy_catholic,current_public_or_local_reference,local repo snapshot of pierresaid Katameros API SQLite database
New Testament,1 Peter,3,1Pet 3:1-7,rid_5d4036fe50c9b3b18f71,amshir-07-01,"The Departure of St. Alexandros II, 43rd Pope of Alexandria",Annual / fixed or ordinary cycle,liturgy_catholic,,liturgy_catholic,current_public_or_local_reference,local repo snapshot of pierresaid Katameros API SQLite database
New Testament,1 Peter,3,1Pet 3:1-7,rid_5d4036fe50c9b3b18f71,babah-11-01,"The Departure of St. James, Patriarch of Antioch",Annual / fixed or ordinary cycle,liturgy_catholic,,liturgy_catholic,current_public_or_local_reference,local repo snapshot of pierresaid Katameros API SQLite database
New Testament,1 Peter,3,1Pet 3:1-7,rid_5d4036fe50c9b3b18f71,babah-17-01,The Departure of St. Dioscorus II 31st Pope of Alexandria,Annual / fixed or ordinary cycle,liturgy_catholic,,liturgy_catholic,current_public_or_local_reference,local repo snapshot of pierresaid Katameros API SQLite database
New Testament,1 Peter,3,1Pet 3:1-7,rid_5d4036fe50c9b3b18f71,babah-02-01,"The Coming of Saint Severus, Patriarch of Antioch, to Egypt",Annual / fixed or ordinary cycle,liturgy_catholic,,liturgy_catholic,current_public_or_local_reference,local repo snapshot of pierresaid Katameros API SQLite database
New Testament,1 Peter,3,1Pet 3:1-7,rid_5d4036fe50c9b3b18f71,baramhat-22-01,"The Departure of St. Kyrellos (Cyril), Bishop of Jerusalem",Annual / fixed or ordinary cycle,liturgy_catholic,,liturgy_catholic,current_public_or_local_reference,local repo snapshot of pierresaid Katameros API SQLite database
New Testament,1 Peter,3,1Pet 3:1-7,rid_5d4036fe50c9b3b18f71,barmuda-12,Barmuda 12,Annual / fixed or ordinary cycle,liturgy_catholic,,liturgy_catholic,current_public_or_local_reference,local repo snapshot of pierresaid Katameros API SQLite database
New Testament,1 Peter,3,1Pet 3:1-7,rid_5d4036fe50c9b3b18f71,barmuda-3,Barmuda 3,Annual / fixed or ordinary cycle,liturgy_catholic,,liturgy_catholic,current_public_or_local_reference,local repo snapshot of pierresaid Katameros API SQLite database
New Testament,1 Peter,3,1Pet 3:1-7,rid_5d4036fe50c9b3b18f71,bashans-30-01,"The Departure of Pope Mikhail the First, the 68th. Patriarch of Alexandria",Annual / fixed or ordinary cycle,liturgy_catholic,,liturgy_catholic,current_public_or_local_reference,local repo snapshot of pierresaid Katameros API SQLite database
New Testament,1 Peter,3,1Pet 3:1-7,rid_5d4036fe50c9b3b18f71,bashans-07-01,The Departure of St. Athanasius the Apostolic the 20th. Pope of Alexandria,Annual / fixed or ordinary cycle,liturgy_catholic,,liturgy_catholic,current_public_or_local_reference,local repo snapshot of pierresaid Katameros API SQLite database
New Testament,1 Peter,3,1Pet 3:1-7,rid_5d4036fe50c9b3b18f71,baunah-28-01,"The Departure of St. Theodosius, 33rd Pope of Alexandria",Annual / fixed or ordinary cycle,liturgy_catholic,,liturgy_catholic,current_public_or_local_reference,local repo snapshot of pierresaid Katameros API SQLite database
New Testament,1 Peter,3,1Pet 3:1-7,rid_5d4036fe50c9b3b18f71,hatur-01-01,"The Martyrdom of the Saints Maximus, Numitius, Victor (Boctor), and Philip (Philopus)",Annual / fixed or ordinary cycle,liturgy_catholic,,liturgy_catholic,current_public_or_local_reference,local repo snapshot of pierresaid Katameros API SQLite database
New Testament,1 Peter,3,1Pet 3:1-7,rid_5d4036fe50c9b3b18f71,hatur-13-01,"The Departure of St. Timothy, Bishop of Ansena (Antinoe)",Annual / fixed or ordinary cycle,liturgy_catholic,,liturgy_catholic,current_public_or_local_reference,local repo snapshot of pierresaid Katameros API SQLite database
New Testament,1 Peter,3,1Pet 3:1-7,rid_5d4036fe50c9b3b18f71,hatur-30-01,"The Departure of St. Acacius, Patriarch of Constantinople",Annual / fixed or ordinary cycle,liturgy_catholic,,liturgy_catholic,current_public_or_local_reference,local repo snapshot of pierresaid Katameros API SQLite database
New Testament,1 Peter,3,1Pet 3:1-7,rid_5d4036fe50c9b3b18f71,kiyahk-06-01,"The Departure of St. Abraam (Abraham), Ebn-Zaraa, 62nd Pope of Alexandria",Annual / fixed or ordinary cycle,liturgy_catholic,,liturgy_catholic,current_public_or_local_reference,local repo snapshot of pierresaid Katameros API SQLite database
New Testament,1 Peter,3,1Pet 3:1-7,rid_5d4036fe50c9b3b18f71,mesra-18-01,"The Departure of St. Alexander, Patriarch of Constantinople",Annual / fixed or ordinary cycle,liturgy_catholic,,liturgy_catholic,current_public_or_local_reference,local repo snapshot of pierresaid Katameros API SQLite database
New Testament,1 Peter,3,1Pet 3:1-7,rid_5d4036fe50c9b3b18f71,tubah-02-01,"The Departure of St. Theonas, 16th Pope of Alexandria",Annual / fixed or ordinary cycle,liturgy_catholic,,liturgy_catholic,current_public_or_local_reference,local repo snapshot of pierresaid Katameros API SQLite database
New Testament,1 Peter,3,1Pet 3:1-7,rid_5d4036fe50c9b3b18f71,tubah-08-01,The Consecration of St. Macarius' Church,Annual / fixed or ordinary cycle,liturgy_catholic,,liturgy_catholic,current_public_or_local_reference,local repo snapshot of pierresaid Katameros API SQLite database
New Testament,1 Peter,3,1Pet 3:1-7,rid_5d4036fe50c9b3b18f71,tut-03-01,A Council held in the city of Alexandria,Annual / fixed or ordinary cycle,liturgy_catholic,,liturgy_catholic,current_public_or_local_reference,local repo snapshot of pierresaid Katameros API SQLite database
New Testament,1 Peter,3,1Pet 3:1-7,rid_5d4036fe50c9b3b18f71,tut-07-01,"The Martyrdom of Sts. Agathon, Peter, John, Amun and Amuna and Their Mother, Rebecca",Annual / fixed or ordinary cycle,liturgy_catholic,,liturgy_catholic,current_public_or_local_reference,local repo snapshot of pierresaid Katameros API SQLite database
New Testament,1 Peter,3,1Pet 3:10-18,rid_69ac7de4e20484114479,great-lent-jonah-nineveh-cycle,Great Lent/Jonah/Nineveh cycle,Great Lent,liturgy_catholic,,liturgy_catholic,current_public_or_local_reference,local repo snapshot of pierresaid Katameros API SQLite database
New Testament,1 Peter,3,1Pet 3:10-18,rid_69ac7de4e20484114479,monday-of-the-fifth-week-of-great-lent,Monday of the fifth week of Great Lent,Great Lent,Liturgy,,Catholic Epistle,current_public_or_local_reference,local cache covering 2020 to 2035
New Testament,1 Peter,3,1Pet 3:15-22,rid_aa4f020e4eb5e0642535,amshir-04-01,"The Martyrdom of St. Agabus, One of the Seventy Disciples",Annual / fixed or ordinary cycle,Liturgy,,Catholic Epistle,current_public_or_local_reference,local cache covering 2020 to 2035
New Testament,1 Peter,3,1Pet 3:15-22,rid_aa4f020e4eb5e0642535,amshir-04-01,"The Martyrdom of St. Agabus, One of the Seventy Disciples",Annual / fixed or ordinary cycle,liturgy_catholic,,liturgy_catholic,current_public_or_local_reference,local repo snapshot of pierresaid Katameros API SQLite database
New Testament,1 Peter,3,1Pet 3:15-22,rid_aa4f020e4eb5e0642535,babah-22-01,The Martyrdom of Saint Luke the Evangelist,Annual / fixed or ordinary cycle,Liturgy,,Catholic Epistle,current_public_or_local_reference,local cache covering 2020 to 2035
New Testament,1 Peter,3,1Pet 3:15-22,rid_aa4f020e4eb5e0642535,babah-22-01,The Martyrdom of Saint Luke the Evangelist,Annual / fixed or ordinary cycle,liturgy_catholic,,liturgy_catholic,current_public_or_local_reference,local repo snapshot of pierresaid Katameros API SQLite database
New Testament,1 Peter,3,1Pet 3:15-22,rid_aa4f020e4eb5e0642535,hator-8,Hator 8,Annual / fixed or ordinary cycle,Liturgy,,Catholic Epistle,current_public_or_local_reference,local cache covering 2020 to 2035
New Testament,1 Peter,3,1Pet 3:15-22,rid_aa4f020e4eb5e0642535,hatur-08-01,The Commemoration of the Four Incorporeal Beasts,Annual / fixed or ordinary cycle,liturgy_catholic,,liturgy_catholic,current_public_or_local_reference,local repo snapshot of pierresaid Katameros API SQLite database
New Testament,1 Peter,3,1Pet 3:15-22,rid_aa4f020e4eb5e0642535,holy-fifty-days-pentecost-cycle,Holy Fifty Days/Pentecost cycle,Holy Fifty Days,liturgy_catholic,,liturgy_catholic,current_public_or_local_reference,local repo snapshot of pierresaid Katameros API SQLite database
New Testament,1 Peter,3,1Pet 3:15-22,rid_aa4f020e4eb5e0642535,kiak-18,Kiak 18,Annual / fixed or ordinary cycle,Liturgy,,Catholic Epistle,current_public_or_local_reference,local cache covering 2020 to 2035
New Testament,1 Peter,3,1Pet 3:15-22,rid_aa4f020e4eb5e0642535,kiyahk-18-01,The Commemoration of the Relocation of the Relics of St. Titus to Constantinople,Annual / fixed or ordinary cycle,liturgy_catholic,,liturgy_catholic,current_public_or_local_reference,local repo snapshot of pierresaid Katameros API SQLite database
New Testament,1 Peter,3,1Pet 3:15-22,rid_aa4f020e4eb5e0642535,the-feast-of-the-ascension,The Feast of the Ascension,Annual / fixed or ordinary cycle,Liturgy,,Catholic Epistle,current_public_or_local_reference,local cache covering 2020 to 2035
New Testament,1 Peter,3,1Pet 3:15-22,rid_aa4f020e4eb5e0642535,the-second-day-of-feast-of-epiphany,The Second Day of Feast of Epiphany,Annual / fixed or ordinary cycle,Liturgy,,Catholic Epistle,current_public_or_local_reference,local cache covering 2020 to 2035
New Testament,1 Peter,3,1Pet 3:15-22,rid_aa4f020e4eb5e0642535,tubah-12-01,The Commemoration of the Archangel Michael,Annual / fixed or ordinary cycle,liturgy_catholic,,liturgy_catholic,current_public_or_local_reference,local repo snapshot of pierresaid Katameros API SQLite database
New Testament,1 Peter,3,1Pet 3:15-4:6,rid_8649e0952bc45c108be1,the-feast-of-resurrection,The Feast of Resurrection,Annual / fixed or ordinary cycle,Liturgy,,Catholic Epistle,current_public_or_local_reference,local cache covering 2020 to 2035
New Testament,1 Peter,3,1Pet 3:17-22,rid_44d1db1725de705d53af,jonah-s-feast,Jonah's Feast,Annual / fixed or ordinary cycle,Liturgy,,Catholic Epistle,current_public_or_local_reference,local cache covering 2020 to 2035
New Testament,1 Peter,3,1Pet 3:25-4,rid_921a9bcb5f3d0f86d6db,holy-fifty-days-pentecost-cycle,Holy Fifty Days/Pentecost cycle,Holy Fifty Days,liturgy_catholic,,liturgy_catholic,current_public_or_local_reference,local repo snapshot of pierresaid Katameros API SQLite database
New Testament,1 Peter,3,1Pet 3:5-14,rid_9a5e8798b9ac4c826a84,abib-01-01,The Martyrdom of Saint Febronia the Ascetic,Annual / fixed or ordinary cycle,Liturgy,,Catholic Epistle,current_public_or_local_reference,local cache covering 2020 to 2035
New Testament,1 Peter,3,1Pet 3:5-14,rid_9a5e8798b9ac4c826a84,abib-01-01,The Martyrdom of Saint Febronia the Ascetic,Annual / fixed or ordinary cycle,liturgy_catholic,,liturgy_catholic,current_public_or_local_reference,local repo snapshot of pierresaid Katameros API SQLite database
New Testament,1 Peter,3,1Pet 3:5-14,rid_9a5e8798b9ac4c826a84,abib-17-01,The Martyrdom of St. Euphemia,Annual / fixed or ordinary cycle,Liturgy,,Catholic Epistle,current_public_or_local_reference,local cache covering 2020 to 2035
New Testament,1 Peter,3,1Pet 3:5-14,rid_9a5e8798b9ac4c826a84,abib-17-01,The Martyrdom of St. Euphemia,Annual / fixed or ordinary cycle,liturgy_catholic,,liturgy_catholic,current_public_or_local_reference,local repo snapshot of pierresaid Katameros API SQLite database
New Testament,1 Peter,3,1Pet 3:5-14,rid_9a5e8798b9ac4c826a84,abib-28-01,The Departure of St. Mary Magdalene,Annual / fixed or ordinary cycle,Liturgy,,Catholic Epistle,current_public_or_local_reference,local cache covering 2020 to 2035
New Testament,1 Peter,3,1Pet 3:5-14,rid_9a5e8798b9ac4c826a84,abib-28-01,The Departure of St. Mary Magdalene,Annual / fixed or ordinary cycle,liturgy_catholic,,liturgy_catholic,current_public_or_local_reference,local repo snapshot of pierresaid Katameros API SQLite database
New Testament,1 Peter,3,1Pet 3:5-14,rid_9a5e8798b9ac4c826a84,babah-01-01,The Martyrdom of Saint Anastasia,Annual / fixed or ordinary cycle,Liturgy,,Catholic Epistle,current_public_or_local_reference,local cache covering 2020 to 2035
New Testament,1 Peter,3,1Pet 3:5-14,rid_9a5e8798b9ac4c826a84,babah-01-01,The Martyrdom of Saint Anastasia,Annual / fixed or ordinary cycle,liturgy_catholic,,liturgy_catholic,current_public_or_local_reference,local repo snapshot of pierresaid Katameros API SQLite database
New Testament,1 Peter,3,1Pet 3:5-14,rid_9a5e8798b9ac4c826a84,babah-06-01,"The Departure of the Righteous Hannah, the Prophetess Mother of Samuel, the Prophet",Annual / fixed or ordinary cycle,liturgy_catholic,,liturgy_catholic,current_public_or_local_reference,local repo snapshot of pierresaid Katameros API SQLite database
New Testament,1 Peter,3,1Pet 3:5-14,rid_9a5e8798b9ac4c826a84,baramhat-15-01,The Departure of St. Sarah the nun,Annual / fixed or ordinary cycle,liturgy_catholic,,liturgy_catholic,current_public_or_local_reference,local repo snapshot of pierresaid Katameros API SQLite database
New Testament,1 Peter,3,1Pet 3:5-14,rid_9a5e8798b9ac4c826a84,baramhat-26-01,"The Departure of St. Euphrasia (Eupraxia), the virgin",Annual / fixed or ordinary cycle,liturgy_catholic,,liturgy_catholic,current_public_or_local_reference,local repo snapshot of pierresaid Katameros API SQLite database
New Testament,1 Peter,3,1Pet 3:5-14,rid_9a5e8798b9ac4c826a84,barmuda-11,Barmuda 11,Annual / fixed or ordinary cycle,liturgy_catholic,,liturgy_catholic,current_public_or_local_reference,local repo snapshot of pierresaid Katameros API SQLite database
New Testament,1 Peter,3,1Pet 3:5-14,rid_9a5e8798b9ac4c826a84,barmuda-25,Barmuda 25,Annual / fixed or ordinary cycle,liturgy_catholic,,liturgy_catholic,current_public_or_local_reference,local repo snapshot of pierresaid Katameros API SQLite database
New Testament,1 Peter,3,1Pet 3:5-14,rid_9a5e8798b9ac4c826a84,barmuda-6,Barmuda 6,Annual / fixed or ordinary cycle,liturgy_catholic,,liturgy_catholic,current_public_or_local_reference,local repo snapshot of pierresaid Katameros API SQLite database
New Testament,1 Peter,3,1Pet 3:5-14,rid_9a5e8798b9ac4c826a84,barmuda-8,Barmuda 8,Annual / fixed or ordinary cycle,liturgy_catholic,,liturgy_catholic,current_public_or_local_reference,local repo snapshot of pierresaid Katameros API SQLite database
New Testament,1 Peter,3,1Pet 3:5-14,rid_9a5e8798b9ac4c826a84,fast-of-nineveh,Fast of Nineveh,Annual / fixed or ordinary cycle,Liturgy,,Catholic Epistle,current_public_or_local_reference,local cache covering 2020 to 2035
New Testament,1 Peter,3,1Pet 3:5-14,rid_9a5e8798b9ac4c826a84,hatoor-10,Hatoor 10,Annual / fixed or ordinary cycle,liturgy_catholic,,liturgy_catholic,current_public_or_local_reference,local repo snapshot of pierresaid Katameros API SQLite database
New Testament,1 Peter,3,1Pet 3:5-14,rid_9a5e8798b9ac4c826a84,hator-10,Hator 10,Annual / fixed or ordinary cycle,Liturgy,,Catholic Epistle,current_public_or_local_reference,local cache covering 2020 to 2035
New Testament,1 Peter,3,1Pet 3:5-14,rid_9a5e8798b9ac4c826a84,kiak-26,Kiak 26,Annual / fixed or ordinary cycle,Liturgy,,Catholic Epistle,current_public_or_local_reference,local cache covering 2020 to 2035
New Testament,1 Peter,3,1Pet 3:5-14,rid_9a5e8798b9ac4c826a84,kiyahk-26-01,The Martyrdom of St. Anastasia,Annual / fixed or ordinary cycle,liturgy_catholic,,liturgy_catholic,current_public_or_local_reference,local repo snapshot of pierresaid Katameros API SQLite database
New Testament,1 Peter,3,1Pet 3:8-15,rid_7c1265d433c5721da0c8,abib-11-01,"The Martyrdom of Sts. John and Simon, his cousin",Annual / fixed or ordinary cycle,Liturgy,,Catholic Epistle,current_public_or_local_reference,local cache covering 2020 to 2035
New Testament,1 Peter,3,1Pet 3:8-15,rid_7c1265d433c5721da0c8,abib-11-01,"The Martyrdom of Sts. John and Simon, his cousin",Annual / fixed or ordinary cycle,liturgy_catholic,,liturgy_catholic,current_public_or_local_reference,local repo snapshot of pierresaid Katameros API SQLite database
New Testament,1 Peter,3,1Pet 3:8-15,rid_7c1265d433c5721da0c8,abib-20-01,The Martyrdom of St. Theodore of Shotep,Annual / fixed or ordinary cycle,Liturgy,,Catholic Epistle,current_public_or_local_reference,local cache covering 2020 to 2035
New Testament,1 Peter,3,1Pet 3:8-15,rid_7c1265d433c5721da0c8,abib-20-01,The Martyrdom of St. Theodore of Shotep,Annual / fixed or ordinary cycle,liturgy_catholic,,liturgy_catholic,current_public_or_local_reference,local repo snapshot of pierresaid Katameros API SQLite database
New Testament,1 Peter,3,1Pet 3:8-15,rid_7c1265d433c5721da0c8,abib-22-01,"The Commemoration of the Martyrdom of St. Macarius, the Son of Basilides (Wasilides) the Minister",Annual / fixed or ordinary cycle,Liturgy,,Catholic Epistle,current_public_or_local_reference,local cache covering 2020 to 2035
New Testament,1 Peter,3,1Pet 3:8-15,rid_7c1265d433c5721da0c8,abib-22-01,"The Commemoration of the Martyrdom of St. Macarius, the Son of Basilides (Wasilides) the Minister",Annual / fixed or ordinary cycle,liturgy_catholic,,liturgy_catholic,current_public_or_local_reference,local repo snapshot of pierresaid Katameros API SQLite database
New Testament,1 Peter,3,1Pet 3:8-15,rid_7c1265d433c5721da0c8,amshir-13-01,"The Martyrdom of St. Sergius of Atripe, His Father, Mother, Sister, and Many Others with Them",Annual / fixed or ordinary cycle,Liturgy,,Catholic Epistle,current_public_or_local_reference,local cache covering 2020 to 2035
New Testament,1 Peter,3,1Pet 3:8-15,rid_7c1265d433c5721da0c8,amshir-13-01,"The Martyrdom of St. Sergius of Atripe, His Father, Mother, Sister, and Many Others with Them",Annual / fixed or ordinary cycle,liturgy_catholic,,liturgy_catholic,current_public_or_local_reference,local repo snapshot of pierresaid Katameros API SQLite database
New Testament,1 Peter,3,1Pet 3:8-15,rid_7c1265d433c5721da0c8,amshir-17-01,"The Martyrdom of St. Mina (Menas), the Monk",Annual / fixed or ordinary cycle,Liturgy,,Catholic Epistle,current_public_or_local_reference,local cache covering 2020 to 2035
New Testament,1 Peter,3,1Pet 3:8-15,rid_7c1265d433c5721da0c8,amshir-17-01,"The Martyrdom of St. Mina (Menas), the Monk",Annual / fixed or ordinary cycle,liturgy_catholic,,liturgy_catholic,current_public_or_local_reference,local repo snapshot of pierresaid Katameros API SQLite database
New Testament,1 Peter,3,1Pet 3:8-15,rid_7c1265d433c5721da0c8,amshir-23-01,"The Martyrdom of St. Eusebius, Son of Basilides, the Minister",Annual / fixed or ordinary cycle,Liturgy,,Catholic Epistle,current_public_or_local_reference,local cache covering 2020 to 2035
New Testament,1 Peter,3,1Pet 3:8-15,rid_7c1265d433c5721da0c8,amshir-23-01,"The Martyrdom of St. Eusebius, Son of Basilides, the Minister",Annual / fixed or ordinary cycle,liturgy_catholic,,liturgy_catholic,current_public_or_local_reference,local repo snapshot of pierresaid Katameros API SQLite database
New Testament,1 Peter,3,1Pet 3:8-15,rid_7c1265d433c5721da0c8,amshir-25-01,"The Martyrdom of Sts. Archippus, Philemon and Lycia the Virgin",Annual / fixed or ordinary cycle,Liturgy,,Catholic Epistle,current_public_or_local_reference,local cache covering 2020 to 2035
New Testament,1 Peter,3,1Pet 3:8-15,rid_7c1265d433c5721da0c8,amshir-25-01,"The Martyrdom of Sts. Archippus, Philemon and Lycia the Virgin",Annual / fixed or ordinary cycle,liturgy_catholic,,liturgy_catholic,current_public_or_local_reference,local repo snapshot of pierresaid Katameros API SQLite database
New Testament,1 Peter,3,1Pet 3:8-15,rid_7c1265d433c5721da0c8,amshir-28-01,"The Martyrdom of St. Theodore, the Roman",Annual / fixed or ordinary cycle,Liturgy,,Catholic Epistle,current_public_or_local_reference,local cache covering 2020 to 2035
New Testament,1 Peter,3,1Pet 3:8-15,rid_7c1265d433c5721da0c8,amshir-28-01,"The Martyrdom of St. Theodore, the Roman",Annual / fixed or ordinary cycle,liturgy_catholic,,liturgy_catholic,current_public_or_local_reference,local repo snapshot of pierresaid Katameros API SQLite database
New Testament,1 Peter,3,1Pet 3:8-15,rid_7c1265d433c5721da0c8,babah-15-01,"The Martyrdom of Saint Panteleimon, the Physician",Annual / fixed or ordinary cycle,Liturgy,,Catholic Epistle,current_public_or_local_reference,local cache covering 2020 to 2035
New Testament,1 Peter,3,1Pet 3:8-15,rid_7c1265d433c5721da0c8,babah-19-01,The Assembly of the Council of Antioch against Paul of Samosata,Annual / fixed or ordinary cycle,Liturgy,,Catholic Epistle,current_public_or_local_reference,local cache covering 2020 to 2035
New Testament,1 Peter,3,1Pet 3:8-15,rid_7c1265d433c5721da0c8,babah-15-01,"The Martyrdom of Saint Panteleimon, the Physician",Annual / fixed or ordinary cycle,liturgy_catholic,,liturgy_catholic,current_public_or_local_reference,local repo snapshot of pierresaid Katameros API SQLite database
New Testament,1 Peter,3,1Pet 3:8-15,rid_7c1265d433c5721da0c8,babah-19-01,The Assembly of the Council of Antioch against Paul of Samosata,Annual / fixed or ordinary cycle,liturgy_catholic,,liturgy_catholic,current_public_or_local_reference,local repo snapshot of pierresaid Katameros API SQLite database
New Testament,1 Peter,3,1Pet 3:8-22,rid_fc00b0c70fab6e0a9ea2,myron-consecration,myron_consecration,Special service,liturgy,,liturgy,current_public_or_local_reference,local package snapshot
New Testament,1 Peter,4,1Pet 4:1-11,rid_c8301ac6e0b3cf7e0fdb,abib-21-01,"The Commemoration of the Lady, the Virgin Mary",Annual / fixed or ordinary cycle,Liturgy,,Catholic Epistle,current_public_or_local_reference,local cache covering 2020 to 2035
New Testament,1 Peter,4,1Pet 4:1-11,rid_c8301ac6e0b3cf7e0fdb,abib-21-01,"The Commemoration of the Lady, the Virgin Mary",Annual / fixed or ordinary cycle,liturgy_catholic,,liturgy_catholic,current_public_or_local_reference,local repo snapshot of pierresaid Katameros API SQLite database
New Testament,1 Peter,4,1Pet 4:1-11,rid_c8301ac6e0b3cf7e0fdb,abib-25-01,The Departure of St. Thecla,Annual / fixed or ordinary cycle,Liturgy,,Catholic Epistle,current_public_or_local_reference,local cache covering 2020 to 2035
New Testament,1 Peter,4,1Pet 4:1-11,rid_c8301ac6e0b3cf7e0fdb,abib-25-01,The Departure of St. Thecla,Annual / fixed or ordinary cycle,liturgy_catholic,,liturgy_catholic,current_public_or_local_reference,local repo snapshot of pierresaid Katameros API SQLite database
New Testament,1 Peter,4,1Pet 4:1-11,rid_c8301ac6e0b3cf7e0fdb,abib-27-01,The Consecration of the Church of St. Abba Fam,Annual / fixed or ordinary cycle,Liturgy,,Catholic Epistle,current_public_or_local_reference,local cache covering 2020 to 2035
New Testament,1 Peter,4,1Pet 4:1-11,rid_c8301ac6e0b3cf7e0fdb,abib-27-01,The Consecration of the Church of St. Abba Fam,Annual / fixed or ordinary cycle,liturgy_catholic,,liturgy_catholic,current_public_or_local_reference,local repo snapshot of pierresaid Katameros API SQLite database
New Testament,1 Peter,4,1Pet 4:1-11,rid_c8301ac6e0b3cf7e0fdb,babah-10-01,"The Martyrdom of St. Sergius, the Friend of St. Bacchus",Annual / fixed or ordinary cycle,Liturgy,,Catholic Epistle,current_public_or_local_reference,local cache covering 2020 to 2035
New Testament,1 Peter,4,1Pet 4:1-11,rid_c8301ac6e0b3cf7e0fdb,babah-28-01,Martyrdom of the Sts. Marcian (Marcianus) and Mercurius,Annual / fixed or ordinary cycle,Liturgy,,Catholic Epistle,current_public_or_local_reference,local cache covering 2020 to 2035
New Testament,1 Peter,4,1Pet 4:1-11,rid_c8301ac6e0b3cf7e0fdb,babah-04-01,"The Martyrdom of St. Bacchus, the Friend of St. Sergius",Annual / fixed or ordinary cycle,Liturgy,,Catholic Epistle,current_public_or_local_reference,local cache covering 2020 to 2035
New Testament,1 Peter,4,1Pet 4:1-11,rid_c8301ac6e0b3cf7e0fdb,babah-08-01,The Martyrdom of St. Matra,Annual / fixed or ordinary cycle,Liturgy,,Catholic Epistle,current_public_or_local_reference,local cache covering 2020 to 2035
New Testament,1 Peter,4,1Pet 4:1-11,rid_c8301ac6e0b3cf7e0fdb,babah-10-01,"The Martyrdom of St. Sergius, the Friend of St. Bacchus",Annual / fixed or ordinary cycle,liturgy_catholic,,liturgy_catholic,current_public_or_local_reference,local repo snapshot of pierresaid Katameros API SQLite database
New Testament,1 Peter,4,1Pet 4:1-11,rid_c8301ac6e0b3cf7e0fdb,babah-28-01,Martyrdom of the Sts. Marcian (Marcianus) and Mercurius,Annual / fixed or ordinary cycle,liturgy_catholic,,liturgy_catholic,current_public_or_local_reference,local repo snapshot of pierresaid Katameros API SQLite database
New Testament,1 Peter,4,1Pet 4:1-11,rid_c8301ac6e0b3cf7e0fdb,babah-04-01,"The Martyrdom of St. Bacchus, the Friend of St. Sergius",Annual / fixed or ordinary cycle,liturgy_catholic,,liturgy_catholic,current_public_or_local_reference,local repo snapshot of pierresaid Katameros API SQLite database
New Testament,1 Peter,4,1Pet 4:1-11,rid_c8301ac6e0b3cf7e0fdb,babah-08-01,The Martyrdom of St. Matra,Annual / fixed or ordinary cycle,liturgy_catholic,,liturgy_catholic,current_public_or_local_reference,local repo snapshot of pierresaid Katameros API SQLite database
New Testament,1 Peter,4,1Pet 4:1-11,rid_c8301ac6e0b3cf7e0fdb,baramhat-13-01,"The Departure of Abba Dionysius, the Fourteenth Pope of Alexandria",Annual / fixed or ordinary cycle,liturgy_catholic,,liturgy_catholic,current_public_or_local_reference,local repo snapshot of pierresaid Katameros API SQLite database
New Testament,1 Peter,4,1Pet 4:1-11,rid_c8301ac6e0b3cf7e0fdb,barmuda-23,Barmuda 23,Annual / fixed or ordinary cycle,liturgy_catholic,,liturgy_catholic,current_public_or_local_reference,local repo snapshot of pierresaid Katameros API SQLite database
New Testament,1 Peter,4,1Pet 4:1-11,rid_c8301ac6e0b3cf7e0fdb,barmuda-28,Barmuda 28,Annual / fixed or ordinary cycle,liturgy_catholic,,liturgy_catholic,current_public_or_local_reference,local repo snapshot of pierresaid Katameros API SQLite database
New Testament,1 Peter,4,1Pet 4:1-11,rid_c8301ac6e0b3cf7e0fdb,bashans-25-01,The Martyrdom of St. Colluthus of Antinoe (Known as Abu Colta),Annual / fixed or ordinary cycle,liturgy_catholic,,liturgy_catholic,current_public_or_local_reference,local repo snapshot of pierresaid Katameros API SQLite database
New Testament,1 Peter,4,1Pet 4:1-11,rid_c8301ac6e0b3cf7e0fdb,bashans-06-01,The Martyrdom of St. Isaac El-Defrawi,Annual / fixed or ordinary cycle,liturgy_catholic,,liturgy_catholic,current_public_or_local_reference,local repo snapshot of pierresaid Katameros API SQLite database
New Testament,1 Peter,4,1Pet 4:1-11,rid_c8301ac6e0b3cf7e0fdb,bashans-08-01,The Martyrdom of St. John of Senhout,Annual / fixed or ordinary cycle,liturgy_catholic,,liturgy_catholic,current_public_or_local_reference,local repo snapshot of pierresaid Katameros API SQLite database
New Testament,1 Peter,4,1Pet 4:12-19,rid_d538db6cf4a9e8750bfd,abib-12-01,The Commemoration of Archangel Michael,Annual / fixed or ordinary cycle,Liturgy,,Catholic Epistle,current_public_or_local_reference,local cache covering 2020 to 2035
New Testament,1 Peter,4,1Pet 4:12-19,rid_d538db6cf4a9e8750bfd,abib-12-01,The Commemoration of Archangel Michael,Annual / fixed or ordinary cycle,liturgy_catholic,,liturgy_catholic,current_public_or_local_reference,local repo snapshot of pierresaid Katameros API SQLite database
New Testament,1 Peter,4,1Pet 4:12-19,rid_d538db6cf4a9e8750bfd,abib-24-01,The Martyrdom of St. Apanoub,Annual / fixed or ordinary cycle,Liturgy,,Catholic Epistle,current_public_or_local_reference,local cache covering 2020 to 2035
New Testament,1 Peter,4,1Pet 4:12-19,rid_d538db6cf4a9e8750bfd,abib-24-01,The Martyrdom of St. Apanoub,Annual / fixed or ordinary cycle,liturgy_catholic,,liturgy_catholic,current_public_or_local_reference,local repo snapshot of pierresaid Katameros API SQLite database
New Testament,1 Peter,4,1Pet 4:12-19,rid_d538db6cf4a9e8750bfd,abib-04-01,The Commemoration of the Relocation of the Relics of Sts. Apakir and John,Annual / fixed or ordinary cycle,Liturgy,,Catholic Epistle,current_public_or_local_reference,local cache covering 2020 to 2035
New Testament,1 Peter,4,1Pet 4:12-19,rid_d538db6cf4a9e8750bfd,abib-04-01,The Commemoration of the Relocation of the Relics of Sts. Apakir and John,Annual / fixed or ordinary cycle,liturgy_catholic,,liturgy_catholic,current_public_or_local_reference,local repo snapshot of pierresaid Katameros API SQLite database
New Testament,1 Peter,4,1Pet 4:12-19,rid_d538db6cf4a9e8750bfd,amshir-06-01,"The Appearance of the Body of St. Apolidus (Hippolytus), Pope of Rome",Annual / fixed or ordinary cycle,Liturgy,,Catholic Epistle,current_public_or_local_reference,local cache covering 2020 to 2035
New Testament,1 Peter,4,1Pet 4:12-19,rid_d538db6cf4a9e8750bfd,amshir-06-01,"The Appearance of the Body of St. Apolidus (Hippolytus), Pope of Rome",Annual / fixed or ordinary cycle,liturgy_catholic,,liturgy_catholic,current_public_or_local_reference,local repo snapshot of pierresaid Katameros API SQLite database
New Testament,1 Peter,4,1Pet 4:12-19,rid_d538db6cf4a9e8750bfd,bashans-10-01,"The Departure of the Three Hebrew Young Men Hananiah, Azariah and Mishael",Annual / fixed or ordinary cycle,liturgy_catholic,,liturgy_catholic,current_public_or_local_reference,local repo snapshot of pierresaid Katameros API SQLite database
New Testament,1 Peter,4,1Pet 4:12-19,rid_d538db6cf4a9e8750bfd,baunah-15-01,"The Turning Over of the Relics of the Great St. Mark the Apostle by the hand of Pope Paul the Sixth, Pope of Rome",Annual / fixed or ordinary cycle,liturgy_catholic,,liturgy_catholic,current_public_or_local_reference,local repo snapshot of pierresaid Katameros API SQLite database
New Testament,1 Peter,4,1Pet 4:12-19,rid_d538db6cf4a9e8750bfd,baunah-04-01,The Martyrdom of St. Shenousi (Sanusi),Annual / fixed or ordinary cycle,liturgy_catholic,,liturgy_catholic,current_public_or_local_reference,local repo snapshot of pierresaid Katameros API SQLite database
New Testament,1 Peter,4,1Pet 4:12-19,rid_d538db6cf4a9e8750bfd,fast-of-nineveh,Fast of Nineveh,Annual / fixed or ordinary cycle,Liturgy,,Catholic Epistle,current_public_or_local_reference,local cache covering 2020 to 2035
New Testament,1 Peter,4,1Pet 4:12-19,rid_d538db6cf4a9e8750bfd,great-lent,Great Lent,Great Lent,Liturgy,,Catholic Epistle,current_public_or_local_reference,local cache covering 2020 to 2035
New Testament,1 Peter,4,1Pet 4:12-19,rid_d538db6cf4a9e8750bfd,great-lent-jonah-nineveh-cycle,Great Lent/Jonah/Nineveh cycle,Great Lent,liturgy_catholic,,liturgy_catholic,current_public_or_local_reference,local repo snapshot of pierresaid Katameros API SQLite database
New Testament,1 Peter,4,1Pet 4:12-19,rid_d538db6cf4a9e8750bfd,hator-15,Hator 15,Annual / fixed or ordinary cycle,Liturgy,,Catholic Epistle,current_public_or_local_reference,local cache covering 2020 to 2035
New Testament,1 Peter,4,1Pet 4:12-19,rid_d538db6cf4a9e8750bfd,hatur-15-01,"The Martyrdom of Saint Mari-Mina, the Wonder Worker",Annual / fixed or ordinary cycle,liturgy_catholic,,liturgy_catholic,current_public_or_local_reference,local repo snapshot of pierresaid Katameros API SQLite database
New Testament,1 Peter,4,1Pet 4:12-19,rid_d538db6cf4a9e8750bfd,mesra-01-01,"The Martyrdom of St. Apoli, Son of Justus",Annual / fixed or ordinary cycle,liturgy_catholic,,liturgy_catholic,current_public_or_local_reference,local repo snapshot of pierresaid Katameros API SQLite database
New Testament,1 Peter,4,1Pet 4:12-19,rid_d538db6cf4a9e8750bfd,mesra-05-01,The Departure of St. John the Soldier,Annual / fixed or ordinary cycle,Liturgy,,Catholic Epistle,current_public_or_local_reference,local cache covering 2020 to 2035
New Testament,1 Peter,4,1Pet 4:12-19,rid_d538db6cf4a9e8750bfd,mesra-05-01,The Departure of St. John the Soldier,Annual / fixed or ordinary cycle,liturgy_catholic,,liturgy_catholic,current_public_or_local_reference,local repo snapshot of pierresaid Katameros API SQLite database
New Testament,1 Peter,4,1Pet 4:12-19,rid_d538db6cf4a9e8750bfd,mesra-08-01,"The Martyrdom of the Sts. Lazarus, Salomi, His Wife, and Their Children",Annual / fixed or ordinary cycle,Liturgy,,Catholic Epistle,current_public_or_local_reference,local cache covering 2020 to 2035
New Testament,1 Peter,4,1Pet 4:15-19,rid_4b0cf96841bb1c8ced14,great-lent-jonah-nineveh-cycle,Great Lent/Jonah/Nineveh cycle,Great Lent,liturgy_catholic,,liturgy_catholic,current_public_or_local_reference,local repo snapshot of pierresaid Katameros API SQLite database
New Testament,1 Peter,4,1Pet 4:15-5:5,rid_bd95225307d87b4e1641,friday-of-the-fifth-week-of-great-lent,Friday of the fifth week of Great Lent,Great Lent,Liturgy,,Catholic Epistle,current_public_or_local_reference,local cache covering 2020 to 2035
New Testament,1 Peter,4,1Pet 4:3-11,rid_c41cc28fdcae4b6bf9f9,great-lent-jonah-nineveh-cycle,Great Lent/Jonah/Nineveh cycle,Great Lent,liturgy_catholic,,liturgy_catholic,current_public_or_local_reference,local repo snapshot of pierresaid Katameros API SQLite database
New Testament,1 Peter,4,1Pet 4:3-11,rid_c41cc28fdcae4b6bf9f9,the-third-sunday-of-hator,The third Sunday of Hator,Annual / fixed or ordinary cycle,Liturgy,,Catholic Epistle,current_public_or_local_reference,local cache covering 2020 to 2035
New Testament,1 Peter,4,1Pet 4:3-11,rid_c41cc28fdcae4b6bf9f9,the-third-sunday-of-hator-of-christmas-fast,The third Sunday of Hator of Christmas Fast,Annual / fixed or ordinary cycle,Liturgy,,Catholic Epistle,current_public_or_local_reference,local cache covering 2020 to 2035
New Testament,1 Peter,4,1Pet 4:3-11,rid_c41cc28fdcae4b6bf9f9,tuesday-of-ninevah-s-fast,Tuesday of Ninevah's Fast,Annual / fixed or ordinary cycle,Liturgy,,Catholic Epistle,current_public_or_local_reference,local cache covering 2020 to 2035
New Testament,1 Peter,4,1Pet 4:3-11,rid_c41cc28fdcae4b6bf9f9,tuesday-of-the-first-week-of-great-lent,Tuesday of the first week of Great Lent,Great Lent,Liturgy,,Catholic Epistle,current_public_or_local_reference,local cache covering 2020 to 2035
New Testament,1 Peter,4,1Pet 4:3-11,rid_c41cc28fdcae4b6bf9f9,hatur-03-01,The Departure of St. Cyriacus,Annual / fixed or ordinary cycle,liturgy_catholic,,liturgy_catholic,current_public_or_local_reference,local repo snapshot of pierresaid Katameros API SQLite database
New Testament,1 Peter,4,1Pet 4:6-14,rid_8981cf1242244a4e9ea1,holy-fifty-days-pentecost-cycle,Holy Fifty Days/Pentecost cycle,Holy Fifty Days,liturgy_catholic,,liturgy_catholic,current_public_or_local_reference,local repo snapshot of pierresaid Katameros API SQLite database
New Testament,1 Peter,4,1Pet 4:6-14,rid_8981cf1242244a4e9ea1,sunday-of-the-fifth-week-of-the-holy-fifty-days,Sunday of the fifth week of the holy fifty days,Holy Fifty Days,Liturgy,,Catholic Epistle,current_public_or_local_reference,local cache covering 2020 to 2035
New Testament,1 Peter,4,1Pet 4:7-16,rid_2b1f84e1d40121a2dc1b,friday-of-the-second-week-of-great-lent,Friday of the second week of Great Lent,Great Lent,Liturgy,,Catholic Epistle,current_public_or_local_reference,local cache covering 2020 to 2035
New Testament,1 Peter,4,1Pet 4:7-16,rid_2b1f84e1d40121a2dc1b,great-lent-jonah-nineveh-cycle,Great Lent/Jonah/Nineveh cycle,Great Lent,liturgy_catholic,,liturgy_catholic,current_public_or_local_reference,local repo snapshot of pierresaid Katameros API SQLite database
New Testament,1 Peter,4,1Pet 4:8-13,rid_1de925c807f4df29f72b,holy-fifty-days-pentecost-cycle,Holy Fifty Days/Pentecost cycle,Holy Fifty Days,liturgy_catholic,,liturgy_catholic,current_public_or_local_reference,local repo snapshot of pierresaid Katameros API SQLite database
New Testament,1 Peter,4,1Pet 4:8-13,rid_1de925c807f4df29f72b,wednesday-of-the-fourth-week-of-the-holy-fifty-days,Wednesday of the fourth week of the holy fifty days,Holy Fifty Days,Liturgy,,Catholic Epistle,current_public_or_local_reference,local cache covering 2020 to 2035
New Testament,1 Peter,5,1Pet 5:1-12,rid_85733e7e50401c6236ce,al-nasi-04-01,"The Departure of St. Leparius, Bishop of Rome",Annual / fixed or ordinary cycle,liturgy_catholic,,liturgy_catholic,current_public_or_local_reference,local repo snapshot of pierresaid Katameros API SQLite database
New Testament,1 Peter,5,1Pet 5:1-12,rid_85733e7e50401c6236ce,al-nasi-04-01,"The Departure of St. Leparius, Bishop of Rome",Annual / fixed or ordinary cycle,Liturgy,,Catholic Epistle,current_public_or_local_reference,local cache covering 2020 to 2035
New Testament,1 Peter,5,1Pet 5:1-14,rid_ab40413197c12b8acaa4,abib-02-01,"The Departure of St. Thaddaeus, the Apostle",Annual / fixed or ordinary cycle,Liturgy,,Catholic Epistle,current_public_or_local_reference,local cache covering 2020 to 2035
New Testament,1 Peter,5,1Pet 5:1-14,rid_ab40413197c12b8acaa4,abib-02-01,"The Departure of St. Thaddaeus, the Apostle",Annual / fixed or ordinary cycle,liturgy_catholic,,liturgy_catholic,current_public_or_local_reference,local repo snapshot of pierresaid Katameros API SQLite database
New Testament,1 Peter,5,1Pet 5:1-14,rid_ab40413197c12b8acaa4,abib-07-01,"The Departure of St. Shenouda (Shenoute), the Archimandrite",Annual / fixed or ordinary cycle,Liturgy,,Catholic Epistle,current_public_or_local_reference,local cache covering 2020 to 2035
New Testament,1 Peter,5,1Pet 5:1-14,rid_ab40413197c12b8acaa4,abib-07-01,"The Departure of St. Shenouda (Shenoute), the Archimandrite",Annual / fixed or ordinary cycle,liturgy_catholic,,liturgy_catholic,current_public_or_local_reference,local repo snapshot of pierresaid Katameros API SQLite database
New Testament,1 Peter,5,1Pet 5:1-14,rid_ab40413197c12b8acaa4,abib-09-01,"The Martyrdom of St. Simon Cleophas, the Apostle",Annual / fixed or ordinary cycle,Liturgy,,Catholic Epistle,current_public_or_local_reference,local cache covering 2020 to 2035
New Testament,1 Peter,5,1Pet 5:1-14,rid_ab40413197c12b8acaa4,abib-09-01,"The Martyrdom of St. Simon Cleophas, the Apostle",Annual / fixed or ordinary cycle,liturgy_catholic,,liturgy_catholic,current_public_or_local_reference,local repo snapshot of pierresaid Katameros API SQLite database
New Testament,1 Peter,5,1Pet 5:1-14,rid_ab40413197c12b8acaa4,amshir-14-01,"The Departure of St. Severus, Patriarch of Antioch",Annual / fixed or ordinary cycle,Liturgy,,Catholic Epistle,current_public_or_local_reference,local cache covering 2020 to 2035
New Testament,1 Peter,5,1Pet 5:1-14,rid_ab40413197c12b8acaa4,amshir-14-01,"The Departure of St. Severus, Patriarch of Antioch",Annual / fixed or ordinary cycle,liturgy_catholic,,liturgy_catholic,current_public_or_local_reference,local repo snapshot of pierresaid Katameros API SQLite database
New Testament,1 Peter,5,1Pet 5:1-14,rid_ab40413197c12b8acaa4,amshir-18-01,"The Departure of St. Malatius the Confessor, Patriarch of Antioch",Annual / fixed or ordinary cycle,Liturgy,,Catholic Epistle,current_public_or_local_reference,local cache covering 2020 to 2035
New Testament,1 Peter,5,1Pet 5:1-14,rid_ab40413197c12b8acaa4,amshir-18-01,"The Departure of St. Malatius the Confessor, Patriarch of Antioch",Annual / fixed or ordinary cycle,liturgy_catholic,,liturgy_catholic,current_public_or_local_reference,local repo snapshot of pierresaid Katameros API SQLite database
New Testament,1 Peter,5,1Pet 5:1-14,rid_ab40413197c12b8acaa4,amshir-02-01,"The Departure of the Great Saint Anba Paul, the First Hermit",Annual / fixed or ordinary cycle,Liturgy,,Catholic Epistle,current_public_or_local_reference,local cache covering 2020 to 2035
New Testament,1 Peter,5,1Pet 5:1-14,rid_ab40413197c12b8acaa4,amshir-02-01,"The Departure of the Great Saint Anba Paul, the First Hermit",Annual / fixed or ordinary cycle,liturgy_catholic,,liturgy_catholic,current_public_or_local_reference,local repo snapshot of pierresaid Katameros API SQLite database
New Testament,1 Peter,5,1Pet 5:1-14,rid_ab40413197c12b8acaa4,amshir-27-01,"The Departure of St. Eustathius, Patriarch of Antioch",Annual / fixed or ordinary cycle,Liturgy,,Catholic Epistle,current_public_or_local_reference,local cache covering 2020 to 2035
New Testament,1 Peter,5,1Pet 5:1-14,rid_ab40413197c12b8acaa4,amshir-27-01,"The Departure of St. Eustathius, Patriarch of Antioch",Annual / fixed or ordinary cycle,liturgy_catholic,,liturgy_catholic,current_public_or_local_reference,local repo snapshot of pierresaid Katameros API SQLite database
New Testament,1 Peter,5,1Pet 5:1-14,rid_ab40413197c12b8acaa4,babah-20-01,The Departure of the Great St. John Colobos (the Short),Annual / fixed or ordinary cycle,Liturgy,,Catholic Epistle,current_public_or_local_reference,local cache covering 2020 to 2035
New Testament,1 Peter,5,1Pet 5:1-14,rid_ab40413197c12b8acaa4,babah-03-01,"The Departure of St. Simon II, 51st Pope of the See of St. Mark",Annual / fixed or ordinary cycle,Liturgy,,Catholic Epistle,current_public_or_local_reference,local cache covering 2020 to 2035
New Testament,1 Peter,5,1Pet 5:1-14,rid_ab40413197c12b8acaa4,babah-30-01,The Commemoration of the Consecration of the Church of St. Mark the Evangelist and the Appearance of His Holy Head,Annual / fixed or ordinary cycle,Liturgy,,Catholic Epistle,current_public_or_local_reference,local cache covering 2020 to 2035
New Testament,1 Peter,5,1Pet 5:1-14,rid_ab40413197c12b8acaa4,babah-05-01,"The Martyrdom of St. Paul, Patriarch of Constantinople",Annual / fixed or ordinary cycle,Liturgy,,Catholic Epistle,current_public_or_local_reference,local cache covering 2020 to 2035
New Testament,1 Peter,5,1Pet 5:1-14,rid_ab40413197c12b8acaa4,babah-09-01,"The Departure of St. Eumenius, the Seventh Pope of the See of St. Mark",Annual / fixed or ordinary cycle,Liturgy,,Catholic Epistle,current_public_or_local_reference,local cache covering 2020 to 2035
New Testament,1 Peter,5,1Pet 5:1-14,rid_ab40413197c12b8acaa4,babah-20-01,The Departure of the Great St. John Colobos (the Short),Annual / fixed or ordinary cycle,liturgy_catholic,,liturgy_catholic,current_public_or_local_reference,local repo snapshot of pierresaid Katameros API SQLite database
New Testament,1 Peter,5,1Pet 5:1-5,rid_5b7bb53937400f09bbf0,great-lent-jonah-nineveh-cycle,Great Lent/Jonah/Nineveh cycle,Great Lent,liturgy_catholic,,liturgy_catholic,current_public_or_local_reference,local repo snapshot of pierresaid Katameros API SQLite database
New Testament,1 Peter,5,1Pet 5:5-12,rid_9a7879822ce11414a575,holy-fifty-days-pentecost-cycle,Holy Fifty Days/Pentecost cycle,Holy Fifty Days,liturgy_catholic,,liturgy_catholic,current_public_or_local_reference,local repo snapshot of pierresaid Katameros API SQLite database
New Testament,1 Peter,5,1Pet 5:5-12,rid_9a7879822ce11414a575,saturday-of-the-sixth-week-of-the-holy-fifty-days,Saturday of the sixth week of the holy fifty days,Holy Fifty Days,Liturgy,,Catholic Epistle,current_public_or_local_reference,local cache covering 2020 to 2035
New Testament,1 Peter,5,1Pet 5:5-14,rid_4c83d6286afc8e198494,amshir-12-01,The Commemoration of the Archangel Michael,Annual / fixed or ordinary cycle,Liturgy,,Catholic Epistle,current_public_or_local_reference,local cache covering 2020 to 2035
New Testament,1 Peter,5,1Pet 5:5-14,rid_4c83d6286afc8e198494,amshir-12-01,The Commemoration of the Archangel Michael,Annual / fixed or ordinary cycle,liturgy_catholic,,liturgy_catholic,current_public_or_local_reference,local repo snapshot of pierresaid Katameros API SQLite database
New Testament,1 Peter,5,1Pet 5:5-14,rid_4c83d6286afc8e198494,amshir-19-01,"The Commemoration of the Relocation of the Relics of St. Martianus, the Monk",Annual / fixed or ordinary cycle,Liturgy,,Catholic Epistle,current_public_or_local_reference,local cache covering 2020 to 2035
New Testament,1 Peter,5,1Pet 5:5-14,rid_4c83d6286afc8e198494,amshir-19-01,"The Commemoration of the Relocation of the Relics of St. Martianus, the Monk",Annual / fixed or ordinary cycle,liturgy_catholic,,liturgy_catholic,current_public_or_local_reference,local repo snapshot of pierresaid Katameros API SQLite database
New Testament,1 Peter,5,1Pet 5:5-14,rid_4c83d6286afc8e198494,amshir-03-01,"The Departure of St. James, the Ascetic",Annual / fixed or ordinary cycle,Liturgy,,Catholic Epistle,current_public_or_local_reference,local cache covering 2020 to 2035
New Testament,1 Peter,5,1Pet 5:5-14,rid_4c83d6286afc8e198494,amshir-03-01,"The Departure of St. James, the Ascetic",Annual / fixed or ordinary cycle,liturgy_catholic,,liturgy_catholic,current_public_or_local_reference,local repo snapshot of pierresaid Katameros API SQLite database
New Testament,1 Peter,5,1Pet 5:5-14,rid_4c83d6286afc8e198494,babah-13-01,"The Departure of Saint Zacharias, the Monk",Annual / fixed or ordinary cycle,Liturgy,,Catholic Epistle,current_public_or_local_reference,local cache covering 2020 to 2035
New Testament,1 Peter,5,1Pet 5:5-14,rid_4c83d6286afc8e198494,babah-25-01,The Departure of the Saints Apollo and Abib,Annual / fixed or ordinary cycle,Liturgy,,Catholic Epistle,current_public_or_local_reference,local cache covering 2020 to 2035
New Testament,1 Peter,5,1Pet 5:5-14,rid_4c83d6286afc8e198494,babah-07-01,The Departure of St. Paul of Tamouh,Annual / fixed or ordinary cycle,Liturgy,,Catholic Epistle,current_public_or_local_reference,local cache covering 2020 to 2035
New Testament,1 Peter,5,1Pet 5:5-14,rid_4c83d6286afc8e198494,babah-13-01,"The Departure of Saint Zacharias, the Monk",Annual / fixed or ordinary cycle,liturgy_catholic,,liturgy_catholic,current_public_or_local_reference,local repo snapshot of pierresaid Katameros API SQLite database
New Testament,1 Peter,5,1Pet 5:5-14,rid_4c83d6286afc8e198494,babah-25-01,The Departure of the Saints Apollo and Abib,Annual / fixed or ordinary cycle,liturgy_catholic,,liturgy_catholic,current_public_or_local_reference,local repo snapshot of pierresaid Katameros API SQLite database
New Testament,1 Peter,5,1Pet 5:5-14,rid_4c83d6286afc8e198494,babah-07-01,The Departure of St. Paul of Tamouh,Annual / fixed or ordinary cycle,liturgy_catholic,,liturgy_catholic,current_public_or_local_reference,local repo snapshot of pierresaid Katameros API SQLite database
New Testament,1 Peter,5,1Pet 5:5-14,rid_4c83d6286afc8e198494,baramhat-09-01,The Departure of St. Konan,Annual / fixed or ordinary cycle,liturgy_catholic,,liturgy_catholic,current_public_or_local_reference,local repo snapshot of pierresaid Katameros API SQLite database
New Testament,1 Peter,5,1Pet 5:5-14,rid_4c83d6286afc8e198494,barmuda-1,Barmuda 1,Annual / fixed or ordinary cycle,liturgy_catholic,,liturgy_catholic,current_public_or_local_reference,local repo snapshot of pierresaid Katameros API SQLite database
New Testament,1 Peter,5,1Pet 5:5-14,rid_4c83d6286afc8e198494,barmuda-10,Barmuda 10,Annual / fixed or ordinary cycle,liturgy_catholic,,liturgy_catholic,current_public_or_local_reference,local repo snapshot of pierresaid Katameros API SQLite database
New Testament,1 Peter,5,1Pet 5:5-14,rid_4c83d6286afc8e198494,bashans-20-01,The Departure Of St. Ammonius The Hermit,Annual / fixed or ordinary cycle,liturgy_catholic,,liturgy_catholic,current_public_or_local_reference,local repo snapshot of pierresaid Katameros API SQLite database
New Testament,1 Peter,5,1Pet 5:5-14,rid_4c83d6286afc8e198494,bashons-20,Bashons 20,Annual / fixed or ordinary cycle,Liturgy,,Catholic Epistle,current_public_or_local_reference,local cache covering 2020 to 2035
New Testament,1 Peter,5,1Pet 5:5-14,rid_4c83d6286afc8e198494,baunah-29-01,The Martyrdom of the Seven Ascetic Saints in Tounar Mount,Annual / fixed or ordinary cycle,liturgy_catholic,,liturgy_catholic,current_public_or_local_reference,local repo snapshot of pierresaid Katameros API SQLite database
New Testament,1 Peter,5,1Pet 5:5-14,rid_4c83d6286afc8e198494,fast-of-nineveh,Fast of Nineveh,Annual / fixed or ordinary cycle,Liturgy,,Catholic Epistle,current_public_or_local_reference,local cache covering 2020 to 2035
New Testament,1 Peter,5,1Pet 5:5-14,rid_4c83d6286afc8e198494,kiak-12,Kiak 12,Annual / fixed or ordinary cycle,Liturgy,,Catholic Epistle,current_public_or_local_reference,local cache covering 2020 to 2035
New Testament,1 Thessalonians,1,1Thess 1:1-12,rid_075760f2a7874498ffcf,hatur-03-01,The Departure of St. Cyriacus,Annual / fixed or ordinary cycle,liturgy_pauline,,liturgy_pauline,current_public_or_local_reference,local repo snapshot of pierresaid Katameros API SQLite database
New Testament,1 Thessalonians,2,1Thess 2:13-20,rid_26b07cabdcd27b0878db,the-fourth-sunday-of-mesra,The fourth Sunday of Mesra,Annual / fixed or ordinary cycle,Liturgy,,Pauline Epistle,current_public_or_local_reference,local cache covering 2020 to 2035
New Testament,1 Thessalonians,2,1Thess 2:13-20,rid_26b07cabdcd27b0878db,mesra-04-01,The Departure of Hezekiah the King,Annual / fixed or ordinary cycle,liturgy_pauline,,liturgy_pauline,current_public_or_local_reference,local repo snapshot of pierresaid Katameros API SQLite database
New Testament,1 Thessalonians,3,1Thess 3:1-13,rid_10c38e222ca63188c862,mesra-04-01,The Departure of Hezekiah the King,Annual / fixed or ordinary cycle,liturgy_pauline,,liturgy_pauline,current_public_or_local_reference,local repo snapshot of pierresaid Katameros API SQLite database
New Testament,1 Thessalonians,4,1Thess 4:1-18,rid_a83f67fea16b97b58ab6,great-lent-jonah-nineveh-cycle,Great Lent/Jonah/Nineveh cycle,Great Lent,liturgy_pauline,,liturgy_pauline,current_public_or_local_reference,local repo snapshot of pierresaid Katameros API SQLite database
New Testament,1 Thessalonians,4,1Thess 4:1-18,rid_a83f67fea16b97b58ab6,monday-of-the-sixth-week-of-great-lent,Monday of the sixth week of Great Lent,Great Lent,Liturgy,,Pauline Epistle,current_public_or_local_reference,local cache covering 2020 to 2035
New Testament,1 Thessalonians,4,1Thess 4:13-18,rid_d82d0f232f6c5f6dc3e1,funeral,funeral,Special service,part_4,,part_4,current_public_or_local_reference,local package snapshot
New Testament,1 Thessalonians,4,1Thess 4:13-5,rid_028a87a704c4fc02b6f4,holy-fifty-days-pentecost-cycle,Holy Fifty Days/Pentecost cycle,Holy Fifty Days,liturgy_pauline,,liturgy_pauline,current_public_or_local_reference,local repo snapshot of pierresaid Katameros API SQLite database
New Testament,1 Thessalonians,4,1Thess 4:13-5:11,rid_d1c52af415e1801ac259,monday-of-the-first-week-of-the-holy-fifty-days,Monday of the first week of the holy fifty days,Holy Fifty Days,Liturgy,,Pauline Epistle,current_public_or_local_reference,local cache covering 2020 to 2035
New Testament,1 Timothy,1,1Tim 1:12-19,rid_1cb21a9e546625f8b503,tut-01-01,Feast of El-Nayrouz (Beginning of the Blessed Coptic Year),Annual / fixed or ordinary cycle,liturgy_pauline,,liturgy_pauline,current_public_or_local_reference,local repo snapshot of pierresaid Katameros API SQLite database
New Testament,1 Timothy,1,1Tim 1:12-27,rid_9f8f70c1e6d710045d3f,the-first-sunday-of-tout,The first Sunday of Tout,Annual / fixed or ordinary cycle,Liturgy,,Pauline Epistle,current_public_or_local_reference,local cache covering 2020 to 2035
New Testament,1 Timothy,2,1Tim 2:1-3,rid_29f76ed87fb595ab88fa,great-lent-jonah-nineveh-cycle,Great Lent/Jonah/Nineveh cycle,Great Lent,liturgy_pauline,,liturgy_pauline,current_public_or_local_reference,local repo snapshot of pierresaid Katameros API SQLite database
New Testament,1 Timothy,2,1Tim 2:1-3:4,rid_539d72ebd85c4b03eaf1,thursday-of-the-sixth-week-of-great-lent,Thursday of the sixth week of Great Lent,Great Lent,Liturgy,,Pauline Epistle,current_public_or_local_reference,local cache covering 2020 to 2035
New Testament,1 Timothy,3,1Tim 3:13-16,rid_f7ab1aa9ada78662622d,holy-fifty-days-pentecost-cycle,Holy Fifty Days/Pentecost cycle,Holy Fifty Days,liturgy_pauline,,liturgy_pauline,current_public_or_local_reference,local repo snapshot of pierresaid Katameros API SQLite database
New Testament,1 Timothy,3,1Tim 3:13-16,rid_f7ab1aa9ada78662622d,the-feast-of-the-ascension,The Feast of the Ascension,Annual / fixed or ordinary cycle,Liturgy,,Pauline Epistle,current_public_or_local_reference,local cache covering 2020 to 2035
New Testament,1 Timothy,4,1Tim 4:9-5:10,rid_5cd67675f32c75db9167,great-thursday,Great Thursday,Pascha / Holy Week,Liturgy of Blessing of the Water,Liturgy of Blessing of the Water,Pauline,historical_witness,"Lent 1734 A.M., 2018 A.D. eBook extracted text"
New Testament,1 Timothy,5,1Tim 5:17-25,rid_096cdba70816f3e51b54,hatur-24-01,The Commemoration of the Twenty-Four Priests,Annual / fixed or ordinary cycle,liturgy_pauline,,liturgy_pauline,current_public_or_local_reference,local repo snapshot of pierresaid Katameros API SQLite database
New Testament,1 Timothy,5,1Tim 5:17-6:2,rid_e475dd1bbf8b05b45910,hator-24,Hator 24,Annual / fixed or ordinary cycle,Liturgy,,Pauline Epistle,current_public_or_local_reference,local cache covering 2020 to 2035
New Testament,1 Timothy,6,1Tim 6:1-2,rid_3ef55cb5e2fe8d8679ba,hatur-24-01,The Commemoration of the Twenty-Four Priests,Annual / fixed or ordinary cycle,liturgy_pauline,,liturgy_pauline,current_public_or_local_reference,local repo snapshot of pierresaid Katameros API SQLite database
New Testament,1 Timothy,6,1Tim 6:3-16,rid_62f86c38e99a8b80724a,the-third-sunday-of-abib,The third Sunday of Abib,Annual / fixed or ordinary cycle,Liturgy,,Pauline Epistle,current_public_or_local_reference,local cache covering 2020 to 2035
New Testament,1 Timothy,6,1Tim 6:3-16,rid_62f86c38e99a8b80724a,abib-03-01,"The Departure of St. Kyrillos (Cyril) the First, the Twenty- Fourth Pope of Alexandria",Annual / fixed or ordinary cycle,liturgy_pauline,,liturgy_pauline,current_public_or_local_reference,local repo snapshot of pierresaid Katameros API SQLite database
New Testament,1 Timothy,6,1Tim 6:3-21,rid_2ba106e64365ef933085,the-fourth-sunday-of-baba,The fourth Sunday of Baba,Annual / fixed or ordinary cycle,Liturgy,,Pauline Epistle,current_public_or_local_reference,local cache covering 2020 to 2035
New Testament,1 Timothy,6,1Tim 6:3-21,rid_2ba106e64365ef933085,babah-04-01,"The Martyrdom of St. Bacchus, the Friend of St. Sergius",Annual / fixed or ordinary cycle,liturgy_pauline,,liturgy_pauline,current_public_or_local_reference,local repo snapshot of pierresaid Katameros API SQLite database
New Testament,2 Corinthians,10,2Cor 10:1-18,rid_d091df2d83351ad1f101,abib-21-01,"The Commemoration of the Lady, the Virgin Mary",Annual / fixed or ordinary cycle,Liturgy,,Pauline Epistle,current_public_or_local_reference,local cache covering 2020 to 2035
New Testament,2 Corinthians,10,2Cor 10:1-18,rid_d091df2d83351ad1f101,abib-21-01,"The Commemoration of the Lady, the Virgin Mary",Annual / fixed or ordinary cycle,liturgy_pauline,,liturgy_pauline,current_public_or_local_reference,local repo snapshot of pierresaid Katameros API SQLite database
New Testament,2 Corinthians,10,2Cor 10:1-18,rid_d091df2d83351ad1f101,abib-25-01,The Departure of St. Thecla,Annual / fixed or ordinary cycle,Liturgy,,Pauline Epistle,current_public_or_local_reference,local cache covering 2020 to 2035
New Testament,2 Corinthians,10,2Cor 10:1-18,rid_d091df2d83351ad1f101,abib-25-01,The Departure of St. Thecla,Annual / fixed or ordinary cycle,liturgy_pauline,,liturgy_pauline,current_public_or_local_reference,local repo snapshot of pierresaid Katameros API SQLite database
New Testament,2 Corinthians,10,2Cor 10:1-18,rid_d091df2d83351ad1f101,babah-10-01,"The Martyrdom of St. Sergius, the Friend of St. Bacchus",Annual / fixed or ordinary cycle,Liturgy,,Pauline Epistle,current_public_or_local_reference,local cache covering 2020 to 2035
New Testament,2 Corinthians,10,2Cor 10:1-18,rid_d091df2d83351ad1f101,babah-28-01,Martyrdom of the Sts. Marcian (Marcianus) and Mercurius,Annual / fixed or ordinary cycle,Liturgy,,Pauline Epistle,current_public_or_local_reference,local cache covering 2020 to 2035
New Testament,2 Corinthians,10,2Cor 10:1-18,rid_d091df2d83351ad1f101,babah-04-01,"The Martyrdom of St. Bacchus, the Friend of St. Sergius",Annual / fixed or ordinary cycle,Liturgy,,Pauline Epistle,current_public_or_local_reference,local cache covering 2020 to 2035
New Testament,2 Corinthians,10,2Cor 10:1-18,rid_d091df2d83351ad1f101,babah-08-01,The Martyrdom of St. Matra,Annual / fixed or ordinary cycle,Liturgy,,Pauline Epistle,current_public_or_local_reference,local cache covering 2020 to 2035
New Testament,2 Corinthians,10,2Cor 10:1-18,rid_d091df2d83351ad1f101,babah-10-01,"The Martyrdom of St. Sergius, the Friend of St. Bacchus",Annual / fixed or ordinary cycle,liturgy_pauline,,liturgy_pauline,current_public_or_local_reference,local repo snapshot of pierresaid Katameros API SQLite database
New Testament,2 Corinthians,10,2Cor 10:1-18,rid_d091df2d83351ad1f101,babah-28-01,Martyrdom of the Sts. Marcian (Marcianus) and Mercurius,Annual / fixed or ordinary cycle,liturgy_pauline,,liturgy_pauline,current_public_or_local_reference,local repo snapshot of pierresaid Katameros API SQLite database
New Testament,2 Corinthians,10,2Cor 10:1-18,rid_d091df2d83351ad1f101,babah-04-01,"The Martyrdom of St. Bacchus, the Friend of St. Sergius",Annual / fixed or ordinary cycle,liturgy_pauline,,liturgy_pauline,current_public_or_local_reference,local repo snapshot of pierresaid Katameros API SQLite database
New Testament,2 Corinthians,10,2Cor 10:1-18,rid_d091df2d83351ad1f101,babah-08-01,The Martyrdom of St. Matra,Annual / fixed or ordinary cycle,liturgy_pauline,,liturgy_pauline,current_public_or_local_reference,local repo snapshot of pierresaid Katameros API SQLite database
New Testament,2 Corinthians,10,2Cor 10:1-18,rid_d091df2d83351ad1f101,baramhat-13-01,"The Departure of Abba Dionysius, the Fourteenth Pope of Alexandria",Annual / fixed or ordinary cycle,liturgy_pauline,,liturgy_pauline,current_public_or_local_reference,local repo snapshot of pierresaid Katameros API SQLite database
New Testament,2 Corinthians,10,2Cor 10:1-18,rid_d091df2d83351ad1f101,barmuda-28,Barmuda 28,Annual / fixed or ordinary cycle,liturgy_pauline,,liturgy_pauline,current_public_or_local_reference,local repo snapshot of pierresaid Katameros API SQLite database
New Testament,2 Corinthians,10,2Cor 10:1-18,rid_d091df2d83351ad1f101,bashans-25-01,The Martyrdom of St. Colluthus of Antinoe (Known as Abu Colta),Annual / fixed or ordinary cycle,liturgy_pauline,,liturgy_pauline,current_public_or_local_reference,local repo snapshot of pierresaid Katameros API SQLite database
New Testament,2 Corinthians,10,2Cor 10:1-18,rid_d091df2d83351ad1f101,bashons-25,Bashons 25,Annual / fixed or ordinary cycle,Liturgy,,Pauline Epistle,current_public_or_local_reference,local cache covering 2020 to 2035
New Testament,2 Corinthians,10,2Cor 10:1-18,rid_d091df2d83351ad1f101,hator-19,Hator 19,Annual / fixed or ordinary cycle,Liturgy,,Pauline Epistle,current_public_or_local_reference,local cache covering 2020 to 2035
New Testament,2 Corinthians,10,2Cor 10:1-18,rid_d091df2d83351ad1f101,hator-25,Hator 25,Annual / fixed or ordinary cycle,Liturgy,,Pauline Epistle,current_public_or_local_reference,local cache covering 2020 to 2035
New Testament,2 Corinthians,10,2Cor 10:1-18,rid_d091df2d83351ad1f101,hatur-19-01,The Consecration of the Church of St. Sergius and St. Bacchus,Annual / fixed or ordinary cycle,liturgy_pauline,,liturgy_pauline,current_public_or_local_reference,local repo snapshot of pierresaid Katameros API SQLite database
New Testament,2 Corinthians,10,2Cor 10:1-18,rid_d091df2d83351ad1f101,hatur-25-01,"The Martyrdom of St. Mercurius, Known as the Saint with the Two Swords",Annual / fixed or ordinary cycle,liturgy_pauline,,liturgy_pauline,current_public_or_local_reference,local repo snapshot of pierresaid Katameros API SQLite database
New Testament,2 Corinthians,11,2Cor 11:16-12:12,rid_ef5e757db5a5dd10cd57,abib-6,Abib 6,Annual / fixed or ordinary cycle,Liturgy,,Pauline Epistle,current_public_or_local_reference,local cache covering 2020 to 2035
New Testament,2 Corinthians,11,2Cor 11:16-12:12,rid_ef5e757db5a5dd10cd57,baba-26,Baba 26,Annual / fixed or ordinary cycle,Liturgy,,Pauline Epistle,current_public_or_local_reference,local cache covering 2020 to 2035
New Testament,2 Corinthians,11,2Cor 11:16-12:12,rid_ef5e757db5a5dd10cd57,bashons-22,Bashons 22,Annual / fixed or ordinary cycle,Liturgy,,Pauline Epistle,current_public_or_local_reference,local cache covering 2020 to 2035
New Testament,2 Corinthians,11,2Cor 11:16-12:12,rid_ef5e757db5a5dd10cd57,paona-1,Paona 1,Annual / fixed or ordinary cycle,Liturgy,,Pauline Epistle,current_public_or_local_reference,local cache covering 2020 to 2035
New Testament,2 Corinthians,11,2Cor 11:16-12:12,rid_ef5e757db5a5dd10cd57,paona-25,Paona 25,Annual / fixed or ordinary cycle,Liturgy,,Pauline Epistle,current_public_or_local_reference,local cache covering 2020 to 2035
New Testament,2 Corinthians,11,2Cor 11:16-12:12,rid_ef5e757db5a5dd10cd57,toba-1,Toba 1,Annual / fixed or ordinary cycle,Liturgy,,Pauline Epistle,current_public_or_local_reference,local cache covering 2020 to 2035
New Testament,2 Corinthians,11,2Cor 11:16-12:12,rid_ef5e757db5a5dd10cd57,toba-20,Toba 20,Annual / fixed or ordinary cycle,Liturgy,,Pauline Epistle,current_public_or_local_reference,local cache covering 2020 to 2035
New Testament,2 Corinthians,11,2Cor 11:16-12:12,rid_ef5e757db5a5dd10cd57,tout-15,Tout 15,Annual / fixed or ordinary cycle,Liturgy,,Pauline Epistle,current_public_or_local_reference,local cache covering 2020 to 2035
New Testament,2 Corinthians,11,2Cor 11:16-12:12,rid_ef5e757db5a5dd10cd57,tout-24,Tout 24,Annual / fixed or ordinary cycle,Liturgy,,Pauline Epistle,current_public_or_local_reference,local cache covering 2020 to 2035
New Testament,2 Corinthians,11,2Cor 11:16-28,rid_1ffa6f6bd8b2a2a095e4,great-lent-jonah-nineveh-cycle,Great Lent/Jonah/Nineveh cycle,Great Lent,liturgy_pauline,,liturgy_pauline,current_public_or_local_reference,local repo snapshot of pierresaid Katameros API SQLite database
New Testament,2 Corinthians,11,2Cor 11:16-28,rid_1ffa6f6bd8b2a2a095e4,sunday-of-the-week-before-great-lent,Sunday of the week before Great Lent,Great Lent,Liturgy,,Pauline Epistle,current_public_or_local_reference,local cache covering 2020 to 2035
New Testament,2 Corinthians,11,2Cor 11:16-33,rid_a5eea66eba2812446a0c,abib-06-01,"The Martyrdom of St. Aoulimpas, the Apostle",Annual / fixed or ordinary cycle,liturgy_pauline,,liturgy_pauline,current_public_or_local_reference,local repo snapshot of pierresaid Katameros API SQLite database
New Testament,2 Corinthians,11,2Cor 11:16-33,rid_a5eea66eba2812446a0c,babah-26-01,The Martyrdom of Saint Timon the Apostle,Annual / fixed or ordinary cycle,liturgy_pauline,,liturgy_pauline,current_public_or_local_reference,local repo snapshot of pierresaid Katameros API SQLite database
New Testament,2 Corinthians,11,2Cor 11:16-33,rid_a5eea66eba2812446a0c,baramhat-19-01,"The Martyrdom of St. Aristobulus, the apostle",Annual / fixed or ordinary cycle,liturgy_pauline,,liturgy_pauline,current_public_or_local_reference,local repo snapshot of pierresaid Katameros API SQLite database
New Testament,2 Corinthians,11,2Cor 11:16-33,rid_a5eea66eba2812446a0c,barmuda-15,Barmuda 15,Annual / fixed or ordinary cycle,liturgy_pauline,,liturgy_pauline,current_public_or_local_reference,local repo snapshot of pierresaid Katameros API SQLite database
New Testament,2 Corinthians,11,2Cor 11:16-33,rid_a5eea66eba2812446a0c,barmuda-29,Barmuda 29,Annual / fixed or ordinary cycle,liturgy_pauline,,liturgy_pauline,current_public_or_local_reference,local repo snapshot of pierresaid Katameros API SQLite database
New Testament,2 Corinthians,11,2Cor 11:16-33,rid_a5eea66eba2812446a0c,bashans-22-01,The Departure of St. Andronicus One of the Seventy Disciples,Annual / fixed or ordinary cycle,liturgy_pauline,,liturgy_pauline,current_public_or_local_reference,local repo snapshot of pierresaid Katameros API SQLite database
New Testament,2 Corinthians,11,2Cor 11:16-33,rid_a5eea66eba2812446a0c,bashans-03-01,"The Departure of St. Jason, one of the Seventy disciples",Annual / fixed or ordinary cycle,liturgy_pauline,,liturgy_pauline,current_public_or_local_reference,local repo snapshot of pierresaid Katameros API SQLite database
New Testament,2 Corinthians,11,2Cor 11:16-33,rid_a5eea66eba2812446a0c,baunah-01-01,The Consecration of the church of St. Leontius of Tripoli,Annual / fixed or ordinary cycle,liturgy_pauline,,liturgy_pauline,current_public_or_local_reference,local repo snapshot of pierresaid Katameros API SQLite database
New Testament,2 Corinthians,11,2Cor 11:16-33,rid_a5eea66eba2812446a0c,baunah-25-01,"The Martyrdom of St. Jude, one of the Seventy Disciples",Annual / fixed or ordinary cycle,liturgy_pauline,,liturgy_pauline,current_public_or_local_reference,local repo snapshot of pierresaid Katameros API SQLite database
New Testament,2 Corinthians,11,2Cor 11:16-33,rid_a5eea66eba2812446a0c,tubah-01-01,The Martyrdom of St. Stephen the Archdeacon,Annual / fixed or ordinary cycle,liturgy_pauline,,liturgy_pauline,current_public_or_local_reference,local repo snapshot of pierresaid Katameros API SQLite database
New Testament,2 Corinthians,11,2Cor 11:16-33,rid_a5eea66eba2812446a0c,tubah-20-01,"The Departure of St. Prochorus, One of the Seventy Disciples",Annual / fixed or ordinary cycle,liturgy_pauline,,liturgy_pauline,current_public_or_local_reference,local repo snapshot of pierresaid Katameros API SQLite database
New Testament,2 Corinthians,11,2Cor 11:16-33,rid_a5eea66eba2812446a0c,tut-15-01,Translocation of the Body of St. Stephen the Archdeacon,Annual / fixed or ordinary cycle,liturgy_pauline,,liturgy_pauline,current_public_or_local_reference,local repo snapshot of pierresaid Katameros API SQLite database
New Testament,2 Corinthians,11,2Cor 11:16-33,rid_a5eea66eba2812446a0c,tut-24-01,The Departure of St. Gregory the Ascetic,Annual / fixed or ordinary cycle,liturgy_pauline,,liturgy_pauline,current_public_or_local_reference,local repo snapshot of pierresaid Katameros API SQLite database
New Testament,2 Corinthians,12,2Cor 12:1-12,rid_52fb38bc354ae011f654,abib-06-01,"The Martyrdom of St. Aoulimpas, the Apostle",Annual / fixed or ordinary cycle,liturgy_pauline,,liturgy_pauline,current_public_or_local_reference,local repo snapshot of pierresaid Katameros API SQLite database
New Testament,2 Corinthians,12,2Cor 12:1-12,rid_52fb38bc354ae011f654,babah-26-01,The Martyrdom of Saint Timon the Apostle,Annual / fixed or ordinary cycle,liturgy_pauline,,liturgy_pauline,current_public_or_local_reference,local repo snapshot of pierresaid Katameros API SQLite database
New Testament,2 Corinthians,12,2Cor 12:1-12,rid_52fb38bc354ae011f654,baramhat-19-01,"The Martyrdom of St. Aristobulus, the apostle",Annual / fixed or ordinary cycle,liturgy_pauline,,liturgy_pauline,current_public_or_local_reference,local repo snapshot of pierresaid Katameros API SQLite database
New Testament,2 Corinthians,12,2Cor 12:1-12,rid_52fb38bc354ae011f654,barmuda-15,Barmuda 15,Annual / fixed or ordinary cycle,liturgy_pauline,,liturgy_pauline,current_public_or_local_reference,local repo snapshot of pierresaid Katameros API SQLite database
New Testament,2 Corinthians,12,2Cor 12:1-12,rid_52fb38bc354ae011f654,barmuda-29,Barmuda 29,Annual / fixed or ordinary cycle,liturgy_pauline,,liturgy_pauline,current_public_or_local_reference,local repo snapshot of pierresaid Katameros API SQLite database
New Testament,2 Corinthians,12,2Cor 12:1-12,rid_52fb38bc354ae011f654,bashans-22-01,The Departure of St. Andronicus One of the Seventy Disciples,Annual / fixed or ordinary cycle,liturgy_pauline,,liturgy_pauline,current_public_or_local_reference,local repo snapshot of pierresaid Katameros API SQLite database
New Testament,2 Corinthians,12,2Cor 12:1-12,rid_52fb38bc354ae011f654,bashans-03-01,"The Departure of St. Jason, one of the Seventy disciples",Annual / fixed or ordinary cycle,liturgy_pauline,,liturgy_pauline,current_public_or_local_reference,local repo snapshot of pierresaid Katameros API SQLite database
New Testament,2 Corinthians,12,2Cor 12:1-12,rid_52fb38bc354ae011f654,baunah-01-01,The Consecration of the church of St. Leontius of Tripoli,Annual / fixed or ordinary cycle,liturgy_pauline,,liturgy_pauline,current_public_or_local_reference,local repo snapshot of pierresaid Katameros API SQLite database
New Testament,2 Corinthians,12,2Cor 12:1-12,rid_52fb38bc354ae011f654,baunah-25-01,"The Martyrdom of St. Jude, one of the Seventy Disciples",Annual / fixed or ordinary cycle,liturgy_pauline,,liturgy_pauline,current_public_or_local_reference,local repo snapshot of pierresaid Katameros API SQLite database
New Testament,2 Corinthians,12,2Cor 12:1-12,rid_52fb38bc354ae011f654,tubah-01-01,The Martyrdom of St. Stephen the Archdeacon,Annual / fixed or ordinary cycle,liturgy_pauline,,liturgy_pauline,current_public_or_local_reference,local repo snapshot of pierresaid Katameros API SQLite database
New Testament,2 Corinthians,12,2Cor 12:1-12,rid_52fb38bc354ae011f654,tubah-20-01,"The Departure of St. Prochorus, One of the Seventy Disciples",Annual / fixed or ordinary cycle,liturgy_pauline,,liturgy_pauline,current_public_or_local_reference,local repo snapshot of pierresaid Katameros API SQLite database
New Testament,2 Corinthians,12,2Cor 12:1-12,rid_52fb38bc354ae011f654,tut-15-01,Translocation of the Body of St. Stephen the Archdeacon,Annual / fixed or ordinary cycle,liturgy_pauline,,liturgy_pauline,current_public_or_local_reference,local repo snapshot of pierresaid Katameros API SQLite database
New Testament,2 Corinthians,12,2Cor 12:1-12,rid_52fb38bc354ae011f654,tut-24-01,The Departure of St. Gregory the Ascetic,Annual / fixed or ordinary cycle,liturgy_pauline,,liturgy_pauline,current_public_or_local_reference,local repo snapshot of pierresaid Katameros API SQLite database
New Testament,2 Corinthians,1,2Cor 1:1-14,rid_f5b1a226346e81197fa2,the-fourth-sunday-of-tout,The fourth Sunday of Tout,Annual / fixed or ordinary cycle,Liturgy,,Pauline Epistle,current_public_or_local_reference,local cache covering 2020 to 2035
New Testament,2 Corinthians,1,2Cor 1:1-14,rid_f5b1a226346e81197fa2,tut-04-01,"The Departure of St. Macarius, 69th Pope of Alexandria",Annual / fixed or ordinary cycle,liturgy_pauline,,liturgy_pauline,current_public_or_local_reference,local repo snapshot of pierresaid Katameros API SQLite database
New Testament,2 Corinthians,2,2Cor 2:12-17,rid_06e14b03924fd31fd1c9,babah-01-01,The Martyrdom of Saint Anastasia,Annual / fixed or ordinary cycle,liturgy_pauline,,liturgy_pauline,current_public_or_local_reference,local repo snapshot of pierresaid Katameros API SQLite database
New Testament,2 Corinthians,2,2Cor 2:12-3:6,rid_94a6c87a3c4bc7e713bd,the-first-sunday-of-baba,The first Sunday of Baba,Annual / fixed or ordinary cycle,Liturgy,,Pauline Epistle,current_public_or_local_reference,local cache covering 2020 to 2035
New Testament,2 Corinthians,3,2Cor 3:1-6,rid_2ca89c65c99d035ea59f,babah-01-01,The Martyrdom of Saint Anastasia,Annual / fixed or ordinary cycle,liturgy_pauline,,liturgy_pauline,current_public_or_local_reference,local repo snapshot of pierresaid Katameros API SQLite database
New Testament,2 Corinthians,3,2Cor 3:12-18,rid_bc9a36cfc0f71f0b11bf,al-nasi-02-01,"The Departure of St. Titus, the Apostle",Annual / fixed or ordinary cycle,liturgy_pauline,,liturgy_pauline,current_public_or_local_reference,local repo snapshot of pierresaid Katameros API SQLite database
New Testament,2 Corinthians,3,2Cor 3:12-4:4,rid_80206aefdea0b5505872,nasie-2,Nasie 2,Annual / fixed or ordinary cycle,Liturgy,,Pauline Epistle,current_public_or_local_reference,local cache covering 2020 to 2035
New Testament,2 Corinthians,4,2Cor 4:1-4,rid_5ab7a2ef3473988653ec,al-nasi-02-01,"The Departure of St. Titus, the Apostle",Annual / fixed or ordinary cycle,liturgy_pauline,,liturgy_pauline,current_public_or_local_reference,local repo snapshot of pierresaid Katameros API SQLite database
New Testament,2 Corinthians,4,2Cor 4:1-5:15,rid_eb903a979dbbc29817b2,the-second-sunday-of-baba,The second Sunday of Baba,Annual / fixed or ordinary cycle,Liturgy,,Pauline Epistle,current_public_or_local_reference,local cache covering 2020 to 2035
New Testament,2 Corinthians,4,2Cor 4:5-15,rid_86bd2d2977a235dd5397,babah-02-01,"The Coming of Saint Severus, Patriarch of Antioch, to Egypt",Annual / fixed or ordinary cycle,liturgy_pauline,,liturgy_pauline,current_public_or_local_reference,local repo snapshot of pierresaid Katameros API SQLite database
New Testament,2 Corinthians,4,2Cor 4:5-18,rid_d48e87fae9231ecbf09e,abib-03-01,"The Departure of St. Kyrillos (Cyril) the First, the Twenty- Fourth Pope of Alexandria",Annual / fixed or ordinary cycle,liturgy_pauline,,liturgy_pauline,current_public_or_local_reference,local repo snapshot of pierresaid Katameros API SQLite database
New Testament,2 Corinthians,4,2Cor 4:5-18,rid_d48e87fae9231ecbf09e,amshir-07-01,"The Departure of St. Alexandros II, 43rd Pope of Alexandria",Annual / fixed or ordinary cycle,liturgy_pauline,,liturgy_pauline,current_public_or_local_reference,local repo snapshot of pierresaid Katameros API SQLite database
New Testament,2 Corinthians,4,2Cor 4:5-18,rid_d48e87fae9231ecbf09e,babah-11-01,"The Departure of St. James, Patriarch of Antioch",Annual / fixed or ordinary cycle,liturgy_pauline,,liturgy_pauline,current_public_or_local_reference,local repo snapshot of pierresaid Katameros API SQLite database
New Testament,2 Corinthians,4,2Cor 4:5-18,rid_d48e87fae9231ecbf09e,babah-17-01,The Departure of St. Dioscorus II 31st Pope of Alexandria,Annual / fixed or ordinary cycle,liturgy_pauline,,liturgy_pauline,current_public_or_local_reference,local repo snapshot of pierresaid Katameros API SQLite database
New Testament,2 Corinthians,4,2Cor 4:5-18,rid_d48e87fae9231ecbf09e,babah-02-01,"The Coming of Saint Severus, Patriarch of Antioch, to Egypt",Annual / fixed or ordinary cycle,liturgy_pauline,,liturgy_pauline,current_public_or_local_reference,local repo snapshot of pierresaid Katameros API SQLite database
New Testament,2 Corinthians,4,2Cor 4:5-18,rid_d48e87fae9231ecbf09e,baramhat-22-01,"The Departure of St. Kyrellos (Cyril), Bishop of Jerusalem",Annual / fixed or ordinary cycle,liturgy_pauline,,liturgy_pauline,current_public_or_local_reference,local repo snapshot of pierresaid Katameros API SQLite database
New Testament,2 Corinthians,4,2Cor 4:5-18,rid_d48e87fae9231ecbf09e,barmuda-12,Barmuda 12,Annual / fixed or ordinary cycle,liturgy_pauline,,liturgy_pauline,current_public_or_local_reference,local repo snapshot of pierresaid Katameros API SQLite database
New Testament,2 Corinthians,4,2Cor 4:5-18,rid_d48e87fae9231ecbf09e,barmuda-3,Barmuda 3,Annual / fixed or ordinary cycle,liturgy_pauline,,liturgy_pauline,current_public_or_local_reference,local repo snapshot of pierresaid Katameros API SQLite database
New Testament,2 Corinthians,4,2Cor 4:5-18,rid_d48e87fae9231ecbf09e,bashans-30-01,"The Departure of Pope Mikhail the First, the 68th. Patriarch of Alexandria",Annual / fixed or ordinary cycle,liturgy_pauline,,liturgy_pauline,current_public_or_local_reference,local repo snapshot of pierresaid Katameros API SQLite database
New Testament,2 Corinthians,4,2Cor 4:5-18,rid_d48e87fae9231ecbf09e,bashans-07-01,The Departure of St. Athanasius the Apostolic the 20th. Pope of Alexandria,Annual / fixed or ordinary cycle,liturgy_pauline,,liturgy_pauline,current_public_or_local_reference,local repo snapshot of pierresaid Katameros API SQLite database
New Testament,2 Corinthians,4,2Cor 4:5-18,rid_d48e87fae9231ecbf09e,baunah-28-01,"The Departure of St. Theodosius, 33rd Pope of Alexandria",Annual / fixed or ordinary cycle,liturgy_pauline,,liturgy_pauline,current_public_or_local_reference,local repo snapshot of pierresaid Katameros API SQLite database
New Testament,2 Corinthians,4,2Cor 4:5-18,rid_d48e87fae9231ecbf09e,great-lent-jonah-nineveh-cycle,Great Lent/Jonah/Nineveh cycle,Great Lent,liturgy_pauline,,liturgy_pauline,current_public_or_local_reference,local repo snapshot of pierresaid Katameros API SQLite database
New Testament,2 Corinthians,4,2Cor 4:5-18,rid_d48e87fae9231ecbf09e,hatur-01-01,"The Martyrdom of the Saints Maximus, Numitius, Victor (Boctor), and Philip (Philopus)",Annual / fixed or ordinary cycle,liturgy_pauline,,liturgy_pauline,current_public_or_local_reference,local repo snapshot of pierresaid Katameros API SQLite database
New Testament,2 Corinthians,4,2Cor 4:5-18,rid_d48e87fae9231ecbf09e,hatur-13-01,"The Departure of St. Timothy, Bishop of Ansena (Antinoe)",Annual / fixed or ordinary cycle,liturgy_pauline,,liturgy_pauline,current_public_or_local_reference,local repo snapshot of pierresaid Katameros API SQLite database
New Testament,2 Corinthians,4,2Cor 4:5-18,rid_d48e87fae9231ecbf09e,hatur-30-01,"The Departure of St. Acacius, Patriarch of Constantinople",Annual / fixed or ordinary cycle,liturgy_pauline,,liturgy_pauline,current_public_or_local_reference,local repo snapshot of pierresaid Katameros API SQLite database
New Testament,2 Corinthians,4,2Cor 4:5-18,rid_d48e87fae9231ecbf09e,kiyahk-06-01,"The Departure of St. Abraam (Abraham), Ebn-Zaraa, 62nd Pope of Alexandria",Annual / fixed or ordinary cycle,liturgy_pauline,,liturgy_pauline,current_public_or_local_reference,local repo snapshot of pierresaid Katameros API SQLite database
New Testament,2 Corinthians,4,2Cor 4:5-18,rid_d48e87fae9231ecbf09e,mesra-18-01,"The Departure of St. Alexander, Patriarch of Constantinople",Annual / fixed or ordinary cycle,liturgy_pauline,,liturgy_pauline,current_public_or_local_reference,local repo snapshot of pierresaid Katameros API SQLite database
New Testament,2 Corinthians,4,2Cor 4:5-18,rid_d48e87fae9231ecbf09e,thursday-of-the-seventh-week-of-great-lent,Thursday of the seventh week of Great Lent,Great Lent,Liturgy,,Pauline Epistle,current_public_or_local_reference,local cache covering 2020 to 2035
New Testament,2 Corinthians,4,2Cor 4:5-18,rid_d48e87fae9231ecbf09e,tubah-02-01,"The Departure of St. Theonas, 16th Pope of Alexandria",Annual / fixed or ordinary cycle,liturgy_pauline,,liturgy_pauline,current_public_or_local_reference,local repo snapshot of pierresaid Katameros API SQLite database
New Testament,2 Corinthians,4,2Cor 4:5-18,rid_d48e87fae9231ecbf09e,tubah-08-01,The Consecration of St. Macarius' Church,Annual / fixed or ordinary cycle,liturgy_pauline,,liturgy_pauline,current_public_or_local_reference,local repo snapshot of pierresaid Katameros API SQLite database
New Testament,2 Corinthians,4,2Cor 4:5-5:11,rid_ede6bf06a19cbaa0801f,abib-14,Abib 14,Annual / fixed or ordinary cycle,Liturgy,,Pauline Epistle,current_public_or_local_reference,local cache covering 2020 to 2035
New Testament,2 Corinthians,4,2Cor 4:5-5:11,rid_ede6bf06a19cbaa0801f,abib-3,Abib 3,Annual / fixed or ordinary cycle,Liturgy,,Pauline Epistle,current_public_or_local_reference,local cache covering 2020 to 2035
New Testament,2 Corinthians,4,2Cor 4:5-5:11,rid_ede6bf06a19cbaa0801f,baba-11,Baba 11,Annual / fixed or ordinary cycle,Liturgy,,Pauline Epistle,current_public_or_local_reference,local cache covering 2020 to 2035
New Testament,2 Corinthians,4,2Cor 4:5-5:11,rid_ede6bf06a19cbaa0801f,baba-17,Baba 17,Annual / fixed or ordinary cycle,Liturgy,,Pauline Epistle,current_public_or_local_reference,local cache covering 2020 to 2035
New Testament,2 Corinthians,4,2Cor 4:5-5:11,rid_ede6bf06a19cbaa0801f,baba-2,Baba 2,Annual / fixed or ordinary cycle,Liturgy,,Pauline Epistle,current_public_or_local_reference,local cache covering 2020 to 2035
New Testament,2 Corinthians,4,2Cor 4:5-5:11,rid_ede6bf06a19cbaa0801f,bashons-30,Bashons 30,Annual / fixed or ordinary cycle,Liturgy,,Pauline Epistle,current_public_or_local_reference,local cache covering 2020 to 2035
New Testament,2 Corinthians,4,2Cor 4:5-5:11,rid_ede6bf06a19cbaa0801f,hator-1,Hator 1,Annual / fixed or ordinary cycle,Liturgy,,Pauline Epistle,current_public_or_local_reference,local cache covering 2020 to 2035
New Testament,2 Corinthians,4,2Cor 4:5-5:11,rid_ede6bf06a19cbaa0801f,hator-13,Hator 13,Annual / fixed or ordinary cycle,Liturgy,,Pauline Epistle,current_public_or_local_reference,local cache covering 2020 to 2035
New Testament,2 Corinthians,4,2Cor 4:5-5:11,rid_ede6bf06a19cbaa0801f,hator-30,Hator 30,Annual / fixed or ordinary cycle,Liturgy,,Pauline Epistle,current_public_or_local_reference,local cache covering 2020 to 2035
New Testament,2 Corinthians,4,2Cor 4:5-5:11,rid_ede6bf06a19cbaa0801f,kiak-6,Kiak 6,Annual / fixed or ordinary cycle,Liturgy,,Pauline Epistle,current_public_or_local_reference,local cache covering 2020 to 2035
New Testament,2 Corinthians,4,2Cor 4:5-5:11,rid_ede6bf06a19cbaa0801f,mesra-18,Mesra 18,Annual / fixed or ordinary cycle,Liturgy,,Pauline Epistle,current_public_or_local_reference,local cache covering 2020 to 2035
New Testament,2 Corinthians,4,2Cor 4:5-5:11,rid_ede6bf06a19cbaa0801f,paona-28,Paona 28,Annual / fixed or ordinary cycle,Liturgy,,Pauline Epistle,current_public_or_local_reference,local cache covering 2020 to 2035
New Testament,2 Corinthians,4,2Cor 4:5-5:11,rid_ede6bf06a19cbaa0801f,toba-2,Toba 2,Annual / fixed or ordinary cycle,Liturgy,,Pauline Epistle,current_public_or_local_reference,local cache covering 2020 to 2035
New Testament,2 Corinthians,4,2Cor 4:5-5:11,rid_ede6bf06a19cbaa0801f,toba-8,Toba 8,Annual / fixed or ordinary cycle,Liturgy,,Pauline Epistle,current_public_or_local_reference,local cache covering 2020 to 2035
New Testament,2 Corinthians,4,2Cor 4:5-5:11,rid_ede6bf06a19cbaa0801f,tout-3,Tout 3,Annual / fixed or ordinary cycle,Liturgy,,Pauline Epistle,current_public_or_local_reference,local cache covering 2020 to 2035
New Testament,2 Corinthians,4,2Cor 4:5-5:11,rid_ede6bf06a19cbaa0801f,tout-7,Tout 7,Annual / fixed or ordinary cycle,Liturgy,,Pauline Epistle,current_public_or_local_reference,local cache covering 2020 to 2035
New Testament,2 Corinthians,5,2Cor 5:1-11,rid_bbf8de01e04d3ce0d57a,abib-03-01,"The Departure of St. Kyrillos (Cyril) the First, the Twenty- Fourth Pope of Alexandria",Annual / fixed or ordinary cycle,liturgy_pauline,,liturgy_pauline,current_public_or_local_reference,local repo snapshot of pierresaid Katameros API SQLite database
New Testament,2 Corinthians,5,2Cor 5:1-11,rid_bbf8de01e04d3ce0d57a,amshir-07-01,"The Departure of St. Alexandros II, 43rd Pope of Alexandria",Annual / fixed or ordinary cycle,liturgy_pauline,,liturgy_pauline,current_public_or_local_reference,local repo snapshot of pierresaid Katameros API SQLite database
New Testament,2 Corinthians,5,2Cor 5:1-11,rid_bbf8de01e04d3ce0d57a,babah-11-01,"The Departure of St. James, Patriarch of Antioch",Annual / fixed or ordinary cycle,liturgy_pauline,,liturgy_pauline,current_public_or_local_reference,local repo snapshot of pierresaid Katameros API SQLite database
New Testament,2 Corinthians,5,2Cor 5:1-11,rid_bbf8de01e04d3ce0d57a,babah-17-01,The Departure of St. Dioscorus II 31st Pope of Alexandria,Annual / fixed or ordinary cycle,liturgy_pauline,,liturgy_pauline,current_public_or_local_reference,local repo snapshot of pierresaid Katameros API SQLite database
New Testament,2 Corinthians,5,2Cor 5:1-11,rid_bbf8de01e04d3ce0d57a,babah-02-01,"The Coming of Saint Severus, Patriarch of Antioch, to Egypt",Annual / fixed or ordinary cycle,liturgy_pauline,,liturgy_pauline,current_public_or_local_reference,local repo snapshot of pierresaid Katameros API SQLite database
New Testament,2 Corinthians,5,2Cor 5:1-11,rid_bbf8de01e04d3ce0d57a,baramhat-22-01,"The Departure of St. Kyrellos (Cyril), Bishop of Jerusalem",Annual / fixed or ordinary cycle,liturgy_pauline,,liturgy_pauline,current_public_or_local_reference,local repo snapshot of pierresaid Katameros API SQLite database
New Testament,2 Corinthians,5,2Cor 5:1-11,rid_bbf8de01e04d3ce0d57a,barmuda-12,Barmuda 12,Annual / fixed or ordinary cycle,liturgy_pauline,,liturgy_pauline,current_public_or_local_reference,local repo snapshot of pierresaid Katameros API SQLite database
New Testament,2 Corinthians,5,2Cor 5:1-11,rid_bbf8de01e04d3ce0d57a,barmuda-3,Barmuda 3,Annual / fixed or ordinary cycle,liturgy_pauline,,liturgy_pauline,current_public_or_local_reference,local repo snapshot of pierresaid Katameros API SQLite database
New Testament,2 Corinthians,5,2Cor 5:1-11,rid_bbf8de01e04d3ce0d57a,bashans-30-01,"The Departure of Pope Mikhail the First, the 68th. Patriarch of Alexandria",Annual / fixed or ordinary cycle,liturgy_pauline,,liturgy_pauline,current_public_or_local_reference,local repo snapshot of pierresaid Katameros API SQLite database
New Testament,2 Corinthians,5,2Cor 5:1-11,rid_bbf8de01e04d3ce0d57a,bashans-07-01,The Departure of St. Athanasius the Apostolic the 20th. Pope of Alexandria,Annual / fixed or ordinary cycle,liturgy_pauline,,liturgy_pauline,current_public_or_local_reference,local repo snapshot of pierresaid Katameros API SQLite database
New Testament,2 Corinthians,5,2Cor 5:1-11,rid_bbf8de01e04d3ce0d57a,baunah-28-01,"The Departure of St. Theodosius, 33rd Pope of Alexandria",Annual / fixed or ordinary cycle,liturgy_pauline,,liturgy_pauline,current_public_or_local_reference,local repo snapshot of pierresaid Katameros API SQLite database
New Testament,2 Corinthians,5,2Cor 5:1-11,rid_bbf8de01e04d3ce0d57a,hatur-01-01,"The Martyrdom of the Saints Maximus, Numitius, Victor (Boctor), and Philip (Philopus)",Annual / fixed or ordinary cycle,liturgy_pauline,,liturgy_pauline,current_public_or_local_reference,local repo snapshot of pierresaid Katameros API SQLite database
New Testament,2 Corinthians,5,2Cor 5:1-11,rid_bbf8de01e04d3ce0d57a,hatur-13-01,"The Departure of St. Timothy, Bishop of Ansena (Antinoe)",Annual / fixed or ordinary cycle,liturgy_pauline,,liturgy_pauline,current_public_or_local_reference,local repo snapshot of pierresaid Katameros API SQLite database
New Testament,2 Corinthians,5,2Cor 5:1-11,rid_bbf8de01e04d3ce0d57a,hatur-30-01,"The Departure of St. Acacius, Patriarch of Constantinople",Annual / fixed or ordinary cycle,liturgy_pauline,,liturgy_pauline,current_public_or_local_reference,local repo snapshot of pierresaid Katameros API SQLite database
New Testament,2 Corinthians,5,2Cor 5:1-11,rid_bbf8de01e04d3ce0d57a,kiyahk-06-01,"The Departure of St. Abraam (Abraham), Ebn-Zaraa, 62nd Pope of Alexandria",Annual / fixed or ordinary cycle,liturgy_pauline,,liturgy_pauline,current_public_or_local_reference,local repo snapshot of pierresaid Katameros API SQLite database
New Testament,2 Corinthians,5,2Cor 5:1-11,rid_bbf8de01e04d3ce0d57a,mesra-18-01,"The Departure of St. Alexander, Patriarch of Constantinople",Annual / fixed or ordinary cycle,liturgy_pauline,,liturgy_pauline,current_public_or_local_reference,local repo snapshot of pierresaid Katameros API SQLite database
New Testament,2 Corinthians,5,2Cor 5:1-11,rid_bbf8de01e04d3ce0d57a,tubah-02-01,"The Departure of St. Theonas, 16th Pope of Alexandria",Annual / fixed or ordinary cycle,liturgy_pauline,,liturgy_pauline,current_public_or_local_reference,local repo snapshot of pierresaid Katameros API SQLite database
New Testament,2 Corinthians,5,2Cor 5:1-11,rid_bbf8de01e04d3ce0d57a,tubah-08-01,The Consecration of St. Macarius' Church,Annual / fixed or ordinary cycle,liturgy_pauline,,liturgy_pauline,current_public_or_local_reference,local repo snapshot of pierresaid Katameros API SQLite database
New Testament,2 Corinthians,5,2Cor 5:1-11,rid_bbf8de01e04d3ce0d57a,tut-03-01,A Council held in the city of Alexandria,Annual / fixed or ordinary cycle,liturgy_pauline,,liturgy_pauline,current_public_or_local_reference,local repo snapshot of pierresaid Katameros API SQLite database
New Testament,2 Corinthians,5,2Cor 5:1-11,rid_bbf8de01e04d3ce0d57a,tut-07-01,"The Martyrdom of Sts. Agathon, Peter, John, Amun and Amuna and Their Mother, Rebecca",Annual / fixed or ordinary cycle,liturgy_pauline,,liturgy_pauline,current_public_or_local_reference,local repo snapshot of pierresaid Katameros API SQLite database
New Testament,2 Corinthians,5,2Cor 5:11-21,rid_08986158a59ce1cfbbda,tut-01-01,Feast of El-Nayrouz (Beginning of the Blessed Coptic Year),Annual / fixed or ordinary cycle,liturgy_pauline,,liturgy_pauline,current_public_or_local_reference,local repo snapshot of pierresaid Katameros API SQLite database
New Testament,2 Corinthians,5,2Cor 5:11-6:13,rid_63c79b535a59e899f4a1,feast-of-nayrouz-readings-of-the-first-of-tut,Feast of Nayrouz - (Readings of the First of Tut),Annual / fixed or ordinary cycle,Liturgy,,Pauline Epistle,current_public_or_local_reference,local cache covering 2020 to 2035
New Testament,2 Corinthians,5,2Cor 5:11-6:13,rid_63c79b535a59e899f4a1,tout-1,Tout 1,Annual / fixed or ordinary cycle,Liturgy,,Pauline Epistle,current_public_or_local_reference,local cache covering 2020 to 2035
New Testament,2 Corinthians,6,2Cor 6:1-13,rid_eea897677e9237508193,tut-01-01,Feast of El-Nayrouz (Beginning of the Blessed Coptic Year),Annual / fixed or ordinary cycle,liturgy_pauline,,liturgy_pauline,current_public_or_local_reference,local repo snapshot of pierresaid Katameros API SQLite database
New Testament,2 Corinthians,6,2Cor 6:14-7,rid_1290bec1a13af81a056a,great-lent-jonah-nineveh-cycle,Great Lent/Jonah/Nineveh cycle,Great Lent,liturgy_pauline,,liturgy_pauline,current_public_or_local_reference,local repo snapshot of pierresaid Katameros API SQLite database
New Testament,2 Corinthians,6,2Cor 6:14-7:16,rid_cd4b07d61c72fe03322d,saturday-of-the-week-before-great-lent,Saturday of the week before Great Lent,Great Lent,Liturgy,,Pauline Epistle,current_public_or_local_reference,local cache covering 2020 to 2035
New Testament,2 Corinthians,6,2Cor 6:2-13,rid_bcf7241a0256294a9e42,great-lent-jonah-nineveh-cycle,Great Lent/Jonah/Nineveh cycle,Great Lent,liturgy_pauline,,liturgy_pauline,current_public_or_local_reference,local repo snapshot of pierresaid Katameros API SQLite database
New Testament,2 Corinthians,6,2Cor 6:2-13,rid_bcf7241a0256294a9e42,sunday-of-the-third-week-of-great-lent,Sunday of the third week of Great Lent,Great Lent,Liturgy,,Pauline Epistle,current_public_or_local_reference,local cache covering 2020 to 2035
New Testament,2 Corinthians,7,2Cor 7:2-11,rid_59d1345ff5c2bb208b61,great-lent-jonah-nineveh-cycle,Great Lent/Jonah/Nineveh cycle,Great Lent,liturgy_pauline,,liturgy_pauline,current_public_or_local_reference,local repo snapshot of pierresaid Katameros API SQLite database
New Testament,2 Corinthians,7,2Cor 7:2-11,rid_59d1345ff5c2bb208b61,saturday-of-the-third-week-of-great-lent,Saturday of the third week of Great Lent,Great Lent,Liturgy,,Pauline Epistle,current_public_or_local_reference,local cache covering 2020 to 2035
New Testament,2 Corinthians,9,2Cor 9:1-9,rid_efefada42961bbb54297,the-first-sunday-of-hator,The first Sunday of Hator,Annual / fixed or ordinary cycle,Liturgy,,Pauline Epistle,current_public_or_local_reference,local cache covering 2020 to 2035
New Testament,2 Corinthians,9,2Cor 9:1-9,rid_efefada42961bbb54297,hatur-01-01,"The Martyrdom of the Saints Maximus, Numitius, Victor (Boctor), and Philip (Philopus)",Annual / fixed or ordinary cycle,liturgy_pauline,,liturgy_pauline,current_public_or_local_reference,local repo snapshot of pierresaid Katameros API SQLite database
New Testament,2 Corinthians,9,2Cor 9:6-15,rid_cd5b5ae4bb2ed258aa56,great-lent-jonah-nineveh-cycle,Great Lent/Jonah/Nineveh cycle,Great Lent,liturgy_pauline,,liturgy_pauline,current_public_or_local_reference,local repo snapshot of pierresaid Katameros API SQLite database
New Testament,2 Corinthians,9,2Cor 9:6-15,rid_cd5b5ae4bb2ed258aa56,tuesday-of-the-second-week-of-great-lent,Tuesday of the second week of Great Lent,Great Lent,Liturgy,,Pauline Epistle,current_public_or_local_reference,local cache covering 2020 to 2035
New Testament,2 Peter,1,2Pet 1:1-11,rid_a9663d4cdcb66664ef33,abib-15-01,The Departure of St. Ephraem El-Soriani (The Syrian),Annual / fixed or ordinary cycle,Liturgy,,Catholic Epistle,current_public_or_local_reference,local cache covering 2020 to 2035
New Testament,2 Peter,1,2Pet 1:1-11,rid_a9663d4cdcb66664ef33,abib-15-01,The Departure of St. Ephraem El-Soriani (The Syrian),Annual / fixed or ordinary cycle,liturgy_catholic,,liturgy_catholic,current_public_or_local_reference,local repo snapshot of pierresaid Katameros API SQLite database
New Testament,2 Peter,1,2Pet 1:1-11,rid_a9663d4cdcb66664ef33,amshir-30-01,The Appearance of the Head of St. John the Baptist,Annual / fixed or ordinary cycle,liturgy_catholic,,liturgy_catholic,current_public_or_local_reference,local repo snapshot of pierresaid Katameros API SQLite database
New Testament,2 Peter,1,2Pet 1:1-11,rid_a9663d4cdcb66664ef33,amshir-09-01,"The Departure of St. Barsauma, the Father of the Syrian Monks",Annual / fixed or ordinary cycle,Liturgy,,Catholic Epistle,current_public_or_local_reference,local cache covering 2020 to 2035
New Testament,2 Peter,1,2Pet 1:1-11,rid_a9663d4cdcb66664ef33,amshir-09-01,"The Departure of St. Barsauma, the Father of the Syrian Monks",Annual / fixed or ordinary cycle,liturgy_catholic,,liturgy_catholic,current_public_or_local_reference,local repo snapshot of pierresaid Katameros API SQLite database
New Testament,2 Peter,1,2Pet 1:1-11,rid_a9663d4cdcb66664ef33,bashans-14-01,"The Departure of St. Pachomius (Pakhom), the Father of the Spiritual Communal Monastic life (Cenobitic life)",Annual / fixed or ordinary cycle,liturgy_catholic,,liturgy_catholic,current_public_or_local_reference,local repo snapshot of pierresaid Katameros API SQLite database
New Testament,2 Peter,1,2Pet 1:1-11,rid_a9663d4cdcb66664ef33,bashans-02-01,The Departure of the righteous Job,Annual / fixed or ordinary cycle,liturgy_catholic,,liturgy_catholic,current_public_or_local_reference,local repo snapshot of pierresaid Katameros API SQLite database
New Testament,2 Peter,1,2Pet 1:1-11,rid_a9663d4cdcb66664ef33,bashans-21-01,The Commemoration of the Holy and Pure Virgin Mary,Annual / fixed or ordinary cycle,liturgy_catholic,,liturgy_catholic,current_public_or_local_reference,local repo snapshot of pierresaid Katameros API SQLite database
New Testament,2 Peter,1,2Pet 1:1-11,rid_a9663d4cdcb66664ef33,bashans-29-01,The Departure Of St. Simon the Stylite,Annual / fixed or ordinary cycle,liturgy_catholic,,liturgy_catholic,current_public_or_local_reference,local repo snapshot of pierresaid Katameros API SQLite database
New Testament,2 Peter,1,2Pet 1:1-11,rid_a9663d4cdcb66664ef33,bashons-21,Bashons 21,Annual / fixed or ordinary cycle,Liturgy,,Catholic Epistle,current_public_or_local_reference,local cache covering 2020 to 2035
New Testament,2 Peter,1,2Pet 1:1-11,rid_a9663d4cdcb66664ef33,bashons-29,Bashons 29,Annual / fixed or ordinary cycle,Liturgy,,Catholic Epistle,current_public_or_local_reference,local cache covering 2020 to 2035
New Testament,2 Peter,1,2Pet 1:1-11,rid_a9663d4cdcb66664ef33,baunah-24-01,The Martyrdom of the Great Saint Anba Moses the Black,Annual / fixed or ordinary cycle,liturgy_catholic,,liturgy_catholic,current_public_or_local_reference,local repo snapshot of pierresaid Katameros API SQLite database
New Testament,2 Peter,1,2Pet 1:1-11,rid_a9663d4cdcb66664ef33,great-lent,Great Lent,Great Lent,Liturgy,,Catholic Epistle,current_public_or_local_reference,local cache covering 2020 to 2035
New Testament,2 Peter,1,2Pet 1:1-11,rid_a9663d4cdcb66664ef33,great-lent-jonah-nineveh-cycle,Great Lent/Jonah/Nineveh cycle,Great Lent,liturgy_catholic,,liturgy_catholic,current_public_or_local_reference,local repo snapshot of pierresaid Katameros API SQLite database
New Testament,2 Peter,1,2Pet 1:1-11,rid_a9663d4cdcb66664ef33,kiak-17,Kiak 17,Annual / fixed or ordinary cycle,Liturgy,,Catholic Epistle,current_public_or_local_reference,local cache covering 2020 to 2035
New Testament,2 Peter,1,2Pet 1:1-11,rid_a9663d4cdcb66664ef33,kiyahk-17-01,The Commemoration of the Departure of St. Luke the Stylite and the Relocation of His Holy Relics,Annual / fixed or ordinary cycle,liturgy_catholic,,liturgy_catholic,current_public_or_local_reference,local repo snapshot of pierresaid Katameros API SQLite database
New Testament,2 Peter,1,2Pet 1:1-11,rid_a9663d4cdcb66664ef33,mesra-03-01,The Relocation of the Body of St. Simon (Simeon) the Stylite to the city of Antioch,Annual / fixed or ordinary cycle,Liturgy,,Catholic Epistle,current_public_or_local_reference,local cache covering 2020 to 2035
New Testament,2 Peter,1,2Pet 1:1-11,rid_a9663d4cdcb66664ef33,mesra-03-01,The Relocation of the Body of St. Simon (Simeon) the Stylite to the city of Antioch,Annual / fixed or ordinary cycle,liturgy_catholic,,liturgy_catholic,current_public_or_local_reference,local repo snapshot of pierresaid Katameros API SQLite database
New Testament,2 Peter,1,2Pet 1:1-11,rid_a9663d4cdcb66664ef33,baunah-24-01,The Martyrdom of the Great Saint Anba Moses the Black,Annual / fixed or ordinary cycle,Liturgy,,Catholic Epistle,current_public_or_local_reference,local cache covering 2020 to 2035
New Testament,2 Peter,1,2Pet 1:1-11,rid_a9663d4cdcb66664ef33,sunday-of-the-week-before-great-lent,Sunday of the week before Great Lent,Great Lent,Liturgy,,Catholic Epistle,current_public_or_local_reference,local cache covering 2020 to 2035
New Testament,2 Peter,1,2Pet 1:1-18,rid_0fef8960a0efb6087192,the-fourth-sunday-of-hator,The fourth Sunday of Hator,Annual / fixed or ordinary cycle,Liturgy,,Catholic Epistle,current_public_or_local_reference,local cache covering 2020 to 2035
New Testament,2 Peter,1,2Pet 1:1-8,rid_f05ee0402ce1b067a91d,hatur-04-01,"The Martyrdom of Saints John and James, Bishops of Persia",Annual / fixed or ordinary cycle,liturgy_catholic,,liturgy_catholic,current_public_or_local_reference,local repo snapshot of pierresaid Katameros API SQLite database
New Testament,2 Peter,1,2Pet 1:1-9,rid_dd32ea510774bf68b03f,the-second-sunday-of-paona,The second Sunday of Paona,Annual / fixed or ordinary cycle,Liturgy,,Catholic Epistle,current_public_or_local_reference,local cache covering 2020 to 2035
New Testament,2 Peter,1,2Pet 1:12-17,rid_f70a01300f4e99f721ef,christmas,Christmas,Annual / fixed or ordinary cycle,Liturgy,,Catholic Epistle,current_public_or_local_reference,local cache covering 2020 to 2035
New Testament,2 Peter,1,2Pet 1:12-17,rid_f70a01300f4e99f721ef,kiyahk-29-01,The Feast of the Nativity of Our Lord Jesus Christ (Christmas),Annual / fixed or ordinary cycle,liturgy_catholic,,liturgy_catholic,current_public_or_local_reference,local repo snapshot of pierresaid Katameros API SQLite database
New Testament,2 Peter,1,2Pet 1:12-19,rid_7acf7d10147f7c1c9152,epiphany-paramoune,Epiphany Paramoune,Annual / fixed or ordinary cycle,Liturgy,,Catholic Epistle,current_public_or_local_reference,local cache covering 2020 to 2035
New Testament,2 Peter,1,2Pet 1:12-19,rid_7acf7d10147f7c1c9152,tubah-10-01,Paramouni of Holy Theophany (Epiphany),Annual / fixed or ordinary cycle,liturgy_catholic,,liturgy_catholic,current_public_or_local_reference,local repo snapshot of pierresaid Katameros API SQLite database
New Testament,2 Peter,1,2Pet 1:12-21,rid_d8d60b6e5ea1020ec7dc,abib-18-01,"The Martyrdom of St. James the Apostle, Bishop of Jerusalem",Annual / fixed or ordinary cycle,Liturgy,,Catholic Epistle,current_public_or_local_reference,local cache covering 2020 to 2035
New Testament,2 Peter,1,2Pet 1:12-21,rid_d8d60b6e5ea1020ec7dc,abib-18-01,"The Martyrdom of St. James the Apostle, Bishop of Jerusalem",Annual / fixed or ordinary cycle,liturgy_catholic,,liturgy_catholic,current_public_or_local_reference,local repo snapshot of pierresaid Katameros API SQLite database
New Testament,2 Peter,1,2Pet 1:12-21,rid_d8d60b6e5ea1020ec7dc,abib-29-01,"The Commemoration of the Translocation of the Relics of St. Andrew, the Apostle",Annual / fixed or ordinary cycle,Liturgy,,Catholic Epistle,current_public_or_local_reference,local cache covering 2020 to 2035
New Testament,2 Peter,1,2Pet 1:12-21,rid_d8d60b6e5ea1020ec7dc,abib-29-01,"The Commemoration of the Translocation of the Relics of St. Andrew, the Apostle",Annual / fixed or ordinary cycle,liturgy_catholic,,liturgy_catholic,current_public_or_local_reference,local repo snapshot of pierresaid Katameros API SQLite database
New Testament,2 Peter,1,2Pet 1:12-21,rid_d8d60b6e5ea1020ec7dc,abib-05-01,"The Martyrdom of Sts. Peter and Paul, the Apostles",Annual / fixed or ordinary cycle,liturgy_catholic,,liturgy_catholic,current_public_or_local_reference,local repo snapshot of pierresaid Katameros API SQLite database
New Testament,2 Peter,1,2Pet 1:12-21,rid_d8d60b6e5ea1020ec7dc,abib-05-01,"The Martyrdom of Sts. Peter and Paul, the Apostles",Annual / fixed or ordinary cycle,Liturgy,,Catholic Epistle,current_public_or_local_reference,local cache covering 2020 to 2035
New Testament,2 Peter,1,2Pet 1:12-21,rid_d8d60b6e5ea1020ec7dc,amshir-10-01,"The Martyrdom of St. James the Apostle, Son of Alphaeus",Annual / fixed or ordinary cycle,Liturgy,,Catholic Epistle,current_public_or_local_reference,local cache covering 2020 to 2035
New Testament,2 Peter,1,2Pet 1:12-21,rid_d8d60b6e5ea1020ec7dc,amshir-10-01,"The Martyrdom of St. James the Apostle, Son of Alphaeus",Annual / fixed or ordinary cycle,liturgy_catholic,,liturgy_catholic,current_public_or_local_reference,local repo snapshot of pierresaid Katameros API SQLite database
New Testament,2 Peter,1,2Pet 1:12-21,rid_d8d60b6e5ea1020ec7dc,amshir-21-01,The Commemoration of the Virgin St. Mary,Annual / fixed or ordinary cycle,Liturgy,,Catholic Epistle,current_public_or_local_reference,local cache covering 2020 to 2035
New Testament,2 Peter,1,2Pet 1:12-21,rid_d8d60b6e5ea1020ec7dc,amshir-21-01,The Commemoration of the Virgin St. Mary,Annual / fixed or ordinary cycle,liturgy_catholic,,liturgy_catholic,current_public_or_local_reference,local repo snapshot of pierresaid Katameros API SQLite database
New Testament,2 Peter,1,2Pet 1:12-21,rid_d8d60b6e5ea1020ec7dc,amshir-08-01,The Feast of Presenting the Lord Christ in the Temple,Annual / fixed or ordinary cycle,liturgy_catholic,,liturgy_catholic,current_public_or_local_reference,local repo snapshot of pierresaid Katameros API SQLite database
New Testament,2 Peter,1,2Pet 1:12-21,rid_d8d60b6e5ea1020ec7dc,baramhat-21-01,The Commemoration of the Theotokos and Ever-Virgin St. Mary,Annual / fixed or ordinary cycle,liturgy_catholic,,liturgy_catholic,current_public_or_local_reference,local repo snapshot of pierresaid Katameros API SQLite database
New Testament,2 Peter,1,2Pet 1:12-21,rid_d8d60b6e5ea1020ec7dc,baramhat-08-01,"The Martyrdom of St. Matthias, the apostle",Annual / fixed or ordinary cycle,liturgy_catholic,,liturgy_catholic,current_public_or_local_reference,local repo snapshot of pierresaid Katameros API SQLite database
New Testament,2 Peter,1,2Pet 1:12-21,rid_d8d60b6e5ea1020ec7dc,barmuda-17,Barmuda 17,Annual / fixed or ordinary cycle,liturgy_catholic,,liturgy_catholic,current_public_or_local_reference,local repo snapshot of pierresaid Katameros API SQLite database
New Testament,2 Peter,1,2Pet 1:12-21,rid_d8d60b6e5ea1020ec7dc,bashans-26-01,"The Martyrdom Of St. Thomas, the Apostle",Annual / fixed or ordinary cycle,liturgy_catholic,,liturgy_catholic,current_public_or_local_reference,local repo snapshot of pierresaid Katameros API SQLite database
New Testament,2 Peter,1,2Pet 1:12-21,rid_d8d60b6e5ea1020ec7dc,bashons-26,Bashons 26,Annual / fixed or ordinary cycle,Liturgy,,Catholic Epistle,current_public_or_local_reference,local cache covering 2020 to 2035
New Testament,2 Peter,1,2Pet 1:12-21,rid_d8d60b6e5ea1020ec7dc,circumcision-of-our-lord,Circumcision of our Lord,Annual / fixed or ordinary cycle,Liturgy,,Catholic Epistle,current_public_or_local_reference,local cache covering 2020 to 2035
New Testament,2 Peter,1,2Pet 1:12-21,rid_d8d60b6e5ea1020ec7dc,entrance-into-the-temple,Entrance into the Temple,Annual / fixed or ordinary cycle,Liturgy,,Catholic Epistle,current_public_or_local_reference,local cache covering 2020 to 2035
New Testament,2 Peter,1,2Pet 1:12-21,rid_d8d60b6e5ea1020ec7dc,great-lent,Great Lent,Great Lent,Liturgy,,Catholic Epistle,current_public_or_local_reference,local cache covering 2020 to 2035
New Testament,2 Peter,1,2Pet 1:12-21,rid_d8d60b6e5ea1020ec7dc,hator-18,Hator 18,Annual / fixed or ordinary cycle,Liturgy,,Catholic Epistle,current_public_or_local_reference,local cache covering 2020 to 2035
New Testament,2 Peter,1,2Pet 1:19-21,rid_6888c5d780ea42c035e4,amshir-26-01,"The Departure of St. Hosea, the Prophet",Annual / fixed or ordinary cycle,liturgy_catholic,,liturgy_catholic,current_public_or_local_reference,local repo snapshot of pierresaid Katameros API SQLite database
New Testament,2 Peter,1,2Pet 1:19-21,rid_6888c5d780ea42c035e4,babah-21-01,The Commemoration of the Theotokos,Annual / fixed or ordinary cycle,liturgy_catholic,,liturgy_catholic,current_public_or_local_reference,local repo snapshot of pierresaid Katameros API SQLite database
New Testament,2 Peter,1,2Pet 1:19-21,rid_6888c5d780ea42c035e4,baramhat-23-01,The Departure of the Great Prophet Daniel,Annual / fixed or ordinary cycle,liturgy_catholic,,liturgy_catholic,current_public_or_local_reference,local repo snapshot of pierresaid Katameros API SQLite database
New Testament,2 Peter,1,2Pet 1:19-21,rid_6888c5d780ea42c035e4,barmuda-5,Barmuda 5,Annual / fixed or ordinary cycle,liturgy_catholic,,liturgy_catholic,current_public_or_local_reference,local repo snapshot of pierresaid Katameros API SQLite database
New Testament,2 Peter,1,2Pet 1:19-21,rid_6888c5d780ea42c035e4,barmuda-7,Barmuda 7,Annual / fixed or ordinary cycle,liturgy_catholic,,liturgy_catholic,current_public_or_local_reference,local repo snapshot of pierresaid Katameros API SQLite database
New Testament,2 Peter,1,2Pet 1:19-21,rid_6888c5d780ea42c035e4,bashans-05-01,The Martyrdom of St. Jeremiah the Prophet,Annual / fixed or ordinary cycle,liturgy_catholic,,liturgy_catholic,current_public_or_local_reference,local repo snapshot of pierresaid Katameros API SQLite database
New Testament,2 Peter,1,2Pet 1:19-21,rid_6888c5d780ea42c035e4,baunah-20-01,"The Departure of Elisha, the Prophet",Annual / fixed or ordinary cycle,liturgy_catholic,,liturgy_catholic,current_public_or_local_reference,local repo snapshot of pierresaid Katameros API SQLite database
New Testament,2 Peter,1,2Pet 1:19-21,rid_6888c5d780ea42c035e4,baunah-26-01,The Departure of the Great Prophet Joshua Son of Nun,Annual / fixed or ordinary cycle,liturgy_catholic,,liturgy_catholic,current_public_or_local_reference,local repo snapshot of pierresaid Katameros API SQLite database
New Testament,2 Peter,1,2Pet 1:19-21,rid_6888c5d780ea42c035e4,baunah-09-01,The Departure of Samuel the Prophet,Annual / fixed or ordinary cycle,liturgy_catholic,,liturgy_catholic,current_public_or_local_reference,local repo snapshot of pierresaid Katameros API SQLite database
New Testament,2 Peter,1,2Pet 1:19-21,rid_6888c5d780ea42c035e4,kiyahk-20-01,The Departure of the Upright Haggai the Prophet,Annual / fixed or ordinary cycle,liturgy_catholic,,liturgy_catholic,current_public_or_local_reference,local repo snapshot of pierresaid Katameros API SQLite database
New Testament,2 Peter,1,2Pet 1:19-21,rid_6888c5d780ea42c035e4,kiyahk-05-01,"The Departure of Nahum, the Prophet",Annual / fixed or ordinary cycle,liturgy_catholic,,liturgy_catholic,current_public_or_local_reference,local repo snapshot of pierresaid Katameros API SQLite database
New Testament,2 Peter,1,2Pet 1:19-21,rid_6888c5d780ea42c035e4,mesra-22-01,"The Departure of Micah, the Prophet",Annual / fixed or ordinary cycle,liturgy_catholic,,liturgy_catholic,current_public_or_local_reference,local repo snapshot of pierresaid Katameros API SQLite database
New Testament,2 Peter,1,2Pet 1:19-21,rid_6888c5d780ea42c035e4,mesra-30-01,"The Departure of St. Malachi, the Prophet",Annual / fixed or ordinary cycle,liturgy_catholic,,liturgy_catholic,current_public_or_local_reference,local repo snapshot of pierresaid Katameros API SQLite database
New Testament,2 Peter,1,2Pet 1:19-21,rid_6888c5d780ea42c035e4,mesra-04-01,The Departure of Hezekiah the King,Annual / fixed or ordinary cycle,liturgy_catholic,,liturgy_catholic,current_public_or_local_reference,local repo snapshot of pierresaid Katameros API SQLite database
New Testament,2 Peter,1,2Pet 1:19-21,rid_6888c5d780ea42c035e4,tubah-15-01,"The Departure of Obadiah, the Prophet",Annual / fixed or ordinary cycle,liturgy_catholic,,liturgy_catholic,current_public_or_local_reference,local repo snapshot of pierresaid Katameros API SQLite database
New Testament,2 Peter,1,2Pet 1:19-21,rid_6888c5d780ea42c035e4,tut-25-01,"The Departure of Jonah, the Great Prophet",Annual / fixed or ordinary cycle,liturgy_catholic,,liturgy_catholic,current_public_or_local_reference,local repo snapshot of pierresaid Katameros API SQLite database
New Testament,2 Peter,1,2Pet 1:19-21,rid_6888c5d780ea42c035e4,tut-04-01,"The Departure of St. Macarius, 69th Pope of Alexandria",Annual / fixed or ordinary cycle,liturgy_catholic,,liturgy_catholic,current_public_or_local_reference,local repo snapshot of pierresaid Katameros API SQLite database
New Testament,2 Peter,1,2Pet 1:19-21,rid_6888c5d780ea42c035e4,tut-06-01,The Departure of Isaiah the Prophet,Annual / fixed or ordinary cycle,liturgy_catholic,,liturgy_catholic,current_public_or_local_reference,local repo snapshot of pierresaid Katameros API SQLite database
New Testament,2 Peter,1,2Pet 1:19-21,rid_6888c5d780ea42c035e4,tut-08-01,The Martyrdom of Zacharias the Prophet,Annual / fixed or ordinary cycle,liturgy_catholic,,liturgy_catholic,current_public_or_local_reference,local repo snapshot of pierresaid Katameros API SQLite database
New Testament,2 Peter,1,2Pet 1:19-21,rid_6888c5d780ea42c035e4,baunah-03-01,The Construction of the first church of St. George in the cities of Birma and Beer Maa (Water Well) in the Oases,Annual / fixed or ordinary cycle,liturgy_catholic,,liturgy_catholic,current_public_or_local_reference,local repo snapshot of pierresaid Katameros API SQLite database
New Testament,2 Peter,1,2Pet 1:19-2:8,rid_23519e50b5b0528b2c6c,abib-26,Abib 26,Annual / fixed or ordinary cycle,Liturgy,,Catholic Epistle,current_public_or_local_reference,local cache covering 2020 to 2035
New Testament,2 Peter,1,2Pet 1:19-2:8,rid_23519e50b5b0528b2c6c,amshir-26,Amshir 26,Annual / fixed or ordinary cycle,Liturgy,,Catholic Epistle,current_public_or_local_reference,local cache covering 2020 to 2035
New Testament,2 Peter,1,2Pet 1:19-2:8,rid_23519e50b5b0528b2c6c,baba-21,Baba 21,Annual / fixed or ordinary cycle,Liturgy,,Catholic Epistle,current_public_or_local_reference,local cache covering 2020 to 2035
New Testament,2 Peter,1,2Pet 1:19-2:8,rid_23519e50b5b0528b2c6c,great-lent,Great Lent,Great Lent,Liturgy,,Catholic Epistle,current_public_or_local_reference,local cache covering 2020 to 2035
New Testament,2 Peter,1,2Pet 1:19-2:8,rid_23519e50b5b0528b2c6c,kiak-20,Kiak 20,Annual / fixed or ordinary cycle,Liturgy,,Catholic Epistle,current_public_or_local_reference,local cache covering 2020 to 2035
New Testament,2 Peter,1,2Pet 1:19-2:8,rid_23519e50b5b0528b2c6c,kiak-23,Kiak 23,Annual / fixed or ordinary cycle,Liturgy,,Catholic Epistle,current_public_or_local_reference,local cache covering 2020 to 2035
New Testament,2 Peter,1,2Pet 1:19-2:8,rid_23519e50b5b0528b2c6c,kiak-5,Kiak 5,Annual / fixed or ordinary cycle,Liturgy,,Catholic Epistle,current_public_or_local_reference,local cache covering 2020 to 2035
New Testament,2 Peter,1,2Pet 1:19-2:8,rid_23519e50b5b0528b2c6c,mesra-22,Mesra 22,Annual / fixed or ordinary cycle,Liturgy,,Catholic Epistle,current_public_or_local_reference,local cache covering 2020 to 2035
New Testament,2 Peter,1,2Pet 1:19-2:8,rid_23519e50b5b0528b2c6c,mesra-4,Mesra 4,Annual / fixed or ordinary cycle,Liturgy,,Catholic Epistle,current_public_or_local_reference,local cache covering 2020 to 2035
New Testament,2 Peter,1,2Pet 1:19-2:8,rid_23519e50b5b0528b2c6c,paona-20,Paona 20,Annual / fixed or ordinary cycle,Liturgy,,Catholic Epistle,current_public_or_local_reference,local cache covering 2020 to 2035
New Testament,2 Peter,1,2Pet 1:19-2:8,rid_23519e50b5b0528b2c6c,paona-26,Paona 26,Annual / fixed or ordinary cycle,Liturgy,,Catholic Epistle,current_public_or_local_reference,local cache covering 2020 to 2035
New Testament,2 Peter,1,2Pet 1:19-2:8,rid_23519e50b5b0528b2c6c,paona-9,Paona 9,Annual / fixed or ordinary cycle,Liturgy,,Catholic Epistle,current_public_or_local_reference,local cache covering 2020 to 2035
New Testament,2 Peter,1,2Pet 1:19-2:8,rid_23519e50b5b0528b2c6c,toba-15,Toba 15,Annual / fixed or ordinary cycle,Liturgy,,Catholic Epistle,current_public_or_local_reference,local cache covering 2020 to 2035
New Testament,2 Peter,1,2Pet 1:19-2:8,rid_23519e50b5b0528b2c6c,tout-25,Tout 25,Annual / fixed or ordinary cycle,Liturgy,,Catholic Epistle,current_public_or_local_reference,local cache covering 2020 to 2035
New Testament,2 Peter,1,2Pet 1:19-2:8,rid_23519e50b5b0528b2c6c,tout-4,Tout 4,Annual / fixed or ordinary cycle,Liturgy,,Catholic Epistle,current_public_or_local_reference,local cache covering 2020 to 2035
New Testament,2 Peter,1,2Pet 1:19-2:8,rid_23519e50b5b0528b2c6c,tout-6,Tout 6,Annual / fixed or ordinary cycle,Liturgy,,Catholic Epistle,current_public_or_local_reference,local cache covering 2020 to 2035
New Testament,2 Peter,1,2Pet 1:19-2:8,rid_23519e50b5b0528b2c6c,tout-8,Tout 8,Annual / fixed or ordinary cycle,Liturgy,,Catholic Epistle,current_public_or_local_reference,local cache covering 2020 to 2035
New Testament,2 Peter,1,2Pet 1:19-2:9,rid_97c3cb4c4008ee0d476b,the-third-sunday-of-paona,The third Sunday of Paona,Annual / fixed or ordinary cycle,Liturgy,,Catholic Epistle,current_public_or_local_reference,local cache covering 2020 to 2035
New Testament,2 Peter,1,2Pet 1:20-21,rid_9d1b6700d4ba95e0849f,great-lent-jonah-nineveh-cycle,Great Lent/Jonah/Nineveh cycle,Great Lent,liturgy_catholic,,liturgy_catholic,current_public_or_local_reference,local repo snapshot of pierresaid Katameros API SQLite database
New Testament,2 Peter,1,2Pet 1:20-2:6,rid_3c2c1e3124d091c36809,wednesday-of-the-sixth-week-of-great-lent,Wednesday of the sixth week of Great Lent,Great Lent,Liturgy,,Catholic Epistle,current_public_or_local_reference,local cache covering 2020 to 2035
New Testament,2 Peter,1,2Pet 1:4-11,rid_3a37184c080d1d0ac0c8,great-lent-jonah-nineveh-cycle,Great Lent/Jonah/Nineveh cycle,Great Lent,liturgy_catholic,,liturgy_catholic,current_public_or_local_reference,local repo snapshot of pierresaid Katameros API SQLite database
New Testament,2 Peter,1,2Pet 1:4-11,rid_3a37184c080d1d0ac0c8,wednesday-of-the-first-week-of-great-lent,Wednesday of the first week of Great Lent,Great Lent,Liturgy,,Catholic Epistle,current_public_or_local_reference,local cache covering 2020 to 2035
New Testament,2 Peter,2,2Pet 2:1-10,rid_ee350a7e87359d95ea89,tout-16,Tout 16,Annual / fixed or ordinary cycle,Liturgy,,Catholic Epistle,current_public_or_local_reference,local cache covering 2020 to 2035
New Testament,2 Peter,2,2Pet 2:1-3,rid_8ab71a40e114a74ed56b,mesra-30-01,"The Departure of St. Malachi, the Prophet",Annual / fixed or ordinary cycle,liturgy_catholic,,liturgy_catholic,current_public_or_local_reference,local repo snapshot of pierresaid Katameros API SQLite database
New Testament,2 Peter,2,2Pet 2:1-6,rid_6d7f911b76ec9151af5c,great-lent-jonah-nineveh-cycle,Great Lent/Jonah/Nineveh cycle,Great Lent,liturgy_catholic,,liturgy_catholic,current_public_or_local_reference,local repo snapshot of pierresaid Katameros API SQLite database
New Testament,2 Peter,2,2Pet 2:1-8,rid_fa7da2e5db1139d1ff76,amshir-26-01,"The Departure of St. Hosea, the Prophet",Annual / fixed or ordinary cycle,liturgy_catholic,,liturgy_catholic,current_public_or_local_reference,local repo snapshot of pierresaid Katameros API SQLite database
New Testament,2 Peter,2,2Pet 2:1-8,rid_fa7da2e5db1139d1ff76,babah-21-01,The Commemoration of the Theotokos,Annual / fixed or ordinary cycle,liturgy_catholic,,liturgy_catholic,current_public_or_local_reference,local repo snapshot of pierresaid Katameros API SQLite database
New Testament,2 Peter,2,2Pet 2:1-8,rid_fa7da2e5db1139d1ff76,baramhat-23-01,The Departure of the Great Prophet Daniel,Annual / fixed or ordinary cycle,liturgy_catholic,,liturgy_catholic,current_public_or_local_reference,local repo snapshot of pierresaid Katameros API SQLite database
New Testament,2 Peter,2,2Pet 2:1-8,rid_fa7da2e5db1139d1ff76,barmuda-5,Barmuda 5,Annual / fixed or ordinary cycle,liturgy_catholic,,liturgy_catholic,current_public_or_local_reference,local repo snapshot of pierresaid Katameros API SQLite database
New Testament,2 Peter,2,2Pet 2:1-8,rid_fa7da2e5db1139d1ff76,barmuda-7,Barmuda 7,Annual / fixed or ordinary cycle,liturgy_catholic,,liturgy_catholic,current_public_or_local_reference,local repo snapshot of pierresaid Katameros API SQLite database
New Testament,2 Peter,2,2Pet 2:1-8,rid_fa7da2e5db1139d1ff76,bashans-05-01,The Martyrdom of St. Jeremiah the Prophet,Annual / fixed or ordinary cycle,liturgy_catholic,,liturgy_catholic,current_public_or_local_reference,local repo snapshot of pierresaid Katameros API SQLite database
New Testament,2 Peter,2,2Pet 2:1-8,rid_fa7da2e5db1139d1ff76,baunah-20-01,"The Departure of Elisha, the Prophet",Annual / fixed or ordinary cycle,liturgy_catholic,,liturgy_catholic,current_public_or_local_reference,local repo snapshot of pierresaid Katameros API SQLite database
New Testament,2 Peter,2,2Pet 2:1-8,rid_fa7da2e5db1139d1ff76,baunah-26-01,The Departure of the Great Prophet Joshua Son of Nun,Annual / fixed or ordinary cycle,liturgy_catholic,,liturgy_catholic,current_public_or_local_reference,local repo snapshot of pierresaid Katameros API SQLite database
New Testament,2 Peter,2,2Pet 2:1-8,rid_fa7da2e5db1139d1ff76,baunah-09-01,The Departure of Samuel the Prophet,Annual / fixed or ordinary cycle,liturgy_catholic,,liturgy_catholic,current_public_or_local_reference,local repo snapshot of pierresaid Katameros API SQLite database
New Testament,2 Peter,2,2Pet 2:1-8,rid_fa7da2e5db1139d1ff76,kiyahk-20-01,The Departure of the Upright Haggai the Prophet,Annual / fixed or ordinary cycle,liturgy_catholic,,liturgy_catholic,current_public_or_local_reference,local repo snapshot of pierresaid Katameros API SQLite database
New Testament,2 Peter,2,2Pet 2:1-8,rid_fa7da2e5db1139d1ff76,kiyahk-05-01,"The Departure of Nahum, the Prophet",Annual / fixed or ordinary cycle,liturgy_catholic,,liturgy_catholic,current_public_or_local_reference,local repo snapshot of pierresaid Katameros API SQLite database
New Testament,2 Peter,2,2Pet 2:1-8,rid_fa7da2e5db1139d1ff76,mesra-22-01,"The Departure of Micah, the Prophet",Annual / fixed or ordinary cycle,liturgy_catholic,,liturgy_catholic,current_public_or_local_reference,local repo snapshot of pierresaid Katameros API SQLite database
New Testament,2 Peter,2,2Pet 2:1-8,rid_fa7da2e5db1139d1ff76,mesra-04-01,The Departure of Hezekiah the King,Annual / fixed or ordinary cycle,liturgy_catholic,,liturgy_catholic,current_public_or_local_reference,local repo snapshot of pierresaid Katameros API SQLite database
New Testament,2 Peter,2,2Pet 2:1-8,rid_fa7da2e5db1139d1ff76,tubah-15-01,"The Departure of Obadiah, the Prophet",Annual / fixed or ordinary cycle,liturgy_catholic,,liturgy_catholic,current_public_or_local_reference,local repo snapshot of pierresaid Katameros API SQLite database
New Testament,2 Peter,2,2Pet 2:1-8,rid_fa7da2e5db1139d1ff76,tut-25-01,"The Departure of Jonah, the Great Prophet",Annual / fixed or ordinary cycle,liturgy_catholic,,liturgy_catholic,current_public_or_local_reference,local repo snapshot of pierresaid Katameros API SQLite database
New Testament,2 Peter,2,2Pet 2:1-8,rid_fa7da2e5db1139d1ff76,tut-04-01,"The Departure of St. Macarius, 69th Pope of Alexandria",Annual / fixed or ordinary cycle,liturgy_catholic,,liturgy_catholic,current_public_or_local_reference,local repo snapshot of pierresaid Katameros API SQLite database
New Testament,2 Peter,2,2Pet 2:1-8,rid_fa7da2e5db1139d1ff76,tut-06-01,The Departure of Isaiah the Prophet,Annual / fixed or ordinary cycle,liturgy_catholic,,liturgy_catholic,current_public_or_local_reference,local repo snapshot of pierresaid Katameros API SQLite database
New Testament,2 Peter,2,2Pet 2:1-8,rid_fa7da2e5db1139d1ff76,tut-08-01,The Martyrdom of Zacharias the Prophet,Annual / fixed or ordinary cycle,liturgy_catholic,,liturgy_catholic,current_public_or_local_reference,local repo snapshot of pierresaid Katameros API SQLite database
New Testament,2 Peter,2,2Pet 2:1-9,rid_60ab7832e034b37aca0f,baunah-03-01,The Construction of the first church of St. George in the cities of Birma and Beer Maa (Water Well) in the Oases,Annual / fixed or ordinary cycle,liturgy_catholic,,liturgy_catholic,current_public_or_local_reference,local repo snapshot of pierresaid Katameros API SQLite database
New Testament,2 Peter,2,2Pet 2:2-8,rid_e177e84d7d81a1ada060,great-lent-jonah-nineveh-cycle,Great Lent/Jonah/Nineveh cycle,Great Lent,liturgy_catholic,,liturgy_catholic,current_public_or_local_reference,local repo snapshot of pierresaid Katameros API SQLite database
New Testament,2 Peter,2,2Pet 2:2-8,rid_e177e84d7d81a1ada060,tuesday-of-the-fourth-week-of-great-lent,Tuesday of the fourth week of Great Lent,Great Lent,Liturgy,,Catholic Epistle,current_public_or_local_reference,local cache covering 2020 to 2035
New Testament,2 Peter,2,2Pet 2:9-15,rid_eff7189961e48dd08ef1,great-lent-jonah-nineveh-cycle,Great Lent/Jonah/Nineveh cycle,Great Lent,liturgy_catholic,,liturgy_catholic,current_public_or_local_reference,local repo snapshot of pierresaid Katameros API SQLite database
New Testament,2 Peter,2,2Pet 2:9-15,rid_eff7189961e48dd08ef1,wednesday-of-the-third-week-of-great-lent,Wednesday of the third week of Great Lent,Great Lent,Liturgy,,Catholic Epistle,current_public_or_local_reference,local cache covering 2020 to 2035
New Testament,2 Peter,3,2Pet 3:1-18,rid_c558fc6c0ec8cec22ea4,great-lent-jonah-nineveh-cycle,Great Lent/Jonah/Nineveh cycle,Great Lent,liturgy_catholic,,liturgy_catholic,current_public_or_local_reference,local repo snapshot of pierresaid Katameros API SQLite database
New Testament,2 Peter,3,2Pet 3:1-18,rid_c558fc6c0ec8cec22ea4,sunday-of-the-fifth-week-of-great-lent,Sunday of the fifth week of Great Lent,Great Lent,Liturgy,,Catholic Epistle,current_public_or_local_reference,local cache covering 2020 to 2035
New Testament,2 Peter,3,2Pet 3:1-18,rid_c558fc6c0ec8cec22ea4,the-first-sunday-of-nasie,The first Sunday of Nasie,Annual / fixed or ordinary cycle,Liturgy,,Catholic Epistle,current_public_or_local_reference,local cache covering 2020 to 2035
New Testament,2 Peter,3,2Pet 3:1-18,rid_c558fc6c0ec8cec22ea4,al-nasi-01-01,The Departure of St. Eutychus,Annual / fixed or ordinary cycle,liturgy_catholic,,liturgy_catholic,current_public_or_local_reference,local repo snapshot of pierresaid Katameros API SQLite database
New Testament,2 Peter,3,2Pet 3:14-18,rid_972b743c707bdcfa55fa,the-first-sunday-of-amshir,The first Sunday of Amshir,Annual / fixed or ordinary cycle,Liturgy,,Catholic Epistle,current_public_or_local_reference,local cache covering 2020 to 2035
New Testament,2 Peter,3,2Pet 3:14-18,rid_972b743c707bdcfa55fa,the-first-sunday-of-hator,The first Sunday of Hator,Annual / fixed or ordinary cycle,Liturgy,,Catholic Epistle,current_public_or_local_reference,local cache covering 2020 to 2035
New Testament,2 Peter,3,2Pet 3:14-18,rid_972b743c707bdcfa55fa,amshir-01-01,"On this day of the year 381 A.D., one hundred and fifty fathers assembled upon the order of Emperor Theodosius the Great, in the city of Constantinople",Annual / fixed or ordinary cycle,liturgy_catholic,,liturgy_catholic,current_public_or_local_reference,local repo snapshot of pierresaid Katameros API SQLite database
New Testament,2 Peter,3,2Pet 3:8-15,rid_a0384d79da52f1d334b1,great-lent-jonah-nineveh-cycle,Great Lent/Jonah/Nineveh cycle,Great Lent,liturgy_catholic,,liturgy_catholic,current_public_or_local_reference,local repo snapshot of pierresaid Katameros API SQLite database
New Testament,2 Peter,3,2Pet 3:8-15,rid_a0384d79da52f1d334b1,tuesday-of-the-seventh-week-of-great-lent,Tuesday of the seventh week of Great Lent,Great Lent,Liturgy,,Catholic Epistle,current_public_or_local_reference,local cache covering 2020 to 2035
New Testament,2 Thessalonians,1,2Thess 1:1-12,rid_4558c44f786105697f80,the-third-sunday-of-hator,The third Sunday of Hator,Annual / fixed or ordinary cycle,Liturgy,,Pauline Epistle,current_public_or_local_reference,local cache covering 2020 to 2035
New Testament,2 Thessalonians,1,2Thess 1:1-12,rid_4558c44f786105697f80,the-third-sunday-of-hator-of-christmas-fast,The third Sunday of Hator of Christmas Fast,Annual / fixed or ordinary cycle,Liturgy,,Pauline Epistle,current_public_or_local_reference,local cache covering 2020 to 2035
New Testament,2 Thessalonians,2,2Thess 2:1-17,rid_3d890a10079dc0b341d0,great-lent-jonah-nineveh-cycle,Great Lent/Jonah/Nineveh cycle,Great Lent,liturgy_pauline,,liturgy_pauline,current_public_or_local_reference,local repo snapshot of pierresaid Katameros API SQLite database
New Testament,2 Thessalonians,2,2Thess 2:1-17,rid_3d890a10079dc0b341d0,sunday-of-the-fifth-week-of-great-lent,Sunday of the fifth week of Great Lent,Great Lent,Liturgy,,Pauline Epistle,current_public_or_local_reference,local cache covering 2020 to 2035
New Testament,2 Thessalonians,2,2Thess 2:1-17,rid_3d890a10079dc0b341d0,the-first-sunday-of-nasie,The first Sunday of Nasie,Annual / fixed or ordinary cycle,Liturgy,,Pauline Epistle,current_public_or_local_reference,local cache covering 2020 to 2035
New Testament,2 Thessalonians,2,2Thess 2:1-17,rid_3d890a10079dc0b341d0,al-nasi-01-01,The Departure of St. Eutychus,Annual / fixed or ordinary cycle,liturgy_pauline,,liturgy_pauline,current_public_or_local_reference,local repo snapshot of pierresaid Katameros API SQLite database
New Testament,2 Thessalonians,2,2Thess 2:13-3,rid_e47c580d856e6fb95669,holy-fifty-days-pentecost-cycle,Holy Fifty Days/Pentecost cycle,Holy Fifty Days,liturgy_pauline,,liturgy_pauline,current_public_or_local_reference,local repo snapshot of pierresaid Katameros API SQLite database
New Testament,2 Thessalonians,2,2Thess 2:13-3:5,rid_c9dabca3872185fc9be1,sunday-of-the-fourth-week-of-the-holy-fifty-days,Sunday of the fourth week of the holy fifty days,Holy Fifty Days,Liturgy,,Pauline Epistle,current_public_or_local_reference,local cache covering 2020 to 2035
New Testament,2 Thessalonians,2,2Thess 2:9-17,rid_9b743c9305f3bed80249,great-lent-jonah-nineveh-cycle,Great Lent/Jonah/Nineveh cycle,Great Lent,liturgy_pauline,,liturgy_pauline,current_public_or_local_reference,local repo snapshot of pierresaid Katameros API SQLite database
New Testament,2 Thessalonians,2,2Thess 2:9-17,rid_9b743c9305f3bed80249,wednesday-of-the-third-week-of-great-lent,Wednesday of the third week of Great Lent,Great Lent,Liturgy,,Pauline Epistle,current_public_or_local_reference,local cache covering 2020 to 2035
New Testament,2 Timothy,1,2Tim 1:12-18,rid_51187b91dd9aaff23448,tut-02-01,The Martyrdom of St. John the Baptist,Annual / fixed or ordinary cycle,liturgy_pauline,,liturgy_pauline,current_public_or_local_reference,local repo snapshot of pierresaid Katameros API SQLite database
New Testament,2 Timothy,1,2Tim 1:12-2:10,rid_72866e5beb92aeac8a16,the-second-sunday-of-tout,The second Sunday of Tout,Annual / fixed or ordinary cycle,Liturgy,,Pauline Epistle,current_public_or_local_reference,local cache covering 2020 to 2035
New Testament,2 Timothy,2,2Tim 2:1-10,rid_b0cecd0a6a56fe5f28b7,tut-02-01,The Martyrdom of St. John the Baptist,Annual / fixed or ordinary cycle,liturgy_pauline,,liturgy_pauline,current_public_or_local_reference,local repo snapshot of pierresaid Katameros API SQLite database
New Testament,2 Timothy,2,2Tim 2:3-15,rid_1d2a42085c007f30b439,abib-20-01,The Martyrdom of St. Theodore of Shotep,Annual / fixed or ordinary cycle,Liturgy,,Pauline Epistle,current_public_or_local_reference,local cache covering 2020 to 2035
New Testament,2 Timothy,2,2Tim 2:3-15,rid_1d2a42085c007f30b439,abib-20-01,The Martyrdom of St. Theodore of Shotep,Annual / fixed or ordinary cycle,liturgy_pauline,,liturgy_pauline,current_public_or_local_reference,local repo snapshot of pierresaid Katameros API SQLite database
New Testament,2 Timothy,2,2Tim 2:3-15,rid_1d2a42085c007f30b439,amshir-25-01,"The Martyrdom of Sts. Archippus, Philemon and Lycia the Virgin",Annual / fixed or ordinary cycle,Liturgy,,Pauline Epistle,current_public_or_local_reference,local cache covering 2020 to 2035
New Testament,2 Timothy,2,2Tim 2:3-15,rid_1d2a42085c007f30b439,amshir-25-01,"The Martyrdom of Sts. Archippus, Philemon and Lycia the Virgin",Annual / fixed or ordinary cycle,liturgy_pauline,,liturgy_pauline,current_public_or_local_reference,local repo snapshot of pierresaid Katameros API SQLite database
New Testament,2 Timothy,2,2Tim 2:3-15,rid_1d2a42085c007f30b439,amshir-28-01,"The Martyrdom of St. Theodore, the Roman",Annual / fixed or ordinary cycle,Liturgy,,Pauline Epistle,current_public_or_local_reference,local cache covering 2020 to 2035
New Testament,2 Timothy,2,2Tim 2:3-15,rid_1d2a42085c007f30b439,amshir-28-01,"The Martyrdom of St. Theodore, the Roman",Annual / fixed or ordinary cycle,liturgy_pauline,,liturgy_pauline,current_public_or_local_reference,local repo snapshot of pierresaid Katameros API SQLite database
New Testament,2 Timothy,2,2Tim 2:3-15,rid_1d2a42085c007f30b439,babah-15-01,"The Martyrdom of Saint Panteleimon, the Physician",Annual / fixed or ordinary cycle,Liturgy,,Pauline Epistle,current_public_or_local_reference,local cache covering 2020 to 2035
New Testament,2 Timothy,2,2Tim 2:3-15,rid_1d2a42085c007f30b439,babah-19-01,The Assembly of the Council of Antioch against Paul of Samosata,Annual / fixed or ordinary cycle,Liturgy,,Pauline Epistle,current_public_or_local_reference,local cache covering 2020 to 2035
New Testament,2 Timothy,2,2Tim 2:3-15,rid_1d2a42085c007f30b439,babah-15-01,"The Martyrdom of Saint Panteleimon, the Physician",Annual / fixed or ordinary cycle,liturgy_pauline,,liturgy_pauline,current_public_or_local_reference,local repo snapshot of pierresaid Katameros API SQLite database
New Testament,2 Timothy,2,2Tim 2:3-15,rid_1d2a42085c007f30b439,babah-19-01,The Assembly of the Council of Antioch against Paul of Samosata,Annual / fixed or ordinary cycle,liturgy_pauline,,liturgy_pauline,current_public_or_local_reference,local repo snapshot of pierresaid Katameros API SQLite database
New Testament,2 Timothy,2,2Tim 2:3-15,rid_1d2a42085c007f30b439,baramhat-18-01,"The Martyrdom of St. Isidore, Friend of Sina the Soldier",Annual / fixed or ordinary cycle,liturgy_pauline,,liturgy_pauline,current_public_or_local_reference,local repo snapshot of pierresaid Katameros API SQLite database
New Testament,2 Timothy,2,2Tim 2:3-15,rid_1d2a42085c007f30b439,barmuda-2,Barmuda 2,Annual / fixed or ordinary cycle,liturgy_pauline,,liturgy_pauline,current_public_or_local_reference,local repo snapshot of pierresaid Katameros API SQLite database
New Testament,2 Timothy,2,2Tim 2:3-15,rid_1d2a42085c007f30b439,barmuda-20,Barmuda 20,Annual / fixed or ordinary cycle,liturgy_pauline,,liturgy_pauline,current_public_or_local_reference,local repo snapshot of pierresaid Katameros API SQLite database
New Testament,2 Timothy,2,2Tim 2:3-15,rid_1d2a42085c007f30b439,barmuda-24,Barmuda 24,Annual / fixed or ordinary cycle,liturgy_pauline,,liturgy_pauline,current_public_or_local_reference,local repo snapshot of pierresaid Katameros API SQLite database
New Testament,2 Timothy,2,2Tim 2:3-15,rid_1d2a42085c007f30b439,barmuda-26,Barmuda 26,Annual / fixed or ordinary cycle,liturgy_pauline,,liturgy_pauline,current_public_or_local_reference,local repo snapshot of pierresaid Katameros API SQLite database
New Testament,2 Timothy,2,2Tim 2:3-15,rid_1d2a42085c007f30b439,baunah-06-01,The Martyrdom of St. Theodore the Monk,Annual / fixed or ordinary cycle,liturgy_pauline,,liturgy_pauline,current_public_or_local_reference,local repo snapshot of pierresaid Katameros API SQLite database
New Testament,2 Timothy,2,2Tim 2:3-15,rid_1d2a42085c007f30b439,great-lent,Great Lent,Great Lent,Liturgy,,Pauline Epistle,current_public_or_local_reference,local cache covering 2020 to 2035
New Testament,2 Timothy,2,2Tim 2:3-15,rid_1d2a42085c007f30b439,baunah-06-01,The Martyrdom of St. Theodore the Monk,Annual / fixed or ordinary cycle,Liturgy,,Pauline Epistle,current_public_or_local_reference,local cache covering 2020 to 2035
New Testament,2 Timothy,2,2Tim 2:8-15,rid_93d5dc24b5b8a4b9782c,holy-fifty-days-pentecost-cycle,Holy Fifty Days/Pentecost cycle,Holy Fifty Days,liturgy_pauline,,liturgy_pauline,current_public_or_local_reference,local repo snapshot of pierresaid Katameros API SQLite database
New Testament,2 Timothy,2,2Tim 2:8-15,rid_93d5dc24b5b8a4b9782c,saturday-of-the-second-week-of-the-holy-fifty-days,Saturday of the second week of the holy fifty days,Holy Fifty Days,Liturgy,,Pauline Epistle,current_public_or_local_reference,local cache covering 2020 to 2035
New Testament,2 Timothy,3,2Tim 3:1-17,rid_268f49e0e01001f2a5df,great-lent-jonah-nineveh-cycle,Great Lent/Jonah/Nineveh cycle,Great Lent,liturgy_pauline,,liturgy_pauline,current_public_or_local_reference,local repo snapshot of pierresaid Katameros API SQLite database
New Testament,2 Timothy,3,2Tim 3:1-4:5,rid_2d4034492d611f50036e,friday-of-the-seventh-week-of-great-lent,Friday of the seventh week of Great Lent,Great Lent,Liturgy,,Pauline Epistle,current_public_or_local_reference,local cache covering 2020 to 2035
New Testament,2 Timothy,3,2Tim 3:10-17,rid_6c2449103a57f2d93626,abib-02-01,"The Departure of St. Thaddaeus, the Apostle",Annual / fixed or ordinary cycle,liturgy_pauline,,liturgy_pauline,current_public_or_local_reference,local repo snapshot of pierresaid Katameros API SQLite database
New Testament,2 Timothy,3,2Tim 3:10-17,rid_6c2449103a57f2d93626,abib-09-01,"The Martyrdom of St. Simon Cleophas, the Apostle",Annual / fixed or ordinary cycle,liturgy_pauline,,liturgy_pauline,current_public_or_local_reference,local repo snapshot of pierresaid Katameros API SQLite database
New Testament,2 Timothy,3,2Tim 3:10-17,rid_6c2449103a57f2d93626,amshir-14-01,"The Departure of St. Severus, Patriarch of Antioch",Annual / fixed or ordinary cycle,liturgy_pauline,,liturgy_pauline,current_public_or_local_reference,local repo snapshot of pierresaid Katameros API SQLite database
New Testament,2 Timothy,3,2Tim 3:10-17,rid_6c2449103a57f2d93626,amshir-18-01,"The Departure of St. Malatius the Confessor, Patriarch of Antioch",Annual / fixed or ordinary cycle,liturgy_pauline,,liturgy_pauline,current_public_or_local_reference,local repo snapshot of pierresaid Katameros API SQLite database
New Testament,2 Timothy,3,2Tim 3:10-17,rid_6c2449103a57f2d93626,amshir-27-01,"The Departure of St. Eustathius, Patriarch of Antioch",Annual / fixed or ordinary cycle,liturgy_pauline,,liturgy_pauline,current_public_or_local_reference,local repo snapshot of pierresaid Katameros API SQLite database
New Testament,2 Timothy,3,2Tim 3:10-17,rid_6c2449103a57f2d93626,babah-03-01,"The Departure of St. Simon II, 51st Pope of the See of St. Mark",Annual / fixed or ordinary cycle,liturgy_pauline,,liturgy_pauline,current_public_or_local_reference,local repo snapshot of pierresaid Katameros API SQLite database
New Testament,2 Timothy,3,2Tim 3:10-17,rid_6c2449103a57f2d93626,babah-30-01,The Commemoration of the Consecration of the Church of St. Mark the Evangelist and the Appearance of His Holy Head,Annual / fixed or ordinary cycle,liturgy_pauline,,liturgy_pauline,current_public_or_local_reference,local repo snapshot of pierresaid Katameros API SQLite database
New Testament,2 Timothy,3,2Tim 3:10-17,rid_6c2449103a57f2d93626,babah-05-01,"The Martyrdom of St. Paul, Patriarch of Constantinople",Annual / fixed or ordinary cycle,liturgy_pauline,,liturgy_pauline,current_public_or_local_reference,local repo snapshot of pierresaid Katameros API SQLite database
New Testament,2 Timothy,3,2Tim 3:10-17,rid_6c2449103a57f2d93626,babah-09-01,"The Departure of St. Eumenius, the Seventh Pope of the See of St. Mark",Annual / fixed or ordinary cycle,liturgy_pauline,,liturgy_pauline,current_public_or_local_reference,local repo snapshot of pierresaid Katameros API SQLite database
New Testament,2 Timothy,3,2Tim 3:10-17,rid_6c2449103a57f2d93626,barmuda-30,Barmuda 30,Annual / fixed or ordinary cycle,liturgy_pauline,,liturgy_pauline,current_public_or_local_reference,local repo snapshot of pierresaid Katameros API SQLite database
New Testament,2 Timothy,3,2Tim 3:10-17,rid_6c2449103a57f2d93626,bashans-12-01,The Commemoration of the Consecration of the church of St. Demiana,Annual / fixed or ordinary cycle,liturgy_pauline,,liturgy_pauline,current_public_or_local_reference,local repo snapshot of pierresaid Katameros API SQLite database
New Testament,2 Timothy,3,2Tim 3:10-17,rid_6c2449103a57f2d93626,bashans-23-01,"The Departure of St. Junia, One of the Seventy Disciples",Annual / fixed or ordinary cycle,liturgy_pauline,,liturgy_pauline,current_public_or_local_reference,local repo snapshot of pierresaid Katameros API SQLite database
New Testament,2 Timothy,3,2Tim 3:10-17,rid_6c2449103a57f2d93626,bashans-28-01,The commemoration of the Relocation of the Body of St. Epiphanius,Annual / fixed or ordinary cycle,liturgy_pauline,,liturgy_pauline,current_public_or_local_reference,local repo snapshot of pierresaid Katameros API SQLite database
New Testament,2 Timothy,3,2Tim 3:10-17,rid_6c2449103a57f2d93626,baunah-27-01,"The Martyrdom of St. Ananias, the Apostle",Annual / fixed or ordinary cycle,liturgy_pauline,,liturgy_pauline,current_public_or_local_reference,local repo snapshot of pierresaid Katameros API SQLite database
New Testament,2 Timothy,3,2Tim 3:10-17,rid_6c2449103a57f2d93626,hatur-17-01,The Departure of Saint John Chrysostom,Annual / fixed or ordinary cycle,liturgy_pauline,,liturgy_pauline,current_public_or_local_reference,local repo snapshot of pierresaid Katameros API SQLite database
New Testament,2 Timothy,3,2Tim 3:10-17,rid_6c2449103a57f2d93626,hatur-20-01,"The Departure of St. Anianus, 2nd Pope of Alexandria",Annual / fixed or ordinary cycle,liturgy_pauline,,liturgy_pauline,current_public_or_local_reference,local repo snapshot of pierresaid Katameros API SQLite database
New Testament,2 Timothy,3,2Tim 3:10-17,rid_6c2449103a57f2d93626,hatur-21-01,"The Commemoration of the Virgin St. Mary, the Theotokos",Annual / fixed or ordinary cycle,liturgy_pauline,,liturgy_pauline,current_public_or_local_reference,local repo snapshot of pierresaid Katameros API SQLite database
New Testament,2 Timothy,3,2Tim 3:10-17,rid_6c2449103a57f2d93626,hatur-06-01,"The Departure of St. Felix, Pope of Rome",Annual / fixed or ordinary cycle,liturgy_pauline,,liturgy_pauline,current_public_or_local_reference,local repo snapshot of pierresaid Katameros API SQLite database
New Testament,2 Timothy,3,2Tim 3:10-17,rid_6c2449103a57f2d93626,kiyahk-01-01,"The Departure of St. Peter Elrahawy, Bishop of Gaza",Annual / fixed or ordinary cycle,liturgy_pauline,,liturgy_pauline,current_public_or_local_reference,local repo snapshot of pierresaid Katameros API SQLite database
New Testament,2 Timothy,3,2Tim 3:10-17,rid_6c2449103a57f2d93626,kiyahk-15-01,"The Departure of St. Gregory, Patriarch of the Armenians",Annual / fixed or ordinary cycle,liturgy_pauline,,liturgy_pauline,current_public_or_local_reference,local repo snapshot of pierresaid Katameros API SQLite database
New Testament,2 Timothy,3,2Tim 3:10-4:18,rid_200a33c9afd64e65e41d,abib-2,Abib 2,Annual / fixed or ordinary cycle,Liturgy,,Pauline Epistle,current_public_or_local_reference,local cache covering 2020 to 2035
New Testament,2 Timothy,3,2Tim 3:10-4:18,rid_200a33c9afd64e65e41d,abib-9,Abib 9,Annual / fixed or ordinary cycle,Liturgy,,Pauline Epistle,current_public_or_local_reference,local cache covering 2020 to 2035
New Testament,2 Timothy,3,2Tim 3:10-4:18,rid_200a33c9afd64e65e41d,baba-30,Baba 30,Annual / fixed or ordinary cycle,Liturgy,,Pauline Epistle,current_public_or_local_reference,local cache covering 2020 to 2035
New Testament,2 Timothy,3,2Tim 3:10-4:18,rid_200a33c9afd64e65e41d,bashons-23,Bashons 23,Annual / fixed or ordinary cycle,Liturgy,,Pauline Epistle,current_public_or_local_reference,local cache covering 2020 to 2035
New Testament,2 Timothy,3,2Tim 3:10-4:18,rid_200a33c9afd64e65e41d,hator-20,Hator 20,Annual / fixed or ordinary cycle,Liturgy,,Pauline Epistle,current_public_or_local_reference,local cache covering 2020 to 2035
New Testament,2 Timothy,3,2Tim 3:10-4:18,rid_200a33c9afd64e65e41d,paona-27,Paona 27,Annual / fixed or ordinary cycle,Liturgy,,Pauline Epistle,current_public_or_local_reference,local cache covering 2020 to 2035
New Testament,2 Timothy,3,2Tim 3:10-4:22,rid_9bc7517abb29fb3bc3a3,amshir-14,Amshir 14,Annual / fixed or ordinary cycle,Liturgy,,Pauline Epistle,current_public_or_local_reference,local cache covering 2020 to 2035
New Testament,2 Timothy,3,2Tim 3:10-4:22,rid_9bc7517abb29fb3bc3a3,amshir-18,Amshir 18,Annual / fixed or ordinary cycle,Liturgy,,Pauline Epistle,current_public_or_local_reference,local cache covering 2020 to 2035
New Testament,2 Timothy,3,2Tim 3:10-4:22,rid_9bc7517abb29fb3bc3a3,amshir-27,Amshir 27,Annual / fixed or ordinary cycle,Liturgy,,Pauline Epistle,current_public_or_local_reference,local cache covering 2020 to 2035
New Testament,2 Timothy,3,2Tim 3:10-4:22,rid_9bc7517abb29fb3bc3a3,baba-3,Baba 3,Annual / fixed or ordinary cycle,Liturgy,,Pauline Epistle,current_public_or_local_reference,local cache covering 2020 to 2035
New Testament,2 Timothy,3,2Tim 3:10-4:22,rid_9bc7517abb29fb3bc3a3,baba-5,Baba 5,Annual / fixed or ordinary cycle,Liturgy,,Pauline Epistle,current_public_or_local_reference,local cache covering 2020 to 2035
New Testament,2 Timothy,3,2Tim 3:10-4:22,rid_9bc7517abb29fb3bc3a3,baba-9,Baba 9,Annual / fixed or ordinary cycle,Liturgy,,Pauline Epistle,current_public_or_local_reference,local cache covering 2020 to 2035
New Testament,2 Timothy,3,2Tim 3:10-4:22,rid_9bc7517abb29fb3bc3a3,bashons-28,Bashons 28,Annual / fixed or ordinary cycle,Liturgy,,Pauline Epistle,current_public_or_local_reference,local cache covering 2020 to 2035
New Testament,2 Timothy,3,2Tim 3:10-4:22,rid_9bc7517abb29fb3bc3a3,fast-of-nineveh,Fast of Nineveh,Annual / fixed or ordinary cycle,Liturgy,,Pauline Epistle,current_public_or_local_reference,local cache covering 2020 to 2035
New Testament,2 Timothy,3,2Tim 3:10-4:22,rid_9bc7517abb29fb3bc3a3,hator-17,Hator 17,Annual / fixed or ordinary cycle,Liturgy,,Pauline Epistle,current_public_or_local_reference,local cache covering 2020 to 2035
New Testament,2 Timothy,3,2Tim 3:10-4:22,rid_9bc7517abb29fb3bc3a3,hator-21,Hator 21,Annual / fixed or ordinary cycle,Liturgy,,Pauline Epistle,current_public_or_local_reference,local cache covering 2020 to 2035
New Testament,2 Timothy,3,2Tim 3:10-4:22,rid_9bc7517abb29fb3bc3a3,hator-6,Hator 6,Annual / fixed or ordinary cycle,Liturgy,,Pauline Epistle,current_public_or_local_reference,local cache covering 2020 to 2035
New Testament,2 Timothy,3,2Tim 3:10-4:22,rid_9bc7517abb29fb3bc3a3,kiak-1,Kiak 1,Annual / fixed or ordinary cycle,Liturgy,,Pauline Epistle,current_public_or_local_reference,local cache covering 2020 to 2035
New Testament,2 Timothy,3,2Tim 3:10-4:22,rid_9bc7517abb29fb3bc3a3,kiak-15,Kiak 15,Annual / fixed or ordinary cycle,Liturgy,,Pauline Epistle,current_public_or_local_reference,local cache covering 2020 to 2035
New Testament,2 Timothy,3,2Tim 3:10-4:22,rid_9bc7517abb29fb3bc3a3,mesra-14,Mesra 14,Annual / fixed or ordinary cycle,Liturgy,,Pauline Epistle,current_public_or_local_reference,local cache covering 2020 to 2035
New Testament,2 Timothy,3,2Tim 3:10-4:22,rid_9bc7517abb29fb3bc3a3,toba-7,Toba 7,Annual / fixed or ordinary cycle,Liturgy,,Pauline Epistle,current_public_or_local_reference,local cache covering 2020 to 2035
New Testament,2 Timothy,3,2Tim 3:10-4:22,rid_9bc7517abb29fb3bc3a3,tout-13,Tout 13,Annual / fixed or ordinary cycle,Liturgy,,Pauline Epistle,current_public_or_local_reference,local cache covering 2020 to 2035
New Testament,2 Timothy,3,2Tim 3:10-4:22,rid_9bc7517abb29fb3bc3a3,tout-30,Tout 30,Annual / fixed or ordinary cycle,Liturgy,,Pauline Epistle,current_public_or_local_reference,local cache covering 2020 to 2035
New Testament,2 Timothy,4,2Tim 4:1-18,rid_4a842b1c90617c4d3350,abib-02-01,"The Departure of St. Thaddaeus, the Apostle",Annual / fixed or ordinary cycle,liturgy_pauline,,liturgy_pauline,current_public_or_local_reference,local repo snapshot of pierresaid Katameros API SQLite database
New Testament,2 Timothy,4,2Tim 4:1-18,rid_4a842b1c90617c4d3350,abib-09-01,"The Martyrdom of St. Simon Cleophas, the Apostle",Annual / fixed or ordinary cycle,liturgy_pauline,,liturgy_pauline,current_public_or_local_reference,local repo snapshot of pierresaid Katameros API SQLite database
New Testament,2 Timothy,4,2Tim 4:1-18,rid_4a842b1c90617c4d3350,babah-30-01,The Commemoration of the Consecration of the Church of St. Mark the Evangelist and the Appearance of His Holy Head,Annual / fixed or ordinary cycle,liturgy_pauline,,liturgy_pauline,current_public_or_local_reference,local repo snapshot of pierresaid Katameros API SQLite database
New Testament,2 Timothy,4,2Tim 4:1-18,rid_4a842b1c90617c4d3350,barmuda-30,Barmuda 30,Annual / fixed or ordinary cycle,liturgy_pauline,,liturgy_pauline,current_public_or_local_reference,local repo snapshot of pierresaid Katameros API SQLite database
New Testament,2 Timothy,4,2Tim 4:1-18,rid_4a842b1c90617c4d3350,bashans-23-01,"The Departure of St. Junia, One of the Seventy Disciples",Annual / fixed or ordinary cycle,liturgy_pauline,,liturgy_pauline,current_public_or_local_reference,local repo snapshot of pierresaid Katameros API SQLite database
New Testament,2 Timothy,4,2Tim 4:1-18,rid_4a842b1c90617c4d3350,baunah-27-01,"The Martyrdom of St. Ananias, the Apostle",Annual / fixed or ordinary cycle,liturgy_pauline,,liturgy_pauline,current_public_or_local_reference,local repo snapshot of pierresaid Katameros API SQLite database
New Testament,2 Timothy,4,2Tim 4:1-18,rid_4a842b1c90617c4d3350,hatur-20-01,"The Departure of St. Anianus, 2nd Pope of Alexandria",Annual / fixed or ordinary cycle,liturgy_pauline,,liturgy_pauline,current_public_or_local_reference,local repo snapshot of pierresaid Katameros API SQLite database
New Testament,2 Timothy,4,2Tim 4:1-22,rid_915f84e5b3e078a5a962,amshir-14-01,"The Departure of St. Severus, Patriarch of Antioch",Annual / fixed or ordinary cycle,liturgy_pauline,,liturgy_pauline,current_public_or_local_reference,local repo snapshot of pierresaid Katameros API SQLite database
New Testament,2 Timothy,4,2Tim 4:1-22,rid_915f84e5b3e078a5a962,amshir-18-01,"The Departure of St. Malatius the Confessor, Patriarch of Antioch",Annual / fixed or ordinary cycle,liturgy_pauline,,liturgy_pauline,current_public_or_local_reference,local repo snapshot of pierresaid Katameros API SQLite database
New Testament,2 Timothy,4,2Tim 4:1-22,rid_915f84e5b3e078a5a962,amshir-27-01,"The Departure of St. Eustathius, Patriarch of Antioch",Annual / fixed or ordinary cycle,liturgy_pauline,,liturgy_pauline,current_public_or_local_reference,local repo snapshot of pierresaid Katameros API SQLite database
New Testament,2 Timothy,4,2Tim 4:1-22,rid_915f84e5b3e078a5a962,babah-03-01,"The Departure of St. Simon II, 51st Pope of the See of St. Mark",Annual / fixed or ordinary cycle,liturgy_pauline,,liturgy_pauline,current_public_or_local_reference,local repo snapshot of pierresaid Katameros API SQLite database
New Testament,2 Timothy,4,2Tim 4:1-22,rid_915f84e5b3e078a5a962,babah-05-01,"The Martyrdom of St. Paul, Patriarch of Constantinople",Annual / fixed or ordinary cycle,liturgy_pauline,,liturgy_pauline,current_public_or_local_reference,local repo snapshot of pierresaid Katameros API SQLite database
New Testament,2 Timothy,4,2Tim 4:1-22,rid_915f84e5b3e078a5a962,babah-09-01,"The Departure of St. Eumenius, the Seventh Pope of the See of St. Mark",Annual / fixed or ordinary cycle,liturgy_pauline,,liturgy_pauline,current_public_or_local_reference,local repo snapshot of pierresaid Katameros API SQLite database
New Testament,2 Timothy,4,2Tim 4:1-22,rid_915f84e5b3e078a5a962,bashans-12-01,The Commemoration of the Consecration of the church of St. Demiana,Annual / fixed or ordinary cycle,liturgy_pauline,,liturgy_pauline,current_public_or_local_reference,local repo snapshot of pierresaid Katameros API SQLite database
New Testament,2 Timothy,4,2Tim 4:1-22,rid_915f84e5b3e078a5a962,bashans-28-01,The commemoration of the Relocation of the Body of St. Epiphanius,Annual / fixed or ordinary cycle,liturgy_pauline,,liturgy_pauline,current_public_or_local_reference,local repo snapshot of pierresaid Katameros API SQLite database
New Testament,2 Timothy,4,2Tim 4:1-22,rid_915f84e5b3e078a5a962,hatur-17-01,The Departure of Saint John Chrysostom,Annual / fixed or ordinary cycle,liturgy_pauline,,liturgy_pauline,current_public_or_local_reference,local repo snapshot of pierresaid Katameros API SQLite database
New Testament,2 Timothy,4,2Tim 4:1-22,rid_915f84e5b3e078a5a962,hatur-21-01,"The Commemoration of the Virgin St. Mary, the Theotokos",Annual / fixed or ordinary cycle,liturgy_pauline,,liturgy_pauline,current_public_or_local_reference,local repo snapshot of pierresaid Katameros API SQLite database
New Testament,2 Timothy,4,2Tim 4:1-22,rid_915f84e5b3e078a5a962,hatur-06-01,"The Departure of St. Felix, Pope of Rome",Annual / fixed or ordinary cycle,liturgy_pauline,,liturgy_pauline,current_public_or_local_reference,local repo snapshot of pierresaid Katameros API SQLite database
New Testament,2 Timothy,4,2Tim 4:1-22,rid_915f84e5b3e078a5a962,kiyahk-01-01,"The Departure of St. Peter Elrahawy, Bishop of Gaza",Annual / fixed or ordinary cycle,liturgy_pauline,,liturgy_pauline,current_public_or_local_reference,local repo snapshot of pierresaid Katameros API SQLite database
New Testament,2 Timothy,4,2Tim 4:1-22,rid_915f84e5b3e078a5a962,kiyahk-15-01,"The Departure of St. Gregory, Patriarch of the Armenians",Annual / fixed or ordinary cycle,liturgy_pauline,,liturgy_pauline,current_public_or_local_reference,local repo snapshot of pierresaid Katameros API SQLite database
New Testament,2 Timothy,4,2Tim 4:1-22,rid_915f84e5b3e078a5a962,mesra-14-01,"The Commemoration of the Great Sign, the Lord had Manifested During the Papacy of St. Theophilus",Annual / fixed or ordinary cycle,liturgy_pauline,,liturgy_pauline,current_public_or_local_reference,local repo snapshot of pierresaid Katameros API SQLite database
New Testament,2 Timothy,4,2Tim 4:1-22,rid_915f84e5b3e078a5a962,tubah-07-01,"The Departure of St. Silvester, Pope of Rome",Annual / fixed or ordinary cycle,liturgy_pauline,,liturgy_pauline,current_public_or_local_reference,local repo snapshot of pierresaid Katameros API SQLite database
New Testament,2 Timothy,4,2Tim 4:1-22,rid_915f84e5b3e078a5a962,tut-13-01,"The Departure of Pope Mattheos II, 90th Patriarch of the See of St. Mark",Annual / fixed or ordinary cycle,liturgy_pauline,,liturgy_pauline,current_public_or_local_reference,local repo snapshot of pierresaid Katameros API SQLite database
New Testament,2 Timothy,4,2Tim 4:1-22,rid_915f84e5b3e078a5a962,tut-30-01,The Commemoration of the Miracle that God Performed for St. Athanasius the Apostolic,Annual / fixed or ordinary cycle,liturgy_pauline,,liturgy_pauline,current_public_or_local_reference,local repo snapshot of pierresaid Katameros API SQLite database
New Testament,2 Timothy,4,2Tim 4:1-5,rid_eba9faff727a2e6010c7,great-lent-jonah-nineveh-cycle,Great Lent/Jonah/Nineveh cycle,Great Lent,liturgy_pauline,,liturgy_pauline,current_public_or_local_reference,local repo snapshot of pierresaid Katameros API SQLite database
New Testament,Acts,10,Acts 10:1-20,rid_f7d6d26c93bad1d434be,baunah-12-01,The Commemoration of Archangel Michael,Annual / fixed or ordinary cycle,liturgy_acts,,liturgy_acts,current_public_or_local_reference,local repo snapshot of pierresaid Katameros API SQLite database
New Testament,Acts,10,Acts 10:1-20,rid_f7d6d26c93bad1d434be,hator-12,Hator 12,Annual / fixed or ordinary cycle,Liturgy,,Acts of the Apostles,current_public_or_local_reference,local cache covering 2020 to 2035
New Testament,Acts,10,Acts 10:1-20,rid_f7d6d26c93bad1d434be,hatur-12-01,The Commemoration of the Honored Archangel Michael,Annual / fixed or ordinary cycle,liturgy_acts,,liturgy_acts,current_public_or_local_reference,local repo snapshot of pierresaid Katameros API SQLite database
New Testament,Acts,10,Acts 10:1-20,rid_f7d6d26c93bad1d434be,baunah-12-01,The Commemoration of Archangel Michael,Annual / fixed or ordinary cycle,Liturgy,,Acts of the Apostles,current_public_or_local_reference,local cache covering 2020 to 2035
New Testament,Acts,10,Acts 10:21-33,rid_98e09f2f3e6fa74eefff,al-nasi-03-01,"The Commemoration of the Angel Raphael, the Archangel",Annual / fixed or ordinary cycle,liturgy_acts,,liturgy_acts,current_public_or_local_reference,local repo snapshot of pierresaid Katameros API SQLite database
New Testament,Acts,10,Acts 10:21-33,rid_98e09f2f3e6fa74eefff,baramhat-30-01,The Commemoration of the Archangel Gabriel the Announcer,Annual / fixed or ordinary cycle,liturgy_acts,,liturgy_acts,current_public_or_local_reference,local repo snapshot of pierresaid Katameros API SQLite database
New Testament,Acts,10,Acts 10:21-33,rid_98e09f2f3e6fa74eefff,baunah-13-01,"The Departure of St. John, Bishop of Jerusalem",Annual / fixed or ordinary cycle,liturgy_acts,,liturgy_acts,current_public_or_local_reference,local repo snapshot of pierresaid Katameros API SQLite database
New Testament,Acts,10,Acts 10:21-33,rid_98e09f2f3e6fa74eefff,kiak-22,Kiak 22,Annual / fixed or ordinary cycle,Liturgy,,Acts of the Apostles,current_public_or_local_reference,local cache covering 2020 to 2035
New Testament,Acts,10,Acts 10:21-33,rid_98e09f2f3e6fa74eefff,kiyahk-22-01,The Commemoration of the Archangel Gabriel,Annual / fixed or ordinary cycle,liturgy_acts,,liturgy_acts,current_public_or_local_reference,local repo snapshot of pierresaid Katameros API SQLite database
New Testament,Acts,10,Acts 10:21-33,rid_98e09f2f3e6fa74eefff,al-nasi-03-01,"The Commemoration of the Angel Raphael, the Archangel",Annual / fixed or ordinary cycle,Liturgy,,Acts of the Apostles,current_public_or_local_reference,local cache covering 2020 to 2035
New Testament,Acts,10,Acts 10:21-33,rid_98e09f2f3e6fa74eefff,baunah-13-01,"The Departure of St. John, Bishop of Jerusalem",Annual / fixed or ordinary cycle,Liturgy,,Acts of the Apostles,current_public_or_local_reference,local cache covering 2020 to 2035
New Testament,Acts,10,Acts 10:25-35,rid_f6949779acb30ca6a8ac,great-lent-jonah-nineveh-cycle,Great Lent/Jonah/Nineveh cycle,Great Lent,liturgy_acts,,liturgy_acts,current_public_or_local_reference,local repo snapshot of pierresaid Katameros API SQLite database
New Testament,Acts,10,Acts 10:25-35,rid_f6949779acb30ca6a8ac,monday-of-the-fifth-week-of-great-lent,Monday of the fifth week of Great Lent,Great Lent,Liturgy,,Acts of the Apostles,current_public_or_local_reference,local cache covering 2020 to 2035
New Testament,Acts,10,Acts 10:34-43,rid_8d2dd8842e5abef77bdb,baramhat-10-01,Commemoration Of the Appearance Of The Glorious Cross,Annual / fixed or ordinary cycle,liturgy_acts,,liturgy_acts,current_public_or_local_reference,local repo snapshot of pierresaid Katameros API SQLite database
New Testament,Acts,10,Acts 10:34-43,rid_8d2dd8842e5abef77bdb,friday-of-the-second-week-of-great-lent-br-feast-of-the-cross-readings-of-10th-baramhat,Friday of the second week of Great Lent <br>(Feast of the Cross - Readings of 10th Baramhat),Great Lent,Liturgy,,Acts of the Apostles,current_public_or_local_reference,local cache covering 2020 to 2035
New Testament,Acts,10,Acts 10:34-43,rid_8d2dd8842e5abef77bdb,holy-fifty-days-pentecost-cycle,Holy Fifty Days/Pentecost cycle,Holy Fifty Days,liturgy_acts,,liturgy_acts,current_public_or_local_reference,local repo snapshot of pierresaid Katameros API SQLite database
New Testament,Acts,10,Acts 10:34-43,rid_8d2dd8842e5abef77bdb,mesra-12-01,The Commemoration of the Honorable Archangel Michael,Annual / fixed or ordinary cycle,Liturgy,,Acts of the Apostles,current_public_or_local_reference,local cache covering 2020 to 2035
New Testament,Acts,10,Acts 10:34-43,rid_8d2dd8842e5abef77bdb,mesra-12-01,The Commemoration of the Honorable Archangel Michael,Annual / fixed or ordinary cycle,liturgy_acts,,liturgy_acts,current_public_or_local_reference,local repo snapshot of pierresaid Katameros API SQLite database
New Testament,Acts,10,Acts 10:34-43,rid_8d2dd8842e5abef77bdb,monday-of-the-sixth-week-of-great-lent-br-feast-of-the-cross-readings-of-10th-baramhat,Monday of the sixth week of Great Lent <br>(Feast of the Cross - Readings of 10th Baramhat),Great Lent,Liturgy,,Acts of the Apostles,current_public_or_local_reference,local cache covering 2020 to 2035
New Testament,Acts,10,Acts 10:34-43,rid_8d2dd8842e5abef77bdb,monday-of-the-third-week-of-great-lent-br-feast-of-the-cross-readings-of-10th-baramhat,Monday of the third week of Great Lent <br>(Feast of the Cross - Readings of 10th Baramhat),Great Lent,Liturgy,,Acts of the Apostles,current_public_or_local_reference,local cache covering 2020 to 2035
New Testament,Acts,10,Acts 10:34-43,rid_8d2dd8842e5abef77bdb,saturday-of-the-third-week-of-great-lent-br-feast-of-the-cross-readings-of-10th-baramhat,Saturday of the third week of Great Lent <br>(Feast of the Cross - Readings of 10th Baramhat),Great Lent,Liturgy,,Acts of the Apostles,current_public_or_local_reference,local cache covering 2020 to 2035
New Testament,Acts,10,Acts 10:34-43,rid_8d2dd8842e5abef77bdb,sunday-of-the-fifth-week-of-great-lent-br-feast-of-the-cross-readings-of-10th-baramhat,Sunday of the fifth week of Great Lent <br>(Feast of the Cross - Readings of 10th Baramhat),Great Lent,Liturgy,,Acts of the Apostles,current_public_or_local_reference,local cache covering 2020 to 2035
New Testament,Acts,10,Acts 10:34-43,rid_8d2dd8842e5abef77bdb,sunday-of-the-fourth-week-of-great-lent-br-feast-of-the-cross-readings-of-10th-baramhat,Sunday of the fourth week of Great Lent <br>(Feast of the Cross - Readings of 10th Baramhat),Great Lent,Liturgy,,Acts of the Apostles,current_public_or_local_reference,local cache covering 2020 to 2035
New Testament,Acts,10,Acts 10:34-43,rid_8d2dd8842e5abef77bdb,tut-17-01,The Feast of the Consecration of the Church of the Honorable Cross,Annual / fixed or ordinary cycle,Liturgy,,Acts of the Apostles,current_public_or_local_reference,local cache covering 2020 to 2035
New Testament,Acts,10,Acts 10:34-43,rid_8d2dd8842e5abef77bdb,thursday-of-the-fifth-week-of-great-lent-br-feast-of-the-cross-readings-of-10th-baramhat,Thursday of the fifth week of Great Lent <br>(Feast of the Cross - Readings of 10th Baramhat),Great Lent,Liturgy,,Acts of the Apostles,current_public_or_local_reference,local cache covering 2020 to 2035
New Testament,Acts,10,Acts 10:34-43,rid_8d2dd8842e5abef77bdb,thursday-of-the-fourth-week-of-great-lent-br-feast-of-the-cross-readings-of-10th-baramhat,Thursday of the fourth week of Great Lent <br>(Feast of the Cross - Readings of 10th Baramhat),Great Lent,Liturgy,,Acts of the Apostles,current_public_or_local_reference,local cache covering 2020 to 2035
New Testament,Acts,10,Acts 10:34-43,rid_8d2dd8842e5abef77bdb,tuesday-of-the-first-week-of-the-holy-fifty-days,Tuesday of the first week of the holy fifty days,Holy Fifty Days,Liturgy,,Acts of the Apostles,current_public_or_local_reference,local cache covering 2020 to 2035
New Testament,Acts,10,Acts 10:34-43,rid_8d2dd8842e5abef77bdb,tuesday-of-the-second-week-of-great-lent-br-feast-of-the-cross-readings-of-10th-baramhat,Tuesday of the second week of Great Lent <br>(Feast of the Cross - Readings of 10th Baramhat),Great Lent,Liturgy,,Acts of the Apostles,current_public_or_local_reference,local cache covering 2020 to 2035
New Testament,Acts,10,Acts 10:34-43,rid_8d2dd8842e5abef77bdb,tuesday-of-the-third-week-of-great-lent-br-feast-of-the-cross-readings-of-10th-baramhat,Tuesday of the third week of Great Lent <br>(Feast of the Cross - Readings of 10th Baramhat),Great Lent,Liturgy,,Acts of the Apostles,current_public_or_local_reference,local cache covering 2020 to 2035
New Testament,Acts,10,Acts 10:34-43,rid_8d2dd8842e5abef77bdb,tut-17-01,The Feast of the Consecration of the Church of the Honorable Cross,Annual / fixed or ordinary cycle,liturgy_acts,,liturgy_acts,current_public_or_local_reference,local repo snapshot of pierresaid Katameros API SQLite database
New Testament,Acts,10,Acts 10:34-43,rid_8d2dd8842e5abef77bdb,wednesday-of-the-fifth-week-of-great-lent-br-feast-of-the-cross-readings-of-10th-baramhat,Wednesday of the fifth week of Great Lent <br>(Feast of the Cross - Readings of 10th Baramhat),Great Lent,Liturgy,,Acts of the Apostles,current_public_or_local_reference,local cache covering 2020 to 2035
New Testament,Acts,10,Acts 10:34-43,rid_8d2dd8842e5abef77bdb,wednesday-of-the-fourth-week-of-great-lent-br-feast-of-the-cross-readings-of-10th-baramhat,Wednesday of the fourth week of Great Lent <br>(Feast of the Cross - Readings of 10th Baramhat),Great Lent,Liturgy,,Acts of the Apostles,current_public_or_local_reference,local cache covering 2020 to 2035
New Testament,Acts,10,Acts 10:37-43,rid_80b00e759fbafcd0f424,holy-fifty-days-pentecost-cycle,Holy Fifty Days/Pentecost cycle,Holy Fifty Days,liturgy_acts,,liturgy_acts,current_public_or_local_reference,local repo snapshot of pierresaid Katameros API SQLite database
New Testament,Acts,10,Acts 10:37-43,rid_80b00e759fbafcd0f424,sunday-of-the-third-week-of-the-holy-fifty-days,Sunday of the third week of the holy fifty days,Holy Fifty Days,Liturgy,,Acts of the Apostles,current_public_or_local_reference,local cache covering 2020 to 2035
New Testament,Acts,10,Acts 10:37-48,rid_0b839b218ddcaacb5a56,hatur-01-01,"The Martyrdom of the Saints Maximus, Numitius, Victor (Boctor), and Philip (Philopus)",Annual / fixed or ordinary cycle,liturgy_acts,,liturgy_acts,current_public_or_local_reference,local repo snapshot of pierresaid Katameros API SQLite database
New Testament,Acts,10,Acts 10:9-20,rid_b7a3e18127962ac149b6,great-lent-jonah-nineveh-cycle,Great Lent/Jonah/Nineveh cycle,Great Lent,liturgy_acts,,liturgy_acts,current_public_or_local_reference,local repo snapshot of pierresaid Katameros API SQLite database
New Testament,Acts,10,Acts 10:9-20,rid_b7a3e18127962ac149b6,wednesday-of-the-first-week-of-great-lent,Wednesday of the first week of Great Lent,Great Lent,Liturgy,,Acts of the Apostles,current_public_or_local_reference,local cache covering 2020 to 2035
New Testament,Acts,11,Acts 11:1,rid_05d306f1bd46de3e5117,hatur-01-01,"The Martyrdom of the Saints Maximus, Numitius, Victor (Boctor), and Philip (Philopus)",Annual / fixed or ordinary cycle,liturgy_acts,,liturgy_acts,current_public_or_local_reference,local repo snapshot of pierresaid Katameros API SQLite database
New Testament,Acts,11,Acts 11:12-18,rid_9c49e5270e529fde2ec1,al-nasi-06-01,A Thanksgiving To God,Annual / fixed or ordinary cycle,liturgy_acts,,liturgy_acts,current_public_or_local_reference,local repo snapshot of pierresaid Katameros API SQLite database
New Testament,Acts,11,Acts 11:12-18,rid_9c49e5270e529fde2ec1,great-lent-jonah-nineveh-cycle,Great Lent/Jonah/Nineveh cycle,Great Lent,liturgy_acts,,liturgy_acts,current_public_or_local_reference,local repo snapshot of pierresaid Katameros API SQLite database
New Testament,Acts,11,Acts 11:12-18,rid_9c49e5270e529fde2ec1,al-nasi-06-01,A Thanksgiving To God,Annual / fixed or ordinary cycle,Liturgy,,Acts of the Apostles,current_public_or_local_reference,local cache covering 2020 to 2035
New Testament,Acts,11,Acts 11:12-18,rid_9c49e5270e529fde2ec1,wednesday-of-the-fifth-week-of-great-lent,Wednesday of the fifth week of Great Lent,Great Lent,Liturgy,,Acts of the Apostles,current_public_or_local_reference,local cache covering 2020 to 2035
New Testament,Acts,11,Acts 11:15-24,rid_79f20a86350cc830ee07,amshir-01-01,"On this day of the year 381 A.D., one hundred and fifty fathers assembled upon the order of Emperor Theodosius the Great, in the city of Constantinople",Annual / fixed or ordinary cycle,Liturgy,,Acts of the Apostles,current_public_or_local_reference,local cache covering 2020 to 2035
New Testament,Acts,11,Acts 11:15-24,rid_79f20a86350cc830ee07,amshir-01-01,"On this day of the year 381 A.D., one hundred and fifty fathers assembled upon the order of Emperor Theodosius the Great, in the city of Constantinople",Annual / fixed or ordinary cycle,liturgy_acts,,liturgy_acts,current_public_or_local_reference,local repo snapshot of pierresaid Katameros API SQLite database
New Testament,Acts,11,Acts 11:15-24,rid_79f20a86350cc830ee07,baramhat-04-01,Assembly of the Holy Council on the island of Bani-Omar,Annual / fixed or ordinary cycle,liturgy_acts,,liturgy_acts,current_public_or_local_reference,local repo snapshot of pierresaid Katameros API SQLite database
New Testament,Acts,11,Acts 11:15-24,rid_79f20a86350cc830ee07,hator-3,Hator 3,Annual / fixed or ordinary cycle,Liturgy,,Acts of the Apostles,current_public_or_local_reference,local cache covering 2020 to 2035
New Testament,Acts,11,Acts 11:15-24,rid_79f20a86350cc830ee07,hator-9,Hator 9,Annual / fixed or ordinary cycle,Liturgy,,Acts of the Apostles,current_public_or_local_reference,local cache covering 2020 to 2035
New Testament,Acts,11,Acts 11:15-24,rid_79f20a86350cc830ee07,hatur-03-01,The Departure of St. Cyriacus,Annual / fixed or ordinary cycle,liturgy_acts,,liturgy_acts,current_public_or_local_reference,local repo snapshot of pierresaid Katameros API SQLite database
New Testament,Acts,11,Acts 11:15-24,rid_79f20a86350cc830ee07,hatur-09-01,"The Departure of the Holy Father Anba Isaac, 41st Pope of Alexandria",Annual / fixed or ordinary cycle,liturgy_acts,,liturgy_acts,current_public_or_local_reference,local repo snapshot of pierresaid Katameros API SQLite database
New Testament,Acts,11,Acts 11:15-24,rid_79f20a86350cc830ee07,tut-12-01,"The Assembly of the Third Ecumenical Council at Ephesus to Judge Nestorius, Archbishop of Constantinople",Annual / fixed or ordinary cycle,Liturgy,,Acts of the Apostles,current_public_or_local_reference,local cache covering 2020 to 2035
New Testament,Acts,11,Acts 11:15-24,rid_79f20a86350cc830ee07,tut-12-01,"The Assembly of the Third Ecumenical Council at Ephesus to Judge Nestorius, Archbishop of Constantinople",Annual / fixed or ordinary cycle,liturgy_acts,,liturgy_acts,current_public_or_local_reference,local repo snapshot of pierresaid Katameros API SQLite database
New Testament,Acts,11,Acts 11:19-26,rid_f11724db5227eefcbb03,babah-24-01,The Departure of the Righteous Father Abba Hilarion,Annual / fixed or ordinary cycle,Liturgy,,Acts of the Apostles,current_public_or_local_reference,local cache covering 2020 to 2035
New Testament,Acts,11,Acts 11:19-26,rid_f11724db5227eefcbb03,babah-24-01,The Departure of the Righteous Father Abba Hilarion,Annual / fixed or ordinary cycle,liturgy_acts,,liturgy_acts,current_public_or_local_reference,local repo snapshot of pierresaid Katameros API SQLite database
New Testament,Acts,11,Acts 11:19-26,rid_f11724db5227eefcbb03,barmuda-9,Barmuda 9,Annual / fixed or ordinary cycle,liturgy_acts,,liturgy_acts,current_public_or_local_reference,local repo snapshot of pierresaid Katameros API SQLite database
New Testament,Acts,11,Acts 11:19-26,rid_f11724db5227eefcbb03,bashans-13-01,The Departure Of St. Arsanius The Tutor Of the Emperor's Children,Annual / fixed or ordinary cycle,liturgy_acts,,liturgy_acts,current_public_or_local_reference,local repo snapshot of pierresaid Katameros API SQLite database
New Testament,Acts,11,Acts 11:19-26,rid_f11724db5227eefcbb03,bashans-19-01,"The Commemoration of the Departure of Abba Isaac, the Priest of El-Qalali (Cells)",Annual / fixed or ordinary cycle,liturgy_acts,,liturgy_acts,current_public_or_local_reference,local repo snapshot of pierresaid Katameros API SQLite database
New Testament,Acts,11,Acts 11:19-26,rid_f11724db5227eefcbb03,baunah-17-01,The Return of the Relics of the Great St. Mark to the New St. Mark Cathedral,Annual / fixed or ordinary cycle,liturgy_acts,,liturgy_acts,current_public_or_local_reference,local repo snapshot of pierresaid Katameros API SQLite database
New Testament,Acts,11,Acts 11:19-26,rid_f11724db5227eefcbb03,baunah-23-01,The Departure of St. Abba Noub the Confessor,Annual / fixed or ordinary cycle,liturgy_acts,,liturgy_acts,current_public_or_local_reference,local repo snapshot of pierresaid Katameros API SQLite database
New Testament,Acts,11,Acts 11:19-26,rid_f11724db5227eefcbb03,baunah-05-01,The Departure of St. James of the East,Annual / fixed or ordinary cycle,liturgy_acts,,liturgy_acts,current_public_or_local_reference,local repo snapshot of pierresaid Katameros API SQLite database
New Testament,Acts,11,Acts 11:19-26,rid_f11724db5227eefcbb03,fast-of-nineveh,Fast of Nineveh,Annual / fixed or ordinary cycle,Liturgy,,Acts of the Apostles,current_public_or_local_reference,local cache covering 2020 to 2035
New Testament,Acts,11,Acts 11:19-26,rid_f11724db5227eefcbb03,kiak-9,Kiak 9,Annual / fixed or ordinary cycle,Liturgy,,Acts of the Apostles,current_public_or_local_reference,local cache covering 2020 to 2035
New Testament,Acts,11,Acts 11:19-26,rid_f11724db5227eefcbb03,kiyahk-09-01,"The Departure of St. Poemin, the Confessor",Annual / fixed or ordinary cycle,liturgy_acts,,liturgy_acts,current_public_or_local_reference,local repo snapshot of pierresaid Katameros API SQLite database
New Testament,Acts,11,Acts 11:19-26,rid_f11724db5227eefcbb03,baunah-17-01,The Return of the Relics of the Great St. Mark to the New St. Mark Cathedral,Annual / fixed or ordinary cycle,Liturgy,,Acts of the Apostles,current_public_or_local_reference,local cache covering 2020 to 2035
New Testament,Acts,11,Acts 11:19-26,rid_f11724db5227eefcbb03,baunah-23-01,The Departure of St. Abba Noub the Confessor,Annual / fixed or ordinary cycle,Liturgy,,Acts of the Apostles,current_public_or_local_reference,local cache covering 2020 to 2035
New Testament,Acts,11,Acts 11:19-26,rid_f11724db5227eefcbb03,baunah-05-01,The Departure of St. James of the East,Annual / fixed or ordinary cycle,Liturgy,,Acts of the Apostles,current_public_or_local_reference,local cache covering 2020 to 2035
New Testament,Acts,11,Acts 11:19-26,rid_f11724db5227eefcbb03,the-second-sunday-of-tout,The second Sunday of Tout,Annual / fixed or ordinary cycle,Liturgy,,Acts of the Apostles,current_public_or_local_reference,local cache covering 2020 to 2035
New Testament,Acts,11,Acts 11:19-26,rid_f11724db5227eefcbb03,toba-22,Toba 22,Annual / fixed or ordinary cycle,Liturgy,,Acts of the Apostles,current_public_or_local_reference,local cache covering 2020 to 2035
New Testament,Acts,11,Acts 11:19-26,rid_f11724db5227eefcbb03,tubah-22-01,The Departure of St. Anthony the Great (Antonius),Annual / fixed or ordinary cycle,liturgy_acts,,liturgy_acts,current_public_or_local_reference,local repo snapshot of pierresaid Katameros API SQLite database
New Testament,Acts,11,Acts 11:19-26,rid_f11724db5227eefcbb03,tut-02-01,The Martyrdom of St. John the Baptist,Annual / fixed or ordinary cycle,liturgy_acts,,liturgy_acts,current_public_or_local_reference,local repo snapshot of pierresaid Katameros API SQLite database
New Testament,Acts,11,Acts 11:19-30,rid_491476e30b239466e0d4,the-fourth-sunday-of-mesra,The fourth Sunday of Mesra,Annual / fixed or ordinary cycle,Liturgy,,Acts of the Apostles,current_public_or_local_reference,local cache covering 2020 to 2035
New Testament,Acts,11,Acts 11:19-30,rid_491476e30b239466e0d4,mesra-04-01,The Departure of Hezekiah the King,Annual / fixed or ordinary cycle,liturgy_acts,,liturgy_acts,current_public_or_local_reference,local repo snapshot of pierresaid Katameros API SQLite database
New Testament,Acts,11,Acts 11:2-14,rid_7198f6144e1675a2733b,hator-8,Hator 8,Annual / fixed or ordinary cycle,Liturgy,,Acts of the Apostles,current_public_or_local_reference,local cache covering 2020 to 2035
New Testament,Acts,11,Acts 11:2-14,rid_7198f6144e1675a2733b,hatur-08-01,The Commemoration of the Four Incorporeal Beasts,Annual / fixed or ordinary cycle,liturgy_acts,,liturgy_acts,current_public_or_local_reference,local repo snapshot of pierresaid Katameros API SQLite database
New Testament,Acts,11,Acts 11:2-18,rid_954fc9b51703e8183584,great-lent-jonah-nineveh-cycle,Great Lent/Jonah/Nineveh cycle,Great Lent,liturgy_acts,,liturgy_acts,current_public_or_local_reference,local repo snapshot of pierresaid Katameros API SQLite database
New Testament,Acts,11,Acts 11:2-18,rid_954fc9b51703e8183584,monday-of-the-fourth-week-of-great-lent,Monday of the fourth week of Great Lent,Great Lent,Liturgy,,Acts of the Apostles,current_public_or_local_reference,local cache covering 2020 to 2035
New Testament,Acts,11,Acts 11:2-18,rid_954fc9b51703e8183584,the-fourth-sunday-of-bashons,The fourth Sunday of Bashons,Annual / fixed or ordinary cycle,Liturgy,,Acts of the Apostles,current_public_or_local_reference,local cache covering 2020 to 2035
New Testament,Acts,11,Acts 11:2-18,rid_954fc9b51703e8183584,the-fourth-sunday-of-toba,The fourth Sunday of Toba,Annual / fixed or ordinary cycle,Liturgy,,Acts of the Apostles,current_public_or_local_reference,local cache covering 2020 to 2035
New Testament,Acts,11,Acts 11:2-18,rid_954fc9b51703e8183584,tubah-04-01,The Departure of St. John the Evangelist and Theologian,Annual / fixed or ordinary cycle,liturgy_acts,,liturgy_acts,current_public_or_local_reference,local repo snapshot of pierresaid Katameros API SQLite database
New Testament,Acts,11,Acts 11:26-12,rid_a1d6bb53bb294507ab59,great-lent-jonah-nineveh-cycle,Great Lent/Jonah/Nineveh cycle,Great Lent,liturgy_acts,,liturgy_acts,current_public_or_local_reference,local repo snapshot of pierresaid Katameros API SQLite database
New Testament,Acts,11,Acts 11:26-12:2,rid_146e1a83832f5bce257f,wednesday-of-the-fourth-week-of-great-lent,Wednesday of the fourth week of Great Lent,Great Lent,Liturgy,,Acts of the Apostles,current_public_or_local_reference,local cache covering 2020 to 2035
New Testament,Acts,12,Acts 12:1-12,rid_589a2a687937d5950890,tut-02-01,The Martyrdom of St. John the Baptist,Annual / fixed or ordinary cycle,Liturgy,,Acts of the Apostles,current_public_or_local_reference,local cache covering 2020 to 2035
New Testament,Acts,12,Acts 12:1-12,rid_589a2a687937d5950890,tut-02-01,The Martyrdom of St. John the Baptist,Annual / fixed or ordinary cycle,liturgy_acts,,liturgy_acts,current_public_or_local_reference,local repo snapshot of pierresaid Katameros API SQLite database
New Testament,Acts,12,Acts 12:1-24,rid_57e905b23e1bd926dd20,amshir-11-01,"The Martyrdom of St. Fabianus (Fabrianus), Pope of Rome",Annual / fixed or ordinary cycle,Liturgy,,Acts of the Apostles,current_public_or_local_reference,local cache covering 2020 to 2035
New Testament,Acts,12,Acts 12:1-24,rid_57e905b23e1bd926dd20,amshir-11-01,"The Martyrdom of St. Fabianus (Fabrianus), Pope of Rome",Annual / fixed or ordinary cycle,liturgy_acts,,liturgy_acts,current_public_or_local_reference,local repo snapshot of pierresaid Katameros API SQLite database
New Testament,Acts,12,Acts 12:1-24,rid_57e905b23e1bd926dd20,amshir-20-01,"The Departure of St. Peter, 21st Pope of Alexandria",Annual / fixed or ordinary cycle,Liturgy,,Acts of the Apostles,current_public_or_local_reference,local cache covering 2020 to 2035
New Testament,Acts,12,Acts 12:1-24,rid_57e905b23e1bd926dd20,amshir-20-01,"The Departure of St. Peter, 21st Pope of Alexandria",Annual / fixed or ordinary cycle,liturgy_acts,,liturgy_acts,current_public_or_local_reference,local repo snapshot of pierresaid Katameros API SQLite database
New Testament,Acts,12,Acts 12:1-24,rid_57e905b23e1bd926dd20,babah-16-01,"The Departure of St. Agathon, 39th Pope of Alexandria",Annual / fixed or ordinary cycle,Liturgy,,Acts of the Apostles,current_public_or_local_reference,local cache covering 2020 to 2035
New Testament,Acts,12,Acts 12:1-24,rid_57e905b23e1bd926dd20,babah-18-01,The Departure of the Honorable Father Saint Theophilus 23rd Pope of Alexandria,Annual / fixed or ordinary cycle,Liturgy,,Acts of the Apostles,current_public_or_local_reference,local cache covering 2020 to 2035
New Testament,Acts,12,Acts 12:1-24,rid_57e905b23e1bd926dd20,babah-16-01,"The Departure of St. Agathon, 39th Pope of Alexandria",Annual / fixed or ordinary cycle,liturgy_acts,,liturgy_acts,current_public_or_local_reference,local repo snapshot of pierresaid Katameros API SQLite database
New Testament,Acts,12,Acts 12:1-24,rid_57e905b23e1bd926dd20,babah-18-01,The Departure of the Honorable Father Saint Theophilus 23rd Pope of Alexandria,Annual / fixed or ordinary cycle,liturgy_acts,,liturgy_acts,current_public_or_local_reference,local repo snapshot of pierresaid Katameros API SQLite database
New Testament,Acts,12,Acts 12:1-24,rid_57e905b23e1bd926dd20,baramhat-12-01,The Commemoration of the Honorable Angel Michael,Annual / fixed or ordinary cycle,liturgy_acts,,liturgy_acts,current_public_or_local_reference,local repo snapshot of pierresaid Katameros API SQLite database
New Testament,Acts,12,Acts 12:1-24,rid_57e905b23e1bd926dd20,baramhat-16-01,The Departure Of The Saint Anba Khail (Mikhail) the Forty Sixth Pope Of The See Of St. Mark,Annual / fixed or ordinary cycle,liturgy_acts,,liturgy_acts,current_public_or_local_reference,local repo snapshot of pierresaid Katameros API SQLite database
New Testament,Acts,12,Acts 12:1-24,rid_57e905b23e1bd926dd20,baramhat-20-01,The Departure Of the St. Anba Khail (Mikhail) the Fifty Six Pope of the See of St. Mark,Annual / fixed or ordinary cycle,liturgy_acts,,liturgy_acts,current_public_or_local_reference,local repo snapshot of pierresaid Katameros API SQLite database
New Testament,Acts,12,Acts 12:1-24,rid_57e905b23e1bd926dd20,baramhat-24-01,The Apparition of the Pure Lady the Virgin in the church of Zeiton,Annual / fixed or ordinary cycle,liturgy_acts,,liturgy_acts,current_public_or_local_reference,local repo snapshot of pierresaid Katameros API SQLite database
New Testament,Acts,12,Acts 12:1-24,rid_57e905b23e1bd926dd20,baramhat-03-01,"The Departure of St. Cosmas, the Fifty-Eighth Pope of Alexandria",Annual / fixed or ordinary cycle,liturgy_acts,,liturgy_acts,current_public_or_local_reference,local repo snapshot of pierresaid Katameros API SQLite database
New Testament,Acts,12,Acts 12:1-24,rid_57e905b23e1bd926dd20,barmuda-14,Barmuda 14,Annual / fixed or ordinary cycle,liturgy_acts,,liturgy_acts,current_public_or_local_reference,local repo snapshot of pierresaid Katameros API SQLite database
New Testament,Acts,12,Acts 12:1-24,rid_57e905b23e1bd926dd20,barmuda-22,Barmuda 22,Annual / fixed or ordinary cycle,liturgy_acts,,liturgy_acts,current_public_or_local_reference,local repo snapshot of pierresaid Katameros API SQLite database
New Testament,Acts,12,Acts 12:1-24,rid_57e905b23e1bd926dd20,bashans-04-01,"The Departure of Pope John (Youhanna) the First, the Twenty Ninth Patriarch of the See of St. Mark",Annual / fixed or ordinary cycle,liturgy_acts,,liturgy_acts,current_public_or_local_reference,local repo snapshot of pierresaid Katameros API SQLite database
New Testament,Acts,12,Acts 12:1-24,rid_57e905b23e1bd926dd20,baunah-18-01,The Inauguration of the New St. Mark Cathedral in the Monastery of Anba Rowais,Annual / fixed or ordinary cycle,liturgy_acts,,liturgy_acts,current_public_or_local_reference,local repo snapshot of pierresaid Katameros API SQLite database
New Testament,Acts,12,Acts 12:1-24,rid_57e905b23e1bd926dd20,fast-of-nineveh,Fast of Nineveh,Annual / fixed or ordinary cycle,Liturgy,,Acts of the Apostles,current_public_or_local_reference,local cache covering 2020 to 2035
New Testament,Acts,12,Acts 12:1-24,rid_57e905b23e1bd926dd20,hator-2,Hator 2,Annual / fixed or ordinary cycle,Liturgy,,Acts of the Apostles,current_public_or_local_reference,local cache covering 2020 to 2035
New Testament,Acts,12,Acts 12:1-24,rid_57e905b23e1bd926dd20,hator-29,Hator 29,Annual / fixed or ordinary cycle,Liturgy,,Acts of the Apostles,current_public_or_local_reference,local cache covering 2020 to 2035
New Testament,Acts,12,Acts 12:12-23,rid_0e2efacc3d115e5c89e2,great-lent-jonah-nineveh-cycle,Great Lent/Jonah/Nineveh cycle,Great Lent,liturgy_acts,,liturgy_acts,current_public_or_local_reference,local repo snapshot of pierresaid Katameros API SQLite database
New Testament,Acts,12,Acts 12:12-23,rid_0e2efacc3d115e5c89e2,thursday-of-the-second-week-of-great-lent,Thursday of the second week of Great Lent,Great Lent,Liturgy,,Acts of the Apostles,current_public_or_local_reference,local cache covering 2020 to 2035
New Testament,Acts,12,Acts 12:25,rid_a13e38e3d727d1d7e70d,abib-21-01,"The Commemoration of the Lady, the Virgin Mary",Annual / fixed or ordinary cycle,liturgy_acts,,liturgy_acts,current_public_or_local_reference,local repo snapshot of pierresaid Katameros API SQLite database
New Testament,Acts,12,Acts 12:25,rid_a13e38e3d727d1d7e70d,abib-25-01,The Departure of St. Thecla,Annual / fixed or ordinary cycle,liturgy_acts,,liturgy_acts,current_public_or_local_reference,local repo snapshot of pierresaid Katameros API SQLite database
New Testament,Acts,12,Acts 12:25,rid_a13e38e3d727d1d7e70d,babah-10-01,"The Martyrdom of St. Sergius, the Friend of St. Bacchus",Annual / fixed or ordinary cycle,liturgy_acts,,liturgy_acts,current_public_or_local_reference,local repo snapshot of pierresaid Katameros API SQLite database
New Testament,Acts,12,Acts 12:25,rid_a13e38e3d727d1d7e70d,babah-28-01,Martyrdom of the Sts. Marcian (Marcianus) and Mercurius,Annual / fixed or ordinary cycle,liturgy_acts,,liturgy_acts,current_public_or_local_reference,local repo snapshot of pierresaid Katameros API SQLite database
New Testament,Acts,12,Acts 12:25,rid_a13e38e3d727d1d7e70d,babah-04-01,"The Martyrdom of St. Bacchus, the Friend of St. Sergius",Annual / fixed or ordinary cycle,liturgy_acts,,liturgy_acts,current_public_or_local_reference,local repo snapshot of pierresaid Katameros API SQLite database
New Testament,Acts,12,Acts 12:25,rid_a13e38e3d727d1d7e70d,babah-08-01,The Martyrdom of St. Matra,Annual / fixed or ordinary cycle,liturgy_acts,,liturgy_acts,current_public_or_local_reference,local repo snapshot of pierresaid Katameros API SQLite database
New Testament,Acts,12,Acts 12:25,rid_a13e38e3d727d1d7e70d,baramhat-13-01,"The Departure of Abba Dionysius, the Fourteenth Pope of Alexandria",Annual / fixed or ordinary cycle,liturgy_acts,,liturgy_acts,current_public_or_local_reference,local repo snapshot of pierresaid Katameros API SQLite database
New Testament,Acts,12,Acts 12:25,rid_a13e38e3d727d1d7e70d,barmuda-28,Barmuda 28,Annual / fixed or ordinary cycle,liturgy_acts,,liturgy_acts,current_public_or_local_reference,local repo snapshot of pierresaid Katameros API SQLite database
New Testament,Acts,12,Acts 12:25,rid_a13e38e3d727d1d7e70d,bashans-25-01,The Martyrdom of St. Colluthus of Antinoe (Known as Abu Colta),Annual / fixed or ordinary cycle,liturgy_acts,,liturgy_acts,current_public_or_local_reference,local repo snapshot of pierresaid Katameros API SQLite database
New Testament,Acts,12,Acts 12:25,rid_a13e38e3d727d1d7e70d,hatur-19-01,The Consecration of the Church of St. Sergius and St. Bacchus,Annual / fixed or ordinary cycle,liturgy_acts,,liturgy_acts,current_public_or_local_reference,local repo snapshot of pierresaid Katameros API SQLite database
New Testament,Acts,12,Acts 12:25,rid_a13e38e3d727d1d7e70d,hatur-25-01,"The Martyrdom of St. Mercurius, Known as the Saint with the Two Swords",Annual / fixed or ordinary cycle,liturgy_acts,,liturgy_acts,current_public_or_local_reference,local repo snapshot of pierresaid Katameros API SQLite database
New Testament,Acts,12,Acts 12:25,rid_a13e38e3d727d1d7e70d,kiyahk-08-01,"The Departure of St. Heraclas (Theoclas), 13th Pope of Alexandria",Annual / fixed or ordinary cycle,liturgy_acts,,liturgy_acts,current_public_or_local_reference,local repo snapshot of pierresaid Katameros API SQLite database
New Testament,Acts,12,Acts 12:25,rid_a13e38e3d727d1d7e70d,tubah-05-01,The Martyrdom of St. Eusegnius (Eugenius) the Soldier,Annual / fixed or ordinary cycle,liturgy_acts,,liturgy_acts,current_public_or_local_reference,local repo snapshot of pierresaid Katameros API SQLite database
New Testament,Acts,12,Acts 12:25,rid_a13e38e3d727d1d7e70d,baunah-01-01,The Consecration of the church of St. Leontius of Tripoli,Annual / fixed or ordinary cycle,liturgy_acts,,liturgy_acts,current_public_or_local_reference,local repo snapshot of pierresaid Katameros API SQLite database
New Testament,Acts,12,Acts 12:25-13:12,rid_2c7c7642b7779cf5bcf3,abib-21,Abib 21,Annual / fixed or ordinary cycle,Liturgy,,Acts of the Apostles,current_public_or_local_reference,local cache covering 2020 to 2035
New Testament,Acts,12,Acts 12:25-13:12,rid_2c7c7642b7779cf5bcf3,abib-25,Abib 25,Annual / fixed or ordinary cycle,Liturgy,,Acts of the Apostles,current_public_or_local_reference,local cache covering 2020 to 2035
New Testament,Acts,12,Acts 12:25-13:12,rid_2c7c7642b7779cf5bcf3,baba-10,Baba 10,Annual / fixed or ordinary cycle,Liturgy,,Acts of the Apostles,current_public_or_local_reference,local cache covering 2020 to 2035
New Testament,Acts,12,Acts 12:25-13:12,rid_2c7c7642b7779cf5bcf3,baba-28,Baba 28,Annual / fixed or ordinary cycle,Liturgy,,Acts of the Apostles,current_public_or_local_reference,local cache covering 2020 to 2035
New Testament,Acts,12,Acts 12:25-13:12,rid_2c7c7642b7779cf5bcf3,baba-4,Baba 4,Annual / fixed or ordinary cycle,Liturgy,,Acts of the Apostles,current_public_or_local_reference,local cache covering 2020 to 2035
New Testament,Acts,12,Acts 12:25-13:12,rid_2c7c7642b7779cf5bcf3,baba-8,Baba 8,Annual / fixed or ordinary cycle,Liturgy,,Acts of the Apostles,current_public_or_local_reference,local cache covering 2020 to 2035
New Testament,Acts,12,Acts 12:25-13:12,rid_2c7c7642b7779cf5bcf3,bashons-25,Bashons 25,Annual / fixed or ordinary cycle,Liturgy,,Acts of the Apostles,current_public_or_local_reference,local cache covering 2020 to 2035
New Testament,Acts,12,Acts 12:25-13:12,rid_2c7c7642b7779cf5bcf3,hator-19,Hator 19,Annual / fixed or ordinary cycle,Liturgy,,Acts of the Apostles,current_public_or_local_reference,local cache covering 2020 to 2035
New Testament,Acts,12,Acts 12:25-13:12,rid_2c7c7642b7779cf5bcf3,hator-25,Hator 25,Annual / fixed or ordinary cycle,Liturgy,,Acts of the Apostles,current_public_or_local_reference,local cache covering 2020 to 2035
New Testament,Acts,12,Acts 12:25-13:12,rid_2c7c7642b7779cf5bcf3,kiak-8,Kiak 8,Annual / fixed or ordinary cycle,Liturgy,,Acts of the Apostles,current_public_or_local_reference,local cache covering 2020 to 2035
New Testament,Acts,12,Acts 12:25-13:12,rid_2c7c7642b7779cf5bcf3,the-first-sunday-of-paona,The first Sunday of Paona,Annual / fixed or ordinary cycle,Liturgy,,Acts of the Apostles,current_public_or_local_reference,local cache covering 2020 to 2035
New Testament,Acts,12,Acts 12:25-13:12,rid_2c7c7642b7779cf5bcf3,toba-5,Toba 5,Annual / fixed or ordinary cycle,Liturgy,,Acts of the Apostles,current_public_or_local_reference,local cache covering 2020 to 2035
New Testament,Acts,13,Acts 13:1-12,rid_35897a8bf8b3ae6c8d79,abib-21-01,"The Commemoration of the Lady, the Virgin Mary",Annual / fixed or ordinary cycle,liturgy_acts,,liturgy_acts,current_public_or_local_reference,local repo snapshot of pierresaid Katameros API SQLite database
New Testament,Acts,13,Acts 13:1-12,rid_35897a8bf8b3ae6c8d79,abib-25-01,The Departure of St. Thecla,Annual / fixed or ordinary cycle,liturgy_acts,,liturgy_acts,current_public_or_local_reference,local repo snapshot of pierresaid Katameros API SQLite database
New Testament,Acts,13,Acts 13:1-12,rid_35897a8bf8b3ae6c8d79,babah-10-01,"The Martyrdom of St. Sergius, the Friend of St. Bacchus",Annual / fixed or ordinary cycle,liturgy_acts,,liturgy_acts,current_public_or_local_reference,local repo snapshot of pierresaid Katameros API SQLite database
New Testament,Acts,13,Acts 13:1-12,rid_35897a8bf8b3ae6c8d79,babah-28-01,Martyrdom of the Sts. Marcian (Marcianus) and Mercurius,Annual / fixed or ordinary cycle,liturgy_acts,,liturgy_acts,current_public_or_local_reference,local repo snapshot of pierresaid Katameros API SQLite database
New Testament,Acts,13,Acts 13:1-12,rid_35897a8bf8b3ae6c8d79,babah-04-01,"The Martyrdom of St. Bacchus, the Friend of St. Sergius",Annual / fixed or ordinary cycle,liturgy_acts,,liturgy_acts,current_public_or_local_reference,local repo snapshot of pierresaid Katameros API SQLite database
New Testament,Acts,13,Acts 13:1-12,rid_35897a8bf8b3ae6c8d79,babah-08-01,The Martyrdom of St. Matra,Annual / fixed or ordinary cycle,liturgy_acts,,liturgy_acts,current_public_or_local_reference,local repo snapshot of pierresaid Katameros API SQLite database
New Testament,Acts,13,Acts 13:1-12,rid_35897a8bf8b3ae6c8d79,baramhat-13-01,"The Departure of Abba Dionysius, the Fourteenth Pope of Alexandria",Annual / fixed or ordinary cycle,liturgy_acts,,liturgy_acts,current_public_or_local_reference,local repo snapshot of pierresaid Katameros API SQLite database
New Testament,Acts,13,Acts 13:1-12,rid_35897a8bf8b3ae6c8d79,barmuda-28,Barmuda 28,Annual / fixed or ordinary cycle,liturgy_acts,,liturgy_acts,current_public_or_local_reference,local repo snapshot of pierresaid Katameros API SQLite database
New Testament,Acts,13,Acts 13:1-12,rid_35897a8bf8b3ae6c8d79,bashans-25-01,The Martyrdom of St. Colluthus of Antinoe (Known as Abu Colta),Annual / fixed or ordinary cycle,liturgy_acts,,liturgy_acts,current_public_or_local_reference,local repo snapshot of pierresaid Katameros API SQLite database
New Testament,Acts,13,Acts 13:1-12,rid_35897a8bf8b3ae6c8d79,hatur-19-01,The Consecration of the Church of St. Sergius and St. Bacchus,Annual / fixed or ordinary cycle,liturgy_acts,,liturgy_acts,current_public_or_local_reference,local repo snapshot of pierresaid Katameros API SQLite database
New Testament,Acts,13,Acts 13:1-12,rid_35897a8bf8b3ae6c8d79,hatur-25-01,"The Martyrdom of St. Mercurius, Known as the Saint with the Two Swords",Annual / fixed or ordinary cycle,liturgy_acts,,liturgy_acts,current_public_or_local_reference,local repo snapshot of pierresaid Katameros API SQLite database
New Testament,Acts,13,Acts 13:1-12,rid_35897a8bf8b3ae6c8d79,kiyahk-08-01,"The Departure of St. Heraclas (Theoclas), 13th Pope of Alexandria",Annual / fixed or ordinary cycle,liturgy_acts,,liturgy_acts,current_public_or_local_reference,local repo snapshot of pierresaid Katameros API SQLite database
New Testament,Acts,13,Acts 13:1-12,rid_35897a8bf8b3ae6c8d79,tubah-05-01,The Martyrdom of St. Eusegnius (Eugenius) the Soldier,Annual / fixed or ordinary cycle,liturgy_acts,,liturgy_acts,current_public_or_local_reference,local repo snapshot of pierresaid Katameros API SQLite database
New Testament,Acts,13,Acts 13:1-12,rid_35897a8bf8b3ae6c8d79,baunah-01-01,The Consecration of the church of St. Leontius of Tripoli,Annual / fixed or ordinary cycle,liturgy_acts,,liturgy_acts,current_public_or_local_reference,local repo snapshot of pierresaid Katameros API SQLite database
New Testament,Acts,13,Acts 13:13-25,rid_2133d409485967ce8183,christmas-paramoune,Christmas Paramoune,Annual / fixed or ordinary cycle,Liturgy,,Acts of the Apostles,current_public_or_local_reference,local cache covering 2020 to 2035
New Testament,Acts,13,Acts 13:13-25,rid_2133d409485967ce8183,kiyahk-28-01,The Martyrdom of 150 Men and 24 Women from Ansena,Annual / fixed or ordinary cycle,liturgy_acts,,liturgy_acts,current_public_or_local_reference,local repo snapshot of pierresaid Katameros API SQLite database
New Testament,Acts,13,Acts 13:13-49,rid_1e29cc126e5f35ba38a9,myron-consecration,myron_consecration,Special service,liturgy,,liturgy,current_public_or_local_reference,local package snapshot
New Testament,Acts,13,Acts 13:25-32,rid_b0fde3823b34a237bdf8,paona-2,Paona 2,Annual / fixed or ordinary cycle,Liturgy,,Acts of the Apostles,current_public_or_local_reference,local cache covering 2020 to 2035
New Testament,Acts,13,Acts 13:25-32,rid_b0fde3823b34a237bdf8,the-first-sunday-of-tout,The first Sunday of Tout,Annual / fixed or ordinary cycle,Liturgy,,Acts of the Apostles,current_public_or_local_reference,local cache covering 2020 to 2035
New Testament,Acts,13,Acts 13:25-33,rid_622315eb2aba076048ad,baunah-02-01,The Commemoration of the Appearance of the Bodies of St. John the Baptist and Elisha the Prophet,Annual / fixed or ordinary cycle,liturgy_acts,,liturgy_acts,current_public_or_local_reference,local repo snapshot of pierresaid Katameros API SQLite database
New Testament,Acts,13,Acts 13:25-33,rid_622315eb2aba076048ad,tut-01-01,Feast of El-Nayrouz (Beginning of the Blessed Coptic Year),Annual / fixed or ordinary cycle,liturgy_acts,,liturgy_acts,current_public_or_local_reference,local repo snapshot of pierresaid Katameros API SQLite database
New Testament,Acts,13,Acts 13:26-33,rid_f1fe4f42fa473ab5d2b1,christmas,Christmas,Annual / fixed or ordinary cycle,Liturgy,,Acts of the Apostles,current_public_or_local_reference,local cache covering 2020 to 2035
New Testament,Acts,13,Acts 13:26-33,rid_f1fe4f42fa473ab5d2b1,kiyahk-29-01,The Feast of the Nativity of Our Lord Jesus Christ (Christmas),Annual / fixed or ordinary cycle,liturgy_acts,,liturgy_acts,current_public_or_local_reference,local repo snapshot of pierresaid Katameros API SQLite database
New Testament,Acts,13,Acts 13:34-42,rid_0e33736ec37dd9ed9cce,friday-of-the-first-week-of-the-holy-fifty-days,Friday of the first week of the holy fifty days,Holy Fifty Days,Liturgy,,Acts of the Apostles,current_public_or_local_reference,local cache covering 2020 to 2035
New Testament,Acts,13,Acts 13:34-42,rid_0e33736ec37dd9ed9cce,holy-fifty-days-pentecost-cycle,Holy Fifty Days/Pentecost cycle,Holy Fifty Days,liturgy_acts,,liturgy_acts,current_public_or_local_reference,local repo snapshot of pierresaid Katameros API SQLite database
New Testament,Acts,13,Acts 13:36-43,rid_498ac3b509ac6821f4ee,kiak-30,Kiak 30,Annual / fixed or ordinary cycle,Liturgy,,Acts of the Apostles,current_public_or_local_reference,local cache covering 2020 to 2035
New Testament,Acts,13,Acts 13:36-43,rid_498ac3b509ac6821f4ee,kiyahk-30-01,"The Departure of St. John, Archpriest of Scetis",Annual / fixed or ordinary cycle,liturgy_acts,,liturgy_acts,current_public_or_local_reference,local repo snapshot of pierresaid Katameros API SQLite database
New Testament,Acts,13,Acts 13:36-43,rid_498ac3b509ac6821f4ee,the-first-sunday-of-baba,The first Sunday of Baba,Annual / fixed or ordinary cycle,Liturgy,,Acts of the Apostles,current_public_or_local_reference,local cache covering 2020 to 2035
New Testament,Acts,13,Acts 13:36-43,rid_498ac3b509ac6821f4ee,babah-01-01,The Martyrdom of Saint Anastasia,Annual / fixed or ordinary cycle,liturgy_acts,,liturgy_acts,current_public_or_local_reference,local repo snapshot of pierresaid Katameros API SQLite database
New Testament,Acts,13,Acts 13:44-52,rid_bdc1cbe983f43ac3292e,bashans-03-01,"The Departure of St. Jason, one of the Seventy disciples",Annual / fixed or ordinary cycle,liturgy_acts,,liturgy_acts,current_public_or_local_reference,local repo snapshot of pierresaid Katameros API SQLite database
New Testament,Acts,14,Acts 14:1-8,rid_1bc6a69c84f782dbea4d,al-nasi-02-01,"The Departure of St. Titus, the Apostle",Annual / fixed or ordinary cycle,liturgy_acts,,liturgy_acts,current_public_or_local_reference,local repo snapshot of pierresaid Katameros API SQLite database
New Testament,Acts,14,Acts 14:1-8,rid_1bc6a69c84f782dbea4d,al-nasi-02-01,"The Departure of St. Titus, the Apostle",Annual / fixed or ordinary cycle,Liturgy,,Acts of the Apostles,current_public_or_local_reference,local cache covering 2020 to 2035
New Testament,Acts,14,Acts 14:1-9,rid_2598eba3e76474571f97,baramhat-05-01,"The Departure of Anba Serapamon, Archpriest of Abba Yehnis (John) monastery",Annual / fixed or ordinary cycle,liturgy_acts,,liturgy_acts,current_public_or_local_reference,local repo snapshot of pierresaid Katameros API SQLite database
New Testament,Acts,14,Acts 14:19-23,rid_bd222665428c7addd958,holy-fifty-days-pentecost-cycle,Holy Fifty Days/Pentecost cycle,Holy Fifty Days,liturgy_acts,,liturgy_acts,current_public_or_local_reference,local repo snapshot of pierresaid Katameros API SQLite database
New Testament,Acts,14,Acts 14:19-23,rid_bd222665428c7addd958,monday-of-the-seventh-week-of-the-holy-fifty-days,Monday of the seventh week of the holy fifty days,Holy Fifty Days,Liturgy,,Acts of the Apostles,current_public_or_local_reference,local cache covering 2020 to 2035
New Testament,Acts,14,Acts 14:19-23,rid_bd222665428c7addd958,monday-of-the-seventh-week-of-the-holy-fifty-days-and-the-feast-of-entry-into-egypt,Monday of the seventh week of the holy fifty days and the Feast of Entry into Egypt,Holy Fifty Days,Liturgy,,Acts of the Apostles,current_public_or_local_reference,local cache covering 2020 to 2035
New Testament,Acts,14,Acts 14:19-28,rid_c1041e2b48345a637602,great-lent-jonah-nineveh-cycle,Great Lent/Jonah/Nineveh cycle,Great Lent,liturgy_acts,,liturgy_acts,current_public_or_local_reference,local repo snapshot of pierresaid Katameros API SQLite database
New Testament,Acts,14,Acts 14:20-23,rid_acca9a4929fdfbfcb1f5,holy-fifty-days-pentecost-cycle,Holy Fifty Days/Pentecost cycle,Holy Fifty Days,liturgy_acts,,liturgy_acts,current_public_or_local_reference,local repo snapshot of pierresaid Katameros API SQLite database
New Testament,Acts,14,Acts 14:20-23,rid_acca9a4929fdfbfcb1f5,tuesday-of-the-seventh-week-of-the-holy-fifty-days,Tuesday of the seventh week of the holy fifty days,Holy Fifty Days,Liturgy,,Acts of the Apostles,current_public_or_local_reference,local cache covering 2020 to 2035
New Testament,Acts,14,Acts 14:24-15:3,rid_e71549757ab47945d653,the-first-sunday-of-toba,The first Sunday of Toba,Annual / fixed or ordinary cycle,Liturgy,,Acts of the Apostles,current_public_or_local_reference,local cache covering 2020 to 2035
New Testament,Acts,14,Acts 14:24-15:3,rid_e71549757ab47945d653,the-second-sunday-of-baba,The second Sunday of Baba,Annual / fixed or ordinary cycle,Liturgy,,Acts of the Apostles,current_public_or_local_reference,local cache covering 2020 to 2035
New Testament,Acts,14,Acts 14:24-28,rid_fb95d89b7927e2a925f2,babah-02-01,"The Coming of Saint Severus, Patriarch of Antioch, to Egypt",Annual / fixed or ordinary cycle,liturgy_acts,,liturgy_acts,current_public_or_local_reference,local repo snapshot of pierresaid Katameros API SQLite database
New Testament,Acts,14,Acts 14:8-22,rid_9a3ef899876e771cb80e,the-second-sunday-of-paona,The second Sunday of Paona,Annual / fixed or ordinary cycle,Liturgy,,Acts of the Apostles,current_public_or_local_reference,local cache covering 2020 to 2035
New Testament,Acts,14,Acts 14:8-22,rid_9a3ef899876e771cb80e,baunah-02-01,The Commemoration of the Appearance of the Bodies of St. John the Baptist and Elisha the Prophet,Annual / fixed or ordinary cycle,liturgy_acts,,liturgy_acts,current_public_or_local_reference,local repo snapshot of pierresaid Katameros API SQLite database
New Testament,Acts,14,Acts 14:8-23,rid_2ecc54dab1c76f35c683,holy-fifty-days-pentecost-cycle,Holy Fifty Days/Pentecost cycle,Holy Fifty Days,liturgy_acts,,liturgy_acts,current_public_or_local_reference,local repo snapshot of pierresaid Katameros API SQLite database
New Testament,Acts,14,Acts 14:8-23,rid_2ecc54dab1c76f35c683,sunday-of-the-fourth-week-of-the-holy-fifty-days,Sunday of the fourth week of the holy fifty days,Holy Fifty Days,Liturgy,,Acts of the Apostles,current_public_or_local_reference,local cache covering 2020 to 2035
New Testament,Acts,15,Acts 15:1-18,rid_57b3cf1ae32d09364a37,friday-of-the-seventh-week-of-great-lent,Friday of the seventh week of Great Lent,Great Lent,Liturgy,,Acts of the Apostles,current_public_or_local_reference,local cache covering 2020 to 2035
New Testament,Acts,15,Acts 15:1-18,rid_57b3cf1ae32d09364a37,great-lent-jonah-nineveh-cycle,Great Lent/Jonah/Nineveh cycle,Great Lent,liturgy_acts,,liturgy_acts,current_public_or_local_reference,local repo snapshot of pierresaid Katameros API SQLite database
New Testament,Acts,15,Acts 15:1-3,rid_0a19eb83379b4bfb3122,babah-02-01,"The Coming of Saint Severus, Patriarch of Antioch, to Egypt",Annual / fixed or ordinary cycle,liturgy_acts,,liturgy_acts,current_public_or_local_reference,local repo snapshot of pierresaid Katameros API SQLite database
New Testament,Acts,15,Acts 15:1-36,rid_a6c3911e86dba5ec461f,babah-04-01,"The Martyrdom of St. Bacchus, the Friend of St. Sergius",Annual / fixed or ordinary cycle,liturgy_acts,,liturgy_acts,current_public_or_local_reference,local repo snapshot of pierresaid Katameros API SQLite database
New Testament,Acts,15,Acts 15:12-20,rid_eaad5e7f82ada4a349df,wednesday-of-ninevah-s-fast,Wednesday of Ninevah's Fast,Annual / fixed or ordinary cycle,Liturgy,,Acts of the Apostles,current_public_or_local_reference,local cache covering 2020 to 2035
New Testament,Acts,15,Acts 15:12-21,rid_2b51b7fb62a086d83210,abib-07-01,"The Departure of St. Shenouda (Shenoute), the Archimandrite",Annual / fixed or ordinary cycle,Liturgy,,Acts of the Apostles,current_public_or_local_reference,local cache covering 2020 to 2035
New Testament,Acts,15,Acts 15:12-21,rid_2b51b7fb62a086d83210,abib-07-01,"The Departure of St. Shenouda (Shenoute), the Archimandrite",Annual / fixed or ordinary cycle,liturgy_acts,,liturgy_acts,current_public_or_local_reference,local repo snapshot of pierresaid Katameros API SQLite database
New Testament,Acts,15,Acts 15:12-21,rid_2b51b7fb62a086d83210,amshir-02-01,"The Departure of the Great Saint Anba Paul, the First Hermit",Annual / fixed or ordinary cycle,Liturgy,,Acts of the Apostles,current_public_or_local_reference,local cache covering 2020 to 2035
New Testament,Acts,15,Acts 15:12-21,rid_2b51b7fb62a086d83210,amshir-02-01,"The Departure of the Great Saint Anba Paul, the First Hermit",Annual / fixed or ordinary cycle,liturgy_acts,,liturgy_acts,current_public_or_local_reference,local repo snapshot of pierresaid Katameros API SQLite database
New Testament,Acts,15,Acts 15:12-21,rid_2b51b7fb62a086d83210,babah-20-01,The Departure of the Great St. John Colobos (the Short),Annual / fixed or ordinary cycle,Liturgy,,Acts of the Apostles,current_public_or_local_reference,local cache covering 2020 to 2035
New Testament,Acts,15,Acts 15:12-21,rid_2b51b7fb62a086d83210,babah-20-01,The Departure of the Great St. John Colobos (the Short),Annual / fixed or ordinary cycle,liturgy_acts,,liturgy_acts,current_public_or_local_reference,local repo snapshot of pierresaid Katameros API SQLite database
New Testament,Acts,15,Acts 15:12-21,rid_2b51b7fb62a086d83210,fast-of-nineveh,Fast of Nineveh,Annual / fixed or ordinary cycle,Liturgy,,Acts of the Apostles,current_public_or_local_reference,local cache covering 2020 to 2035
New Testament,Acts,15,Acts 15:12-21,rid_2b51b7fb62a086d83210,kiak-25,Kiak 25,Annual / fixed or ordinary cycle,Liturgy,,Acts of the Apostles,current_public_or_local_reference,local cache covering 2020 to 2035
New Testament,Acts,15,Acts 15:12-21,rid_2b51b7fb62a086d83210,kiak-7,Kiak 7,Annual / fixed or ordinary cycle,Liturgy,,Acts of the Apostles,current_public_or_local_reference,local cache covering 2020 to 2035
New Testament,Acts,15,Acts 15:12-21,rid_2b51b7fb62a086d83210,kiyahk-25-01,The Departure of St. John Kama (Khame),Annual / fixed or ordinary cycle,liturgy_acts,,liturgy_acts,current_public_or_local_reference,local repo snapshot of pierresaid Katameros API SQLite database
New Testament,Acts,15,Acts 15:12-21,rid_2b51b7fb62a086d83210,kiyahk-07-01,The Departure of St. Matthew the Poor,Annual / fixed or ordinary cycle,liturgy_acts,,liturgy_acts,current_public_or_local_reference,local repo snapshot of pierresaid Katameros API SQLite database
New Testament,Acts,15,Acts 15:12-21,rid_2b51b7fb62a086d83210,mesra-17-01,The Martyrdom of St. James the Soldier,Annual / fixed or ordinary cycle,Liturgy,,Acts of the Apostles,current_public_or_local_reference,local cache covering 2020 to 2035
New Testament,Acts,15,Acts 15:12-21,rid_2b51b7fb62a086d83210,mesra-17-01,The Martyrdom of St. James the Soldier,Annual / fixed or ordinary cycle,liturgy_acts,,liturgy_acts,current_public_or_local_reference,local repo snapshot of pierresaid Katameros API SQLite database
New Testament,Acts,15,Acts 15:12-21,rid_2b51b7fb62a086d83210,mesra-19,Mesra 19,Annual / fixed or ordinary cycle,Liturgy,,Acts of the Apostles,current_public_or_local_reference,local cache covering 2020 to 2035
New Testament,Acts,15,Acts 15:13-18,rid_6f54df521b4c5ce5d43b,friday-of-the-seventh-week-of-the-holy-fifty-days,Friday of the seventh week of the holy fifty days,Holy Fifty Days,Liturgy,,Acts of the Apostles,current_public_or_local_reference,local cache covering 2020 to 2035
New Testament,Acts,15,Acts 15:13-18,rid_6f54df521b4c5ce5d43b,holy-fifty-days-pentecost-cycle,Holy Fifty Days/Pentecost cycle,Holy Fifty Days,liturgy_acts,,liturgy_acts,current_public_or_local_reference,local repo snapshot of pierresaid Katameros API SQLite database
New Testament,Acts,15,Acts 15:13-21,rid_3dc6848bbd1e79404b41,abib-23-01,The Martyrdom of St. Longinus the Soldier,Annual / fixed or ordinary cycle,Liturgy,,Acts of the Apostles,current_public_or_local_reference,local cache covering 2020 to 2035
New Testament,Acts,15,Acts 15:13-21,rid_3dc6848bbd1e79404b41,abib-23-01,The Martyrdom of St. Longinus the Soldier,Annual / fixed or ordinary cycle,liturgy_acts,,liturgy_acts,current_public_or_local_reference,local repo snapshot of pierresaid Katameros API SQLite database
New Testament,Acts,15,Acts 15:13-21,rid_3dc6848bbd1e79404b41,amshir-08-01,The Feast of Presenting the Lord Christ in the Temple,Annual / fixed or ordinary cycle,liturgy_acts,,liturgy_acts,current_public_or_local_reference,local repo snapshot of pierresaid Katameros API SQLite database
New Testament,Acts,15,Acts 15:13-21,rid_3dc6848bbd1e79404b41,babah-29-01,The Martyrdom of St. Demetrius of Thessalonica,Annual / fixed or ordinary cycle,Liturgy,,Acts of the Apostles,current_public_or_local_reference,local cache covering 2020 to 2035
New Testament,Acts,15,Acts 15:13-21,rid_3dc6848bbd1e79404b41,babah-29-01,The Martyrdom of St. Demetrius of Thessalonica,Annual / fixed or ordinary cycle,liturgy_acts,,liturgy_acts,current_public_or_local_reference,local repo snapshot of pierresaid Katameros API SQLite database
New Testament,Acts,15,Acts 15:13-21,rid_3dc6848bbd1e79404b41,baramhat-06-01,The Martyrdom of St. Dioscorus,Annual / fixed or ordinary cycle,liturgy_acts,,liturgy_acts,current_public_or_local_reference,local repo snapshot of pierresaid Katameros API SQLite database
New Testament,Acts,15,Acts 15:13-21,rid_3dc6848bbd1e79404b41,circumcision-of-our-lord,Circumcision of our Lord,Annual / fixed or ordinary cycle,Liturgy,,Acts of the Apostles,current_public_or_local_reference,local cache covering 2020 to 2035
New Testament,Acts,15,Acts 15:13-21,rid_3dc6848bbd1e79404b41,entrance-into-the-temple,Entrance into the Temple,Annual / fixed or ordinary cycle,Liturgy,,Acts of the Apostles,current_public_or_local_reference,local cache covering 2020 to 2035
New Testament,Acts,15,Acts 15:13-21,rid_3dc6848bbd1e79404b41,hator-27,Hator 27,Annual / fixed or ordinary cycle,Liturgy,,Acts of the Apostles,current_public_or_local_reference,local cache covering 2020 to 2035
New Testament,Acts,15,Acts 15:13-21,rid_3dc6848bbd1e79404b41,hator-5,Hator 5,Annual / fixed or ordinary cycle,Liturgy,,Acts of the Apostles,current_public_or_local_reference,local cache covering 2020 to 2035
New Testament,Acts,15,Acts 15:13-21,rid_3dc6848bbd1e79404b41,hatur-27-01,The Martyrdom of St. James the Mangled (Sawn),Annual / fixed or ordinary cycle,liturgy_acts,,liturgy_acts,current_public_or_local_reference,local repo snapshot of pierresaid Katameros API SQLite database
New Testament,Acts,15,Acts 15:13-21,rid_3dc6848bbd1e79404b41,hatur-05-01,"The Appearance of the Head of St. Longinus, the Soldier",Annual / fixed or ordinary cycle,liturgy_acts,,liturgy_acts,current_public_or_local_reference,local repo snapshot of pierresaid Katameros API SQLite database
New Testament,Acts,15,Acts 15:13-21,rid_3dc6848bbd1e79404b41,kiak-16,Kiak 16,Annual / fixed or ordinary cycle,Liturgy,,Acts of the Apostles,current_public_or_local_reference,local cache covering 2020 to 2035
New Testament,Acts,15,Acts 15:13-21,rid_3dc6848bbd1e79404b41,kiyahk-16-01,"The Departure of the Righteous Gideon, One of the Judges of Israel",Annual / fixed or ordinary cycle,liturgy_acts,,liturgy_acts,current_public_or_local_reference,local repo snapshot of pierresaid Katameros API SQLite database
New Testament,Acts,15,Acts 15:13-21,rid_3dc6848bbd1e79404b41,mesra-10-01,The Martyrdom of St. Matra,Annual / fixed or ordinary cycle,Liturgy,,Acts of the Apostles,current_public_or_local_reference,local cache covering 2020 to 2035
New Testament,Acts,15,Acts 15:13-21,rid_3dc6848bbd1e79404b41,mesra-10-01,The Martyrdom of St. Matra,Annual / fixed or ordinary cycle,liturgy_acts,,liturgy_acts,current_public_or_local_reference,local repo snapshot of pierresaid Katameros API SQLite database
New Testament,Acts,15,Acts 15:13-21,rid_3dc6848bbd1e79404b41,tubah-06-01,The Commemoration of the Circumcision of the Lord Christ,Annual / fixed or ordinary cycle,liturgy_acts,,liturgy_acts,current_public_or_local_reference,local repo snapshot of pierresaid Katameros API SQLite database
New Testament,Acts,15,Acts 15:13-29,rid_4ad0a6984be4ba3c6a05,abib-15-01,The Departure of St. Ephraem El-Soriani (The Syrian),Annual / fixed or ordinary cycle,Liturgy,,Acts of the Apostles,current_public_or_local_reference,local cache covering 2020 to 2035
New Testament,Acts,15,Acts 15:13-29,rid_4ad0a6984be4ba3c6a05,abib-15-01,The Departure of St. Ephraem El-Soriani (The Syrian),Annual / fixed or ordinary cycle,liturgy_acts,,liturgy_acts,current_public_or_local_reference,local repo snapshot of pierresaid Katameros API SQLite database
New Testament,Acts,15,Acts 15:13-29,rid_4ad0a6984be4ba3c6a05,amshir-30-01,The Appearance of the Head of St. John the Baptist,Annual / fixed or ordinary cycle,liturgy_acts,,liturgy_acts,current_public_or_local_reference,local repo snapshot of pierresaid Katameros API SQLite database
New Testament,Acts,15,Acts 15:13-29,rid_4ad0a6984be4ba3c6a05,amshir-09-01,"The Departure of St. Barsauma, the Father of the Syrian Monks",Annual / fixed or ordinary cycle,Liturgy,,Acts of the Apostles,current_public_or_local_reference,local cache covering 2020 to 2035
New Testament,Acts,15,Acts 15:13-29,rid_4ad0a6984be4ba3c6a05,amshir-09-01,"The Departure of St. Barsauma, the Father of the Syrian Monks",Annual / fixed or ordinary cycle,liturgy_acts,,liturgy_acts,current_public_or_local_reference,local repo snapshot of pierresaid Katameros API SQLite database
New Testament,Acts,15,Acts 15:13-29,rid_4ad0a6984be4ba3c6a05,bashans-14-01,"The Departure of St. Pachomius (Pakhom), the Father of the Spiritual Communal Monastic life (Cenobitic life)",Annual / fixed or ordinary cycle,liturgy_acts,,liturgy_acts,current_public_or_local_reference,local repo snapshot of pierresaid Katameros API SQLite database
New Testament,Acts,15,Acts 15:13-29,rid_4ad0a6984be4ba3c6a05,bashans-02-01,The Departure of the righteous Job,Annual / fixed or ordinary cycle,liturgy_acts,,liturgy_acts,current_public_or_local_reference,local repo snapshot of pierresaid Katameros API SQLite database
New Testament,Acts,15,Acts 15:13-29,rid_4ad0a6984be4ba3c6a05,bashans-21-01,The Commemoration of the Holy and Pure Virgin Mary,Annual / fixed or ordinary cycle,liturgy_acts,,liturgy_acts,current_public_or_local_reference,local repo snapshot of pierresaid Katameros API SQLite database
New Testament,Acts,15,Acts 15:13-29,rid_4ad0a6984be4ba3c6a05,bashans-29-01,The Departure Of St. Simon the Stylite,Annual / fixed or ordinary cycle,liturgy_acts,,liturgy_acts,current_public_or_local_reference,local repo snapshot of pierresaid Katameros API SQLite database
New Testament,Acts,15,Acts 15:13-29,rid_4ad0a6984be4ba3c6a05,bashons-21,Bashons 21,Annual / fixed or ordinary cycle,Liturgy,,Acts of the Apostles,current_public_or_local_reference,local cache covering 2020 to 2035
New Testament,Acts,15,Acts 15:13-29,rid_4ad0a6984be4ba3c6a05,bashons-29,Bashons 29,Annual / fixed or ordinary cycle,Liturgy,,Acts of the Apostles,current_public_or_local_reference,local cache covering 2020 to 2035
New Testament,Acts,15,Acts 15:13-29,rid_4ad0a6984be4ba3c6a05,baunah-24-01,The Martyrdom of the Great Saint Anba Moses the Black,Annual / fixed or ordinary cycle,liturgy_acts,,liturgy_acts,current_public_or_local_reference,local repo snapshot of pierresaid Katameros API SQLite database
New Testament,Acts,15,Acts 15:13-29,rid_4ad0a6984be4ba3c6a05,great-lent,Great Lent,Great Lent,Liturgy,,Acts of the Apostles,current_public_or_local_reference,local cache covering 2020 to 2035
New Testament,Acts,15,Acts 15:13-29,rid_4ad0a6984be4ba3c6a05,kiak-17,Kiak 17,Annual / fixed or ordinary cycle,Liturgy,,Acts of the Apostles,current_public_or_local_reference,local cache covering 2020 to 2035
New Testament,Acts,15,Acts 15:13-29,rid_4ad0a6984be4ba3c6a05,kiyahk-17-01,The Commemoration of the Departure of St. Luke the Stylite and the Relocation of His Holy Relics,Annual / fixed or ordinary cycle,liturgy_acts,,liturgy_acts,current_public_or_local_reference,local repo snapshot of pierresaid Katameros API SQLite database
New Testament,Acts,15,Acts 15:13-29,rid_4ad0a6984be4ba3c6a05,mesra-03-01,The Relocation of the Body of St. Simon (Simeon) the Stylite to the city of Antioch,Annual / fixed or ordinary cycle,Liturgy,,Acts of the Apostles,current_public_or_local_reference,local cache covering 2020 to 2035
New Testament,Acts,15,Acts 15:13-29,rid_4ad0a6984be4ba3c6a05,mesra-03-01,The Relocation of the Body of St. Simon (Simeon) the Stylite to the city of Antioch,Annual / fixed or ordinary cycle,liturgy_acts,,liturgy_acts,current_public_or_local_reference,local repo snapshot of pierresaid Katameros API SQLite database
New Testament,Acts,15,Acts 15:13-29,rid_4ad0a6984be4ba3c6a05,baunah-24-01,The Martyrdom of the Great Saint Anba Moses the Black,Annual / fixed or ordinary cycle,Liturgy,,Acts of the Apostles,current_public_or_local_reference,local cache covering 2020 to 2035
New Testament,Acts,15,Acts 15:13-29,rid_4ad0a6984be4ba3c6a05,tut-14-01,The Departure of St. Agathon the Stylite,Annual / fixed or ordinary cycle,Liturgy,,Acts of the Apostles,current_public_or_local_reference,local cache covering 2020 to 2035
New Testament,Acts,15,Acts 15:13-29,rid_4ad0a6984be4ba3c6a05,tut-14-01,The Departure of St. Agathon the Stylite,Annual / fixed or ordinary cycle,liturgy_acts,,liturgy_acts,current_public_or_local_reference,local repo snapshot of pierresaid Katameros API SQLite database
New Testament,Acts,15,Acts 15:21-29,rid_9aa43fe980fa6a8e7048,abib-26,Abib 26,Annual / fixed or ordinary cycle,Liturgy,,Acts of the Apostles,current_public_or_local_reference,local cache covering 2020 to 2035
New Testament,Acts,15,Acts 15:21-29,rid_9aa43fe980fa6a8e7048,amshir-26-01,"The Departure of St. Hosea, the Prophet",Annual / fixed or ordinary cycle,Liturgy,,Acts of the Apostles,current_public_or_local_reference,local cache covering 2020 to 2035
New Testament,Acts,15,Acts 15:21-29,rid_9aa43fe980fa6a8e7048,amshir-26-01,"The Departure of St. Hosea, the Prophet",Annual / fixed or ordinary cycle,liturgy_acts,,liturgy_acts,current_public_or_local_reference,local repo snapshot of pierresaid Katameros API SQLite database
New Testament,Acts,15,Acts 15:21-29,rid_9aa43fe980fa6a8e7048,babah-21-01,The Commemoration of the Theotokos,Annual / fixed or ordinary cycle,Liturgy,,Acts of the Apostles,current_public_or_local_reference,local cache covering 2020 to 2035
New Testament,Acts,15,Acts 15:21-29,rid_9aa43fe980fa6a8e7048,babah-21-01,The Commemoration of the Theotokos,Annual / fixed or ordinary cycle,liturgy_acts,,liturgy_acts,current_public_or_local_reference,local repo snapshot of pierresaid Katameros API SQLite database
New Testament,Acts,15,Acts 15:21-29,rid_9aa43fe980fa6a8e7048,baramhat-23-01,The Departure of the Great Prophet Daniel,Annual / fixed or ordinary cycle,liturgy_acts,,liturgy_acts,current_public_or_local_reference,local repo snapshot of pierresaid Katameros API SQLite database
New Testament,Acts,15,Acts 15:21-29,rid_9aa43fe980fa6a8e7048,barmuda-5,Barmuda 5,Annual / fixed or ordinary cycle,liturgy_acts,,liturgy_acts,current_public_or_local_reference,local repo snapshot of pierresaid Katameros API SQLite database
New Testament,Acts,15,Acts 15:21-29,rid_9aa43fe980fa6a8e7048,barmuda-7,Barmuda 7,Annual / fixed or ordinary cycle,liturgy_acts,,liturgy_acts,current_public_or_local_reference,local repo snapshot of pierresaid Katameros API SQLite database
New Testament,Acts,15,Acts 15:21-29,rid_9aa43fe980fa6a8e7048,bashans-05-01,The Martyrdom of St. Jeremiah the Prophet,Annual / fixed or ordinary cycle,liturgy_acts,,liturgy_acts,current_public_or_local_reference,local repo snapshot of pierresaid Katameros API SQLite database
New Testament,Acts,15,Acts 15:21-29,rid_9aa43fe980fa6a8e7048,baunah-20-01,"The Departure of Elisha, the Prophet",Annual / fixed or ordinary cycle,liturgy_acts,,liturgy_acts,current_public_or_local_reference,local repo snapshot of pierresaid Katameros API SQLite database
New Testament,Acts,15,Acts 15:21-29,rid_9aa43fe980fa6a8e7048,baunah-26-01,The Departure of the Great Prophet Joshua Son of Nun,Annual / fixed or ordinary cycle,liturgy_acts,,liturgy_acts,current_public_or_local_reference,local repo snapshot of pierresaid Katameros API SQLite database
New Testament,Acts,15,Acts 15:21-29,rid_9aa43fe980fa6a8e7048,baunah-09-01,The Departure of Samuel the Prophet,Annual / fixed or ordinary cycle,liturgy_acts,,liturgy_acts,current_public_or_local_reference,local repo snapshot of pierresaid Katameros API SQLite database
New Testament,Acts,15,Acts 15:21-29,rid_9aa43fe980fa6a8e7048,great-lent,Great Lent,Great Lent,Liturgy,,Acts of the Apostles,current_public_or_local_reference,local cache covering 2020 to 2035
New Testament,Acts,15,Acts 15:21-29,rid_9aa43fe980fa6a8e7048,kiak-20,Kiak 20,Annual / fixed or ordinary cycle,Liturgy,,Acts of the Apostles,current_public_or_local_reference,local cache covering 2020 to 2035
New Testament,Acts,15,Acts 15:21-29,rid_9aa43fe980fa6a8e7048,kiak-23,Kiak 23,Annual / fixed or ordinary cycle,Liturgy,,Acts of the Apostles,current_public_or_local_reference,local cache covering 2020 to 2035
New Testament,Acts,15,Acts 15:21-29,rid_9aa43fe980fa6a8e7048,kiak-5,Kiak 5,Annual / fixed or ordinary cycle,Liturgy,,Acts of the Apostles,current_public_or_local_reference,local cache covering 2020 to 2035
New Testament,Acts,15,Acts 15:21-29,rid_9aa43fe980fa6a8e7048,kiyahk-20-01,The Departure of the Upright Haggai the Prophet,Annual / fixed or ordinary cycle,liturgy_acts,,liturgy_acts,current_public_or_local_reference,local repo snapshot of pierresaid Katameros API SQLite database
New Testament,Acts,15,Acts 15:21-29,rid_9aa43fe980fa6a8e7048,kiyahk-05-01,"The Departure of Nahum, the Prophet",Annual / fixed or ordinary cycle,liturgy_acts,,liturgy_acts,current_public_or_local_reference,local repo snapshot of pierresaid Katameros API SQLite database
New Testament,Acts,15,Acts 15:21-29,rid_9aa43fe980fa6a8e7048,mesra-22-01,"The Departure of Micah, the Prophet",Annual / fixed or ordinary cycle,Liturgy,,Acts of the Apostles,current_public_or_local_reference,local cache covering 2020 to 2035
New Testament,Acts,15,Acts 15:21-29,rid_9aa43fe980fa6a8e7048,mesra-22-01,"The Departure of Micah, the Prophet",Annual / fixed or ordinary cycle,liturgy_acts,,liturgy_acts,current_public_or_local_reference,local repo snapshot of pierresaid Katameros API SQLite database
New Testament,Acts,15,Acts 15:22-29,rid_31daa093831693e5b722,the-second-sunday-of-toba,The second Sunday of Toba,Annual / fixed or ordinary cycle,Liturgy,,Acts of the Apostles,current_public_or_local_reference,local cache covering 2020 to 2035
New Testament,Acts,15,Acts 15:22-29,rid_31daa093831693e5b722,tubah-02-01,"The Departure of St. Theonas, 16th Pope of Alexandria",Annual / fixed or ordinary cycle,liturgy_acts,,liturgy_acts,current_public_or_local_reference,local repo snapshot of pierresaid Katameros API SQLite database
New Testament,Acts,15,Acts 15:22-31,rid_b31c22cb2ebf8593b423,friday-of-the-second-week-of-great-lent,Friday of the second week of Great Lent,Great Lent,Liturgy,,Acts of the Apostles,current_public_or_local_reference,local cache covering 2020 to 2035
New Testament,Acts,15,Acts 15:22-31,rid_b31c22cb2ebf8593b423,great-lent-jonah-nineveh-cycle,Great Lent/Jonah/Nineveh cycle,Great Lent,liturgy_acts,,liturgy_acts,current_public_or_local_reference,local repo snapshot of pierresaid Katameros API SQLite database
New Testament,Acts,15,Acts 15:36-16:3,rid_9463d9ebc4b94bafe3f1,friday-of-the-fifth-week-of-great-lent,Friday of the fifth week of Great Lent,Great Lent,Liturgy,,Acts of the Apostles,current_public_or_local_reference,local cache covering 2020 to 2035
New Testament,Acts,15,Acts 15:36-16:5,rid_29d081e1b75c9201331c,abib-10,Abib 10,Annual / fixed or ordinary cycle,Liturgy,,Acts of the Apostles,current_public_or_local_reference,local cache covering 2020 to 2035
New Testament,Acts,15,Acts 15:36-16:5,rid_29d081e1b75c9201331c,abib-13,Abib 13,Annual / fixed or ordinary cycle,Liturgy,,Acts of the Apostles,current_public_or_local_reference,local cache covering 2020 to 2035
New Testament,Acts,15,Acts 15:36-16:5,rid_29d081e1b75c9201331c,abib-2,Abib 2,Annual / fixed or ordinary cycle,Liturgy,,Acts of the Apostles,current_public_or_local_reference,local cache covering 2020 to 2035
New Testament,Acts,15,Acts 15:36-16:5,rid_29d081e1b75c9201331c,abib-9,Abib 9,Annual / fixed or ordinary cycle,Liturgy,,Acts of the Apostles,current_public_or_local_reference,local cache covering 2020 to 2035
New Testament,Acts,15,Acts 15:36-16:5,rid_29d081e1b75c9201331c,amshir-22,Amshir 22,Annual / fixed or ordinary cycle,Liturgy,,Acts of the Apostles,current_public_or_local_reference,local cache covering 2020 to 2035
New Testament,Acts,15,Acts 15:36-16:5,rid_29d081e1b75c9201331c,amshir-24,Amshir 24,Annual / fixed or ordinary cycle,Liturgy,,Acts of the Apostles,current_public_or_local_reference,local cache covering 2020 to 2035
New Testament,Acts,15,Acts 15:36-16:5,rid_29d081e1b75c9201331c,baba-23,Baba 23,Annual / fixed or ordinary cycle,Liturgy,,Acts of the Apostles,current_public_or_local_reference,local cache covering 2020 to 2035
New Testament,Acts,15,Acts 15:36-16:5,rid_29d081e1b75c9201331c,baba-30,Baba 30,Annual / fixed or ordinary cycle,Liturgy,,Acts of the Apostles,current_public_or_local_reference,local cache covering 2020 to 2035
New Testament,Acts,15,Acts 15:36-16:5,rid_29d081e1b75c9201331c,bashons-23,Bashons 23,Annual / fixed or ordinary cycle,Liturgy,,Acts of the Apostles,current_public_or_local_reference,local cache covering 2020 to 2035
New Testament,Acts,15,Acts 15:36-16:5,rid_29d081e1b75c9201331c,bashons-27,Bashons 27,Annual / fixed or ordinary cycle,Liturgy,,Acts of the Apostles,current_public_or_local_reference,local cache covering 2020 to 2035
New Testament,Acts,15,Acts 15:36-16:5,rid_29d081e1b75c9201331c,great-lent,Great Lent,Great Lent,Liturgy,,Acts of the Apostles,current_public_or_local_reference,local cache covering 2020 to 2035
New Testament,Acts,15,Acts 15:36-16:5,rid_29d081e1b75c9201331c,hator-14,Hator 14,Annual / fixed or ordinary cycle,Liturgy,,Acts of the Apostles,current_public_or_local_reference,local cache covering 2020 to 2035
New Testament,Acts,15,Acts 15:36-16:5,rid_29d081e1b75c9201331c,hator-20,Hator 20,Annual / fixed or ordinary cycle,Liturgy,,Acts of the Apostles,current_public_or_local_reference,local cache covering 2020 to 2035
New Testament,Acts,15,Acts 15:36-16:5,rid_29d081e1b75c9201331c,hator-23,Hator 23,Annual / fixed or ordinary cycle,Liturgy,,Acts of the Apostles,current_public_or_local_reference,local cache covering 2020 to 2035
New Testament,Acts,15,Acts 15:36-16:5,rid_29d081e1b75c9201331c,hator-28,Hator 28,Annual / fixed or ordinary cycle,Liturgy,,Acts of the Apostles,current_public_or_local_reference,local cache covering 2020 to 2035
New Testament,Acts,15,Acts 15:36-16:5,rid_29d081e1b75c9201331c,hator-4,Hator 4,Annual / fixed or ordinary cycle,Liturgy,,Acts of the Apostles,current_public_or_local_reference,local cache covering 2020 to 2035
New Testament,Acts,15,Acts 15:36-16:5,rid_29d081e1b75c9201331c,kiak-10,Kiak 10,Annual / fixed or ordinary cycle,Liturgy,,Acts of the Apostles,current_public_or_local_reference,local cache covering 2020 to 2035
New Testament,Acts,15,Acts 15:36-16:5,rid_29d081e1b75c9201331c,kiak-19,Kiak 19,Annual / fixed or ordinary cycle,Liturgy,,Acts of the Apostles,current_public_or_local_reference,local cache covering 2020 to 2035
New Testament,Acts,15,Acts 15:36-16:5,rid_29d081e1b75c9201331c,kiak-27,Kiak 27,Annual / fixed or ordinary cycle,Liturgy,,Acts of the Apostles,current_public_or_local_reference,local cache covering 2020 to 2035
New Testament,Acts,15,Acts 15:36-16:5,rid_29d081e1b75c9201331c,mesra-11,Mesra 11,Annual / fixed or ordinary cycle,Liturgy,,Acts of the Apostles,current_public_or_local_reference,local cache covering 2020 to 2035
New Testament,Acts,15,Acts 15:36-41,rid_afeaa6e4bc0cc8f1d038,abib-10-01,"The Martyrdom of St. Theodore, Bishop of Pentapolis",Annual / fixed or ordinary cycle,liturgy_acts,,liturgy_acts,current_public_or_local_reference,local repo snapshot of pierresaid Katameros API SQLite database
New Testament,Acts,15,Acts 15:36-41,rid_afeaa6e4bc0cc8f1d038,abib-13-01,"The Departure of St. Pisentius, Bishop of Qift",Annual / fixed or ordinary cycle,liturgy_acts,,liturgy_acts,current_public_or_local_reference,local repo snapshot of pierresaid Katameros API SQLite database
New Testament,Acts,15,Acts 15:36-41,rid_afeaa6e4bc0cc8f1d038,abib-02-01,"The Departure of St. Thaddaeus, the Apostle",Annual / fixed or ordinary cycle,liturgy_acts,,liturgy_acts,current_public_or_local_reference,local repo snapshot of pierresaid Katameros API SQLite database
New Testament,Acts,15,Acts 15:36-41,rid_afeaa6e4bc0cc8f1d038,abib-09-01,"The Martyrdom of St. Simon Cleophas, the Apostle",Annual / fixed or ordinary cycle,liturgy_acts,,liturgy_acts,current_public_or_local_reference,local repo snapshot of pierresaid Katameros API SQLite database
New Testament,Acts,15,Acts 15:36-41,rid_afeaa6e4bc0cc8f1d038,al-nasi-05-01,"The Departure of St. James, Bishop of Misre",Annual / fixed or ordinary cycle,liturgy_acts,,liturgy_acts,current_public_or_local_reference,local repo snapshot of pierresaid Katameros API SQLite database
New Testament,Acts,15,Acts 15:36-41,rid_afeaa6e4bc0cc8f1d038,amshir-22-01,The Departure of St. Maruta (Maruthas) the Bishop,Annual / fixed or ordinary cycle,liturgy_acts,,liturgy_acts,current_public_or_local_reference,local repo snapshot of pierresaid Katameros API SQLite database
New Testament,Acts,15,Acts 15:36-41,rid_afeaa6e4bc0cc8f1d038,amshir-24-01,"The Departure of St. Agapetus (Agapius), the Bishop",Annual / fixed or ordinary cycle,liturgy_acts,,liturgy_acts,current_public_or_local_reference,local repo snapshot of pierresaid Katameros API SQLite database
New Testament,Acts,15,Acts 15:36-41,rid_afeaa6e4bc0cc8f1d038,babah-23-01,"The Departure of St. Yousab, 52nd Pope of Alexandria",Annual / fixed or ordinary cycle,liturgy_acts,,liturgy_acts,current_public_or_local_reference,local repo snapshot of pierresaid Katameros API SQLite database
New Testament,Acts,15,Acts 15:36-41,rid_afeaa6e4bc0cc8f1d038,babah-30-01,The Commemoration of the Consecration of the Church of St. Mark the Evangelist and the Appearance of His Holy Head,Annual / fixed or ordinary cycle,liturgy_acts,,liturgy_acts,current_public_or_local_reference,local repo snapshot of pierresaid Katameros API SQLite database
New Testament,Acts,15,Acts 15:36-41,rid_afeaa6e4bc0cc8f1d038,baramhat-17-01,"The Departure of Lazarus, the beloved of the Lord",Annual / fixed or ordinary cycle,liturgy_acts,,liturgy_acts,current_public_or_local_reference,local repo snapshot of pierresaid Katameros API SQLite database
New Testament,Acts,15,Acts 15:36-41,rid_afeaa6e4bc0cc8f1d038,baramhat-02-01,The Martyrdom of St. Macrobius (Makrawy) the Bishop,Annual / fixed or ordinary cycle,liturgy_acts,,liturgy_acts,current_public_or_local_reference,local repo snapshot of pierresaid Katameros API SQLite database
New Testament,Acts,15,Acts 15:36-41,rid_afeaa6e4bc0cc8f1d038,baramhat-05-01,"The Departure of Anba Serapamon, Archpriest of Abba Yehnis (John) monastery",Annual / fixed or ordinary cycle,liturgy_acts,,liturgy_acts,current_public_or_local_reference,local repo snapshot of pierresaid Katameros API SQLite database
New Testament,Acts,15,Acts 15:36-41,rid_afeaa6e4bc0cc8f1d038,barmuda-19,Barmuda 19,Annual / fixed or ordinary cycle,liturgy_acts,,liturgy_acts,current_public_or_local_reference,local repo snapshot of pierresaid Katameros API SQLite database
New Testament,Acts,15,Acts 15:36-41,rid_afeaa6e4bc0cc8f1d038,barmuda-30,Barmuda 30,Annual / fixed or ordinary cycle,liturgy_acts,,liturgy_acts,current_public_or_local_reference,local repo snapshot of pierresaid Katameros API SQLite database
New Testament,Acts,15,Acts 15:36-41,rid_afeaa6e4bc0cc8f1d038,bashans-11-01,"The Martyrdom of St. Theoclia, the wife of St. Justus",Annual / fixed or ordinary cycle,liturgy_acts,,liturgy_acts,current_public_or_local_reference,local repo snapshot of pierresaid Katameros API SQLite database
New Testament,Acts,15,Acts 15:36-41,rid_afeaa6e4bc0cc8f1d038,bashans-17-01,"The Departure of St. Epiphanius, Bishop of Cyprus",Annual / fixed or ordinary cycle,liturgy_acts,,liturgy_acts,current_public_or_local_reference,local repo snapshot of pierresaid Katameros API SQLite database
New Testament,Acts,15,Acts 15:36-41,rid_afeaa6e4bc0cc8f1d038,bashans-23-01,"The Departure of St. Junia, One of the Seventy Disciples",Annual / fixed or ordinary cycle,liturgy_acts,,liturgy_acts,current_public_or_local_reference,local repo snapshot of pierresaid Katameros API SQLite database
New Testament,Acts,15,Acts 15:36-41,rid_afeaa6e4bc0cc8f1d038,bashans-27-01,"The Departure of Pope Youannis the Second, the 30th. Patriarch of the See of St. Mark",Annual / fixed or ordinary cycle,liturgy_acts,,liturgy_acts,current_public_or_local_reference,local repo snapshot of pierresaid Katameros API SQLite database
New Testament,Acts,15,Acts 15:36-41,rid_afeaa6e4bc0cc8f1d038,baunah-14-01,"The Departure of Pope Yoannis the Nineteenth, 113th Patriarch of Alexandria",Annual / fixed or ordinary cycle,liturgy_acts,,liturgy_acts,current_public_or_local_reference,local repo snapshot of pierresaid Katameros API SQLite database
New Testament,Acts,15,Acts 15:36-41,rid_afeaa6e4bc0cc8f1d038,baunah-27-01,"The Martyrdom of St. Ananias, the Apostle",Annual / fixed or ordinary cycle,liturgy_acts,,liturgy_acts,current_public_or_local_reference,local repo snapshot of pierresaid Katameros API SQLite database
New Testament,Acts,15,Acts 15:4-12,rid_49031571057f0ca193c4,the-third-sunday-of-baba,The third Sunday of Baba,Annual / fixed or ordinary cycle,Liturgy,,Acts of the Apostles,current_public_or_local_reference,local cache covering 2020 to 2035
New Testament,Acts,15,Acts 15:4-12,rid_49031571057f0ca193c4,babah-03-01,"The Departure of St. Simon II, 51st Pope of the See of St. Mark",Annual / fixed or ordinary cycle,liturgy_acts,,liturgy_acts,current_public_or_local_reference,local repo snapshot of pierresaid Katameros API SQLite database
New Testament,Acts,15,Acts 15:4-9,rid_ebe482658014b1101fe7,holy-fifty-days-pentecost-cycle,Holy Fifty Days/Pentecost cycle,Holy Fifty Days,liturgy_acts,,liturgy_acts,current_public_or_local_reference,local repo snapshot of pierresaid Katameros API SQLite database
New Testament,Acts,15,Acts 15:4-9,rid_ebe482658014b1101fe7,wednesday-of-the-seventh-week-of-the-holy-fifty-days,Wednesday of the seventh week of the holy fifty days,Holy Fifty Days,Liturgy,,Acts of the Apostles,current_public_or_local_reference,local cache covering 2020 to 2035
New Testament,Acts,15,Acts 15:6-12,rid_a58dd2fd090611e2d05b,hator-24,Hator 24,Annual / fixed or ordinary cycle,Liturgy,,Acts of the Apostles,current_public_or_local_reference,local cache covering 2020 to 2035
New Testament,Acts,15,Acts 15:6-12,rid_a58dd2fd090611e2d05b,hatur-24-01,The Commemoration of the Twenty-Four Priests,Annual / fixed or ordinary cycle,liturgy_acts,,liturgy_acts,current_public_or_local_reference,local repo snapshot of pierresaid Katameros API SQLite database
New Testament,Acts,15,Acts 15:7-12,rid_77e52497c78fa018faab,holy-fifty-days-pentecost-cycle,Holy Fifty Days/Pentecost cycle,Holy Fifty Days,liturgy_acts,,liturgy_acts,current_public_or_local_reference,local repo snapshot of pierresaid Katameros API SQLite database
New Testament,Acts,15,Acts 15:7-12,rid_77e52497c78fa018faab,thursday-of-the-seventh-week-of-the-holy-fifty-days,Thursday of the seventh week of the holy fifty days,Holy Fifty Days,Liturgy,,Acts of the Apostles,current_public_or_local_reference,local cache covering 2020 to 2035
New Testament,Acts,15,Acts 15:7-12,rid_77e52497c78fa018faab,thursday-of-the-seventh-week-of-the-holy-fifty-days-and-the-feast-of-entry-into-egypt,Thursday of the seventh week of the holy fifty days and the Feast of Entry into Egypt,Holy Fifty Days,Liturgy,,Acts of the Apostles,current_public_or_local_reference,local cache covering 2020 to 2035
New Testament,Acts,16,Acts 16:1-3,rid_e9c6d0396bf6f23aa8ef,great-lent-jonah-nineveh-cycle,Great Lent/Jonah/Nineveh cycle,Great Lent,liturgy_acts,,liturgy_acts,current_public_or_local_reference,local repo snapshot of pierresaid Katameros API SQLite database
New Testament,Acts,16,Acts 16:1-5,rid_e0fbf80747507e81a74b,abib-10-01,"The Martyrdom of St. Theodore, Bishop of Pentapolis",Annual / fixed or ordinary cycle,liturgy_acts,,liturgy_acts,current_public_or_local_reference,local repo snapshot of pierresaid Katameros API SQLite database
New Testament,Acts,16,Acts 16:1-5,rid_e0fbf80747507e81a74b,abib-13-01,"The Departure of St. Pisentius, Bishop of Qift",Annual / fixed or ordinary cycle,liturgy_acts,,liturgy_acts,current_public_or_local_reference,local repo snapshot of pierresaid Katameros API SQLite database
New Testament,Acts,16,Acts 16:1-5,rid_e0fbf80747507e81a74b,abib-02-01,"The Departure of St. Thaddaeus, the Apostle",Annual / fixed or ordinary cycle,liturgy_acts,,liturgy_acts,current_public_or_local_reference,local repo snapshot of pierresaid Katameros API SQLite database
New Testament,Acts,16,Acts 16:1-5,rid_e0fbf80747507e81a74b,abib-09-01,"The Martyrdom of St. Simon Cleophas, the Apostle",Annual / fixed or ordinary cycle,liturgy_acts,,liturgy_acts,current_public_or_local_reference,local repo snapshot of pierresaid Katameros API SQLite database
New Testament,Acts,16,Acts 16:1-5,rid_e0fbf80747507e81a74b,al-nasi-05-01,"The Departure of St. James, Bishop of Misre",Annual / fixed or ordinary cycle,liturgy_acts,,liturgy_acts,current_public_or_local_reference,local repo snapshot of pierresaid Katameros API SQLite database
New Testament,Acts,16,Acts 16:1-5,rid_e0fbf80747507e81a74b,amshir-22-01,The Departure of St. Maruta (Maruthas) the Bishop,Annual / fixed or ordinary cycle,liturgy_acts,,liturgy_acts,current_public_or_local_reference,local repo snapshot of pierresaid Katameros API SQLite database
New Testament,Acts,16,Acts 16:1-5,rid_e0fbf80747507e81a74b,amshir-24-01,"The Departure of St. Agapetus (Agapius), the Bishop",Annual / fixed or ordinary cycle,liturgy_acts,,liturgy_acts,current_public_or_local_reference,local repo snapshot of pierresaid Katameros API SQLite database
New Testament,Acts,16,Acts 16:1-5,rid_e0fbf80747507e81a74b,babah-23-01,"The Departure of St. Yousab, 52nd Pope of Alexandria",Annual / fixed or ordinary cycle,liturgy_acts,,liturgy_acts,current_public_or_local_reference,local repo snapshot of pierresaid Katameros API SQLite database
New Testament,Acts,16,Acts 16:1-5,rid_e0fbf80747507e81a74b,babah-30-01,The Commemoration of the Consecration of the Church of St. Mark the Evangelist and the Appearance of His Holy Head,Annual / fixed or ordinary cycle,liturgy_acts,,liturgy_acts,current_public_or_local_reference,local repo snapshot of pierresaid Katameros API SQLite database
New Testament,Acts,16,Acts 16:1-5,rid_e0fbf80747507e81a74b,baramhat-17-01,"The Departure of Lazarus, the beloved of the Lord",Annual / fixed or ordinary cycle,liturgy_acts,,liturgy_acts,current_public_or_local_reference,local repo snapshot of pierresaid Katameros API SQLite database
New Testament,Acts,16,Acts 16:1-5,rid_e0fbf80747507e81a74b,baramhat-02-01,The Martyrdom of St. Macrobius (Makrawy) the Bishop,Annual / fixed or ordinary cycle,liturgy_acts,,liturgy_acts,current_public_or_local_reference,local repo snapshot of pierresaid Katameros API SQLite database
New Testament,Acts,16,Acts 16:1-5,rid_e0fbf80747507e81a74b,baramhat-05-01,"The Departure of Anba Serapamon, Archpriest of Abba Yehnis (John) monastery",Annual / fixed or ordinary cycle,liturgy_acts,,liturgy_acts,current_public_or_local_reference,local repo snapshot of pierresaid Katameros API SQLite database
New Testament,Acts,16,Acts 16:1-5,rid_e0fbf80747507e81a74b,barmuda-19,Barmuda 19,Annual / fixed or ordinary cycle,liturgy_acts,,liturgy_acts,current_public_or_local_reference,local repo snapshot of pierresaid Katameros API SQLite database
New Testament,Acts,16,Acts 16:1-5,rid_e0fbf80747507e81a74b,barmuda-30,Barmuda 30,Annual / fixed or ordinary cycle,liturgy_acts,,liturgy_acts,current_public_or_local_reference,local repo snapshot of pierresaid Katameros API SQLite database
New Testament,Acts,16,Acts 16:1-5,rid_e0fbf80747507e81a74b,bashans-11-01,"The Martyrdom of St. Theoclia, the wife of St. Justus",Annual / fixed or ordinary cycle,liturgy_acts,,liturgy_acts,current_public_or_local_reference,local repo snapshot of pierresaid Katameros API SQLite database
New Testament,Acts,16,Acts 16:1-5,rid_e0fbf80747507e81a74b,bashans-17-01,"The Departure of St. Epiphanius, Bishop of Cyprus",Annual / fixed or ordinary cycle,liturgy_acts,,liturgy_acts,current_public_or_local_reference,local repo snapshot of pierresaid Katameros API SQLite database
New Testament,Acts,16,Acts 16:1-5,rid_e0fbf80747507e81a74b,bashans-23-01,"The Departure of St. Junia, One of the Seventy Disciples",Annual / fixed or ordinary cycle,liturgy_acts,,liturgy_acts,current_public_or_local_reference,local repo snapshot of pierresaid Katameros API SQLite database
New Testament,Acts,16,Acts 16:1-5,rid_e0fbf80747507e81a74b,bashans-27-01,"The Departure of Pope Youannis the Second, the 30th. Patriarch of the See of St. Mark",Annual / fixed or ordinary cycle,liturgy_acts,,liturgy_acts,current_public_or_local_reference,local repo snapshot of pierresaid Katameros API SQLite database
New Testament,Acts,16,Acts 16:1-5,rid_e0fbf80747507e81a74b,baunah-14-01,"The Departure of Pope Yoannis the Nineteenth, 113th Patriarch of Alexandria",Annual / fixed or ordinary cycle,liturgy_acts,,liturgy_acts,current_public_or_local_reference,local repo snapshot of pierresaid Katameros API SQLite database
New Testament,Acts,16,Acts 16:1-5,rid_e0fbf80747507e81a74b,baunah-27-01,"The Martyrdom of St. Ananias, the Apostle",Annual / fixed or ordinary cycle,liturgy_acts,,liturgy_acts,current_public_or_local_reference,local repo snapshot of pierresaid Katameros API SQLite database
New Testament,Acts,16,Acts 16:16-34,rid_b10570d950c8b9d38243,abib-27-01,The Consecration of the Church of St. Abba Fam,Annual / fixed or ordinary cycle,Liturgy,,Acts of the Apostles,current_public_or_local_reference,local cache covering 2020 to 2035
New Testament,Acts,16,Acts 16:16-34,rid_b10570d950c8b9d38243,abib-27-01,The Consecration of the Church of St. Abba Fam,Annual / fixed or ordinary cycle,liturgy_acts,,liturgy_acts,current_public_or_local_reference,local repo snapshot of pierresaid Katameros API SQLite database
New Testament,Acts,16,Acts 16:16-34,rid_b10570d950c8b9d38243,barmuda-23,Barmuda 23,Annual / fixed or ordinary cycle,liturgy_acts,,liturgy_acts,current_public_or_local_reference,local repo snapshot of pierresaid Katameros API SQLite database
New Testament,Acts,16,Acts 16:16-34,rid_b10570d950c8b9d38243,bashans-06-01,The Martyrdom of St. Isaac El-Defrawi,Annual / fixed or ordinary cycle,liturgy_acts,,liturgy_acts,current_public_or_local_reference,local repo snapshot of pierresaid Katameros API SQLite database
New Testament,Acts,16,Acts 16:16-34,rid_b10570d950c8b9d38243,bashans-08-01,The Martyrdom of St. John of Senhout,Annual / fixed or ordinary cycle,liturgy_acts,,liturgy_acts,current_public_or_local_reference,local repo snapshot of pierresaid Katameros API SQLite database
New Testament,Acts,16,Acts 16:16-34,rid_b10570d950c8b9d38243,baunah-19-01,The First Pontifical Liturgy in the New St. Mark Cathedral in the Monastery of Anba Rowais,Annual / fixed or ordinary cycle,liturgy_acts,,liturgy_acts,current_public_or_local_reference,local repo snapshot of pierresaid Katameros API SQLite database
New Testament,Acts,16,Acts 16:16-34,rid_b10570d950c8b9d38243,baunah-07-01,The Martyrdom of St. Abaskhiroun the Soldier,Annual / fixed or ordinary cycle,liturgy_acts,,liturgy_acts,current_public_or_local_reference,local repo snapshot of pierresaid Katameros API SQLite database
New Testament,Acts,16,Acts 16:16-34,rid_b10570d950c8b9d38243,hator-7,Hator 7,Annual / fixed or ordinary cycle,Liturgy,,Acts of the Apostles,current_public_or_local_reference,local cache covering 2020 to 2035
New Testament,Acts,16,Acts 16:16-34,rid_b10570d950c8b9d38243,hatur-07-01,The Martyrdom of St. George of Alexandria,Annual / fixed or ordinary cycle,liturgy_acts,,liturgy_acts,current_public_or_local_reference,local repo snapshot of pierresaid Katameros API SQLite database
New Testament,Acts,16,Acts 16:16-34,rid_b10570d950c8b9d38243,mesra-23-01,The Martyrdom of Thirty Thousand Christians in Alexandria,Annual / fixed or ordinary cycle,Liturgy,,Acts of the Apostles,current_public_or_local_reference,local cache covering 2020 to 2035
New Testament,Acts,16,Acts 16:16-34,rid_b10570d950c8b9d38243,mesra-23-01,The Martyrdom of Thirty Thousand Christians in Alexandria,Annual / fixed or ordinary cycle,liturgy_acts,,liturgy_acts,current_public_or_local_reference,local repo snapshot of pierresaid Katameros API SQLite database
New Testament,Acts,16,Acts 16:16-34,rid_b10570d950c8b9d38243,mesra-27-01,The Martyrdom of Sts. Benjamin and his Sister Eudexia,Annual / fixed or ordinary cycle,Liturgy,,Acts of the Apostles,current_public_or_local_reference,local cache covering 2020 to 2035
New Testament,Acts,16,Acts 16:16-34,rid_b10570d950c8b9d38243,mesra-27-01,The Martyrdom of Sts. Benjamin and his Sister Eudexia,Annual / fixed or ordinary cycle,liturgy_acts,,liturgy_acts,current_public_or_local_reference,local repo snapshot of pierresaid Katameros API SQLite database
New Testament,Acts,16,Acts 16:16-34,rid_b10570d950c8b9d38243,baunah-19-01,The First Pontifical Liturgy in the New St. Mark Cathedral in the Monastery of Anba Rowais,Annual / fixed or ordinary cycle,Liturgy,,Acts of the Apostles,current_public_or_local_reference,local cache covering 2020 to 2035
New Testament,Acts,16,Acts 16:16-34,rid_b10570d950c8b9d38243,baunah-07-01,The Martyrdom of St. Abaskhiroun the Soldier,Annual / fixed or ordinary cycle,Liturgy,,Acts of the Apostles,current_public_or_local_reference,local cache covering 2020 to 2035
New Testament,Acts,16,Acts 16:25-34,rid_2b0bab21babf19b5545a,epiphany-paramoune,Epiphany Paramoune,Annual / fixed or ordinary cycle,Liturgy,,Acts of the Apostles,current_public_or_local_reference,local cache covering 2020 to 2035
New Testament,Acts,16,Acts 16:25-34,rid_2b0bab21babf19b5545a,tubah-10-01,Paramouni of Holy Theophany (Epiphany),Annual / fixed or ordinary cycle,liturgy_acts,,liturgy_acts,current_public_or_local_reference,local repo snapshot of pierresaid Katameros API SQLite database
New Testament,Acts,16,Acts 16:40,rid_6acb4fe5b58c6ccd90ed,hatur-04-01,"The Martyrdom of Saints John and James, Bishops of Persia",Annual / fixed or ordinary cycle,liturgy_acts,,liturgy_acts,current_public_or_local_reference,local repo snapshot of pierresaid Katameros API SQLite database
New Testament,Acts,16,Acts 16:40-17:7,rid_f3d9bb9bc3fed2ff0a62,the-fourth-sunday-of-hator,The fourth Sunday of Hator,Annual / fixed or ordinary cycle,Liturgy,,Acts of the Apostles,current_public_or_local_reference,local cache covering 2020 to 2035
New Testament,Acts,17,Acts 17:1-12,rid_3be64071ef1ae784bffb,the-third-sunday-of-paona,The third Sunday of Paona,Annual / fixed or ordinary cycle,Liturgy,,Acts of the Apostles,current_public_or_local_reference,local cache covering 2020 to 2035
New Testament,Acts,17,Acts 17:1-12,rid_3be64071ef1ae784bffb,baunah-03-01,The Construction of the first church of St. George in the cities of Birma and Beer Maa (Water Well) in the Oases,Annual / fixed or ordinary cycle,liturgy_acts,,liturgy_acts,current_public_or_local_reference,local repo snapshot of pierresaid Katameros API SQLite database
New Testament,Acts,17,Acts 17:1-7,rid_c0195ac6bc789b7e947b,hatur-04-01,"The Martyrdom of Saints John and James, Bishops of Persia",Annual / fixed or ordinary cycle,liturgy_acts,,liturgy_acts,current_public_or_local_reference,local repo snapshot of pierresaid Katameros API SQLite database
New Testament,Acts,17,Acts 17:10-14,rid_2f0e697d5b476015102a,great-lent-jonah-nineveh-cycle,Great Lent/Jonah/Nineveh cycle,Great Lent,liturgy_acts,,liturgy_acts,current_public_or_local_reference,local repo snapshot of pierresaid Katameros API SQLite database
New Testament,Acts,17,Acts 17:10-14,rid_2f0e697d5b476015102a,monday-of-the-third-week-of-great-lent,Monday of the third week of Great Lent,Great Lent,Liturgy,,Acts of the Apostles,current_public_or_local_reference,local cache covering 2020 to 2035
New Testament,Acts,17,Acts 17:16-34,rid_8198692d8c2e8cad9f80,tut-01-01,Feast of El-Nayrouz (Beginning of the Blessed Coptic Year),Annual / fixed or ordinary cycle,liturgy_acts,,liturgy_acts,current_public_or_local_reference,local repo snapshot of pierresaid Katameros API SQLite database
New Testament,Acts,17,Acts 17:16-34,rid_8198692d8c2e8cad9f80,feast-of-nayrouz-readings-of-the-first-of-tut,Feast of Nayrouz - (Readings of the First of Tut),Annual / fixed or ordinary cycle,Liturgy,,Acts of the Apostles,current_public_or_local_reference,local cache covering 2020 to 2035
New Testament,Acts,17,Acts 17:16-34,rid_8198692d8c2e8cad9f80,holy-fifty-days-pentecost-cycle,Holy Fifty Days/Pentecost cycle,Holy Fifty Days,liturgy_acts,,liturgy_acts,current_public_or_local_reference,local repo snapshot of pierresaid Katameros API SQLite database
New Testament,Acts,17,Acts 17:16-34,rid_8198692d8c2e8cad9f80,thomas-sunday,Thomas Sunday,Annual / fixed or ordinary cycle,Liturgy,,Acts of the Apostles,current_public_or_local_reference,local cache covering 2020 to 2035
New Testament,Acts,17,Acts 17:16-34,rid_8198692d8c2e8cad9f80,tut-01-01,Feast of El-Nayrouz (Beginning of the Blessed Coptic Year),Annual / fixed or ordinary cycle,Liturgy,,Acts of the Apostles,current_public_or_local_reference,local cache covering 2020 to 2035
New Testament,Acts,17,Acts 17:30-34,rid_6336ca1700fe3d87606a,tuesday-of-ninevah-s-fast,Tuesday of Ninevah's Fast,Annual / fixed or ordinary cycle,Liturgy,,Acts of the Apostles,current_public_or_local_reference,local cache covering 2020 to 2035
New Testament,Acts,18,Acts 18:1-11,rid_27a759d7b84b5a261cbf,the-fourth-sunday-of-paona,The fourth Sunday of Paona,Annual / fixed or ordinary cycle,Liturgy,,Acts of the Apostles,current_public_or_local_reference,local cache covering 2020 to 2035
New Testament,Acts,18,Acts 18:1-11,rid_27a759d7b84b5a261cbf,baunah-04-01,The Martyrdom of St. Shenousi (Sanusi),Annual / fixed or ordinary cycle,liturgy_acts,,liturgy_acts,current_public_or_local_reference,local repo snapshot of pierresaid Katameros API SQLite database
New Testament,Acts,18,Acts 18:12-23,rid_14736227bcf161c1c1dc,the-third-sunday-of-abib,The third Sunday of Abib,Annual / fixed or ordinary cycle,Liturgy,,Acts of the Apostles,current_public_or_local_reference,local cache covering 2020 to 2035
New Testament,Acts,18,Acts 18:12-23,rid_14736227bcf161c1c1dc,abib-03-01,"The Departure of St. Kyrillos (Cyril) the First, the Twenty- Fourth Pope of Alexandria",Annual / fixed or ordinary cycle,liturgy_acts,,liturgy_acts,current_public_or_local_reference,local repo snapshot of pierresaid Katameros API SQLite database
New Testament,Acts,18,Acts 18:24-19:6,rid_89df3e680e8d5e6a62c5,amshir-12,Amshir 12,Annual / fixed or ordinary cycle,Liturgy,,Acts of the Apostles,current_public_or_local_reference,local cache covering 2020 to 2035
New Testament,Acts,18,Acts 18:24-19:6,rid_89df3e680e8d5e6a62c5,amshir-15,Amshir 15,Annual / fixed or ordinary cycle,Liturgy,,Acts of the Apostles,current_public_or_local_reference,local cache covering 2020 to 2035
New Testament,Acts,18,Acts 18:24-19:6,rid_89df3e680e8d5e6a62c5,amshir-19,Amshir 19,Annual / fixed or ordinary cycle,Liturgy,,Acts of the Apostles,current_public_or_local_reference,local cache covering 2020 to 2035
New Testament,Acts,18,Acts 18:24-19:6,rid_89df3e680e8d5e6a62c5,amshir-3,Amshir 3,Annual / fixed or ordinary cycle,Liturgy,,Acts of the Apostles,current_public_or_local_reference,local cache covering 2020 to 2035
New Testament,Acts,18,Acts 18:24-19:6,rid_89df3e680e8d5e6a62c5,baba-13,Baba 13,Annual / fixed or ordinary cycle,Liturgy,,Acts of the Apostles,current_public_or_local_reference,local cache covering 2020 to 2035
New Testament,Acts,18,Acts 18:24-19:6,rid_89df3e680e8d5e6a62c5,baba-25,Baba 25,Annual / fixed or ordinary cycle,Liturgy,,Acts of the Apostles,current_public_or_local_reference,local cache covering 2020 to 2035
New Testament,Acts,18,Acts 18:24-19:6,rid_89df3e680e8d5e6a62c5,baba-7,Baba 7,Annual / fixed or ordinary cycle,Liturgy,,Acts of the Apostles,current_public_or_local_reference,local cache covering 2020 to 2035
New Testament,Acts,18,Acts 18:24-19:6,rid_89df3e680e8d5e6a62c5,bashons-20,Bashons 20,Annual / fixed or ordinary cycle,Liturgy,,Acts of the Apostles,current_public_or_local_reference,local cache covering 2020 to 2035
New Testament,Acts,18,Acts 18:24-19:6,rid_89df3e680e8d5e6a62c5,fast-of-nineveh,Fast of Nineveh,Annual / fixed or ordinary cycle,Liturgy,,Acts of the Apostles,current_public_or_local_reference,local cache covering 2020 to 2035
New Testament,Acts,18,Acts 18:24-19:6,rid_89df3e680e8d5e6a62c5,hator-16-of-christmas-fast,Hator 16 of Christmas Fast,Annual / fixed or ordinary cycle,Liturgy,,Acts of the Apostles,current_public_or_local_reference,local cache covering 2020 to 2035
New Testament,Acts,18,Acts 18:24-19:6,rid_89df3e680e8d5e6a62c5,kiak-11,Kiak 11,Annual / fixed or ordinary cycle,Liturgy,,Acts of the Apostles,current_public_or_local_reference,local cache covering 2020 to 2035
New Testament,Acts,18,Acts 18:24-19:6,rid_89df3e680e8d5e6a62c5,kiak-12,Kiak 12,Annual / fixed or ordinary cycle,Liturgy,,Acts of the Apostles,current_public_or_local_reference,local cache covering 2020 to 2035
New Testament,Acts,18,Acts 18:24-19:6,rid_89df3e680e8d5e6a62c5,kiak-2,Kiak 2,Annual / fixed or ordinary cycle,Liturgy,,Acts of the Apostles,current_public_or_local_reference,local cache covering 2020 to 2035
New Testament,Acts,18,Acts 18:24-19:6,rid_89df3e680e8d5e6a62c5,nasie-4,Nasie 4,Annual / fixed or ordinary cycle,Liturgy,,Acts of the Apostles,current_public_or_local_reference,local cache covering 2020 to 2035
New Testament,Acts,18,Acts 18:24-19:6,rid_89df3e680e8d5e6a62c5,paona-16,Paona 16,Annual / fixed or ordinary cycle,Liturgy,,Acts of the Apostles,current_public_or_local_reference,local cache covering 2020 to 2035
New Testament,Acts,18,Acts 18:24-19:6,rid_89df3e680e8d5e6a62c5,paona-29,Paona 29,Annual / fixed or ordinary cycle,Liturgy,,Acts of the Apostles,current_public_or_local_reference,local cache covering 2020 to 2035
New Testament,Acts,18,Acts 18:24-19:6,rid_89df3e680e8d5e6a62c5,the-feast-of-epiphany,The Feast of Epiphany,Annual / fixed or ordinary cycle,Liturgy,,Acts of the Apostles,current_public_or_local_reference,local cache covering 2020 to 2035
New Testament,Acts,18,Acts 18:24-19:6,rid_89df3e680e8d5e6a62c5,toba-14,Toba 14,Annual / fixed or ordinary cycle,Liturgy,,Acts of the Apostles,current_public_or_local_reference,local cache covering 2020 to 2035
New Testament,Acts,18,Acts 18:24-19:6,rid_89df3e680e8d5e6a62c5,toba-17,Toba 17,Annual / fixed or ordinary cycle,Liturgy,,Acts of the Apostles,current_public_or_local_reference,local cache covering 2020 to 2035
New Testament,Acts,18,Acts 18:24-19:6,rid_89df3e680e8d5e6a62c5,toba-25,Toba 25,Annual / fixed or ordinary cycle,Liturgy,,Acts of the Apostles,current_public_or_local_reference,local cache covering 2020 to 2035
New Testament,Acts,18,Acts 18:24-28,rid_af92a19084930ccb825e,al-nasi-04-01,"The Departure of St. Leparius, Bishop of Rome",Annual / fixed or ordinary cycle,liturgy_acts,,liturgy_acts,current_public_or_local_reference,local repo snapshot of pierresaid Katameros API SQLite database
New Testament,Acts,18,Acts 18:24-28,rid_af92a19084930ccb825e,amshir-12-01,The Commemoration of the Archangel Michael,Annual / fixed or ordinary cycle,liturgy_acts,,liturgy_acts,current_public_or_local_reference,local repo snapshot of pierresaid Katameros API SQLite database
New Testament,Acts,18,Acts 18:24-28,rid_af92a19084930ccb825e,amshir-15-01,"The Departure of St. Zechariah, the Prophet",Annual / fixed or ordinary cycle,liturgy_acts,,liturgy_acts,current_public_or_local_reference,local repo snapshot of pierresaid Katameros API SQLite database
New Testament,Acts,18,Acts 18:24-28,rid_af92a19084930ccb825e,amshir-19-01,"The Commemoration of the Relocation of the Relics of St. Martianus, the Monk",Annual / fixed or ordinary cycle,liturgy_acts,,liturgy_acts,current_public_or_local_reference,local repo snapshot of pierresaid Katameros API SQLite database
New Testament,Acts,18,Acts 18:24-28,rid_af92a19084930ccb825e,amshir-03-01,"The Departure of St. James, the Ascetic",Annual / fixed or ordinary cycle,liturgy_acts,,liturgy_acts,current_public_or_local_reference,local repo snapshot of pierresaid Katameros API SQLite database
New Testament,Acts,18,Acts 18:24-28,rid_af92a19084930ccb825e,babah-13-01,"The Departure of Saint Zacharias, the Monk",Annual / fixed or ordinary cycle,liturgy_acts,,liturgy_acts,current_public_or_local_reference,local repo snapshot of pierresaid Katameros API SQLite database
New Testament,Acts,18,Acts 18:24-28,rid_af92a19084930ccb825e,babah-25-01,The Departure of the Saints Apollo and Abib,Annual / fixed or ordinary cycle,liturgy_acts,,liturgy_acts,current_public_or_local_reference,local repo snapshot of pierresaid Katameros API SQLite database
New Testament,Acts,18,Acts 18:24-28,rid_af92a19084930ccb825e,babah-07-01,The Departure of St. Paul of Tamouh,Annual / fixed or ordinary cycle,liturgy_acts,,liturgy_acts,current_public_or_local_reference,local repo snapshot of pierresaid Katameros API SQLite database
New Testament,Acts,18,Acts 18:24-28,rid_af92a19084930ccb825e,baramhat-09-01,The Departure of St. Konan,Annual / fixed or ordinary cycle,liturgy_acts,,liturgy_acts,current_public_or_local_reference,local repo snapshot of pierresaid Katameros API SQLite database
New Testament,Acts,18,Acts 18:24-28,rid_af92a19084930ccb825e,barmuda-1,Barmuda 1,Annual / fixed or ordinary cycle,liturgy_acts,,liturgy_acts,current_public_or_local_reference,local repo snapshot of pierresaid Katameros API SQLite database
New Testament,Acts,18,Acts 18:24-28,rid_af92a19084930ccb825e,barmuda-10,Barmuda 10,Annual / fixed or ordinary cycle,liturgy_acts,,liturgy_acts,current_public_or_local_reference,local repo snapshot of pierresaid Katameros API SQLite database
New Testament,Acts,18,Acts 18:24-28,rid_af92a19084930ccb825e,bashans-20-01,The Departure Of St. Ammonius The Hermit,Annual / fixed or ordinary cycle,liturgy_acts,,liturgy_acts,current_public_or_local_reference,local repo snapshot of pierresaid Katameros API SQLite database
New Testament,Acts,18,Acts 18:24-28,rid_af92a19084930ccb825e,baunah-16-01,The Departure of St. Abba Nofer the Anchorite,Annual / fixed or ordinary cycle,liturgy_acts,,liturgy_acts,current_public_or_local_reference,local repo snapshot of pierresaid Katameros API SQLite database
New Testament,Acts,18,Acts 18:24-28,rid_af92a19084930ccb825e,baunah-29-01,The Martyrdom of the Seven Ascetic Saints in Tounar Mount,Annual / fixed or ordinary cycle,liturgy_acts,,liturgy_acts,current_public_or_local_reference,local repo snapshot of pierresaid Katameros API SQLite database
New Testament,Acts,18,Acts 18:24-28,rid_af92a19084930ccb825e,hatur-16-01,The Beginning of the Fast of the Nativity (Advent) in the Coptic Church,Annual / fixed or ordinary cycle,liturgy_acts,,liturgy_acts,current_public_or_local_reference,local repo snapshot of pierresaid Katameros API SQLite database
New Testament,Acts,18,Acts 18:24-28,rid_af92a19084930ccb825e,kiyahk-11-01,The Departure of the Saint Abba Pijimi,Annual / fixed or ordinary cycle,liturgy_acts,,liturgy_acts,current_public_or_local_reference,local repo snapshot of pierresaid Katameros API SQLite database
New Testament,Acts,18,Acts 18:24-28,rid_af92a19084930ccb825e,kiyahk-12-01,"The Commemoration of the Honorable Michael, the Archangel",Annual / fixed or ordinary cycle,liturgy_acts,,liturgy_acts,current_public_or_local_reference,local repo snapshot of pierresaid Katameros API SQLite database
New Testament,Acts,18,Acts 18:24-28,rid_af92a19084930ccb825e,kiyahk-02-01,"The Departure of the Saint Abba Hor, the Monk",Annual / fixed or ordinary cycle,liturgy_acts,,liturgy_acts,current_public_or_local_reference,local repo snapshot of pierresaid Katameros API SQLite database
New Testament,Acts,18,Acts 18:24-28,rid_af92a19084930ccb825e,mesra-25-01,"The Departure of St. Bessarion, the Great",Annual / fixed or ordinary cycle,Liturgy,,Acts of the Apostles,current_public_or_local_reference,local cache covering 2020 to 2035
New Testament,Acts,18,Acts 18:24-28,rid_af92a19084930ccb825e,mesra-25-01,"The Departure of St. Bessarion, the Great",Annual / fixed or ordinary cycle,liturgy_acts,,liturgy_acts,current_public_or_local_reference,local repo snapshot of pierresaid Katameros API SQLite database
New Testament,Acts,18,Acts 18:9-12,rid_05815378e1cc41c4f74c,tut-05-01,The Martyrdom of Saint Sophia,Annual / fixed or ordinary cycle,liturgy_acts,,liturgy_acts,current_public_or_local_reference,local repo snapshot of pierresaid Katameros API SQLite database
New Testament,Acts,18,Acts 18:9-18,rid_74cb881e4aab40261254,great-lent-jonah-nineveh-cycle,Great Lent/Jonah/Nineveh cycle,Great Lent,liturgy_acts,,liturgy_acts,current_public_or_local_reference,local repo snapshot of pierresaid Katameros API SQLite database
New Testament,Acts,18,Acts 18:9-18,rid_74cb881e4aab40261254,monday-of-the-sixth-week-of-great-lent,Monday of the sixth week of Great Lent,Great Lent,Liturgy,,Acts of the Apostles,current_public_or_local_reference,local cache covering 2020 to 2035
New Testament,Acts,18,Acts 18:9-21,rid_ccf3b65c60b18667a790,the-fifth-sunday-of-baba,The fifth Sunday of Baba,Annual / fixed or ordinary cycle,Liturgy,,Acts of the Apostles,current_public_or_local_reference,local cache covering 2020 to 2035
New Testament,Acts,18,Acts 18:9-21,rid_ccf3b65c60b18667a790,the-fifth-sunday-of-kiak,The fifth Sunday of Kiak,Annual / fixed or ordinary cycle,Liturgy,,Acts of the Apostles,current_public_or_local_reference,local cache covering 2020 to 2035
New Testament,Acts,18,Acts 18:9-21,rid_ccf3b65c60b18667a790,the-fifth-sunday-of-toba,The fifth Sunday of Toba,Annual / fixed or ordinary cycle,Liturgy,,Acts of the Apostles,current_public_or_local_reference,local cache covering 2020 to 2035
New Testament,Acts,18,Acts 18:9-21,rid_ccf3b65c60b18667a790,the-fifth-sunday-of-tout,The fifth Sunday of Tout,Annual / fixed or ordinary cycle,Liturgy,,Acts of the Apostles,current_public_or_local_reference,local cache covering 2020 to 2035
New Testament,Acts,18,Acts 18:9-21,rid_ccf3b65c60b18667a790,the-second-sunday-of-amshir,The second Sunday of Amshir,Annual / fixed or ordinary cycle,Liturgy,,Acts of the Apostles,current_public_or_local_reference,local cache covering 2020 to 2035
New Testament,Acts,18,Acts 18:9-21,rid_ccf3b65c60b18667a790,amshir-02-01,"The Departure of the Great Saint Anba Paul, the First Hermit",Annual / fixed or ordinary cycle,liturgy_acts,,liturgy_acts,current_public_or_local_reference,local repo snapshot of pierresaid Katameros API SQLite database
New Testament,Acts,19,Acts 19:1-20,rid_5afb48adc25bd41e750a,myron-consecration,myron_consecration,Special service,liturgy,,liturgy,current_public_or_local_reference,local package snapshot
New Testament,Acts,19,Acts 19:1-6,rid_d6b351115e6125d45624,al-nasi-04-01,"The Departure of St. Leparius, Bishop of Rome",Annual / fixed or ordinary cycle,liturgy_acts,,liturgy_acts,current_public_or_local_reference,local repo snapshot of pierresaid Katameros API SQLite database
New Testament,Acts,19,Acts 19:1-6,rid_d6b351115e6125d45624,amshir-12-01,The Commemoration of the Archangel Michael,Annual / fixed or ordinary cycle,liturgy_acts,,liturgy_acts,current_public_or_local_reference,local repo snapshot of pierresaid Katameros API SQLite database
New Testament,Acts,19,Acts 19:1-6,rid_d6b351115e6125d45624,amshir-15-01,"The Departure of St. Zechariah, the Prophet",Annual / fixed or ordinary cycle,liturgy_acts,,liturgy_acts,current_public_or_local_reference,local repo snapshot of pierresaid Katameros API SQLite database
New Testament,Acts,19,Acts 19:1-6,rid_d6b351115e6125d45624,amshir-19-01,"The Commemoration of the Relocation of the Relics of St. Martianus, the Monk",Annual / fixed or ordinary cycle,liturgy_acts,,liturgy_acts,current_public_or_local_reference,local repo snapshot of pierresaid Katameros API SQLite database
New Testament,Acts,19,Acts 19:1-6,rid_d6b351115e6125d45624,amshir-03-01,"The Departure of St. James, the Ascetic",Annual / fixed or ordinary cycle,liturgy_acts,,liturgy_acts,current_public_or_local_reference,local repo snapshot of pierresaid Katameros API SQLite database
New Testament,Acts,19,Acts 19:1-6,rid_d6b351115e6125d45624,babah-13-01,"The Departure of Saint Zacharias, the Monk",Annual / fixed or ordinary cycle,liturgy_acts,,liturgy_acts,current_public_or_local_reference,local repo snapshot of pierresaid Katameros API SQLite database
New Testament,Acts,19,Acts 19:1-6,rid_d6b351115e6125d45624,babah-25-01,The Departure of the Saints Apollo and Abib,Annual / fixed or ordinary cycle,liturgy_acts,,liturgy_acts,current_public_or_local_reference,local repo snapshot of pierresaid Katameros API SQLite database
New Testament,Acts,19,Acts 19:1-6,rid_d6b351115e6125d45624,babah-07-01,The Departure of St. Paul of Tamouh,Annual / fixed or ordinary cycle,liturgy_acts,,liturgy_acts,current_public_or_local_reference,local repo snapshot of pierresaid Katameros API SQLite database
New Testament,Acts,19,Acts 19:1-6,rid_d6b351115e6125d45624,baramhat-09-01,The Departure of St. Konan,Annual / fixed or ordinary cycle,liturgy_acts,,liturgy_acts,current_public_or_local_reference,local repo snapshot of pierresaid Katameros API SQLite database
New Testament,Acts,19,Acts 19:1-6,rid_d6b351115e6125d45624,barmuda-1,Barmuda 1,Annual / fixed or ordinary cycle,liturgy_acts,,liturgy_acts,current_public_or_local_reference,local repo snapshot of pierresaid Katameros API SQLite database
New Testament,Acts,19,Acts 19:1-6,rid_d6b351115e6125d45624,barmuda-10,Barmuda 10,Annual / fixed or ordinary cycle,liturgy_acts,,liturgy_acts,current_public_or_local_reference,local repo snapshot of pierresaid Katameros API SQLite database
New Testament,Acts,19,Acts 19:1-6,rid_d6b351115e6125d45624,bashans-20-01,The Departure Of St. Ammonius The Hermit,Annual / fixed or ordinary cycle,liturgy_acts,,liturgy_acts,current_public_or_local_reference,local repo snapshot of pierresaid Katameros API SQLite database
New Testament,Acts,19,Acts 19:1-6,rid_d6b351115e6125d45624,baunah-16-01,The Departure of St. Abba Nofer the Anchorite,Annual / fixed or ordinary cycle,liturgy_acts,,liturgy_acts,current_public_or_local_reference,local repo snapshot of pierresaid Katameros API SQLite database
New Testament,Acts,19,Acts 19:1-6,rid_d6b351115e6125d45624,baunah-29-01,The Martyrdom of the Seven Ascetic Saints in Tounar Mount,Annual / fixed or ordinary cycle,liturgy_acts,,liturgy_acts,current_public_or_local_reference,local repo snapshot of pierresaid Katameros API SQLite database
New Testament,Acts,19,Acts 19:1-6,rid_d6b351115e6125d45624,hatur-16-01,The Beginning of the Fast of the Nativity (Advent) in the Coptic Church,Annual / fixed or ordinary cycle,liturgy_acts,,liturgy_acts,current_public_or_local_reference,local repo snapshot of pierresaid Katameros API SQLite database
New Testament,Acts,19,Acts 19:1-6,rid_d6b351115e6125d45624,kiyahk-11-01,The Departure of the Saint Abba Pijimi,Annual / fixed or ordinary cycle,liturgy_acts,,liturgy_acts,current_public_or_local_reference,local repo snapshot of pierresaid Katameros API SQLite database
New Testament,Acts,19,Acts 19:1-6,rid_d6b351115e6125d45624,kiyahk-12-01,"The Commemoration of the Honorable Michael, the Archangel",Annual / fixed or ordinary cycle,liturgy_acts,,liturgy_acts,current_public_or_local_reference,local repo snapshot of pierresaid Katameros API SQLite database
New Testament,Acts,19,Acts 19:1-6,rid_d6b351115e6125d45624,kiyahk-02-01,"The Departure of the Saint Abba Hor, the Monk",Annual / fixed or ordinary cycle,liturgy_acts,,liturgy_acts,current_public_or_local_reference,local repo snapshot of pierresaid Katameros API SQLite database
New Testament,Acts,19,Acts 19:1-6,rid_d6b351115e6125d45624,mesra-25-01,"The Departure of St. Bessarion, the Great",Annual / fixed or ordinary cycle,Liturgy,,Acts of the Apostles,current_public_or_local_reference,local cache covering 2020 to 2035
New Testament,Acts,19,Acts 19:1-6,rid_d6b351115e6125d45624,mesra-25-01,"The Departure of St. Bessarion, the Great",Annual / fixed or ordinary cycle,liturgy_acts,,liturgy_acts,current_public_or_local_reference,local repo snapshot of pierresaid Katameros API SQLite database
New Testament,Acts,19,Acts 19:11-17,rid_d83f8bbd1923b4e00687,baramhat-11-01,The Martyrdom Of St. Basil (Basilaos) The Bishop,Annual / fixed or ordinary cycle,liturgy_acts,,liturgy_acts,current_public_or_local_reference,local repo snapshot of pierresaid Katameros API SQLite database
New Testament,Acts,19,Acts 19:11-17,rid_d83f8bbd1923b4e00687,baramhat-14-01,The Departure of Anba Kyrellos (Cyril) the Seventy Fifth Pope of Alexandria,Annual / fixed or ordinary cycle,liturgy_acts,,liturgy_acts,current_public_or_local_reference,local repo snapshot of pierresaid Katameros API SQLite database
New Testament,Acts,19,Acts 19:11-17,rid_d83f8bbd1923b4e00687,barmuda-21,Barmuda 21,Annual / fixed or ordinary cycle,liturgy_acts,,liturgy_acts,current_public_or_local_reference,local repo snapshot of pierresaid Katameros API SQLite database
New Testament,Acts,19,Acts 19:11-17,rid_d83f8bbd1923b4e00687,tut-21-01,"The Commemoration of the Virgin St. Mary, the Theotokos",Annual / fixed or ordinary cycle,Liturgy,,Acts of the Apostles,current_public_or_local_reference,local cache covering 2020 to 2035
New Testament,Acts,19,Acts 19:11-17,rid_d83f8bbd1923b4e00687,tut-23-01,The Martyrdom of Sts. Eunapios (Onanius) and Andrew,Annual / fixed or ordinary cycle,Liturgy,,Acts of the Apostles,current_public_or_local_reference,local cache covering 2020 to 2035
New Testament,Acts,19,Acts 19:11-17,rid_d83f8bbd1923b4e00687,tut-21-01,"The Commemoration of the Virgin St. Mary, the Theotokos",Annual / fixed or ordinary cycle,liturgy_acts,,liturgy_acts,current_public_or_local_reference,local repo snapshot of pierresaid Katameros API SQLite database
New Testament,Acts,19,Acts 19:11-17,rid_d83f8bbd1923b4e00687,tut-23-01,The Martyrdom of Sts. Eunapios (Onanius) and Andrew,Annual / fixed or ordinary cycle,liturgy_acts,,liturgy_acts,current_public_or_local_reference,local repo snapshot of pierresaid Katameros API SQLite database
New Testament,Acts,19,Acts 19:11-20,rid_081fca7a03d7cd05e0f7,abib-14-01,The Martyrdom of St. Procopius (Proconius) of Jerusalem,Annual / fixed or ordinary cycle,liturgy_acts,,liturgy_acts,current_public_or_local_reference,local repo snapshot of pierresaid Katameros API SQLite database
New Testament,Acts,19,Acts 19:11-20,rid_081fca7a03d7cd05e0f7,abib-19-01,"The Martyrdom of Sts. Bidaba, Bishop of Qift, Anba Andrew, and Anba Christodoulas",Annual / fixed or ordinary cycle,Liturgy,,Acts of the Apostles,current_public_or_local_reference,local cache covering 2020 to 2035
New Testament,Acts,19,Acts 19:11-20,rid_081fca7a03d7cd05e0f7,abib-19-01,"The Martyrdom of Sts. Bidaba, Bishop of Qift, Anba Andrew, and Anba Christodoulas",Annual / fixed or ordinary cycle,liturgy_acts,,liturgy_acts,current_public_or_local_reference,local repo snapshot of pierresaid Katameros API SQLite database
New Testament,Acts,19,Acts 19:11-20,rid_081fca7a03d7cd05e0f7,abib-30-01,The Martyrdom of Sts. Mercurius and Ephraem,Annual / fixed or ordinary cycle,Liturgy,,Acts of the Apostles,current_public_or_local_reference,local cache covering 2020 to 2035
New Testament,Acts,19,Acts 19:11-20,rid_081fca7a03d7cd05e0f7,abib-30-01,The Martyrdom of Sts. Mercurius and Ephraem,Annual / fixed or ordinary cycle,liturgy_acts,,liturgy_acts,current_public_or_local_reference,local repo snapshot of pierresaid Katameros API SQLite database
New Testament,Acts,19,Acts 19:11-20,rid_081fca7a03d7cd05e0f7,abib-08-01,The Departure of St. Anba Bishoy,Annual / fixed or ordinary cycle,Liturgy,,Acts of the Apostles,current_public_or_local_reference,local cache covering 2020 to 2035
New Testament,Acts,19,Acts 19:11-20,rid_081fca7a03d7cd05e0f7,abib-08-01,The Departure of St. Anba Bishoy,Annual / fixed or ordinary cycle,liturgy_acts,,liturgy_acts,current_public_or_local_reference,local repo snapshot of pierresaid Katameros API SQLite database
New Testament,Acts,19,Acts 19:11-20,rid_081fca7a03d7cd05e0f7,amshir-05-01,"The Departure of St. Agrippinus, 10th Pope of Alexandria",Annual / fixed or ordinary cycle,Liturgy,,Acts of the Apostles,current_public_or_local_reference,local cache covering 2020 to 2035
New Testament,Acts,19,Acts 19:11-20,rid_081fca7a03d7cd05e0f7,amshir-05-01,"The Departure of St. Agrippinus, 10th Pope of Alexandria",Annual / fixed or ordinary cycle,liturgy_acts,,liturgy_acts,current_public_or_local_reference,local repo snapshot of pierresaid Katameros API SQLite database
New Testament,Acts,19,Acts 19:11-20,rid_081fca7a03d7cd05e0f7,babah-27-01,The Martyrdom of the Righteous Father Saint Macarius Bishop of Edkow (Tkoou),Annual / fixed or ordinary cycle,Liturgy,,Acts of the Apostles,current_public_or_local_reference,local cache covering 2020 to 2035
New Testament,Acts,19,Acts 19:11-20,rid_081fca7a03d7cd05e0f7,babah-27-01,The Martyrdom of the Righteous Father Saint Macarius Bishop of Edkow (Tkoou),Annual / fixed or ordinary cycle,liturgy_acts,,liturgy_acts,current_public_or_local_reference,local repo snapshot of pierresaid Katameros API SQLite database
New Testament,Acts,19,Acts 19:11-20,rid_081fca7a03d7cd05e0f7,baramhat-01-01,The Departure of St. Narcissus,Annual / fixed or ordinary cycle,liturgy_acts,,liturgy_acts,current_public_or_local_reference,local repo snapshot of pierresaid Katameros API SQLite database
New Testament,Acts,19,Acts 19:11-20,rid_081fca7a03d7cd05e0f7,baramhat-27-01,The Commemoration of the Crucifixion of Our Lord Jesus Christ,Annual / fixed or ordinary cycle,liturgy_acts,,liturgy_acts,current_public_or_local_reference,local repo snapshot of pierresaid Katameros API SQLite database
New Testament,Acts,19,Acts 19:11-20,rid_081fca7a03d7cd05e0f7,baramhat-07-01,The Martyrdom of Sts. Philemon and Apollonius,Annual / fixed or ordinary cycle,liturgy_acts,,liturgy_acts,current_public_or_local_reference,local repo snapshot of pierresaid Katameros API SQLite database
New Testament,Acts,19,Acts 19:11-20,rid_081fca7a03d7cd05e0f7,barmuda-13,Barmuda 13,Annual / fixed or ordinary cycle,liturgy_acts,,liturgy_acts,current_public_or_local_reference,local repo snapshot of pierresaid Katameros API SQLite database
New Testament,Acts,19,Acts 19:11-20,rid_081fca7a03d7cd05e0f7,barmuda-4,Barmuda 4,Annual / fixed or ordinary cycle,liturgy_acts,,liturgy_acts,current_public_or_local_reference,local repo snapshot of pierresaid Katameros API SQLite database
New Testament,Acts,19,Acts 19:11-20,rid_081fca7a03d7cd05e0f7,bashans-18-01,"The Departure of St. George (Ga'orgi), the Friend of St. Abraam",Annual / fixed or ordinary cycle,liturgy_acts,,liturgy_acts,current_public_or_local_reference,local repo snapshot of pierresaid Katameros API SQLite database
New Testament,Acts,19,Acts 19:11-20,rid_081fca7a03d7cd05e0f7,baunah-10-01,The Martyrdom of St. Dabamon,Annual / fixed or ordinary cycle,liturgy_acts,,liturgy_acts,current_public_or_local_reference,local repo snapshot of pierresaid Katameros API SQLite database
New Testament,Acts,19,Acts 19:11-20,rid_081fca7a03d7cd05e0f7,baunah-22-01,"The Consecration of the Church of Sts. Cosmas, Damian, Their Mother, and Brothers",Annual / fixed or ordinary cycle,liturgy_acts,,liturgy_acts,current_public_or_local_reference,local repo snapshot of pierresaid Katameros API SQLite database
New Testament,Acts,19,Acts 19:11-20,rid_081fca7a03d7cd05e0f7,great-lent,Great Lent,Great Lent,Liturgy,,Acts of the Apostles,current_public_or_local_reference,local cache covering 2020 to 2035
New Testament,Acts,19,Acts 19:11-22,rid_bfdb171b5efa22364374,the-fourth-sunday-of-abib,The fourth Sunday of Abib,Annual / fixed or ordinary cycle,Liturgy,,Acts of the Apostles,current_public_or_local_reference,local cache covering 2020 to 2035
New Testament,Acts,19,Acts 19:11-22,rid_bfdb171b5efa22364374,abib-04-01,The Commemoration of the Relocation of the Relics of Sts. Apakir and John,Annual / fixed or ordinary cycle,liturgy_acts,,liturgy_acts,current_public_or_local_reference,local repo snapshot of pierresaid Katameros API SQLite database
New Testament,Acts,19,Acts 19:23-26,rid_4c30ca98dd9a7d494e5e,great-lent-jonah-nineveh-cycle,Great Lent/Jonah/Nineveh cycle,Great Lent,liturgy_acts,,liturgy_acts,current_public_or_local_reference,local repo snapshot of pierresaid Katameros API SQLite database
New Testament,Acts,19,Acts 19:23-26,rid_4c30ca98dd9a7d494e5e,wednesday-of-the-seventh-week-of-great-lent,Wednesday of the seventh week of Great Lent,Great Lent,Liturgy,,Acts of the Apostles,current_public_or_local_reference,local cache covering 2020 to 2035
New Testament,Acts,19,Acts 19:23-40,rid_dd7e465f7c846117c9ae,the-first-sunday-of-mesra,The first Sunday of Mesra,Annual / fixed or ordinary cycle,Liturgy,,Acts of the Apostles,current_public_or_local_reference,local cache covering 2020 to 2035
New Testament,Acts,19,Acts 19:23-40,rid_dd7e465f7c846117c9ae,mesra-01-01,"The Martyrdom of St. Apoli, Son of Justus",Annual / fixed or ordinary cycle,liturgy_acts,,liturgy_acts,current_public_or_local_reference,local repo snapshot of pierresaid Katameros API SQLite database
New Testament,Acts,19,Acts 19:23-41,rid_7316d2fbfbbab177fffe,abib-11-01,"The Martyrdom of Sts. John and Simon, his cousin",Annual / fixed or ordinary cycle,Liturgy,,Acts of the Apostles,current_public_or_local_reference,local cache covering 2020 to 2035
New Testament,Acts,19,Acts 19:23-41,rid_7316d2fbfbbab177fffe,abib-11-01,"The Martyrdom of Sts. John and Simon, his cousin",Annual / fixed or ordinary cycle,liturgy_acts,,liturgy_acts,current_public_or_local_reference,local repo snapshot of pierresaid Katameros API SQLite database
New Testament,Acts,19,Acts 19:23-41,rid_7316d2fbfbbab177fffe,abib-22-01,"The Commemoration of the Martyrdom of St. Macarius, the Son of Basilides (Wasilides) the Minister",Annual / fixed or ordinary cycle,Liturgy,,Acts of the Apostles,current_public_or_local_reference,local cache covering 2020 to 2035
New Testament,Acts,19,Acts 19:23-41,rid_7316d2fbfbbab177fffe,abib-22-01,"The Commemoration of the Martyrdom of St. Macarius, the Son of Basilides (Wasilides) the Minister",Annual / fixed or ordinary cycle,liturgy_acts,,liturgy_acts,current_public_or_local_reference,local repo snapshot of pierresaid Katameros API SQLite database
New Testament,Acts,19,Acts 19:23-41,rid_7316d2fbfbbab177fffe,amshir-13-01,"The Martyrdom of St. Sergius of Atripe, His Father, Mother, Sister, and Many Others with Them",Annual / fixed or ordinary cycle,Liturgy,,Acts of the Apostles,current_public_or_local_reference,local cache covering 2020 to 2035
New Testament,Acts,19,Acts 19:23-41,rid_7316d2fbfbbab177fffe,amshir-13-01,"The Martyrdom of St. Sergius of Atripe, His Father, Mother, Sister, and Many Others with Them",Annual / fixed or ordinary cycle,liturgy_acts,,liturgy_acts,current_public_or_local_reference,local repo snapshot of pierresaid Katameros API SQLite database
New Testament,Acts,19,Acts 19:23-41,rid_7316d2fbfbbab177fffe,amshir-17-01,"The Martyrdom of St. Mina (Menas), the Monk",Annual / fixed or ordinary cycle,Liturgy,,Acts of the Apostles,current_public_or_local_reference,local cache covering 2020 to 2035
New Testament,Acts,19,Acts 19:23-41,rid_7316d2fbfbbab177fffe,amshir-17-01,"The Martyrdom of St. Mina (Menas), the Monk",Annual / fixed or ordinary cycle,liturgy_acts,,liturgy_acts,current_public_or_local_reference,local repo snapshot of pierresaid Katameros API SQLite database
New Testament,Acts,19,Acts 19:23-41,rid_7316d2fbfbbab177fffe,amshir-23-01,"The Martyrdom of St. Eusebius, Son of Basilides, the Minister",Annual / fixed or ordinary cycle,Liturgy,,Acts of the Apostles,current_public_or_local_reference,local cache covering 2020 to 2035
New Testament,Acts,19,Acts 19:23-41,rid_7316d2fbfbbab177fffe,amshir-23-01,"The Martyrdom of St. Eusebius, Son of Basilides, the Minister",Annual / fixed or ordinary cycle,liturgy_acts,,liturgy_acts,current_public_or_local_reference,local repo snapshot of pierresaid Katameros API SQLite database
New Testament,Acts,19,Acts 19:23-41,rid_7316d2fbfbbab177fffe,barmuda-18,Barmuda 18,Annual / fixed or ordinary cycle,liturgy_acts,,liturgy_acts,current_public_or_local_reference,local repo snapshot of pierresaid Katameros API SQLite database
New Testament,Acts,19,Acts 19:23-41,rid_7316d2fbfbbab177fffe,barmuda-27,Barmuda 27,Annual / fixed or ordinary cycle,liturgy_acts,,liturgy_acts,current_public_or_local_reference,local repo snapshot of pierresaid Katameros API SQLite database
New Testament,Acts,19,Acts 19:23-41,rid_7316d2fbfbbab177fffe,bashans-10-01,"The Departure of the Three Hebrew Young Men Hananiah, Azariah and Mishael",Annual / fixed or ordinary cycle,liturgy_acts,,liturgy_acts,current_public_or_local_reference,local repo snapshot of pierresaid Katameros API SQLite database
New Testament,Acts,19,Acts 19:23-41,rid_7316d2fbfbbab177fffe,baunah-11-01,The Martyrdom of St. Claudius,Annual / fixed or ordinary cycle,liturgy_acts,,liturgy_acts,current_public_or_local_reference,local repo snapshot of pierresaid Katameros API SQLite database
New Testament,Acts,19,Acts 19:23-41,rid_7316d2fbfbbab177fffe,great-lent,Great Lent,Great Lent,Liturgy,,Acts of the Apostles,current_public_or_local_reference,local cache covering 2020 to 2035
New Testament,Acts,19,Acts 19:23-41,rid_7316d2fbfbbab177fffe,kiak-14,Kiak 14,Annual / fixed or ordinary cycle,Liturgy,,Acts of the Apostles,current_public_or_local_reference,local cache covering 2020 to 2035
New Testament,Acts,19,Acts 19:23-41,rid_7316d2fbfbbab177fffe,kiyahk-14-01,"The Martyrdom of Saints Behnam and Sarah, His Sister",Annual / fixed or ordinary cycle,liturgy_acts,,liturgy_acts,current_public_or_local_reference,local repo snapshot of pierresaid Katameros API SQLite database
New Testament,Acts,19,Acts 19:23-41,rid_7316d2fbfbbab177fffe,mesra-08-01,"The Martyrdom of the Sts. Lazarus, Salomi, His Wife, and Their Children",Annual / fixed or ordinary cycle,Liturgy,,Acts of the Apostles,current_public_or_local_reference,local cache covering 2020 to 2035
New Testament,Acts,19,Acts 19:23-41,rid_7316d2fbfbbab177fffe,mesra-08-01,"The Martyrdom of the Sts. Lazarus, Salomi, His Wife, and Their Children",Annual / fixed or ordinary cycle,liturgy_acts,,liturgy_acts,current_public_or_local_reference,local repo snapshot of pierresaid Katameros API SQLite database
New Testament,Acts,19,Acts 19:23-41,rid_7316d2fbfbbab177fffe,baunah-11-01,The Martyrdom of St. Claudius,Annual / fixed or ordinary cycle,Liturgy,,Acts of the Apostles,current_public_or_local_reference,local cache covering 2020 to 2035
New Testament,Acts,19,Acts 19:6-10,rid_6a6282c6a6f44d36442e,holy-fifty-days-pentecost-cycle,Holy Fifty Days/Pentecost cycle,Holy Fifty Days,liturgy_acts,,liturgy_acts,current_public_or_local_reference,local repo snapshot of pierresaid Katameros API SQLite database
New Testament,Acts,19,Acts 19:6-10,rid_6a6282c6a6f44d36442e,wednesday-of-the-sixth-week-of-the-holy-fifty-days,Wednesday of the sixth week of the holy fifty days,Holy Fifty Days,Liturgy,,Acts of the Apostles,current_public_or_local_reference,local cache covering 2020 to 2035
New Testament,Acts,19,Acts 19:6-10,rid_6a6282c6a6f44d36442e,wednesday-of-the-sixth-week-of-the-holy-fifty-days-and-the-feast-of-entry-into-egypt,Wednesday of the sixth week of the holy fifty days and the Feast of Entry into Egypt,Holy Fifty Days,Liturgy,,Acts of the Apostles,current_public_or_local_reference,local cache covering 2020 to 2035
New Testament,Acts,1,Acts 1:15-20,rid_9397f57ff763d3a220e3,great-thursday,Great Thursday,Pascha / Holy Week,First Hour,First Hour,Acts,current_working_source_not_coptic_reader_checked,local repo snapshot of pierresaid Katameros API SQLite database
New Testament,Acts,1,Acts 1:15-26,rid_db30ed0d9ffed1b96a87,holy-fifty-days-pentecost-cycle,Holy Fifty Days/Pentecost cycle,Holy Fifty Days,liturgy_acts,,liturgy_acts,current_public_or_local_reference,local repo snapshot of pierresaid Katameros API SQLite database
New Testament,Acts,1,Acts 1:15-26,rid_db30ed0d9ffed1b96a87,saturday-of-the-seventh-week-of-the-holy-fifty-days,Saturday of the seventh week of the holy fifty days,Holy Fifty Days,Liturgy,,Acts of the Apostles,current_public_or_local_reference,local cache covering 2020 to 2035
New Testament,Acts,20,Acts 20:1-12,rid_cf81fb92b92a62dbbafb,holy-fifty-days-pentecost-cycle,Holy Fifty Days/Pentecost cycle,Holy Fifty Days,liturgy_acts,,liturgy_acts,current_public_or_local_reference,local repo snapshot of pierresaid Katameros API SQLite database
New Testament,Acts,20,Acts 20:1-12,rid_cf81fb92b92a62dbbafb,sunday-of-the-second-week-of-the-holy-fifty-days,Sunday of the second week of the holy fifty days,Holy Fifty Days,Liturgy,,Acts of the Apostles,current_public_or_local_reference,local cache covering 2020 to 2035
New Testament,Acts,20,Acts 20:1-12,rid_cf81fb92b92a62dbbafb,the-second-sunday-of-mesra,The second Sunday of Mesra,Annual / fixed or ordinary cycle,Liturgy,,Acts of the Apostles,current_public_or_local_reference,local cache covering 2020 to 2035
New Testament,Acts,20,Acts 20:1-12,rid_cf81fb92b92a62dbbafb,mesra-02-01,The Departure of St. Pa'esa (Athanasia),Annual / fixed or ordinary cycle,liturgy_acts,,liturgy_acts,current_public_or_local_reference,local repo snapshot of pierresaid Katameros API SQLite database
New Testament,Acts,20,Acts 20:1-16,rid_fa2257b3cd8dd0e37be4,holy-fifty-days-pentecost-cycle,Holy Fifty Days/Pentecost cycle,Holy Fifty Days,liturgy_acts,,liturgy_acts,current_public_or_local_reference,local repo snapshot of pierresaid Katameros API SQLite database
New Testament,Acts,20,Acts 20:1-16,rid_fa2257b3cd8dd0e37be4,sunday-of-the-sixth-week-of-the-holy-fifty-days,Sunday of the sixth week of the holy fifty days,Holy Fifty Days,Liturgy,,Acts of the Apostles,current_public_or_local_reference,local cache covering 2020 to 2035
New Testament,Acts,20,Acts 20:1-16,rid_fa2257b3cd8dd0e37be4,sunday-of-the-sixth-week-of-the-holy-fifty-days-and-the-feast-of-entry-into-egypt,Sunday of the sixth week of the holy fifty days and the Feast of Entry into Egypt,Holy Fifty Days,Liturgy,,Acts of the Apostles,current_public_or_local_reference,local cache covering 2020 to 2035
New Testament,Acts,20,Acts 20:1-6,rid_84a5072188df73f93ba9,holy-fifty-days-pentecost-cycle,Holy Fifty Days/Pentecost cycle,Holy Fifty Days,liturgy_acts,,liturgy_acts,current_public_or_local_reference,local repo snapshot of pierresaid Katameros API SQLite database
New Testament,Acts,20,Acts 20:1-6,rid_84a5072188df73f93ba9,wednesday-of-the-fourth-week-of-the-holy-fifty-days,Wednesday of the fourth week of the holy fifty days,Holy Fifty Days,Liturgy,,Acts of the Apostles,current_public_or_local_reference,local cache covering 2020 to 2035
New Testament,Acts,20,Acts 20:17-38,rid_ce9d159baf7c0aa56ce2,abib-14,Abib 14,Annual / fixed or ordinary cycle,Liturgy,,Acts of the Apostles,current_public_or_local_reference,local cache covering 2020 to 2035
New Testament,Acts,20,Acts 20:17-38,rid_ce9d159baf7c0aa56ce2,abib-03-01,"The Departure of St. Kyrillos (Cyril) the First, the Twenty- Fourth Pope of Alexandria",Annual / fixed or ordinary cycle,Liturgy,,Acts of the Apostles,current_public_or_local_reference,local cache covering 2020 to 2035
New Testament,Acts,20,Acts 20:17-38,rid_ce9d159baf7c0aa56ce2,abib-03-01,"The Departure of St. Kyrillos (Cyril) the First, the Twenty- Fourth Pope of Alexandria",Annual / fixed or ordinary cycle,liturgy_acts,,liturgy_acts,current_public_or_local_reference,local repo snapshot of pierresaid Katameros API SQLite database
New Testament,Acts,20,Acts 20:17-38,rid_ce9d159baf7c0aa56ce2,amshir-14-01,"The Departure of St. Severus, Patriarch of Antioch",Annual / fixed or ordinary cycle,Liturgy,,Acts of the Apostles,current_public_or_local_reference,local cache covering 2020 to 2035
New Testament,Acts,20,Acts 20:17-38,rid_ce9d159baf7c0aa56ce2,amshir-14-01,"The Departure of St. Severus, Patriarch of Antioch",Annual / fixed or ordinary cycle,liturgy_acts,,liturgy_acts,current_public_or_local_reference,local repo snapshot of pierresaid Katameros API SQLite database
New Testament,Acts,20,Acts 20:17-38,rid_ce9d159baf7c0aa56ce2,amshir-18-01,"The Departure of St. Malatius the Confessor, Patriarch of Antioch",Annual / fixed or ordinary cycle,Liturgy,,Acts of the Apostles,current_public_or_local_reference,local cache covering 2020 to 2035
New Testament,Acts,20,Acts 20:17-38,rid_ce9d159baf7c0aa56ce2,amshir-18-01,"The Departure of St. Malatius the Confessor, Patriarch of Antioch",Annual / fixed or ordinary cycle,liturgy_acts,,liturgy_acts,current_public_or_local_reference,local repo snapshot of pierresaid Katameros API SQLite database
New Testament,Acts,20,Acts 20:17-38,rid_ce9d159baf7c0aa56ce2,amshir-27-01,"The Departure of St. Eustathius, Patriarch of Antioch",Annual / fixed or ordinary cycle,Liturgy,,Acts of the Apostles,current_public_or_local_reference,local cache covering 2020 to 2035
New Testament,Acts,20,Acts 20:17-38,rid_ce9d159baf7c0aa56ce2,amshir-27-01,"The Departure of St. Eustathius, Patriarch of Antioch",Annual / fixed or ordinary cycle,liturgy_acts,,liturgy_acts,current_public_or_local_reference,local repo snapshot of pierresaid Katameros API SQLite database
New Testament,Acts,20,Acts 20:17-38,rid_ce9d159baf7c0aa56ce2,amshir-07-01,"The Departure of St. Alexandros II, 43rd Pope of Alexandria",Annual / fixed or ordinary cycle,liturgy_acts,,liturgy_acts,current_public_or_local_reference,local repo snapshot of pierresaid Katameros API SQLite database
New Testament,Acts,20,Acts 20:17-38,rid_ce9d159baf7c0aa56ce2,babah-11-01,"The Departure of St. James, Patriarch of Antioch",Annual / fixed or ordinary cycle,Liturgy,,Acts of the Apostles,current_public_or_local_reference,local cache covering 2020 to 2035
New Testament,Acts,20,Acts 20:17-38,rid_ce9d159baf7c0aa56ce2,babah-17-01,The Departure of St. Dioscorus II 31st Pope of Alexandria,Annual / fixed or ordinary cycle,Liturgy,,Acts of the Apostles,current_public_or_local_reference,local cache covering 2020 to 2035
New Testament,Acts,20,Acts 20:17-38,rid_ce9d159baf7c0aa56ce2,babah-02-01,"The Coming of Saint Severus, Patriarch of Antioch, to Egypt",Annual / fixed or ordinary cycle,Liturgy,,Acts of the Apostles,current_public_or_local_reference,local cache covering 2020 to 2035
New Testament,Acts,20,Acts 20:17-38,rid_ce9d159baf7c0aa56ce2,babah-03-01,"The Departure of St. Simon II, 51st Pope of the See of St. Mark",Annual / fixed or ordinary cycle,Liturgy,,Acts of the Apostles,current_public_or_local_reference,local cache covering 2020 to 2035
New Testament,Acts,20,Acts 20:17-38,rid_ce9d159baf7c0aa56ce2,babah-05-01,"The Martyrdom of St. Paul, Patriarch of Constantinople",Annual / fixed or ordinary cycle,Liturgy,,Acts of the Apostles,current_public_or_local_reference,local cache covering 2020 to 2035
New Testament,Acts,20,Acts 20:17-38,rid_ce9d159baf7c0aa56ce2,babah-09-01,"The Departure of St. Eumenius, the Seventh Pope of the See of St. Mark",Annual / fixed or ordinary cycle,Liturgy,,Acts of the Apostles,current_public_or_local_reference,local cache covering 2020 to 2035
New Testament,Acts,20,Acts 20:17-38,rid_ce9d159baf7c0aa56ce2,babah-11-01,"The Departure of St. James, Patriarch of Antioch",Annual / fixed or ordinary cycle,liturgy_acts,,liturgy_acts,current_public_or_local_reference,local repo snapshot of pierresaid Katameros API SQLite database
New Testament,Acts,20,Acts 20:17-38,rid_ce9d159baf7c0aa56ce2,babah-17-01,The Departure of St. Dioscorus II 31st Pope of Alexandria,Annual / fixed or ordinary cycle,liturgy_acts,,liturgy_acts,current_public_or_local_reference,local repo snapshot of pierresaid Katameros API SQLite database
New Testament,Acts,20,Acts 20:17-38,rid_ce9d159baf7c0aa56ce2,babah-02-01,"The Coming of Saint Severus, Patriarch of Antioch, to Egypt",Annual / fixed or ordinary cycle,liturgy_acts,,liturgy_acts,current_public_or_local_reference,local repo snapshot of pierresaid Katameros API SQLite database
New Testament,Acts,20,Acts 20:17-38,rid_ce9d159baf7c0aa56ce2,babah-03-01,"The Departure of St. Simon II, 51st Pope of the See of St. Mark",Annual / fixed or ordinary cycle,liturgy_acts,,liturgy_acts,current_public_or_local_reference,local repo snapshot of pierresaid Katameros API SQLite database
New Testament,Acts,20,Acts 20:7-16,rid_52321face5dc9de0fbe7,the-third-sunday-of-amshir,The third Sunday of Amshir,Annual / fixed or ordinary cycle,Liturgy,,Acts of the Apostles,current_public_or_local_reference,local cache covering 2020 to 2035
New Testament,Acts,20,Acts 20:7-16,rid_52321face5dc9de0fbe7,amshir-03-01,"The Departure of St. James, the Ascetic",Annual / fixed or ordinary cycle,liturgy_acts,,liturgy_acts,current_public_or_local_reference,local repo snapshot of pierresaid Katameros API SQLite database
New Testament,Acts,21,Acts 21:1-14,rid_587da6cc7af7cafad2c9,great-lent-jonah-nineveh-cycle,Great Lent/Jonah/Nineveh cycle,Great Lent,liturgy_acts,,liturgy_acts,current_public_or_local_reference,local repo snapshot of pierresaid Katameros API SQLite database
New Testament,Acts,21,Acts 21:1-14,rid_587da6cc7af7cafad2c9,saturday-of-the-week-before-great-lent,Saturday of the week before Great Lent,Great Lent,Liturgy,,Acts of the Apostles,current_public_or_local_reference,local cache covering 2020 to 2035
New Testament,Acts,21,Acts 21:15-26,rid_462fa0a3406695395a47,great-lent-jonah-nineveh-cycle,Great Lent/Jonah/Nineveh cycle,Great Lent,liturgy_acts,,liturgy_acts,current_public_or_local_reference,local repo snapshot of pierresaid Katameros API SQLite database
New Testament,Acts,21,Acts 21:15-26,rid_462fa0a3406695395a47,sunday-of-the-week-before-great-lent,Sunday of the week before Great Lent,Great Lent,Liturgy,,Acts of the Apostles,current_public_or_local_reference,local cache covering 2020 to 2035
New Testament,Acts,21,Acts 21:27-39,rid_6b66fae3116254c05cda,great-lent-jonah-nineveh-cycle,Great Lent/Jonah/Nineveh cycle,Great Lent,liturgy_acts,,liturgy_acts,current_public_or_local_reference,local repo snapshot of pierresaid Katameros API SQLite database
New Testament,Acts,21,Acts 21:27-39,rid_6b66fae3116254c05cda,saturday-of-the-first-week-of-great-lent,Saturday of the first week of Great Lent,Great Lent,Liturgy,,Acts of the Apostles,current_public_or_local_reference,local cache covering 2020 to 2035
New Testament,Acts,21,Acts 21:40-22,rid_b48b6083dd376d8cf66b,great-lent-jonah-nineveh-cycle,Great Lent/Jonah/Nineveh cycle,Great Lent,liturgy_acts,,liturgy_acts,current_public_or_local_reference,local repo snapshot of pierresaid Katameros API SQLite database
New Testament,Acts,21,Acts 21:40-22:16,rid_d26ed3fb522ebaaea450,sunday-of-the-first-week-of-great-lent,Sunday of the first week of Great Lent,Great Lent,Liturgy,,Acts of the Apostles,current_public_or_local_reference,local cache covering 2020 to 2035
New Testament,Acts,21,Acts 21:5-14,rid_2ad1de50c2d577230e2e,abib-01-01,The Martyrdom of Saint Febronia the Ascetic,Annual / fixed or ordinary cycle,Liturgy,,Acts of the Apostles,current_public_or_local_reference,local cache covering 2020 to 2035
New Testament,Acts,21,Acts 21:5-14,rid_2ad1de50c2d577230e2e,abib-01-01,The Martyrdom of Saint Febronia the Ascetic,Annual / fixed or ordinary cycle,liturgy_acts,,liturgy_acts,current_public_or_local_reference,local repo snapshot of pierresaid Katameros API SQLite database
New Testament,Acts,21,Acts 21:5-14,rid_2ad1de50c2d577230e2e,abib-17-01,The Martyrdom of St. Euphemia,Annual / fixed or ordinary cycle,Liturgy,,Acts of the Apostles,current_public_or_local_reference,local cache covering 2020 to 2035
New Testament,Acts,21,Acts 21:5-14,rid_2ad1de50c2d577230e2e,abib-17-01,The Martyrdom of St. Euphemia,Annual / fixed or ordinary cycle,liturgy_acts,,liturgy_acts,current_public_or_local_reference,local repo snapshot of pierresaid Katameros API SQLite database
New Testament,Acts,21,Acts 21:5-14,rid_2ad1de50c2d577230e2e,abib-28-01,The Departure of St. Mary Magdalene,Annual / fixed or ordinary cycle,Liturgy,,Acts of the Apostles,current_public_or_local_reference,local cache covering 2020 to 2035
New Testament,Acts,21,Acts 21:5-14,rid_2ad1de50c2d577230e2e,abib-28-01,The Departure of St. Mary Magdalene,Annual / fixed or ordinary cycle,liturgy_acts,,liturgy_acts,current_public_or_local_reference,local repo snapshot of pierresaid Katameros API SQLite database
New Testament,Acts,21,Acts 21:5-14,rid_2ad1de50c2d577230e2e,babah-01-01,The Martyrdom of Saint Anastasia,Annual / fixed or ordinary cycle,Liturgy,,Acts of the Apostles,current_public_or_local_reference,local cache covering 2020 to 2035
New Testament,Acts,21,Acts 21:5-14,rid_2ad1de50c2d577230e2e,babah-01-01,The Martyrdom of Saint Anastasia,Annual / fixed or ordinary cycle,liturgy_acts,,liturgy_acts,current_public_or_local_reference,local repo snapshot of pierresaid Katameros API SQLite database
New Testament,Acts,21,Acts 21:5-14,rid_2ad1de50c2d577230e2e,babah-06-01,"The Departure of the Righteous Hannah, the Prophetess Mother of Samuel, the Prophet",Annual / fixed or ordinary cycle,liturgy_acts,,liturgy_acts,current_public_or_local_reference,local repo snapshot of pierresaid Katameros API SQLite database
New Testament,Acts,21,Acts 21:5-14,rid_2ad1de50c2d577230e2e,baramhat-15-01,The Departure of St. Sarah the nun,Annual / fixed or ordinary cycle,liturgy_acts,,liturgy_acts,current_public_or_local_reference,local repo snapshot of pierresaid Katameros API SQLite database
New Testament,Acts,21,Acts 21:5-14,rid_2ad1de50c2d577230e2e,baramhat-26-01,"The Departure of St. Euphrasia (Eupraxia), the virgin",Annual / fixed or ordinary cycle,liturgy_acts,,liturgy_acts,current_public_or_local_reference,local repo snapshot of pierresaid Katameros API SQLite database
New Testament,Acts,21,Acts 21:5-14,rid_2ad1de50c2d577230e2e,barmuda-11,Barmuda 11,Annual / fixed or ordinary cycle,liturgy_acts,,liturgy_acts,current_public_or_local_reference,local repo snapshot of pierresaid Katameros API SQLite database
New Testament,Acts,21,Acts 21:5-14,rid_2ad1de50c2d577230e2e,barmuda-25,Barmuda 25,Annual / fixed or ordinary cycle,liturgy_acts,,liturgy_acts,current_public_or_local_reference,local repo snapshot of pierresaid Katameros API SQLite database
New Testament,Acts,21,Acts 21:5-14,rid_2ad1de50c2d577230e2e,barmuda-6,Barmuda 6,Annual / fixed or ordinary cycle,liturgy_acts,,liturgy_acts,current_public_or_local_reference,local repo snapshot of pierresaid Katameros API SQLite database
New Testament,Acts,21,Acts 21:5-14,rid_2ad1de50c2d577230e2e,barmuda-8,Barmuda 8,Annual / fixed or ordinary cycle,liturgy_acts,,liturgy_acts,current_public_or_local_reference,local repo snapshot of pierresaid Katameros API SQLite database
New Testament,Acts,21,Acts 21:5-14,rid_2ad1de50c2d577230e2e,fast-of-nineveh,Fast of Nineveh,Annual / fixed or ordinary cycle,Liturgy,,Acts of the Apostles,current_public_or_local_reference,local cache covering 2020 to 2035
New Testament,Acts,21,Acts 21:5-14,rid_2ad1de50c2d577230e2e,great-lent-jonah-nineveh-cycle,Great Lent/Jonah/Nineveh cycle,Great Lent,liturgy_acts,,liturgy_acts,current_public_or_local_reference,local repo snapshot of pierresaid Katameros API SQLite database
New Testament,Acts,21,Acts 21:5-14,rid_2ad1de50c2d577230e2e,hatoor-10,Hatoor 10,Annual / fixed or ordinary cycle,liturgy_acts,,liturgy_acts,current_public_or_local_reference,local repo snapshot of pierresaid Katameros API SQLite database
New Testament,Acts,21,Acts 21:5-14,rid_2ad1de50c2d577230e2e,hator-10,Hator 10,Annual / fixed or ordinary cycle,Liturgy,,Acts of the Apostles,current_public_or_local_reference,local cache covering 2020 to 2035
New Testament,Acts,21,Acts 21:5-14,rid_2ad1de50c2d577230e2e,kiak-26,Kiak 26,Annual / fixed or ordinary cycle,Liturgy,,Acts of the Apostles,current_public_or_local_reference,local cache covering 2020 to 2035
New Testament,Acts,21,Acts 21:8-14,rid_8efb17f8331e77f89015,mesra-03-01,The Relocation of the Body of St. Simon (Simeon) the Stylite to the city of Antioch,Annual / fixed or ordinary cycle,liturgy_acts,,liturgy_acts,current_public_or_local_reference,local repo snapshot of pierresaid Katameros API SQLite database
New Testament,Acts,21,Acts 21:9-14,rid_9086b233f7903018b8dc,the-third-sunday-of-mesra,The third Sunday of Mesra,Annual / fixed or ordinary cycle,Liturgy,,Acts of the Apostles,current_public_or_local_reference,local cache covering 2020 to 2035
New Testament,Acts,22,Acts 22:17-24,rid_209b745be9dbc88454e7,friday-of-the-fourth-week-of-great-lent,Friday of the fourth week of Great Lent,Great Lent,Liturgy,,Acts of the Apostles,current_public_or_local_reference,local cache covering 2020 to 2035
New Testament,Acts,22,Acts 22:17-24,rid_209b745be9dbc88454e7,great-lent-jonah-nineveh-cycle,Great Lent/Jonah/Nineveh cycle,Great Lent,liturgy_acts,,liturgy_acts,current_public_or_local_reference,local repo snapshot of pierresaid Katameros API SQLite database
New Testament,Acts,22,Acts 22:17-24,rid_209b745be9dbc88454e7,tuesday-of-the-seventh-week-of-great-lent,Tuesday of the seventh week of Great Lent,Great Lent,Liturgy,,Acts of the Apostles,current_public_or_local_reference,local cache covering 2020 to 2035
New Testament,Acts,22,Acts 22:17-30,rid_c907dc61bf6d0f628af7,great-lent-jonah-nineveh-cycle,Great Lent/Jonah/Nineveh cycle,Great Lent,liturgy_acts,,liturgy_acts,current_public_or_local_reference,local repo snapshot of pierresaid Katameros API SQLite database
New Testament,Acts,22,Acts 22:17-30,rid_c907dc61bf6d0f628af7,saturday-of-the-second-week-of-great-lent,Saturday of the second week of Great Lent,Great Lent,Liturgy,,Acts of the Apostles,current_public_or_local_reference,local cache covering 2020 to 2035
New Testament,Acts,22,Acts 22:6-10,rid_4c0366b4170b218c7a4f,friday-of-the-sixth-week-of-the-holy-fifty-days,Friday of the sixth week of the holy fifty days,Holy Fifty Days,Liturgy,,Acts of the Apostles,current_public_or_local_reference,local cache covering 2020 to 2035
New Testament,Acts,22,Acts 22:6-10,rid_4c0366b4170b218c7a4f,holy-fifty-days-pentecost-cycle,Holy Fifty Days/Pentecost cycle,Holy Fifty Days,liturgy_acts,,liturgy_acts,current_public_or_local_reference,local repo snapshot of pierresaid Katameros API SQLite database
New Testament,Acts,22,Acts 22:7-24,rid_f32b16534de5e0c82e1d,great-lent-jonah-nineveh-cycle,Great Lent/Jonah/Nineveh cycle,Great Lent,liturgy_acts,,liturgy_acts,current_public_or_local_reference,local repo snapshot of pierresaid Katameros API SQLite database
New Testament,Acts,23,Acts 23:1-11,rid_a89e691e162c57976794,great-lent-jonah-nineveh-cycle,Great Lent/Jonah/Nineveh cycle,Great Lent,liturgy_acts,,liturgy_acts,current_public_or_local_reference,local repo snapshot of pierresaid Katameros API SQLite database
New Testament,Acts,23,Acts 23:1-11,rid_a89e691e162c57976794,sunday-of-the-second-week-of-great-lent,Sunday of the second week of Great Lent,Great Lent,Liturgy,,Acts of the Apostles,current_public_or_local_reference,local cache covering 2020 to 2035
New Testament,Acts,23,Acts 23:12-35,rid_f2c41ff8ffd98c5c5ea8,great-lent-jonah-nineveh-cycle,Great Lent/Jonah/Nineveh cycle,Great Lent,liturgy_acts,,liturgy_acts,current_public_or_local_reference,local repo snapshot of pierresaid Katameros API SQLite database
New Testament,Acts,23,Acts 23:12-35,rid_f2c41ff8ffd98c5c5ea8,saturday-of-the-third-week-of-great-lent,Saturday of the third week of Great Lent,Great Lent,Liturgy,,Acts of the Apostles,current_public_or_local_reference,local cache covering 2020 to 2035
New Testament,Acts,23,Acts 23:6-11,rid_9f2bd51574eae45b8b1c,friday-of-the-third-week-of-great-lent,Friday of the third week of Great Lent,Great Lent,Liturgy,,Acts of the Apostles,current_public_or_local_reference,local cache covering 2020 to 2035
New Testament,Acts,23,Acts 23:6-11,rid_9f2bd51574eae45b8b1c,great-lent-jonah-nineveh-cycle,Great Lent/Jonah/Nineveh cycle,Great Lent,liturgy_acts,,liturgy_acts,current_public_or_local_reference,local repo snapshot of pierresaid Katameros API SQLite database
New Testament,Acts,23,Acts 23:6-11,rid_9f2bd51574eae45b8b1c,holy-fifty-days-pentecost-cycle,Holy Fifty Days/Pentecost cycle,Holy Fifty Days,liturgy_acts,,liturgy_acts,current_public_or_local_reference,local repo snapshot of pierresaid Katameros API SQLite database
New Testament,Acts,23,Acts 23:6-11,rid_9f2bd51574eae45b8b1c,saturday-of-the-fifth-week-of-the-holy-fifty-days,Saturday of the fifth week of the holy fifty days,Holy Fifty Days,Liturgy,,Acts of the Apostles,current_public_or_local_reference,local cache covering 2020 to 2035
New Testament,Acts,23,Acts 23:6-11,rid_9f2bd51574eae45b8b1c,saturday-of-the-fifth-week-of-the-holy-fifty-days-and-the-feast-of-entry-into-egypt,Saturday of the fifth week of the holy fifty days and the Feast of Entry into Egypt,Holy Fifty Days,Liturgy,,Acts of the Apostles,current_public_or_local_reference,local cache covering 2020 to 2035
New Testament,Acts,24,Acts 24:1-23,rid_0f5d8413e4b80a45d470,great-lent-jonah-nineveh-cycle,Great Lent/Jonah/Nineveh cycle,Great Lent,liturgy_acts,,liturgy_acts,current_public_or_local_reference,local repo snapshot of pierresaid Katameros API SQLite database
New Testament,Acts,24,Acts 24:1-23,rid_0f5d8413e4b80a45d470,sunday-of-the-third-week-of-great-lent,Sunday of the third week of Great Lent,Great Lent,Liturgy,,Acts of the Apostles,current_public_or_local_reference,local cache covering 2020 to 2035
New Testament,Acts,24,Acts 24:1-9,rid_b7e37f2c4749faac2e72,the-fifth-sunday-of-abib,The fifth Sunday of Abib,Annual / fixed or ordinary cycle,Liturgy,,Acts of the Apostles,current_public_or_local_reference,local cache covering 2020 to 2035
New Testament,Acts,24,Acts 24:1-9,rid_b7e37f2c4749faac2e72,the-fifth-sunday-of-bashons,The fifth Sunday of Bashons,Annual / fixed or ordinary cycle,Liturgy,,Acts of the Apostles,current_public_or_local_reference,local cache covering 2020 to 2035
New Testament,Acts,24,Acts 24:1-9,rid_b7e37f2c4749faac2e72,the-fifth-sunday-of-mesra,The fifth Sunday of Mesra,Annual / fixed or ordinary cycle,Liturgy,,Acts of the Apostles,current_public_or_local_reference,local cache covering 2020 to 2035
New Testament,Acts,24,Acts 24:1-9,rid_b7e37f2c4749faac2e72,the-fifth-sunday-of-paona,The fifth Sunday of Paona,Annual / fixed or ordinary cycle,Liturgy,,Acts of the Apostles,current_public_or_local_reference,local cache covering 2020 to 2035
New Testament,Acts,24,Acts 24:10-21,rid_6fd55f99cdbaa76e50fc,holy-fifty-days-pentecost-cycle,Holy Fifty Days/Pentecost cycle,Holy Fifty Days,liturgy_acts,,liturgy_acts,current_public_or_local_reference,local repo snapshot of pierresaid Katameros API SQLite database
New Testament,Acts,24,Acts 24:10-21,rid_6fd55f99cdbaa76e50fc,saturday-of-the-sixth-week-of-the-holy-fifty-days,Saturday of the sixth week of the holy fifty days,Holy Fifty Days,Liturgy,,Acts of the Apostles,current_public_or_local_reference,local cache covering 2020 to 2035
New Testament,Acts,24,Acts 24:10-23,rid_057f768224ddd1183b08,great-lent-jonah-nineveh-cycle,Great Lent/Jonah/Nineveh cycle,Great Lent,liturgy_acts,,liturgy_acts,current_public_or_local_reference,local repo snapshot of pierresaid Katameros API SQLite database
New Testament,Acts,24,Acts 24:10-23,rid_057f768224ddd1183b08,tuesday-of-the-fifth-week-of-great-lent,Tuesday of the fifth week of Great Lent,Great Lent,Liturgy,,Acts of the Apostles,current_public_or_local_reference,local cache covering 2020 to 2035
New Testament,Acts,24,Acts 24:24-25:12,rid_3d649a483b4f0421279b,saturday-of-the-fourth-week-of-great-lent,Saturday of the fourth week of Great Lent,Great Lent,Liturgy,,Acts of the Apostles,current_public_or_local_reference,local cache covering 2020 to 2035
New Testament,Acts,24,Acts 24:24-27,rid_ab3cb646b4eaef329869,great-lent-jonah-nineveh-cycle,Great Lent/Jonah/Nineveh cycle,Great Lent,liturgy_acts,,liturgy_acts,current_public_or_local_reference,local repo snapshot of pierresaid Katameros API SQLite database
New Testament,Acts,25,Acts 25:1-12,rid_2a121454a5d3724644ea,great-lent-jonah-nineveh-cycle,Great Lent/Jonah/Nineveh cycle,Great Lent,liturgy_acts,,liturgy_acts,current_public_or_local_reference,local repo snapshot of pierresaid Katameros API SQLite database
New Testament,Acts,25,Acts 25:13-26,rid_81ec93428a4dbd706bbc,great-lent-jonah-nineveh-cycle,Great Lent/Jonah/Nineveh cycle,Great Lent,liturgy_acts,,liturgy_acts,current_public_or_local_reference,local repo snapshot of pierresaid Katameros API SQLite database
New Testament,Acts,25,Acts 25:13-26:1,rid_19400f11789d2067f2a7,sunday-of-the-fourth-week-of-great-lent,Sunday of the fourth week of Great Lent,Great Lent,Liturgy,,Acts of the Apostles,current_public_or_local_reference,local cache covering 2020 to 2035
New Testament,Acts,25,Acts 25:23-27,rid_616d005966d0a8c7c50d,great-lent-jonah-nineveh-cycle,Great Lent/Jonah/Nineveh cycle,Great Lent,liturgy_acts,,liturgy_acts,current_public_or_local_reference,local repo snapshot of pierresaid Katameros API SQLite database
New Testament,Acts,25,Acts 25:23-27,rid_616d005966d0a8c7c50d,thursday-of-the-seventh-week-of-great-lent,Thursday of the seventh week of Great Lent,Great Lent,Liturgy,,Acts of the Apostles,current_public_or_local_reference,local cache covering 2020 to 2035
New Testament,Acts,26,Acts 26:1-18,rid_861c28aea2fa682a9b24,great-lent-jonah-nineveh-cycle,Great Lent/Jonah/Nineveh cycle,Great Lent,liturgy_acts,,liturgy_acts,current_public_or_local_reference,local repo snapshot of pierresaid Katameros API SQLite database
New Testament,Acts,26,Acts 26:1-18,rid_861c28aea2fa682a9b24,saturday-of-the-fifth-week-of-great-lent,Saturday of the fifth week of Great Lent,Great Lent,Liturgy,,Acts of the Apostles,current_public_or_local_reference,local cache covering 2020 to 2035
New Testament,Acts,26,Acts 26:1-6,rid_b1fb536142ff6f751bcb,great-lent-jonah-nineveh-cycle,Great Lent/Jonah/Nineveh cycle,Great Lent,liturgy_acts,,liturgy_acts,current_public_or_local_reference,local repo snapshot of pierresaid Katameros API SQLite database
New Testament,Acts,26,Acts 26:1-6,rid_b1fb536142ff6f751bcb,thursday-of-the-seventh-week-of-great-lent,Thursday of the seventh week of Great Lent,Great Lent,Liturgy,,Acts of the Apostles,current_public_or_local_reference,local cache covering 2020 to 2035
New Testament,Acts,26,Acts 26:1-8,rid_3e3dbb32d67d7bd52f21,great-lent-jonah-nineveh-cycle,Great Lent/Jonah/Nineveh cycle,Great Lent,liturgy_acts,,liturgy_acts,current_public_or_local_reference,local repo snapshot of pierresaid Katameros API SQLite database
New Testament,Acts,26,Acts 26:1-8,rid_3e3dbb32d67d7bd52f21,wednesday-of-the-sixth-week-of-great-lent,Wednesday of the sixth week of Great Lent,Great Lent,Liturgy,,Acts of the Apostles,current_public_or_local_reference,local cache covering 2020 to 2035
New Testament,Acts,26,Acts 26:19-27:8,rid_8a64e23f896c9f653032,sunday-of-the-fifth-week-of-great-lent,Sunday of the fifth week of Great Lent,Great Lent,Liturgy,,Acts of the Apostles,current_public_or_local_reference,local cache covering 2020 to 2035
New Testament,Acts,26,Acts 26:19-32,rid_c4f0dfbb907beb3b04bb,great-lent-jonah-nineveh-cycle,Great Lent/Jonah/Nineveh cycle,Great Lent,liturgy_acts,,liturgy_acts,current_public_or_local_reference,local repo snapshot of pierresaid Katameros API SQLite database
New Testament,Acts,27,Acts 27:1-3,rid_f02ec4c1987e83151a62,great-lent-jonah-nineveh-cycle,Great Lent/Jonah/Nineveh cycle,Great Lent,liturgy_acts,,liturgy_acts,current_public_or_local_reference,local repo snapshot of pierresaid Katameros API SQLite database
New Testament,Acts,27,Acts 27:1-3,rid_f02ec4c1987e83151a62,tuesday-of-the-fourth-week-of-great-lent,Tuesday of the fourth week of Great Lent,Great Lent,Liturgy,,Acts of the Apostles,current_public_or_local_reference,local cache covering 2020 to 2035
New Testament,Acts,27,Acts 27:1-8,rid_a6e2e4ec1bd040fc86cc,great-lent-jonah-nineveh-cycle,Great Lent/Jonah/Nineveh cycle,Great Lent,liturgy_acts,,liturgy_acts,current_public_or_local_reference,local repo snapshot of pierresaid Katameros API SQLite database
New Testament,Acts,27,Acts 27:16-20,rid_185159d5af72f398f1ab,great-lent-jonah-nineveh-cycle,Great Lent/Jonah/Nineveh cycle,Great Lent,liturgy_acts,,liturgy_acts,current_public_or_local_reference,local repo snapshot of pierresaid Katameros API SQLite database
New Testament,Acts,27,Acts 27:16-20,rid_185159d5af72f398f1ab,thursday-of-the-sixth-week-of-great-lent,Thursday of the sixth week of Great Lent,Great Lent,Liturgy,,Acts of the Apostles,current_public_or_local_reference,local cache covering 2020 to 2035
New Testament,Acts,27,Acts 27:27-37,rid_d01a4203005fa9969edb,great-lent-jonah-nineveh-cycle,Great Lent/Jonah/Nineveh cycle,Great Lent,liturgy_acts,,liturgy_acts,current_public_or_local_reference,local repo snapshot of pierresaid Katameros API SQLite database
New Testament,Acts,27,Acts 27:27-37,rid_d01a4203005fa9969edb,sunday-of-the-sixth-week-of-great-lent,Sunday of the sixth week of Great Lent,Great Lent,Liturgy,,Acts of the Apostles,current_public_or_local_reference,local cache covering 2020 to 2035
New Testament,Acts,27,Acts 27:38-28:10,rid_588ea6bca01fd75f8f47,lazarus-saturday-of-great-lent,Lazarus Saturday of Great Lent,Great Lent,Liturgy,,Acts of the Apostles,current_public_or_local_reference,local cache covering 2020 to 2035
New Testament,Acts,27,Acts 27:38-44,rid_29e925870813b04ae8ef,great-lent-jonah-nineveh-cycle,Great Lent/Jonah/Nineveh cycle,Great Lent,liturgy_acts,,liturgy_acts,current_public_or_local_reference,local repo snapshot of pierresaid Katameros API SQLite database
New Testament,Acts,27,Acts 27:42-28:6,rid_71698a0c7fe14c1fad08,abib-20,Abib 20,Annual / fixed or ordinary cycle,Liturgy,,Acts of the Apostles,current_public_or_local_reference,local cache covering 2020 to 2035
New Testament,Acts,27,Acts 27:42-28:6,rid_71698a0c7fe14c1fad08,amshir-25,Amshir 25,Annual / fixed or ordinary cycle,Liturgy,,Acts of the Apostles,current_public_or_local_reference,local cache covering 2020 to 2035
New Testament,Acts,27,Acts 27:42-28:6,rid_71698a0c7fe14c1fad08,amshir-28,Amshir 28,Annual / fixed or ordinary cycle,Liturgy,,Acts of the Apostles,current_public_or_local_reference,local cache covering 2020 to 2035
New Testament,Acts,27,Acts 27:42-28:6,rid_71698a0c7fe14c1fad08,baba-15,Baba 15,Annual / fixed or ordinary cycle,Liturgy,,Acts of the Apostles,current_public_or_local_reference,local cache covering 2020 to 2035
New Testament,Acts,27,Acts 27:42-28:6,rid_71698a0c7fe14c1fad08,baba-19,Baba 19,Annual / fixed or ordinary cycle,Liturgy,,Acts of the Apostles,current_public_or_local_reference,local cache covering 2020 to 2035
New Testament,Acts,27,Acts 27:42-28:6,rid_71698a0c7fe14c1fad08,great-lent,Great Lent,Great Lent,Liturgy,,Acts of the Apostles,current_public_or_local_reference,local cache covering 2020 to 2035
New Testament,Acts,27,Acts 27:42-28:6,rid_71698a0c7fe14c1fad08,paona-6,Paona 6,Annual / fixed or ordinary cycle,Liturgy,,Acts of the Apostles,current_public_or_local_reference,local cache covering 2020 to 2035
New Testament,Acts,27,Acts 27:42-44,rid_31aa9fef167c209304c7,abib-20-01,The Martyrdom of St. Theodore of Shotep,Annual / fixed or ordinary cycle,liturgy_acts,,liturgy_acts,current_public_or_local_reference,local repo snapshot of pierresaid Katameros API SQLite database
New Testament,Acts,27,Acts 27:42-44,rid_31aa9fef167c209304c7,amshir-25-01,"The Martyrdom of Sts. Archippus, Philemon and Lycia the Virgin",Annual / fixed or ordinary cycle,liturgy_acts,,liturgy_acts,current_public_or_local_reference,local repo snapshot of pierresaid Katameros API SQLite database
New Testament,Acts,27,Acts 27:42-44,rid_31aa9fef167c209304c7,amshir-28-01,"The Martyrdom of St. Theodore, the Roman",Annual / fixed or ordinary cycle,liturgy_acts,,liturgy_acts,current_public_or_local_reference,local repo snapshot of pierresaid Katameros API SQLite database
New Testament,Acts,27,Acts 27:42-44,rid_31aa9fef167c209304c7,babah-15-01,"The Martyrdom of Saint Panteleimon, the Physician",Annual / fixed or ordinary cycle,liturgy_acts,,liturgy_acts,current_public_or_local_reference,local repo snapshot of pierresaid Katameros API SQLite database
New Testament,Acts,27,Acts 27:42-44,rid_31aa9fef167c209304c7,babah-19-01,The Assembly of the Council of Antioch against Paul of Samosata,Annual / fixed or ordinary cycle,liturgy_acts,,liturgy_acts,current_public_or_local_reference,local repo snapshot of pierresaid Katameros API SQLite database
New Testament,Acts,27,Acts 27:42-44,rid_31aa9fef167c209304c7,baramhat-18-01,"The Martyrdom of St. Isidore, Friend of Sina the Soldier",Annual / fixed or ordinary cycle,liturgy_acts,,liturgy_acts,current_public_or_local_reference,local repo snapshot of pierresaid Katameros API SQLite database
New Testament,Acts,27,Acts 27:42-44,rid_31aa9fef167c209304c7,barmuda-2,Barmuda 2,Annual / fixed or ordinary cycle,liturgy_acts,,liturgy_acts,current_public_or_local_reference,local repo snapshot of pierresaid Katameros API SQLite database
New Testament,Acts,27,Acts 27:42-44,rid_31aa9fef167c209304c7,barmuda-20,Barmuda 20,Annual / fixed or ordinary cycle,liturgy_acts,,liturgy_acts,current_public_or_local_reference,local repo snapshot of pierresaid Katameros API SQLite database
New Testament,Acts,27,Acts 27:42-44,rid_31aa9fef167c209304c7,barmuda-24,Barmuda 24,Annual / fixed or ordinary cycle,liturgy_acts,,liturgy_acts,current_public_or_local_reference,local repo snapshot of pierresaid Katameros API SQLite database
New Testament,Acts,27,Acts 27:42-44,rid_31aa9fef167c209304c7,barmuda-26,Barmuda 26,Annual / fixed or ordinary cycle,liturgy_acts,,liturgy_acts,current_public_or_local_reference,local repo snapshot of pierresaid Katameros API SQLite database
New Testament,Acts,27,Acts 27:42-44,rid_31aa9fef167c209304c7,baunah-06-01,The Martyrdom of St. Theodore the Monk,Annual / fixed or ordinary cycle,liturgy_acts,,liturgy_acts,current_public_or_local_reference,local repo snapshot of pierresaid Katameros API SQLite database
New Testament,Acts,27,Acts 27:9-12,rid_afa8fd95553c99198f56,great-lent-jonah-nineveh-cycle,Great Lent/Jonah/Nineveh cycle,Great Lent,liturgy_acts,,liturgy_acts,current_public_or_local_reference,local repo snapshot of pierresaid Katameros API SQLite database
New Testament,Acts,27,Acts 27:9-12,rid_afa8fd95553c99198f56,tuesday-of-the-third-week-of-great-lent,Tuesday of the third week of Great Lent,Great Lent,Liturgy,,Acts of the Apostles,current_public_or_local_reference,local cache covering 2020 to 2035
New Testament,Acts,27,Acts 27:9-26,rid_d879624bb9c6c2501ed5,great-lent-jonah-nineveh-cycle,Great Lent/Jonah/Nineveh cycle,Great Lent,liturgy_acts,,liturgy_acts,current_public_or_local_reference,local repo snapshot of pierresaid Katameros API SQLite database
New Testament,Acts,27,Acts 27:9-26,rid_d879624bb9c6c2501ed5,saturday-of-the-sixth-week-of-great-lent,Saturday of the sixth week of Great Lent,Great Lent,Liturgy,,Acts of the Apostles,current_public_or_local_reference,local cache covering 2020 to 2035
New Testament,Acts,28,Acts 28:1-10,rid_19e4a5eed4b8f0ad9f77,great-lent-jonah-nineveh-cycle,Great Lent/Jonah/Nineveh cycle,Great Lent,liturgy_acts,,liturgy_acts,current_public_or_local_reference,local repo snapshot of pierresaid Katameros API SQLite database
New Testament,Acts,28,Acts 28:1-6,rid_2c2baf95a89bbcfaf288,abib-20-01,The Martyrdom of St. Theodore of Shotep,Annual / fixed or ordinary cycle,liturgy_acts,,liturgy_acts,current_public_or_local_reference,local repo snapshot of pierresaid Katameros API SQLite database
New Testament,Acts,28,Acts 28:1-6,rid_2c2baf95a89bbcfaf288,amshir-25-01,"The Martyrdom of Sts. Archippus, Philemon and Lycia the Virgin",Annual / fixed or ordinary cycle,liturgy_acts,,liturgy_acts,current_public_or_local_reference,local repo snapshot of pierresaid Katameros API SQLite database
New Testament,Acts,28,Acts 28:1-6,rid_2c2baf95a89bbcfaf288,amshir-28-01,"The Martyrdom of St. Theodore, the Roman",Annual / fixed or ordinary cycle,liturgy_acts,,liturgy_acts,current_public_or_local_reference,local repo snapshot of pierresaid Katameros API SQLite database
New Testament,Acts,28,Acts 28:1-6,rid_2c2baf95a89bbcfaf288,babah-15-01,"The Martyrdom of Saint Panteleimon, the Physician",Annual / fixed or ordinary cycle,liturgy_acts,,liturgy_acts,current_public_or_local_reference,local repo snapshot of pierresaid Katameros API SQLite database
New Testament,Acts,28,Acts 28:1-6,rid_2c2baf95a89bbcfaf288,babah-19-01,The Assembly of the Council of Antioch against Paul of Samosata,Annual / fixed or ordinary cycle,liturgy_acts,,liturgy_acts,current_public_or_local_reference,local repo snapshot of pierresaid Katameros API SQLite database
New Testament,Acts,28,Acts 28:1-6,rid_2c2baf95a89bbcfaf288,baramhat-18-01,"The Martyrdom of St. Isidore, Friend of Sina the Soldier",Annual / fixed or ordinary cycle,liturgy_acts,,liturgy_acts,current_public_or_local_reference,local repo snapshot of pierresaid Katameros API SQLite database
New Testament,Acts,28,Acts 28:1-6,rid_2c2baf95a89bbcfaf288,barmuda-2,Barmuda 2,Annual / fixed or ordinary cycle,liturgy_acts,,liturgy_acts,current_public_or_local_reference,local repo snapshot of pierresaid Katameros API SQLite database
New Testament,Acts,28,Acts 28:1-6,rid_2c2baf95a89bbcfaf288,barmuda-20,Barmuda 20,Annual / fixed or ordinary cycle,liturgy_acts,,liturgy_acts,current_public_or_local_reference,local repo snapshot of pierresaid Katameros API SQLite database
New Testament,Acts,28,Acts 28:1-6,rid_2c2baf95a89bbcfaf288,barmuda-24,Barmuda 24,Annual / fixed or ordinary cycle,liturgy_acts,,liturgy_acts,current_public_or_local_reference,local repo snapshot of pierresaid Katameros API SQLite database
New Testament,Acts,28,Acts 28:1-6,rid_2c2baf95a89bbcfaf288,barmuda-26,Barmuda 26,Annual / fixed or ordinary cycle,liturgy_acts,,liturgy_acts,current_public_or_local_reference,local repo snapshot of pierresaid Katameros API SQLite database
New Testament,Acts,28,Acts 28:1-6,rid_2c2baf95a89bbcfaf288,baunah-06-01,The Martyrdom of St. Theodore the Monk,Annual / fixed or ordinary cycle,liturgy_acts,,liturgy_acts,current_public_or_local_reference,local repo snapshot of pierresaid Katameros API SQLite database
New Testament,Acts,28,Acts 28:1-6,rid_2c2baf95a89bbcfaf288,great-lent-jonah-nineveh-cycle,Great Lent/Jonah/Nineveh cycle,Great Lent,liturgy_acts,,liturgy_acts,current_public_or_local_reference,local repo snapshot of pierresaid Katameros API SQLite database
New Testament,Acts,28,Acts 28:1-6,rid_2c2baf95a89bbcfaf288,thursday-of-the-third-week-of-great-lent,Thursday of the third week of Great Lent,Great Lent,Liturgy,,Acts of the Apostles,current_public_or_local_reference,local cache covering 2020 to 2035
New Testament,Acts,28,Acts 28:11-31,rid_d7b3f65948587b407146,great-lent-jonah-nineveh-cycle,Great Lent/Jonah/Nineveh cycle,Great Lent,liturgy_acts,,liturgy_acts,current_public_or_local_reference,local repo snapshot of pierresaid Katameros API SQLite database
New Testament,Acts,28,Acts 28:11-31,rid_d7b3f65948587b407146,palm-sunday,Palm Sunday,Annual / fixed or ordinary cycle,Liturgy,,Acts of the Apostles,current_public_or_local_reference,local cache covering 2020 to 2035
New Testament,Acts,28,Acts 28:11-31,rid_d7b3f65948587b407146,palm-sunday,Palm Sunday,Pascha / Holy Week,Liturgy,Liturgy,Acts,current_working_source_not_coptic_reader_checked,local repo snapshot of pierresaid Katameros API SQLite database
New Testament,Acts,28,Acts 28:11-31,rid_d7b3f65948587b407146,palm-sunday,palm_sunday,Special service,liturgy_readings,,liturgy_readings,current_public_or_local_reference,local package snapshot
New Testament,Acts,28,Acts 28:7-11,rid_f65367c715a23cee7451,great-lent-jonah-nineveh-cycle,Great Lent/Jonah/Nineveh cycle,Great Lent,liturgy_acts,,liturgy_acts,current_public_or_local_reference,local repo snapshot of pierresaid Katameros API SQLite database
New Testament,Acts,28,Acts 28:7-11,rid_f65367c715a23cee7451,wednesday-of-the-third-week-of-great-lent,Wednesday of the third week of Great Lent,Great Lent,Liturgy,,Acts of the Apostles,current_public_or_local_reference,local cache covering 2020 to 2035
New Testament,Acts,2,Acts 2:1-21,rid_17a5ec4e49dad7f3d1fd,holy-fifty-days-pentecost-cycle,Holy Fifty Days/Pentecost cycle,Holy Fifty Days,liturgy_acts,,liturgy_acts,current_public_or_local_reference,local repo snapshot of pierresaid Katameros API SQLite database
New Testament,Acts,2,Acts 2:1-21,rid_17a5ec4e49dad7f3d1fd,pentecost,Pentecost,Holy Fifty Days,Liturgy,,Acts of the Apostles,current_public_or_local_reference,local cache covering 2020 to 2035
New Testament,Acts,2,Acts 2:14-21,rid_b116e8a71eb5ff438db2,the-first-sunday-of-nasie,The first Sunday of Nasie,Annual / fixed or ordinary cycle,Liturgy,,Acts of the Apostles,current_public_or_local_reference,local cache covering 2020 to 2035
New Testament,Acts,2,Acts 2:14-21,rid_b116e8a71eb5ff438db2,al-nasi-01-01,The Departure of St. Eutychus,Annual / fixed or ordinary cycle,liturgy_acts,,liturgy_acts,current_public_or_local_reference,local repo snapshot of pierresaid Katameros API SQLite database
New Testament,Acts,2,Acts 2:22-35,rid_c589f54f8cf23d11b4d4,holy-fifty-days-pentecost-cycle,Holy Fifty Days/Pentecost cycle,Holy Fifty Days,liturgy_acts,,liturgy_acts,current_public_or_local_reference,local repo snapshot of pierresaid Katameros API SQLite database
New Testament,Acts,2,Acts 2:22-35,rid_c589f54f8cf23d11b4d4,the-feast-of-resurrection,The Feast of Resurrection,Annual / fixed or ordinary cycle,Liturgy,,Acts of the Apostles,current_public_or_local_reference,local cache covering 2020 to 2035
New Testament,Acts,2,Acts 2:22-36,rid_89b358202e49ec02bcb4,kiyahk-23-01,"The Departure of David, the Prophet and King",Annual / fixed or ordinary cycle,liturgy_acts,,liturgy_acts,current_public_or_local_reference,local repo snapshot of pierresaid Katameros API SQLite database
New Testament,Acts,2,Acts 2:22-47,rid_89b228ba09722638a4c1,myron-consecration,myron_consecration,Special service,liturgy,,liturgy,current_public_or_local_reference,local package snapshot
New Testament,Acts,2,Acts 2:38-45,rid_8b6eb57e5e7071efa6b0,the-third-sunday-of-toba,The third Sunday of Toba,Annual / fixed or ordinary cycle,Liturgy,,Acts of the Apostles,current_public_or_local_reference,local cache covering 2020 to 2035
New Testament,Acts,2,Acts 2:38-45,rid_8b6eb57e5e7071efa6b0,tubah-03-01,The Commemoration of the Slain Children of Bethlehem by the Order of King Herod,Annual / fixed or ordinary cycle,liturgy_acts,,liturgy_acts,current_public_or_local_reference,local repo snapshot of pierresaid Katameros API SQLite database
New Testament,Acts,2,Acts 2:42-3,rid_861283882dce98f3f02f,great-lent-jonah-nineveh-cycle,Great Lent/Jonah/Nineveh cycle,Great Lent,liturgy_acts,,liturgy_acts,current_public_or_local_reference,local repo snapshot of pierresaid Katameros API SQLite database
New Testament,Acts,2,Acts 2:42-3:9,rid_a66590c87924267cbcd0,friday-of-the-first-week-of-great-lent,Friday of the first week of Great Lent,Great Lent,Liturgy,,Acts of the Apostles,current_public_or_local_reference,local cache covering 2020 to 2035
New Testament,Acts,3,Acts 3:1-10,rid_341f4f6da699ffb7dd5b,myron-consecration,myron_consecration,Special service,liturgy,,liturgy,current_public_or_local_reference,local package snapshot
New Testament,Acts,3,Acts 3:1-16,rid_42bcad632d476e0dd6b7,abib-16-01,"The Departure of St. John, of the Golden Gospel",Annual / fixed or ordinary cycle,Liturgy,,Acts of the Apostles,current_public_or_local_reference,local cache covering 2020 to 2035
New Testament,Acts,3,Acts 3:1-16,rid_42bcad632d476e0dd6b7,abib-16-01,"The Departure of St. John, of the Golden Gospel",Annual / fixed or ordinary cycle,liturgy_acts,,liturgy_acts,current_public_or_local_reference,local repo snapshot of pierresaid Katameros API SQLite database
New Testament,Acts,3,Acts 3:1-16,rid_42bcad632d476e0dd6b7,abib-18-01,"The Martyrdom of St. James the Apostle, Bishop of Jerusalem",Annual / fixed or ordinary cycle,Liturgy,,Acts of the Apostles,current_public_or_local_reference,local cache covering 2020 to 2035
New Testament,Acts,3,Acts 3:1-16,rid_42bcad632d476e0dd6b7,abib-18-01,"The Martyrdom of St. James the Apostle, Bishop of Jerusalem",Annual / fixed or ordinary cycle,liturgy_acts,,liturgy_acts,current_public_or_local_reference,local repo snapshot of pierresaid Katameros API SQLite database
New Testament,Acts,3,Acts 3:1-16,rid_42bcad632d476e0dd6b7,abib-29-01,"The Commemoration of the Translocation of the Relics of St. Andrew, the Apostle",Annual / fixed or ordinary cycle,Liturgy,,Acts of the Apostles,current_public_or_local_reference,local cache covering 2020 to 2035
New Testament,Acts,3,Acts 3:1-16,rid_42bcad632d476e0dd6b7,abib-29-01,"The Commemoration of the Translocation of the Relics of St. Andrew, the Apostle",Annual / fixed or ordinary cycle,liturgy_acts,,liturgy_acts,current_public_or_local_reference,local repo snapshot of pierresaid Katameros API SQLite database
New Testament,Acts,3,Acts 3:1-16,rid_42bcad632d476e0dd6b7,abib-05-01,"The Martyrdom of Sts. Peter and Paul, the Apostles",Annual / fixed or ordinary cycle,liturgy_acts,,liturgy_acts,current_public_or_local_reference,local repo snapshot of pierresaid Katameros API SQLite database
New Testament,Acts,3,Acts 3:1-16,rid_42bcad632d476e0dd6b7,abib-05-01,"The Martyrdom of Sts. Peter and Paul, the Apostles",Annual / fixed or ordinary cycle,Liturgy,,Acts of the Apostles,current_public_or_local_reference,local cache covering 2020 to 2035
New Testament,Acts,3,Acts 3:1-16,rid_42bcad632d476e0dd6b7,al-nasi-01-01,The Departure of St. Eutychus,Annual / fixed or ordinary cycle,liturgy_acts,,liturgy_acts,current_public_or_local_reference,local repo snapshot of pierresaid Katameros API SQLite database
New Testament,Acts,3,Acts 3:1-16,rid_42bcad632d476e0dd6b7,amshir-10-01,"The Martyrdom of St. James the Apostle, Son of Alphaeus",Annual / fixed or ordinary cycle,Liturgy,,Acts of the Apostles,current_public_or_local_reference,local cache covering 2020 to 2035
New Testament,Acts,3,Acts 3:1-16,rid_42bcad632d476e0dd6b7,amshir-10-01,"The Martyrdom of St. James the Apostle, Son of Alphaeus",Annual / fixed or ordinary cycle,liturgy_acts,,liturgy_acts,current_public_or_local_reference,local repo snapshot of pierresaid Katameros API SQLite database
New Testament,Acts,3,Acts 3:1-16,rid_42bcad632d476e0dd6b7,amshir-21-01,The Commemoration of the Virgin St. Mary,Annual / fixed or ordinary cycle,Liturgy,,Acts of the Apostles,current_public_or_local_reference,local cache covering 2020 to 2035
New Testament,Acts,3,Acts 3:1-16,rid_42bcad632d476e0dd6b7,amshir-21-01,The Commemoration of the Virgin St. Mary,Annual / fixed or ordinary cycle,liturgy_acts,,liturgy_acts,current_public_or_local_reference,local repo snapshot of pierresaid Katameros API SQLite database
New Testament,Acts,3,Acts 3:1-16,rid_42bcad632d476e0dd6b7,amshir-29-01,"The Martyrdom of St. Polycarp, Bishop of Smyrna",Annual / fixed or ordinary cycle,Liturgy,,Acts of the Apostles,current_public_or_local_reference,local cache covering 2020 to 2035
New Testament,Acts,3,Acts 3:1-16,rid_42bcad632d476e0dd6b7,amshir-29-01,"The Martyrdom of St. Polycarp, Bishop of Smyrna",Annual / fixed or ordinary cycle,liturgy_acts,,liturgy_acts,current_public_or_local_reference,local repo snapshot of pierresaid Katameros API SQLite database
New Testament,Acts,3,Acts 3:1-16,rid_42bcad632d476e0dd6b7,baramhat-08-01,"The Martyrdom of St. Matthias, the apostle",Annual / fixed or ordinary cycle,liturgy_acts,,liturgy_acts,current_public_or_local_reference,local repo snapshot of pierresaid Katameros API SQLite database
New Testament,Acts,3,Acts 3:1-16,rid_42bcad632d476e0dd6b7,barmuda-16,Barmuda 16,Annual / fixed or ordinary cycle,liturgy_acts,,liturgy_acts,current_public_or_local_reference,local repo snapshot of pierresaid Katameros API SQLite database
New Testament,Acts,3,Acts 3:1-16,rid_42bcad632d476e0dd6b7,barmuda-17,Barmuda 17,Annual / fixed or ordinary cycle,liturgy_acts,,liturgy_acts,current_public_or_local_reference,local repo snapshot of pierresaid Katameros API SQLite database
New Testament,Acts,3,Acts 3:1-16,rid_42bcad632d476e0dd6b7,bashans-16-01,The Commemoration of St. John The Evangelist,Annual / fixed or ordinary cycle,liturgy_acts,,liturgy_acts,current_public_or_local_reference,local repo snapshot of pierresaid Katameros API SQLite database
New Testament,Acts,3,Acts 3:1-16,rid_42bcad632d476e0dd6b7,bashans-26-01,"The Martyrdom Of St. Thomas, the Apostle",Annual / fixed or ordinary cycle,liturgy_acts,,liturgy_acts,current_public_or_local_reference,local repo snapshot of pierresaid Katameros API SQLite database
New Testament,Acts,3,Acts 3:1-20,rid_61f411a6cf7ddd6453e0,holy-fifty-days-pentecost-cycle,Holy Fifty Days/Pentecost cycle,Holy Fifty Days,liturgy_acts,,liturgy_acts,current_public_or_local_reference,local repo snapshot of pierresaid Katameros API SQLite database
New Testament,Acts,3,Acts 3:1-20,rid_61f411a6cf7ddd6453e0,monday-of-the-first-week-of-the-holy-fifty-days,Monday of the first week of the holy fifty days,Holy Fifty Days,Liturgy,,Acts of the Apostles,current_public_or_local_reference,local cache covering 2020 to 2035
New Testament,Acts,3,Acts 3:12-21,rid_5312571ad2ea75579e4e,bright-saturday,Bright Saturday,Pascha / Holy Week,Liturgy,Liturgy,Acts,current_working_source_not_coptic_reader_checked,local repo snapshot of pierresaid Katameros API SQLite database
New Testament,Acts,3,Acts 3:12-21,rid_5312571ad2ea75579e4e,st-basil-liturgy-liturgy-of-the-word,ST. BASIL LITURGY – LITURGY OF THE WORD,Pascha / Holy Week,Liturgy,,Praxis,current_public_or_local_reference,local package snapshot
New Testament,Acts,3,Acts 3:12-21,rid_5312571ad2ea75579e4e,tut-19-01,"The Commemoration of St. Gregory, Patriarch of the Armenians",Annual / fixed or ordinary cycle,Liturgy,,Acts of the Apostles,current_public_or_local_reference,local cache covering 2020 to 2035
New Testament,Acts,3,Acts 3:12-21,rid_5312571ad2ea75579e4e,tut-19-01,"The Commemoration of St. Gregory, Patriarch of the Armenians",Annual / fixed or ordinary cycle,liturgy_acts,,liturgy_acts,current_public_or_local_reference,local repo snapshot of pierresaid Katameros API SQLite database
New Testament,Acts,3,Acts 3:22-26,rid_2f8d528bc565c6a2d24c,jonah-s-feast,Jonah's Feast,Annual / fixed or ordinary cycle,Liturgy,,Acts of the Apostles,current_public_or_local_reference,local cache covering 2020 to 2035
New Testament,Acts,4,Acts 4:1-13,rid_d887e16b4facc80309f0,holy-fifty-days-pentecost-cycle,Holy Fifty Days/Pentecost cycle,Holy Fifty Days,liturgy_acts,,liturgy_acts,current_public_or_local_reference,local repo snapshot of pierresaid Katameros API SQLite database
New Testament,Acts,4,Acts 4:1-13,rid_d887e16b4facc80309f0,wednesday-of-the-first-week-of-the-holy-fifty-days,Wednesday of the first week of the holy fifty days,Holy Fifty Days,Liturgy,,Acts of the Apostles,current_public_or_local_reference,local cache covering 2020 to 2035
New Testament,Acts,4,Acts 4:1-4,rid_ceb82ffb846579751f49,holy-fifty-days-pentecost-cycle,Holy Fifty Days/Pentecost cycle,Holy Fifty Days,liturgy_acts,,liturgy_acts,current_public_or_local_reference,local repo snapshot of pierresaid Katameros API SQLite database
New Testament,Acts,4,Acts 4:1-4,rid_ceb82ffb846579751f49,monday-of-the-second-week-of-the-holy-fifty-days,Monday of the second week of the holy fifty days,Holy Fifty Days,Liturgy,,Acts of the Apostles,current_public_or_local_reference,local cache covering 2020 to 2035
New Testament,Acts,4,Acts 4:13-18,rid_8c6d7445295365e986ff,holy-fifty-days-pentecost-cycle,Holy Fifty Days/Pentecost cycle,Holy Fifty Days,liturgy_acts,,liturgy_acts,current_public_or_local_reference,local repo snapshot of pierresaid Katameros API SQLite database
New Testament,Acts,4,Acts 4:13-18,rid_8c6d7445295365e986ff,thursday-of-the-second-week-of-the-holy-fifty-days,Thursday of the second week of the holy fifty days,Holy Fifty Days,Liturgy,,Acts of the Apostles,current_public_or_local_reference,local cache covering 2020 to 2035
New Testament,Acts,4,Acts 4:13-22,rid_03924c46191b834d9bef,great-lent-jonah-nineveh-cycle,Great Lent/Jonah/Nineveh cycle,Great Lent,liturgy_acts,,liturgy_acts,current_public_or_local_reference,local repo snapshot of pierresaid Katameros API SQLite database
New Testament,Acts,4,Acts 4:13-22,rid_03924c46191b834d9bef,holy-fifty-days-pentecost-cycle,Holy Fifty Days/Pentecost cycle,Holy Fifty Days,liturgy_acts,,liturgy_acts,current_public_or_local_reference,local repo snapshot of pierresaid Katameros API SQLite database
New Testament,Acts,4,Acts 4:13-22,rid_03924c46191b834d9bef,thursday-of-the-first-week-of-the-holy-fifty-days,Thursday of the first week of the holy fifty days,Holy Fifty Days,Liturgy,,Acts of the Apostles,current_public_or_local_reference,local cache covering 2020 to 2035
New Testament,Acts,4,Acts 4:13-22,rid_03924c46191b834d9bef,tuesday-of-the-second-week-of-great-lent,Tuesday of the second week of Great Lent,Great Lent,Liturgy,,Acts of the Apostles,current_public_or_local_reference,local cache covering 2020 to 2035
New Testament,Acts,4,Acts 4:19-21,rid_ab8dcacd33f24149f771,friday-of-the-second-week-of-the-holy-fifty-days,Friday of the second week of the holy fifty days,Holy Fifty Days,Liturgy,,Acts of the Apostles,current_public_or_local_reference,local cache covering 2020 to 2035
New Testament,Acts,4,Acts 4:19-21,rid_ab8dcacd33f24149f771,holy-fifty-days-pentecost-cycle,Holy Fifty Days/Pentecost cycle,Holy Fifty Days,liturgy_acts,,liturgy_acts,current_public_or_local_reference,local repo snapshot of pierresaid Katameros API SQLite database
New Testament,Acts,4,Acts 4:19-31,rid_c6b5752c299b75e0c514,great-lent-jonah-nineveh-cycle,Great Lent/Jonah/Nineveh cycle,Great Lent,liturgy_acts,,liturgy_acts,current_public_or_local_reference,local repo snapshot of pierresaid Katameros API SQLite database
New Testament,Acts,4,Acts 4:19-31,rid_c6b5752c299b75e0c514,holy-fifty-days-pentecost-cycle,Holy Fifty Days/Pentecost cycle,Holy Fifty Days,liturgy_acts,,liturgy_acts,current_public_or_local_reference,local repo snapshot of pierresaid Katameros API SQLite database
New Testament,Acts,4,Acts 4:19-31,rid_c6b5752c299b75e0c514,saturday-of-the-first-week-of-the-holy-fifty-days,Saturday of the first week of the holy fifty days,Holy Fifty Days,Liturgy,,Acts of the Apostles,current_public_or_local_reference,local cache covering 2020 to 2035
New Testament,Acts,4,Acts 4:19-31,rid_c6b5752c299b75e0c514,thursday-of-the-fourth-week-of-great-lent,Thursday of the fourth week of Great Lent,Great Lent,Liturgy,,Acts of the Apostles,current_public_or_local_reference,local cache covering 2020 to 2035
New Testament,Acts,4,Acts 4:23-27,rid_3dfddb0a1fb4c2e2502e,holy-fifty-days-pentecost-cycle,Holy Fifty Days/Pentecost cycle,Holy Fifty Days,liturgy_acts,,liturgy_acts,current_public_or_local_reference,local repo snapshot of pierresaid Katameros API SQLite database
New Testament,Acts,4,Acts 4:23-27,rid_3dfddb0a1fb4c2e2502e,monday-of-the-third-week-of-the-holy-fifty-days,Monday of the third week of the holy fifty days,Holy Fifty Days,Liturgy,,Acts of the Apostles,current_public_or_local_reference,local cache covering 2020 to 2035
New Testament,Acts,4,Acts 4:27-31,rid_0682f65d7e389206ce3d,holy-fifty-days-pentecost-cycle,Holy Fifty Days/Pentecost cycle,Holy Fifty Days,liturgy_acts,,liturgy_acts,current_public_or_local_reference,local repo snapshot of pierresaid Katameros API SQLite database
New Testament,Acts,4,Acts 4:27-31,rid_0682f65d7e389206ce3d,tuesday-of-the-third-week-of-the-holy-fifty-days,Tuesday of the third week of the holy fifty days,Holy Fifty Days,Liturgy,,Acts of the Apostles,current_public_or_local_reference,local cache covering 2020 to 2035
New Testament,Acts,4,Acts 4:32-35,rid_b5dc3679f927c768312e,holy-fifty-days-pentecost-cycle,Holy Fifty Days/Pentecost cycle,Holy Fifty Days,liturgy_acts,,liturgy_acts,current_public_or_local_reference,local repo snapshot of pierresaid Katameros API SQLite database
New Testament,Acts,4,Acts 4:32-35,rid_b5dc3679f927c768312e,wednesday-of-the-third-week-of-the-holy-fifty-days,Wednesday of the third week of the holy fifty days,Holy Fifty Days,Liturgy,,Acts of the Apostles,current_public_or_local_reference,local cache covering 2020 to 2035
New Testament,Acts,4,Acts 4:36-5,rid_c0d054a72aa91e6530fc,great-lent-jonah-nineveh-cycle,Great Lent/Jonah/Nineveh cycle,Great Lent,liturgy_acts,,liturgy_acts,current_public_or_local_reference,local repo snapshot of pierresaid Katameros API SQLite database
New Testament,Acts,4,Acts 4:36-5:11,rid_473bb1c301c0929020c6,monday-of-the-second-week-of-great-lent,Monday of the second week of Great Lent,Great Lent,Liturgy,,Acts of the Apostles,current_public_or_local_reference,local cache covering 2020 to 2035
New Testament,Acts,4,Acts 4:5-7,rid_2e5d25b9159a312d7aef,holy-fifty-days-pentecost-cycle,Holy Fifty Days/Pentecost cycle,Holy Fifty Days,liturgy_acts,,liturgy_acts,current_public_or_local_reference,local repo snapshot of pierresaid Katameros API SQLite database
New Testament,Acts,4,Acts 4:5-7,rid_2e5d25b9159a312d7aef,tuesday-of-the-second-week-of-the-holy-fifty-days,Tuesday of the second week of the holy fifty days,Holy Fifty Days,Liturgy,,Acts of the Apostles,current_public_or_local_reference,local cache covering 2020 to 2035
New Testament,Acts,4,Acts 4:8-12,rid_466b9555280063e619fd,holy-fifty-days-pentecost-cycle,Holy Fifty Days/Pentecost cycle,Holy Fifty Days,liturgy_acts,,liturgy_acts,current_public_or_local_reference,local repo snapshot of pierresaid Katameros API SQLite database
New Testament,Acts,4,Acts 4:8-12,rid_466b9555280063e619fd,wednesday-of-the-second-week-of-the-holy-fifty-days,Wednesday of the second week of the holy fifty days,Holy Fifty Days,Liturgy,,Acts of the Apostles,current_public_or_local_reference,local cache covering 2020 to 2035
New Testament,Acts,4,Acts 4:8-18,rid_3ff495927e071a080ce1,tut-18-01,The Martyrdom of St. Prophorius (Porphyrius),Annual / fixed or ordinary cycle,Liturgy,,Acts of the Apostles,current_public_or_local_reference,local cache covering 2020 to 2035
New Testament,Acts,4,Acts 4:8-18,rid_3ff495927e071a080ce1,tut-18-01,The Martyrdom of St. Prophorius (Porphyrius),Annual / fixed or ordinary cycle,liturgy_acts,,liturgy_acts,current_public_or_local_reference,local repo snapshot of pierresaid Katameros API SQLite database
New Testament,Acts,5,Acts 5:1-6,rid_8ca93c383e52c34f6f30,holy-fifty-days-pentecost-cycle,Holy Fifty Days/Pentecost cycle,Holy Fifty Days,liturgy_acts,,liturgy_acts,current_public_or_local_reference,local repo snapshot of pierresaid Katameros API SQLite database
New Testament,Acts,5,Acts 5:1-6,rid_8ca93c383e52c34f6f30,thursday-of-the-third-week-of-the-holy-fifty-days,Thursday of the third week of the holy fifty days,Holy Fifty Days,Liturgy,,Acts of the Apostles,current_public_or_local_reference,local cache covering 2020 to 2035
New Testament,Acts,5,Acts 5:12-18,rid_2e588dc63d4fb6292a58,babah-12-01,"The Departure of Abba Demetrius I, 12th Pope of Alexandria",Annual / fixed or ordinary cycle,Liturgy,,Acts of the Apostles,current_public_or_local_reference,local cache covering 2020 to 2035
New Testament,Acts,5,Acts 5:12-18,rid_2e588dc63d4fb6292a58,babah-12-01,"The Departure of Abba Demetrius I, 12th Pope of Alexandria",Annual / fixed or ordinary cycle,liturgy_acts,,liturgy_acts,current_public_or_local_reference,local repo snapshot of pierresaid Katameros API SQLite database
New Testament,Acts,5,Acts 5:12-18,rid_2e588dc63d4fb6292a58,bashans-15-01,"The Martyrdom of St. Simon the Zealot, the Apostle who is known by (Simon the Canaanite)",Annual / fixed or ordinary cycle,liturgy_acts,,liturgy_acts,current_public_or_local_reference,local repo snapshot of pierresaid Katameros API SQLite database
New Testament,Acts,5,Acts 5:12-20,rid_118be5bdb0aa26702e13,holy-fifty-days-pentecost-cycle,Holy Fifty Days/Pentecost cycle,Holy Fifty Days,liturgy_acts,,liturgy_acts,current_public_or_local_reference,local repo snapshot of pierresaid Katameros API SQLite database
New Testament,Acts,5,Acts 5:12-20,rid_118be5bdb0aa26702e13,saturday-of-the-third-week-of-the-holy-fifty-days,Saturday of the third week of the holy fifty days,Holy Fifty Days,Liturgy,,Acts of the Apostles,current_public_or_local_reference,local cache covering 2020 to 2035
New Testament,Acts,5,Acts 5:12-21,rid_61f9b02e9ea9caa27698,the-first-sunday-of-abib,The first Sunday of Abib,Annual / fixed or ordinary cycle,Liturgy,,Acts of the Apostles,current_public_or_local_reference,local cache covering 2020 to 2035
New Testament,Acts,5,Acts 5:12-21,rid_61f9b02e9ea9caa27698,the-first-sunday-of-abib-apostle-s-feast,The first Sunday of Abib (Apostle's Feast),Annual / fixed or ordinary cycle,Liturgy,,Acts of the Apostles,current_public_or_local_reference,local cache covering 2020 to 2035
New Testament,Acts,5,Acts 5:12-21,rid_61f9b02e9ea9caa27698,abib-01-01,The Martyrdom of Saint Febronia the Ascetic,Annual / fixed or ordinary cycle,liturgy_acts,,liturgy_acts,current_public_or_local_reference,local repo snapshot of pierresaid Katameros API SQLite database
New Testament,Acts,5,Acts 5:19-23,rid_d5adefbf9f5cdf5844d9,the-second-sunday-of-abib,The second Sunday of Abib,Annual / fixed or ordinary cycle,Liturgy,,Acts of the Apostles,current_public_or_local_reference,local cache covering 2020 to 2035
New Testament,Acts,5,Acts 5:19-23,rid_d5adefbf9f5cdf5844d9,abib-02-01,"The Departure of St. Thaddaeus, the Apostle",Annual / fixed or ordinary cycle,liturgy_acts,,liturgy_acts,current_public_or_local_reference,local repo snapshot of pierresaid Katameros API SQLite database
New Testament,Acts,5,Acts 5:19-29,rid_515487f61b9fffc74b3d,the-second-sunday-of-hator,The second Sunday of Hator,Annual / fixed or ordinary cycle,Liturgy,,Acts of the Apostles,current_public_or_local_reference,local cache covering 2020 to 2035
New Testament,Acts,5,Acts 5:19-29,rid_515487f61b9fffc74b3d,hatur-02-01,The Departure of St. Peter the Third 27th Pope of Alexandria,Annual / fixed or ordinary cycle,liturgy_acts,,liturgy_acts,current_public_or_local_reference,local repo snapshot of pierresaid Katameros API SQLite database
New Testament,Acts,5,Acts 5:21-25,rid_3370c76e0dc157691991,holy-fifty-days-pentecost-cycle,Holy Fifty Days/Pentecost cycle,Holy Fifty Days,liturgy_acts,,liturgy_acts,current_public_or_local_reference,local repo snapshot of pierresaid Katameros API SQLite database
New Testament,Acts,5,Acts 5:21-25,rid_3370c76e0dc157691991,monday-of-the-fourth-week-of-the-holy-fifty-days,Monday of the fourth week of the holy fifty days,Holy Fifty Days,Liturgy,,Acts of the Apostles,current_public_or_local_reference,local cache covering 2020 to 2035
New Testament,Acts,5,Acts 5:27-29,rid_9ff64ce020c66602cb63,holy-fifty-days-pentecost-cycle,Holy Fifty Days/Pentecost cycle,Holy Fifty Days,liturgy_acts,,liturgy_acts,current_public_or_local_reference,local repo snapshot of pierresaid Katameros API SQLite database
New Testament,Acts,5,Acts 5:27-29,rid_9ff64ce020c66602cb63,tuesday-of-the-fourth-week-of-the-holy-fifty-days,Tuesday of the fourth week of the holy fifty days,Holy Fifty Days,Liturgy,,Acts of the Apostles,current_public_or_local_reference,local cache covering 2020 to 2035
New Testament,Acts,5,Acts 5:27-29,rid_9ff64ce020c66602cb63,tuesday-of-the-sixth-week-of-the-holy-fifty-days,Tuesday of the sixth week of the holy fifty days,Holy Fifty Days,Liturgy,,Acts of the Apostles,current_public_or_local_reference,local cache covering 2020 to 2035
New Testament,Acts,5,Acts 5:3-11,rid_95722fe59855cc178f5f,great-lent-jonah-nineveh-cycle,Great Lent/Jonah/Nineveh cycle,Great Lent,liturgy_acts,,liturgy_acts,current_public_or_local_reference,local repo snapshot of pierresaid Katameros API SQLite database
New Testament,Acts,5,Acts 5:3-11,rid_95722fe59855cc178f5f,wednesday-of-the-second-week-of-great-lent,Wednesday of the second week of Great Lent,Great Lent,Liturgy,,Acts of the Apostles,current_public_or_local_reference,local cache covering 2020 to 2035
New Testament,Acts,5,Acts 5:30-33,rid_d639f4ef3661c7bec6b6,holy-fifty-days-pentecost-cycle,Holy Fifty Days/Pentecost cycle,Holy Fifty Days,liturgy_acts,,liturgy_acts,current_public_or_local_reference,local repo snapshot of pierresaid Katameros API SQLite database
New Testament,Acts,5,Acts 5:30-33,rid_d639f4ef3661c7bec6b6,thursday-of-the-fourth-week-of-the-holy-fifty-days,Thursday of the fourth week of the holy fifty days,Holy Fifty Days,Liturgy,,Acts of the Apostles,current_public_or_local_reference,local cache covering 2020 to 2035
New Testament,Acts,5,Acts 5:30-42,rid_a8c14b7ce9fb36855618,the-third-sunday-of-hator,The third Sunday of Hator,Annual / fixed or ordinary cycle,Liturgy,,Acts of the Apostles,current_public_or_local_reference,local cache covering 2020 to 2035
New Testament,Acts,5,Acts 5:30-42,rid_a8c14b7ce9fb36855618,the-third-sunday-of-hator-of-christmas-fast,The third Sunday of Hator of Christmas Fast,Annual / fixed or ordinary cycle,Liturgy,,Acts of the Apostles,current_public_or_local_reference,local cache covering 2020 to 2035
New Testament,Acts,5,Acts 5:30-42,rid_a8c14b7ce9fb36855618,hatur-03-01,The Departure of St. Cyriacus,Annual / fixed or ordinary cycle,liturgy_acts,,liturgy_acts,current_public_or_local_reference,local repo snapshot of pierresaid Katameros API SQLite database
New Testament,Acts,5,Acts 5:34-36,rid_d963c1dccfad498bbf6d,friday-of-the-fourth-week-of-the-holy-fifty-days,Friday of the fourth week of the holy fifty days,Holy Fifty Days,Liturgy,,Acts of the Apostles,current_public_or_local_reference,local cache covering 2020 to 2035
New Testament,Acts,5,Acts 5:34-36,rid_d963c1dccfad498bbf6d,holy-fifty-days-pentecost-cycle,Holy Fifty Days/Pentecost cycle,Holy Fifty Days,liturgy_acts,,liturgy_acts,current_public_or_local_reference,local repo snapshot of pierresaid Katameros API SQLite database
New Testament,Acts,5,Acts 5:34-42,rid_b6226443a3aacf1e115c,great-lent-jonah-nineveh-cycle,Great Lent/Jonah/Nineveh cycle,Great Lent,liturgy_acts,,liturgy_acts,current_public_or_local_reference,local repo snapshot of pierresaid Katameros API SQLite database
New Testament,Acts,5,Acts 5:34-42,rid_b6226443a3aacf1e115c,mesra-29-01,"The Martyrdom of Sts. Athanasius, the Bishop, Gerasimus (Jarasimus), and Theodotus",Annual / fixed or ordinary cycle,Liturgy,,Acts of the Apostles,current_public_or_local_reference,local cache covering 2020 to 2035
New Testament,Acts,5,Acts 5:34-42,rid_b6226443a3aacf1e115c,mesra-29-01,"The Martyrdom of Sts. Athanasius, the Bishop, Gerasimus (Jarasimus), and Theodotus",Annual / fixed or ordinary cycle,liturgy_acts,,liturgy_acts,current_public_or_local_reference,local repo snapshot of pierresaid Katameros API SQLite database
New Testament,Acts,5,Acts 5:34-42,rid_b6226443a3aacf1e115c,tuesday-of-the-first-week-of-great-lent,Tuesday of the first week of Great Lent,Great Lent,Liturgy,,Acts of the Apostles,current_public_or_local_reference,local cache covering 2020 to 2035
New Testament,Acts,5,Acts 5:5-11,rid_77fc43fc0fa2906def46,friday-of-the-third-week-of-the-holy-fifty-days,Friday of the third week of the holy fifty days,Holy Fifty Days,Liturgy,,Acts of the Apostles,current_public_or_local_reference,local cache covering 2020 to 2035
New Testament,Acts,5,Acts 5:5-11,rid_77fc43fc0fa2906def46,holy-fifty-days-pentecost-cycle,Holy Fifty Days/Pentecost cycle,Holy Fifty Days,liturgy_acts,,liturgy_acts,current_public_or_local_reference,local repo snapshot of pierresaid Katameros API SQLite database
New Testament,Acts,6,Acts 6:1-15,rid_a4b6e37a52931a1cb056,abib-06-01,"The Martyrdom of St. Aoulimpas, the Apostle",Annual / fixed or ordinary cycle,liturgy_acts,,liturgy_acts,current_public_or_local_reference,local repo snapshot of pierresaid Katameros API SQLite database
New Testament,Acts,6,Acts 6:1-15,rid_a4b6e37a52931a1cb056,babah-26-01,The Martyrdom of Saint Timon the Apostle,Annual / fixed or ordinary cycle,liturgy_acts,,liturgy_acts,current_public_or_local_reference,local repo snapshot of pierresaid Katameros API SQLite database
New Testament,Acts,6,Acts 6:1-15,rid_a4b6e37a52931a1cb056,baramhat-19-01,"The Martyrdom of St. Aristobulus, the apostle",Annual / fixed or ordinary cycle,liturgy_acts,,liturgy_acts,current_public_or_local_reference,local repo snapshot of pierresaid Katameros API SQLite database
New Testament,Acts,6,Acts 6:1-15,rid_a4b6e37a52931a1cb056,barmuda-15,Barmuda 15,Annual / fixed or ordinary cycle,liturgy_acts,,liturgy_acts,current_public_or_local_reference,local repo snapshot of pierresaid Katameros API SQLite database
New Testament,Acts,6,Acts 6:1-15,rid_a4b6e37a52931a1cb056,barmuda-29,Barmuda 29,Annual / fixed or ordinary cycle,liturgy_acts,,liturgy_acts,current_public_or_local_reference,local repo snapshot of pierresaid Katameros API SQLite database
New Testament,Acts,6,Acts 6:1-15,rid_a4b6e37a52931a1cb056,bashans-22-01,The Departure of St. Andronicus One of the Seventy Disciples,Annual / fixed or ordinary cycle,liturgy_acts,,liturgy_acts,current_public_or_local_reference,local repo snapshot of pierresaid Katameros API SQLite database
New Testament,Acts,6,Acts 6:1-15,rid_a4b6e37a52931a1cb056,bashans-03-01,"The Departure of St. Jason, one of the Seventy disciples",Annual / fixed or ordinary cycle,liturgy_acts,,liturgy_acts,current_public_or_local_reference,local repo snapshot of pierresaid Katameros API SQLite database
New Testament,Acts,6,Acts 6:1-15,rid_a4b6e37a52931a1cb056,baunah-01-01,The Consecration of the church of St. Leontius of Tripoli,Annual / fixed or ordinary cycle,liturgy_acts,,liturgy_acts,current_public_or_local_reference,local repo snapshot of pierresaid Katameros API SQLite database
New Testament,Acts,6,Acts 6:1-15,rid_a4b6e37a52931a1cb056,baunah-25-01,"The Martyrdom of St. Jude, one of the Seventy Disciples",Annual / fixed or ordinary cycle,liturgy_acts,,liturgy_acts,current_public_or_local_reference,local repo snapshot of pierresaid Katameros API SQLite database
New Testament,Acts,6,Acts 6:1-15,rid_a4b6e37a52931a1cb056,tubah-01-01,The Martyrdom of St. Stephen the Archdeacon,Annual / fixed or ordinary cycle,liturgy_acts,,liturgy_acts,current_public_or_local_reference,local repo snapshot of pierresaid Katameros API SQLite database
New Testament,Acts,6,Acts 6:1-15,rid_a4b6e37a52931a1cb056,tubah-20-01,"The Departure of St. Prochorus, One of the Seventy Disciples",Annual / fixed or ordinary cycle,liturgy_acts,,liturgy_acts,current_public_or_local_reference,local repo snapshot of pierresaid Katameros API SQLite database
New Testament,Acts,6,Acts 6:1-15,rid_a4b6e37a52931a1cb056,tut-15-01,Translocation of the Body of St. Stephen the Archdeacon,Annual / fixed or ordinary cycle,liturgy_acts,,liturgy_acts,current_public_or_local_reference,local repo snapshot of pierresaid Katameros API SQLite database
New Testament,Acts,6,Acts 6:1-15,rid_a4b6e37a52931a1cb056,tut-24-01,The Departure of St. Gregory the Ascetic,Annual / fixed or ordinary cycle,liturgy_acts,,liturgy_acts,current_public_or_local_reference,local repo snapshot of pierresaid Katameros API SQLite database
New Testament,Acts,6,Acts 6:1-7:2,rid_6c8fd9d2e02312ba720a,abib-6,Abib 6,Annual / fixed or ordinary cycle,Liturgy,,Acts of the Apostles,current_public_or_local_reference,local cache covering 2020 to 2035
New Testament,Acts,6,Acts 6:1-7:2,rid_6c8fd9d2e02312ba720a,baba-26,Baba 26,Annual / fixed or ordinary cycle,Liturgy,,Acts of the Apostles,current_public_or_local_reference,local cache covering 2020 to 2035
New Testament,Acts,6,Acts 6:1-7:2,rid_6c8fd9d2e02312ba720a,bashons-22,Bashons 22,Annual / fixed or ordinary cycle,Liturgy,,Acts of the Apostles,current_public_or_local_reference,local cache covering 2020 to 2035
New Testament,Acts,6,Acts 6:1-7:2,rid_6c8fd9d2e02312ba720a,paona-1,Paona 1,Annual / fixed or ordinary cycle,Liturgy,,Acts of the Apostles,current_public_or_local_reference,local cache covering 2020 to 2035
New Testament,Acts,6,Acts 6:1-7:2,rid_6c8fd9d2e02312ba720a,paona-25,Paona 25,Annual / fixed or ordinary cycle,Liturgy,,Acts of the Apostles,current_public_or_local_reference,local cache covering 2020 to 2035
New Testament,Acts,6,Acts 6:1-7:2,rid_6c8fd9d2e02312ba720a,toba-1,Toba 1,Annual / fixed or ordinary cycle,Liturgy,,Acts of the Apostles,current_public_or_local_reference,local cache covering 2020 to 2035
New Testament,Acts,6,Acts 6:1-7:2,rid_6c8fd9d2e02312ba720a,toba-20,Toba 20,Annual / fixed or ordinary cycle,Liturgy,,Acts of the Apostles,current_public_or_local_reference,local cache covering 2020 to 2035
New Testament,Acts,6,Acts 6:1-7:2,rid_6c8fd9d2e02312ba720a,tout-15,Tout 15,Annual / fixed or ordinary cycle,Liturgy,,Acts of the Apostles,current_public_or_local_reference,local cache covering 2020 to 2035
New Testament,Acts,6,Acts 6:1-7:2,rid_6c8fd9d2e02312ba720a,tout-24,Tout 24,Annual / fixed or ordinary cycle,Liturgy,,Acts of the Apostles,current_public_or_local_reference,local cache covering 2020 to 2035
New Testament,Acts,7,Acts 7:1-2,rid_d7b1a7a5187554872006,abib-06-01,"The Martyrdom of St. Aoulimpas, the Apostle",Annual / fixed or ordinary cycle,liturgy_acts,,liturgy_acts,current_public_or_local_reference,local repo snapshot of pierresaid Katameros API SQLite database
New Testament,Acts,7,Acts 7:1-2,rid_d7b1a7a5187554872006,babah-26-01,The Martyrdom of Saint Timon the Apostle,Annual / fixed or ordinary cycle,liturgy_acts,,liturgy_acts,current_public_or_local_reference,local repo snapshot of pierresaid Katameros API SQLite database
New Testament,Acts,7,Acts 7:1-2,rid_d7b1a7a5187554872006,baramhat-19-01,"The Martyrdom of St. Aristobulus, the apostle",Annual / fixed or ordinary cycle,liturgy_acts,,liturgy_acts,current_public_or_local_reference,local repo snapshot of pierresaid Katameros API SQLite database
New Testament,Acts,7,Acts 7:1-2,rid_d7b1a7a5187554872006,barmuda-15,Barmuda 15,Annual / fixed or ordinary cycle,liturgy_acts,,liturgy_acts,current_public_or_local_reference,local repo snapshot of pierresaid Katameros API SQLite database
New Testament,Acts,7,Acts 7:1-2,rid_d7b1a7a5187554872006,barmuda-29,Barmuda 29,Annual / fixed or ordinary cycle,liturgy_acts,,liturgy_acts,current_public_or_local_reference,local repo snapshot of pierresaid Katameros API SQLite database
New Testament,Acts,7,Acts 7:1-2,rid_d7b1a7a5187554872006,bashans-22-01,The Departure of St. Andronicus One of the Seventy Disciples,Annual / fixed or ordinary cycle,liturgy_acts,,liturgy_acts,current_public_or_local_reference,local repo snapshot of pierresaid Katameros API SQLite database
New Testament,Acts,7,Acts 7:1-2,rid_d7b1a7a5187554872006,bashans-03-01,"The Departure of St. Jason, one of the Seventy disciples",Annual / fixed or ordinary cycle,liturgy_acts,,liturgy_acts,current_public_or_local_reference,local repo snapshot of pierresaid Katameros API SQLite database
New Testament,Acts,7,Acts 7:1-2,rid_d7b1a7a5187554872006,baunah-01-01,The Consecration of the church of St. Leontius of Tripoli,Annual / fixed or ordinary cycle,liturgy_acts,,liturgy_acts,current_public_or_local_reference,local repo snapshot of pierresaid Katameros API SQLite database
New Testament,Acts,7,Acts 7:1-2,rid_d7b1a7a5187554872006,baunah-25-01,"The Martyrdom of St. Jude, one of the Seventy Disciples",Annual / fixed or ordinary cycle,liturgy_acts,,liturgy_acts,current_public_or_local_reference,local repo snapshot of pierresaid Katameros API SQLite database
New Testament,Acts,7,Acts 7:1-2,rid_d7b1a7a5187554872006,tubah-01-01,The Martyrdom of St. Stephen the Archdeacon,Annual / fixed or ordinary cycle,liturgy_acts,,liturgy_acts,current_public_or_local_reference,local repo snapshot of pierresaid Katameros API SQLite database
New Testament,Acts,7,Acts 7:1-2,rid_d7b1a7a5187554872006,tubah-20-01,"The Departure of St. Prochorus, One of the Seventy Disciples",Annual / fixed or ordinary cycle,liturgy_acts,,liturgy_acts,current_public_or_local_reference,local repo snapshot of pierresaid Katameros API SQLite database
New Testament,Acts,7,Acts 7:1-2,rid_d7b1a7a5187554872006,tut-15-01,Translocation of the Body of St. Stephen the Archdeacon,Annual / fixed or ordinary cycle,liturgy_acts,,liturgy_acts,current_public_or_local_reference,local repo snapshot of pierresaid Katameros API SQLite database
New Testament,Acts,7,Acts 7:1-2,rid_d7b1a7a5187554872006,tut-24-01,The Departure of St. Gregory the Ascetic,Annual / fixed or ordinary cycle,liturgy_acts,,liturgy_acts,current_public_or_local_reference,local repo snapshot of pierresaid Katameros API SQLite database
New Testament,Acts,7,Acts 7:2-7,rid_48f6ac3dfba2bf8912a0,amshir-16-01,"The Departure of St. Elizabeth, Mother of St. John the Baptist",Annual / fixed or ordinary cycle,Liturgy,,Acts of the Apostles,current_public_or_local_reference,local cache covering 2020 to 2035
New Testament,Acts,7,Acts 7:2-7,rid_48f6ac3dfba2bf8912a0,amshir-16-01,"The Departure of St. Elizabeth, Mother of St. John the Baptist",Annual / fixed or ordinary cycle,liturgy_acts,,liturgy_acts,current_public_or_local_reference,local repo snapshot of pierresaid Katameros API SQLite database
New Testament,Acts,7,Acts 7:2-7,rid_48f6ac3dfba2bf8912a0,great-lent,Great Lent,Great Lent,Liturgy,,Acts of the Apostles,current_public_or_local_reference,local cache covering 2020 to 2035
New Testament,Acts,7,Acts 7:2-7,rid_48f6ac3dfba2bf8912a0,hatur-11-01,"The Departure of St. Anna (Hannah), the mother of the Theotokos",Annual / fixed or ordinary cycle,liturgy_acts,,liturgy_acts,current_public_or_local_reference,local repo snapshot of pierresaid Katameros API SQLite database
New Testament,Acts,7,Acts 7:2-7,rid_48f6ac3dfba2bf8912a0,kiak-13,Kiak 13,Annual / fixed or ordinary cycle,Liturgy,,Acts of the Apostles,current_public_or_local_reference,local cache covering 2020 to 2035
New Testament,Acts,7,Acts 7:2-7,rid_48f6ac3dfba2bf8912a0,kiyahk-13-01,The Martyrdom of St. Barsanuphius,Annual / fixed or ordinary cycle,liturgy_acts,,liturgy_acts,current_public_or_local_reference,local repo snapshot of pierresaid Katameros API SQLite database
New Testament,Acts,7,Acts 7:2-7,rid_48f6ac3dfba2bf8912a0,mesra-07-01,The Annunciation of St. Joachim with the Birth of the Virgin Mary,Annual / fixed or ordinary cycle,Liturgy,,Acts of the Apostles,current_public_or_local_reference,local cache covering 2020 to 2035
New Testament,Acts,7,Acts 7:2-7,rid_48f6ac3dfba2bf8912a0,mesra-07-01,The Annunciation of St. Joachim with the Birth of the Virgin Mary,Annual / fixed or ordinary cycle,liturgy_acts,,liturgy_acts,current_public_or_local_reference,local repo snapshot of pierresaid Katameros API SQLite database
New Testament,Acts,7,Acts 7:2-7,rid_48f6ac3dfba2bf8912a0,tut-26-01,The Angels' Annunciation of John the Baptist to Zacharias,Annual / fixed or ordinary cycle,Liturgy,,Acts of the Apostles,current_public_or_local_reference,local cache covering 2020 to 2035
New Testament,Acts,7,Acts 7:2-7,rid_48f6ac3dfba2bf8912a0,tut-26-01,The Angels' Annunciation of John the Baptist to Zacharias,Annual / fixed or ordinary cycle,liturgy_acts,,liturgy_acts,current_public_or_local_reference,local repo snapshot of pierresaid Katameros API SQLite database
New Testament,Acts,7,Acts 7:20-34,rid_88ac64809952994c448f,bashans-24-01,The Commemoration of the Entry of the Lord Christ to Egypt,Annual / fixed or ordinary cycle,liturgy_acts,,liturgy_acts,current_public_or_local_reference,local repo snapshot of pierresaid Katameros API SQLite database
New Testament,Acts,7,Acts 7:20-34,rid_88ac64809952994c448f,baunah-08-01,The Commemoration of the Consecration of the Church of the Virgin Lady known as El-Mahammah,Annual / fixed or ordinary cycle,liturgy_acts,,liturgy_acts,current_public_or_local_reference,local repo snapshot of pierresaid Katameros API SQLite database
New Testament,Acts,7,Acts 7:20-34,rid_88ac64809952994c448f,entrance-into-egypt,Entrance into Egypt,Annual / fixed or ordinary cycle,Liturgy,,Acts of the Apostles,current_public_or_local_reference,local cache covering 2020 to 2035
New Testament,Acts,7,Acts 7:20-34,rid_88ac64809952994c448f,abib-26-01,"The Departure of the Upright St. Joseph, the Carpenter",Annual / fixed or ordinary cycle,liturgy_acts,,liturgy_acts,current_public_or_local_reference,local repo snapshot of pierresaid Katameros API SQLite database
New Testament,Acts,7,Acts 7:20-34,rid_88ac64809952994c448f,mesra-28-01,Our father Abraham: Who can describe the virtues of he who became father to many nations?,Annual / fixed or ordinary cycle,Liturgy,,Acts of the Apostles,current_public_or_local_reference,local cache covering 2020 to 2035
New Testament,Acts,7,Acts 7:20-34,rid_88ac64809952994c448f,mesra-28-01,Our father Abraham: Who can describe the virtues of he who became father to many nations?,Annual / fixed or ordinary cycle,liturgy_acts,,liturgy_acts,current_public_or_local_reference,local repo snapshot of pierresaid Katameros API SQLite database
New Testament,Acts,7,Acts 7:20-34,rid_88ac64809952994c448f,baunah-08-01,The Commemoration of the Consecration of the Church of the Virgin Lady known as El-Mahammah,Annual / fixed or ordinary cycle,Liturgy,,Acts of the Apostles,current_public_or_local_reference,local cache covering 2020 to 2035
New Testament,Acts,7,Acts 7:23-34,rid_9568c1b72902015ea76d,annunciation,Annunciation,Annual / fixed or ordinary cycle,Liturgy,,Acts of the Apostles,current_public_or_local_reference,local cache covering 2020 to 2035
New Testament,Acts,7,Acts 7:23-34,rid_9568c1b72902015ea76d,baramhat-29-01,The Commemoration of the Life giving Annunciation,Annual / fixed or ordinary cycle,liturgy_acts,,liturgy_acts,current_public_or_local_reference,local repo snapshot of pierresaid Katameros API SQLite database
New Testament,Acts,7,Acts 7:23-34,rid_9568c1b72902015ea76d,the-fifth-sunday-of-abib-readings-of-29th-baramhat,The fifth Sunday of Abib (Readings of 29th Baramhat),Annual / fixed or ordinary cycle,Liturgy,,Acts of the Apostles,current_public_or_local_reference,local cache covering 2020 to 2035
New Testament,Acts,7,Acts 7:23-34,rid_9568c1b72902015ea76d,the-fifth-sunday-of-baba-readings-of-29th-baramhat,The fifth Sunday of Baba (Readings of 29th Baramhat),Annual / fixed or ordinary cycle,Liturgy,,Acts of the Apostles,current_public_or_local_reference,local cache covering 2020 to 2035
New Testament,Acts,7,Acts 7:23-34,rid_9568c1b72902015ea76d,the-fifth-sunday-of-hator-readings-of-29th-baramhat,The fifth Sunday of Hator (Readings of 29th Baramhat),Annual / fixed or ordinary cycle,Liturgy,,Acts of the Apostles,current_public_or_local_reference,local cache covering 2020 to 2035
New Testament,Acts,7,Acts 7:23-34,rid_9568c1b72902015ea76d,the-fifth-sunday-of-mesra-readings-of-29th-baramhat,The fifth Sunday of Mesra (Readings of 29th Baramhat),Annual / fixed or ordinary cycle,Liturgy,,Acts of the Apostles,current_public_or_local_reference,local cache covering 2020 to 2035
New Testament,Acts,7,Acts 7:23-34,rid_9568c1b72902015ea76d,the-fifth-sunday-of-paona-readings-of-29th-baramhat,The fifth Sunday of Paona (Readings of 29th Baramhat),Annual / fixed or ordinary cycle,Liturgy,,Acts of the Apostles,current_public_or_local_reference,local cache covering 2020 to 2035
New Testament,Acts,7,Acts 7:30-34,rid_71f81d33a5585191fce6,the-second-sunday-of-kiak,The second Sunday of Kiak,Annual / fixed or ordinary cycle,Liturgy,,Acts of the Apostles,current_public_or_local_reference,local cache covering 2020 to 2035
New Testament,Acts,7,Acts 7:30-34,rid_71f81d33a5585191fce6,kiyahk-02-01,"The Departure of the Saint Abba Hor, the Monk",Annual / fixed or ordinary cycle,liturgy_acts,,liturgy_acts,current_public_or_local_reference,local repo snapshot of pierresaid Katameros API SQLite database
New Testament,Acts,7,Acts 7:30-34,rid_71f81d33a5585191fce6,second-sunday-of-christmas-fast,second Sunday of Christmas Fast,Annual / fixed or ordinary cycle,Liturgy,,Acts of the Apostles,current_public_or_local_reference,local cache covering 2020 to 2035
New Testament,Acts,7,Acts 7:30-37,rid_cf7f898c901340a8c5d3,mesra-30-01,"The Departure of St. Malachi, the Prophet",Annual / fixed or ordinary cycle,Liturgy,,Acts of the Apostles,current_public_or_local_reference,local cache covering 2020 to 2035
New Testament,Acts,7,Acts 7:30-37,rid_cf7f898c901340a8c5d3,mesra-30-01,"The Departure of St. Malachi, the Prophet",Annual / fixed or ordinary cycle,liturgy_acts,,liturgy_acts,current_public_or_local_reference,local repo snapshot of pierresaid Katameros API SQLite database
New Testament,Acts,7,Acts 7:35-50,rid_b27f63bb0437d94de670,the-third-sunday-of-kiak,The third Sunday of Kiak,Annual / fixed or ordinary cycle,Liturgy,,Acts of the Apostles,current_public_or_local_reference,local cache covering 2020 to 2035
New Testament,Acts,7,Acts 7:35-50,rid_b27f63bb0437d94de670,kiyahk-03-01,The Entrance of Saint Mary into the Temple at Jerusalem,Annual / fixed or ordinary cycle,liturgy_acts,,liturgy_acts,current_public_or_local_reference,local repo snapshot of pierresaid Katameros API SQLite database
New Testament,Acts,7,Acts 7:35-50,rid_b27f63bb0437d94de670,third-sunday-of-christmas-fast,third Sunday of Christmas Fast,Annual / fixed or ordinary cycle,Liturgy,,Acts of the Apostles,current_public_or_local_reference,local cache covering 2020 to 2035
New Testament,Acts,7,Acts 7:37-41,rid_10d038422e0f483473c5,holy-fifty-days-pentecost-cycle,Holy Fifty Days/Pentecost cycle,Holy Fifty Days,liturgy_acts,,liturgy_acts,current_public_or_local_reference,local repo snapshot of pierresaid Katameros API SQLite database
New Testament,Acts,7,Acts 7:37-41,rid_10d038422e0f483473c5,monday-of-the-fifth-week-of-the-holy-fifty-days,Monday of the fifth week of the holy fifty days,Holy Fifty Days,Liturgy,,Acts of the Apostles,current_public_or_local_reference,local cache covering 2020 to 2035
New Testament,Acts,7,Acts 7:40-43,rid_4cb1ececc6131ba59f8a,holy-fifty-days-pentecost-cycle,Holy Fifty Days/Pentecost cycle,Holy Fifty Days,liturgy_acts,,liturgy_acts,current_public_or_local_reference,local repo snapshot of pierresaid Katameros API SQLite database
New Testament,Acts,7,Acts 7:40-43,rid_4cb1ececc6131ba59f8a,tuesday-of-the-fifth-week-of-the-holy-fifty-days,Tuesday of the fifth week of the holy fifty days,Holy Fifty Days,Liturgy,,Acts of the Apostles,current_public_or_local_reference,local cache covering 2020 to 2035
New Testament,Acts,7,Acts 7:40-43,rid_4cb1ececc6131ba59f8a,tuesday-of-the-fifth-week-of-the-holy-fifty-days-and-the-feast-of-entry-into-egypt,Tuesday of the fifth week of the holy fifty days and the Feast of Entry into Egypt,Holy Fifty Days,Liturgy,,Acts of the Apostles,current_public_or_local_reference,local cache covering 2020 to 2035
New Testament,Acts,7,Acts 7:44-50,rid_2f61527d27413f8574c6,holy-fifty-days-pentecost-cycle,Holy Fifty Days/Pentecost cycle,Holy Fifty Days,liturgy_acts,,liturgy_acts,current_public_or_local_reference,local repo snapshot of pierresaid Katameros API SQLite database
New Testament,Acts,7,Acts 7:44-50,rid_2f61527d27413f8574c6,wednesday-of-the-fifth-week-of-the-holy-fifty-days,Wednesday of the fifth week of the holy fifty days,Holy Fifty Days,Liturgy,,Acts of the Apostles,current_public_or_local_reference,local cache covering 2020 to 2035
New Testament,Acts,7,Acts 7:44-60,rid_39ae4e98e33691fbccd1,abib-12-01,The Commemoration of Archangel Michael,Annual / fixed or ordinary cycle,liturgy_acts,,liturgy_acts,current_public_or_local_reference,local repo snapshot of pierresaid Katameros API SQLite database
New Testament,Acts,7,Acts 7:44-60,rid_39ae4e98e33691fbccd1,abib-24-01,The Martyrdom of St. Apanoub,Annual / fixed or ordinary cycle,liturgy_acts,,liturgy_acts,current_public_or_local_reference,local repo snapshot of pierresaid Katameros API SQLite database
New Testament,Acts,7,Acts 7:44-60,rid_39ae4e98e33691fbccd1,abib-04-01,The Commemoration of the Relocation of the Relics of Sts. Apakir and John,Annual / fixed or ordinary cycle,liturgy_acts,,liturgy_acts,current_public_or_local_reference,local repo snapshot of pierresaid Katameros API SQLite database
New Testament,Acts,7,Acts 7:44-60,rid_39ae4e98e33691fbccd1,amshir-06-01,"The Appearance of the Body of St. Apolidus (Hippolytus), Pope of Rome",Annual / fixed or ordinary cycle,liturgy_acts,,liturgy_acts,current_public_or_local_reference,local repo snapshot of pierresaid Katameros API SQLite database
New Testament,Acts,7,Acts 7:44-60,rid_39ae4e98e33691fbccd1,baramhat-21-01,The Commemoration of the Theotokos and Ever-Virgin St. Mary,Annual / fixed or ordinary cycle,liturgy_acts,,liturgy_acts,current_public_or_local_reference,local repo snapshot of pierresaid Katameros API SQLite database
New Testament,Acts,7,Acts 7:44-60,rid_39ae4e98e33691fbccd1,baunah-15-01,"The Turning Over of the Relics of the Great St. Mark the Apostle by the hand of Pope Paul the Sixth, Pope of Rome",Annual / fixed or ordinary cycle,liturgy_acts,,liturgy_acts,current_public_or_local_reference,local repo snapshot of pierresaid Katameros API SQLite database
New Testament,Acts,7,Acts 7:44-60,rid_39ae4e98e33691fbccd1,baunah-04-01,The Martyrdom of St. Shenousi (Sanusi),Annual / fixed or ordinary cycle,liturgy_acts,,liturgy_acts,current_public_or_local_reference,local repo snapshot of pierresaid Katameros API SQLite database
New Testament,Acts,7,Acts 7:44-60,rid_39ae4e98e33691fbccd1,hatur-15-01,"The Martyrdom of Saint Mari-Mina, the Wonder Worker",Annual / fixed or ordinary cycle,liturgy_acts,,liturgy_acts,current_public_or_local_reference,local repo snapshot of pierresaid Katameros API SQLite database
New Testament,Acts,7,Acts 7:44-60,rid_39ae4e98e33691fbccd1,mesra-01-01,"The Martyrdom of St. Apoli, Son of Justus",Annual / fixed or ordinary cycle,liturgy_acts,,liturgy_acts,current_public_or_local_reference,local repo snapshot of pierresaid Katameros API SQLite database
New Testament,Acts,7,Acts 7:44-60,rid_39ae4e98e33691fbccd1,mesra-13-01,The Feast of Transfiguration of Our Lord on Mount Tabor,Annual / fixed or ordinary cycle,liturgy_acts,,liturgy_acts,current_public_or_local_reference,local repo snapshot of pierresaid Katameros API SQLite database
New Testament,Acts,7,Acts 7:44-60,rid_39ae4e98e33691fbccd1,mesra-09-01,"The Martyrdom of St. Ari, the Priest of Shatanouf",Annual / fixed or ordinary cycle,liturgy_acts,,liturgy_acts,current_public_or_local_reference,local repo snapshot of pierresaid Katameros API SQLite database
New Testament,Acts,7,Acts 7:44-60,rid_39ae4e98e33691fbccd1,tubah-28-01,The Martyrdom of St. Clement,Annual / fixed or ordinary cycle,liturgy_acts,,liturgy_acts,current_public_or_local_reference,local repo snapshot of pierresaid Katameros API SQLite database
New Testament,Acts,7,Acts 7:44-8:1,rid_1a25121ae3b893a41c9e,abib-12,Abib 12,Annual / fixed or ordinary cycle,Liturgy,,Acts of the Apostles,current_public_or_local_reference,local cache covering 2020 to 2035
New Testament,Acts,7,Acts 7:44-8:1,rid_1a25121ae3b893a41c9e,abib-24,Abib 24,Annual / fixed or ordinary cycle,Liturgy,,Acts of the Apostles,current_public_or_local_reference,local cache covering 2020 to 2035
New Testament,Acts,7,Acts 7:44-8:1,rid_1a25121ae3b893a41c9e,abib-4,Abib 4,Annual / fixed or ordinary cycle,Liturgy,,Acts of the Apostles,current_public_or_local_reference,local cache covering 2020 to 2035
New Testament,Acts,7,Acts 7:44-8:1,rid_1a25121ae3b893a41c9e,amshir-6,Amshir 6,Annual / fixed or ordinary cycle,Liturgy,,Acts of the Apostles,current_public_or_local_reference,local cache covering 2020 to 2035
New Testament,Acts,7,Acts 7:44-8:1,rid_1a25121ae3b893a41c9e,great-lent,Great Lent,Great Lent,Liturgy,,Acts of the Apostles,current_public_or_local_reference,local cache covering 2020 to 2035
New Testament,Acts,7,Acts 7:44-8:1,rid_1a25121ae3b893a41c9e,hator-15,Hator 15,Annual / fixed or ordinary cycle,Liturgy,,Acts of the Apostles,current_public_or_local_reference,local cache covering 2020 to 2035
New Testament,Acts,7,Acts 7:44-8:1,rid_1a25121ae3b893a41c9e,mesra-9,Mesra 9,Annual / fixed or ordinary cycle,Liturgy,,Acts of the Apostles,current_public_or_local_reference,local cache covering 2020 to 2035
New Testament,Acts,7,Acts 7:44-8:1,rid_1a25121ae3b893a41c9e,paona-15,Paona 15,Annual / fixed or ordinary cycle,Liturgy,,Acts of the Apostles,current_public_or_local_reference,local cache covering 2020 to 2035
New Testament,Acts,7,Acts 7:44-8:1,rid_1a25121ae3b893a41c9e,paona-4,Paona 4,Annual / fixed or ordinary cycle,Liturgy,,Acts of the Apostles,current_public_or_local_reference,local cache covering 2020 to 2035
New Testament,Acts,7,Acts 7:44-8:1,rid_1a25121ae3b893a41c9e,st-mary-s-fast,St Mary's Fast,Annual / fixed or ordinary cycle,Liturgy,,Acts of the Apostles,current_public_or_local_reference,local cache covering 2020 to 2035
New Testament,Acts,7,Acts 7:44-8:1,rid_1a25121ae3b893a41c9e,toba-28,Toba 28,Annual / fixed or ordinary cycle,Liturgy,,Acts of the Apostles,current_public_or_local_reference,local cache covering 2020 to 2035
New Testament,Acts,7,Acts 7:44-8:1,rid_1a25121ae3b893a41c9e,transfiguration,Transfiguration,Annual / fixed or ordinary cycle,Liturgy,,Acts of the Apostles,current_public_or_local_reference,local cache covering 2020 to 2035
New Testament,Acts,7,Acts 7:51-54,rid_9388c6961a5509916c58,holy-fifty-days-pentecost-cycle,Holy Fifty Days/Pentecost cycle,Holy Fifty Days,liturgy_acts,,liturgy_acts,current_public_or_local_reference,local repo snapshot of pierresaid Katameros API SQLite database
New Testament,Acts,7,Acts 7:51-54,rid_9388c6961a5509916c58,thursday-of-the-fifth-week-of-the-holy-fifty-days,Thursday of the fifth week of the holy fifty days,Holy Fifty Days,Liturgy,,Acts of the Apostles,current_public_or_local_reference,local cache covering 2020 to 2035
New Testament,Acts,7,Acts 7:8-22,rid_11755e80bf592b44e151,baunah-30-01,"The Nativity of St. John, the Baptist",Annual / fixed or ordinary cycle,liturgy_acts,,liturgy_acts,current_public_or_local_reference,local repo snapshot of pierresaid Katameros API SQLite database
New Testament,Acts,7,Acts 7:8-22,rid_11755e80bf592b44e151,baunah-30-01,"The Nativity of St. John, the Baptist",Annual / fixed or ordinary cycle,Liturgy,,Acts of the Apostles,current_public_or_local_reference,local cache covering 2020 to 2035
New Testament,Acts,7,Acts 7:8-22,rid_11755e80bf592b44e151,the-fourth-sunday-of-kiak,The fourth Sunday of Kiak,Annual / fixed or ordinary cycle,Liturgy,,Acts of the Apostles,current_public_or_local_reference,local cache covering 2020 to 2035
New Testament,Acts,7,Acts 7:8-22,rid_11755e80bf592b44e151,kiyahk-04-01,"The Martyrdom of St. Andrew the Apostle, the Brother of St. Peter",Annual / fixed or ordinary cycle,liturgy_acts,,liturgy_acts,current_public_or_local_reference,local repo snapshot of pierresaid Katameros API SQLite database
New Testament,Acts,7,Acts 7:8-22,rid_11755e80bf592b44e151,fourth-sunday-of-christmas-fast,fourth Sunday of Christmas Fast,Annual / fixed or ordinary cycle,Liturgy,,Acts of the Apostles,current_public_or_local_reference,local cache covering 2020 to 2035
New Testament,Acts,8,Acts 8:1,rid_08a164916dec8b6a6733,abib-12-01,The Commemoration of Archangel Michael,Annual / fixed or ordinary cycle,liturgy_acts,,liturgy_acts,current_public_or_local_reference,local repo snapshot of pierresaid Katameros API SQLite database
New Testament,Acts,8,Acts 8:1,rid_08a164916dec8b6a6733,abib-24-01,The Martyrdom of St. Apanoub,Annual / fixed or ordinary cycle,liturgy_acts,,liturgy_acts,current_public_or_local_reference,local repo snapshot of pierresaid Katameros API SQLite database
New Testament,Acts,8,Acts 8:1,rid_08a164916dec8b6a6733,abib-04-01,The Commemoration of the Relocation of the Relics of Sts. Apakir and John,Annual / fixed or ordinary cycle,liturgy_acts,,liturgy_acts,current_public_or_local_reference,local repo snapshot of pierresaid Katameros API SQLite database
New Testament,Acts,8,Acts 8:1,rid_08a164916dec8b6a6733,amshir-06-01,"The Appearance of the Body of St. Apolidus (Hippolytus), Pope of Rome",Annual / fixed or ordinary cycle,liturgy_acts,,liturgy_acts,current_public_or_local_reference,local repo snapshot of pierresaid Katameros API SQLite database
New Testament,Acts,8,Acts 8:1,rid_08a164916dec8b6a6733,baramhat-21-01,The Commemoration of the Theotokos and Ever-Virgin St. Mary,Annual / fixed or ordinary cycle,liturgy_acts,,liturgy_acts,current_public_or_local_reference,local repo snapshot of pierresaid Katameros API SQLite database
New Testament,Acts,8,Acts 8:1,rid_08a164916dec8b6a6733,baunah-15-01,"The Turning Over of the Relics of the Great St. Mark the Apostle by the hand of Pope Paul the Sixth, Pope of Rome",Annual / fixed or ordinary cycle,liturgy_acts,,liturgy_acts,current_public_or_local_reference,local repo snapshot of pierresaid Katameros API SQLite database
New Testament,Acts,8,Acts 8:1,rid_08a164916dec8b6a6733,baunah-04-01,The Martyrdom of St. Shenousi (Sanusi),Annual / fixed or ordinary cycle,liturgy_acts,,liturgy_acts,current_public_or_local_reference,local repo snapshot of pierresaid Katameros API SQLite database
New Testament,Acts,8,Acts 8:1,rid_08a164916dec8b6a6733,hatur-15-01,"The Martyrdom of Saint Mari-Mina, the Wonder Worker",Annual / fixed or ordinary cycle,liturgy_acts,,liturgy_acts,current_public_or_local_reference,local repo snapshot of pierresaid Katameros API SQLite database
New Testament,Acts,8,Acts 8:1,rid_08a164916dec8b6a6733,mesra-01-01,"The Martyrdom of St. Apoli, Son of Justus",Annual / fixed or ordinary cycle,liturgy_acts,,liturgy_acts,current_public_or_local_reference,local repo snapshot of pierresaid Katameros API SQLite database
New Testament,Acts,8,Acts 8:1,rid_08a164916dec8b6a6733,mesra-13-01,The Feast of Transfiguration of Our Lord on Mount Tabor,Annual / fixed or ordinary cycle,liturgy_acts,,liturgy_acts,current_public_or_local_reference,local repo snapshot of pierresaid Katameros API SQLite database
New Testament,Acts,8,Acts 8:1,rid_08a164916dec8b6a6733,mesra-09-01,"The Martyrdom of St. Ari, the Priest of Shatanouf",Annual / fixed or ordinary cycle,liturgy_acts,,liturgy_acts,current_public_or_local_reference,local repo snapshot of pierresaid Katameros API SQLite database
New Testament,Acts,8,Acts 8:1,rid_08a164916dec8b6a6733,tubah-28-01,The Martyrdom of St. Clement,Annual / fixed or ordinary cycle,liturgy_acts,,liturgy_acts,current_public_or_local_reference,local repo snapshot of pierresaid Katameros API SQLite database
New Testament,Acts,8,Acts 8:1-4,rid_ede29c763af9ac7b355a,friday-of-the-fifth-week-of-the-holy-fifty-days,Friday of the fifth week of the holy fifty days,Holy Fifty Days,Liturgy,,Acts of the Apostles,current_public_or_local_reference,local cache covering 2020 to 2035
New Testament,Acts,8,Acts 8:1-4,rid_ede29c763af9ac7b355a,friday-of-the-fifth-week-of-the-holy-fifty-days-and-the-feast-of-entry-into-egypt,Friday of the fifth week of the holy fifty days and the Feast of Entry into Egypt,Holy Fifty Days,Liturgy,,Acts of the Apostles,current_public_or_local_reference,local cache covering 2020 to 2035
New Testament,Acts,8,Acts 8:1-4,rid_ede29c763af9ac7b355a,holy-fifty-days-pentecost-cycle,Holy Fifty Days/Pentecost cycle,Holy Fifty Days,liturgy_acts,,liturgy_acts,current_public_or_local_reference,local repo snapshot of pierresaid Katameros API SQLite database
New Testament,Acts,8,Acts 8:26-39,rid_36cc6a006599dbeaa194,babah-14-01,"The Departure of St. Philip, One of the Seven Deacons",Annual / fixed or ordinary cycle,Liturgy,,Acts of the Apostles,current_public_or_local_reference,local cache covering 2020 to 2035
New Testament,Acts,8,Acts 8:26-39,rid_36cc6a006599dbeaa194,babah-14-01,"The Departure of St. Philip, One of the Seven Deacons",Annual / fixed or ordinary cycle,liturgy_acts,,liturgy_acts,current_public_or_local_reference,local repo snapshot of pierresaid Katameros API SQLite database
New Testament,Acts,8,Acts 8:26-39,rid_36cc6a006599dbeaa194,baramhat-25-01,"The Departure of St. Onesiphorous (Friska), One of the Seventy Apostles",Annual / fixed or ordinary cycle,liturgy_acts,,liturgy_acts,current_public_or_local_reference,local repo snapshot of pierresaid Katameros API SQLite database
New Testament,Acts,8,Acts 8:26-39,rid_36cc6a006599dbeaa194,the-second-day-of-feast-of-epiphany,The Second Day of Feast of Epiphany,Annual / fixed or ordinary cycle,Liturgy,,Acts of the Apostles,current_public_or_local_reference,local cache covering 2020 to 2035
New Testament,Acts,8,Acts 8:26-39,rid_36cc6a006599dbeaa194,tubah-12-01,The Commemoration of the Archangel Michael,Annual / fixed or ordinary cycle,liturgy_acts,,liturgy_acts,current_public_or_local_reference,local repo snapshot of pierresaid Katameros API SQLite database
New Testament,Acts,8,Acts 8:26-39,rid_36cc6a006599dbeaa194,baptism,baptism,Special service,part_3,,part_3,current_public_or_local_reference,local package snapshot
New Testament,Acts,8,Acts 8:26-39,rid_36cc6a006599dbeaa194,myron-consecration,myron_consecration,Special service,liturgy,,liturgy,current_public_or_local_reference,local package snapshot
New Testament,Acts,8,Acts 8:3-13,rid_3fccadb59a8bc8fd0836,baba-6,Baba 6,Annual / fixed or ordinary cycle,Liturgy,,Acts of the Apostles,current_public_or_local_reference,local cache covering 2020 to 2035
New Testament,Acts,8,Acts 8:3-13,rid_3fccadb59a8bc8fd0836,fast-of-nineveh,Fast of Nineveh,Annual / fixed or ordinary cycle,Liturgy,,Acts of the Apostles,current_public_or_local_reference,local cache covering 2020 to 2035
New Testament,Acts,8,Acts 8:3-13,rid_3fccadb59a8bc8fd0836,great-lent-jonah-nineveh-cycle,Great Lent/Jonah/Nineveh cycle,Great Lent,liturgy_acts,,liturgy_acts,current_public_or_local_reference,local repo snapshot of pierresaid Katameros API SQLite database
New Testament,Acts,8,Acts 8:3-13,rid_3fccadb59a8bc8fd0836,mesra-05-01,The Departure of St. John the Soldier,Annual / fixed or ordinary cycle,Liturgy,,Acts of the Apostles,current_public_or_local_reference,local cache covering 2020 to 2035
New Testament,Acts,8,Acts 8:3-13,rid_3fccadb59a8bc8fd0836,mesra-05-01,The Departure of St. John the Soldier,Annual / fixed or ordinary cycle,liturgy_acts,,liturgy_acts,current_public_or_local_reference,local repo snapshot of pierresaid Katameros API SQLite database
New Testament,Acts,8,Acts 8:3-13,rid_3fccadb59a8bc8fd0836,thursday-of-the-first-week-of-great-lent,Thursday of the first week of Great Lent,Great Lent,Liturgy,,Acts of the Apostles,current_public_or_local_reference,local cache covering 2020 to 2035
New Testament,Acts,8,Acts 8:3-13,rid_3fccadb59a8bc8fd0836,toba-26,Toba 26,Annual / fixed or ordinary cycle,Liturgy,,Acts of the Apostles,current_public_or_local_reference,local cache covering 2020 to 2035
New Testament,Acts,8,Acts 8:3-13,rid_3fccadb59a8bc8fd0836,tubah-13-01,The Commemoration of the Miracle at Cana of Galilee,Annual / fixed or ordinary cycle,liturgy_acts,,liturgy_acts,current_public_or_local_reference,local repo snapshot of pierresaid Katameros API SQLite database
New Testament,Acts,8,Acts 8:3-13,rid_3fccadb59a8bc8fd0836,tubah-26-01,"The Martyrdom of the Forty-Nine Saints, the Elders of Sheheat (Scetis)",Annual / fixed or ordinary cycle,liturgy_acts,,liturgy_acts,current_public_or_local_reference,local repo snapshot of pierresaid Katameros API SQLite database
New Testament,Acts,8,Acts 8:3-13,rid_3fccadb59a8bc8fd0836,wedding-of-cana,Wedding of Cana,Annual / fixed or ordinary cycle,Liturgy,,Acts of the Apostles,current_public_or_local_reference,local cache covering 2020 to 2035
New Testament,Acts,8,Acts 8:5-13,rid_38e14ca17e75eee8446b,the-fourth-sunday-of-amshir,The fourth Sunday of Amshir,Annual / fixed or ordinary cycle,Liturgy,,Acts of the Apostles,current_public_or_local_reference,local cache covering 2020 to 2035
New Testament,Acts,8,Acts 8:5-13,rid_38e14ca17e75eee8446b,amshir-04-01,"The Martyrdom of St. Agabus, One of the Seventy Disciples",Annual / fixed or ordinary cycle,liturgy_acts,,liturgy_acts,current_public_or_local_reference,local repo snapshot of pierresaid Katameros API SQLite database
New Testament,Acts,8,Acts 8:9-17,rid_0ce019ee292f62b8cb35,friday-of-the-sixth-week-of-great-lent,Friday of the sixth week of Great Lent,Great Lent,Liturgy,,Acts of the Apostles,current_public_or_local_reference,local cache covering 2020 to 2035
New Testament,Acts,8,Acts 8:9-17,rid_0ce019ee292f62b8cb35,great-lent-jonah-nineveh-cycle,Great Lent/Jonah/Nineveh cycle,Great Lent,liturgy_acts,,liturgy_acts,current_public_or_local_reference,local repo snapshot of pierresaid Katameros API SQLite database
New Testament,Acts,9,Acts 9:1-20,rid_7afc4bfc1daab07a52ca,holy-fifty-days-pentecost-cycle,Holy Fifty Days/Pentecost cycle,Holy Fifty Days,liturgy_acts,,liturgy_acts,current_public_or_local_reference,local repo snapshot of pierresaid Katameros API SQLite database
New Testament,Acts,9,Acts 9:1-20,rid_7afc4bfc1daab07a52ca,sunday-of-the-fifth-week-of-the-holy-fifty-days,Sunday of the fifth week of the holy fifty days,Holy Fifty Days,Liturgy,,Acts of the Apostles,current_public_or_local_reference,local cache covering 2020 to 2035
New Testament,Acts,9,Acts 9:22-30,rid_22cedd87ca7e303711f7,amshir-7,Amshir 7,Annual / fixed or ordinary cycle,Liturgy,,Acts of the Apostles,current_public_or_local_reference,local cache covering 2020 to 2035
New Testament,Acts,9,Acts 9:22-30,rid_22cedd87ca7e303711f7,fast-of-nineveh,Fast of Nineveh,Annual / fixed or ordinary cycle,Liturgy,,Acts of the Apostles,current_public_or_local_reference,local cache covering 2020 to 2035
New Testament,Acts,9,Acts 9:22-30,rid_22cedd87ca7e303711f7,toba-3,Toba 3,Annual / fixed or ordinary cycle,Liturgy,,Acts of the Apostles,current_public_or_local_reference,local cache covering 2020 to 2035
New Testament,Acts,9,Acts 9:22-30,rid_22cedd87ca7e303711f7,tubah-03-01,The Commemoration of the Slain Children of Bethlehem by the Order of King Herod,Annual / fixed or ordinary cycle,liturgy_acts,,liturgy_acts,current_public_or_local_reference,local repo snapshot of pierresaid Katameros API SQLite database
New Testament,Acts,9,Acts 9:22-31,rid_b76d278b39e4b5330843,great-lent-jonah-nineveh-cycle,Great Lent/Jonah/Nineveh cycle,Great Lent,liturgy_acts,,liturgy_acts,current_public_or_local_reference,local repo snapshot of pierresaid Katameros API SQLite database
New Testament,Acts,9,Acts 9:22-31,rid_b76d278b39e4b5330843,monday-of-the-seventh-week-of-great-lent,Monday of the seventh week of Great Lent,Great Lent,Liturgy,,Acts of the Apostles,current_public_or_local_reference,local cache covering 2020 to 2035
New Testament,Acts,9,Acts 9:22-31,rid_b76d278b39e4b5330843,the-third-sunday-of-tout,The third Sunday of Tout,Annual / fixed or ordinary cycle,Liturgy,,Acts of the Apostles,current_public_or_local_reference,local cache covering 2020 to 2035
New Testament,Acts,9,Acts 9:22-31,rid_b76d278b39e4b5330843,tut-03-01,A Council held in the city of Alexandria,Annual / fixed or ordinary cycle,liturgy_acts,,liturgy_acts,current_public_or_local_reference,local repo snapshot of pierresaid Katameros API SQLite database
New Testament,Acts,9,Acts 9:23-31,rid_54a56d05f9c988f5cd5e,holy-fifty-days-pentecost-cycle,Holy Fifty Days/Pentecost cycle,Holy Fifty Days,liturgy_acts,,liturgy_acts,current_public_or_local_reference,local repo snapshot of pierresaid Katameros API SQLite database
New Testament,Acts,9,Acts 9:23-31,rid_54a56d05f9c988f5cd5e,monday-of-the-sixth-week-of-the-holy-fifty-days,Monday of the sixth week of the holy fifty days,Holy Fifty Days,Liturgy,,Acts of the Apostles,current_public_or_local_reference,local cache covering 2020 to 2035
New Testament,Acts,9,Acts 9:3-9,rid_cbbd16bb166d6da65a49,the-first-sunday-of-amshir,The first Sunday of Amshir,Annual / fixed or ordinary cycle,Liturgy,,Acts of the Apostles,current_public_or_local_reference,local cache covering 2020 to 2035
New Testament,Acts,9,Acts 9:3-9,rid_cbbd16bb166d6da65a49,the-first-sunday-of-hator,The first Sunday of Hator,Annual / fixed or ordinary cycle,Liturgy,,Acts of the Apostles,current_public_or_local_reference,local cache covering 2020 to 2035
New Testament,Acts,9,Acts 9:3-9,rid_cbbd16bb166d6da65a49,amshir-01-01,"On this day of the year 381 A.D., one hundred and fifty fathers assembled upon the order of Emperor Theodosius the Great, in the city of Constantinople",Annual / fixed or ordinary cycle,liturgy_acts,,liturgy_acts,current_public_or_local_reference,local repo snapshot of pierresaid Katameros API SQLite database
New Testament,Acts,9,Acts 9:31-35,rid_45ca8bed3ca7955dc482,holy-fifty-days-pentecost-cycle,Holy Fifty Days/Pentecost cycle,Holy Fifty Days,liturgy_acts,,liturgy_acts,current_public_or_local_reference,local repo snapshot of pierresaid Katameros API SQLite database
New Testament,Acts,9,Acts 9:31-35,rid_45ca8bed3ca7955dc482,saturday-of-the-second-week-of-the-holy-fifty-days,Saturday of the second week of the holy fifty days,Holy Fifty Days,Liturgy,,Acts of the Apostles,current_public_or_local_reference,local cache covering 2020 to 2035
New Testament,Acts,9,Acts 9:31-43,rid_439602ba7153e0cd0984,baramhat-28-01,The Departure of the righteous Emperor Constantine the Great,Annual / fixed or ordinary cycle,liturgy_acts,,liturgy_acts,current_public_or_local_reference,local repo snapshot of pierresaid Katameros API SQLite database
New Testament,Acts,9,Acts 9:31-43,rid_439602ba7153e0cd0984,bashans-09-01,"The Departure of St. Helena, The Empress",Annual / fixed or ordinary cycle,liturgy_acts,,liturgy_acts,current_public_or_local_reference,local repo snapshot of pierresaid Katameros API SQLite database
New Testament,Acts,9,Acts 9:31-43,rid_439602ba7153e0cd0984,tut-16-01,The Commemoration of the Consecration of the Sanctuaries of the church of Resurrection in Jerusalem,Annual / fixed or ordinary cycle,Liturgy,,Acts of the Apostles,current_public_or_local_reference,local cache covering 2020 to 2035
New Testament,Acts,9,Acts 9:31-43,rid_439602ba7153e0cd0984,tut-16-01,The Commemoration of the Consecration of the Sanctuaries of the church of Resurrection in Jerusalem,Annual / fixed or ordinary cycle,liturgy_acts,,liturgy_acts,current_public_or_local_reference,local repo snapshot of pierresaid Katameros API SQLite database
New Testament,Acts,9,Acts 9:36-42,rid_6adcbaac4ff2f7a630c8,the-fourth-sunday-of-tout,The fourth Sunday of Tout,Annual / fixed or ordinary cycle,Liturgy,,Acts of the Apostles,current_public_or_local_reference,local cache covering 2020 to 2035
New Testament,Acts,9,Acts 9:36-42,rid_6adcbaac4ff2f7a630c8,tut-04-01,"The Departure of St. Macarius, 69th Pope of Alexandria",Annual / fixed or ordinary cycle,liturgy_acts,,liturgy_acts,current_public_or_local_reference,local repo snapshot of pierresaid Katameros API SQLite database
New Testament,Acts,9,Acts 9:36-43,rid_f20a9dedebf1c5ce8dd5,holy-fifty-days-pentecost-cycle,Holy Fifty Days/Pentecost cycle,Holy Fifty Days,liturgy_acts,,liturgy_acts,current_public_or_local_reference,local repo snapshot of pierresaid Katameros API SQLite database
New Testament,Acts,9,Acts 9:36-43,rid_f20a9dedebf1c5ce8dd5,saturday-of-the-fourth-week-of-the-holy-fifty-days,Saturday of the fourth week of the holy fifty days,Holy Fifty Days,Liturgy,,Acts of the Apostles,current_public_or_local_reference,local cache covering 2020 to 2035
New Testament,Acts,9,Acts 9:36-43,rid_f20a9dedebf1c5ce8dd5,saturday-of-the-fourth-week-of-the-holy-fifty-days-and-the-feast-of-entry-into-egypt,Saturday of the fourth week of the holy fifty days and the Feast of Entry into Egypt,Holy Fifty Days,Liturgy,,Acts of the Apostles,current_public_or_local_reference,local cache covering 2020 to 2035
New Testament,Colossians,1,Col 1:1-23,rid_a4bb719c3f60eca1dda0,baramhat-21-01,The Commemoration of the Theotokos and Ever-Virgin St. Mary,Annual / fixed or ordinary cycle,liturgy_pauline,,liturgy_pauline,current_public_or_local_reference,local repo snapshot of pierresaid Katameros API SQLite database
New Testament,Colossians,1,Col 1:1-23,rid_a4bb719c3f60eca1dda0,mesra-13-01,The Feast of Transfiguration of Our Lord on Mount Tabor,Annual / fixed or ordinary cycle,liturgy_pauline,,liturgy_pauline,current_public_or_local_reference,local repo snapshot of pierresaid Katameros API SQLite database
New Testament,Colossians,1,Col 1:1-23,rid_a4bb719c3f60eca1dda0,transfiguration,Transfiguration,Annual / fixed or ordinary cycle,Liturgy,,Pauline Epistle,current_public_or_local_reference,local cache covering 2020 to 2035
New Testament,Colossians,1,Col 1:12-23,rid_b55975f14f797c4ed308,holy-fifty-days-pentecost-cycle,Holy Fifty Days/Pentecost cycle,Holy Fifty Days,liturgy_pauline,,liturgy_pauline,current_public_or_local_reference,local repo snapshot of pierresaid Katameros API SQLite database
New Testament,Colossians,1,Col 1:12-23,rid_b55975f14f797c4ed308,saturday-of-the-first-week-of-the-holy-fifty-days,Saturday of the first week of the holy fifty days,Holy Fifty Days,Liturgy,,Pauline Epistle,current_public_or_local_reference,local cache covering 2020 to 2035
New Testament,Colossians,1,Col 1:21-29,rid_9fd7cfdbf12568a33783,tuesday-of-ninevah-s-fast,Tuesday of Ninevah's Fast,Annual / fixed or ordinary cycle,Liturgy,,Pauline Epistle,current_public_or_local_reference,local cache covering 2020 to 2035
New Testament,Colossians,2,Col 2:13-15,rid_4b26b5bdc4d77f17c9a4,good-friday,Good Friday,Pascha / Holy Week,Third Hour,Third Hour,Pauline,historical_witness,"Lent 1734 A.M., 2018 A.D. eBook extracted text"
New Testament,Colossians,2,Col 2:6-19,rid_2b1c323ddf9e4d81fe45,tut-19-01,"The Commemoration of St. Gregory, Patriarch of the Armenians",Annual / fixed or ordinary cycle,Liturgy,,Pauline Epistle,current_public_or_local_reference,local cache covering 2020 to 2035
New Testament,Colossians,2,Col 2:6-19,rid_2b1c323ddf9e4d81fe45,tut-19-01,"The Commemoration of St. Gregory, Patriarch of the Armenians",Annual / fixed or ordinary cycle,liturgy_pauline,,liturgy_pauline,current_public_or_local_reference,local repo snapshot of pierresaid Katameros API SQLite database
New Testament,Colossians,3,Col 3:1-17,rid_87cca5161adddd599d94,holy-fifty-days-pentecost-cycle,Holy Fifty Days/Pentecost cycle,Holy Fifty Days,liturgy_pauline,,liturgy_pauline,current_public_or_local_reference,local repo snapshot of pierresaid Katameros API SQLite database
New Testament,Colossians,3,Col 3:1-17,rid_87cca5161adddd599d94,sunday-of-the-third-week-of-the-holy-fifty-days,Sunday of the third week of the holy fifty days,Holy Fifty Days,Liturgy,,Pauline Epistle,current_public_or_local_reference,local cache covering 2020 to 2035
New Testament,Colossians,3,Col 3:12-17,rid_ba988061dba95e4fdd99,unction-of-the-sick,unction_of_the_sick,Special service,sixth_prayer,,sixth_prayer,current_public_or_local_reference,local package snapshot
New Testament,Colossians,3,Col 3:5-17,rid_c90cbe22ee4ed1240374,great-lent-jonah-nineveh-cycle,Great Lent/Jonah/Nineveh cycle,Great Lent,liturgy_pauline,,liturgy_pauline,current_public_or_local_reference,local repo snapshot of pierresaid Katameros API SQLite database
New Testament,Colossians,3,Col 3:5-17,rid_c90cbe22ee4ed1240374,sunday-of-the-sixth-week-of-great-lent,Sunday of the sixth week of Great Lent,Great Lent,Liturgy,,Pauline Epistle,current_public_or_local_reference,local cache covering 2020 to 2035
New Testament,Colossians,3,Col 3:8-17,rid_eda050523f8facc515bd,al-nasi-06-01,A Thanksgiving To God,Annual / fixed or ordinary cycle,liturgy_pauline,,liturgy_pauline,current_public_or_local_reference,local repo snapshot of pierresaid Katameros API SQLite database
New Testament,Colossians,3,Col 3:8-17,rid_eda050523f8facc515bd,al-nasi-06-01,A Thanksgiving To God,Annual / fixed or ordinary cycle,Liturgy,,Pauline Epistle,current_public_or_local_reference,local cache covering 2020 to 2035
New Testament,Colossians,4,Col 4:2-18,rid_4ef964372c37948def82,amshir-04-01,"The Martyrdom of St. Agabus, One of the Seventy Disciples",Annual / fixed or ordinary cycle,Liturgy,,Pauline Epistle,current_public_or_local_reference,local cache covering 2020 to 2035
New Testament,Colossians,4,Col 4:2-18,rid_4ef964372c37948def82,amshir-04-01,"The Martyrdom of St. Agabus, One of the Seventy Disciples",Annual / fixed or ordinary cycle,liturgy_pauline,,liturgy_pauline,current_public_or_local_reference,local repo snapshot of pierresaid Katameros API SQLite database
New Testament,Colossians,4,Col 4:2-18,rid_4ef964372c37948def82,babah-22-01,The Martyrdom of Saint Luke the Evangelist,Annual / fixed or ordinary cycle,Liturgy,,Pauline Epistle,current_public_or_local_reference,local cache covering 2020 to 2035
New Testament,Colossians,4,Col 4:2-18,rid_4ef964372c37948def82,babah-22-01,The Martyrdom of Saint Luke the Evangelist,Annual / fixed or ordinary cycle,liturgy_pauline,,liturgy_pauline,current_public_or_local_reference,local repo snapshot of pierresaid Katameros API SQLite database
New Testament,Colossians,4,Col 4:2-18,rid_4ef964372c37948def82,kiak-18,Kiak 18,Annual / fixed or ordinary cycle,Liturgy,,Pauline Epistle,current_public_or_local_reference,local cache covering 2020 to 2035
New Testament,Colossians,4,Col 4:2-18,rid_4ef964372c37948def82,kiyahk-18-01,The Commemoration of the Relocation of the Relics of St. Titus to Constantinople,Annual / fixed or ordinary cycle,liturgy_pauline,,liturgy_pauline,current_public_or_local_reference,local repo snapshot of pierresaid Katameros API SQLite database
New Testament,Colossians,4,Col 4:2-18,rid_4ef964372c37948def82,the-fourth-sunday-of-paona,The fourth Sunday of Paona,Annual / fixed or ordinary cycle,Liturgy,,Pauline Epistle,current_public_or_local_reference,local cache covering 2020 to 2035
New Testament,Colossians,4,Col 4:2-18,rid_4ef964372c37948def82,baunah-04-01,The Martyrdom of St. Shenousi (Sanusi),Annual / fixed or ordinary cycle,liturgy_pauline,,liturgy_pauline,current_public_or_local_reference,local repo snapshot of pierresaid Katameros API SQLite database
New Testament,Ephesians,1,Eph 1:1-14,rid_10fb72da6841df7443ec,holy-fifty-days-pentecost-cycle,Holy Fifty Days/Pentecost cycle,Holy Fifty Days,liturgy_pauline,,liturgy_pauline,current_public_or_local_reference,local repo snapshot of pierresaid Katameros API SQLite database
New Testament,Ephesians,1,Eph 1:1-14,rid_10fb72da6841df7443ec,saturday-of-the-fourth-week-of-the-holy-fifty-days,Saturday of the fourth week of the holy fifty days,Holy Fifty Days,Liturgy,,Pauline Epistle,current_public_or_local_reference,local cache covering 2020 to 2035
New Testament,Ephesians,1,Eph 1:1-14,rid_10fb72da6841df7443ec,saturday-of-the-fourth-week-of-the-holy-fifty-days-and-the-feast-of-entry-into-egypt,Saturday of the fourth week of the holy fifty days and the Feast of Entry into Egypt,Holy Fifty Days,Liturgy,,Pauline Epistle,current_public_or_local_reference,local cache covering 2020 to 2035
New Testament,Ephesians,1,Eph 1:1-14,rid_10fb72da6841df7443ec,the-second-day-of-feast-of-epiphany,The Second Day of Feast of Epiphany,Annual / fixed or ordinary cycle,Liturgy,,Pauline Epistle,current_public_or_local_reference,local cache covering 2020 to 2035
New Testament,Ephesians,1,Eph 1:1-14,rid_10fb72da6841df7443ec,tubah-12-01,The Commemoration of the Archangel Michael,Annual / fixed or ordinary cycle,liturgy_pauline,,liturgy_pauline,current_public_or_local_reference,local repo snapshot of pierresaid Katameros API SQLite database
New Testament,Ephesians,1,Eph 1:15-2,rid_a9ff1e082fbe413ebb80,holy-fifty-days-pentecost-cycle,Holy Fifty Days/Pentecost cycle,Holy Fifty Days,liturgy_pauline,,liturgy_pauline,current_public_or_local_reference,local repo snapshot of pierresaid Katameros API SQLite database
New Testament,Ephesians,1,Eph 1:15-2:3,rid_0de2df4fd666a19325ea,thursday-of-the-first-week-of-the-holy-fifty-days,Thursday of the first week of the holy fifty days,Holy Fifty Days,Liturgy,,Pauline Epistle,current_public_or_local_reference,local cache covering 2020 to 2035
New Testament,Ephesians,2,Eph 2:1-22,rid_3aeaa48c3439f7b63466,bashans-24-01,The Commemoration of the Entry of the Lord Christ to Egypt,Annual / fixed or ordinary cycle,liturgy_pauline,,liturgy_pauline,current_public_or_local_reference,local repo snapshot of pierresaid Katameros API SQLite database
New Testament,Ephesians,2,Eph 2:1-22,rid_3aeaa48c3439f7b63466,baunah-08-01,The Commemoration of the Consecration of the Church of the Virgin Lady known as El-Mahammah,Annual / fixed or ordinary cycle,liturgy_pauline,,liturgy_pauline,current_public_or_local_reference,local repo snapshot of pierresaid Katameros API SQLite database
New Testament,Ephesians,2,Eph 2:1-22,rid_3aeaa48c3439f7b63466,entrance-into-egypt,Entrance into Egypt,Annual / fixed or ordinary cycle,Liturgy,,Pauline Epistle,current_public_or_local_reference,local cache covering 2020 to 2035
New Testament,Ephesians,2,Eph 2:1-22,rid_3aeaa48c3439f7b63466,abib-26-01,"The Departure of the Upright St. Joseph, the Carpenter",Annual / fixed or ordinary cycle,liturgy_pauline,,liturgy_pauline,current_public_or_local_reference,local repo snapshot of pierresaid Katameros API SQLite database
New Testament,Ephesians,2,Eph 2:1-22,rid_3aeaa48c3439f7b63466,baunah-08-01,The Commemoration of the Consecration of the Church of the Virgin Lady known as El-Mahammah,Annual / fixed or ordinary cycle,Liturgy,,Pauline Epistle,current_public_or_local_reference,local cache covering 2020 to 2035
New Testament,Ephesians,2,Eph 2:1-22,rid_3aeaa48c3439f7b63466,wednesday-of-ninevah-s-fast,Wednesday of Ninevah's Fast,Annual / fixed or ordinary cycle,Liturgy,,Pauline Epistle,current_public_or_local_reference,local cache covering 2020 to 2035
New Testament,Ephesians,2,Eph 2:13-18,rid_f683d002661850899727,holy-fifty-days-pentecost-cycle,Holy Fifty Days/Pentecost cycle,Holy Fifty Days,liturgy_pauline,,liturgy_pauline,current_public_or_local_reference,local repo snapshot of pierresaid Katameros API SQLite database
New Testament,Ephesians,2,Eph 2:13-18,rid_f683d002661850899727,wednesday-of-the-fourth-week-of-the-holy-fifty-days,Wednesday of the fourth week of the holy fifty days,Holy Fifty Days,Liturgy,,Pauline Epistle,current_public_or_local_reference,local cache covering 2020 to 2035
New Testament,Ephesians,2,Eph 2:19-3,rid_18ea75ead4c353d5a479,holy-fifty-days-pentecost-cycle,Holy Fifty Days/Pentecost cycle,Holy Fifty Days,liturgy_pauline,,liturgy_pauline,current_public_or_local_reference,local repo snapshot of pierresaid Katameros API SQLite database
New Testament,Ephesians,2,Eph 2:19-3:10,rid_db161f92de62c1635067,sunday-of-the-second-week-of-the-holy-fifty-days,Sunday of the second week of the holy fifty days,Holy Fifty Days,Liturgy,,Pauline Epistle,current_public_or_local_reference,local cache covering 2020 to 2035
New Testament,Ephesians,4,Eph 4:1-16,rid_b29286285aae35d0aa10,great-lent-jonah-nineveh-cycle,Great Lent/Jonah/Nineveh cycle,Great Lent,liturgy_pauline,,liturgy_pauline,current_public_or_local_reference,local repo snapshot of pierresaid Katameros API SQLite database
New Testament,Ephesians,4,Eph 4:1-16,rid_b29286285aae35d0aa10,tuesday-of-the-fourth-week-of-great-lent,Tuesday of the fourth week of Great Lent,Great Lent,Liturgy,,Pauline Epistle,current_public_or_local_reference,local cache covering 2020 to 2035
New Testament,Ephesians,4,Eph 4:1-7,rid_9cf0b9402eedcf336c66,great-lent-jonah-nineveh-cycle,Great Lent/Jonah/Nineveh cycle,Great Lent,liturgy_pauline,,liturgy_pauline,current_public_or_local_reference,local repo snapshot of pierresaid Katameros API SQLite database
New Testament,Ephesians,4,Eph 4:1-7,rid_9cf0b9402eedcf336c66,saturday-of-the-sixth-week-of-great-lent,Saturday of the sixth week of Great Lent,Great Lent,Liturgy,,Pauline Epistle,current_public_or_local_reference,local cache covering 2020 to 2035
New Testament,Ephesians,4,Eph 4:11-19,rid_e4c8b1d9567c0c84da37,babah-12-01,"The Departure of Abba Demetrius I, 12th Pope of Alexandria",Annual / fixed or ordinary cycle,Liturgy,,Pauline Epistle,current_public_or_local_reference,local cache covering 2020 to 2035
New Testament,Ephesians,4,Eph 4:11-19,rid_e4c8b1d9567c0c84da37,babah-12-01,"The Departure of Abba Demetrius I, 12th Pope of Alexandria",Annual / fixed or ordinary cycle,liturgy_pauline,,liturgy_pauline,current_public_or_local_reference,local repo snapshot of pierresaid Katameros API SQLite database
New Testament,Ephesians,4,Eph 4:11-19,rid_e4c8b1d9567c0c84da37,bashans-15-01,"The Martyrdom of St. Simon the Zealot, the Apostle who is known by (Simon the Canaanite)",Annual / fixed or ordinary cycle,liturgy_pauline,,liturgy_pauline,current_public_or_local_reference,local repo snapshot of pierresaid Katameros API SQLite database
New Testament,Ephesians,4,Eph 4:17-32,rid_dfb5c42784e17c69fec8,great-lent-jonah-nineveh-cycle,Great Lent/Jonah/Nineveh cycle,Great Lent,liturgy_pauline,,liturgy_pauline,current_public_or_local_reference,local repo snapshot of pierresaid Katameros API SQLite database
New Testament,Ephesians,4,Eph 4:17-33,rid_15fff62420e7820654e8,wednesday-of-the-fourth-week-of-great-lent,Wednesday of the fourth week of Great Lent,Great Lent,Liturgy,,Pauline Epistle,current_public_or_local_reference,local cache covering 2020 to 2035
New Testament,Ephesians,4,Eph 4:20-32,rid_5eb9875014f5aadbb441,holy-fifty-days-pentecost-cycle,Holy Fifty Days/Pentecost cycle,Holy Fifty Days,liturgy_pauline,,liturgy_pauline,current_public_or_local_reference,local repo snapshot of pierresaid Katameros API SQLite database
New Testament,Ephesians,4,Eph 4:20-32,rid_5eb9875014f5aadbb441,thomas-sunday,Thomas Sunday,Annual / fixed or ordinary cycle,Liturgy,,Pauline Epistle,current_public_or_local_reference,local cache covering 2020 to 2035
New Testament,Ephesians,4,Eph 4:8-16,rid_82d5a438667253e21e4d,holy-fifty-days-pentecost-cycle,Holy Fifty Days/Pentecost cycle,Holy Fifty Days,liturgy_pauline,,liturgy_pauline,current_public_or_local_reference,local repo snapshot of pierresaid Katameros API SQLite database
New Testament,Ephesians,4,Eph 4:8-16,rid_82d5a438667253e21e4d,mesra-30-01,"The Departure of St. Malachi, the Prophet",Annual / fixed or ordinary cycle,Liturgy,,Pauline Epistle,current_public_or_local_reference,local cache covering 2020 to 2035
New Testament,Ephesians,4,Eph 4:8-16,rid_82d5a438667253e21e4d,mesra-30-01,"The Departure of St. Malachi, the Prophet",Annual / fixed or ordinary cycle,liturgy_pauline,,liturgy_pauline,current_public_or_local_reference,local repo snapshot of pierresaid Katameros API SQLite database
New Testament,Ephesians,4,Eph 4:8-16,rid_82d5a438667253e21e4d,saturday-of-the-sixth-week-of-the-holy-fifty-days,Saturday of the sixth week of the holy fifty days,Holy Fifty Days,Liturgy,,Pauline Epistle,current_public_or_local_reference,local cache covering 2020 to 2035
New Testament,Ephesians,5,Eph 5:22-6:3,rid_3d206cb8f6b88bbc796b,wedding-crowning,wedding_crowning,Special service,main_readings,,main_readings,current_public_or_local_reference,local package snapshot
New Testament,Ephesians,5,Eph 5:8-21,rid_7b80f8ec33b49fecafd8,abib-01-01,The Martyrdom of Saint Febronia the Ascetic,Annual / fixed or ordinary cycle,Liturgy,,Pauline Epistle,current_public_or_local_reference,local cache covering 2020 to 2035
New Testament,Ephesians,5,Eph 5:8-21,rid_7b80f8ec33b49fecafd8,abib-01-01,The Martyrdom of Saint Febronia the Ascetic,Annual / fixed or ordinary cycle,liturgy_pauline,,liturgy_pauline,current_public_or_local_reference,local repo snapshot of pierresaid Katameros API SQLite database
New Testament,Ephesians,5,Eph 5:8-21,rid_7b80f8ec33b49fecafd8,abib-17-01,The Martyrdom of St. Euphemia,Annual / fixed or ordinary cycle,Liturgy,,Pauline Epistle,current_public_or_local_reference,local cache covering 2020 to 2035
New Testament,Ephesians,5,Eph 5:8-21,rid_7b80f8ec33b49fecafd8,abib-17-01,The Martyrdom of St. Euphemia,Annual / fixed or ordinary cycle,liturgy_pauline,,liturgy_pauline,current_public_or_local_reference,local repo snapshot of pierresaid Katameros API SQLite database
New Testament,Ephesians,5,Eph 5:8-21,rid_7b80f8ec33b49fecafd8,abib-28-01,The Departure of St. Mary Magdalene,Annual / fixed or ordinary cycle,Liturgy,,Pauline Epistle,current_public_or_local_reference,local cache covering 2020 to 2035
New Testament,Ephesians,5,Eph 5:8-21,rid_7b80f8ec33b49fecafd8,abib-28-01,The Departure of St. Mary Magdalene,Annual / fixed or ordinary cycle,liturgy_pauline,,liturgy_pauline,current_public_or_local_reference,local repo snapshot of pierresaid Katameros API SQLite database
New Testament,Ephesians,5,Eph 5:8-21,rid_7b80f8ec33b49fecafd8,babah-01-01,The Martyrdom of Saint Anastasia,Annual / fixed or ordinary cycle,Liturgy,,Pauline Epistle,current_public_or_local_reference,local cache covering 2020 to 2035
New Testament,Ephesians,5,Eph 5:8-21,rid_7b80f8ec33b49fecafd8,babah-01-01,The Martyrdom of Saint Anastasia,Annual / fixed or ordinary cycle,liturgy_pauline,,liturgy_pauline,current_public_or_local_reference,local repo snapshot of pierresaid Katameros API SQLite database
New Testament,Ephesians,5,Eph 5:8-21,rid_7b80f8ec33b49fecafd8,babah-06-01,"The Departure of the Righteous Hannah, the Prophetess Mother of Samuel, the Prophet",Annual / fixed or ordinary cycle,liturgy_pauline,,liturgy_pauline,current_public_or_local_reference,local repo snapshot of pierresaid Katameros API SQLite database
New Testament,Ephesians,5,Eph 5:8-21,rid_7b80f8ec33b49fecafd8,baramhat-15-01,The Departure of St. Sarah the nun,Annual / fixed or ordinary cycle,liturgy_pauline,,liturgy_pauline,current_public_or_local_reference,local repo snapshot of pierresaid Katameros API SQLite database
New Testament,Ephesians,5,Eph 5:8-21,rid_7b80f8ec33b49fecafd8,baramhat-26-01,"The Departure of St. Euphrasia (Eupraxia), the virgin",Annual / fixed or ordinary cycle,liturgy_pauline,,liturgy_pauline,current_public_or_local_reference,local repo snapshot of pierresaid Katameros API SQLite database
New Testament,Ephesians,5,Eph 5:8-21,rid_7b80f8ec33b49fecafd8,barmuda-11,Barmuda 11,Annual / fixed or ordinary cycle,liturgy_pauline,,liturgy_pauline,current_public_or_local_reference,local repo snapshot of pierresaid Katameros API SQLite database
New Testament,Ephesians,5,Eph 5:8-21,rid_7b80f8ec33b49fecafd8,barmuda-25,Barmuda 25,Annual / fixed or ordinary cycle,liturgy_pauline,,liturgy_pauline,current_public_or_local_reference,local repo snapshot of pierresaid Katameros API SQLite database
New Testament,Ephesians,5,Eph 5:8-21,rid_7b80f8ec33b49fecafd8,barmuda-6,Barmuda 6,Annual / fixed or ordinary cycle,liturgy_pauline,,liturgy_pauline,current_public_or_local_reference,local repo snapshot of pierresaid Katameros API SQLite database
New Testament,Ephesians,5,Eph 5:8-21,rid_7b80f8ec33b49fecafd8,barmuda-8,Barmuda 8,Annual / fixed or ordinary cycle,liturgy_pauline,,liturgy_pauline,current_public_or_local_reference,local repo snapshot of pierresaid Katameros API SQLite database
New Testament,Ephesians,5,Eph 5:8-21,rid_7b80f8ec33b49fecafd8,fast-of-nineveh,Fast of Nineveh,Annual / fixed or ordinary cycle,Liturgy,,Pauline Epistle,current_public_or_local_reference,local cache covering 2020 to 2035
New Testament,Ephesians,5,Eph 5:8-21,rid_7b80f8ec33b49fecafd8,hatoor-10,Hatoor 10,Annual / fixed or ordinary cycle,liturgy_pauline,,liturgy_pauline,current_public_or_local_reference,local repo snapshot of pierresaid Katameros API SQLite database
New Testament,Ephesians,5,Eph 5:8-21,rid_7b80f8ec33b49fecafd8,hator-10,Hator 10,Annual / fixed or ordinary cycle,Liturgy,,Pauline Epistle,current_public_or_local_reference,local cache covering 2020 to 2035
New Testament,Ephesians,5,Eph 5:8-21,rid_7b80f8ec33b49fecafd8,kiak-26,Kiak 26,Annual / fixed or ordinary cycle,Liturgy,,Pauline Epistle,current_public_or_local_reference,local cache covering 2020 to 2035
New Testament,Ephesians,5,Eph 5:8-21,rid_7b80f8ec33b49fecafd8,kiyahk-26-01,The Martyrdom of St. Anastasia,Annual / fixed or ordinary cycle,liturgy_pauline,,liturgy_pauline,current_public_or_local_reference,local repo snapshot of pierresaid Katameros API SQLite database
New Testament,Ephesians,6,Eph 6:1-23,rid_c87ee2091ac2bb4c7349,the-second-sunday-of-mesra,The second Sunday of Mesra,Annual / fixed or ordinary cycle,Liturgy,,Pauline Epistle,current_public_or_local_reference,local cache covering 2020 to 2035
New Testament,Ephesians,6,Eph 6:1-23,rid_c87ee2091ac2bb4c7349,mesra-02-01,The Departure of St. Pa'esa (Athanasia),Annual / fixed or ordinary cycle,liturgy_pauline,,liturgy_pauline,current_public_or_local_reference,local repo snapshot of pierresaid Katameros API SQLite database
New Testament,Ephesians,6,Eph 6:10-18,rid_8f0c59d580c155c11cfb,unction-of-the-sick,unction_of_the_sick,Special service,seventh_prayer,,seventh_prayer,current_public_or_local_reference,local package snapshot
New Testament,Ephesians,6,Eph 6:10-24,rid_f29d091f7232d87ada7e,great-lent-jonah-nineveh-cycle,Great Lent/Jonah/Nineveh cycle,Great Lent,liturgy_pauline,,liturgy_pauline,current_public_or_local_reference,local repo snapshot of pierresaid Katameros API SQLite database
New Testament,Ephesians,6,Eph 6:10-24,rid_f29d091f7232d87ada7e,sunday-of-the-fourth-week-of-great-lent,Sunday of the fourth week of Great Lent,Great Lent,Liturgy,,Pauline Epistle,current_public_or_local_reference,local cache covering 2020 to 2035
New Testament,Galatians,1,Gal 1:1-19,rid_77f730460755dbd4fd0b,abib-23-01,The Martyrdom of St. Longinus the Soldier,Annual / fixed or ordinary cycle,Liturgy,,Pauline Epistle,current_public_or_local_reference,local cache covering 2020 to 2035
New Testament,Galatians,1,Gal 1:1-19,rid_77f730460755dbd4fd0b,abib-23-01,The Martyrdom of St. Longinus the Soldier,Annual / fixed or ordinary cycle,liturgy_pauline,,liturgy_pauline,current_public_or_local_reference,local repo snapshot of pierresaid Katameros API SQLite database
New Testament,Galatians,1,Gal 1:1-19,rid_77f730460755dbd4fd0b,babah-29-01,The Martyrdom of St. Demetrius of Thessalonica,Annual / fixed or ordinary cycle,Liturgy,,Pauline Epistle,current_public_or_local_reference,local cache covering 2020 to 2035
New Testament,Galatians,1,Gal 1:1-19,rid_77f730460755dbd4fd0b,babah-29-01,The Martyrdom of St. Demetrius of Thessalonica,Annual / fixed or ordinary cycle,liturgy_pauline,,liturgy_pauline,current_public_or_local_reference,local repo snapshot of pierresaid Katameros API SQLite database
New Testament,Galatians,1,Gal 1:1-19,rid_77f730460755dbd4fd0b,baramhat-06-01,The Martyrdom of St. Dioscorus,Annual / fixed or ordinary cycle,liturgy_pauline,,liturgy_pauline,current_public_or_local_reference,local repo snapshot of pierresaid Katameros API SQLite database
New Testament,Galatians,1,Gal 1:1-19,rid_77f730460755dbd4fd0b,hator-27,Hator 27,Annual / fixed or ordinary cycle,Liturgy,,Pauline Epistle,current_public_or_local_reference,local cache covering 2020 to 2035
New Testament,Galatians,1,Gal 1:1-19,rid_77f730460755dbd4fd0b,hator-5,Hator 5,Annual / fixed or ordinary cycle,Liturgy,,Pauline Epistle,current_public_or_local_reference,local cache covering 2020 to 2035
New Testament,Galatians,1,Gal 1:1-19,rid_77f730460755dbd4fd0b,hatur-27-01,The Martyrdom of St. James the Mangled (Sawn),Annual / fixed or ordinary cycle,liturgy_pauline,,liturgy_pauline,current_public_or_local_reference,local repo snapshot of pierresaid Katameros API SQLite database
New Testament,Galatians,1,Gal 1:1-19,rid_77f730460755dbd4fd0b,hatur-05-01,"The Appearance of the Head of St. Longinus, the Soldier",Annual / fixed or ordinary cycle,liturgy_pauline,,liturgy_pauline,current_public_or_local_reference,local repo snapshot of pierresaid Katameros API SQLite database
New Testament,Galatians,1,Gal 1:1-19,rid_77f730460755dbd4fd0b,kiak-16,Kiak 16,Annual / fixed or ordinary cycle,Liturgy,,Pauline Epistle,current_public_or_local_reference,local cache covering 2020 to 2035
New Testament,Galatians,1,Gal 1:1-19,rid_77f730460755dbd4fd0b,kiyahk-16-01,"The Departure of the Righteous Gideon, One of the Judges of Israel",Annual / fixed or ordinary cycle,liturgy_pauline,,liturgy_pauline,current_public_or_local_reference,local repo snapshot of pierresaid Katameros API SQLite database
New Testament,Galatians,1,Gal 1:1-19,rid_77f730460755dbd4fd0b,mesra-10-01,The Martyrdom of St. Matra,Annual / fixed or ordinary cycle,Liturgy,,Pauline Epistle,current_public_or_local_reference,local cache covering 2020 to 2035
New Testament,Galatians,1,Gal 1:1-19,rid_77f730460755dbd4fd0b,mesra-10-01,The Martyrdom of St. Matra,Annual / fixed or ordinary cycle,liturgy_pauline,,liturgy_pauline,current_public_or_local_reference,local repo snapshot of pierresaid Katameros API SQLite database
New Testament,Galatians,1,Gal 1:1-19,rid_77f730460755dbd4fd0b,mesra-17-01,The Martyrdom of St. James the Soldier,Annual / fixed or ordinary cycle,Liturgy,,Pauline Epistle,current_public_or_local_reference,local cache covering 2020 to 2035
New Testament,Galatians,1,Gal 1:1-19,rid_77f730460755dbd4fd0b,mesra-17-01,The Martyrdom of St. James the Soldier,Annual / fixed or ordinary cycle,liturgy_pauline,,liturgy_pauline,current_public_or_local_reference,local repo snapshot of pierresaid Katameros API SQLite database
New Testament,Galatians,1,Gal 1:1-19,rid_77f730460755dbd4fd0b,mesra-19,Mesra 19,Annual / fixed or ordinary cycle,Liturgy,,Pauline Epistle,current_public_or_local_reference,local cache covering 2020 to 2035
New Testament,Galatians,1,Gal 1:1-24,rid_db0312fce5689e3e67ed,the-second-sunday-of-abib,The second Sunday of Abib,Annual / fixed or ordinary cycle,Liturgy,,Pauline Epistle,current_public_or_local_reference,local cache covering 2020 to 2035
New Testament,Galatians,1,Gal 1:1-24,rid_db0312fce5689e3e67ed,abib-02-01,"The Departure of St. Thaddaeus, the Apostle",Annual / fixed or ordinary cycle,liturgy_pauline,,liturgy_pauline,current_public_or_local_reference,local repo snapshot of pierresaid Katameros API SQLite database
New Testament,Galatians,2,Gal 2:16-20,rid_1bb843ea463e0d23bc7f,unction-of-the-sick,unction_of_the_sick,Special service,fifth_prayer,,fifth_prayer,current_public_or_local_reference,local package snapshot
New Testament,Galatians,3,Gal 3:1-6,rid_097e29504a6631f99f85,good-friday,Good Friday,Pascha / Holy Week,Eleventh Hour,Eleventh Hour,Pauline,historical_witness,"Lent 1734 A.M., 2018 A.D. eBook extracted text"
New Testament,Galatians,3,Gal 3:15-29,rid_a13b0cb28339994f2c53,kiyahk-28-01,The Martyrdom of 150 Men and 24 Women from Ansena,Annual / fixed or ordinary cycle,liturgy_pauline,,liturgy_pauline,current_public_or_local_reference,local repo snapshot of pierresaid Katameros API SQLite database
New Testament,Galatians,3,Gal 3:15-4:18,rid_2fa95a0e064856e89c83,christmas-paramoune,Christmas Paramoune,Annual / fixed or ordinary cycle,Liturgy,,Pauline Epistle,current_public_or_local_reference,local cache covering 2020 to 2035
New Testament,Galatians,3,Gal 3:5-11,rid_10c84979bd9de5ce814c,holy-fifty-days-pentecost-cycle,Holy Fifty Days/Pentecost cycle,Holy Fifty Days,liturgy_pauline,,liturgy_pauline,current_public_or_local_reference,local repo snapshot of pierresaid Katameros API SQLite database
New Testament,Galatians,3,Gal 3:5-11,rid_10c84979bd9de5ce814c,saturday-of-the-third-week-of-the-holy-fifty-days,Saturday of the third week of the holy fifty days,Holy Fifty Days,Liturgy,,Pauline Epistle,current_public_or_local_reference,local cache covering 2020 to 2035
New Testament,Galatians,4,Gal 4:1-18,rid_7463e86e31aa8cac9cc2,kiyahk-28-01,The Martyrdom of 150 Men and 24 Women from Ansena,Annual / fixed or ordinary cycle,liturgy_pauline,,liturgy_pauline,current_public_or_local_reference,local repo snapshot of pierresaid Katameros API SQLite database
New Testament,Galatians,4,Gal 4:19-31,rid_0019682cd0b52779c28f,kiyahk-30-01,"The Departure of St. John, Archpriest of Scetis",Annual / fixed or ordinary cycle,liturgy_pauline,,liturgy_pauline,current_public_or_local_reference,local repo snapshot of pierresaid Katameros API SQLite database
New Testament,Galatians,4,Gal 4:19-5:1,rid_19ca5df0fa618e4e7217,kiak-30,Kiak 30,Annual / fixed or ordinary cycle,Liturgy,,Pauline Epistle,current_public_or_local_reference,local cache covering 2020 to 2035
New Testament,Galatians,5,Gal 5:1,rid_b216b6fac3f7c59a7fd0,kiyahk-30-01,"The Departure of St. John, Archpriest of Scetis",Annual / fixed or ordinary cycle,liturgy_pauline,,liturgy_pauline,current_public_or_local_reference,local repo snapshot of pierresaid Katameros API SQLite database
New Testament,Galatians,5,Gal 5:16-26,rid_4cead10d349a8e5ed3cb,great-lent-jonah-nineveh-cycle,Great Lent/Jonah/Nineveh cycle,Great Lent,liturgy_pauline,,liturgy_pauline,current_public_or_local_reference,local repo snapshot of pierresaid Katameros API SQLite database
New Testament,Galatians,5,Gal 5:16-6:2,rid_2984f9138111427a2476,saturday-of-the-fifth-week-of-great-lent,Saturday of the fifth week of Great Lent,Great Lent,Liturgy,,Pauline Epistle,current_public_or_local_reference,local cache covering 2020 to 2035
New Testament,Galatians,5,Gal 5:2-10,rid_ad878b8b3ac3c3c6b778,the-second-sunday-of-toba,The second Sunday of Toba,Annual / fixed or ordinary cycle,Liturgy,,Pauline Epistle,current_public_or_local_reference,local cache covering 2020 to 2035
New Testament,Galatians,5,Gal 5:2-10,rid_ad878b8b3ac3c3c6b778,tubah-02-01,"The Departure of St. Theonas, 16th Pope of Alexandria",Annual / fixed or ordinary cycle,liturgy_pauline,,liturgy_pauline,current_public_or_local_reference,local repo snapshot of pierresaid Katameros API SQLite database
New Testament,Galatians,6,Gal 6:1-2,rid_18480321110d96187aca,great-lent-jonah-nineveh-cycle,Great Lent/Jonah/Nineveh cycle,Great Lent,liturgy_pauline,,liturgy_pauline,current_public_or_local_reference,local repo snapshot of pierresaid Katameros API SQLite database
New Testament,Galatians,6,Gal 6:11-18,rid_7b02e4cc728b51e47381,tut-18-01,The Martyrdom of St. Prophorius (Porphyrius),Annual / fixed or ordinary cycle,Liturgy,,Pauline Epistle,current_public_or_local_reference,local cache covering 2020 to 2035
New Testament,Galatians,6,Gal 6:11-18,rid_7b02e4cc728b51e47381,tut-18-01,The Martyrdom of St. Prophorius (Porphyrius),Annual / fixed or ordinary cycle,liturgy_pauline,,liturgy_pauline,current_public_or_local_reference,local repo snapshot of pierresaid Katameros API SQLite database
New Testament,Galatians,6,Gal 6:14-18,rid_a98f1b11fcc1e6089f13,good-friday,Good Friday,Pascha / Holy Week,Sixth Hour,Sixth Hour,Pauline,current_working_source_not_coptic_reader_checked,local repo snapshot of pierresaid Katameros API SQLite database
New Testament,Hebrews,10,Heb 10:1-13,rid_47cc080c01c28b7849a2,holy-fifty-days-pentecost-cycle,Holy Fifty Days/Pentecost cycle,Holy Fifty Days,liturgy_pauline,,liturgy_pauline,current_public_or_local_reference,local repo snapshot of pierresaid Katameros API SQLite database
New Testament,Hebrews,10,Heb 10:1-13,rid_47cc080c01c28b7849a2,saturday-of-the-fifth-week-of-the-holy-fifty-days,Saturday of the fifth week of the holy fifty days,Holy Fifty Days,Liturgy,,Pauline Epistle,current_public_or_local_reference,local cache covering 2020 to 2035
New Testament,Hebrews,10,Heb 10:1-13,rid_47cc080c01c28b7849a2,saturday-of-the-fifth-week-of-the-holy-fifty-days-and-the-feast-of-entry-into-egypt,Saturday of the fifth week of the holy fifty days and the Feast of Entry into Egypt,Holy Fifty Days,Liturgy,,Pauline Epistle,current_public_or_local_reference,local cache covering 2020 to 2035
New Testament,Hebrews,10,Heb 10:1-24,rid_e8749eae26746d9570cf,myron-consecration,myron_consecration,Special service,liturgy,,liturgy,current_public_or_local_reference,local package snapshot
New Testament,Hebrews,10,Heb 10:19-38,rid_454970a237b6ab364fca,holy-fifty-days-pentecost-cycle,Holy Fifty Days/Pentecost cycle,Holy Fifty Days,liturgy_pauline,,liturgy_pauline,current_public_or_local_reference,local repo snapshot of pierresaid Katameros API SQLite database
New Testament,Hebrews,10,Heb 10:19-38,rid_454970a237b6ab364fca,sunday-of-the-fifth-week-of-the-holy-fifty-days,Sunday of the fifth week of the holy fifty days,Holy Fifty Days,Liturgy,,Pauline Epistle,current_public_or_local_reference,local cache covering 2020 to 2035
New Testament,Hebrews,10,Heb 10:19-39,rid_563ed5a1afc496bd9cc0,the-third-sunday-of-toba,The third Sunday of Toba,Annual / fixed or ordinary cycle,Liturgy,,Pauline Epistle,current_public_or_local_reference,local cache covering 2020 to 2035
New Testament,Hebrews,10,Heb 10:19-39,rid_563ed5a1afc496bd9cc0,tubah-03-01,The Commemoration of the Slain Children of Bethlehem by the Order of King Herod,Annual / fixed or ordinary cycle,liturgy_pauline,,liturgy_pauline,current_public_or_local_reference,local repo snapshot of pierresaid Katameros API SQLite database
New Testament,Hebrews,11,Heb 11:1-10,rid_f85d19f8363d07ad8338,baunah-02-01,The Commemoration of the Appearance of the Bodies of St. John the Baptist and Elisha the Prophet,Annual / fixed or ordinary cycle,liturgy_pauline,,liturgy_pauline,current_public_or_local_reference,local repo snapshot of pierresaid Katameros API SQLite database
New Testament,Hebrews,11,Heb 11:1-10,rid_f85d19f8363d07ad8338,mesra-28-01,Our father Abraham: Who can describe the virtues of he who became father to many nations?,Annual / fixed or ordinary cycle,Liturgy,,Pauline Epistle,current_public_or_local_reference,local cache covering 2020 to 2035
New Testament,Hebrews,11,Heb 11:1-10,rid_f85d19f8363d07ad8338,mesra-28-01,Our father Abraham: Who can describe the virtues of he who became father to many nations?,Annual / fixed or ordinary cycle,liturgy_pauline,,liturgy_pauline,current_public_or_local_reference,local repo snapshot of pierresaid Katameros API SQLite database
New Testament,Hebrews,11,Heb 11:1-10,rid_f85d19f8363d07ad8338,baunah-02-01,The Commemoration of the Appearance of the Bodies of St. John the Baptist and Elisha the Prophet,Annual / fixed or ordinary cycle,Liturgy,,Pauline Epistle,current_public_or_local_reference,local cache covering 2020 to 2035
New Testament,Hebrews,11,Heb 11:1-10,rid_f85d19f8363d07ad8338,bashans-03-01,"The Departure of St. Jason, one of the Seventy disciples",Annual / fixed or ordinary cycle,liturgy_pauline,,liturgy_pauline,current_public_or_local_reference,local repo snapshot of pierresaid Katameros API SQLite database
New Testament,Hebrews,11,Heb 11:1-8,rid_6b916e183723392840b2,friday-of-the-third-week-of-great-lent,Friday of the third week of Great Lent,Great Lent,Liturgy,,Pauline Epistle,current_public_or_local_reference,local cache covering 2020 to 2035
New Testament,Hebrews,11,Heb 11:1-8,rid_6b916e183723392840b2,great-lent-jonah-nineveh-cycle,Great Lent/Jonah/Nineveh cycle,Great Lent,liturgy_pauline,,liturgy_pauline,current_public_or_local_reference,local repo snapshot of pierresaid Katameros API SQLite database
New Testament,Hebrews,11,Heb 11:17-27,rid_8ba8ad59348fb351c1fa,abib-26,Abib 26,Annual / fixed or ordinary cycle,Liturgy,,Pauline Epistle,current_public_or_local_reference,local cache covering 2020 to 2035
New Testament,Hebrews,11,Heb 11:17-27,rid_8ba8ad59348fb351c1fa,amshir-26-01,"The Departure of St. Hosea, the Prophet",Annual / fixed or ordinary cycle,Liturgy,,Pauline Epistle,current_public_or_local_reference,local cache covering 2020 to 2035
New Testament,Hebrews,11,Heb 11:17-27,rid_8ba8ad59348fb351c1fa,amshir-26-01,"The Departure of St. Hosea, the Prophet",Annual / fixed or ordinary cycle,liturgy_pauline,,liturgy_pauline,current_public_or_local_reference,local repo snapshot of pierresaid Katameros API SQLite database
New Testament,Hebrews,11,Heb 11:17-27,rid_8ba8ad59348fb351c1fa,babah-21-01,The Commemoration of the Theotokos,Annual / fixed or ordinary cycle,Liturgy,,Pauline Epistle,current_public_or_local_reference,local cache covering 2020 to 2035
New Testament,Hebrews,11,Heb 11:17-27,rid_8ba8ad59348fb351c1fa,babah-21-01,The Commemoration of the Theotokos,Annual / fixed or ordinary cycle,liturgy_pauline,,liturgy_pauline,current_public_or_local_reference,local repo snapshot of pierresaid Katameros API SQLite database
New Testament,Hebrews,11,Heb 11:17-27,rid_8ba8ad59348fb351c1fa,baramhat-23-01,The Departure of the Great Prophet Daniel,Annual / fixed or ordinary cycle,liturgy_pauline,,liturgy_pauline,current_public_or_local_reference,local repo snapshot of pierresaid Katameros API SQLite database
New Testament,Hebrews,11,Heb 11:17-27,rid_8ba8ad59348fb351c1fa,barmuda-5,Barmuda 5,Annual / fixed or ordinary cycle,liturgy_pauline,,liturgy_pauline,current_public_or_local_reference,local repo snapshot of pierresaid Katameros API SQLite database
New Testament,Hebrews,11,Heb 11:17-27,rid_8ba8ad59348fb351c1fa,barmuda-7,Barmuda 7,Annual / fixed or ordinary cycle,liturgy_pauline,,liturgy_pauline,current_public_or_local_reference,local repo snapshot of pierresaid Katameros API SQLite database
New Testament,Hebrews,11,Heb 11:17-27,rid_8ba8ad59348fb351c1fa,bashans-05-01,The Martyrdom of St. Jeremiah the Prophet,Annual / fixed or ordinary cycle,liturgy_pauline,,liturgy_pauline,current_public_or_local_reference,local repo snapshot of pierresaid Katameros API SQLite database
New Testament,Hebrews,11,Heb 11:17-27,rid_8ba8ad59348fb351c1fa,baunah-20-01,"The Departure of Elisha, the Prophet",Annual / fixed or ordinary cycle,liturgy_pauline,,liturgy_pauline,current_public_or_local_reference,local repo snapshot of pierresaid Katameros API SQLite database
New Testament,Hebrews,11,Heb 11:17-27,rid_8ba8ad59348fb351c1fa,baunah-26-01,The Departure of the Great Prophet Joshua Son of Nun,Annual / fixed or ordinary cycle,liturgy_pauline,,liturgy_pauline,current_public_or_local_reference,local repo snapshot of pierresaid Katameros API SQLite database
New Testament,Hebrews,11,Heb 11:17-27,rid_8ba8ad59348fb351c1fa,baunah-09-01,The Departure of Samuel the Prophet,Annual / fixed or ordinary cycle,liturgy_pauline,,liturgy_pauline,current_public_or_local_reference,local repo snapshot of pierresaid Katameros API SQLite database
New Testament,Hebrews,11,Heb 11:17-27,rid_8ba8ad59348fb351c1fa,great-lent,Great Lent,Great Lent,Liturgy,,Pauline Epistle,current_public_or_local_reference,local cache covering 2020 to 2035
New Testament,Hebrews,11,Heb 11:17-27,rid_8ba8ad59348fb351c1fa,kiak-20,Kiak 20,Annual / fixed or ordinary cycle,Liturgy,,Pauline Epistle,current_public_or_local_reference,local cache covering 2020 to 2035
New Testament,Hebrews,11,Heb 11:17-27,rid_8ba8ad59348fb351c1fa,kiak-23,Kiak 23,Annual / fixed or ordinary cycle,Liturgy,,Pauline Epistle,current_public_or_local_reference,local cache covering 2020 to 2035
New Testament,Hebrews,11,Heb 11:17-27,rid_8ba8ad59348fb351c1fa,kiak-5,Kiak 5,Annual / fixed or ordinary cycle,Liturgy,,Pauline Epistle,current_public_or_local_reference,local cache covering 2020 to 2035
New Testament,Hebrews,11,Heb 11:17-27,rid_8ba8ad59348fb351c1fa,kiyahk-20-01,The Departure of the Upright Haggai the Prophet,Annual / fixed or ordinary cycle,liturgy_pauline,,liturgy_pauline,current_public_or_local_reference,local repo snapshot of pierresaid Katameros API SQLite database
New Testament,Hebrews,11,Heb 11:17-27,rid_8ba8ad59348fb351c1fa,kiyahk-05-01,"The Departure of Nahum, the Prophet",Annual / fixed or ordinary cycle,liturgy_pauline,,liturgy_pauline,current_public_or_local_reference,local repo snapshot of pierresaid Katameros API SQLite database
New Testament,Hebrews,11,Heb 11:17-27,rid_8ba8ad59348fb351c1fa,mesra-22-01,"The Departure of Micah, the Prophet",Annual / fixed or ordinary cycle,Liturgy,,Pauline Epistle,current_public_or_local_reference,local cache covering 2020 to 2035
New Testament,Hebrews,11,Heb 11:17-27,rid_8ba8ad59348fb351c1fa,mesra-22-01,"The Departure of Micah, the Prophet",Annual / fixed or ordinary cycle,liturgy_pauline,,liturgy_pauline,current_public_or_local_reference,local repo snapshot of pierresaid Katameros API SQLite database
New Testament,Hebrews,11,Heb 11:17-31,rid_e08130415c1fdf776b09,abib-14-01,The Martyrdom of St. Procopius (Proconius) of Jerusalem,Annual / fixed or ordinary cycle,liturgy_pauline,,liturgy_pauline,current_public_or_local_reference,local repo snapshot of pierresaid Katameros API SQLite database
New Testament,Hebrews,11,Heb 11:17-31,rid_e08130415c1fdf776b09,abib-08-01,The Departure of St. Anba Bishoy,Annual / fixed or ordinary cycle,liturgy_pauline,,liturgy_pauline,current_public_or_local_reference,local repo snapshot of pierresaid Katameros API SQLite database
New Testament,Hebrews,11,Heb 11:17-31,rid_e08130415c1fdf776b09,amshir-05-01,"The Departure of St. Agrippinus, 10th Pope of Alexandria",Annual / fixed or ordinary cycle,Liturgy,,Pauline Epistle,current_public_or_local_reference,local cache covering 2020 to 2035
New Testament,Hebrews,11,Heb 11:17-31,rid_e08130415c1fdf776b09,amshir-05-01,"The Departure of St. Agrippinus, 10th Pope of Alexandria",Annual / fixed or ordinary cycle,liturgy_pauline,,liturgy_pauline,current_public_or_local_reference,local repo snapshot of pierresaid Katameros API SQLite database
New Testament,Hebrews,11,Heb 11:17-31,rid_e08130415c1fdf776b09,babah-27-01,The Martyrdom of the Righteous Father Saint Macarius Bishop of Edkow (Tkoou),Annual / fixed or ordinary cycle,Liturgy,,Pauline Epistle,current_public_or_local_reference,local cache covering 2020 to 2035
New Testament,Hebrews,11,Heb 11:17-31,rid_e08130415c1fdf776b09,babah-27-01,The Martyrdom of the Righteous Father Saint Macarius Bishop of Edkow (Tkoou),Annual / fixed or ordinary cycle,liturgy_pauline,,liturgy_pauline,current_public_or_local_reference,local repo snapshot of pierresaid Katameros API SQLite database
New Testament,Hebrews,11,Heb 11:17-31,rid_e08130415c1fdf776b09,baramhat-27-01,The Commemoration of the Crucifixion of Our Lord Jesus Christ,Annual / fixed or ordinary cycle,liturgy_pauline,,liturgy_pauline,current_public_or_local_reference,local repo snapshot of pierresaid Katameros API SQLite database
New Testament,Hebrews,11,Heb 11:17-31,rid_e08130415c1fdf776b09,bashans-18-01,"The Departure of St. George (Ga'orgi), the Friend of St. Abraam",Annual / fixed or ordinary cycle,liturgy_pauline,,liturgy_pauline,current_public_or_local_reference,local repo snapshot of pierresaid Katameros API SQLite database
New Testament,Hebrews,11,Heb 11:17-31,rid_e08130415c1fdf776b09,great-lent,Great Lent,Great Lent,Liturgy,,Pauline Epistle,current_public_or_local_reference,local cache covering 2020 to 2035
New Testament,Hebrews,11,Heb 11:17-31,rid_e08130415c1fdf776b09,mesra-19-01,The Translocation of the Body of St. Macarius to His Monastery in Scetis,Annual / fixed or ordinary cycle,liturgy_pauline,,liturgy_pauline,current_public_or_local_reference,local repo snapshot of pierresaid Katameros API SQLite database
New Testament,Hebrews,11,Heb 11:17-31,rid_e08130415c1fdf776b09,toba-9,Toba 9,Annual / fixed or ordinary cycle,Liturgy,,Pauline Epistle,current_public_or_local_reference,local cache covering 2020 to 2035
New Testament,Hebrews,11,Heb 11:17-31,rid_e08130415c1fdf776b09,tubah-09-01,"The Departure of Abba Abraam, Companion of Abba Gawarga",Annual / fixed or ordinary cycle,liturgy_pauline,,liturgy_pauline,current_public_or_local_reference,local repo snapshot of pierresaid Katameros API SQLite database
New Testament,Hebrews,11,Heb 11:32-12:2,rid_8a59ecba16905c11803b,amshir-15,Amshir 15,Annual / fixed or ordinary cycle,Liturgy,,Pauline Epistle,current_public_or_local_reference,local cache covering 2020 to 2035
New Testament,Hebrews,11,Heb 11:32-12:2,rid_8a59ecba16905c11803b,fast-of-nineveh,Fast of Nineveh,Annual / fixed or ordinary cycle,Liturgy,,Pauline Epistle,current_public_or_local_reference,local cache covering 2020 to 2035
New Testament,Hebrews,11,Heb 11:32-12:2,rid_8a59ecba16905c11803b,hator-16-of-christmas-fast,Hator 16 of Christmas Fast,Annual / fixed or ordinary cycle,Liturgy,,Pauline Epistle,current_public_or_local_reference,local cache covering 2020 to 2035
New Testament,Hebrews,11,Heb 11:32-12:2,rid_8a59ecba16905c11803b,kiak-11,Kiak 11,Annual / fixed or ordinary cycle,Liturgy,,Pauline Epistle,current_public_or_local_reference,local cache covering 2020 to 2035
New Testament,Hebrews,11,Heb 11:32-12:2,rid_8a59ecba16905c11803b,kiak-2,Kiak 2,Annual / fixed or ordinary cycle,Liturgy,,Pauline Epistle,current_public_or_local_reference,local cache covering 2020 to 2035
New Testament,Hebrews,11,Heb 11:32-12:2,rid_8a59ecba16905c11803b,mesra-8,Mesra 8,Annual / fixed or ordinary cycle,Liturgy,,Pauline Epistle,current_public_or_local_reference,local cache covering 2020 to 2035
New Testament,Hebrews,11,Heb 11:32-12:2,rid_8a59ecba16905c11803b,paona-16,Paona 16,Annual / fixed or ordinary cycle,Liturgy,,Pauline Epistle,current_public_or_local_reference,local cache covering 2020 to 2035
New Testament,Hebrews,11,Heb 11:32-12:2,rid_8a59ecba16905c11803b,paona-30,Paona 30,Annual / fixed or ordinary cycle,Liturgy,,Pauline Epistle,current_public_or_local_reference,local cache covering 2020 to 2035
New Testament,Hebrews,11,Heb 11:32-12:2,rid_8a59ecba16905c11803b,toba-17,Toba 17,Annual / fixed or ordinary cycle,Liturgy,,Pauline Epistle,current_public_or_local_reference,local cache covering 2020 to 2035
New Testament,Hebrews,11,Heb 11:32-12:2,rid_8a59ecba16905c11803b,tout-2,Tout 2,Annual / fixed or ordinary cycle,Liturgy,,Pauline Epistle,current_public_or_local_reference,local cache covering 2020 to 2035
New Testament,Hebrews,11,Heb 11:32-40,rid_f54d6885def502dfee8f,amshir-15-01,"The Departure of St. Zechariah, the Prophet",Annual / fixed or ordinary cycle,liturgy_pauline,,liturgy_pauline,current_public_or_local_reference,local repo snapshot of pierresaid Katameros API SQLite database
New Testament,Hebrews,11,Heb 11:32-40,rid_f54d6885def502dfee8f,bashans-10-01,"The Departure of the Three Hebrew Young Men Hananiah, Azariah and Mishael",Annual / fixed or ordinary cycle,liturgy_pauline,,liturgy_pauline,current_public_or_local_reference,local repo snapshot of pierresaid Katameros API SQLite database
New Testament,Hebrews,11,Heb 11:32-40,rid_f54d6885def502dfee8f,baunah-16-01,The Departure of St. Abba Nofer the Anchorite,Annual / fixed or ordinary cycle,liturgy_pauline,,liturgy_pauline,current_public_or_local_reference,local repo snapshot of pierresaid Katameros API SQLite database
New Testament,Hebrews,11,Heb 11:32-40,rid_f54d6885def502dfee8f,baunah-30-01,"The Nativity of St. John, the Baptist",Annual / fixed or ordinary cycle,liturgy_pauline,,liturgy_pauline,current_public_or_local_reference,local repo snapshot of pierresaid Katameros API SQLite database
New Testament,Hebrews,11,Heb 11:32-40,rid_f54d6885def502dfee8f,hatur-16-01,The Beginning of the Fast of the Nativity (Advent) in the Coptic Church,Annual / fixed or ordinary cycle,liturgy_pauline,,liturgy_pauline,current_public_or_local_reference,local repo snapshot of pierresaid Katameros API SQLite database
New Testament,Hebrews,11,Heb 11:32-40,rid_f54d6885def502dfee8f,kiyahk-11-01,The Departure of the Saint Abba Pijimi,Annual / fixed or ordinary cycle,liturgy_pauline,,liturgy_pauline,current_public_or_local_reference,local repo snapshot of pierresaid Katameros API SQLite database
New Testament,Hebrews,11,Heb 11:32-40,rid_f54d6885def502dfee8f,kiyahk-02-01,"The Departure of the Saint Abba Hor, the Monk",Annual / fixed or ordinary cycle,liturgy_pauline,,liturgy_pauline,current_public_or_local_reference,local repo snapshot of pierresaid Katameros API SQLite database
New Testament,Hebrews,11,Heb 11:32-40,rid_f54d6885def502dfee8f,kiyahk-23-01,"The Departure of David, the Prophet and King",Annual / fixed or ordinary cycle,liturgy_pauline,,liturgy_pauline,current_public_or_local_reference,local repo snapshot of pierresaid Katameros API SQLite database
New Testament,Hebrews,11,Heb 11:32-40,rid_f54d6885def502dfee8f,mesra-08-01,"The Martyrdom of the Sts. Lazarus, Salomi, His Wife, and Their Children",Annual / fixed or ordinary cycle,liturgy_pauline,,liturgy_pauline,current_public_or_local_reference,local repo snapshot of pierresaid Katameros API SQLite database
New Testament,Hebrews,11,Heb 11:32-40,rid_f54d6885def502dfee8f,tubah-17-01,The Departure of St. Maximus and St. Domatius (Domadius),Annual / fixed or ordinary cycle,liturgy_pauline,,liturgy_pauline,current_public_or_local_reference,local repo snapshot of pierresaid Katameros API SQLite database
New Testament,Hebrews,11,Heb 11:32-40,rid_f54d6885def502dfee8f,tut-02-01,The Martyrdom of St. John the Baptist,Annual / fixed or ordinary cycle,liturgy_pauline,,liturgy_pauline,current_public_or_local_reference,local repo snapshot of pierresaid Katameros API SQLite database
New Testament,Hebrews,12,Heb 12:1-2,rid_67b2497331d9ece43cef,amshir-15-01,"The Departure of St. Zechariah, the Prophet",Annual / fixed or ordinary cycle,liturgy_pauline,,liturgy_pauline,current_public_or_local_reference,local repo snapshot of pierresaid Katameros API SQLite database
New Testament,Hebrews,12,Heb 12:1-2,rid_67b2497331d9ece43cef,bashans-10-01,"The Departure of the Three Hebrew Young Men Hananiah, Azariah and Mishael",Annual / fixed or ordinary cycle,liturgy_pauline,,liturgy_pauline,current_public_or_local_reference,local repo snapshot of pierresaid Katameros API SQLite database
New Testament,Hebrews,12,Heb 12:1-2,rid_67b2497331d9ece43cef,baunah-16-01,The Departure of St. Abba Nofer the Anchorite,Annual / fixed or ordinary cycle,liturgy_pauline,,liturgy_pauline,current_public_or_local_reference,local repo snapshot of pierresaid Katameros API SQLite database
New Testament,Hebrews,12,Heb 12:1-2,rid_67b2497331d9ece43cef,baunah-30-01,"The Nativity of St. John, the Baptist",Annual / fixed or ordinary cycle,liturgy_pauline,,liturgy_pauline,current_public_or_local_reference,local repo snapshot of pierresaid Katameros API SQLite database
New Testament,Hebrews,12,Heb 12:1-2,rid_67b2497331d9ece43cef,hatur-16-01,The Beginning of the Fast of the Nativity (Advent) in the Coptic Church,Annual / fixed or ordinary cycle,liturgy_pauline,,liturgy_pauline,current_public_or_local_reference,local repo snapshot of pierresaid Katameros API SQLite database
New Testament,Hebrews,12,Heb 12:1-2,rid_67b2497331d9ece43cef,kiyahk-11-01,The Departure of the Saint Abba Pijimi,Annual / fixed or ordinary cycle,liturgy_pauline,,liturgy_pauline,current_public_or_local_reference,local repo snapshot of pierresaid Katameros API SQLite database
New Testament,Hebrews,12,Heb 12:1-2,rid_67b2497331d9ece43cef,kiyahk-02-01,"The Departure of the Saint Abba Hor, the Monk",Annual / fixed or ordinary cycle,liturgy_pauline,,liturgy_pauline,current_public_or_local_reference,local repo snapshot of pierresaid Katameros API SQLite database
New Testament,Hebrews,12,Heb 12:1-2,rid_67b2497331d9ece43cef,mesra-08-01,"The Martyrdom of the Sts. Lazarus, Salomi, His Wife, and Their Children",Annual / fixed or ordinary cycle,liturgy_pauline,,liturgy_pauline,current_public_or_local_reference,local repo snapshot of pierresaid Katameros API SQLite database
New Testament,Hebrews,12,Heb 12:1-2,rid_67b2497331d9ece43cef,tubah-17-01,The Departure of St. Maximus and St. Domatius (Domadius),Annual / fixed or ordinary cycle,liturgy_pauline,,liturgy_pauline,current_public_or_local_reference,local repo snapshot of pierresaid Katameros API SQLite database
New Testament,Hebrews,12,Heb 12:1-2,rid_67b2497331d9ece43cef,tut-02-01,The Martyrdom of St. John the Baptist,Annual / fixed or ordinary cycle,liturgy_pauline,,liturgy_pauline,current_public_or_local_reference,local repo snapshot of pierresaid Katameros API SQLite database
New Testament,Hebrews,12,Heb 12:13-14,rid_0b678bece5ec7c923e5b,abib-12,Abib 12,Annual / fixed or ordinary cycle,Liturgy,,Pauline Epistle,current_public_or_local_reference,local cache covering 2020 to 2035
New Testament,Hebrews,12,Heb 12:13-14,rid_0b678bece5ec7c923e5b,abib-24,Abib 24,Annual / fixed or ordinary cycle,Liturgy,,Pauline Epistle,current_public_or_local_reference,local cache covering 2020 to 2035
New Testament,Hebrews,12,Heb 12:13-14,rid_0b678bece5ec7c923e5b,abib-4,Abib 4,Annual / fixed or ordinary cycle,Liturgy,,Pauline Epistle,current_public_or_local_reference,local cache covering 2020 to 2035
New Testament,Hebrews,12,Heb 12:13-14,rid_0b678bece5ec7c923e5b,mesra-9,Mesra 9,Annual / fixed or ordinary cycle,Liturgy,,Pauline Epistle,current_public_or_local_reference,local cache covering 2020 to 2035
New Testament,Hebrews,12,Heb 12:13-14,rid_0b678bece5ec7c923e5b,st-mary-s-fast,St Mary's Fast,Annual / fixed or ordinary cycle,Liturgy,,Pauline Epistle,current_public_or_local_reference,local cache covering 2020 to 2035
New Testament,Hebrews,12,Heb 12:21-13:2,rid_0390900d0a6d9e7881fd,hator-8,Hator 8,Annual / fixed or ordinary cycle,Liturgy,,Pauline Epistle,current_public_or_local_reference,local cache covering 2020 to 2035
New Testament,Hebrews,12,Heb 12:21-39,rid_8933ad0bde373d68d9eb,hatur-08-01,The Commemoration of the Four Incorporeal Beasts,Annual / fixed or ordinary cycle,liturgy_pauline,,liturgy_pauline,current_public_or_local_reference,local repo snapshot of pierresaid Katameros API SQLite database
New Testament,Hebrews,12,Heb 12:28-13:16,rid_e93bd605dcaccae97466,friday-of-the-second-week-of-great-lent,Friday of the second week of Great Lent,Great Lent,Liturgy,,Pauline Epistle,current_public_or_local_reference,local cache covering 2020 to 2035
New Testament,Hebrews,12,Heb 12:28-29,rid_5848ce8891009ef845d3,great-lent-jonah-nineveh-cycle,Great Lent/Jonah/Nineveh cycle,Great Lent,liturgy_pauline,,liturgy_pauline,current_public_or_local_reference,local repo snapshot of pierresaid Katameros API SQLite database
New Testament,Hebrews,12,Heb 12:3-14,rid_1d81404309efbefe30e7,abib-12-01,The Commemoration of Archangel Michael,Annual / fixed or ordinary cycle,liturgy_pauline,,liturgy_pauline,current_public_or_local_reference,local repo snapshot of pierresaid Katameros API SQLite database
New Testament,Hebrews,12,Heb 12:3-14,rid_1d81404309efbefe30e7,abib-24-01,The Martyrdom of St. Apanoub,Annual / fixed or ordinary cycle,liturgy_pauline,,liturgy_pauline,current_public_or_local_reference,local repo snapshot of pierresaid Katameros API SQLite database
New Testament,Hebrews,12,Heb 12:3-14,rid_1d81404309efbefe30e7,abib-04-01,The Commemoration of the Relocation of the Relics of Sts. Apakir and John,Annual / fixed or ordinary cycle,liturgy_pauline,,liturgy_pauline,current_public_or_local_reference,local repo snapshot of pierresaid Katameros API SQLite database
New Testament,Hebrews,12,Heb 12:3-14,rid_1d81404309efbefe30e7,amshir-06-01,"The Appearance of the Body of St. Apolidus (Hippolytus), Pope of Rome",Annual / fixed or ordinary cycle,Liturgy,,Pauline Epistle,current_public_or_local_reference,local cache covering 2020 to 2035
New Testament,Hebrews,12,Heb 12:3-14,rid_1d81404309efbefe30e7,amshir-06-01,"The Appearance of the Body of St. Apolidus (Hippolytus), Pope of Rome",Annual / fixed or ordinary cycle,liturgy_pauline,,liturgy_pauline,current_public_or_local_reference,local repo snapshot of pierresaid Katameros API SQLite database
New Testament,Hebrews,12,Heb 12:3-14,rid_1d81404309efbefe30e7,baunah-15-01,"The Turning Over of the Relics of the Great St. Mark the Apostle by the hand of Pope Paul the Sixth, Pope of Rome",Annual / fixed or ordinary cycle,liturgy_pauline,,liturgy_pauline,current_public_or_local_reference,local repo snapshot of pierresaid Katameros API SQLite database
New Testament,Hebrews,12,Heb 12:3-14,rid_1d81404309efbefe30e7,baunah-04-01,The Martyrdom of St. Shenousi (Sanusi),Annual / fixed or ordinary cycle,liturgy_pauline,,liturgy_pauline,current_public_or_local_reference,local repo snapshot of pierresaid Katameros API SQLite database
New Testament,Hebrews,12,Heb 12:3-14,rid_1d81404309efbefe30e7,fast-of-nineveh,Fast of Nineveh,Annual / fixed or ordinary cycle,Liturgy,,Pauline Epistle,current_public_or_local_reference,local cache covering 2020 to 2035
New Testament,Hebrews,12,Heb 12:3-14,rid_1d81404309efbefe30e7,great-lent,Great Lent,Great Lent,Liturgy,,Pauline Epistle,current_public_or_local_reference,local cache covering 2020 to 2035
New Testament,Hebrews,12,Heb 12:3-14,rid_1d81404309efbefe30e7,hator-15,Hator 15,Annual / fixed or ordinary cycle,Liturgy,,Pauline Epistle,current_public_or_local_reference,local cache covering 2020 to 2035
New Testament,Hebrews,12,Heb 12:3-14,rid_1d81404309efbefe30e7,hatur-15-01,"The Martyrdom of Saint Mari-Mina, the Wonder Worker",Annual / fixed or ordinary cycle,liturgy_pauline,,liturgy_pauline,current_public_or_local_reference,local repo snapshot of pierresaid Katameros API SQLite database
New Testament,Hebrews,12,Heb 12:3-14,rid_1d81404309efbefe30e7,mesra-01-01,"The Martyrdom of St. Apoli, Son of Justus",Annual / fixed or ordinary cycle,liturgy_pauline,,liturgy_pauline,current_public_or_local_reference,local repo snapshot of pierresaid Katameros API SQLite database
New Testament,Hebrews,12,Heb 12:3-14,rid_1d81404309efbefe30e7,mesra-05-01,The Departure of St. John the Soldier,Annual / fixed or ordinary cycle,Liturgy,,Pauline Epistle,current_public_or_local_reference,local cache covering 2020 to 2035
New Testament,Hebrews,12,Heb 12:3-14,rid_1d81404309efbefe30e7,mesra-05-01,The Departure of St. John the Soldier,Annual / fixed or ordinary cycle,liturgy_pauline,,liturgy_pauline,current_public_or_local_reference,local repo snapshot of pierresaid Katameros API SQLite database
New Testament,Hebrews,12,Heb 12:3-14,rid_1d81404309efbefe30e7,mesra-09-01,"The Martyrdom of St. Ari, the Priest of Shatanouf",Annual / fixed or ordinary cycle,liturgy_pauline,,liturgy_pauline,current_public_or_local_reference,local repo snapshot of pierresaid Katameros API SQLite database
New Testament,Hebrews,12,Heb 12:3-14,rid_1d81404309efbefe30e7,baunah-15-01,"The Turning Over of the Relics of the Great St. Mark the Apostle by the hand of Pope Paul the Sixth, Pope of Rome",Annual / fixed or ordinary cycle,Liturgy,,Pauline Epistle,current_public_or_local_reference,local cache covering 2020 to 2035
New Testament,Hebrews,12,Heb 12:3-14,rid_1d81404309efbefe30e7,baunah-04-01,The Martyrdom of St. Shenousi (Sanusi),Annual / fixed or ordinary cycle,Liturgy,,Pauline Epistle,current_public_or_local_reference,local cache covering 2020 to 2035
New Testament,Hebrews,12,Heb 12:3-14,rid_1d81404309efbefe30e7,toba-26,Toba 26,Annual / fixed or ordinary cycle,Liturgy,,Pauline Epistle,current_public_or_local_reference,local cache covering 2020 to 2035
New Testament,Hebrews,12,Heb 12:3-14,rid_1d81404309efbefe30e7,toba-28,Toba 28,Annual / fixed or ordinary cycle,Liturgy,,Pauline Epistle,current_public_or_local_reference,local cache covering 2020 to 2035
New Testament,Hebrews,12,Heb 12:3-14,rid_1d81404309efbefe30e7,tubah-26-01,"The Martyrdom of the Forty-Nine Saints, the Elders of Sheheat (Scetis)",Annual / fixed or ordinary cycle,liturgy_pauline,,liturgy_pauline,current_public_or_local_reference,local repo snapshot of pierresaid Katameros API SQLite database
New Testament,Hebrews,12,Heb 12:5-16,rid_41eac7365a84da9e4af4,friday-of-the-fifth-week-of-great-lent,Friday of the fifth week of Great Lent,Great Lent,Liturgy,,Pauline Epistle,current_public_or_local_reference,local cache covering 2020 to 2035
New Testament,Hebrews,12,Heb 12:5-16,rid_41eac7365a84da9e4af4,great-lent-jonah-nineveh-cycle,Great Lent/Jonah/Nineveh cycle,Great Lent,liturgy_pauline,,liturgy_pauline,current_public_or_local_reference,local repo snapshot of pierresaid Katameros API SQLite database
New Testament,Hebrews,13,Heb 13:1-16,rid_74be0aacf15ff74b3470,great-lent-jonah-nineveh-cycle,Great Lent/Jonah/Nineveh cycle,Great Lent,liturgy_pauline,,liturgy_pauline,current_public_or_local_reference,local repo snapshot of pierresaid Katameros API SQLite database
New Testament,Hebrews,13,Heb 13:1-2,rid_fd6b600bc4e5d7f07001,hatur-08-01,The Commemoration of the Four Incorporeal Beasts,Annual / fixed or ordinary cycle,liturgy_pauline,,liturgy_pauline,current_public_or_local_reference,local repo snapshot of pierresaid Katameros API SQLite database
New Testament,Hebrews,13,Heb 13:10-16,rid_8b47461cceeade48e2d7,altar-consecration,altar_consecration,Special service,part_3,,part_3,current_public_or_local_reference,local package snapshot
New Testament,Hebrews,13,Heb 13:10-21,rid_a22d3044da3eb36aaa7f,friday-of-the-first-week-of-the-holy-fifty-days,Friday of the first week of the holy fifty days,Holy Fifty Days,Liturgy,,Pauline Epistle,current_public_or_local_reference,local cache covering 2020 to 2035
New Testament,Hebrews,13,Heb 13:10-21,rid_a22d3044da3eb36aaa7f,holy-fifty-days-pentecost-cycle,Holy Fifty Days/Pentecost cycle,Holy Fifty Days,liturgy_pauline,,liturgy_pauline,current_public_or_local_reference,local repo snapshot of pierresaid Katameros API SQLite database
New Testament,Hebrews,13,Heb 13:7-16,rid_848874c85617eb5d06ba,friday-of-the-fourth-week-of-great-lent,Friday of the fourth week of Great Lent,Great Lent,Liturgy,,Pauline Epistle,current_public_or_local_reference,local cache covering 2020 to 2035
New Testament,Hebrews,13,Heb 13:7-16,rid_848874c85617eb5d06ba,great-lent-jonah-nineveh-cycle,Great Lent/Jonah/Nineveh cycle,Great Lent,liturgy_pauline,,liturgy_pauline,current_public_or_local_reference,local repo snapshot of pierresaid Katameros API SQLite database
New Testament,Hebrews,13,Heb 13:7-25,rid_35b75730fc9dc76fe145,abib-07-01,"The Departure of St. Shenouda (Shenoute), the Archimandrite",Annual / fixed or ordinary cycle,Liturgy,,Pauline Epistle,current_public_or_local_reference,local cache covering 2020 to 2035
New Testament,Hebrews,13,Heb 13:7-25,rid_35b75730fc9dc76fe145,abib-07-01,"The Departure of St. Shenouda (Shenoute), the Archimandrite",Annual / fixed or ordinary cycle,liturgy_pauline,,liturgy_pauline,current_public_or_local_reference,local repo snapshot of pierresaid Katameros API SQLite database
New Testament,Hebrews,13,Heb 13:7-25,rid_35b75730fc9dc76fe145,amshir-02-01,"The Departure of the Great Saint Anba Paul, the First Hermit",Annual / fixed or ordinary cycle,Liturgy,,Pauline Epistle,current_public_or_local_reference,local cache covering 2020 to 2035
New Testament,Hebrews,13,Heb 13:7-25,rid_35b75730fc9dc76fe145,amshir-02-01,"The Departure of the Great Saint Anba Paul, the First Hermit",Annual / fixed or ordinary cycle,liturgy_pauline,,liturgy_pauline,current_public_or_local_reference,local repo snapshot of pierresaid Katameros API SQLite database
New Testament,Hebrews,13,Heb 13:7-25,rid_35b75730fc9dc76fe145,babah-20-01,The Departure of the Great St. John Colobos (the Short),Annual / fixed or ordinary cycle,Liturgy,,Pauline Epistle,current_public_or_local_reference,local cache covering 2020 to 2035
New Testament,Hebrews,13,Heb 13:7-25,rid_35b75730fc9dc76fe145,babah-20-01,The Departure of the Great St. John Colobos (the Short),Annual / fixed or ordinary cycle,liturgy_pauline,,liturgy_pauline,current_public_or_local_reference,local repo snapshot of pierresaid Katameros API SQLite database
New Testament,Hebrews,13,Heb 13:7-25,rid_35b75730fc9dc76fe145,fast-of-nineveh,Fast of Nineveh,Annual / fixed or ordinary cycle,Liturgy,,Pauline Epistle,current_public_or_local_reference,local cache covering 2020 to 2035
New Testament,Hebrews,13,Heb 13:7-25,rid_35b75730fc9dc76fe145,kiak-25,Kiak 25,Annual / fixed or ordinary cycle,Liturgy,,Pauline Epistle,current_public_or_local_reference,local cache covering 2020 to 2035
New Testament,Hebrews,13,Heb 13:7-25,rid_35b75730fc9dc76fe145,kiak-7,Kiak 7,Annual / fixed or ordinary cycle,Liturgy,,Pauline Epistle,current_public_or_local_reference,local cache covering 2020 to 2035
New Testament,Hebrews,13,Heb 13:7-25,rid_35b75730fc9dc76fe145,kiyahk-25-01,The Departure of St. John Kama (Khame),Annual / fixed or ordinary cycle,liturgy_pauline,,liturgy_pauline,current_public_or_local_reference,local repo snapshot of pierresaid Katameros API SQLite database
New Testament,Hebrews,13,Heb 13:7-25,rid_35b75730fc9dc76fe145,kiyahk-07-01,The Departure of St. Matthew the Poor,Annual / fixed or ordinary cycle,liturgy_pauline,,liturgy_pauline,current_public_or_local_reference,local repo snapshot of pierresaid Katameros API SQLite database
New Testament,Hebrews,1,Heb 1:1-14,rid_9ee6e8c4a43f7e4946ce,baunah-12-01,The Commemoration of Archangel Michael,Annual / fixed or ordinary cycle,liturgy_pauline,,liturgy_pauline,current_public_or_local_reference,local repo snapshot of pierresaid Katameros API SQLite database
New Testament,Hebrews,1,Heb 1:1-14,rid_9ee6e8c4a43f7e4946ce,hatur-12-01,The Commemoration of the Honored Archangel Michael,Annual / fixed or ordinary cycle,liturgy_pauline,,liturgy_pauline,current_public_or_local_reference,local repo snapshot of pierresaid Katameros API SQLite database
New Testament,Hebrews,1,Heb 1:1-14,rid_9ee6e8c4a43f7e4946ce,kiyahk-29-01,The Feast of the Nativity of Our Lord Jesus Christ (Christmas),Annual / fixed or ordinary cycle,liturgy_pauline,,liturgy_pauline,current_public_or_local_reference,local repo snapshot of pierresaid Katameros API SQLite database
New Testament,Hebrews,1,Heb 1:1-14,rid_9ee6e8c4a43f7e4946ce,myron-consecration,myron_consecration,Special service,liturgy,,liturgy,current_public_or_local_reference,local package snapshot
New Testament,Hebrews,1,Heb 1:1-2:4,rid_4dbd6d770efec3ab3975,christmas,Christmas,Annual / fixed or ordinary cycle,Liturgy,,Pauline Epistle,current_public_or_local_reference,local cache covering 2020 to 2035
New Testament,Hebrews,1,Heb 1:1-2:4,rid_4dbd6d770efec3ab3975,hator-12,Hator 12,Annual / fixed or ordinary cycle,Liturgy,,Pauline Epistle,current_public_or_local_reference,local cache covering 2020 to 2035
New Testament,Hebrews,1,Heb 1:1-2:4,rid_4dbd6d770efec3ab3975,paona-12,Paona 12,Annual / fixed or ordinary cycle,Liturgy,,Pauline Epistle,current_public_or_local_reference,local cache covering 2020 to 2035
New Testament,Hebrews,1,Heb 1:8-12,rid_ab49aa66d3a7b96205d2,baptism,baptism,Special service,part_1,,part_1,current_public_or_local_reference,local package snapshot
New Testament,Hebrews,2,Heb 2:1-4,rid_36664cc810e9d783f822,baunah-12-01,The Commemoration of Archangel Michael,Annual / fixed or ordinary cycle,liturgy_pauline,,liturgy_pauline,current_public_or_local_reference,local repo snapshot of pierresaid Katameros API SQLite database
New Testament,Hebrews,2,Heb 2:1-4,rid_36664cc810e9d783f822,hatur-12-01,The Commemoration of the Honored Archangel Michael,Annual / fixed or ordinary cycle,liturgy_pauline,,liturgy_pauline,current_public_or_local_reference,local repo snapshot of pierresaid Katameros API SQLite database
New Testament,Hebrews,2,Heb 2:1-4,rid_36664cc810e9d783f822,kiyahk-29-01,The Feast of the Nativity of Our Lord Jesus Christ (Christmas),Annual / fixed or ordinary cycle,liturgy_pauline,,liturgy_pauline,current_public_or_local_reference,local repo snapshot of pierresaid Katameros API SQLite database
New Testament,Hebrews,2,Heb 2:1-4,rid_36664cc810e9d783f822,myron-consecration,myron_consecration,Special service,liturgy,,liturgy,current_public_or_local_reference,local package snapshot
New Testament,Hebrews,2,Heb 2:5-18,rid_2dc57c0891d4360e6ef2,al-nasi-03-01,"The Commemoration of the Angel Raphael, the Archangel",Annual / fixed or ordinary cycle,liturgy_pauline,,liturgy_pauline,current_public_or_local_reference,local repo snapshot of pierresaid Katameros API SQLite database
New Testament,Hebrews,2,Heb 2:5-18,rid_2dc57c0891d4360e6ef2,baramhat-30-01,The Commemoration of the Archangel Gabriel the Announcer,Annual / fixed or ordinary cycle,liturgy_pauline,,liturgy_pauline,current_public_or_local_reference,local repo snapshot of pierresaid Katameros API SQLite database
New Testament,Hebrews,2,Heb 2:5-18,rid_2dc57c0891d4360e6ef2,baunah-13-01,"The Departure of St. John, Bishop of Jerusalem",Annual / fixed or ordinary cycle,liturgy_pauline,,liturgy_pauline,current_public_or_local_reference,local repo snapshot of pierresaid Katameros API SQLite database
New Testament,Hebrews,2,Heb 2:5-18,rid_2dc57c0891d4360e6ef2,kiak-22,Kiak 22,Annual / fixed or ordinary cycle,Liturgy,,Pauline Epistle,current_public_or_local_reference,local cache covering 2020 to 2035
New Testament,Hebrews,2,Heb 2:5-18,rid_2dc57c0891d4360e6ef2,kiyahk-22-01,The Commemoration of the Archangel Gabriel,Annual / fixed or ordinary cycle,liturgy_pauline,,liturgy_pauline,current_public_or_local_reference,local repo snapshot of pierresaid Katameros API SQLite database
New Testament,Hebrews,2,Heb 2:5-18,rid_2dc57c0891d4360e6ef2,al-nasi-03-01,"The Commemoration of the Angel Raphael, the Archangel",Annual / fixed or ordinary cycle,Liturgy,,Pauline Epistle,current_public_or_local_reference,local cache covering 2020 to 2035
New Testament,Hebrews,2,Heb 2:5-18,rid_2dc57c0891d4360e6ef2,baunah-13-01,"The Departure of St. John, Bishop of Jerusalem",Annual / fixed or ordinary cycle,Liturgy,,Pauline Epistle,current_public_or_local_reference,local cache covering 2020 to 2035
New Testament,Hebrews,3,Heb 3:1-19,rid_ac67b1b479a5b0b2e7f5,amshir-03-01,"The Departure of St. James, the Ascetic",Annual / fixed or ordinary cycle,liturgy_pauline,,liturgy_pauline,current_public_or_local_reference,local repo snapshot of pierresaid Katameros API SQLite database
New Testament,Hebrews,3,Heb 3:1-4:2,rid_f10db104523ae2cfb718,the-third-sunday-of-amshir,The third Sunday of Amshir,Annual / fixed or ordinary cycle,Liturgy,,Pauline Epistle,current_public_or_local_reference,local cache covering 2020 to 2035
New Testament,Hebrews,4,Heb 4:1-2,rid_b12a76b0e9abd31bf37c,amshir-03-01,"The Departure of St. James, the Ascetic",Annual / fixed or ordinary cycle,liturgy_pauline,,liturgy_pauline,current_public_or_local_reference,local repo snapshot of pierresaid Katameros API SQLite database
New Testament,Hebrews,4,Heb 4:14-16,rid_061a5da1ef8a9cd07088,amshir-11-01,"The Martyrdom of St. Fabianus (Fabrianus), Pope of Rome",Annual / fixed or ordinary cycle,liturgy_pauline,,liturgy_pauline,current_public_or_local_reference,local repo snapshot of pierresaid Katameros API SQLite database
New Testament,Hebrews,4,Heb 4:14-16,rid_061a5da1ef8a9cd07088,amshir-20-01,"The Departure of St. Peter, 21st Pope of Alexandria",Annual / fixed or ordinary cycle,liturgy_pauline,,liturgy_pauline,current_public_or_local_reference,local repo snapshot of pierresaid Katameros API SQLite database
New Testament,Hebrews,4,Heb 4:14-16,rid_061a5da1ef8a9cd07088,babah-16-01,"The Departure of St. Agathon, 39th Pope of Alexandria",Annual / fixed or ordinary cycle,liturgy_pauline,,liturgy_pauline,current_public_or_local_reference,local repo snapshot of pierresaid Katameros API SQLite database
New Testament,Hebrews,4,Heb 4:14-16,rid_061a5da1ef8a9cd07088,babah-18-01,The Departure of the Honorable Father Saint Theophilus 23rd Pope of Alexandria,Annual / fixed or ordinary cycle,liturgy_pauline,,liturgy_pauline,current_public_or_local_reference,local repo snapshot of pierresaid Katameros API SQLite database
New Testament,Hebrews,4,Heb 4:14-16,rid_061a5da1ef8a9cd07088,baramhat-12-01,The Commemoration of the Honorable Angel Michael,Annual / fixed or ordinary cycle,liturgy_pauline,,liturgy_pauline,current_public_or_local_reference,local repo snapshot of pierresaid Katameros API SQLite database
New Testament,Hebrews,4,Heb 4:14-16,rid_061a5da1ef8a9cd07088,baramhat-16-01,The Departure Of The Saint Anba Khail (Mikhail) the Forty Sixth Pope Of The See Of St. Mark,Annual / fixed or ordinary cycle,liturgy_pauline,,liturgy_pauline,current_public_or_local_reference,local repo snapshot of pierresaid Katameros API SQLite database
New Testament,Hebrews,4,Heb 4:14-16,rid_061a5da1ef8a9cd07088,baramhat-20-01,The Departure Of the St. Anba Khail (Mikhail) the Fifty Six Pope of the See of St. Mark,Annual / fixed or ordinary cycle,liturgy_pauline,,liturgy_pauline,current_public_or_local_reference,local repo snapshot of pierresaid Katameros API SQLite database
New Testament,Hebrews,4,Heb 4:14-16,rid_061a5da1ef8a9cd07088,baramhat-24-01,The Apparition of the Pure Lady the Virgin in the church of Zeiton,Annual / fixed or ordinary cycle,liturgy_pauline,,liturgy_pauline,current_public_or_local_reference,local repo snapshot of pierresaid Katameros API SQLite database
New Testament,Hebrews,4,Heb 4:14-16,rid_061a5da1ef8a9cd07088,baramhat-03-01,"The Departure of St. Cosmas, the Fifty-Eighth Pope of Alexandria",Annual / fixed or ordinary cycle,liturgy_pauline,,liturgy_pauline,current_public_or_local_reference,local repo snapshot of pierresaid Katameros API SQLite database
New Testament,Hebrews,4,Heb 4:14-16,rid_061a5da1ef8a9cd07088,barmuda-14,Barmuda 14,Annual / fixed or ordinary cycle,liturgy_pauline,,liturgy_pauline,current_public_or_local_reference,local repo snapshot of pierresaid Katameros API SQLite database
New Testament,Hebrews,4,Heb 4:14-16,rid_061a5da1ef8a9cd07088,barmuda-22,Barmuda 22,Annual / fixed or ordinary cycle,liturgy_pauline,,liturgy_pauline,current_public_or_local_reference,local repo snapshot of pierresaid Katameros API SQLite database
New Testament,Hebrews,4,Heb 4:14-16,rid_061a5da1ef8a9cd07088,bashans-04-01,"The Departure of Pope John (Youhanna) the First, the Twenty Ninth Patriarch of the See of St. Mark",Annual / fixed or ordinary cycle,liturgy_pauline,,liturgy_pauline,current_public_or_local_reference,local repo snapshot of pierresaid Katameros API SQLite database
New Testament,Hebrews,4,Heb 4:14-16,rid_061a5da1ef8a9cd07088,baunah-18-01,The Inauguration of the New St. Mark Cathedral in the Monastery of Anba Rowais,Annual / fixed or ordinary cycle,liturgy_pauline,,liturgy_pauline,current_public_or_local_reference,local repo snapshot of pierresaid Katameros API SQLite database
New Testament,Hebrews,4,Heb 4:14-16,rid_061a5da1ef8a9cd07088,hatur-02-01,The Departure of St. Peter the Third 27th Pope of Alexandria,Annual / fixed or ordinary cycle,liturgy_pauline,,liturgy_pauline,current_public_or_local_reference,local repo snapshot of pierresaid Katameros API SQLite database
New Testament,Hebrews,4,Heb 4:14-16,rid_061a5da1ef8a9cd07088,hatur-29-01,"The Martyrdom of St. Peter, the Seal of the Martyrs, 17th Pope of Alexandria",Annual / fixed or ordinary cycle,liturgy_pauline,,liturgy_pauline,current_public_or_local_reference,local repo snapshot of pierresaid Katameros API SQLite database
New Testament,Hebrews,4,Heb 4:14-5:14,rid_8f8ff16b753e39f08313,amshir-11,Amshir 11,Annual / fixed or ordinary cycle,Liturgy,,Pauline Epistle,current_public_or_local_reference,local cache covering 2020 to 2035
New Testament,Hebrews,4,Heb 4:14-5:14,rid_8f8ff16b753e39f08313,amshir-20,Amshir 20,Annual / fixed or ordinary cycle,Liturgy,,Pauline Epistle,current_public_or_local_reference,local cache covering 2020 to 2035
New Testament,Hebrews,4,Heb 4:14-5:14,rid_8f8ff16b753e39f08313,baba-16,Baba 16,Annual / fixed or ordinary cycle,Liturgy,,Pauline Epistle,current_public_or_local_reference,local cache covering 2020 to 2035
New Testament,Hebrews,4,Heb 4:14-5:14,rid_8f8ff16b753e39f08313,baba-18,Baba 18,Annual / fixed or ordinary cycle,Liturgy,,Pauline Epistle,current_public_or_local_reference,local cache covering 2020 to 2035
New Testament,Hebrews,4,Heb 4:14-5:14,rid_8f8ff16b753e39f08313,fast-of-nineveh,Fast of Nineveh,Annual / fixed or ordinary cycle,Liturgy,,Pauline Epistle,current_public_or_local_reference,local cache covering 2020 to 2035
New Testament,Hebrews,4,Heb 4:14-5:14,rid_8f8ff16b753e39f08313,hator-2,Hator 2,Annual / fixed or ordinary cycle,Liturgy,,Pauline Epistle,current_public_or_local_reference,local cache covering 2020 to 2035
New Testament,Hebrews,4,Heb 4:14-5:14,rid_8f8ff16b753e39f08313,hator-29,Hator 29,Annual / fixed or ordinary cycle,Liturgy,,Pauline Epistle,current_public_or_local_reference,local cache covering 2020 to 2035
New Testament,Hebrews,4,Heb 4:14-5:14,rid_8f8ff16b753e39f08313,paona-18,Paona 18,Annual / fixed or ordinary cycle,Liturgy,,Pauline Epistle,current_public_or_local_reference,local cache covering 2020 to 2035
New Testament,Hebrews,5,Heb 5:1-14,rid_e7ea1bbca9d7c1374493,amshir-11-01,"The Martyrdom of St. Fabianus (Fabrianus), Pope of Rome",Annual / fixed or ordinary cycle,liturgy_pauline,,liturgy_pauline,current_public_or_local_reference,local repo snapshot of pierresaid Katameros API SQLite database
New Testament,Hebrews,5,Heb 5:1-14,rid_e7ea1bbca9d7c1374493,amshir-20-01,"The Departure of St. Peter, 21st Pope of Alexandria",Annual / fixed or ordinary cycle,liturgy_pauline,,liturgy_pauline,current_public_or_local_reference,local repo snapshot of pierresaid Katameros API SQLite database
New Testament,Hebrews,5,Heb 5:1-14,rid_e7ea1bbca9d7c1374493,babah-16-01,"The Departure of St. Agathon, 39th Pope of Alexandria",Annual / fixed or ordinary cycle,liturgy_pauline,,liturgy_pauline,current_public_or_local_reference,local repo snapshot of pierresaid Katameros API SQLite database
New Testament,Hebrews,5,Heb 5:1-14,rid_e7ea1bbca9d7c1374493,babah-18-01,The Departure of the Honorable Father Saint Theophilus 23rd Pope of Alexandria,Annual / fixed or ordinary cycle,liturgy_pauline,,liturgy_pauline,current_public_or_local_reference,local repo snapshot of pierresaid Katameros API SQLite database
New Testament,Hebrews,5,Heb 5:1-14,rid_e7ea1bbca9d7c1374493,baramhat-12-01,The Commemoration of the Honorable Angel Michael,Annual / fixed or ordinary cycle,liturgy_pauline,,liturgy_pauline,current_public_or_local_reference,local repo snapshot of pierresaid Katameros API SQLite database
New Testament,Hebrews,5,Heb 5:1-14,rid_e7ea1bbca9d7c1374493,baramhat-16-01,The Departure Of The Saint Anba Khail (Mikhail) the Forty Sixth Pope Of The See Of St. Mark,Annual / fixed or ordinary cycle,liturgy_pauline,,liturgy_pauline,current_public_or_local_reference,local repo snapshot of pierresaid Katameros API SQLite database
New Testament,Hebrews,5,Heb 5:1-14,rid_e7ea1bbca9d7c1374493,baramhat-20-01,The Departure Of the St. Anba Khail (Mikhail) the Fifty Six Pope of the See of St. Mark,Annual / fixed or ordinary cycle,liturgy_pauline,,liturgy_pauline,current_public_or_local_reference,local repo snapshot of pierresaid Katameros API SQLite database
New Testament,Hebrews,5,Heb 5:1-14,rid_e7ea1bbca9d7c1374493,baramhat-24-01,The Apparition of the Pure Lady the Virgin in the church of Zeiton,Annual / fixed or ordinary cycle,liturgy_pauline,,liturgy_pauline,current_public_or_local_reference,local repo snapshot of pierresaid Katameros API SQLite database
New Testament,Hebrews,5,Heb 5:1-14,rid_e7ea1bbca9d7c1374493,baramhat-03-01,"The Departure of St. Cosmas, the Fifty-Eighth Pope of Alexandria",Annual / fixed or ordinary cycle,liturgy_pauline,,liturgy_pauline,current_public_or_local_reference,local repo snapshot of pierresaid Katameros API SQLite database
New Testament,Hebrews,5,Heb 5:1-14,rid_e7ea1bbca9d7c1374493,barmuda-14,Barmuda 14,Annual / fixed or ordinary cycle,liturgy_pauline,,liturgy_pauline,current_public_or_local_reference,local repo snapshot of pierresaid Katameros API SQLite database
New Testament,Hebrews,5,Heb 5:1-14,rid_e7ea1bbca9d7c1374493,barmuda-22,Barmuda 22,Annual / fixed or ordinary cycle,liturgy_pauline,,liturgy_pauline,current_public_or_local_reference,local repo snapshot of pierresaid Katameros API SQLite database
New Testament,Hebrews,5,Heb 5:1-14,rid_e7ea1bbca9d7c1374493,bashans-04-01,"The Departure of Pope John (Youhanna) the First, the Twenty Ninth Patriarch of the See of St. Mark",Annual / fixed or ordinary cycle,liturgy_pauline,,liturgy_pauline,current_public_or_local_reference,local repo snapshot of pierresaid Katameros API SQLite database
New Testament,Hebrews,5,Heb 5:1-14,rid_e7ea1bbca9d7c1374493,baunah-18-01,The Inauguration of the New St. Mark Cathedral in the Monastery of Anba Rowais,Annual / fixed or ordinary cycle,liturgy_pauline,,liturgy_pauline,current_public_or_local_reference,local repo snapshot of pierresaid Katameros API SQLite database
New Testament,Hebrews,5,Heb 5:1-14,rid_e7ea1bbca9d7c1374493,hatur-02-01,The Departure of St. Peter the Third 27th Pope of Alexandria,Annual / fixed or ordinary cycle,liturgy_pauline,,liturgy_pauline,current_public_or_local_reference,local repo snapshot of pierresaid Katameros API SQLite database
New Testament,Hebrews,5,Heb 5:1-14,rid_e7ea1bbca9d7c1374493,hatur-29-01,"The Martyrdom of St. Peter, the Seal of the Martyrs, 17th Pope of Alexandria",Annual / fixed or ordinary cycle,liturgy_pauline,,liturgy_pauline,current_public_or_local_reference,local repo snapshot of pierresaid Katameros API SQLite database
New Testament,Hebrews,6,Heb 6:7-15,rid_d40a041274dadd109c80,the-second-sunday-of-hator,The second Sunday of Hator,Annual / fixed or ordinary cycle,Liturgy,,Pauline Epistle,current_public_or_local_reference,local cache covering 2020 to 2035
New Testament,Hebrews,6,Heb 6:7-15,rid_d40a041274dadd109c80,hatur-02-01,The Departure of St. Peter the Third 27th Pope of Alexandria,Annual / fixed or ordinary cycle,liturgy_pauline,,liturgy_pauline,current_public_or_local_reference,local repo snapshot of pierresaid Katameros API SQLite database
New Testament,Hebrews,7,Heb 7:1-17,rid_c24e83e91070a6b44eca,the-fifth-sunday-of-baba,The fifth Sunday of Baba,Annual / fixed or ordinary cycle,Liturgy,,Pauline Epistle,current_public_or_local_reference,local cache covering 2020 to 2035
New Testament,Hebrews,7,Heb 7:1-17,rid_c24e83e91070a6b44eca,the-fifth-sunday-of-kiak,The fifth Sunday of Kiak,Annual / fixed or ordinary cycle,Liturgy,,Pauline Epistle,current_public_or_local_reference,local cache covering 2020 to 2035
New Testament,Hebrews,7,Heb 7:1-17,rid_c24e83e91070a6b44eca,the-fifth-sunday-of-toba,The fifth Sunday of Toba,Annual / fixed or ordinary cycle,Liturgy,,Pauline Epistle,current_public_or_local_reference,local cache covering 2020 to 2035
New Testament,Hebrews,7,Heb 7:1-17,rid_c24e83e91070a6b44eca,the-fifth-sunday-of-tout,The fifth Sunday of Tout,Annual / fixed or ordinary cycle,Liturgy,,Pauline Epistle,current_public_or_local_reference,local cache covering 2020 to 2035
New Testament,Hebrews,7,Heb 7:1-17,rid_c24e83e91070a6b44eca,the-second-sunday-of-amshir,The second Sunday of Amshir,Annual / fixed or ordinary cycle,Liturgy,,Pauline Epistle,current_public_or_local_reference,local cache covering 2020 to 2035
New Testament,Hebrews,7,Heb 7:1-17,rid_c24e83e91070a6b44eca,tut-05-01,The Martyrdom of Saint Sophia,Annual / fixed or ordinary cycle,liturgy_pauline,,liturgy_pauline,current_public_or_local_reference,local repo snapshot of pierresaid Katameros API SQLite database
New Testament,Hebrews,7,Heb 7:18-28,rid_6ccefd1363f399b4c944,abib-10-01,"The Martyrdom of St. Theodore, Bishop of Pentapolis",Annual / fixed or ordinary cycle,liturgy_pauline,,liturgy_pauline,current_public_or_local_reference,local repo snapshot of pierresaid Katameros API SQLite database
New Testament,Hebrews,7,Heb 7:18-28,rid_6ccefd1363f399b4c944,abib-13-01,"The Departure of St. Pisentius, Bishop of Qift",Annual / fixed or ordinary cycle,liturgy_pauline,,liturgy_pauline,current_public_or_local_reference,local repo snapshot of pierresaid Katameros API SQLite database
New Testament,Hebrews,7,Heb 7:18-28,rid_6ccefd1363f399b4c944,al-nasi-05-01,"The Departure of St. James, Bishop of Misre",Annual / fixed or ordinary cycle,liturgy_pauline,,liturgy_pauline,current_public_or_local_reference,local repo snapshot of pierresaid Katameros API SQLite database
New Testament,Hebrews,7,Heb 7:18-28,rid_6ccefd1363f399b4c944,amshir-22-01,The Departure of St. Maruta (Maruthas) the Bishop,Annual / fixed or ordinary cycle,liturgy_pauline,,liturgy_pauline,current_public_or_local_reference,local repo snapshot of pierresaid Katameros API SQLite database
New Testament,Hebrews,7,Heb 7:18-28,rid_6ccefd1363f399b4c944,amshir-24-01,"The Departure of St. Agapetus (Agapius), the Bishop",Annual / fixed or ordinary cycle,liturgy_pauline,,liturgy_pauline,current_public_or_local_reference,local repo snapshot of pierresaid Katameros API SQLite database
New Testament,Hebrews,7,Heb 7:18-28,rid_6ccefd1363f399b4c944,babah-23-01,"The Departure of St. Yousab, 52nd Pope of Alexandria",Annual / fixed or ordinary cycle,liturgy_pauline,,liturgy_pauline,current_public_or_local_reference,local repo snapshot of pierresaid Katameros API SQLite database
New Testament,Hebrews,7,Heb 7:18-28,rid_6ccefd1363f399b4c944,baramhat-17-01,"The Departure of Lazarus, the beloved of the Lord",Annual / fixed or ordinary cycle,liturgy_pauline,,liturgy_pauline,current_public_or_local_reference,local repo snapshot of pierresaid Katameros API SQLite database
New Testament,Hebrews,7,Heb 7:18-28,rid_6ccefd1363f399b4c944,baramhat-02-01,The Martyrdom of St. Macrobius (Makrawy) the Bishop,Annual / fixed or ordinary cycle,liturgy_pauline,,liturgy_pauline,current_public_or_local_reference,local repo snapshot of pierresaid Katameros API SQLite database
New Testament,Hebrews,7,Heb 7:18-28,rid_6ccefd1363f399b4c944,baramhat-05-01,"The Departure of Anba Serapamon, Archpriest of Abba Yehnis (John) monastery",Annual / fixed or ordinary cycle,liturgy_pauline,,liturgy_pauline,current_public_or_local_reference,local repo snapshot of pierresaid Katameros API SQLite database
New Testament,Hebrews,7,Heb 7:18-28,rid_6ccefd1363f399b4c944,barmuda-19,Barmuda 19,Annual / fixed or ordinary cycle,liturgy_pauline,,liturgy_pauline,current_public_or_local_reference,local repo snapshot of pierresaid Katameros API SQLite database
New Testament,Hebrews,7,Heb 7:18-28,rid_6ccefd1363f399b4c944,bashans-11-01,"The Martyrdom of St. Theoclia, the wife of St. Justus",Annual / fixed or ordinary cycle,liturgy_pauline,,liturgy_pauline,current_public_or_local_reference,local repo snapshot of pierresaid Katameros API SQLite database
New Testament,Hebrews,7,Heb 7:18-28,rid_6ccefd1363f399b4c944,bashans-17-01,"The Departure of St. Epiphanius, Bishop of Cyprus",Annual / fixed or ordinary cycle,liturgy_pauline,,liturgy_pauline,current_public_or_local_reference,local repo snapshot of pierresaid Katameros API SQLite database
New Testament,Hebrews,7,Heb 7:18-28,rid_6ccefd1363f399b4c944,bashans-27-01,"The Departure of Pope Youannis the Second, the 30th. Patriarch of the See of St. Mark",Annual / fixed or ordinary cycle,liturgy_pauline,,liturgy_pauline,current_public_or_local_reference,local repo snapshot of pierresaid Katameros API SQLite database
New Testament,Hebrews,7,Heb 7:18-28,rid_6ccefd1363f399b4c944,baunah-14-01,"The Departure of Pope Yoannis the Nineteenth, 113th Patriarch of Alexandria",Annual / fixed or ordinary cycle,liturgy_pauline,,liturgy_pauline,current_public_or_local_reference,local repo snapshot of pierresaid Katameros API SQLite database
New Testament,Hebrews,7,Heb 7:18-28,rid_6ccefd1363f399b4c944,baunah-03-01,The Construction of the first church of St. George in the cities of Birma and Beer Maa (Water Well) in the Oases,Annual / fixed or ordinary cycle,liturgy_pauline,,liturgy_pauline,current_public_or_local_reference,local repo snapshot of pierresaid Katameros API SQLite database
New Testament,Hebrews,7,Heb 7:18-28,rid_6ccefd1363f399b4c944,hatur-14-01,The Departure of St. Martinus (Martin) Bishop of Tours (Thrace),Annual / fixed or ordinary cycle,liturgy_pauline,,liturgy_pauline,current_public_or_local_reference,local repo snapshot of pierresaid Katameros API SQLite database
New Testament,Hebrews,7,Heb 7:18-28,rid_6ccefd1363f399b4c944,hatur-23-01,The Departure of St. Cornelius the Centurion,Annual / fixed or ordinary cycle,liturgy_pauline,,liturgy_pauline,current_public_or_local_reference,local repo snapshot of pierresaid Katameros API SQLite database
New Testament,Hebrews,7,Heb 7:18-28,rid_6ccefd1363f399b4c944,hatur-28-01,"The Martyrdom of St. Sarapamon, Bishop of Niku",Annual / fixed or ordinary cycle,liturgy_pauline,,liturgy_pauline,current_public_or_local_reference,local repo snapshot of pierresaid Katameros API SQLite database
New Testament,Hebrews,7,Heb 7:18-28,rid_6ccefd1363f399b4c944,hatur-04-01,"The Martyrdom of Saints John and James, Bishops of Persia",Annual / fixed or ordinary cycle,liturgy_pauline,,liturgy_pauline,current_public_or_local_reference,local repo snapshot of pierresaid Katameros API SQLite database
New Testament,Hebrews,7,Heb 7:18-28,rid_6ccefd1363f399b4c944,kiyahk-10-01,"The Relocation of the Body of St. Severus, Patriarch of Antioch",Annual / fixed or ordinary cycle,liturgy_pauline,,liturgy_pauline,current_public_or_local_reference,local repo snapshot of pierresaid Katameros API SQLite database
New Testament,Hebrews,7,Heb 7:18-8:13,rid_04760e5acbd812273838,abib-10,Abib 10,Annual / fixed or ordinary cycle,Liturgy,,Pauline Epistle,current_public_or_local_reference,local cache covering 2020 to 2035
New Testament,Hebrews,7,Heb 7:18-8:13,rid_04760e5acbd812273838,abib-13,Abib 13,Annual / fixed or ordinary cycle,Liturgy,,Pauline Epistle,current_public_or_local_reference,local cache covering 2020 to 2035
New Testament,Hebrews,7,Heb 7:18-8:13,rid_04760e5acbd812273838,amshir-22,Amshir 22,Annual / fixed or ordinary cycle,Liturgy,,Pauline Epistle,current_public_or_local_reference,local cache covering 2020 to 2035
New Testament,Hebrews,7,Heb 7:18-8:13,rid_04760e5acbd812273838,amshir-24,Amshir 24,Annual / fixed or ordinary cycle,Liturgy,,Pauline Epistle,current_public_or_local_reference,local cache covering 2020 to 2035
New Testament,Hebrews,7,Heb 7:18-8:13,rid_04760e5acbd812273838,baba-23,Baba 23,Annual / fixed or ordinary cycle,Liturgy,,Pauline Epistle,current_public_or_local_reference,local cache covering 2020 to 2035
New Testament,Hebrews,7,Heb 7:18-8:13,rid_04760e5acbd812273838,bashons-27,Bashons 27,Annual / fixed or ordinary cycle,Liturgy,,Pauline Epistle,current_public_or_local_reference,local cache covering 2020 to 2035
New Testament,Hebrews,7,Heb 7:18-8:13,rid_04760e5acbd812273838,great-lent,Great Lent,Great Lent,Liturgy,,Pauline Epistle,current_public_or_local_reference,local cache covering 2020 to 2035
New Testament,Hebrews,7,Heb 7:18-8:13,rid_04760e5acbd812273838,hator-14,Hator 14,Annual / fixed or ordinary cycle,Liturgy,,Pauline Epistle,current_public_or_local_reference,local cache covering 2020 to 2035
New Testament,Hebrews,7,Heb 7:18-8:13,rid_04760e5acbd812273838,hator-23,Hator 23,Annual / fixed or ordinary cycle,Liturgy,,Pauline Epistle,current_public_or_local_reference,local cache covering 2020 to 2035
New Testament,Hebrews,7,Heb 7:18-8:13,rid_04760e5acbd812273838,hator-28,Hator 28,Annual / fixed or ordinary cycle,Liturgy,,Pauline Epistle,current_public_or_local_reference,local cache covering 2020 to 2035
New Testament,Hebrews,7,Heb 7:18-8:13,rid_04760e5acbd812273838,hator-4,Hator 4,Annual / fixed or ordinary cycle,Liturgy,,Pauline Epistle,current_public_or_local_reference,local cache covering 2020 to 2035
New Testament,Hebrews,7,Heb 7:18-8:13,rid_04760e5acbd812273838,kiak-10,Kiak 10,Annual / fixed or ordinary cycle,Liturgy,,Pauline Epistle,current_public_or_local_reference,local cache covering 2020 to 2035
New Testament,Hebrews,7,Heb 7:18-8:13,rid_04760e5acbd812273838,kiak-19,Kiak 19,Annual / fixed or ordinary cycle,Liturgy,,Pauline Epistle,current_public_or_local_reference,local cache covering 2020 to 2035
New Testament,Hebrews,7,Heb 7:18-8:13,rid_04760e5acbd812273838,kiak-27,Kiak 27,Annual / fixed or ordinary cycle,Liturgy,,Pauline Epistle,current_public_or_local_reference,local cache covering 2020 to 2035
New Testament,Hebrews,7,Heb 7:18-8:13,rid_04760e5acbd812273838,mesra-11,Mesra 11,Annual / fixed or ordinary cycle,Liturgy,,Pauline Epistle,current_public_or_local_reference,local cache covering 2020 to 2035
New Testament,Hebrews,7,Heb 7:18-8:13,rid_04760e5acbd812273838,mesra-24,Mesra 24,Annual / fixed or ordinary cycle,Liturgy,,Pauline Epistle,current_public_or_local_reference,local cache covering 2020 to 2035
New Testament,Hebrews,7,Heb 7:18-8:13,rid_04760e5acbd812273838,nasie-5,Nasie 5,Annual / fixed or ordinary cycle,Liturgy,,Pauline Epistle,current_public_or_local_reference,local cache covering 2020 to 2035
New Testament,Hebrews,7,Heb 7:18-8:13,rid_04760e5acbd812273838,paona-14,Paona 14,Annual / fixed or ordinary cycle,Liturgy,,Pauline Epistle,current_public_or_local_reference,local cache covering 2020 to 2035
New Testament,Hebrews,7,Heb 7:18-8:13,rid_04760e5acbd812273838,paona-3,Paona 3,Annual / fixed or ordinary cycle,Liturgy,,Pauline Epistle,current_public_or_local_reference,local cache covering 2020 to 2035
New Testament,Hebrews,7,Heb 7:18-8:13,rid_04760e5acbd812273838,toba-18,Toba 18,Annual / fixed or ordinary cycle,Liturgy,,Pauline Epistle,current_public_or_local_reference,local cache covering 2020 to 2035
New Testament,Hebrews,7,Heb 7:26-28,rid_19297e7bfc90b2b19f6b,myron-consecration,myron_consecration,Special service,liturgy,,liturgy,current_public_or_local_reference,local package snapshot
New Testament,Hebrews,8,Heb 8,rid_d19c255410d713fe4b62,myron-consecration,myron_consecration,Special service,liturgy,,liturgy,current_public_or_local_reference,local package snapshot
New Testament,Hebrews,8,Heb 8:1-13,rid_377779f8ff1ee868fbe6,abib-10-01,"The Martyrdom of St. Theodore, Bishop of Pentapolis",Annual / fixed or ordinary cycle,liturgy_pauline,,liturgy_pauline,current_public_or_local_reference,local repo snapshot of pierresaid Katameros API SQLite database
New Testament,Hebrews,8,Heb 8:1-13,rid_377779f8ff1ee868fbe6,abib-13-01,"The Departure of St. Pisentius, Bishop of Qift",Annual / fixed or ordinary cycle,liturgy_pauline,,liturgy_pauline,current_public_or_local_reference,local repo snapshot of pierresaid Katameros API SQLite database
New Testament,Hebrews,8,Heb 8:1-13,rid_377779f8ff1ee868fbe6,al-nasi-05-01,"The Departure of St. James, Bishop of Misre",Annual / fixed or ordinary cycle,liturgy_pauline,,liturgy_pauline,current_public_or_local_reference,local repo snapshot of pierresaid Katameros API SQLite database
New Testament,Hebrews,8,Heb 8:1-13,rid_377779f8ff1ee868fbe6,amshir-22-01,The Departure of St. Maruta (Maruthas) the Bishop,Annual / fixed or ordinary cycle,liturgy_pauline,,liturgy_pauline,current_public_or_local_reference,local repo snapshot of pierresaid Katameros API SQLite database
New Testament,Hebrews,8,Heb 8:1-13,rid_377779f8ff1ee868fbe6,amshir-24-01,"The Departure of St. Agapetus (Agapius), the Bishop",Annual / fixed or ordinary cycle,liturgy_pauline,,liturgy_pauline,current_public_or_local_reference,local repo snapshot of pierresaid Katameros API SQLite database
New Testament,Hebrews,8,Heb 8:1-13,rid_377779f8ff1ee868fbe6,babah-23-01,"The Departure of St. Yousab, 52nd Pope of Alexandria",Annual / fixed or ordinary cycle,liturgy_pauline,,liturgy_pauline,current_public_or_local_reference,local repo snapshot of pierresaid Katameros API SQLite database
New Testament,Hebrews,8,Heb 8:1-13,rid_377779f8ff1ee868fbe6,baramhat-17-01,"The Departure of Lazarus, the beloved of the Lord",Annual / fixed or ordinary cycle,liturgy_pauline,,liturgy_pauline,current_public_or_local_reference,local repo snapshot of pierresaid Katameros API SQLite database
New Testament,Hebrews,8,Heb 8:1-13,rid_377779f8ff1ee868fbe6,baramhat-02-01,The Martyrdom of St. Macrobius (Makrawy) the Bishop,Annual / fixed or ordinary cycle,liturgy_pauline,,liturgy_pauline,current_public_or_local_reference,local repo snapshot of pierresaid Katameros API SQLite database
New Testament,Hebrews,8,Heb 8:1-13,rid_377779f8ff1ee868fbe6,baramhat-05-01,"The Departure of Anba Serapamon, Archpriest of Abba Yehnis (John) monastery",Annual / fixed or ordinary cycle,liturgy_pauline,,liturgy_pauline,current_public_or_local_reference,local repo snapshot of pierresaid Katameros API SQLite database
New Testament,Hebrews,8,Heb 8:1-13,rid_377779f8ff1ee868fbe6,barmuda-19,Barmuda 19,Annual / fixed or ordinary cycle,liturgy_pauline,,liturgy_pauline,current_public_or_local_reference,local repo snapshot of pierresaid Katameros API SQLite database
New Testament,Hebrews,8,Heb 8:1-13,rid_377779f8ff1ee868fbe6,bashans-11-01,"The Martyrdom of St. Theoclia, the wife of St. Justus",Annual / fixed or ordinary cycle,liturgy_pauline,,liturgy_pauline,current_public_or_local_reference,local repo snapshot of pierresaid Katameros API SQLite database
New Testament,Hebrews,8,Heb 8:1-13,rid_377779f8ff1ee868fbe6,bashans-17-01,"The Departure of St. Epiphanius, Bishop of Cyprus",Annual / fixed or ordinary cycle,liturgy_pauline,,liturgy_pauline,current_public_or_local_reference,local repo snapshot of pierresaid Katameros API SQLite database
New Testament,Hebrews,8,Heb 8:1-13,rid_377779f8ff1ee868fbe6,bashans-27-01,"The Departure of Pope Youannis the Second, the 30th. Patriarch of the See of St. Mark",Annual / fixed or ordinary cycle,liturgy_pauline,,liturgy_pauline,current_public_or_local_reference,local repo snapshot of pierresaid Katameros API SQLite database
New Testament,Hebrews,8,Heb 8:1-13,rid_377779f8ff1ee868fbe6,baunah-14-01,"The Departure of Pope Yoannis the Nineteenth, 113th Patriarch of Alexandria",Annual / fixed or ordinary cycle,liturgy_pauline,,liturgy_pauline,current_public_or_local_reference,local repo snapshot of pierresaid Katameros API SQLite database
New Testament,Hebrews,8,Heb 8:1-13,rid_377779f8ff1ee868fbe6,baunah-03-01,The Construction of the first church of St. George in the cities of Birma and Beer Maa (Water Well) in the Oases,Annual / fixed or ordinary cycle,liturgy_pauline,,liturgy_pauline,current_public_or_local_reference,local repo snapshot of pierresaid Katameros API SQLite database
New Testament,Hebrews,8,Heb 8:1-13,rid_377779f8ff1ee868fbe6,hatur-14-01,The Departure of St. Martinus (Martin) Bishop of Tours (Thrace),Annual / fixed or ordinary cycle,liturgy_pauline,,liturgy_pauline,current_public_or_local_reference,local repo snapshot of pierresaid Katameros API SQLite database
New Testament,Hebrews,8,Heb 8:1-13,rid_377779f8ff1ee868fbe6,hatur-23-01,The Departure of St. Cornelius the Centurion,Annual / fixed or ordinary cycle,liturgy_pauline,,liturgy_pauline,current_public_or_local_reference,local repo snapshot of pierresaid Katameros API SQLite database
New Testament,Hebrews,8,Heb 8:1-13,rid_377779f8ff1ee868fbe6,hatur-28-01,"The Martyrdom of St. Sarapamon, Bishop of Niku",Annual / fixed or ordinary cycle,liturgy_pauline,,liturgy_pauline,current_public_or_local_reference,local repo snapshot of pierresaid Katameros API SQLite database
New Testament,Hebrews,8,Heb 8:1-13,rid_377779f8ff1ee868fbe6,hatur-04-01,"The Martyrdom of Saints John and James, Bishops of Persia",Annual / fixed or ordinary cycle,liturgy_pauline,,liturgy_pauline,current_public_or_local_reference,local repo snapshot of pierresaid Katameros API SQLite database
New Testament,Hebrews,8,Heb 8:1-13,rid_377779f8ff1ee868fbe6,kiyahk-10-01,"The Relocation of the Body of St. Severus, Patriarch of Antioch",Annual / fixed or ordinary cycle,liturgy_pauline,,liturgy_pauline,current_public_or_local_reference,local repo snapshot of pierresaid Katameros API SQLite database
New Testament,Hebrews,9,Heb 9:1-10,rid_598f27d79e464fd1ae7f,baramhat-28-01,The Departure of the righteous Emperor Constantine the Great,Annual / fixed or ordinary cycle,liturgy_pauline,,liturgy_pauline,current_public_or_local_reference,local repo snapshot of pierresaid Katameros API SQLite database
New Testament,Hebrews,9,Heb 9:1-10,rid_598f27d79e464fd1ae7f,bashans-09-01,"The Departure of St. Helena, The Empress",Annual / fixed or ordinary cycle,liturgy_pauline,,liturgy_pauline,current_public_or_local_reference,local repo snapshot of pierresaid Katameros API SQLite database
New Testament,Hebrews,9,Heb 9:1-10,rid_598f27d79e464fd1ae7f,tut-16-01,The Commemoration of the Consecration of the Sanctuaries of the church of Resurrection in Jerusalem,Annual / fixed or ordinary cycle,Liturgy,,Pauline Epistle,current_public_or_local_reference,local cache covering 2020 to 2035
New Testament,Hebrews,9,Heb 9:1-10,rid_598f27d79e464fd1ae7f,tut-16-01,The Commemoration of the Consecration of the Sanctuaries of the church of Resurrection in Jerusalem,Annual / fixed or ordinary cycle,liturgy_pauline,,liturgy_pauline,current_public_or_local_reference,local repo snapshot of pierresaid Katameros API SQLite database
New Testament,Hebrews,9,Heb 9:1-10,rid_598f27d79e464fd1ae7f,church-consecration,church_consecration,Special service,part_1,,part_1,current_public_or_local_reference,local package snapshot
New Testament,Hebrews,9,Heb 9:1-10,rid_598f27d79e464fd1ae7f,cornerstone-prayer,cornerstone_prayer,Special service,foundation_cornerstone,,foundation_cornerstone,current_public_or_local_reference,local package snapshot
New Testament,Hebrews,9,Heb 9:1-10,rid_598f27d79e464fd1ae7f,myron-consecration,myron_consecration,Special service,liturgy,,liturgy,current_public_or_local_reference,local package snapshot
New Testament,Hebrews,9,Heb 9:1-12,rid_734d1fb697841eee02a4,bashans-01-01,The Nativity of the Blessed Virgin Mary The Mother of God,Annual / fixed or ordinary cycle,liturgy_pauline,,liturgy_pauline,current_public_or_local_reference,local repo snapshot of pierresaid Katameros API SQLite database
New Testament,Hebrews,9,Heb 9:1-12,rid_734d1fb697841eee02a4,baunah-21-01,The Commemoration of the First Church for The Virgin Mary in the city of Philippi,Annual / fixed or ordinary cycle,liturgy_pauline,,liturgy_pauline,current_public_or_local_reference,local repo snapshot of pierresaid Katameros API SQLite database
New Testament,Hebrews,9,Heb 9:1-12,rid_734d1fb697841eee02a4,fast-of-nineveh,Fast of Nineveh,Annual / fixed or ordinary cycle,Liturgy,,Pauline Epistle,current_public_or_local_reference,local cache covering 2020 to 2035
New Testament,Hebrews,9,Heb 9:1-12,rid_734d1fb697841eee02a4,kiak-3,Kiak 3,Annual / fixed or ordinary cycle,Liturgy,,Pauline Epistle,current_public_or_local_reference,local cache covering 2020 to 2035
New Testament,Hebrews,9,Heb 9:1-12,rid_734d1fb697841eee02a4,kiyahk-03-01,The Entrance of Saint Mary into the Temple at Jerusalem,Annual / fixed or ordinary cycle,liturgy_pauline,,liturgy_pauline,current_public_or_local_reference,local repo snapshot of pierresaid Katameros API SQLite database
New Testament,Hebrews,9,Heb 9:1-12,rid_734d1fb697841eee02a4,mesra-16-01,The Assumption of the Body of the Pure Virgin St. Mary,Annual / fixed or ordinary cycle,liturgy_pauline,,liturgy_pauline,current_public_or_local_reference,local repo snapshot of pierresaid Katameros API SQLite database
New Testament,Hebrews,9,Heb 9:1-12,rid_734d1fb697841eee02a4,mesra-16-01,The Assumption of the Body of the Pure Virgin St. Mary,Annual / fixed or ordinary cycle,Liturgy,,Pauline Epistle,current_public_or_local_reference,local cache covering 2020 to 2035
New Testament,Hebrews,9,Heb 9:1-12,rid_734d1fb697841eee02a4,baunah-21-01,The Commemoration of the First Church for The Virgin Mary in the city of Philippi,Annual / fixed or ordinary cycle,Liturgy,,Pauline Epistle,current_public_or_local_reference,local cache covering 2020 to 2035
New Testament,Hebrews,9,Heb 9:1-12,rid_734d1fb697841eee02a4,toba-21,Toba 21,Annual / fixed or ordinary cycle,Liturgy,,Pauline Epistle,current_public_or_local_reference,local cache covering 2020 to 2035
New Testament,Hebrews,9,Heb 9:1-12,rid_734d1fb697841eee02a4,tubah-21-01,"1.The Dormition of Our Lady, the Virgin Mary, the Theotokos",Annual / fixed or ordinary cycle,liturgy_pauline,,liturgy_pauline,current_public_or_local_reference,local repo snapshot of pierresaid Katameros API SQLite database
New Testament,Hebrews,9,Heb 9:11-28,rid_f35aa8dad0b5d7ca3707,great-lent-jonah-nineveh-cycle,Great Lent/Jonah/Nineveh cycle,Great Lent,liturgy_pauline,,liturgy_pauline,current_public_or_local_reference,local repo snapshot of pierresaid Katameros API SQLite database
New Testament,Hebrews,9,Heb 9:11-28,rid_f35aa8dad0b5d7ca3707,palm-sunday,Palm Sunday,Annual / fixed or ordinary cycle,Liturgy,,Pauline Epistle,current_public_or_local_reference,local cache covering 2020 to 2035
New Testament,Hebrews,9,Heb 9:11-28,rid_f35aa8dad0b5d7ca3707,palm-sunday,Palm Sunday,Pascha / Holy Week,Liturgy,Liturgy,Pauline,current_working_source_not_coptic_reader_checked,local repo snapshot of pierresaid Katameros API SQLite database
New Testament,Hebrews,9,Heb 9:11-28,rid_f35aa8dad0b5d7ca3707,myron-consecration,myron_consecration,Special service,liturgy,,liturgy,current_public_or_local_reference,local package snapshot
New Testament,Hebrews,9,Heb 9:11-28,rid_f35aa8dad0b5d7ca3707,palm-sunday,palm_sunday,Special service,liturgy_readings,,liturgy_readings,current_public_or_local_reference,local package snapshot
New Testament,James,1,James 1:1-12,rid_6d8a99da1f1ae35aa028,abib-23-01,The Martyrdom of St. Longinus the Soldier,Annual / fixed or ordinary cycle,liturgy_catholic,,liturgy_catholic,current_public_or_local_reference,local repo snapshot of pierresaid Katameros API SQLite database
New Testament,James,1,James 1:1-12,rid_6d8a99da1f1ae35aa028,babah-29-01,The Martyrdom of St. Demetrius of Thessalonica,Annual / fixed or ordinary cycle,liturgy_catholic,,liturgy_catholic,current_public_or_local_reference,local repo snapshot of pierresaid Katameros API SQLite database
New Testament,James,1,James 1:1-12,rid_6d8a99da1f1ae35aa028,baramhat-06-01,The Martyrdom of St. Dioscorus,Annual / fixed or ordinary cycle,liturgy_catholic,,liturgy_catholic,current_public_or_local_reference,local repo snapshot of pierresaid Katameros API SQLite database
New Testament,James,1,James 1:1-12,rid_6d8a99da1f1ae35aa028,great-lent-jonah-nineveh-cycle,Great Lent/Jonah/Nineveh cycle,Great Lent,liturgy_catholic,,liturgy_catholic,current_public_or_local_reference,local repo snapshot of pierresaid Katameros API SQLite database
New Testament,James,1,James 1:1-12,rid_6d8a99da1f1ae35aa028,hatur-27-01,The Martyrdom of St. James the Mangled (Sawn),Annual / fixed or ordinary cycle,liturgy_catholic,,liturgy_catholic,current_public_or_local_reference,local repo snapshot of pierresaid Katameros API SQLite database
New Testament,James,1,James 1:1-12,rid_6d8a99da1f1ae35aa028,hatur-05-01,"The Appearance of the Head of St. Longinus, the Soldier",Annual / fixed or ordinary cycle,liturgy_catholic,,liturgy_catholic,current_public_or_local_reference,local repo snapshot of pierresaid Katameros API SQLite database
New Testament,James,1,James 1:1-12,rid_6d8a99da1f1ae35aa028,kiyahk-16-01,"The Departure of the Righteous Gideon, One of the Judges of Israel",Annual / fixed or ordinary cycle,liturgy_catholic,,liturgy_catholic,current_public_or_local_reference,local repo snapshot of pierresaid Katameros API SQLite database
New Testament,James,1,James 1:1-12,rid_6d8a99da1f1ae35aa028,mesra-10-01,The Martyrdom of St. Matra,Annual / fixed or ordinary cycle,liturgy_catholic,,liturgy_catholic,current_public_or_local_reference,local repo snapshot of pierresaid Katameros API SQLite database
New Testament,James,1,James 1:1-12,rid_6d8a99da1f1ae35aa028,mesra-17-01,The Martyrdom of St. James the Soldier,Annual / fixed or ordinary cycle,liturgy_catholic,,liturgy_catholic,current_public_or_local_reference,local repo snapshot of pierresaid Katameros API SQLite database
New Testament,James,1,James 1:1-12,rid_6d8a99da1f1ae35aa028,saturday-of-the-first-week-of-great-lent,Saturday of the first week of Great Lent,Great Lent,Liturgy,,Catholic Epistle,current_public_or_local_reference,local cache covering 2020 to 2035
New Testament,James,1,James 1:1-12,rid_6d8a99da1f1ae35aa028,tuesday-of-the-second-week-of-great-lent,Tuesday of the second week of Great Lent,Great Lent,Liturgy,,Catholic Epistle,current_public_or_local_reference,local cache covering 2020 to 2035
New Testament,James,1,James 1:1-18,rid_2c22a9d009de1253cc29,amshir-16-01,"The Departure of St. Elizabeth, Mother of St. John the Baptist",Annual / fixed or ordinary cycle,liturgy_catholic,,liturgy_catholic,current_public_or_local_reference,local repo snapshot of pierresaid Katameros API SQLite database
New Testament,James,1,James 1:1-18,rid_2c22a9d009de1253cc29,hatur-11-01,"The Departure of St. Anna (Hannah), the mother of the Theotokos",Annual / fixed or ordinary cycle,liturgy_catholic,,liturgy_catholic,current_public_or_local_reference,local repo snapshot of pierresaid Katameros API SQLite database
New Testament,James,1,James 1:1-18,rid_2c22a9d009de1253cc29,kiyahk-13-01,The Martyrdom of St. Barsanuphius,Annual / fixed or ordinary cycle,liturgy_catholic,,liturgy_catholic,current_public_or_local_reference,local repo snapshot of pierresaid Katameros API SQLite database
New Testament,James,1,James 1:1-18,rid_2c22a9d009de1253cc29,mesra-07-01,The Annunciation of St. Joachim with the Birth of the Virgin Mary,Annual / fixed or ordinary cycle,liturgy_catholic,,liturgy_catholic,current_public_or_local_reference,local repo snapshot of pierresaid Katameros API SQLite database
New Testament,James,1,James 1:1-18,rid_2c22a9d009de1253cc29,the-first-sunday-of-kiak,The first Sunday of Kiak,Annual / fixed or ordinary cycle,Liturgy,,Catholic Epistle,current_public_or_local_reference,local cache covering 2020 to 2035
New Testament,James,1,James 1:1-18,rid_2c22a9d009de1253cc29,tut-26-01,The Angels' Annunciation of John the Baptist to Zacharias,Annual / fixed or ordinary cycle,liturgy_catholic,,liturgy_catholic,current_public_or_local_reference,local repo snapshot of pierresaid Katameros API SQLite database
New Testament,James,1,James 1:1-18,rid_2c22a9d009de1253cc29,kiyahk-01-01,"The Departure of St. Peter Elrahawy, Bishop of Gaza",Annual / fixed or ordinary cycle,liturgy_catholic,,liturgy_catholic,current_public_or_local_reference,local repo snapshot of pierresaid Katameros API SQLite database
New Testament,James,1,James 1:1-18,rid_2c22a9d009de1253cc29,first-sunday-of-christmas-fast,first Sunday of Christmas Fast,Annual / fixed or ordinary cycle,Liturgy,,Catholic Epistle,current_public_or_local_reference,local cache covering 2020 to 2035
New Testament,James,1,James 1:12-21,rid_663541d046c596982394,abib-14-01,The Martyrdom of St. Procopius (Proconius) of Jerusalem,Annual / fixed or ordinary cycle,liturgy_catholic,,liturgy_catholic,current_public_or_local_reference,local repo snapshot of pierresaid Katameros API SQLite database
New Testament,James,1,James 1:12-21,rid_663541d046c596982394,abib-08-01,The Departure of St. Anba Bishoy,Annual / fixed or ordinary cycle,liturgy_catholic,,liturgy_catholic,current_public_or_local_reference,local repo snapshot of pierresaid Katameros API SQLite database
New Testament,James,1,James 1:12-21,rid_663541d046c596982394,amshir-05-01,"The Departure of St. Agrippinus, 10th Pope of Alexandria",Annual / fixed or ordinary cycle,liturgy_catholic,,liturgy_catholic,current_public_or_local_reference,local repo snapshot of pierresaid Katameros API SQLite database
New Testament,James,1,James 1:12-21,rid_663541d046c596982394,babah-27-01,The Martyrdom of the Righteous Father Saint Macarius Bishop of Edkow (Tkoou),Annual / fixed or ordinary cycle,liturgy_catholic,,liturgy_catholic,current_public_or_local_reference,local repo snapshot of pierresaid Katameros API SQLite database
New Testament,James,1,James 1:12-21,rid_663541d046c596982394,baramhat-27-01,The Commemoration of the Crucifixion of Our Lord Jesus Christ,Annual / fixed or ordinary cycle,liturgy_catholic,,liturgy_catholic,current_public_or_local_reference,local repo snapshot of pierresaid Katameros API SQLite database
New Testament,James,1,James 1:12-21,rid_663541d046c596982394,bashans-18-01,"The Departure of St. George (Ga'orgi), the Friend of St. Abraam",Annual / fixed or ordinary cycle,liturgy_catholic,,liturgy_catholic,current_public_or_local_reference,local repo snapshot of pierresaid Katameros API SQLite database
New Testament,James,1,James 1:12-21,rid_663541d046c596982394,mesra-19-01,The Translocation of the Body of St. Macarius to His Monastery in Scetis,Annual / fixed or ordinary cycle,liturgy_catholic,,liturgy_catholic,current_public_or_local_reference,local repo snapshot of pierresaid Katameros API SQLite database
New Testament,James,1,James 1:12-21,rid_663541d046c596982394,tubah-09-01,"The Departure of Abba Abraam, Companion of Abba Gawarga",Annual / fixed or ordinary cycle,liturgy_catholic,,liturgy_catholic,current_public_or_local_reference,local repo snapshot of pierresaid Katameros API SQLite database
New Testament,James,1,James 1:13-21,rid_5742abafe183467c6f05,great-lent-jonah-nineveh-cycle,Great Lent/Jonah/Nineveh cycle,Great Lent,liturgy_catholic,,liturgy_catholic,current_public_or_local_reference,local repo snapshot of pierresaid Katameros API SQLite database
New Testament,James,1,James 1:13-21,rid_5742abafe183467c6f05,sunday-of-the-first-week-of-great-lent,Sunday of the first week of Great Lent,Great Lent,Liturgy,,Catholic Epistle,current_public_or_local_reference,local cache covering 2020 to 2035
New Testament,James,1,James 1:13-21,rid_5742abafe183467c6f05,the-fourth-sunday-of-amshir,The fourth Sunday of Amshir,Annual / fixed or ordinary cycle,Liturgy,,Catholic Epistle,current_public_or_local_reference,local cache covering 2020 to 2035
New Testament,James,1,James 1:13-21,rid_5742abafe183467c6f05,wednesday-of-the-seventh-week-of-great-lent,Wednesday of the seventh week of Great Lent,Great Lent,Liturgy,,Catholic Epistle,current_public_or_local_reference,local cache covering 2020 to 2035
New Testament,James,1,James 1:13-21,rid_5742abafe183467c6f05,amshir-04-01,"The Martyrdom of St. Agabus, One of the Seventy Disciples",Annual / fixed or ordinary cycle,liturgy_catholic,,liturgy_catholic,current_public_or_local_reference,local repo snapshot of pierresaid Katameros API SQLite database
New Testament,James,1,James 1:22-27,rid_c1c72b89be8e8808ee92,great-lent-jonah-nineveh-cycle,Great Lent/Jonah/Nineveh cycle,Great Lent,liturgy_catholic,,liturgy_catholic,current_public_or_local_reference,local repo snapshot of pierresaid Katameros API SQLite database
New Testament,James,1,James 1:22-27,rid_c1c72b89be8e8808ee92,saturday-of-the-second-week-of-great-lent,Saturday of the second week of Great Lent,Great Lent,Liturgy,,Catholic Epistle,current_public_or_local_reference,local cache covering 2020 to 2035
New Testament,James,1,James 1:22-27,rid_c1c72b89be8e8808ee92,the-first-sunday-of-tout,The first Sunday of Tout,Annual / fixed or ordinary cycle,Liturgy,,Catholic Epistle,current_public_or_local_reference,local cache covering 2020 to 2035
New Testament,James,1,James 1:22-27,rid_c1c72b89be8e8808ee92,tut-01-01,Feast of El-Nayrouz (Beginning of the Blessed Coptic Year),Annual / fixed or ordinary cycle,liturgy_catholic,,liturgy_catholic,current_public_or_local_reference,local repo snapshot of pierresaid Katameros API SQLite database
New Testament,James,1,James 1:22-2:1,rid_16f5f529551f8fa32a96,tuesday-of-the-sixth-week-of-great-lent,Tuesday of the sixth week of Great Lent,Great Lent,Liturgy,,Catholic Epistle,current_public_or_local_reference,local cache covering 2020 to 2035
New Testament,James,2,James 2:1,rid_84db6ef2fca9e7270f03,great-lent-jonah-nineveh-cycle,Great Lent/Jonah/Nineveh cycle,Great Lent,liturgy_catholic,,liturgy_catholic,current_public_or_local_reference,local repo snapshot of pierresaid Katameros API SQLite database
New Testament,James,2,James 2:1-13,rid_7ac496e1325e1ac03469,great-lent-jonah-nineveh-cycle,Great Lent/Jonah/Nineveh cycle,Great Lent,liturgy_catholic,,liturgy_catholic,current_public_or_local_reference,local repo snapshot of pierresaid Katameros API SQLite database
New Testament,James,2,James 2:1-13,rid_7ac496e1325e1ac03469,sunday-of-the-second-week-of-great-lent,Sunday of the second week of Great Lent,Great Lent,Liturgy,,Catholic Epistle,current_public_or_local_reference,local cache covering 2020 to 2035
New Testament,James,2,James 2:14-23,rid_d74621ac359a88f002f3,mesra-28-01,Our father Abraham: Who can describe the virtues of he who became father to many nations?,Annual / fixed or ordinary cycle,liturgy_catholic,,liturgy_catholic,current_public_or_local_reference,local repo snapshot of pierresaid Katameros API SQLite database
New Testament,James,2,James 2:14-26,rid_62bbccbce9daa1b898ba,great-lent-jonah-nineveh-cycle,Great Lent/Jonah/Nineveh cycle,Great Lent,liturgy_catholic,,liturgy_catholic,current_public_or_local_reference,local repo snapshot of pierresaid Katameros API SQLite database
New Testament,James,2,James 2:14-26,rid_62bbccbce9daa1b898ba,saturday-of-the-third-week-of-great-lent,Saturday of the third week of Great Lent,Great Lent,Liturgy,,Catholic Epistle,current_public_or_local_reference,local cache covering 2020 to 2035
New Testament,James,2,James 2:5-13,rid_07502e6b95df42276ac4,great-lent-jonah-nineveh-cycle,Great Lent/Jonah/Nineveh cycle,Great Lent,liturgy_catholic,,liturgy_catholic,current_public_or_local_reference,local repo snapshot of pierresaid Katameros API SQLite database
New Testament,James,2,James 2:5-13,rid_07502e6b95df42276ac4,monday-of-the-seventh-week-of-great-lent,Monday of the seventh week of Great Lent,Great Lent,Liturgy,,Catholic Epistle,current_public_or_local_reference,local cache covering 2020 to 2035
New Testament,James,2,James 2:5-13,rid_07502e6b95df42276ac4,the-second-sunday-of-tout,The second Sunday of Tout,Annual / fixed or ordinary cycle,Liturgy,,Catholic Epistle,current_public_or_local_reference,local cache covering 2020 to 2035
New Testament,James,2,James 2:5-13,rid_07502e6b95df42276ac4,tut-02-01,The Martyrdom of St. John the Baptist,Annual / fixed or ordinary cycle,liturgy_catholic,,liturgy_catholic,current_public_or_local_reference,local repo snapshot of pierresaid Katameros API SQLite database
New Testament,James,3,James 3:1-12,rid_0e2b5b327b2a1fc47f66,great-lent-jonah-nineveh-cycle,Great Lent/Jonah/Nineveh cycle,Great Lent,liturgy_catholic,,liturgy_catholic,current_public_or_local_reference,local repo snapshot of pierresaid Katameros API SQLite database
New Testament,James,3,James 3:1-12,rid_0e2b5b327b2a1fc47f66,sunday-of-the-third-week-of-great-lent,Sunday of the third week of Great Lent,Great Lent,Liturgy,,Catholic Epistle,current_public_or_local_reference,local cache covering 2020 to 2035
New Testament,James,3,James 3:1-12,rid_0e2b5b327b2a1fc47f66,thursday-of-the-second-week-of-great-lent,Thursday of the second week of Great Lent,Great Lent,Liturgy,,Catholic Epistle,current_public_or_local_reference,local cache covering 2020 to 2035
New Testament,James,3,James 3:1-12,rid_0e2b5b327b2a1fc47f66,hatur-01-01,"The Martyrdom of the Saints Maximus, Numitius, Victor (Boctor), and Philip (Philopus)",Annual / fixed or ordinary cycle,liturgy_catholic,,liturgy_catholic,current_public_or_local_reference,local repo snapshot of pierresaid Katameros API SQLite database
New Testament,James,3,James 3:13-18,rid_8a3699fd82bfa2a98685,great-lent-jonah-nineveh-cycle,Great Lent/Jonah/Nineveh cycle,Great Lent,liturgy_catholic,,liturgy_catholic,current_public_or_local_reference,local repo snapshot of pierresaid Katameros API SQLite database
New Testament,James,3,James 3:13-18,rid_8a3699fd82bfa2a98685,babah-02-01,"The Coming of Saint Severus, Patriarch of Antioch, to Egypt",Annual / fixed or ordinary cycle,liturgy_catholic,,liturgy_catholic,current_public_or_local_reference,local repo snapshot of pierresaid Katameros API SQLite database
New Testament,James,3,James 3:13-4,rid_6c402f1ab8b919ad82a0,great-lent-jonah-nineveh-cycle,Great Lent/Jonah/Nineveh cycle,Great Lent,liturgy_catholic,,liturgy_catholic,current_public_or_local_reference,local repo snapshot of pierresaid Katameros API SQLite database
New Testament,James,3,James 3:13-4:4,rid_c1086514dfaad3bd09b6,wednesday-of-the-fourth-week-of-great-lent,Wednesday of the fourth week of Great Lent,Great Lent,Liturgy,,Catholic Epistle,current_public_or_local_reference,local cache covering 2020 to 2035
New Testament,James,3,James 3:13-4:6,rid_f3010fd3d3e177a7b0d0,saturday-of-the-fourth-week-of-great-lent,Saturday of the fourth week of Great Lent,Great Lent,Liturgy,,Catholic Epistle,current_public_or_local_reference,local cache covering 2020 to 2035
New Testament,James,3,James 3:13-4:6,rid_f3010fd3d3e177a7b0d0,the-second-sunday-of-baba,The second Sunday of Baba,Annual / fixed or ordinary cycle,Liturgy,,Catholic Epistle,current_public_or_local_reference,local cache covering 2020 to 2035
New Testament,James,3,James 3:4-12,rid_d5989c1f1ac3d00f61c0,the-third-sunday-of-abib,The third Sunday of Abib,Annual / fixed or ordinary cycle,Liturgy,,Catholic Epistle,current_public_or_local_reference,local cache covering 2020 to 2035
New Testament,James,4,James 4:1-10,rid_62e498229b0219882159,great-lent-jonah-nineveh-cycle,Great Lent/Jonah/Nineveh cycle,Great Lent,liturgy_catholic,,liturgy_catholic,current_public_or_local_reference,local repo snapshot of pierresaid Katameros API SQLite database
New Testament,James,4,James 4:1-10,rid_62e498229b0219882159,thursday-of-the-third-week-of-great-lent,Thursday of the third week of Great Lent,Great Lent,Liturgy,,Catholic Epistle,current_public_or_local_reference,local cache covering 2020 to 2035
New Testament,James,4,James 4:1-6,rid_635c3219553c42e258c9,great-lent-jonah-nineveh-cycle,Great Lent/Jonah/Nineveh cycle,Great Lent,liturgy_catholic,,liturgy_catholic,current_public_or_local_reference,local repo snapshot of pierresaid Katameros API SQLite database
New Testament,James,4,James 4:1-6,rid_635c3219553c42e258c9,babah-02-01,"The Coming of Saint Severus, Patriarch of Antioch, to Egypt",Annual / fixed or ordinary cycle,liturgy_catholic,,liturgy_catholic,current_public_or_local_reference,local repo snapshot of pierresaid Katameros API SQLite database
New Testament,James,4,James 4:11-5,rid_57a1cad6b6b00bb5d348,great-lent-jonah-nineveh-cycle,Great Lent/Jonah/Nineveh cycle,Great Lent,liturgy_catholic,,liturgy_catholic,current_public_or_local_reference,local repo snapshot of pierresaid Katameros API SQLite database
New Testament,James,4,James 4:11-5:3,rid_d8bc909efb7127bc994b,thursday-of-the-fourth-week-of-great-lent,Thursday of the fourth week of Great Lent,Great Lent,Liturgy,,Catholic Epistle,current_public_or_local_reference,local cache covering 2020 to 2035
New Testament,James,4,James 4:17,rid_5c4144dbee04bf722acd,the-fourth-sunday-of-baba,The fourth Sunday of Baba,Annual / fixed or ordinary cycle,Liturgy,,Catholic Epistle,current_public_or_local_reference,local cache covering 2020 to 2035
New Testament,James,4,James 4:17,rid_5c4144dbee04bf722acd,babah-04-01,"The Martyrdom of St. Bacchus, the Friend of St. Sergius",Annual / fixed or ordinary cycle,liturgy_catholic,,liturgy_catholic,current_public_or_local_reference,local repo snapshot of pierresaid Katameros API SQLite database
New Testament,James,4,James 4:7-12,rid_4f6a1ee974a0515b9988,great-lent-jonah-nineveh-cycle,Great Lent/Jonah/Nineveh cycle,Great Lent,liturgy_catholic,,liturgy_catholic,current_public_or_local_reference,local repo snapshot of pierresaid Katameros API SQLite database
New Testament,James,4,James 4:7-12,rid_4f6a1ee974a0515b9988,monday-of-the-sixth-week-of-great-lent,Monday of the sixth week of Great Lent,Great Lent,Liturgy,,Catholic Epistle,current_public_or_local_reference,local cache covering 2020 to 2035
New Testament,James,4,James 4:7-17,rid_c9bcc6f0ddbcd0f05e69,great-lent-jonah-nineveh-cycle,Great Lent/Jonah/Nineveh cycle,Great Lent,liturgy_catholic,,liturgy_catholic,current_public_or_local_reference,local repo snapshot of pierresaid Katameros API SQLite database
New Testament,James,4,James 4:7-17,rid_c9bcc6f0ddbcd0f05e69,sunday-of-the-fourth-week-of-great-lent,Sunday of the fourth week of Great Lent,Great Lent,Liturgy,,Catholic Epistle,current_public_or_local_reference,local cache covering 2020 to 2035
New Testament,James,4,James 4:7-17,rid_c9bcc6f0ddbcd0f05e69,the-third-sunday-of-baba,The third Sunday of Baba,Annual / fixed or ordinary cycle,Liturgy,,Catholic Epistle,current_public_or_local_reference,local cache covering 2020 to 2035
New Testament,James,4,James 4:7-17,rid_c9bcc6f0ddbcd0f05e69,babah-03-01,"The Departure of St. Simon II, 51st Pope of the See of St. Mark",Annual / fixed or ordinary cycle,liturgy_catholic,,liturgy_catholic,current_public_or_local_reference,local repo snapshot of pierresaid Katameros API SQLite database
New Testament,James,4,James 4:7-5:5,rid_1f1781b71a1d9fc9069d,the-fourth-sunday-of-mesra,The fourth Sunday of Mesra,Annual / fixed or ordinary cycle,Liturgy,,Catholic Epistle,current_public_or_local_reference,local cache covering 2020 to 2035
New Testament,James,5,James 5:1-11,rid_9eb9816e1719955d7aa6,the-fourth-sunday-of-baba,The fourth Sunday of Baba,Annual / fixed or ordinary cycle,Liturgy,,Catholic Epistle,current_public_or_local_reference,local cache covering 2020 to 2035
New Testament,James,5,James 5:1-11,rid_9eb9816e1719955d7aa6,babah-04-01,"The Martyrdom of St. Bacchus, the Friend of St. Sergius",Annual / fixed or ordinary cycle,liturgy_catholic,,liturgy_catholic,current_public_or_local_reference,local repo snapshot of pierresaid Katameros API SQLite database
New Testament,James,5,James 5:1-5,rid_3f1b9ff6263a9a84bcdf,mesra-04-01,The Departure of Hezekiah the King,Annual / fixed or ordinary cycle,liturgy_catholic,,liturgy_catholic,current_public_or_local_reference,local repo snapshot of pierresaid Katameros API SQLite database
New Testament,James,5,James 5:1-8,rid_6edfd679a3d0d8efb085,the-fifth-sunday-of-abib,The fifth Sunday of Abib,Annual / fixed or ordinary cycle,Liturgy,,Catholic Epistle,current_public_or_local_reference,local cache covering 2020 to 2035
New Testament,James,5,James 5:1-8,rid_6edfd679a3d0d8efb085,the-fifth-sunday-of-bashons,The fifth Sunday of Bashons,Annual / fixed or ordinary cycle,Liturgy,,Catholic Epistle,current_public_or_local_reference,local cache covering 2020 to 2035
New Testament,James,5,James 5:1-8,rid_6edfd679a3d0d8efb085,the-fifth-sunday-of-mesra,The fifth Sunday of Mesra,Annual / fixed or ordinary cycle,Liturgy,,Catholic Epistle,current_public_or_local_reference,local cache covering 2020 to 2035
New Testament,James,5,James 5:1-8,rid_6edfd679a3d0d8efb085,the-fifth-sunday-of-paona,The fifth Sunday of Paona,Annual / fixed or ordinary cycle,Liturgy,,Catholic Epistle,current_public_or_local_reference,local cache covering 2020 to 2035
New Testament,James,5,James 5:1-8,rid_6edfd679a3d0d8efb085,baramhat-05-01,"The Departure of Anba Serapamon, Archpriest of Abba Yehnis (John) monastery",Annual / fixed or ordinary cycle,liturgy_catholic,,liturgy_catholic,current_public_or_local_reference,local repo snapshot of pierresaid Katameros API SQLite database
New Testament,James,5,James 5:10-20,rid_73eb8e0c8851bf6f8b4d,unction-of-the-sick,unction_of_the_sick,Special service,first_prayer,,first_prayer,current_public_or_local_reference,local package snapshot
New Testament,James,5,James 5:16-20,rid_8010f3dca532250ced0d,al-nasi-06-01,A Thanksgiving To God,Annual / fixed or ordinary cycle,liturgy_catholic,,liturgy_catholic,current_public_or_local_reference,local repo snapshot of pierresaid Katameros API SQLite database
New Testament,James,5,James 5:16-20,rid_8010f3dca532250ced0d,great-lent-jonah-nineveh-cycle,Great Lent/Jonah/Nineveh cycle,Great Lent,liturgy_catholic,,liturgy_catholic,current_public_or_local_reference,local repo snapshot of pierresaid Katameros API SQLite database
New Testament,James,5,James 5:16-20,rid_8010f3dca532250ced0d,monday-of-the-fourth-week-of-great-lent,Monday of the fourth week of Great Lent,Great Lent,Liturgy,,Catholic Epistle,current_public_or_local_reference,local cache covering 2020 to 2035
New Testament,James,5,James 5:7-11,rid_44e906ca9b1306cdc954,great-lent-jonah-nineveh-cycle,Great Lent/Jonah/Nineveh cycle,Great Lent,liturgy_catholic,,liturgy_catholic,current_public_or_local_reference,local repo snapshot of pierresaid Katameros API SQLite database
New Testament,James,5,James 5:7-11,rid_44e906ca9b1306cdc954,saturday-of-the-fifth-week-of-great-lent,Saturday of the fifth week of Great Lent,Great Lent,Liturgy,,Catholic Epistle,current_public_or_local_reference,local cache covering 2020 to 2035
New Testament,James,5,James 5:7-13,rid_f01d9ec0374dc07698d6,kiyahk-23-01,"The Departure of David, the Prophet and King",Annual / fixed or ordinary cycle,liturgy_catholic,,liturgy_catholic,current_public_or_local_reference,local repo snapshot of pierresaid Katameros API SQLite database
New Testament,James,5,James 5:7-16,rid_a4c0a7cdecc3cf8d3140,friday-of-the-seventh-week-of-great-lent,Friday of the seventh week of Great Lent,Great Lent,Liturgy,,Catholic Epistle,current_public_or_local_reference,local cache covering 2020 to 2035
New Testament,James,5,James 5:7-16,rid_a4c0a7cdecc3cf8d3140,great-lent-jonah-nineveh-cycle,Great Lent/Jonah/Nineveh cycle,Great Lent,liturgy_catholic,,liturgy_catholic,current_public_or_local_reference,local repo snapshot of pierresaid Katameros API SQLite database
New Testament,James,5,James 5:9-12,rid_11ad42470318eb76afb1,mesra-25-01,"The Departure of St. Bessarion, the Great",Annual / fixed or ordinary cycle,liturgy_catholic,,liturgy_catholic,current_public_or_local_reference,local repo snapshot of pierresaid Katameros API SQLite database
New Testament,James,5,James 5:9-20,rid_be33a7a551bd67248eee,amshir-15-01,"The Departure of St. Zechariah, the Prophet",Annual / fixed or ordinary cycle,liturgy_catholic,,liturgy_catholic,current_public_or_local_reference,local repo snapshot of pierresaid Katameros API SQLite database
New Testament,James,5,James 5:9-20,rid_be33a7a551bd67248eee,babah-24-01,The Departure of the Righteous Father Abba Hilarion,Annual / fixed or ordinary cycle,liturgy_catholic,,liturgy_catholic,current_public_or_local_reference,local repo snapshot of pierresaid Katameros API SQLite database
New Testament,James,5,James 5:9-20,rid_be33a7a551bd67248eee,barmuda-9,Barmuda 9,Annual / fixed or ordinary cycle,liturgy_catholic,,liturgy_catholic,current_public_or_local_reference,local repo snapshot of pierresaid Katameros API SQLite database
New Testament,James,5,James 5:9-20,rid_be33a7a551bd67248eee,bashans-13-01,The Departure Of St. Arsanius The Tutor Of the Emperor's Children,Annual / fixed or ordinary cycle,liturgy_catholic,,liturgy_catholic,current_public_or_local_reference,local repo snapshot of pierresaid Katameros API SQLite database
New Testament,James,5,James 5:9-20,rid_be33a7a551bd67248eee,bashans-19-01,"The Commemoration of the Departure of Abba Isaac, the Priest of El-Qalali (Cells)",Annual / fixed or ordinary cycle,liturgy_catholic,,liturgy_catholic,current_public_or_local_reference,local repo snapshot of pierresaid Katameros API SQLite database
New Testament,James,5,James 5:9-20,rid_be33a7a551bd67248eee,baunah-16-01,The Departure of St. Abba Nofer the Anchorite,Annual / fixed or ordinary cycle,liturgy_catholic,,liturgy_catholic,current_public_or_local_reference,local repo snapshot of pierresaid Katameros API SQLite database
New Testament,James,5,James 5:9-20,rid_be33a7a551bd67248eee,baunah-17-01,The Return of the Relics of the Great St. Mark to the New St. Mark Cathedral,Annual / fixed or ordinary cycle,liturgy_catholic,,liturgy_catholic,current_public_or_local_reference,local repo snapshot of pierresaid Katameros API SQLite database
New Testament,James,5,James 5:9-20,rid_be33a7a551bd67248eee,baunah-23-01,The Departure of St. Abba Noub the Confessor,Annual / fixed or ordinary cycle,liturgy_catholic,,liturgy_catholic,current_public_or_local_reference,local repo snapshot of pierresaid Katameros API SQLite database
New Testament,James,5,James 5:9-20,rid_be33a7a551bd67248eee,baunah-05-01,The Departure of St. James of the East,Annual / fixed or ordinary cycle,liturgy_catholic,,liturgy_catholic,current_public_or_local_reference,local repo snapshot of pierresaid Katameros API SQLite database
New Testament,James,5,James 5:9-20,rid_be33a7a551bd67248eee,hatur-16-01,The Beginning of the Fast of the Nativity (Advent) in the Coptic Church,Annual / fixed or ordinary cycle,liturgy_catholic,,liturgy_catholic,current_public_or_local_reference,local repo snapshot of pierresaid Katameros API SQLite database
New Testament,James,5,James 5:9-20,rid_be33a7a551bd67248eee,kiyahk-11-01,The Departure of the Saint Abba Pijimi,Annual / fixed or ordinary cycle,liturgy_catholic,,liturgy_catholic,current_public_or_local_reference,local repo snapshot of pierresaid Katameros API SQLite database
New Testament,James,5,James 5:9-20,rid_be33a7a551bd67248eee,kiyahk-02-01,"The Departure of the Saint Abba Hor, the Monk",Annual / fixed or ordinary cycle,liturgy_catholic,,liturgy_catholic,current_public_or_local_reference,local repo snapshot of pierresaid Katameros API SQLite database
New Testament,James,5,James 5:9-20,rid_be33a7a551bd67248eee,kiyahk-09-01,"The Departure of St. Poemin, the Confessor",Annual / fixed or ordinary cycle,liturgy_catholic,,liturgy_catholic,current_public_or_local_reference,local repo snapshot of pierresaid Katameros API SQLite database
New Testament,James,5,James 5:9-20,rid_be33a7a551bd67248eee,the-fourth-sunday-of-paona,The fourth Sunday of Paona,Annual / fixed or ordinary cycle,Liturgy,,Catholic Epistle,current_public_or_local_reference,local cache covering 2020 to 2035
New Testament,James,5,James 5:9-20,rid_be33a7a551bd67248eee,tubah-17-01,The Departure of St. Maximus and St. Domatius (Domadius),Annual / fixed or ordinary cycle,liturgy_catholic,,liturgy_catholic,current_public_or_local_reference,local repo snapshot of pierresaid Katameros API SQLite database
New Testament,James,5,James 5:9-20,rid_be33a7a551bd67248eee,tubah-22-01,The Departure of St. Anthony the Great (Antonius),Annual / fixed or ordinary cycle,liturgy_catholic,,liturgy_catholic,current_public_or_local_reference,local repo snapshot of pierresaid Katameros API SQLite database
New Testament,James,5,James 5:9-20,rid_be33a7a551bd67248eee,tut-02-01,The Martyrdom of St. John the Baptist,Annual / fixed or ordinary cycle,liturgy_catholic,,liturgy_catholic,current_public_or_local_reference,local repo snapshot of pierresaid Katameros API SQLite database
New Testament,James,5,James 5:9-20,rid_be33a7a551bd67248eee,baunah-04-01,The Martyrdom of St. Shenousi (Sanusi),Annual / fixed or ordinary cycle,liturgy_catholic,,liturgy_catholic,current_public_or_local_reference,local repo snapshot of pierresaid Katameros API SQLite database
New Testament,Jude,1,Jude 1:1-13,rid_0a512e323e73cd427d35,baunah-12-01,The Commemoration of Archangel Michael,Annual / fixed or ordinary cycle,liturgy_catholic,,liturgy_catholic,current_public_or_local_reference,local repo snapshot of pierresaid Katameros API SQLite database
New Testament,Jude,1,Jude 1:1-13,rid_0a512e323e73cd427d35,hator-12,Hator 12,Annual / fixed or ordinary cycle,Liturgy,,Catholic Epistle,current_public_or_local_reference,local cache covering 2020 to 2035
New Testament,Jude,1,Jude 1:1-13,rid_0a512e323e73cd427d35,hatur-12-01,The Commemoration of the Honored Archangel Michael,Annual / fixed or ordinary cycle,liturgy_catholic,,liturgy_catholic,current_public_or_local_reference,local repo snapshot of pierresaid Katameros API SQLite database
New Testament,Jude,1,Jude 1:1-13,rid_0a512e323e73cd427d35,baunah-12-01,The Commemoration of Archangel Michael,Annual / fixed or ordinary cycle,Liturgy,,Catholic Epistle,current_public_or_local_reference,local cache covering 2020 to 2035
New Testament,Jude,1,Jude 1:1-8,rid_689f437d2cbc516a8723,great-lent-jonah-nineveh-cycle,Great Lent/Jonah/Nineveh cycle,Great Lent,liturgy_catholic,,liturgy_catholic,current_public_or_local_reference,local repo snapshot of pierresaid Katameros API SQLite database
New Testament,Jude,1,Jude 1:1-8,rid_689f437d2cbc516a8723,monday-of-the-second-week-of-great-lent,Monday of the second week of Great Lent,Great Lent,Liturgy,,Catholic Epistle,current_public_or_local_reference,local cache covering 2020 to 2035
New Testament,Jude,1,Jude 1:14-25,rid_e5e74f42aa2759ee4d4f,the-second-sunday-of-hator,The second Sunday of Hator,Annual / fixed or ordinary cycle,Liturgy,,Catholic Epistle,current_public_or_local_reference,local cache covering 2020 to 2035
New Testament,Jude,1,Jude 1:14-25,rid_e5e74f42aa2759ee4d4f,the-third-sunday-of-amshir,The third Sunday of Amshir,Annual / fixed or ordinary cycle,Liturgy,,Catholic Epistle,current_public_or_local_reference,local cache covering 2020 to 2035
New Testament,Jude,1,Jude 1:14-25,rid_e5e74f42aa2759ee4d4f,hatur-02-01,The Departure of St. Peter the Third 27th Pope of Alexandria,Annual / fixed or ordinary cycle,liturgy_catholic,,liturgy_catholic,current_public_or_local_reference,local repo snapshot of pierresaid Katameros API SQLite database
New Testament,Jude,1,Jude 1:17-25,rid_585355a8efb2bc9244fe,friday-of-the-third-week-of-great-lent,Friday of the third week of Great Lent,Great Lent,Liturgy,,Catholic Epistle,current_public_or_local_reference,local cache covering 2020 to 2035
New Testament,Jude,1,Jude 1:17-25,rid_585355a8efb2bc9244fe,great-lent-jonah-nineveh-cycle,Great Lent/Jonah/Nineveh cycle,Great Lent,liturgy_catholic,,liturgy_catholic,current_public_or_local_reference,local repo snapshot of pierresaid Katameros API SQLite database
New Testament,Jude,1,Jude 1:19-25,rid_87924968b3eb5ee55987,great-lent-jonah-nineveh-cycle,Great Lent/Jonah/Nineveh cycle,Great Lent,liturgy_catholic,,liturgy_catholic,current_public_or_local_reference,local repo snapshot of pierresaid Katameros API SQLite database
New Testament,Jude,1,Jude 1:19-25,rid_87924968b3eb5ee55987,thursday-of-the-sixth-week-of-great-lent,Thursday of the sixth week of Great Lent,Great Lent,Liturgy,,Catholic Epistle,current_public_or_local_reference,local cache covering 2020 to 2035
New Testament,Jude,1,Jude 1:22-25,rid_d6785944f5039e0a62ab,friday-of-the-seventh-week-of-the-holy-fifty-days,Friday of the seventh week of the holy fifty days,Holy Fifty Days,Liturgy,,Catholic Epistle,current_public_or_local_reference,local cache covering 2020 to 2035
New Testament,Jude,1,Jude 1:22-25,rid_d6785944f5039e0a62ab,holy-fifty-days-pentecost-cycle,Holy Fifty Days/Pentecost cycle,Holy Fifty Days,liturgy_catholic,,liturgy_catholic,current_public_or_local_reference,local repo snapshot of pierresaid Katameros API SQLite database
New Testament,Mark,8,Mark 8:34-9,rid_e9ffb4c8193ca5db1abd,holy-fifty-days-pentecost-cycle,Holy Fifty Days/Pentecost cycle,Holy Fifty Days,vespers_gospel,,vespers_gospel,current_public_or_local_reference,local repo snapshot of pierresaid Katameros API SQLite database
New Testament,Matthew,13,Matt 13:53-58,rid_2145721e4fcc35034f86,holy-fifty-days-pentecost-cycle,Holy Fifty Days/Pentecost cycle,Holy Fifty Days,vespers_gospel,,vespers_gospel,current_public_or_local_reference,local repo snapshot of pierresaid Katameros API SQLite database
New Testament,Matthew,13,Matt 13:53-58,rid_2145721e4fcc35034f86,mesra-30-01,"The Departure of St. Malachi, the Prophet",Annual / fixed or ordinary cycle,Vespers,,Gospel,current_public_or_local_reference,local cache covering 2020 to 2035
New Testament,Matthew,13,Matt 13:53-58,rid_2145721e4fcc35034f86,mesra-30-01,"The Departure of St. Malachi, the Prophet",Annual / fixed or ordinary cycle,vespers_gospel,,vespers_gospel,current_public_or_local_reference,local repo snapshot of pierresaid Katameros API SQLite database
New Testament,Matthew,13,Matt 13:53-58,rid_2145721e4fcc35034f86,thursday-of-the-third-week-of-the-holy-fifty-days,Thursday of the third week of the holy fifty days,Holy Fifty Days,Vespers,,Gospel,current_public_or_local_reference,local cache covering 2020 to 2035
New Testament,Matthew,14,Matt 14:1-12,rid_7be2a37ebca10adca7ea,tut-02-01,The Martyrdom of St. John the Baptist,Annual / fixed or ordinary cycle,Vespers,,Gospel,current_public_or_local_reference,local cache covering 2020 to 2035
New Testament,Matthew,14,Matt 14:1-12,rid_7be2a37ebca10adca7ea,tut-02-01,The Martyrdom of St. John the Baptist,Annual / fixed or ordinary cycle,vespers_gospel,,vespers_gospel,current_public_or_local_reference,local repo snapshot of pierresaid Katameros API SQLite database
New Testament,Matthew,14,Matt 14:1-5,rid_7c4414603ce18dc6d490,mesra-30-01,"The Departure of St. Malachi, the Prophet",Annual / fixed or ordinary cycle,Matins,,Gospel,current_public_or_local_reference,local cache covering 2020 to 2035
New Testament,Matthew,14,Matt 14:1-5,rid_7c4414603ce18dc6d490,mesra-30-01,"The Departure of St. Malachi, the Prophet",Annual / fixed or ordinary cycle,matins_gospel,,matins_gospel,current_public_or_local_reference,local repo snapshot of pierresaid Katameros API SQLite database
New Testament,Matthew,14,Matt 14:15-21,rid_7173da54b6523438d22d,the-fifth-sunday-of-abib,The fifth Sunday of Abib,Annual / fixed or ordinary cycle,Vespers,,Gospel,current_public_or_local_reference,local cache covering 2020 to 2035
New Testament,Matthew,14,Matt 14:15-21,rid_7173da54b6523438d22d,the-fifth-sunday-of-bashons,The fifth Sunday of Bashons,Annual / fixed or ordinary cycle,Vespers,,Gospel,current_public_or_local_reference,local cache covering 2020 to 2035
New Testament,Matthew,14,Matt 14:15-21,rid_7173da54b6523438d22d,the-fifth-sunday-of-mesra,The fifth Sunday of Mesra,Annual / fixed or ordinary cycle,Vespers,,Gospel,current_public_or_local_reference,local cache covering 2020 to 2035
New Testament,Matthew,14,Matt 14:15-21,rid_7173da54b6523438d22d,the-fifth-sunday-of-paona,The fifth Sunday of Paona,Annual / fixed or ordinary cycle,Vespers,,Gospel,current_public_or_local_reference,local cache covering 2020 to 2035
New Testament,Matthew,14,Matt 14:15-21,rid_7173da54b6523438d22d,the-first-sunday-of-baba,The first Sunday of Baba,Annual / fixed or ordinary cycle,Vespers,,Gospel,current_public_or_local_reference,local cache covering 2020 to 2035
New Testament,Matthew,14,Matt 14:15-21,rid_7173da54b6523438d22d,the-first-sunday-of-hator,The first Sunday of Hator,Annual / fixed or ordinary cycle,Vespers,,Gospel,current_public_or_local_reference,local cache covering 2020 to 2035
New Testament,Matthew,14,Matt 14:15-21,rid_7173da54b6523438d22d,babah-01-01,The Martyrdom of Saint Anastasia,Annual / fixed or ordinary cycle,vespers_gospel,,vespers_gospel,current_public_or_local_reference,local repo snapshot of pierresaid Katameros API SQLite database
New Testament,Matthew,14,Matt 14:22-26,rid_bc837fbd76ae9ee2ca3c,the-fourth-sunday-of-baba,The fourth Sunday of Baba,Annual / fixed or ordinary cycle,Vespers,,Gospel,current_public_or_local_reference,local cache covering 2020 to 2035
New Testament,Matthew,14,Matt 14:22-36,rid_08a0ce7f310caefbd887,the-second-sunday-of-toba,The second Sunday of Toba,Annual / fixed or ordinary cycle,Vespers,,Gospel,current_public_or_local_reference,local cache covering 2020 to 2035
New Testament,Matthew,14,Matt 14:22-36,rid_08a0ce7f310caefbd887,babah-04-01,"The Martyrdom of St. Bacchus, the Friend of St. Sergius",Annual / fixed or ordinary cycle,vespers_gospel,,vespers_gospel,current_public_or_local_reference,local repo snapshot of pierresaid Katameros API SQLite database
New Testament,Matthew,14,Matt 14:23-33,rid_c83335a4fa156eb0397c,holy-fifty-days-pentecost-cycle,Holy Fifty Days/Pentecost cycle,Holy Fifty Days,vespers_gospel,,vespers_gospel,current_public_or_local_reference,local repo snapshot of pierresaid Katameros API SQLite database
New Testament,Matthew,14,Matt 14:23-33,rid_c83335a4fa156eb0397c,monday-of-the-second-week-of-the-holy-fifty-days,Monday of the second week of the holy fifty days,Holy Fifty Days,Vespers,,Gospel,current_public_or_local_reference,local cache covering 2020 to 2035
New Testament,Matthew,15,Matt 15:1-11,rid_9b8a1d3e41518d6db83a,mesra-29-01,"The Martyrdom of Sts. Athanasius, the Bishop, Gerasimus (Jarasimus), and Theodotus",Annual / fixed or ordinary cycle,Vespers,,Gospel,current_public_or_local_reference,local cache covering 2020 to 2035
New Testament,Matthew,15,Matt 15:1-11,rid_9b8a1d3e41518d6db83a,mesra-29-01,"The Martyrdom of Sts. Athanasius, the Bishop, Gerasimus (Jarasimus), and Theodotus",Annual / fixed or ordinary cycle,vespers_gospel,,vespers_gospel,current_public_or_local_reference,local repo snapshot of pierresaid Katameros API SQLite database
New Testament,Matthew,15,Matt 15:1-20,rid_38392da17aebca66746d,great-lent-jonah-nineveh-cycle,Great Lent/Jonah/Nineveh cycle,Great Lent,vespers_gospel,,vespers_gospel,current_public_or_local_reference,local repo snapshot of pierresaid Katameros API SQLite database
New Testament,Matthew,15,Matt 15:1-20,rid_38392da17aebca66746d,sunday-of-the-third-week-of-great-lent,Sunday of the third week of Great Lent,Great Lent,Vespers,,Gospel,current_public_or_local_reference,local cache covering 2020 to 2035
New Testament,Matthew,15,Matt 15:12-20,rid_944de72ab8333eed826b,mesra-29-01,"The Martyrdom of Sts. Athanasius, the Bishop, Gerasimus (Jarasimus), and Theodotus",Annual / fixed or ordinary cycle,Matins,,Gospel,current_public_or_local_reference,local cache covering 2020 to 2035
New Testament,Matthew,15,Matt 15:12-20,rid_944de72ab8333eed826b,mesra-29-01,"The Martyrdom of Sts. Athanasius, the Bishop, Gerasimus (Jarasimus), and Theodotus",Annual / fixed or ordinary cycle,matins_gospel,,matins_gospel,current_public_or_local_reference,local repo snapshot of pierresaid Katameros API SQLite database
New Testament,Matthew,15,Matt 15:21-28,rid_9a6a12c00d2a4fed5504,the-fourth-sunday-of-tout,The fourth Sunday of Tout,Annual / fixed or ordinary cycle,Matins,,Gospel,current_public_or_local_reference,local cache covering 2020 to 2035
New Testament,Matthew,15,Matt 15:21-28,rid_9a6a12c00d2a4fed5504,tut-04-01,"The Departure of St. Macarius, 69th Pope of Alexandria",Annual / fixed or ordinary cycle,matins_gospel,,matins_gospel,current_public_or_local_reference,local repo snapshot of pierresaid Katameros API SQLite database
New Testament,Matthew,15,Matt 15:21-31,rid_66c05e936dc1cb3bf3b8,friday-of-the-fourth-week-of-great-lent,Friday of the fourth week of Great Lent,Great Lent,Liturgy,,Gospel,current_public_or_local_reference,local cache covering 2020 to 2035
New Testament,Matthew,15,Matt 15:21-31,rid_66c05e936dc1cb3bf3b8,great-lent-jonah-nineveh-cycle,Great Lent/Jonah/Nineveh cycle,Great Lent,liturgy_gospel,,liturgy_gospel,current_public_or_local_reference,local repo snapshot of pierresaid Katameros API SQLite database
New Testament,Matthew,15,Matt 15:21-31,rid_66c05e936dc1cb3bf3b8,the-third-sunday-of-kiak,The third Sunday of Kiak,Annual / fixed or ordinary cycle,Matins,,Gospel,current_public_or_local_reference,local cache covering 2020 to 2035
New Testament,Matthew,15,Matt 15:21-31,rid_66c05e936dc1cb3bf3b8,kiyahk-03-01,The Entrance of Saint Mary into the Temple at Jerusalem,Annual / fixed or ordinary cycle,matins_gospel,,matins_gospel,current_public_or_local_reference,local repo snapshot of pierresaid Katameros API SQLite database
New Testament,Matthew,15,Matt 15:21-31,rid_66c05e936dc1cb3bf3b8,third-sunday-of-christmas-fast,third Sunday of Christmas Fast,Annual / fixed or ordinary cycle,Matins,,Gospel,current_public_or_local_reference,local cache covering 2020 to 2035
New Testament,Matthew,15,Matt 15:29-31,rid_0c9e6d54f0b64375ccc1,holy-fifty-days-pentecost-cycle,Holy Fifty Days/Pentecost cycle,Holy Fifty Days,vespers_gospel,,vespers_gospel,current_public_or_local_reference,local repo snapshot of pierresaid Katameros API SQLite database
New Testament,Matthew,15,Matt 15:29-31,rid_0c9e6d54f0b64375ccc1,saturday-of-the-third-week-of-the-holy-fifty-days,Saturday of the third week of the holy fifty days,Holy Fifty Days,Vespers,,Gospel,current_public_or_local_reference,local cache covering 2020 to 2035
New Testament,Matthew,15,Matt 15:32-16:4,rid_41cccbd956afda4dca87,wednesday-of-ninevah-s-fast,Wednesday of Ninevah's Fast,Annual / fixed or ordinary cycle,Liturgy,,Gospel,current_public_or_local_reference,local cache covering 2020 to 2035
New Testament,Matthew,15,Matt 15:32-38,rid_6cd3553f76f668da8805,great-lent-jonah-nineveh-cycle,Great Lent/Jonah/Nineveh cycle,Great Lent,liturgy_gospel,,liturgy_gospel,current_public_or_local_reference,local repo snapshot of pierresaid Katameros API SQLite database
New Testament,Matthew,15,Matt 15:32-38,rid_6cd3553f76f668da8805,wednesday-of-the-second-week-of-great-lent,Wednesday of the second week of Great Lent,Great Lent,Liturgy,,Gospel,current_public_or_local_reference,local cache covering 2020 to 2035
New Testament,Matthew,15,Matt 15:39,rid_effc7629b9f4de1d428f,great-lent-jonah-nineveh-cycle,Great Lent/Jonah/Nineveh cycle,Great Lent,matins_gospel,,matins_gospel,current_public_or_local_reference,local repo snapshot of pierresaid Katameros API SQLite database
New Testament,Matthew,15,Matt 15:39-16:12,rid_ad761dcaab337895eb8c,friday-of-the-second-week-of-great-lent,Friday of the second week of Great Lent,Great Lent,Matins,,Gospel,current_public_or_local_reference,local cache covering 2020 to 2035
New Testament,Matthew,16,Matt 16:1-12,rid_7344598c4ea5627c3711,great-lent-jonah-nineveh-cycle,Great Lent/Jonah/Nineveh cycle,Great Lent,matins_gospel,,matins_gospel,current_public_or_local_reference,local repo snapshot of pierresaid Katameros API SQLite database
New Testament,Matthew,16,Matt 16:13-19,rid_23356303ca5162d8c13b,abib-14,Abib 14,Annual / fixed or ordinary cycle,Vespers,,Gospel,current_public_or_local_reference,local cache covering 2020 to 2035
New Testament,Matthew,16,Matt 16:13-19,rid_23356303ca5162d8c13b,abib-03-01,"The Departure of St. Kyrillos (Cyril) the First, the Twenty- Fourth Pope of Alexandria",Annual / fixed or ordinary cycle,Vespers,,Gospel,current_public_or_local_reference,local cache covering 2020 to 2035
New Testament,Matthew,16,Matt 16:13-19,rid_23356303ca5162d8c13b,abib-03-01,"The Departure of St. Kyrillos (Cyril) the First, the Twenty- Fourth Pope of Alexandria",Annual / fixed or ordinary cycle,vespers_gospel,,vespers_gospel,current_public_or_local_reference,local repo snapshot of pierresaid Katameros API SQLite database
New Testament,Matthew,16,Matt 16:13-19,rid_23356303ca5162d8c13b,amshir-01-01,"On this day of the year 381 A.D., one hundred and fifty fathers assembled upon the order of Emperor Theodosius the Great, in the city of Constantinople",Annual / fixed or ordinary cycle,Liturgy,,Gospel,current_public_or_local_reference,local cache covering 2020 to 2035
New Testament,Matthew,16,Matt 16:13-19,rid_23356303ca5162d8c13b,amshir-01-01,"On this day of the year 381 A.D., one hundred and fifty fathers assembled upon the order of Emperor Theodosius the Great, in the city of Constantinople",Annual / fixed or ordinary cycle,liturgy_gospel,,liturgy_gospel,current_public_or_local_reference,local repo snapshot of pierresaid Katameros API SQLite database
New Testament,Matthew,16,Matt 16:13-19,rid_23356303ca5162d8c13b,amshir-11-01,"The Martyrdom of St. Fabianus (Fabrianus), Pope of Rome",Annual / fixed or ordinary cycle,Liturgy,,Gospel,current_public_or_local_reference,local cache covering 2020 to 2035
New Testament,Matthew,16,Matt 16:13-19,rid_23356303ca5162d8c13b,amshir-11-01,"The Martyrdom of St. Fabianus (Fabrianus), Pope of Rome",Annual / fixed or ordinary cycle,liturgy_gospel,,liturgy_gospel,current_public_or_local_reference,local repo snapshot of pierresaid Katameros API SQLite database
New Testament,Matthew,16,Matt 16:13-19,rid_23356303ca5162d8c13b,amshir-20-01,"The Departure of St. Peter, 21st Pope of Alexandria",Annual / fixed or ordinary cycle,Liturgy,,Gospel,current_public_or_local_reference,local cache covering 2020 to 2035
New Testament,Matthew,16,Matt 16:13-19,rid_23356303ca5162d8c13b,amshir-20-01,"The Departure of St. Peter, 21st Pope of Alexandria",Annual / fixed or ordinary cycle,liturgy_gospel,,liturgy_gospel,current_public_or_local_reference,local repo snapshot of pierresaid Katameros API SQLite database
New Testament,Matthew,16,Matt 16:13-19,rid_23356303ca5162d8c13b,amshir-07-01,"The Departure of St. Alexandros II, 43rd Pope of Alexandria",Annual / fixed or ordinary cycle,vespers_gospel,,vespers_gospel,current_public_or_local_reference,local repo snapshot of pierresaid Katameros API SQLite database
New Testament,Matthew,16,Matt 16:13-19,rid_23356303ca5162d8c13b,babah-11-01,"The Departure of St. James, Patriarch of Antioch",Annual / fixed or ordinary cycle,Vespers,,Gospel,current_public_or_local_reference,local cache covering 2020 to 2035
New Testament,Matthew,16,Matt 16:13-19,rid_23356303ca5162d8c13b,babah-16-01,"The Departure of St. Agathon, 39th Pope of Alexandria",Annual / fixed or ordinary cycle,Liturgy,,Gospel,current_public_or_local_reference,local cache covering 2020 to 2035
New Testament,Matthew,16,Matt 16:13-19,rid_23356303ca5162d8c13b,babah-17-01,The Departure of St. Dioscorus II 31st Pope of Alexandria,Annual / fixed or ordinary cycle,Vespers,,Gospel,current_public_or_local_reference,local cache covering 2020 to 2035
New Testament,Matthew,16,Matt 16:13-19,rid_23356303ca5162d8c13b,babah-18-01,The Departure of the Honorable Father Saint Theophilus 23rd Pope of Alexandria,Annual / fixed or ordinary cycle,Liturgy,,Gospel,current_public_or_local_reference,local cache covering 2020 to 2035
New Testament,Matthew,16,Matt 16:13-19,rid_23356303ca5162d8c13b,babah-02-01,"The Coming of Saint Severus, Patriarch of Antioch, to Egypt",Annual / fixed or ordinary cycle,Vespers,,Gospel,current_public_or_local_reference,local cache covering 2020 to 2035
New Testament,Matthew,16,Matt 16:13-19,rid_23356303ca5162d8c13b,babah-11-01,"The Departure of St. James, Patriarch of Antioch",Annual / fixed or ordinary cycle,vespers_gospel,,vespers_gospel,current_public_or_local_reference,local repo snapshot of pierresaid Katameros API SQLite database
New Testament,Matthew,16,Matt 16:13-19,rid_23356303ca5162d8c13b,babah-16-01,"The Departure of St. Agathon, 39th Pope of Alexandria",Annual / fixed or ordinary cycle,liturgy_gospel,,liturgy_gospel,current_public_or_local_reference,local repo snapshot of pierresaid Katameros API SQLite database
New Testament,Matthew,16,Matt 16:13-19,rid_23356303ca5162d8c13b,babah-17-01,The Departure of St. Dioscorus II 31st Pope of Alexandria,Annual / fixed or ordinary cycle,vespers_gospel,,vespers_gospel,current_public_or_local_reference,local repo snapshot of pierresaid Katameros API SQLite database
New Testament,Matthew,16,Matt 16:13-19,rid_23356303ca5162d8c13b,babah-18-01,The Departure of the Honorable Father Saint Theophilus 23rd Pope of Alexandria,Annual / fixed or ordinary cycle,liturgy_gospel,,liturgy_gospel,current_public_or_local_reference,local repo snapshot of pierresaid Katameros API SQLite database
New Testament,Matthew,16,Matt 16:13-19,rid_23356303ca5162d8c13b,babah-02-01,"The Coming of Saint Severus, Patriarch of Antioch, to Egypt",Annual / fixed or ordinary cycle,vespers_gospel,,vespers_gospel,current_public_or_local_reference,local repo snapshot of pierresaid Katameros API SQLite database
New Testament,Matthew,16,Matt 16:21-23,rid_6105fa8c8566c7489db8,friday-of-the-second-week-of-the-holy-fifty-days,Friday of the second week of the holy fifty days,Holy Fifty Days,Matins,,Gospel,current_public_or_local_reference,local cache covering 2020 to 2035
New Testament,Matthew,16,Matt 16:21-23,rid_6105fa8c8566c7489db8,holy-fifty-days-pentecost-cycle,Holy Fifty Days/Pentecost cycle,Holy Fifty Days,matins_gospel,,matins_gospel,current_public_or_local_reference,local repo snapshot of pierresaid Katameros API SQLite database
New Testament,Matthew,16,Matt 16:21-26,rid_71fbfe15dadcf0c7a58b,tut-19-01,"The Commemoration of St. Gregory, Patriarch of the Armenians",Annual / fixed or ordinary cycle,Vespers,,Gospel,current_public_or_local_reference,local cache covering 2020 to 2035
New Testament,Matthew,16,Matt 16:21-26,rid_71fbfe15dadcf0c7a58b,tut-19-01,"The Commemoration of St. Gregory, Patriarch of the Armenians",Annual / fixed or ordinary cycle,vespers_gospel,,vespers_gospel,current_public_or_local_reference,local repo snapshot of pierresaid Katameros API SQLite database
New Testament,Matthew,16,Matt 16:24-28,rid_ccab95826fc87dbb6a67,3rd-hour,3RD HOUR,Pascha / Holy Week,3rd Hour,,Gospel,current_public_or_local_reference,local package snapshot
New Testament,Matthew,16,Matt 16:24-28,rid_ccab95826fc87dbb6a67,abib-11-01,"The Martyrdom of Sts. John and Simon, his cousin",Annual / fixed or ordinary cycle,Vespers,,Gospel,current_public_or_local_reference,local cache covering 2020 to 2035
New Testament,Matthew,16,Matt 16:24-28,rid_ccab95826fc87dbb6a67,abib-11-01,"The Martyrdom of Sts. John and Simon, his cousin",Annual / fixed or ordinary cycle,vespers_gospel,,vespers_gospel,current_public_or_local_reference,local repo snapshot of pierresaid Katameros API SQLite database
New Testament,Matthew,16,Matt 16:24-28,rid_ccab95826fc87dbb6a67,abib-21-01,"The Commemoration of the Lady, the Virgin Mary",Annual / fixed or ordinary cycle,Vespers,,Gospel,current_public_or_local_reference,local cache covering 2020 to 2035
New Testament,Matthew,16,Matt 16:24-28,rid_ccab95826fc87dbb6a67,abib-21-01,"The Commemoration of the Lady, the Virgin Mary",Annual / fixed or ordinary cycle,vespers_gospel,,vespers_gospel,current_public_or_local_reference,local repo snapshot of pierresaid Katameros API SQLite database
New Testament,Matthew,16,Matt 16:24-28,rid_ccab95826fc87dbb6a67,abib-22-01,"The Commemoration of the Martyrdom of St. Macarius, the Son of Basilides (Wasilides) the Minister",Annual / fixed or ordinary cycle,Vespers,,Gospel,current_public_or_local_reference,local cache covering 2020 to 2035
New Testament,Matthew,16,Matt 16:24-28,rid_ccab95826fc87dbb6a67,abib-22-01,"The Commemoration of the Martyrdom of St. Macarius, the Son of Basilides (Wasilides) the Minister",Annual / fixed or ordinary cycle,vespers_gospel,,vespers_gospel,current_public_or_local_reference,local repo snapshot of pierresaid Katameros API SQLite database
New Testament,Matthew,16,Matt 16:24-28,rid_ccab95826fc87dbb6a67,al-nasi-03-01,"The Commemoration of the Angel Raphael, the Archangel",Annual / fixed or ordinary cycle,vespers_gospel,,vespers_gospel,current_public_or_local_reference,local repo snapshot of pierresaid Katameros API SQLite database
New Testament,Matthew,16,Matt 16:24-28,rid_ccab95826fc87dbb6a67,amshir-13-01,"The Martyrdom of St. Sergius of Atripe, His Father, Mother, Sister, and Many Others with Them",Annual / fixed or ordinary cycle,Vespers,,Gospel,current_public_or_local_reference,local cache covering 2020 to 2035
New Testament,Matthew,16,Matt 16:24-28,rid_ccab95826fc87dbb6a67,amshir-13-01,"The Martyrdom of St. Sergius of Atripe, His Father, Mother, Sister, and Many Others with Them",Annual / fixed or ordinary cycle,vespers_gospel,,vespers_gospel,current_public_or_local_reference,local repo snapshot of pierresaid Katameros API SQLite database
New Testament,Matthew,16,Matt 16:24-28,rid_ccab95826fc87dbb6a67,amshir-17-01,"The Martyrdom of St. Mina (Menas), the Monk",Annual / fixed or ordinary cycle,Vespers,,Gospel,current_public_or_local_reference,local cache covering 2020 to 2035
New Testament,Matthew,16,Matt 16:24-28,rid_ccab95826fc87dbb6a67,amshir-17-01,"The Martyrdom of St. Mina (Menas), the Monk",Annual / fixed or ordinary cycle,vespers_gospel,,vespers_gospel,current_public_or_local_reference,local repo snapshot of pierresaid Katameros API SQLite database
New Testament,Matthew,16,Matt 16:24-28,rid_ccab95826fc87dbb6a67,amshir-23-01,"The Martyrdom of St. Eusebius, Son of Basilides, the Minister",Annual / fixed or ordinary cycle,Vespers,,Gospel,current_public_or_local_reference,local cache covering 2020 to 2035
New Testament,Matthew,16,Matt 16:24-28,rid_ccab95826fc87dbb6a67,amshir-23-01,"The Martyrdom of St. Eusebius, Son of Basilides, the Minister",Annual / fixed or ordinary cycle,vespers_gospel,,vespers_gospel,current_public_or_local_reference,local repo snapshot of pierresaid Katameros API SQLite database
New Testament,Matthew,16,Matt 16:24-28,rid_ccab95826fc87dbb6a67,babah-10-01,"The Martyrdom of St. Sergius, the Friend of St. Bacchus",Annual / fixed or ordinary cycle,Vespers,,Gospel,current_public_or_local_reference,local cache covering 2020 to 2035
New Testament,Matthew,16,Matt 16:24-28,rid_ccab95826fc87dbb6a67,babah-04-01,"The Martyrdom of St. Bacchus, the Friend of St. Sergius",Annual / fixed or ordinary cycle,Vespers,,Gospel,current_public_or_local_reference,local cache covering 2020 to 2035
New Testament,Matthew,16,Matt 16:24-28,rid_ccab95826fc87dbb6a67,babah-10-01,"The Martyrdom of St. Sergius, the Friend of St. Bacchus",Annual / fixed or ordinary cycle,vespers_gospel,,vespers_gospel,current_public_or_local_reference,local repo snapshot of pierresaid Katameros API SQLite database
New Testament,Matthew,16,Matt 16:24-28,rid_ccab95826fc87dbb6a67,babah-04-01,"The Martyrdom of St. Bacchus, the Friend of St. Sergius",Annual / fixed or ordinary cycle,vespers_gospel,,vespers_gospel,current_public_or_local_reference,local repo snapshot of pierresaid Katameros API SQLite database
New Testament,Matthew,16,Matt 16:24-28,rid_ccab95826fc87dbb6a67,baramhat-13-01,"The Departure of Abba Dionysius, the Fourteenth Pope of Alexandria",Annual / fixed or ordinary cycle,vespers_gospel,,vespers_gospel,current_public_or_local_reference,local repo snapshot of pierresaid Katameros API SQLite database
New Testament,Matthew,16,Matt 16:24-28,rid_ccab95826fc87dbb6a67,baramhat-30-01,The Commemoration of the Archangel Gabriel the Announcer,Annual / fixed or ordinary cycle,vespers_gospel,,vespers_gospel,current_public_or_local_reference,local repo snapshot of pierresaid Katameros API SQLite database
New Testament,Matthew,17,Matt 17:1-13,rid_a1d532171f75bcd60361,the-first-sunday-of-paona,The first Sunday of Paona,Annual / fixed or ordinary cycle,Vespers,,Gospel,current_public_or_local_reference,local cache covering 2020 to 2035
New Testament,Matthew,17,Matt 17:1-13,rid_a1d532171f75bcd60361,baunah-01-01,The Consecration of the church of St. Leontius of Tripoli,Annual / fixed or ordinary cycle,vespers_gospel,,vespers_gospel,current_public_or_local_reference,local repo snapshot of pierresaid Katameros API SQLite database
New Testament,Matthew,17,Matt 17:1-9,rid_90f9856d0b9722750c38,abib-26,Abib 26,Annual / fixed or ordinary cycle,Matins,,Gospel,current_public_or_local_reference,local cache covering 2020 to 2035
New Testament,Matthew,17,Matt 17:1-9,rid_90f9856d0b9722750c38,amshir-26-01,"The Departure of St. Hosea, the Prophet",Annual / fixed or ordinary cycle,Matins,,Gospel,current_public_or_local_reference,local cache covering 2020 to 2035
New Testament,Matthew,17,Matt 17:1-9,rid_90f9856d0b9722750c38,amshir-26-01,"The Departure of St. Hosea, the Prophet",Annual / fixed or ordinary cycle,matins_gospel,,matins_gospel,current_public_or_local_reference,local repo snapshot of pierresaid Katameros API SQLite database
New Testament,Matthew,17,Matt 17:1-9,rid_90f9856d0b9722750c38,babah-21-01,The Commemoration of the Theotokos,Annual / fixed or ordinary cycle,Matins,,Gospel,current_public_or_local_reference,local cache covering 2020 to 2035
New Testament,Matthew,17,Matt 17:1-9,rid_90f9856d0b9722750c38,babah-21-01,The Commemoration of the Theotokos,Annual / fixed or ordinary cycle,matins_gospel,,matins_gospel,current_public_or_local_reference,local repo snapshot of pierresaid Katameros API SQLite database
New Testament,Matthew,17,Matt 17:1-9,rid_90f9856d0b9722750c38,baramhat-21-01,The Commemoration of the Theotokos and Ever-Virgin St. Mary,Annual / fixed or ordinary cycle,matins_gospel,,matins_gospel,current_public_or_local_reference,local repo snapshot of pierresaid Katameros API SQLite database
New Testament,Matthew,17,Matt 17:1-9,rid_90f9856d0b9722750c38,baramhat-23-01,The Departure of the Great Prophet Daniel,Annual / fixed or ordinary cycle,matins_gospel,,matins_gospel,current_public_or_local_reference,local repo snapshot of pierresaid Katameros API SQLite database
New Testament,Matthew,17,Matt 17:1-9,rid_90f9856d0b9722750c38,barmuda-5,Barmuda 5,Annual / fixed or ordinary cycle,matins_gospel,,matins_gospel,current_public_or_local_reference,local repo snapshot of pierresaid Katameros API SQLite database
New Testament,Matthew,17,Matt 17:1-9,rid_90f9856d0b9722750c38,barmuda-7,Barmuda 7,Annual / fixed or ordinary cycle,matins_gospel,,matins_gospel,current_public_or_local_reference,local repo snapshot of pierresaid Katameros API SQLite database
New Testament,Matthew,17,Matt 17:1-9,rid_90f9856d0b9722750c38,bashans-05-01,The Martyrdom of St. Jeremiah the Prophet,Annual / fixed or ordinary cycle,matins_gospel,,matins_gospel,current_public_or_local_reference,local repo snapshot of pierresaid Katameros API SQLite database
New Testament,Matthew,17,Matt 17:1-9,rid_90f9856d0b9722750c38,baunah-20-01,"The Departure of Elisha, the Prophet",Annual / fixed or ordinary cycle,matins_gospel,,matins_gospel,current_public_or_local_reference,local repo snapshot of pierresaid Katameros API SQLite database
New Testament,Matthew,17,Matt 17:1-9,rid_90f9856d0b9722750c38,baunah-26-01,The Departure of the Great Prophet Joshua Son of Nun,Annual / fixed or ordinary cycle,matins_gospel,,matins_gospel,current_public_or_local_reference,local repo snapshot of pierresaid Katameros API SQLite database
New Testament,Matthew,17,Matt 17:1-9,rid_90f9856d0b9722750c38,baunah-09-01,The Departure of Samuel the Prophet,Annual / fixed or ordinary cycle,matins_gospel,,matins_gospel,current_public_or_local_reference,local repo snapshot of pierresaid Katameros API SQLite database
New Testament,Matthew,17,Matt 17:1-9,rid_90f9856d0b9722750c38,great-lent,Great Lent,Great Lent,Matins,,Gospel,current_public_or_local_reference,local cache covering 2020 to 2035
New Testament,Matthew,17,Matt 17:1-9,rid_90f9856d0b9722750c38,kiak-20,Kiak 20,Annual / fixed or ordinary cycle,Matins,,Gospel,current_public_or_local_reference,local cache covering 2020 to 2035
New Testament,Matthew,17,Matt 17:1-9,rid_90f9856d0b9722750c38,kiak-23,Kiak 23,Annual / fixed or ordinary cycle,Matins,,Gospel,current_public_or_local_reference,local cache covering 2020 to 2035
New Testament,Matthew,17,Matt 17:1-9,rid_90f9856d0b9722750c38,kiak-5,Kiak 5,Annual / fixed or ordinary cycle,Matins,,Gospel,current_public_or_local_reference,local cache covering 2020 to 2035
New Testament,Matthew,17,Matt 17:1-9,rid_90f9856d0b9722750c38,kiyahk-20-01,The Departure of the Upright Haggai the Prophet,Annual / fixed or ordinary cycle,matins_gospel,,matins_gospel,current_public_or_local_reference,local repo snapshot of pierresaid Katameros API SQLite database
New Testament,Matthew,17,Matt 17:1-9,rid_90f9856d0b9722750c38,kiyahk-05-01,"The Departure of Nahum, the Prophet",Annual / fixed or ordinary cycle,matins_gospel,,matins_gospel,current_public_or_local_reference,local repo snapshot of pierresaid Katameros API SQLite database
New Testament,Matthew,17,Matt 17:1-9,rid_90f9856d0b9722750c38,mesra-13-01,The Feast of Transfiguration of Our Lord on Mount Tabor,Annual / fixed or ordinary cycle,matins_gospel,,matins_gospel,current_public_or_local_reference,local repo snapshot of pierresaid Katameros API SQLite database
New Testament,Matthew,17,Matt 17:10-13,rid_b32dfab3bf690cd8171a,holy-fifty-days-pentecost-cycle,Holy Fifty Days/Pentecost cycle,Holy Fifty Days,matins_gospel,,matins_gospel,current_public_or_local_reference,local repo snapshot of pierresaid Katameros API SQLite database
New Testament,Matthew,17,Matt 17:10-13,rid_b32dfab3bf690cd8171a,monday-of-the-third-week-of-the-holy-fifty-days,Monday of the third week of the holy fifty days,Holy Fifty Days,Matins,,Gospel,current_public_or_local_reference,local cache covering 2020 to 2035
New Testament,Matthew,17,Matt 17:14-18,rid_f118e4711738a2859ae1,friday-of-the-second-week-of-the-holy-fifty-days,Friday of the second week of the holy fifty days,Holy Fifty Days,Vespers,,Gospel,current_public_or_local_reference,local cache covering 2020 to 2035
New Testament,Matthew,17,Matt 17:14-18,rid_f118e4711738a2859ae1,holy-fifty-days-pentecost-cycle,Holy Fifty Days/Pentecost cycle,Holy Fifty Days,vespers_gospel,,vespers_gospel,current_public_or_local_reference,local repo snapshot of pierresaid Katameros API SQLite database
New Testament,Matthew,17,Matt 17:14-21,rid_34651ad236f753d39cab,the-fourth-sunday-of-hator,The fourth Sunday of Hator,Annual / fixed or ordinary cycle,Vespers,,Gospel,current_public_or_local_reference,local cache covering 2020 to 2035
New Testament,Matthew,17,Matt 17:14-21,rid_34651ad236f753d39cab,hatur-04-01,"The Martyrdom of Saints John and James, Bishops of Persia",Annual / fixed or ordinary cycle,vespers_gospel,,vespers_gospel,current_public_or_local_reference,local repo snapshot of pierresaid Katameros API SQLite database
New Testament,Matthew,17,Matt 17:19-23,rid_fbe720df2033b694cf9b,holy-fifty-days-pentecost-cycle,Holy Fifty Days/Pentecost cycle,Holy Fifty Days,vespers_gospel,,vespers_gospel,current_public_or_local_reference,local repo snapshot of pierresaid Katameros API SQLite database
New Testament,Matthew,17,Matt 17:19-23,rid_fbe720df2033b694cf9b,monday-eve,Monday Eve,Pascha / Holy Week,Eleventh Hour,Eleventh Hour,Gospel,historical_witness,"Lent 1734 A.M., 2018 A.D. eBook extracted text"
New Testament,Matthew,17,Matt 17:19-23,rid_fbe720df2033b694cf9b,tuesday-of-the-second-week-of-the-holy-fifty-days,Tuesday of the second week of the holy fifty days,Holy Fifty Days,Vespers,,Gospel,current_public_or_local_reference,local cache covering 2020 to 2035
New Testament,Matthew,17,Matt 17:20-23,rid_67ec31ae20b630703928,holy-fifty-days-pentecost-cycle,Holy Fifty Days/Pentecost cycle,Holy Fifty Days,matins_gospel,,matins_gospel,current_public_or_local_reference,local repo snapshot of pierresaid Katameros API SQLite database
New Testament,Matthew,17,Matt 17:20-23,rid_67ec31ae20b630703928,tuesday-of-the-third-week-of-the-holy-fifty-days,Tuesday of the third week of the holy fifty days,Holy Fifty Days,Matins,,Gospel,current_public_or_local_reference,local cache covering 2020 to 2035
New Testament,Matthew,17,Matt 17:24-27,rid_948eab62c85cd6236ce9,the-second-sunday-of-baba,The second Sunday of Baba,Annual / fixed or ordinary cycle,Vespers,,Gospel,current_public_or_local_reference,local cache covering 2020 to 2035
New Testament,Matthew,17,Matt 17:24-27,rid_948eab62c85cd6236ce9,babah-02-01,"The Coming of Saint Severus, Patriarch of Antioch, to Egypt",Annual / fixed or ordinary cycle,vespers_gospel,,vespers_gospel,current_public_or_local_reference,local repo snapshot of pierresaid Katameros API SQLite database
New Testament,Matthew,18,Matt 18:1-5,rid_4a5d813c6da3ea5dab20,holy-fifty-days-pentecost-cycle,Holy Fifty Days/Pentecost cycle,Holy Fifty Days,vespers_gospel,,vespers_gospel,current_public_or_local_reference,local repo snapshot of pierresaid Katameros API SQLite database
New Testament,Matthew,18,Matt 18:1-5,rid_4a5d813c6da3ea5dab20,monday-of-the-third-week-of-the-holy-fifty-days,Monday of the third week of the holy fifty days,Holy Fifty Days,Vespers,,Gospel,current_public_or_local_reference,local cache covering 2020 to 2035
New Testament,Matthew,18,Matt 18:1-7,rid_c7deb5f754e217be96ea,amshir-7,Amshir 7,Annual / fixed or ordinary cycle,Vespers,,Gospel,current_public_or_local_reference,local cache covering 2020 to 2035
New Testament,Matthew,18,Matt 18:1-7,rid_c7deb5f754e217be96ea,fast-of-nineveh,Fast of Nineveh,Annual / fixed or ordinary cycle,Vespers,,Gospel,current_public_or_local_reference,local cache covering 2020 to 2035
New Testament,Matthew,18,Matt 18:1-7,rid_c7deb5f754e217be96ea,toba-3,Toba 3,Annual / fixed or ordinary cycle,Vespers,,Gospel,current_public_or_local_reference,local cache covering 2020 to 2035
New Testament,Matthew,18,Matt 18:1-7,rid_c7deb5f754e217be96ea,tubah-03-01,The Commemoration of the Slain Children of Bethlehem by the Order of King Herod,Annual / fixed or ordinary cycle,vespers_gospel,,vespers_gospel,current_public_or_local_reference,local repo snapshot of pierresaid Katameros API SQLite database
New Testament,Matthew,18,Matt 18:1-9,rid_ae79e598ddf290ac185f,the-second-sunday-of-abib,The second Sunday of Abib,Annual / fixed or ordinary cycle,Liturgy,,Gospel,current_public_or_local_reference,local cache covering 2020 to 2035
New Testament,Matthew,18,Matt 18:1-9,rid_ae79e598ddf290ac185f,abib-02-01,"The Departure of St. Thaddaeus, the Apostle",Annual / fixed or ordinary cycle,liturgy_gospel,,liturgy_gospel,current_public_or_local_reference,local repo snapshot of pierresaid Katameros API SQLite database
New Testament,Matthew,18,Matt 18:10-20,rid_7315e3eb01077d30448f,al-nasi-03-01,"The Commemoration of the Angel Raphael, the Archangel",Annual / fixed or ordinary cycle,matins_gospel,,matins_gospel,current_public_or_local_reference,local repo snapshot of pierresaid Katameros API SQLite database
New Testament,Matthew,18,Matt 18:10-20,rid_7315e3eb01077d30448f,amshir-7,Amshir 7,Annual / fixed or ordinary cycle,Matins,,Gospel,current_public_or_local_reference,local cache covering 2020 to 2035
New Testament,Matthew,18,Matt 18:10-20,rid_7315e3eb01077d30448f,baramhat-30-01,The Commemoration of the Archangel Gabriel the Announcer,Annual / fixed or ordinary cycle,matins_gospel,,matins_gospel,current_public_or_local_reference,local repo snapshot of pierresaid Katameros API SQLite database
New Testament,Matthew,18,Matt 18:10-20,rid_7315e3eb01077d30448f,bashans-10-01,"The Departure of the Three Hebrew Young Men Hananiah, Azariah and Mishael",Annual / fixed or ordinary cycle,liturgy_gospel,,liturgy_gospel,current_public_or_local_reference,local repo snapshot of pierresaid Katameros API SQLite database
New Testament,Matthew,18,Matt 18:10-20,rid_7315e3eb01077d30448f,baunah-13-01,"The Departure of St. John, Bishop of Jerusalem",Annual / fixed or ordinary cycle,matins_gospel,,matins_gospel,current_public_or_local_reference,local repo snapshot of pierresaid Katameros API SQLite database
New Testament,Matthew,18,Matt 18:10-20,rid_7315e3eb01077d30448f,fast-of-nineveh,Fast of Nineveh,Annual / fixed or ordinary cycle,Matins,,Gospel,current_public_or_local_reference,local cache covering 2020 to 2035
New Testament,Matthew,18,Matt 18:10-20,rid_7315e3eb01077d30448f,kiak-22,Kiak 22,Annual / fixed or ordinary cycle,Matins,,Gospel,current_public_or_local_reference,local cache covering 2020 to 2035
New Testament,Matthew,18,Matt 18:10-20,rid_7315e3eb01077d30448f,kiyahk-22-01,The Commemoration of the Archangel Gabriel,Annual / fixed or ordinary cycle,matins_gospel,,matins_gospel,current_public_or_local_reference,local repo snapshot of pierresaid Katameros API SQLite database
New Testament,Matthew,18,Matt 18:10-20,rid_7315e3eb01077d30448f,mesra-08-01,"The Martyrdom of the Sts. Lazarus, Salomi, His Wife, and Their Children",Annual / fixed or ordinary cycle,Liturgy,,Gospel,current_public_or_local_reference,local cache covering 2020 to 2035
New Testament,Matthew,18,Matt 18:10-20,rid_7315e3eb01077d30448f,mesra-08-01,"The Martyrdom of the Sts. Lazarus, Salomi, His Wife, and Their Children",Annual / fixed or ordinary cycle,liturgy_gospel,,liturgy_gospel,current_public_or_local_reference,local repo snapshot of pierresaid Katameros API SQLite database
New Testament,Matthew,18,Matt 18:10-20,rid_7315e3eb01077d30448f,al-nasi-03-01,"The Commemoration of the Angel Raphael, the Archangel",Annual / fixed or ordinary cycle,Matins,,Gospel,current_public_or_local_reference,local cache covering 2020 to 2035
New Testament,Matthew,18,Matt 18:10-20,rid_7315e3eb01077d30448f,baunah-13-01,"The Departure of St. John, Bishop of Jerusalem",Annual / fixed or ordinary cycle,Matins,,Gospel,current_public_or_local_reference,local cache covering 2020 to 2035
New Testament,Matthew,18,Matt 18:10-20,rid_7315e3eb01077d30448f,toba-3,Toba 3,Annual / fixed or ordinary cycle,Matins,,Gospel,current_public_or_local_reference,local cache covering 2020 to 2035
New Testament,Matthew,18,Matt 18:10-20,rid_7315e3eb01077d30448f,tubah-03-01,The Commemoration of the Slain Children of Bethlehem by the Order of King Herod,Annual / fixed or ordinary cycle,matins_gospel,,matins_gospel,current_public_or_local_reference,local repo snapshot of pierresaid Katameros API SQLite database
New Testament,Matthew,18,Matt 18:23-35,rid_21df56714b88292e1e4a,great-lent-jonah-nineveh-cycle,Great Lent/Jonah/Nineveh cycle,Great Lent,liturgy_gospel,,liturgy_gospel,current_public_or_local_reference,local repo snapshot of pierresaid Katameros API SQLite database
New Testament,Matthew,18,Matt 18:23-35,rid_21df56714b88292e1e4a,saturday-of-the-third-week-of-great-lent,Saturday of the third week of Great Lent,Great Lent,Liturgy,,Gospel,current_public_or_local_reference,local cache covering 2020 to 2035
New Testament,Matthew,18,Matt 18:6-7,rid_6998c184da2de4f40b54,holy-fifty-days-pentecost-cycle,Holy Fifty Days/Pentecost cycle,Holy Fifty Days,vespers_gospel,,vespers_gospel,current_public_or_local_reference,local repo snapshot of pierresaid Katameros API SQLite database
New Testament,Matthew,18,Matt 18:6-7,rid_6998c184da2de4f40b54,tuesday-of-the-third-week-of-the-holy-fifty-days,Tuesday of the third week of the holy fifty days,Holy Fifty Days,Vespers,,Gospel,current_public_or_local_reference,local cache covering 2020 to 2035
New Testament,Matthew,19,Matt 19:1-12,rid_d6caf41e966966e74d78,baba-6,Baba 6,Annual / fixed or ordinary cycle,Vespers,,Gospel,current_public_or_local_reference,local cache covering 2020 to 2035
New Testament,Matthew,19,Matt 19:1-12,rid_d6caf41e966966e74d78,tubah-13-01,The Commemoration of the Miracle at Cana of Galilee,Annual / fixed or ordinary cycle,vespers_gospel,,vespers_gospel,current_public_or_local_reference,local repo snapshot of pierresaid Katameros API SQLite database
New Testament,Matthew,19,Matt 19:1-12,rid_d6caf41e966966e74d78,wedding-of-cana,Wedding of Cana,Annual / fixed or ordinary cycle,Vespers,,Gospel,current_public_or_local_reference,local cache covering 2020 to 2035
New Testament,Matthew,19,Matt 19:1-6,rid_99b65b301c403b103eae,wedding-crowning,wedding_crowning,Special service,main_readings,,main_readings,current_public_or_local_reference,local package snapshot
New Testament,Matthew,19,Matt 19:16-30,rid_eff4f30d94f355933098,great-lent-jonah-nineveh-cycle,Great Lent/Jonah/Nineveh cycle,Great Lent,liturgy_gospel,,liturgy_gospel,current_public_or_local_reference,local repo snapshot of pierresaid Katameros API SQLite database
New Testament,Matthew,19,Matt 19:16-30,rid_eff4f30d94f355933098,thursday-of-the-second-week-of-great-lent,Thursday of the second week of Great Lent,Great Lent,Liturgy,,Gospel,current_public_or_local_reference,local cache covering 2020 to 2035
New Testament,Matthew,20,Matt 20:1-16,rid_ab78db0e1c5277648093,great-lent-jonah-nineveh-cycle,Great Lent/Jonah/Nineveh cycle,Great Lent,matins_gospel,,matins_gospel,current_public_or_local_reference,local repo snapshot of pierresaid Katameros API SQLite database
New Testament,Matthew,20,Matt 20:1-16,rid_ab78db0e1c5277648093,sunday-of-the-third-week-of-great-lent,Sunday of the third week of Great Lent,Great Lent,Matins,,Gospel,current_public_or_local_reference,local cache covering 2020 to 2035
New Testament,Matthew,20,Matt 20:17-19,rid_e97a70f07c5d761178bb,holy-fifty-days-pentecost-cycle,Holy Fifty Days/Pentecost cycle,Holy Fifty Days,matins_gospel,,matins_gospel,current_public_or_local_reference,local repo snapshot of pierresaid Katameros API SQLite database
New Testament,Matthew,20,Matt 20:17-19,rid_e97a70f07c5d761178bb,wednesday-of-the-third-week-of-the-holy-fifty-days,Wednesday of the third week of the holy fifty days,Holy Fifty Days,Matins,,Gospel,current_public_or_local_reference,local cache covering 2020 to 2035
New Testament,Matthew,20,Matt 20:20-28,rid_3f05adb088ea4fb9b1e9,great-lent-jonah-nineveh-cycle,Great Lent/Jonah/Nineveh cycle,Great Lent,matins_gospel,,matins_gospel,current_public_or_local_reference,local repo snapshot of pierresaid Katameros API SQLite database
New Testament,Matthew,20,Matt 20:20-28,rid_3f05adb088ea4fb9b1e9,hosanna-sunday,Hosanna Sunday,Pascha / Holy Week,Eleventh Hour,Eleventh Hour,Gospel,current_working_source_not_coptic_reader_checked,local repo snapshot of pierresaid Katameros API SQLite database
New Testament,Matthew,20,Matt 20:20-28,rid_3f05adb088ea4fb9b1e9,thursday-of-the-seventh-week-of-great-lent,Thursday of the seventh week of Great Lent,Great Lent,Matins,,Gospel,current_public_or_local_reference,local cache covering 2020 to 2035
New Testament,Matthew,20,Matt 20:29-33,rid_4de2eb0c01c816c29733,wednesday-of-the-third-week-of-the-holy-fifty-days,Wednesday of the third week of the holy fifty days,Holy Fifty Days,Vespers,,Gospel,current_public_or_local_reference,local cache covering 2020 to 2035
New Testament,Matthew,20,Matt 20:29-34,rid_a4af8cee45fc46547534,holy-fifty-days-pentecost-cycle,Holy Fifty Days/Pentecost cycle,Holy Fifty Days,vespers_gospel,,vespers_gospel,current_public_or_local_reference,local repo snapshot of pierresaid Katameros API SQLite database
New Testament,Matthew,21,Matt 21:1-11,rid_fd4339205c64884582cf,palm-sunday,palm_sunday,Special service,procession_station_11_southern_door,,procession_station_11_southern_door,current_public_or_local_reference,local package snapshot
New Testament,Matthew,21,Matt 21:1-17,rid_c41957d659db423dcab9,great-lent-jonah-nineveh-cycle,Great Lent/Jonah/Nineveh cycle,Great Lent,liturgy_gospel,,liturgy_gospel,current_public_or_local_reference,local repo snapshot of pierresaid Katameros API SQLite database
New Testament,Matthew,21,Matt 21:1-17,rid_c41957d659db423dcab9,palm-sunday,Palm Sunday,Annual / fixed or ordinary cycle,Liturgy,,Gospel,current_public_or_local_reference,local cache covering 2020 to 2035
New Testament,Matthew,21,Matt 21:1-17,rid_c41957d659db423dcab9,palm-sunday,Palm Sunday,Pascha / Holy Week,Liturgy,Liturgy,Gospel,current_working_source_not_coptic_reader_checked,local repo snapshot of pierresaid Katameros API SQLite database
New Testament,Matthew,21,Matt 21:1-17,rid_c41957d659db423dcab9,palm-sunday,palm_sunday,Special service,first_gospel,,first_gospel,current_public_or_local_reference,local package snapshot
New Testament,Matthew,21,Matt 21:10-17,rid_febdbadd9aea980d2dbb,hosanna-sunday,Hosanna Sunday,Pascha / Holy Week,Ninth Hour,Ninth Hour,Gospel,current_working_source_not_coptic_reader_checked,local repo snapshot of pierresaid Katameros API SQLite database
New Testament,Matthew,21,Matt 21:23-27,rid_68809512622d19856234,monday,Monday,Pascha / Holy Week,Ninth Hour,Ninth Hour,Gospel,current_working_source_not_coptic_reader_checked,local repo snapshot of pierresaid Katameros API SQLite database
New Testament,Matthew,21,Matt 21:23-27,rid_68809512622d19856234,the-first-sunday-of-tout,The first Sunday of Tout,Annual / fixed or ordinary cycle,Matins,,Gospel,current_public_or_local_reference,local cache covering 2020 to 2035
New Testament,Matthew,21,Matt 21:23-27,rid_68809512622d19856234,tuesday,Tuesday,Pascha / Holy Week,Ninth Hour,Ninth Hour,Gospel,current_working_source_not_coptic_reader_checked,local repo snapshot of pierresaid Katameros API SQLite database
New Testament,Matthew,21,Matt 21:23-27,rid_68809512622d19856234,tut-01-01,Feast of El-Nayrouz (Beginning of the Blessed Coptic Year),Annual / fixed or ordinary cycle,matins_gospel,,matins_gospel,current_public_or_local_reference,local repo snapshot of pierresaid Katameros API SQLite database
New Testament,Matthew,21,Matt 21:28-32,rid_d2390b763a5df2a55b60,great-lent-jonah-nineveh-cycle,Great Lent/Jonah/Nineveh cycle,Great Lent,matins_gospel,,matins_gospel,current_public_or_local_reference,local repo snapshot of pierresaid Katameros API SQLite database
New Testament,Matthew,21,Matt 21:28-32,rid_d2390b763a5df2a55b60,tuesday-of-the-fourth-week-of-great-lent,Tuesday of the fourth week of Great Lent,Great Lent,Matins,,Gospel,current_public_or_local_reference,local cache covering 2020 to 2035
New Testament,Matthew,21,Matt 21:33-45,rid_2f323268ca611fef544c,saturday-of-the-fourth-week-of-great-lent,Saturday of the fourth week of Great Lent,Great Lent,Liturgy,,Gospel,current_public_or_local_reference,local cache covering 2020 to 2035
New Testament,Matthew,21,Matt 21:33-46,rid_f80ce34ef4f5435430fe,great-lent-jonah-nineveh-cycle,Great Lent/Jonah/Nineveh cycle,Great Lent,liturgy_gospel,,liturgy_gospel,current_public_or_local_reference,local repo snapshot of pierresaid Katameros API SQLite database
New Testament,Matthew,21,Matt 21:33-46,rid_f80ce34ef4f5435430fe,great-lent-jonah-nineveh-cycle,Great Lent/Jonah/Nineveh cycle,Great Lent,matins_gospel,,matins_gospel,current_public_or_local_reference,local repo snapshot of pierresaid Katameros API SQLite database
New Testament,Matthew,21,Matt 21:33-46,rid_f80ce34ef4f5435430fe,sunday-of-the-fifth-week-of-great-lent,Sunday of the fifth week of Great Lent,Great Lent,Matins,,Gospel,current_public_or_local_reference,local cache covering 2020 to 2035
New Testament,Matthew,22,Matt 22:1-14,rid_067caec0901dc9284fdd,great-lent-jonah-nineveh-cycle,Great Lent/Jonah/Nineveh cycle,Great Lent,matins_gospel,,matins_gospel,current_public_or_local_reference,local repo snapshot of pierresaid Katameros API SQLite database
New Testament,Matthew,22,Matt 22:1-14,rid_067caec0901dc9284fdd,sunday-of-the-fourth-week-of-great-lent,Sunday of the fourth week of Great Lent,Great Lent,Matins,,Gospel,current_public_or_local_reference,local cache covering 2020 to 2035
New Testament,Matthew,22,Matt 22:1-14,rid_067caec0901dc9284fdd,wednesday-eve,Wednesday Eve,Pascha / Holy Week,First Hour,First Hour,Gospel,historical_witness,"Lent 1734 A.M., 2018 A.D. eBook extracted text"
New Testament,Matthew,22,Matt 22:34-40,rid_22a444a6ccc923e74f8e,holy-fifty-days-pentecost-cycle,Holy Fifty Days/Pentecost cycle,Holy Fifty Days,matins_gospel,,matins_gospel,current_public_or_local_reference,local repo snapshot of pierresaid Katameros API SQLite database
New Testament,Matthew,22,Matt 22:34-40,rid_22a444a6ccc923e74f8e,thursday-of-the-third-week-of-the-holy-fifty-days,Thursday of the third week of the holy fifty days,Holy Fifty Days,Matins,,Gospel,current_public_or_local_reference,local cache covering 2020 to 2035
New Testament,Matthew,22,Matt 22:34-40,rid_22a444a6ccc923e74f8e,bashans-03-01,"The Departure of St. Jason, one of the Seventy disciples",Annual / fixed or ordinary cycle,vespers_gospel,,vespers_gospel,current_public_or_local_reference,local repo snapshot of pierresaid Katameros API SQLite database
New Testament,Matthew,22,Matt 22:35-46,rid_f3f2e73ec6afa8fb73e0,kiyahk-23-01,"The Departure of David, the Prophet and King",Annual / fixed or ordinary cycle,liturgy_gospel,,liturgy_gospel,current_public_or_local_reference,local repo snapshot of pierresaid Katameros API SQLite database
New Testament,Matthew,22,Matt 22:41-46,rid_c19f6ca95883077ff177,friday-of-the-third-week-of-the-holy-fifty-days,Friday of the third week of the holy fifty days,Holy Fifty Days,Matins,,Gospel,current_public_or_local_reference,local cache covering 2020 to 2035
New Testament,Matthew,22,Matt 22:41-46,rid_c19f6ca95883077ff177,holy-fifty-days-pentecost-cycle,Holy Fifty Days/Pentecost cycle,Holy Fifty Days,matins_gospel,,matins_gospel,current_public_or_local_reference,local repo snapshot of pierresaid Katameros API SQLite database
New Testament,Matthew,22,Matt 22:41-46,rid_c19f6ca95883077ff177,kiak-30,Kiak 30,Annual / fixed or ordinary cycle,Matins,,Gospel,current_public_or_local_reference,local cache covering 2020 to 2035
New Testament,Matthew,22,Matt 22:41-46,rid_c19f6ca95883077ff177,kiyahk-30-01,"The Departure of St. John, Archpriest of Scetis",Annual / fixed or ordinary cycle,matins_gospel,,matins_gospel,current_public_or_local_reference,local repo snapshot of pierresaid Katameros API SQLite database
New Testament,Matthew,22,Matt 22:41-46,rid_c19f6ca95883077ff177,the-fourth-sunday-of-bashons,The fourth Sunday of Bashons,Annual / fixed or ordinary cycle,Vespers,,Gospel,current_public_or_local_reference,local cache covering 2020 to 2035
New Testament,Matthew,22,Matt 22:41-46,rid_c19f6ca95883077ff177,bashans-04-01,"The Departure of Pope John (Youhanna) the First, the Twenty Ninth Patriarch of the See of St. Mark",Annual / fixed or ordinary cycle,vespers_gospel,,vespers_gospel,current_public_or_local_reference,local repo snapshot of pierresaid Katameros API SQLite database
New Testament,Matthew,23,Matt 23:1-39,rid_9c0b4293b80baf411424,great-lent-jonah-nineveh-cycle,Great Lent/Jonah/Nineveh cycle,Great Lent,matins_gospel,,matins_gospel,current_public_or_local_reference,local repo snapshot of pierresaid Katameros API SQLite database
New Testament,Matthew,23,Matt 23:1-39,rid_9c0b4293b80baf411424,sunday-of-the-sixth-week-of-great-lent,Sunday of the sixth week of Great Lent,Great Lent,Matins,,Gospel,current_public_or_local_reference,local cache covering 2020 to 2035
New Testament,Matthew,23,Matt 23:13-26,rid_84ed6fb31aac63feec5f,abib-26,Abib 26,Annual / fixed or ordinary cycle,Liturgy,,Gospel,current_public_or_local_reference,local cache covering 2020 to 2035
New Testament,Matthew,23,Matt 23:13-26,rid_84ed6fb31aac63feec5f,mesra-22,Mesra 22,Annual / fixed or ordinary cycle,Liturgy,,Gospel,current_public_or_local_reference,local cache covering 2020 to 2035
New Testament,Matthew,23,Matt 23:13-26,rid_84ed6fb31aac63feec5f,mesra-4,Mesra 4,Annual / fixed or ordinary cycle,Liturgy,,Gospel,current_public_or_local_reference,local cache covering 2020 to 2035
New Testament,Matthew,23,Matt 23:13-26,rid_84ed6fb31aac63feec5f,paona-20,Paona 20,Annual / fixed or ordinary cycle,Liturgy,,Gospel,current_public_or_local_reference,local cache covering 2020 to 2035
New Testament,Matthew,23,Matt 23:13-26,rid_84ed6fb31aac63feec5f,tout-4,Tout 4,Annual / fixed or ordinary cycle,Liturgy,,Gospel,current_public_or_local_reference,local cache covering 2020 to 2035
New Testament,Matthew,23,Matt 23:13-26,rid_84ed6fb31aac63feec5f,tout-6,Tout 6,Annual / fixed or ordinary cycle,Liturgy,,Gospel,current_public_or_local_reference,local cache covering 2020 to 2035
New Testament,Matthew,23,Matt 23:13-26,rid_84ed6fb31aac63feec5f,tout-8,Tout 8,Annual / fixed or ordinary cycle,Liturgy,,Gospel,current_public_or_local_reference,local cache covering 2020 to 2035
New Testament,Matthew,23,Matt 23:13-36,rid_7c71f36964601d23c46a,amshir-26-01,"The Departure of St. Hosea, the Prophet",Annual / fixed or ordinary cycle,Liturgy,,Gospel,current_public_or_local_reference,local cache covering 2020 to 2035
New Testament,Matthew,23,Matt 23:13-36,rid_7c71f36964601d23c46a,amshir-26-01,"The Departure of St. Hosea, the Prophet",Annual / fixed or ordinary cycle,liturgy_gospel,,liturgy_gospel,current_public_or_local_reference,local repo snapshot of pierresaid Katameros API SQLite database
New Testament,Matthew,23,Matt 23:13-36,rid_7c71f36964601d23c46a,babah-21-01,The Commemoration of the Theotokos,Annual / fixed or ordinary cycle,Liturgy,,Gospel,current_public_or_local_reference,local cache covering 2020 to 2035
New Testament,Matthew,23,Matt 23:13-36,rid_7c71f36964601d23c46a,babah-21-01,The Commemoration of the Theotokos,Annual / fixed or ordinary cycle,liturgy_gospel,,liturgy_gospel,current_public_or_local_reference,local repo snapshot of pierresaid Katameros API SQLite database
New Testament,Matthew,23,Matt 23:13-36,rid_7c71f36964601d23c46a,baramhat-23-01,The Departure of the Great Prophet Daniel,Annual / fixed or ordinary cycle,liturgy_gospel,,liturgy_gospel,current_public_or_local_reference,local repo snapshot of pierresaid Katameros API SQLite database
New Testament,Matthew,23,Matt 23:13-36,rid_7c71f36964601d23c46a,barmuda-5,Barmuda 5,Annual / fixed or ordinary cycle,liturgy_gospel,,liturgy_gospel,current_public_or_local_reference,local repo snapshot of pierresaid Katameros API SQLite database
New Testament,Matthew,23,Matt 23:13-36,rid_7c71f36964601d23c46a,barmuda-7,Barmuda 7,Annual / fixed or ordinary cycle,liturgy_gospel,,liturgy_gospel,current_public_or_local_reference,local repo snapshot of pierresaid Katameros API SQLite database
New Testament,Matthew,23,Matt 23:13-36,rid_7c71f36964601d23c46a,bashans-05-01,The Martyrdom of St. Jeremiah the Prophet,Annual / fixed or ordinary cycle,liturgy_gospel,,liturgy_gospel,current_public_or_local_reference,local repo snapshot of pierresaid Katameros API SQLite database
New Testament,Matthew,23,Matt 23:13-36,rid_7c71f36964601d23c46a,baunah-20-01,"The Departure of Elisha, the Prophet",Annual / fixed or ordinary cycle,liturgy_gospel,,liturgy_gospel,current_public_or_local_reference,local repo snapshot of pierresaid Katameros API SQLite database
New Testament,Matthew,23,Matt 23:13-36,rid_7c71f36964601d23c46a,baunah-26-01,The Departure of the Great Prophet Joshua Son of Nun,Annual / fixed or ordinary cycle,liturgy_gospel,,liturgy_gospel,current_public_or_local_reference,local repo snapshot of pierresaid Katameros API SQLite database
New Testament,Matthew,23,Matt 23:13-36,rid_7c71f36964601d23c46a,baunah-09-01,The Departure of Samuel the Prophet,Annual / fixed or ordinary cycle,liturgy_gospel,,liturgy_gospel,current_public_or_local_reference,local repo snapshot of pierresaid Katameros API SQLite database
New Testament,Matthew,23,Matt 23:13-36,rid_7c71f36964601d23c46a,great-lent,Great Lent,Great Lent,Liturgy,,Gospel,current_public_or_local_reference,local cache covering 2020 to 2035
New Testament,Matthew,23,Matt 23:13-36,rid_7c71f36964601d23c46a,kiak-20,Kiak 20,Annual / fixed or ordinary cycle,Liturgy,,Gospel,current_public_or_local_reference,local cache covering 2020 to 2035
New Testament,Matthew,23,Matt 23:13-36,rid_7c71f36964601d23c46a,kiak-23,Kiak 23,Annual / fixed or ordinary cycle,Liturgy,,Gospel,current_public_or_local_reference,local cache covering 2020 to 2035
New Testament,Matthew,23,Matt 23:13-36,rid_7c71f36964601d23c46a,kiak-5,Kiak 5,Annual / fixed or ordinary cycle,Liturgy,,Gospel,current_public_or_local_reference,local cache covering 2020 to 2035
New Testament,Matthew,23,Matt 23:13-36,rid_7c71f36964601d23c46a,kiyahk-20-01,The Departure of the Upright Haggai the Prophet,Annual / fixed or ordinary cycle,liturgy_gospel,,liturgy_gospel,current_public_or_local_reference,local repo snapshot of pierresaid Katameros API SQLite database
New Testament,Matthew,23,Matt 23:13-36,rid_7c71f36964601d23c46a,kiyahk-05-01,"The Departure of Nahum, the Prophet",Annual / fixed or ordinary cycle,liturgy_gospel,,liturgy_gospel,current_public_or_local_reference,local repo snapshot of pierresaid Katameros API SQLite database
New Testament,Matthew,23,Matt 23:13-36,rid_7c71f36964601d23c46a,mesra-22-01,"The Departure of Micah, the Prophet",Annual / fixed or ordinary cycle,liturgy_gospel,,liturgy_gospel,current_public_or_local_reference,local repo snapshot of pierresaid Katameros API SQLite database
New Testament,Matthew,23,Matt 23:13-36,rid_7c71f36964601d23c46a,mesra-04-01,The Departure of Hezekiah the King,Annual / fixed or ordinary cycle,liturgy_gospel,,liturgy_gospel,current_public_or_local_reference,local repo snapshot of pierresaid Katameros API SQLite database
New Testament,Matthew,23,Matt 23:13-36,rid_7c71f36964601d23c46a,baunah-26-01,The Departure of the Great Prophet Joshua Son of Nun,Annual / fixed or ordinary cycle,Liturgy,,Gospel,current_public_or_local_reference,local cache covering 2020 to 2035
New Testament,Matthew,23,Matt 23:13-39,rid_3c38471e9828c00a8af8,great-lent-jonah-nineveh-cycle,Great Lent/Jonah/Nineveh cycle,Great Lent,liturgy_gospel,,liturgy_gospel,current_public_or_local_reference,local repo snapshot of pierresaid Katameros API SQLite database
New Testament,Matthew,23,Matt 23:14-39,rid_bc77b80fde4a799cf0f9,saturday-of-the-fifth-week-of-great-lent,Saturday of the fifth week of Great Lent,Great Lent,Liturgy,,Gospel,current_public_or_local_reference,local cache covering 2020 to 2035
New Testament,Matthew,23,Matt 23:29-36,rid_d65723c38c9c1d636c4e,wednesday-eve,Wednesday Eve,Pascha / Holy Week,Ninth Hour,Ninth Hour,Gospel,historical_witness,"Lent 1734 A.M., 2018 A.D. eBook extracted text"
New Testament,Matthew,23,Matt 23:37-24:2,rid_9b1dabfd305d19da4f68,tuesday,Tuesday,Pascha / Holy Week,Third Hour,Third Hour,Gospel,historical_witness,"Lent 1734 A.M., 2018 A.D. eBook extracted text"
New Testament,Matthew,24,Matt 24:3-35,rid_0235a0e85b16bc465a27,the-first-sunday-of-nasie,The first Sunday of Nasie,Annual / fixed or ordinary cycle,Liturgy,,Gospel,current_public_or_local_reference,local cache covering 2020 to 2035
New Testament,Matthew,24,Matt 24:3-35,rid_0235a0e85b16bc465a27,tuesday,Tuesday,Pascha / Holy Week,Ninth Hour,Ninth Hour,Gospel,historical_witness,"Lent 1734 A.M., 2018 A.D. eBook extracted text"
New Testament,Matthew,24,Matt 24:3-35,rid_0235a0e85b16bc465a27,al-nasi-01-01,The Departure of St. Eutychus,Annual / fixed or ordinary cycle,liturgy_gospel,,liturgy_gospel,current_public_or_local_reference,local repo snapshot of pierresaid Katameros API SQLite database
New Testament,Matthew,24,Matt 24:36-51,rid_bfedafb928b1c2a873a2,wednesday-eve,Wednesday Eve,Pascha / Holy Week,Third Hour,Third Hour,Gospel,historical_witness,"Lent 1734 A.M., 2018 A.D. eBook extracted text"
New Testament,Matthew,24,Matt 24:42-47,rid_7f57959f19458a944d69,al-nasi-04-01,"The Departure of St. Leparius, Bishop of Rome",Annual / fixed or ordinary cycle,vespers_gospel,,vespers_gospel,current_public_or_local_reference,local repo snapshot of pierresaid Katameros API SQLite database
New Testament,Matthew,24,Matt 24:42-47,rid_7f57959f19458a944d69,amshir-12-01,The Commemoration of the Archangel Michael,Annual / fixed or ordinary cycle,Vespers,,Gospel,current_public_or_local_reference,local cache covering 2020 to 2035
New Testament,Matthew,24,Matt 24:42-47,rid_7f57959f19458a944d69,amshir-12-01,The Commemoration of the Archangel Michael,Annual / fixed or ordinary cycle,vespers_gospel,,vespers_gospel,current_public_or_local_reference,local repo snapshot of pierresaid Katameros API SQLite database
New Testament,Matthew,24,Matt 24:42-47,rid_7f57959f19458a944d69,amshir-15-01,"The Departure of St. Zechariah, the Prophet",Annual / fixed or ordinary cycle,Vespers,,Gospel,current_public_or_local_reference,local cache covering 2020 to 2035
New Testament,Matthew,24,Matt 24:42-47,rid_7f57959f19458a944d69,amshir-15-01,"The Departure of St. Zechariah, the Prophet",Annual / fixed or ordinary cycle,vespers_gospel,,vespers_gospel,current_public_or_local_reference,local repo snapshot of pierresaid Katameros API SQLite database
New Testament,Matthew,24,Matt 24:42-47,rid_7f57959f19458a944d69,amshir-19-01,"The Commemoration of the Relocation of the Relics of St. Martianus, the Monk",Annual / fixed or ordinary cycle,Vespers,,Gospel,current_public_or_local_reference,local cache covering 2020 to 2035
New Testament,Matthew,24,Matt 24:42-47,rid_7f57959f19458a944d69,amshir-19-01,"The Commemoration of the Relocation of the Relics of St. Martianus, the Monk",Annual / fixed or ordinary cycle,vespers_gospel,,vespers_gospel,current_public_or_local_reference,local repo snapshot of pierresaid Katameros API SQLite database
New Testament,Matthew,24,Matt 24:42-47,rid_7f57959f19458a944d69,amshir-03-01,"The Departure of St. James, the Ascetic",Annual / fixed or ordinary cycle,Vespers,,Gospel,current_public_or_local_reference,local cache covering 2020 to 2035
New Testament,Matthew,24,Matt 24:42-47,rid_7f57959f19458a944d69,amshir-03-01,"The Departure of St. James, the Ascetic",Annual / fixed or ordinary cycle,vespers_gospel,,vespers_gospel,current_public_or_local_reference,local repo snapshot of pierresaid Katameros API SQLite database
New Testament,Matthew,24,Matt 24:42-47,rid_7f57959f19458a944d69,babah-13-01,"The Departure of Saint Zacharias, the Monk",Annual / fixed or ordinary cycle,Vespers,,Gospel,current_public_or_local_reference,local cache covering 2020 to 2035
New Testament,Matthew,24,Matt 24:42-47,rid_7f57959f19458a944d69,babah-25-01,The Departure of the Saints Apollo and Abib,Annual / fixed or ordinary cycle,Vespers,,Gospel,current_public_or_local_reference,local cache covering 2020 to 2035
New Testament,Matthew,24,Matt 24:42-47,rid_7f57959f19458a944d69,babah-07-01,The Departure of St. Paul of Tamouh,Annual / fixed or ordinary cycle,Vespers,,Gospel,current_public_or_local_reference,local cache covering 2020 to 2035
New Testament,Matthew,24,Matt 24:42-47,rid_7f57959f19458a944d69,babah-13-01,"The Departure of Saint Zacharias, the Monk",Annual / fixed or ordinary cycle,vespers_gospel,,vespers_gospel,current_public_or_local_reference,local repo snapshot of pierresaid Katameros API SQLite database
New Testament,Matthew,24,Matt 24:42-47,rid_7f57959f19458a944d69,babah-25-01,The Departure of the Saints Apollo and Abib,Annual / fixed or ordinary cycle,vespers_gospel,,vespers_gospel,current_public_or_local_reference,local repo snapshot of pierresaid Katameros API SQLite database
New Testament,Matthew,24,Matt 24:42-47,rid_7f57959f19458a944d69,babah-07-01,The Departure of St. Paul of Tamouh,Annual / fixed or ordinary cycle,vespers_gospel,,vespers_gospel,current_public_or_local_reference,local repo snapshot of pierresaid Katameros API SQLite database
New Testament,Matthew,24,Matt 24:42-47,rid_7f57959f19458a944d69,baramhat-09-01,The Departure of St. Konan,Annual / fixed or ordinary cycle,vespers_gospel,,vespers_gospel,current_public_or_local_reference,local repo snapshot of pierresaid Katameros API SQLite database
New Testament,Matthew,24,Matt 24:42-47,rid_7f57959f19458a944d69,barmuda-1,Barmuda 1,Annual / fixed or ordinary cycle,vespers_gospel,,vespers_gospel,current_public_or_local_reference,local repo snapshot of pierresaid Katameros API SQLite database
New Testament,Matthew,24,Matt 24:42-47,rid_7f57959f19458a944d69,barmuda-10,Barmuda 10,Annual / fixed or ordinary cycle,vespers_gospel,,vespers_gospel,current_public_or_local_reference,local repo snapshot of pierresaid Katameros API SQLite database
New Testament,Matthew,24,Matt 24:42-47,rid_7f57959f19458a944d69,bashans-20-01,The Departure Of St. Ammonius The Hermit,Annual / fixed or ordinary cycle,vespers_gospel,,vespers_gospel,current_public_or_local_reference,local repo snapshot of pierresaid Katameros API SQLite database
New Testament,Matthew,24,Matt 24:42-47,rid_7f57959f19458a944d69,bashons-20,Bashons 20,Annual / fixed or ordinary cycle,Vespers,,Gospel,current_public_or_local_reference,local cache covering 2020 to 2035
New Testament,Matthew,25,Matt 25:1-13,rid_32c43e508ddf3a451683,abib-01-01,The Martyrdom of Saint Febronia the Ascetic,Annual / fixed or ordinary cycle,Liturgy,,Gospel,current_public_or_local_reference,local cache covering 2020 to 2035
New Testament,Matthew,25,Matt 25:1-13,rid_32c43e508ddf3a451683,abib-01-01,The Martyrdom of Saint Febronia the Ascetic,Annual / fixed or ordinary cycle,liturgy_gospel,,liturgy_gospel,current_public_or_local_reference,local repo snapshot of pierresaid Katameros API SQLite database
New Testament,Matthew,25,Matt 25:1-13,rid_32c43e508ddf3a451683,abib-17-01,The Martyrdom of St. Euphemia,Annual / fixed or ordinary cycle,Liturgy,,Gospel,current_public_or_local_reference,local cache covering 2020 to 2035
New Testament,Matthew,25,Matt 25:1-13,rid_32c43e508ddf3a451683,abib-17-01,The Martyrdom of St. Euphemia,Annual / fixed or ordinary cycle,liturgy_gospel,,liturgy_gospel,current_public_or_local_reference,local repo snapshot of pierresaid Katameros API SQLite database
New Testament,Matthew,25,Matt 25:1-13,rid_32c43e508ddf3a451683,abib-28-01,The Departure of St. Mary Magdalene,Annual / fixed or ordinary cycle,Liturgy,,Gospel,current_public_or_local_reference,local cache covering 2020 to 2035
New Testament,Matthew,25,Matt 25:1-13,rid_32c43e508ddf3a451683,abib-28-01,The Departure of St. Mary Magdalene,Annual / fixed or ordinary cycle,liturgy_gospel,,liturgy_gospel,current_public_or_local_reference,local repo snapshot of pierresaid Katameros API SQLite database
New Testament,Matthew,25,Matt 25:1-13,rid_32c43e508ddf3a451683,babah-01-01,The Martyrdom of Saint Anastasia,Annual / fixed or ordinary cycle,Liturgy,,Gospel,current_public_or_local_reference,local cache covering 2020 to 2035
New Testament,Matthew,25,Matt 25:1-13,rid_32c43e508ddf3a451683,babah-01-01,The Martyrdom of Saint Anastasia,Annual / fixed or ordinary cycle,liturgy_gospel,,liturgy_gospel,current_public_or_local_reference,local repo snapshot of pierresaid Katameros API SQLite database
New Testament,Matthew,25,Matt 25:1-13,rid_32c43e508ddf3a451683,babah-06-01,"The Departure of the Righteous Hannah, the Prophetess Mother of Samuel, the Prophet",Annual / fixed or ordinary cycle,liturgy_gospel,,liturgy_gospel,current_public_or_local_reference,local repo snapshot of pierresaid Katameros API SQLite database
New Testament,Matthew,25,Matt 25:1-13,rid_32c43e508ddf3a451683,baramhat-15-01,The Departure of St. Sarah the nun,Annual / fixed or ordinary cycle,liturgy_gospel,,liturgy_gospel,current_public_or_local_reference,local repo snapshot of pierresaid Katameros API SQLite database
New Testament,Matthew,25,Matt 25:1-13,rid_32c43e508ddf3a451683,baramhat-26-01,"The Departure of St. Euphrasia (Eupraxia), the virgin",Annual / fixed or ordinary cycle,liturgy_gospel,,liturgy_gospel,current_public_or_local_reference,local repo snapshot of pierresaid Katameros API SQLite database
New Testament,Matthew,25,Matt 25:1-13,rid_32c43e508ddf3a451683,barmuda-11,Barmuda 11,Annual / fixed or ordinary cycle,liturgy_gospel,,liturgy_gospel,current_public_or_local_reference,local repo snapshot of pierresaid Katameros API SQLite database
New Testament,Matthew,25,Matt 25:1-13,rid_32c43e508ddf3a451683,barmuda-25,Barmuda 25,Annual / fixed or ordinary cycle,liturgy_gospel,,liturgy_gospel,current_public_or_local_reference,local repo snapshot of pierresaid Katameros API SQLite database
New Testament,Matthew,25,Matt 25:1-13,rid_32c43e508ddf3a451683,barmuda-6,Barmuda 6,Annual / fixed or ordinary cycle,liturgy_gospel,,liturgy_gospel,current_public_or_local_reference,local repo snapshot of pierresaid Katameros API SQLite database
New Testament,Matthew,25,Matt 25:1-13,rid_32c43e508ddf3a451683,barmuda-8,Barmuda 8,Annual / fixed or ordinary cycle,liturgy_gospel,,liturgy_gospel,current_public_or_local_reference,local repo snapshot of pierresaid Katameros API SQLite database
New Testament,Matthew,25,Matt 25:1-13,rid_32c43e508ddf3a451683,fast-of-nineveh,Fast of Nineveh,Annual / fixed or ordinary cycle,Liturgy,,Gospel,current_public_or_local_reference,local cache covering 2020 to 2035
New Testament,Matthew,25,Matt 25:1-13,rid_32c43e508ddf3a451683,hatoor-10,Hatoor 10,Annual / fixed or ordinary cycle,liturgy_gospel,,liturgy_gospel,current_public_or_local_reference,local repo snapshot of pierresaid Katameros API SQLite database
New Testament,Matthew,25,Matt 25:1-13,rid_32c43e508ddf3a451683,hator-10,Hator 10,Annual / fixed or ordinary cycle,Liturgy,,Gospel,current_public_or_local_reference,local cache covering 2020 to 2035
New Testament,Matthew,25,Matt 25:1-13,rid_32c43e508ddf3a451683,kiak-26,Kiak 26,Annual / fixed or ordinary cycle,Liturgy,,Gospel,current_public_or_local_reference,local cache covering 2020 to 2035
New Testament,Matthew,25,Matt 25:1-13,rid_32c43e508ddf3a451683,kiyahk-26-01,The Martyrdom of St. Anastasia,Annual / fixed or ordinary cycle,liturgy_gospel,,liturgy_gospel,current_public_or_local_reference,local repo snapshot of pierresaid Katameros API SQLite database
New Testament,Matthew,25,Matt 25:14-23,rid_e7e17e68ca54c1f75f65,abib-14-01,The Martyrdom of St. Procopius (Proconius) of Jerusalem,Annual / fixed or ordinary cycle,vespers_gospel,,vespers_gospel,current_public_or_local_reference,local repo snapshot of pierresaid Katameros API SQLite database
New Testament,Matthew,25,Matt 25:14-23,rid_e7e17e68ca54c1f75f65,abib-07-01,"The Departure of St. Shenouda (Shenoute), the Archimandrite",Annual / fixed or ordinary cycle,Matins,,Gospel,current_public_or_local_reference,local cache covering 2020 to 2035
New Testament,Matthew,25,Matt 25:14-23,rid_e7e17e68ca54c1f75f65,abib-07-01,"The Departure of St. Shenouda (Shenoute), the Archimandrite",Annual / fixed or ordinary cycle,matins_gospel,,matins_gospel,current_public_or_local_reference,local repo snapshot of pierresaid Katameros API SQLite database
New Testament,Matthew,25,Matt 25:14-23,rid_e7e17e68ca54c1f75f65,abib-08-01,The Departure of St. Anba Bishoy,Annual / fixed or ordinary cycle,vespers_gospel,,vespers_gospel,current_public_or_local_reference,local repo snapshot of pierresaid Katameros API SQLite database
New Testament,Matthew,25,Matt 25:14-23,rid_e7e17e68ca54c1f75f65,amshir-01-01,"On this day of the year 381 A.D., one hundred and fifty fathers assembled upon the order of Emperor Theodosius the Great, in the city of Constantinople",Annual / fixed or ordinary cycle,Vespers,,Gospel,current_public_or_local_reference,local cache covering 2020 to 2035
New Testament,Matthew,25,Matt 25:14-23,rid_e7e17e68ca54c1f75f65,amshir-01-01,"On this day of the year 381 A.D., one hundred and fifty fathers assembled upon the order of Emperor Theodosius the Great, in the city of Constantinople",Annual / fixed or ordinary cycle,vespers_gospel,,vespers_gospel,current_public_or_local_reference,local repo snapshot of pierresaid Katameros API SQLite database
New Testament,Matthew,25,Matt 25:14-23,rid_e7e17e68ca54c1f75f65,amshir-02-01,"The Departure of the Great Saint Anba Paul, the First Hermit",Annual / fixed or ordinary cycle,Matins,,Gospel,current_public_or_local_reference,local cache covering 2020 to 2035
New Testament,Matthew,25,Matt 25:14-23,rid_e7e17e68ca54c1f75f65,amshir-02-01,"The Departure of the Great Saint Anba Paul, the First Hermit",Annual / fixed or ordinary cycle,matins_gospel,,matins_gospel,current_public_or_local_reference,local repo snapshot of pierresaid Katameros API SQLite database
New Testament,Matthew,25,Matt 25:14-23,rid_e7e17e68ca54c1f75f65,amshir-05-01,"The Departure of St. Agrippinus, 10th Pope of Alexandria",Annual / fixed or ordinary cycle,Vespers,,Gospel,current_public_or_local_reference,local cache covering 2020 to 2035
New Testament,Matthew,25,Matt 25:14-23,rid_e7e17e68ca54c1f75f65,amshir-05-01,"The Departure of St. Agrippinus, 10th Pope of Alexandria",Annual / fixed or ordinary cycle,vespers_gospel,,vespers_gospel,current_public_or_local_reference,local repo snapshot of pierresaid Katameros API SQLite database
New Testament,Matthew,25,Matt 25:14-23,rid_e7e17e68ca54c1f75f65,babah-20-01,The Departure of the Great St. John Colobos (the Short),Annual / fixed or ordinary cycle,Matins,,Gospel,current_public_or_local_reference,local cache covering 2020 to 2035
New Testament,Matthew,25,Matt 25:14-23,rid_e7e17e68ca54c1f75f65,babah-24-01,The Departure of the Righteous Father Abba Hilarion,Annual / fixed or ordinary cycle,Vespers,,Gospel,current_public_or_local_reference,local cache covering 2020 to 2035
New Testament,Matthew,25,Matt 25:14-23,rid_e7e17e68ca54c1f75f65,babah-27-01,The Martyrdom of the Righteous Father Saint Macarius Bishop of Edkow (Tkoou),Annual / fixed or ordinary cycle,Vespers,,Gospel,current_public_or_local_reference,local cache covering 2020 to 2035
New Testament,Matthew,25,Matt 25:14-23,rid_e7e17e68ca54c1f75f65,babah-20-01,The Departure of the Great St. John Colobos (the Short),Annual / fixed or ordinary cycle,matins_gospel,,matins_gospel,current_public_or_local_reference,local repo snapshot of pierresaid Katameros API SQLite database
New Testament,Matthew,25,Matt 25:14-23,rid_e7e17e68ca54c1f75f65,babah-24-01,The Departure of the Righteous Father Abba Hilarion,Annual / fixed or ordinary cycle,vespers_gospel,,vespers_gospel,current_public_or_local_reference,local repo snapshot of pierresaid Katameros API SQLite database
New Testament,Matthew,25,Matt 25:14-23,rid_e7e17e68ca54c1f75f65,babah-27-01,The Martyrdom of the Righteous Father Saint Macarius Bishop of Edkow (Tkoou),Annual / fixed or ordinary cycle,vespers_gospel,,vespers_gospel,current_public_or_local_reference,local repo snapshot of pierresaid Katameros API SQLite database
New Testament,Matthew,25,Matt 25:14-23,rid_e7e17e68ca54c1f75f65,baramhat-27-01,The Commemoration of the Crucifixion of Our Lord Jesus Christ,Annual / fixed or ordinary cycle,vespers_gospel,,vespers_gospel,current_public_or_local_reference,local repo snapshot of pierresaid Katameros API SQLite database
New Testament,Matthew,25,Matt 25:14-23,rid_e7e17e68ca54c1f75f65,baramhat-04-01,Assembly of the Holy Council on the island of Bani-Omar,Annual / fixed or ordinary cycle,vespers_gospel,,vespers_gospel,current_public_or_local_reference,local repo snapshot of pierresaid Katameros API SQLite database
New Testament,Matthew,25,Matt 25:14-23,rid_e7e17e68ca54c1f75f65,barmuda-9,Barmuda 9,Annual / fixed or ordinary cycle,vespers_gospel,,vespers_gospel,current_public_or_local_reference,local repo snapshot of pierresaid Katameros API SQLite database
New Testament,Matthew,25,Matt 25:14-23,rid_e7e17e68ca54c1f75f65,bashans-13-01,The Departure Of St. Arsanius The Tutor Of the Emperor's Children,Annual / fixed or ordinary cycle,vespers_gospel,,vespers_gospel,current_public_or_local_reference,local repo snapshot of pierresaid Katameros API SQLite database
New Testament,Matthew,25,Matt 25:14-26:2,rid_3bc4b2afd00d29375c46,tuesday,Tuesday,Pascha / Holy Week,Eleventh Hour,Eleventh Hour,Gospel,historical_witness,"Lent 1734 A.M., 2018 A.D. eBook extracted text"
New Testament,Matthew,25,Matt 25:31-46,rid_aced6b77a8e9dca5153a,al-nasi-03-01,"The Commemoration of the Angel Raphael, the Archangel",Annual / fixed or ordinary cycle,liturgy_gospel,,liturgy_gospel,current_public_or_local_reference,local repo snapshot of pierresaid Katameros API SQLite database
New Testament,Matthew,25,Matt 25:31-46,rid_aced6b77a8e9dca5153a,baunah-13-01,"The Departure of St. John, Bishop of Jerusalem",Annual / fixed or ordinary cycle,liturgy_gospel,,liturgy_gospel,current_public_or_local_reference,local repo snapshot of pierresaid Katameros API SQLite database
New Testament,Matthew,25,Matt 25:31-46,rid_aced6b77a8e9dca5153a,baunah-13-01,"The Departure of St. John, Bishop of Jerusalem",Annual / fixed or ordinary cycle,Liturgy,,Gospel,current_public_or_local_reference,local cache covering 2020 to 2035
New Testament,Matthew,25,Matt 25:32-46,rid_58ec1a2b587e270899b4,nasie-3,Nasie 3,Annual / fixed or ordinary cycle,Liturgy,,Gospel,current_public_or_local_reference,local cache covering 2020 to 2035
New Testament,Matthew,26,Matt 26:17-19,rid_a3e2c8af7f4595282adb,great-thursday,Great Thursday,Pascha / Holy Week,Ninth Hour,Ninth Hour,Gospel,current_working_source_not_coptic_reader_checked,local repo snapshot of pierresaid Katameros API SQLite database
New Testament,Matthew,26,Matt 26:17-19,rid_a3e2c8af7f4595282adb,great-thursday,Great Thursday,Pascha / Holy Week,Third Hour,Third Hour,Gospel,current_working_source_not_coptic_reader_checked,local repo snapshot of pierresaid Katameros API SQLite database
New Testament,Matthew,26,Matt 26:20-29,rid_d4896e0e8c34cd17fa1c,the-covenant-thursday,the Covenant Thursday,Pascha / Holy Week,Liturgy,Liturgy,Gospel,historical_witness,"Lent 1734 A.M., 2018 A.D. eBook extracted text"
New Testament,Matthew,26,Matt 26:3-16,rid_ee62ed11065129a5f12c,great-thursday,Great Thursday,Pascha / Holy Week,Ninth Hour,Ninth Hour,Gospel,historical_witness,"Lent 1734 A.M., 2018 A.D. eBook extracted text"
New Testament,Matthew,26,Matt 26:3-16,rid_ee62ed11065129a5f12c,wednesday,Wednesday,Pascha / Holy Week,Ninth Hour,Ninth Hour,Gospel,current_confirmed_by_fixture_equivalence,local repo snapshot of pierresaid Katameros API SQLite database
New Testament,Matthew,26,Matt 26:3-16,rid_ee62ed11065129a5f12c,wednesday-of-holy-pascha,Wednesday of Holy Pascha,Pascha / Holy Week,Ninth Hour,Ninth Hour,gospel,current_confirmed_coptic_reader,"manual Coptic Reader fixture supplied by George, 2026-06-15"
New Testament,Matthew,26,Matt 26:30-35,rid_e0e34ff78ea55157b2aa,good-friday-eve,Good Friday Eve,Pascha / Holy Week,Third Hour,Third Hour,Gospel,historical_witness,"Lent 1734 A.M., 2018 A.D. eBook extracted text"
New Testament,Matthew,26,Matt 26:30-35,rid_e0e34ff78ea55157b2aa,great-thursday-eve,Great Thursday Eve,Pascha / Holy Week,Third Hour,Third Hour,Gospel,current_working_source_not_coptic_reader_checked,local repo snapshot of pierresaid Katameros API SQLite database
New Testament,Matthew,26,Matt 26:36-46,rid_81b030906fd3b5f4e131,good-friday-eve,Good Friday Eve,Pascha / Holy Week,Sixth Hour,Sixth Hour,Gospel,historical_witness,"Lent 1734 A.M., 2018 A.D. eBook extracted text"
New Testament,Matthew,26,Matt 26:36-46,rid_81b030906fd3b5f4e131,great-thursday-eve,Great Thursday Eve,Pascha / Holy Week,Sixth Hour,Sixth Hour,Gospel,current_working_source_not_coptic_reader_checked,local repo snapshot of pierresaid Katameros API SQLite database
New Testament,Matthew,26,Matt 26:47-58,rid_3fef339e84720cf43736,good-friday-eve,Good Friday Eve,Pascha / Holy Week,Ninth Hour,Ninth Hour,Gospel,historical_witness,"Lent 1734 A.M., 2018 A.D. eBook extracted text"
New Testament,Matthew,26,Matt 26:47-58,rid_3fef339e84720cf43736,great-thursday-eve,Great Thursday Eve,Pascha / Holy Week,Ninth Hour,Ninth Hour,Gospel,current_working_source_not_coptic_reader_checked,local repo snapshot of pierresaid Katameros API SQLite database
New Testament,Matthew,26,Matt 26:59-75,rid_d17124a46d930986c11b,good-friday-eve,Good Friday Eve,Pascha / Holy Week,Eleventh Hour,Eleventh Hour,Gospel,historical_witness,"Lent 1734 A.M., 2018 A.D. eBook extracted text"
New Testament,Matthew,26,Matt 26:59-75,rid_d17124a46d930986c11b,great-thursday-eve,Great Thursday Eve,Pascha / Holy Week,Eleventh Hour,Eleventh Hour,Gospel,current_working_source_not_coptic_reader_checked,local repo snapshot of pierresaid Katameros API SQLite database
New Testament,Matthew,26,Matt 26:6-13,rid_a2305e5f7df71ec0722c,abib-01-01,The Martyrdom of Saint Febronia the Ascetic,Annual / fixed or ordinary cycle,Vespers,,Gospel,current_public_or_local_reference,local cache covering 2020 to 2035
New Testament,Matthew,26,Matt 26:6-13,rid_a2305e5f7df71ec0722c,abib-01-01,The Martyrdom of Saint Febronia the Ascetic,Annual / fixed or ordinary cycle,vespers_gospel,,vespers_gospel,current_public_or_local_reference,local repo snapshot of pierresaid Katameros API SQLite database
New Testament,Matthew,26,Matt 26:6-13,rid_a2305e5f7df71ec0722c,abib-17-01,The Martyrdom of St. Euphemia,Annual / fixed or ordinary cycle,Vespers,,Gospel,current_public_or_local_reference,local cache covering 2020 to 2035
New Testament,Matthew,26,Matt 26:6-13,rid_a2305e5f7df71ec0722c,abib-17-01,The Martyrdom of St. Euphemia,Annual / fixed or ordinary cycle,vespers_gospel,,vespers_gospel,current_public_or_local_reference,local repo snapshot of pierresaid Katameros API SQLite database
New Testament,Matthew,26,Matt 26:6-13,rid_a2305e5f7df71ec0722c,abib-28-01,The Departure of St. Mary Magdalene,Annual / fixed or ordinary cycle,Vespers,,Gospel,current_public_or_local_reference,local cache covering 2020 to 2035
New Testament,Matthew,26,Matt 26:6-13,rid_a2305e5f7df71ec0722c,abib-28-01,The Departure of St. Mary Magdalene,Annual / fixed or ordinary cycle,vespers_gospel,,vespers_gospel,current_public_or_local_reference,local repo snapshot of pierresaid Katameros API SQLite database
New Testament,Matthew,26,Matt 26:6-13,rid_a2305e5f7df71ec0722c,babah-01-01,The Martyrdom of Saint Anastasia,Annual / fixed or ordinary cycle,Vespers,,Gospel,current_public_or_local_reference,local cache covering 2020 to 2035
New Testament,Matthew,26,Matt 26:6-13,rid_a2305e5f7df71ec0722c,babah-01-01,The Martyrdom of Saint Anastasia,Annual / fixed or ordinary cycle,vespers_gospel,,vespers_gospel,current_public_or_local_reference,local repo snapshot of pierresaid Katameros API SQLite database
New Testament,Matthew,26,Matt 26:6-13,rid_a2305e5f7df71ec0722c,babah-06-01,"The Departure of the Righteous Hannah, the Prophetess Mother of Samuel, the Prophet",Annual / fixed or ordinary cycle,vespers_gospel,,vespers_gospel,current_public_or_local_reference,local repo snapshot of pierresaid Katameros API SQLite database
New Testament,Matthew,26,Matt 26:6-13,rid_a2305e5f7df71ec0722c,baramhat-15-01,The Departure of St. Sarah the nun,Annual / fixed or ordinary cycle,vespers_gospel,,vespers_gospel,current_public_or_local_reference,local repo snapshot of pierresaid Katameros API SQLite database
New Testament,Matthew,26,Matt 26:6-13,rid_a2305e5f7df71ec0722c,baramhat-26-01,"The Departure of St. Euphrasia (Eupraxia), the virgin",Annual / fixed or ordinary cycle,vespers_gospel,,vespers_gospel,current_public_or_local_reference,local repo snapshot of pierresaid Katameros API SQLite database
New Testament,Matthew,26,Matt 26:6-13,rid_a2305e5f7df71ec0722c,barmuda-11,Barmuda 11,Annual / fixed or ordinary cycle,vespers_gospel,,vespers_gospel,current_public_or_local_reference,local repo snapshot of pierresaid Katameros API SQLite database
New Testament,Matthew,26,Matt 26:6-13,rid_a2305e5f7df71ec0722c,barmuda-25,Barmuda 25,Annual / fixed or ordinary cycle,vespers_gospel,,vespers_gospel,current_public_or_local_reference,local repo snapshot of pierresaid Katameros API SQLite database
New Testament,Matthew,26,Matt 26:6-13,rid_a2305e5f7df71ec0722c,barmuda-6,Barmuda 6,Annual / fixed or ordinary cycle,vespers_gospel,,vespers_gospel,current_public_or_local_reference,local repo snapshot of pierresaid Katameros API SQLite database
New Testament,Matthew,26,Matt 26:6-13,rid_a2305e5f7df71ec0722c,barmuda-8,Barmuda 8,Annual / fixed or ordinary cycle,vespers_gospel,,vespers_gospel,current_public_or_local_reference,local repo snapshot of pierresaid Katameros API SQLite database
New Testament,Matthew,26,Matt 26:6-13,rid_a2305e5f7df71ec0722c,fast-of-nineveh,Fast of Nineveh,Annual / fixed or ordinary cycle,Vespers,,Gospel,current_public_or_local_reference,local cache covering 2020 to 2035
New Testament,Matthew,26,Matt 26:6-13,rid_a2305e5f7df71ec0722c,hatoor-10,Hatoor 10,Annual / fixed or ordinary cycle,vespers_gospel,,vespers_gospel,current_public_or_local_reference,local repo snapshot of pierresaid Katameros API SQLite database
New Testament,Matthew,26,Matt 26:6-13,rid_a2305e5f7df71ec0722c,hator-10,Hator 10,Annual / fixed or ordinary cycle,Vespers,,Gospel,current_public_or_local_reference,local cache covering 2020 to 2035
New Testament,Matthew,26,Matt 26:6-13,rid_a2305e5f7df71ec0722c,kiak-26,Kiak 26,Annual / fixed or ordinary cycle,Vespers,,Gospel,current_public_or_local_reference,local cache covering 2020 to 2035
New Testament,Matthew,26,Matt 26:6-13,rid_a2305e5f7df71ec0722c,kiyahk-26-01,The Martyrdom of St. Anastasia,Annual / fixed or ordinary cycle,vespers_gospel,,vespers_gospel,current_public_or_local_reference,local repo snapshot of pierresaid Katameros API SQLite database
New Testament,Matthew,27,Matt 27:1-14,rid_eb2cbf4361420fe5dd30,good-friday,Good Friday,Pascha / Holy Week,First Hour,First Hour,Gospel,current_working_source_not_coptic_reader_checked,local repo snapshot of pierresaid Katameros API SQLite database
New Testament,Matthew,27,Matt 27:15-26,rid_9e88db33cb573e2da938,good-friday,Good Friday,Pascha / Holy Week,Third Hour,Third Hour,Gospel,current_working_source_not_coptic_reader_checked,local repo snapshot of pierresaid Katameros API SQLite database
New Testament,Matthew,27,Matt 27:27-45,rid_afffc4e945b4f7124705,good-friday,Good Friday,Pascha / Holy Week,Sixth Hour,Sixth Hour,Gospel,current_working_source_not_coptic_reader_checked,local repo snapshot of pierresaid Katameros API SQLite database
New Testament,Matthew,27,Matt 27:46-50,rid_0b612c8635ac0a8f3e74,good-friday,Good Friday,Pascha / Holy Week,Ninth Hour,Ninth Hour,Gospel,current_working_source_not_coptic_reader_checked,local repo snapshot of pierresaid Katameros API SQLite database
New Testament,Matthew,27,Matt 27:51-56,rid_2d11e348ed0fff139cbc,good-friday,Good Friday,Pascha / Holy Week,Eleventh Hour,Eleventh Hour,Gospel,current_working_source_not_coptic_reader_checked,local repo snapshot of pierresaid Katameros API SQLite database
New Testament,Matthew,27,Matt 27:57-61,rid_9edabff24638eaef7b45,good-friday,Good Friday,Pascha / Holy Week,Twelfth Hour,Twelfth Hour,Gospel,current_working_source_not_coptic_reader_checked,local repo snapshot of pierresaid Katameros API SQLite database
New Testament,Matthew,27,Matt 27:62-66,rid_cfbba3cbfe82f0f857a7,matins-raising-of-incense,MATINS / RAISING OF INCENSE,Pascha / Holy Week,Matins,,Gospel,current_public_or_local_reference,local package snapshot
New Testament,Matthew,28,Matt 28:1-20,rid_58f31273e478759fa7af,bright-saturday,Bright Saturday,Pascha / Holy Week,Liturgy,Liturgy,Gospel,current_working_source_not_coptic_reader_checked,local repo snapshot of pierresaid Katameros API SQLite database
New Testament,Matthew,28,Matt 28:1-20,rid_58f31273e478759fa7af,st-basil-liturgy-liturgy-of-the-word,ST. BASIL LITURGY – LITURGY OF THE WORD,Pascha / Holy Week,Liturgy,,Gospel,current_public_or_local_reference,local package snapshot
New Testament,Matthew,28,Matt 28:1-20,rid_58f31273e478759fa7af,the-first-sunday-of-abib,The first Sunday of Abib,Annual / fixed or ordinary cycle,Matins,,Gospel,current_public_or_local_reference,local cache covering 2020 to 2035
New Testament,Matthew,28,Matt 28:1-20,rid_58f31273e478759fa7af,the-first-sunday-of-abib-apostle-s-feast,The first Sunday of Abib (Apostle's Feast),Annual / fixed or ordinary cycle,Matins,,Gospel,current_public_or_local_reference,local cache covering 2020 to 2035
New Testament,Matthew,28,Matt 28:1-20,rid_58f31273e478759fa7af,the-first-sunday-of-baba,The first Sunday of Baba,Annual / fixed or ordinary cycle,Matins,,Gospel,current_public_or_local_reference,local cache covering 2020 to 2035
New Testament,Matthew,28,Matt 28:1-20,rid_58f31273e478759fa7af,the-first-sunday-of-hator,The first Sunday of Hator,Annual / fixed or ordinary cycle,Matins,,Gospel,current_public_or_local_reference,local cache covering 2020 to 2035
New Testament,Matthew,28,Matt 28:1-20,rid_58f31273e478759fa7af,the-first-sunday-of-mesra,The first Sunday of Mesra,Annual / fixed or ordinary cycle,Matins,,Gospel,current_public_or_local_reference,local cache covering 2020 to 2035
New Testament,Matthew,28,Matt 28:1-20,rid_58f31273e478759fa7af,the-first-sunday-of-paona,The first Sunday of Paona,Annual / fixed or ordinary cycle,Matins,,Gospel,current_public_or_local_reference,local cache covering 2020 to 2035
New Testament,Matthew,28,Matt 28:1-20,rid_58f31273e478759fa7af,babah-01-01,The Martyrdom of Saint Anastasia,Annual / fixed or ordinary cycle,matins_gospel,,matins_gospel,current_public_or_local_reference,local repo snapshot of pierresaid Katameros API SQLite database
New Testament,Matthew,28,Matt 28:16-20,rid_56405fb0f0b434d8ad1c,holy-fifty-days-pentecost-cycle,Holy Fifty Days/Pentecost cycle,Holy Fifty Days,matins_gospel,,matins_gospel,current_public_or_local_reference,local repo snapshot of pierresaid Katameros API SQLite database
New Testament,Matthew,28,Matt 28:16-20,rid_56405fb0f0b434d8ad1c,tuesday-of-the-first-week-of-the-holy-fifty-days,Tuesday of the first week of the holy fifty days,Holy Fifty Days,Matins,,Gospel,current_public_or_local_reference,local cache covering 2020 to 2035
New Testament,Matthew,28,Matt 28:16-20,rid_56405fb0f0b434d8ad1c,myron-consecration,myron_consecration,Special service,liturgy,,liturgy,current_public_or_local_reference,local package snapshot
New Testament,Matthew,6,Matt 6:34-7,rid_fd87f1ef66f205cfdb85,great-lent-jonah-nineveh-cycle,Great Lent/Jonah/Nineveh cycle,Great Lent,vespers_gospel,,vespers_gospel,current_public_or_local_reference,local repo snapshot of pierresaid Katameros API SQLite database
New Testament,Matthew,7,Matt 7:13-21,rid_22cfcbb3d48ffc6590c8,great-lent-jonah-nineveh-cycle,Great Lent/Jonah/Nineveh cycle,Great Lent,liturgy_gospel,,liturgy_gospel,current_public_or_local_reference,local repo snapshot of pierresaid Katameros API SQLite database
New Testament,Matthew,7,Matt 7:13-21,rid_22cfcbb3d48ffc6590c8,saturday-of-the-second-week-of-great-lent,Saturday of the second week of Great Lent,Great Lent,Liturgy,,Gospel,current_public_or_local_reference,local cache covering 2020 to 2035
New Testament,Matthew,7,Matt 7:22-25,rid_0280436e63113ac0e88d,abib-15-01,The Departure of St. Ephraem El-Soriani (The Syrian),Annual / fixed or ordinary cycle,Vespers,,Gospel,current_public_or_local_reference,local cache covering 2020 to 2035
New Testament,Matthew,7,Matt 7:22-25,rid_0280436e63113ac0e88d,abib-15-01,The Departure of St. Ephraem El-Soriani (The Syrian),Annual / fixed or ordinary cycle,vespers_gospel,,vespers_gospel,current_public_or_local_reference,local repo snapshot of pierresaid Katameros API SQLite database
New Testament,Matthew,7,Matt 7:22-25,rid_0280436e63113ac0e88d,amshir-30-01,The Appearance of the Head of St. John the Baptist,Annual / fixed or ordinary cycle,vespers_gospel,,vespers_gospel,current_public_or_local_reference,local repo snapshot of pierresaid Katameros API SQLite database
New Testament,Matthew,7,Matt 7:22-25,rid_0280436e63113ac0e88d,amshir-09-01,"The Departure of St. Barsauma, the Father of the Syrian Monks",Annual / fixed or ordinary cycle,Vespers,,Gospel,current_public_or_local_reference,local cache covering 2020 to 2035
New Testament,Matthew,7,Matt 7:22-25,rid_0280436e63113ac0e88d,amshir-09-01,"The Departure of St. Barsauma, the Father of the Syrian Monks",Annual / fixed or ordinary cycle,vespers_gospel,,vespers_gospel,current_public_or_local_reference,local repo snapshot of pierresaid Katameros API SQLite database
New Testament,Matthew,7,Matt 7:22-25,rid_0280436e63113ac0e88d,bashans-14-01,"The Departure of St. Pachomius (Pakhom), the Father of the Spiritual Communal Monastic life (Cenobitic life)",Annual / fixed or ordinary cycle,vespers_gospel,,vespers_gospel,current_public_or_local_reference,local repo snapshot of pierresaid Katameros API SQLite database
New Testament,Matthew,7,Matt 7:22-25,rid_0280436e63113ac0e88d,bashans-02-01,The Departure of the righteous Job,Annual / fixed or ordinary cycle,vespers_gospel,,vespers_gospel,current_public_or_local_reference,local repo snapshot of pierresaid Katameros API SQLite database
New Testament,Matthew,7,Matt 7:22-25,rid_0280436e63113ac0e88d,bashans-21-01,The Commemoration of the Holy and Pure Virgin Mary,Annual / fixed or ordinary cycle,vespers_gospel,,vespers_gospel,current_public_or_local_reference,local repo snapshot of pierresaid Katameros API SQLite database
New Testament,Matthew,7,Matt 7:22-25,rid_0280436e63113ac0e88d,bashans-29-01,The Departure Of St. Simon the Stylite,Annual / fixed or ordinary cycle,vespers_gospel,,vespers_gospel,current_public_or_local_reference,local repo snapshot of pierresaid Katameros API SQLite database
New Testament,Matthew,7,Matt 7:22-25,rid_0280436e63113ac0e88d,bashons-21,Bashons 21,Annual / fixed or ordinary cycle,Vespers,,Gospel,current_public_or_local_reference,local cache covering 2020 to 2035
New Testament,Matthew,7,Matt 7:22-25,rid_0280436e63113ac0e88d,bashons-29,Bashons 29,Annual / fixed or ordinary cycle,Vespers,,Gospel,current_public_or_local_reference,local cache covering 2020 to 2035
New Testament,Matthew,7,Matt 7:22-25,rid_0280436e63113ac0e88d,baunah-24-01,The Martyrdom of the Great Saint Anba Moses the Black,Annual / fixed or ordinary cycle,vespers_gospel,,vespers_gospel,current_public_or_local_reference,local repo snapshot of pierresaid Katameros API SQLite database
New Testament,Matthew,7,Matt 7:22-25,rid_0280436e63113ac0e88d,great-lent,Great Lent,Great Lent,Vespers,,Gospel,current_public_or_local_reference,local cache covering 2020 to 2035
New Testament,Matthew,7,Matt 7:22-25,rid_0280436e63113ac0e88d,kiak-17,Kiak 17,Annual / fixed or ordinary cycle,Vespers,,Gospel,current_public_or_local_reference,local cache covering 2020 to 2035
New Testament,Matthew,7,Matt 7:22-25,rid_0280436e63113ac0e88d,kiyahk-17-01,The Commemoration of the Departure of St. Luke the Stylite and the Relocation of His Holy Relics,Annual / fixed or ordinary cycle,vespers_gospel,,vespers_gospel,current_public_or_local_reference,local repo snapshot of pierresaid Katameros API SQLite database
New Testament,Matthew,7,Matt 7:22-25,rid_0280436e63113ac0e88d,mesra-03-01,The Relocation of the Body of St. Simon (Simeon) the Stylite to the city of Antioch,Annual / fixed or ordinary cycle,Vespers,,Gospel,current_public_or_local_reference,local cache covering 2020 to 2035
New Testament,Matthew,7,Matt 7:22-25,rid_0280436e63113ac0e88d,mesra-03-01,The Relocation of the Body of St. Simon (Simeon) the Stylite to the city of Antioch,Annual / fixed or ordinary cycle,vespers_gospel,,vespers_gospel,current_public_or_local_reference,local repo snapshot of pierresaid Katameros API SQLite database
New Testament,Matthew,7,Matt 7:22-25,rid_0280436e63113ac0e88d,baunah-24-01,The Martyrdom of the Great Saint Anba Moses the Black,Annual / fixed or ordinary cycle,Vespers,,Gospel,current_public_or_local_reference,local cache covering 2020 to 2035
New Testament,Matthew,7,Matt 7:22-25,rid_0280436e63113ac0e88d,tut-14-01,The Departure of St. Agathon the Stylite,Annual / fixed or ordinary cycle,Vespers,,Gospel,current_public_or_local_reference,local cache covering 2020 to 2035
New Testament,Matthew,7,Matt 7:22-25,rid_0280436e63113ac0e88d,tut-14-01,The Departure of St. Agathon the Stylite,Annual / fixed or ordinary cycle,vespers_gospel,,vespers_gospel,current_public_or_local_reference,local repo snapshot of pierresaid Katameros API SQLite database
New Testament,Matthew,7,Matt 7:22-29,rid_267b61b38814458f3532,great-lent-jonah-nineveh-cycle,Great Lent/Jonah/Nineveh cycle,Great Lent,matins_gospel,,matins_gospel,current_public_or_local_reference,local repo snapshot of pierresaid Katameros API SQLite database
New Testament,Matthew,7,Matt 7:22-29,rid_267b61b38814458f3532,sunday-of-the-first-week-of-great-lent,Sunday of the first week of Great Lent,Great Lent,Matins,,Gospel,current_public_or_local_reference,local cache covering 2020 to 2035
New Testament,Matthew,7,Matt 7:7-12,rid_9ea4498df34593537779,the-third-sunday-of-paona,The third Sunday of Paona,Annual / fixed or ordinary cycle,Vespers,,Gospel,current_public_or_local_reference,local cache covering 2020 to 2035
New Testament,Matthew,7,Matt 7:7-12,rid_9ea4498df34593537779,baunah-03-01,The Construction of the first church of St. George in the cities of Birma and Beer Maa (Water Well) in the Oases,Annual / fixed or ordinary cycle,vespers_gospel,,vespers_gospel,current_public_or_local_reference,local repo snapshot of pierresaid Katameros API SQLite database
New Testament,Philippians,1,Phil 1:1-11,rid_29ed3e9dcd60d5394948,baramhat-11-01,The Martyrdom Of St. Basil (Basilaos) The Bishop,Annual / fixed or ordinary cycle,liturgy_pauline,,liturgy_pauline,current_public_or_local_reference,local repo snapshot of pierresaid Katameros API SQLite database
New Testament,Philippians,1,Phil 1:1-11,rid_29ed3e9dcd60d5394948,baramhat-14-01,The Departure of Anba Kyrellos (Cyril) the Seventy Fifth Pope of Alexandria,Annual / fixed or ordinary cycle,liturgy_pauline,,liturgy_pauline,current_public_or_local_reference,local repo snapshot of pierresaid Katameros API SQLite database
New Testament,Philippians,1,Phil 1:1-11,rid_29ed3e9dcd60d5394948,barmuda-21,Barmuda 21,Annual / fixed or ordinary cycle,liturgy_pauline,,liturgy_pauline,current_public_or_local_reference,local repo snapshot of pierresaid Katameros API SQLite database
New Testament,Philippians,1,Phil 1:1-11,rid_29ed3e9dcd60d5394948,tut-21-01,"The Commemoration of the Virgin St. Mary, the Theotokos",Annual / fixed or ordinary cycle,Liturgy,,Pauline Epistle,current_public_or_local_reference,local cache covering 2020 to 2035
New Testament,Philippians,1,Phil 1:1-11,rid_29ed3e9dcd60d5394948,tut-23-01,The Martyrdom of Sts. Eunapios (Onanius) and Andrew,Annual / fixed or ordinary cycle,Liturgy,,Pauline Epistle,current_public_or_local_reference,local cache covering 2020 to 2035
New Testament,Philippians,1,Phil 1:1-11,rid_29ed3e9dcd60d5394948,tut-21-01,"The Commemoration of the Virgin St. Mary, the Theotokos",Annual / fixed or ordinary cycle,liturgy_pauline,,liturgy_pauline,current_public_or_local_reference,local repo snapshot of pierresaid Katameros API SQLite database
New Testament,Philippians,1,Phil 1:1-11,rid_29ed3e9dcd60d5394948,tut-23-01,The Martyrdom of Sts. Eunapios (Onanius) and Andrew,Annual / fixed or ordinary cycle,liturgy_pauline,,liturgy_pauline,current_public_or_local_reference,local repo snapshot of pierresaid Katameros API SQLite database
New Testament,Philippians,1,Phil 1:27-30,rid_04b5983768df617ca96e,abib-04-01,The Commemoration of the Relocation of the Relics of Sts. Apakir and John,Annual / fixed or ordinary cycle,liturgy_pauline,,liturgy_pauline,current_public_or_local_reference,local repo snapshot of pierresaid Katameros API SQLite database
New Testament,Philippians,2,Phil 2:1-11,rid_02fe8b721c169c9e3435,abib-04-01,The Commemoration of the Relocation of the Relics of Sts. Apakir and John,Annual / fixed or ordinary cycle,liturgy_pauline,,liturgy_pauline,current_public_or_local_reference,local repo snapshot of pierresaid Katameros API SQLite database
New Testament,Philippians,2,Phil 2:1-16,rid_81a584783bb900aea49d,great-lent-jonah-nineveh-cycle,Great Lent/Jonah/Nineveh cycle,Great Lent,liturgy_pauline,,liturgy_pauline,current_public_or_local_reference,local repo snapshot of pierresaid Katameros API SQLite database
New Testament,Philippians,2,Phil 2:1-16,rid_81a584783bb900aea49d,monday-of-the-fifth-week-of-great-lent,Monday of the fifth week of Great Lent,Great Lent,Liturgy,,Pauline Epistle,current_public_or_local_reference,local cache covering 2020 to 2035
New Testament,Philippians,2,Phil 2:22-26,rid_040b642f478c4c150cbc,great-lent-jonah-nineveh-cycle,Great Lent/Jonah/Nineveh cycle,Great Lent,liturgy_pauline,,liturgy_pauline,current_public_or_local_reference,local repo snapshot of pierresaid Katameros API SQLite database
New Testament,Philippians,2,Phil 2:22-26,rid_040b642f478c4c150cbc,tuesday-of-the-fifth-week-of-great-lent,Tuesday of the fifth week of Great Lent,Great Lent,Liturgy,,Pauline Epistle,current_public_or_local_reference,local cache covering 2020 to 2035
New Testament,Philippians,2,Phil 2:4-11,rid_459d5b9ccee8e5bb221f,good-friday,Good Friday,Pascha / Holy Week,Ninth Hour,Ninth Hour,Pauline,historical_witness,"Lent 1734 A.M., 2018 A.D. eBook extracted text"
New Testament,Philippians,2,Phil 2:5-11,rid_f2a5f5034b0412b941ad,good-friday,Good Friday,Pascha / Holy Week,Ninth Hour,Ninth Hour,Pauline,current_working_source_not_coptic_reader_checked,local repo snapshot of pierresaid Katameros API SQLite database
New Testament,Philippians,3,Phil 3:1-12,rid_96f3ace69a48d02879e2,amshir-08-01,The Feast of Presenting the Lord Christ in the Temple,Annual / fixed or ordinary cycle,liturgy_pauline,,liturgy_pauline,current_public_or_local_reference,local repo snapshot of pierresaid Katameros API SQLite database
New Testament,Philippians,3,Phil 3:1-12,rid_96f3ace69a48d02879e2,circumcision-of-our-lord,Circumcision of our Lord,Annual / fixed or ordinary cycle,Liturgy,,Pauline Epistle,current_public_or_local_reference,local cache covering 2020 to 2035
New Testament,Philippians,3,Phil 3:1-12,rid_96f3ace69a48d02879e2,entrance-into-the-temple,Entrance into the Temple,Annual / fixed or ordinary cycle,Liturgy,,Pauline Epistle,current_public_or_local_reference,local cache covering 2020 to 2035
New Testament,Philippians,3,Phil 3:1-12,rid_96f3ace69a48d02879e2,tubah-06-01,The Commemoration of the Circumcision of the Lord Christ,Annual / fixed or ordinary cycle,liturgy_pauline,,liturgy_pauline,current_public_or_local_reference,local repo snapshot of pierresaid Katameros API SQLite database
New Testament,Philippians,3,Phil 3:20-21,rid_0bff5db63a2c5e0a7e42,babah-24-01,The Departure of the Righteous Father Abba Hilarion,Annual / fixed or ordinary cycle,liturgy_pauline,,liturgy_pauline,current_public_or_local_reference,local repo snapshot of pierresaid Katameros API SQLite database
New Testament,Philippians,3,Phil 3:20-21,rid_0bff5db63a2c5e0a7e42,barmuda-9,Barmuda 9,Annual / fixed or ordinary cycle,liturgy_pauline,,liturgy_pauline,current_public_or_local_reference,local repo snapshot of pierresaid Katameros API SQLite database
New Testament,Philippians,3,Phil 3:20-21,rid_0bff5db63a2c5e0a7e42,bashans-13-01,The Departure Of St. Arsanius The Tutor Of the Emperor's Children,Annual / fixed or ordinary cycle,liturgy_pauline,,liturgy_pauline,current_public_or_local_reference,local repo snapshot of pierresaid Katameros API SQLite database
New Testament,Philippians,3,Phil 3:20-21,rid_0bff5db63a2c5e0a7e42,bashans-19-01,"The Commemoration of the Departure of Abba Isaac, the Priest of El-Qalali (Cells)",Annual / fixed or ordinary cycle,liturgy_pauline,,liturgy_pauline,current_public_or_local_reference,local repo snapshot of pierresaid Katameros API SQLite database
New Testament,Philippians,3,Phil 3:20-21,rid_0bff5db63a2c5e0a7e42,baunah-17-01,The Return of the Relics of the Great St. Mark to the New St. Mark Cathedral,Annual / fixed or ordinary cycle,liturgy_pauline,,liturgy_pauline,current_public_or_local_reference,local repo snapshot of pierresaid Katameros API SQLite database
New Testament,Philippians,3,Phil 3:20-21,rid_0bff5db63a2c5e0a7e42,baunah-23-01,The Departure of St. Abba Noub the Confessor,Annual / fixed or ordinary cycle,liturgy_pauline,,liturgy_pauline,current_public_or_local_reference,local repo snapshot of pierresaid Katameros API SQLite database
New Testament,Philippians,3,Phil 3:20-21,rid_0bff5db63a2c5e0a7e42,baunah-05-01,The Departure of St. James of the East,Annual / fixed or ordinary cycle,liturgy_pauline,,liturgy_pauline,current_public_or_local_reference,local repo snapshot of pierresaid Katameros API SQLite database
New Testament,Philippians,3,Phil 3:20-21,rid_0bff5db63a2c5e0a7e42,kiyahk-09-01,"The Departure of St. Poemin, the Confessor",Annual / fixed or ordinary cycle,liturgy_pauline,,liturgy_pauline,current_public_or_local_reference,local repo snapshot of pierresaid Katameros API SQLite database
New Testament,Philippians,3,Phil 3:20-21,rid_0bff5db63a2c5e0a7e42,mesra-25-01,"The Departure of St. Bessarion, the Great",Annual / fixed or ordinary cycle,liturgy_pauline,,liturgy_pauline,current_public_or_local_reference,local repo snapshot of pierresaid Katameros API SQLite database
New Testament,Philippians,3,Phil 3:20-21,rid_0bff5db63a2c5e0a7e42,tubah-22-01,The Departure of St. Anthony the Great (Antonius),Annual / fixed or ordinary cycle,liturgy_pauline,,liturgy_pauline,current_public_or_local_reference,local repo snapshot of pierresaid Katameros API SQLite database
New Testament,Philippians,3,Phil 3:20-4:9,rid_bb62163c0f7d4fef0e73,baba-24,Baba 24,Annual / fixed or ordinary cycle,Liturgy,,Pauline Epistle,current_public_or_local_reference,local cache covering 2020 to 2035
New Testament,Philippians,3,Phil 3:20-4:9,rid_bb62163c0f7d4fef0e73,fast-of-nineveh,Fast of Nineveh,Annual / fixed or ordinary cycle,Liturgy,,Pauline Epistle,current_public_or_local_reference,local cache covering 2020 to 2035
New Testament,Philippians,3,Phil 3:20-4:9,rid_bb62163c0f7d4fef0e73,kiak-9,Kiak 9,Annual / fixed or ordinary cycle,Liturgy,,Pauline Epistle,current_public_or_local_reference,local cache covering 2020 to 2035
New Testament,Philippians,3,Phil 3:20-4:9,rid_bb62163c0f7d4fef0e73,mesra-25,Mesra 25,Annual / fixed or ordinary cycle,Liturgy,,Pauline Epistle,current_public_or_local_reference,local cache covering 2020 to 2035
New Testament,Philippians,3,Phil 3:20-4:9,rid_bb62163c0f7d4fef0e73,paona-17,Paona 17,Annual / fixed or ordinary cycle,Liturgy,,Pauline Epistle,current_public_or_local_reference,local cache covering 2020 to 2035
New Testament,Philippians,3,Phil 3:20-4:9,rid_bb62163c0f7d4fef0e73,paona-23,Paona 23,Annual / fixed or ordinary cycle,Liturgy,,Pauline Epistle,current_public_or_local_reference,local cache covering 2020 to 2035
New Testament,Philippians,3,Phil 3:20-4:9,rid_bb62163c0f7d4fef0e73,paona-5,Paona 5,Annual / fixed or ordinary cycle,Liturgy,,Pauline Epistle,current_public_or_local_reference,local cache covering 2020 to 2035
New Testament,Philippians,3,Phil 3:20-4:9,rid_bb62163c0f7d4fef0e73,toba-22,Toba 22,Annual / fixed or ordinary cycle,Liturgy,,Pauline Epistle,current_public_or_local_reference,local cache covering 2020 to 2035
New Testament,Philippians,4,Phil 4:1-9,rid_9b6d3b88a15fb8b0e49a,babah-24-01,The Departure of the Righteous Father Abba Hilarion,Annual / fixed or ordinary cycle,liturgy_pauline,,liturgy_pauline,current_public_or_local_reference,local repo snapshot of pierresaid Katameros API SQLite database
New Testament,Philippians,4,Phil 4:1-9,rid_9b6d3b88a15fb8b0e49a,barmuda-9,Barmuda 9,Annual / fixed or ordinary cycle,liturgy_pauline,,liturgy_pauline,current_public_or_local_reference,local repo snapshot of pierresaid Katameros API SQLite database
New Testament,Philippians,4,Phil 4:1-9,rid_9b6d3b88a15fb8b0e49a,bashans-13-01,The Departure Of St. Arsanius The Tutor Of the Emperor's Children,Annual / fixed or ordinary cycle,liturgy_pauline,,liturgy_pauline,current_public_or_local_reference,local repo snapshot of pierresaid Katameros API SQLite database
New Testament,Philippians,4,Phil 4:1-9,rid_9b6d3b88a15fb8b0e49a,bashans-19-01,"The Commemoration of the Departure of Abba Isaac, the Priest of El-Qalali (Cells)",Annual / fixed or ordinary cycle,liturgy_pauline,,liturgy_pauline,current_public_or_local_reference,local repo snapshot of pierresaid Katameros API SQLite database
New Testament,Philippians,4,Phil 4:1-9,rid_9b6d3b88a15fb8b0e49a,baunah-17-01,The Return of the Relics of the Great St. Mark to the New St. Mark Cathedral,Annual / fixed or ordinary cycle,liturgy_pauline,,liturgy_pauline,current_public_or_local_reference,local repo snapshot of pierresaid Katameros API SQLite database
New Testament,Philippians,4,Phil 4:1-9,rid_9b6d3b88a15fb8b0e49a,baunah-23-01,The Departure of St. Abba Noub the Confessor,Annual / fixed or ordinary cycle,liturgy_pauline,,liturgy_pauline,current_public_or_local_reference,local repo snapshot of pierresaid Katameros API SQLite database
New Testament,Philippians,4,Phil 4:1-9,rid_9b6d3b88a15fb8b0e49a,baunah-05-01,The Departure of St. James of the East,Annual / fixed or ordinary cycle,liturgy_pauline,,liturgy_pauline,current_public_or_local_reference,local repo snapshot of pierresaid Katameros API SQLite database
New Testament,Philippians,4,Phil 4:1-9,rid_9b6d3b88a15fb8b0e49a,kiyahk-09-01,"The Departure of St. Poemin, the Confessor",Annual / fixed or ordinary cycle,liturgy_pauline,,liturgy_pauline,current_public_or_local_reference,local repo snapshot of pierresaid Katameros API SQLite database
New Testament,Philippians,4,Phil 4:1-9,rid_9b6d3b88a15fb8b0e49a,mesra-25-01,"The Departure of St. Bessarion, the Great",Annual / fixed or ordinary cycle,liturgy_pauline,,liturgy_pauline,current_public_or_local_reference,local repo snapshot of pierresaid Katameros API SQLite database
New Testament,Philippians,4,Phil 4:1-9,rid_9b6d3b88a15fb8b0e49a,tubah-22-01,The Departure of St. Anthony the Great (Antonius),Annual / fixed or ordinary cycle,liturgy_pauline,,liturgy_pauline,current_public_or_local_reference,local repo snapshot of pierresaid Katameros API SQLite database
New Testament,Philippians,4,Phil 4:4-9,rid_7528a41a25aaf07af211,great-lent-jonah-nineveh-cycle,Great Lent/Jonah/Nineveh cycle,Great Lent,liturgy_pauline,,liturgy_pauline,current_public_or_local_reference,local repo snapshot of pierresaid Katameros API SQLite database
New Testament,Philippians,4,Phil 4:4-9,rid_7528a41a25aaf07af211,saturday-of-the-fourth-week-of-great-lent,Saturday of the fourth week of Great Lent,Great Lent,Liturgy,,Pauline Epistle,current_public_or_local_reference,local cache covering 2020 to 2035
New Testament,Romans,10,Rom 10:4-13,rid_e998b7e0b4de101a9494,great-lent-jonah-nineveh-cycle,Great Lent/Jonah/Nineveh cycle,Great Lent,liturgy_pauline,,liturgy_pauline,current_public_or_local_reference,local repo snapshot of pierresaid Katameros API SQLite database
New Testament,Romans,10,Rom 10:4-13,rid_e998b7e0b4de101a9494,wednesday-of-the-seventh-week-of-great-lent,Wednesday of the seventh week of Great Lent,Great Lent,Liturgy,,Pauline Epistle,current_public_or_local_reference,local cache covering 2020 to 2035
New Testament,Romans,10,Rom 10:4-18,rid_a9f6f39b02e31672709a,abib-16-01,"The Departure of St. John, of the Golden Gospel",Annual / fixed or ordinary cycle,Liturgy,,Pauline Epistle,current_public_or_local_reference,local cache covering 2020 to 2035
New Testament,Romans,10,Rom 10:4-18,rid_a9f6f39b02e31672709a,abib-16-01,"The Departure of St. John, of the Golden Gospel",Annual / fixed or ordinary cycle,liturgy_pauline,,liturgy_pauline,current_public_or_local_reference,local repo snapshot of pierresaid Katameros API SQLite database
New Testament,Romans,10,Rom 10:4-18,rid_a9f6f39b02e31672709a,abib-18-01,"The Martyrdom of St. James the Apostle, Bishop of Jerusalem",Annual / fixed or ordinary cycle,Liturgy,,Pauline Epistle,current_public_or_local_reference,local cache covering 2020 to 2035
New Testament,Romans,10,Rom 10:4-18,rid_a9f6f39b02e31672709a,abib-18-01,"The Martyrdom of St. James the Apostle, Bishop of Jerusalem",Annual / fixed or ordinary cycle,liturgy_pauline,,liturgy_pauline,current_public_or_local_reference,local repo snapshot of pierresaid Katameros API SQLite database
New Testament,Romans,10,Rom 10:4-18,rid_a9f6f39b02e31672709a,abib-29-01,"The Commemoration of the Translocation of the Relics of St. Andrew, the Apostle",Annual / fixed or ordinary cycle,Liturgy,,Pauline Epistle,current_public_or_local_reference,local cache covering 2020 to 2035
New Testament,Romans,10,Rom 10:4-18,rid_a9f6f39b02e31672709a,abib-29-01,"The Commemoration of the Translocation of the Relics of St. Andrew, the Apostle",Annual / fixed or ordinary cycle,liturgy_pauline,,liturgy_pauline,current_public_or_local_reference,local repo snapshot of pierresaid Katameros API SQLite database
New Testament,Romans,10,Rom 10:4-18,rid_a9f6f39b02e31672709a,abib-05-01,"The Martyrdom of Sts. Peter and Paul, the Apostles",Annual / fixed or ordinary cycle,liturgy_pauline,,liturgy_pauline,current_public_or_local_reference,local repo snapshot of pierresaid Katameros API SQLite database
New Testament,Romans,10,Rom 10:4-18,rid_a9f6f39b02e31672709a,abib-05-01,"The Martyrdom of Sts. Peter and Paul, the Apostles",Annual / fixed or ordinary cycle,Liturgy,,Pauline Epistle,current_public_or_local_reference,local cache covering 2020 to 2035
New Testament,Romans,10,Rom 10:4-18,rid_a9f6f39b02e31672709a,al-nasi-01-01,The Departure of St. Eutychus,Annual / fixed or ordinary cycle,liturgy_pauline,,liturgy_pauline,current_public_or_local_reference,local repo snapshot of pierresaid Katameros API SQLite database
New Testament,Romans,10,Rom 10:4-18,rid_a9f6f39b02e31672709a,amshir-10-01,"The Martyrdom of St. James the Apostle, Son of Alphaeus",Annual / fixed or ordinary cycle,Liturgy,,Pauline Epistle,current_public_or_local_reference,local cache covering 2020 to 2035
New Testament,Romans,10,Rom 10:4-18,rid_a9f6f39b02e31672709a,amshir-10-01,"The Martyrdom of St. James the Apostle, Son of Alphaeus",Annual / fixed or ordinary cycle,liturgy_pauline,,liturgy_pauline,current_public_or_local_reference,local repo snapshot of pierresaid Katameros API SQLite database
New Testament,Romans,10,Rom 10:4-18,rid_a9f6f39b02e31672709a,amshir-21-01,The Commemoration of the Virgin St. Mary,Annual / fixed or ordinary cycle,Liturgy,,Pauline Epistle,current_public_or_local_reference,local cache covering 2020 to 2035
New Testament,Romans,10,Rom 10:4-18,rid_a9f6f39b02e31672709a,amshir-21-01,The Commemoration of the Virgin St. Mary,Annual / fixed or ordinary cycle,liturgy_pauline,,liturgy_pauline,current_public_or_local_reference,local repo snapshot of pierresaid Katameros API SQLite database
New Testament,Romans,10,Rom 10:4-18,rid_a9f6f39b02e31672709a,amshir-29-01,"The Martyrdom of St. Polycarp, Bishop of Smyrna",Annual / fixed or ordinary cycle,Liturgy,,Pauline Epistle,current_public_or_local_reference,local cache covering 2020 to 2035
New Testament,Romans,10,Rom 10:4-18,rid_a9f6f39b02e31672709a,amshir-29-01,"The Martyrdom of St. Polycarp, Bishop of Smyrna",Annual / fixed or ordinary cycle,liturgy_pauline,,liturgy_pauline,current_public_or_local_reference,local repo snapshot of pierresaid Katameros API SQLite database
New Testament,Romans,10,Rom 10:4-18,rid_a9f6f39b02e31672709a,baramhat-08-01,"The Martyrdom of St. Matthias, the apostle",Annual / fixed or ordinary cycle,liturgy_pauline,,liturgy_pauline,current_public_or_local_reference,local repo snapshot of pierresaid Katameros API SQLite database
New Testament,Romans,10,Rom 10:4-18,rid_a9f6f39b02e31672709a,barmuda-16,Barmuda 16,Annual / fixed or ordinary cycle,liturgy_pauline,,liturgy_pauline,current_public_or_local_reference,local repo snapshot of pierresaid Katameros API SQLite database
New Testament,Romans,10,Rom 10:4-18,rid_a9f6f39b02e31672709a,barmuda-17,Barmuda 17,Annual / fixed or ordinary cycle,liturgy_pauline,,liturgy_pauline,current_public_or_local_reference,local repo snapshot of pierresaid Katameros API SQLite database
New Testament,Romans,10,Rom 10:4-18,rid_a9f6f39b02e31672709a,bashans-16-01,The Commemoration of St. John The Evangelist,Annual / fixed or ordinary cycle,liturgy_pauline,,liturgy_pauline,current_public_or_local_reference,local repo snapshot of pierresaid Katameros API SQLite database
New Testament,Romans,10,Rom 10:4-18,rid_a9f6f39b02e31672709a,bashans-26-01,"The Martyrdom Of St. Thomas, the Apostle",Annual / fixed or ordinary cycle,liturgy_pauline,,liturgy_pauline,current_public_or_local_reference,local repo snapshot of pierresaid Katameros API SQLite database
New Testament,Romans,11,Rom 11:13-36,rid_edd1dd69fde04105e4b4,the-fourth-sunday-of-toba,The fourth Sunday of Toba,Annual / fixed or ordinary cycle,Liturgy,,Pauline Epistle,current_public_or_local_reference,local cache covering 2020 to 2035
New Testament,Romans,11,Rom 11:13-36,rid_edd1dd69fde04105e4b4,tubah-04-01,The Departure of St. John the Evangelist and Theologian,Annual / fixed or ordinary cycle,liturgy_pauline,,liturgy_pauline,current_public_or_local_reference,local repo snapshot of pierresaid Katameros API SQLite database
New Testament,Romans,12,Rom 12:1-21,rid_72444f5d5a442cf2c539,great-lent-jonah-nineveh-cycle,Great Lent/Jonah/Nineveh cycle,Great Lent,liturgy_pauline,,liturgy_pauline,current_public_or_local_reference,local repo snapshot of pierresaid Katameros API SQLite database
New Testament,Romans,12,Rom 12:1-21,rid_72444f5d5a442cf2c539,saturday-of-the-first-week-of-great-lent,Saturday of the first week of Great Lent,Great Lent,Liturgy,,Pauline Epistle,current_public_or_local_reference,local cache covering 2020 to 2035
New Testament,Romans,12,Rom 12:6-21,rid_bf47dffcd03acf73f312,friday-of-the-first-week-of-great-lent,Friday of the first week of Great Lent,Great Lent,Liturgy,,Pauline Epistle,current_public_or_local_reference,local cache covering 2020 to 2035
New Testament,Romans,12,Rom 12:6-21,rid_bf47dffcd03acf73f312,great-lent-jonah-nineveh-cycle,Great Lent/Jonah/Nineveh cycle,Great Lent,liturgy_pauline,,liturgy_pauline,current_public_or_local_reference,local repo snapshot of pierresaid Katameros API SQLite database
New Testament,Romans,13,Rom 13:1-14,rid_73a33ca126c3559aec65,great-lent-jonah-nineveh-cycle,Great Lent/Jonah/Nineveh cycle,Great Lent,liturgy_pauline,,liturgy_pauline,current_public_or_local_reference,local repo snapshot of pierresaid Katameros API SQLite database
New Testament,Romans,13,Rom 13:1-14,rid_73a33ca126c3559aec65,sunday-of-the-first-week-of-great-lent,Sunday of the first week of Great Lent,Great Lent,Liturgy,,Pauline Epistle,current_public_or_local_reference,local cache covering 2020 to 2035
New Testament,Romans,14,Rom 14:1-18,rid_e804b651903409eef597,great-lent-jonah-nineveh-cycle,Great Lent/Jonah/Nineveh cycle,Great Lent,liturgy_pauline,,liturgy_pauline,current_public_or_local_reference,local repo snapshot of pierresaid Katameros API SQLite database
New Testament,Romans,14,Rom 14:1-18,rid_e804b651903409eef597,saturday-of-the-second-week-of-great-lent,Saturday of the second week of Great Lent,Great Lent,Liturgy,,Pauline Epistle,current_public_or_local_reference,local cache covering 2020 to 2035
New Testament,Romans,14,Rom 14:10-15:2,rid_6428f7ba57bf9ad09e3c,monday-of-the-seventh-week-of-great-lent,Monday of the seventh week of Great Lent,Great Lent,Liturgy,,Pauline Epistle,current_public_or_local_reference,local cache covering 2020 to 2035
New Testament,Romans,14,Rom 14:10-23,rid_8de677a83131680a7fb8,great-lent-jonah-nineveh-cycle,Great Lent/Jonah/Nineveh cycle,Great Lent,liturgy_pauline,,liturgy_pauline,current_public_or_local_reference,local repo snapshot of pierresaid Katameros API SQLite database
New Testament,Romans,14,Rom 14:19-15,rid_42416f33506e9fc5b9aa,great-lent-jonah-nineveh-cycle,Great Lent/Jonah/Nineveh cycle,Great Lent,liturgy_pauline,,liturgy_pauline,current_public_or_local_reference,local repo snapshot of pierresaid Katameros API SQLite database
New Testament,Romans,14,Rom 14:19-15:7,rid_b27bf9537d51d195d81a,sunday-of-the-second-week-of-great-lent,Sunday of the second week of Great Lent,Great Lent,Liturgy,,Pauline Epistle,current_public_or_local_reference,local cache covering 2020 to 2035
New Testament,Romans,14,Rom 14:19-15:7,rid_b27bf9537d51d195d81a,wednesday-of-the-first-week-of-great-lent,Wednesday of the first week of Great Lent,Great Lent,Liturgy,,Pauline Epistle,current_public_or_local_reference,local cache covering 2020 to 2035
New Testament,Romans,14,Rom 14:19-23,rid_de30b6b116f3b39af967,great-lent-jonah-nineveh-cycle,Great Lent/Jonah/Nineveh cycle,Great Lent,liturgy_pauline,,liturgy_pauline,current_public_or_local_reference,local repo snapshot of pierresaid Katameros API SQLite database
New Testament,Romans,15,Rom 15:1-2,rid_f7a094ed3139d3192734,great-lent-jonah-nineveh-cycle,Great Lent/Jonah/Nineveh cycle,Great Lent,liturgy_pauline,,liturgy_pauline,current_public_or_local_reference,local repo snapshot of pierresaid Katameros API SQLite database
New Testament,Romans,15,Rom 15:1-7,rid_e5d69fb5a4aec6bb95dc,great-lent-jonah-nineveh-cycle,Great Lent/Jonah/Nineveh cycle,Great Lent,liturgy_pauline,,liturgy_pauline,current_public_or_local_reference,local repo snapshot of pierresaid Katameros API SQLite database
New Testament,Romans,15,Rom 15:1-7,rid_e5d69fb5a4aec6bb95dc,unction-of-the-sick,unction_of_the_sick,Special service,second_prayer,,second_prayer,current_public_or_local_reference,local package snapshot
New Testament,Romans,15,Rom 15:13-29,rid_25248952982e39f340d9,the-first-sunday-of-paona,The first Sunday of Paona,Annual / fixed or ordinary cycle,Liturgy,,Pauline Epistle,current_public_or_local_reference,local cache covering 2020 to 2035
New Testament,Romans,15,Rom 15:13-29,rid_25248952982e39f340d9,baunah-01-01,The Consecration of the church of St. Leontius of Tripoli,Annual / fixed or ordinary cycle,liturgy_pauline,,liturgy_pauline,current_public_or_local_reference,local repo snapshot of pierresaid Katameros API SQLite database
New Testament,Romans,15,Rom 15:4-19,rid_6cb39e2193c7dd2f5f8b,the-first-sunday-of-toba,The first Sunday of Toba,Annual / fixed or ordinary cycle,Liturgy,,Pauline Epistle,current_public_or_local_reference,local cache covering 2020 to 2035
New Testament,Romans,15,Rom 15:4-19,rid_6cb39e2193c7dd2f5f8b,tubah-01-01,The Martyrdom of St. Stephen the Archdeacon,Annual / fixed or ordinary cycle,liturgy_pauline,,liturgy_pauline,current_public_or_local_reference,local repo snapshot of pierresaid Katameros API SQLite database
New Testament,Romans,16,Rom 16:17-20,rid_8fb89805ecfcdf81f484,the-third-sunday-of-mesra,The third Sunday of Mesra,Annual / fixed or ordinary cycle,Liturgy,,Pauline Epistle,current_public_or_local_reference,local cache covering 2020 to 2035
New Testament,Romans,16,Rom 16:17-20,rid_8fb89805ecfcdf81f484,mesra-03-01,The Relocation of the Body of St. Simon (Simeon) the Stylite to the city of Antioch,Annual / fixed or ordinary cycle,liturgy_pauline,,liturgy_pauline,current_public_or_local_reference,local repo snapshot of pierresaid Katameros API SQLite database
New Testament,Romans,16,Rom 16:17-27,rid_c3c86520fd73b9b0e32c,great-lent-jonah-nineveh-cycle,Great Lent/Jonah/Nineveh cycle,Great Lent,liturgy_pauline,,liturgy_pauline,current_public_or_local_reference,local repo snapshot of pierresaid Katameros API SQLite database
New Testament,Romans,16,Rom 16:17-27,rid_c3c86520fd73b9b0e32c,thursday-of-the-second-week-of-great-lent,Thursday of the second week of Great Lent,Great Lent,Liturgy,,Pauline Epistle,current_public_or_local_reference,local cache covering 2020 to 2035
New Testament,Romans,1,Rom 1:1-17,rid_bc547c25c3215268d62e,amshir-16-01,"The Departure of St. Elizabeth, Mother of St. John the Baptist",Annual / fixed or ordinary cycle,Liturgy,,Pauline Epistle,current_public_or_local_reference,local cache covering 2020 to 2035
New Testament,Romans,1,Rom 1:1-17,rid_bc547c25c3215268d62e,amshir-16-01,"The Departure of St. Elizabeth, Mother of St. John the Baptist",Annual / fixed or ordinary cycle,liturgy_pauline,,liturgy_pauline,current_public_or_local_reference,local repo snapshot of pierresaid Katameros API SQLite database
New Testament,Romans,1,Rom 1:1-17,rid_bc547c25c3215268d62e,great-lent,Great Lent,Great Lent,Liturgy,,Pauline Epistle,current_public_or_local_reference,local cache covering 2020 to 2035
New Testament,Romans,1,Rom 1:1-17,rid_bc547c25c3215268d62e,hatur-11-01,"The Departure of St. Anna (Hannah), the mother of the Theotokos",Annual / fixed or ordinary cycle,liturgy_pauline,,liturgy_pauline,current_public_or_local_reference,local repo snapshot of pierresaid Katameros API SQLite database
New Testament,Romans,1,Rom 1:1-17,rid_bc547c25c3215268d62e,kiak-13,Kiak 13,Annual / fixed or ordinary cycle,Liturgy,,Pauline Epistle,current_public_or_local_reference,local cache covering 2020 to 2035
New Testament,Romans,1,Rom 1:1-17,rid_bc547c25c3215268d62e,kiyahk-13-01,The Martyrdom of St. Barsanuphius,Annual / fixed or ordinary cycle,liturgy_pauline,,liturgy_pauline,current_public_or_local_reference,local repo snapshot of pierresaid Katameros API SQLite database
New Testament,Romans,1,Rom 1:1-17,rid_bc547c25c3215268d62e,mesra-07-01,The Annunciation of St. Joachim with the Birth of the Virgin Mary,Annual / fixed or ordinary cycle,Liturgy,,Pauline Epistle,current_public_or_local_reference,local cache covering 2020 to 2035
New Testament,Romans,1,Rom 1:1-17,rid_bc547c25c3215268d62e,mesra-07-01,The Annunciation of St. Joachim with the Birth of the Virgin Mary,Annual / fixed or ordinary cycle,liturgy_pauline,,liturgy_pauline,current_public_or_local_reference,local repo snapshot of pierresaid Katameros API SQLite database
New Testament,Romans,1,Rom 1:1-17,rid_bc547c25c3215268d62e,the-first-sunday-of-kiak,The first Sunday of Kiak,Annual / fixed or ordinary cycle,Liturgy,,Pauline Epistle,current_public_or_local_reference,local cache covering 2020 to 2035
New Testament,Romans,1,Rom 1:1-17,rid_bc547c25c3215268d62e,tut-26-01,The Angels' Annunciation of John the Baptist to Zacharias,Annual / fixed or ordinary cycle,Liturgy,,Pauline Epistle,current_public_or_local_reference,local cache covering 2020 to 2035
New Testament,Romans,1,Rom 1:1-17,rid_bc547c25c3215268d62e,tut-26-01,The Angels' Annunciation of John the Baptist to Zacharias,Annual / fixed or ordinary cycle,liturgy_pauline,,liturgy_pauline,current_public_or_local_reference,local repo snapshot of pierresaid Katameros API SQLite database
New Testament,Romans,1,Rom 1:1-17,rid_bc547c25c3215268d62e,kiyahk-01-01,"The Departure of St. Peter Elrahawy, Bishop of Gaza",Annual / fixed or ordinary cycle,liturgy_pauline,,liturgy_pauline,current_public_or_local_reference,local repo snapshot of pierresaid Katameros API SQLite database
New Testament,Romans,1,Rom 1:1-17,rid_bc547c25c3215268d62e,first-sunday-of-christmas-fast,first Sunday of Christmas Fast,Annual / fixed or ordinary cycle,Liturgy,,Pauline Epistle,current_public_or_local_reference,local cache covering 2020 to 2035
New Testament,Romans,1,Rom 1:1-4,rid_5a91f042e449022978db,holy-fifty-days-pentecost-cycle,Holy Fifty Days/Pentecost cycle,Holy Fifty Days,liturgy_pauline,,liturgy_pauline,current_public_or_local_reference,local repo snapshot of pierresaid Katameros API SQLite database
New Testament,Romans,1,Rom 1:1-4,rid_5a91f042e449022978db,monday-of-the-second-week-of-the-holy-fifty-days,Monday of the second week of the holy fifty days,Holy Fifty Days,Liturgy,,Pauline Epistle,current_public_or_local_reference,local cache covering 2020 to 2035
New Testament,Romans,1,Rom 1:11-13,rid_91f77acf6728e14376e4,holy-fifty-days-pentecost-cycle,Holy Fifty Days/Pentecost cycle,Holy Fifty Days,liturgy_pauline,,liturgy_pauline,current_public_or_local_reference,local repo snapshot of pierresaid Katameros API SQLite database
New Testament,Romans,1,Rom 1:11-13,rid_91f77acf6728e14376e4,wednesday-of-the-second-week-of-the-holy-fifty-days,Wednesday of the second week of the holy fifty days,Holy Fifty Days,Liturgy,,Pauline Epistle,current_public_or_local_reference,local cache covering 2020 to 2035
New Testament,Romans,1,Rom 1:16-17,rid_c194e17f8631095ae3eb,holy-fifty-days-pentecost-cycle,Holy Fifty Days/Pentecost cycle,Holy Fifty Days,liturgy_pauline,,liturgy_pauline,current_public_or_local_reference,local repo snapshot of pierresaid Katameros API SQLite database
New Testament,Romans,1,Rom 1:16-17,rid_c194e17f8631095ae3eb,thursday-of-the-second-week-of-the-holy-fifty-days,Thursday of the second week of the holy fifty days,Holy Fifty Days,Liturgy,,Pauline Epistle,current_public_or_local_reference,local cache covering 2020 to 2035
New Testament,Romans,1,Rom 1:18-25,rid_f9a63e2a05a21e4d8f69,great-lent-jonah-nineveh-cycle,Great Lent/Jonah/Nineveh cycle,Great Lent,liturgy_pauline,,liturgy_pauline,current_public_or_local_reference,local repo snapshot of pierresaid Katameros API SQLite database
New Testament,Romans,1,Rom 1:18-25,rid_f9a63e2a05a21e4d8f69,monday-of-the-second-week-of-great-lent,Monday of the second week of Great Lent,Great Lent,Liturgy,,Pauline Epistle,current_public_or_local_reference,local cache covering 2020 to 2035
New Testament,Romans,1,Rom 1:19-21,rid_b4db9350eec553ead64d,friday-of-the-second-week-of-the-holy-fifty-days,Friday of the second week of the holy fifty days,Holy Fifty Days,Liturgy,,Pauline Epistle,current_public_or_local_reference,local cache covering 2020 to 2035
New Testament,Romans,1,Rom 1:19-21,rid_b4db9350eec553ead64d,holy-fifty-days-pentecost-cycle,Holy Fifty Days/Pentecost cycle,Holy Fifty Days,liturgy_pauline,,liturgy_pauline,current_public_or_local_reference,local repo snapshot of pierresaid Katameros API SQLite database
New Testament,Romans,1,Rom 1:26-2,rid_029ddc684fc008c54fe5,great-lent-jonah-nineveh-cycle,Great Lent/Jonah/Nineveh cycle,Great Lent,liturgy_pauline,,liturgy_pauline,current_public_or_local_reference,local repo snapshot of pierresaid Katameros API SQLite database
New Testament,Romans,1,Rom 1:7-10,rid_75076f022ca7ce088381,holy-fifty-days-pentecost-cycle,Holy Fifty Days/Pentecost cycle,Holy Fifty Days,liturgy_pauline,,liturgy_pauline,current_public_or_local_reference,local repo snapshot of pierresaid Katameros API SQLite database
New Testament,Romans,1,Rom 1:7-10,rid_75076f022ca7ce088381,tuesday-of-the-second-week-of-the-holy-fifty-days,Tuesday of the second week of the holy fifty days,Holy Fifty Days,Liturgy,,Pauline Epistle,current_public_or_local_reference,local cache covering 2020 to 2035
New Testament,Romans,2,Rom 2:12-24,rid_ff16340daaafaf2f80e7,great-lent-jonah-nineveh-cycle,Great Lent/Jonah/Nineveh cycle,Great Lent,liturgy_pauline,,liturgy_pauline,current_public_or_local_reference,local repo snapshot of pierresaid Katameros API SQLite database
New Testament,Romans,2,Rom 2:12-24,rid_ff16340daaafaf2f80e7,wednesday-of-the-sixth-week-of-great-lent,Wednesday of the sixth week of Great Lent,Great Lent,Liturgy,,Pauline Epistle,current_public_or_local_reference,local cache covering 2020 to 2035
New Testament,Romans,2,Rom 2:14-16,rid_ddb5b97ce0e3c988bdbc,holy-fifty-days-pentecost-cycle,Holy Fifty Days/Pentecost cycle,Holy Fifty Days,liturgy_pauline,,liturgy_pauline,current_public_or_local_reference,local repo snapshot of pierresaid Katameros API SQLite database
New Testament,Romans,2,Rom 2:14-16,rid_ddb5b97ce0e3c988bdbc,wednesday-of-the-third-week-of-the-holy-fifty-days,Wednesday of the third week of the holy fifty days,Holy Fifty Days,Liturgy,,Pauline Epistle,current_public_or_local_reference,local cache covering 2020 to 2035
New Testament,Romans,2,Rom 2:17-20,rid_24caa7654c7e329e4abe,holy-fifty-days-pentecost-cycle,Holy Fifty Days/Pentecost cycle,Holy Fifty Days,liturgy_pauline,,liturgy_pauline,current_public_or_local_reference,local repo snapshot of pierresaid Katameros API SQLite database
New Testament,Romans,2,Rom 2:17-20,rid_24caa7654c7e329e4abe,thursday-of-the-third-week-of-the-holy-fifty-days,Thursday of the third week of the holy fifty days,Holy Fifty Days,Liturgy,,Pauline Epistle,current_public_or_local_reference,local cache covering 2020 to 2035
New Testament,Romans,2,Rom 2:25-29,rid_afe5cfc5a81abf976986,friday-of-the-third-week-of-the-holy-fifty-days,Friday of the third week of the holy fifty days,Holy Fifty Days,Liturgy,,Pauline Epistle,current_public_or_local_reference,local cache covering 2020 to 2035
New Testament,Romans,2,Rom 2:25-29,rid_afe5cfc5a81abf976986,holy-fifty-days-pentecost-cycle,Holy Fifty Days/Pentecost cycle,Holy Fifty Days,liturgy_pauline,,liturgy_pauline,current_public_or_local_reference,local repo snapshot of pierresaid Katameros API SQLite database
New Testament,Romans,2,Rom 2:4-7,rid_7b30e2495a8e125a91b6,holy-fifty-days-pentecost-cycle,Holy Fifty Days/Pentecost cycle,Holy Fifty Days,liturgy_pauline,,liturgy_pauline,current_public_or_local_reference,local repo snapshot of pierresaid Katameros API SQLite database
New Testament,Romans,2,Rom 2:4-7,rid_7b30e2495a8e125a91b6,monday-of-the-third-week-of-the-holy-fifty-days,Monday of the third week of the holy fifty days,Holy Fifty Days,Liturgy,,Pauline Epistle,current_public_or_local_reference,local cache covering 2020 to 2035
New Testament,Romans,2,Rom 2:8-13,rid_816336004a8ae2f530b7,holy-fifty-days-pentecost-cycle,Holy Fifty Days/Pentecost cycle,Holy Fifty Days,liturgy_pauline,,liturgy_pauline,current_public_or_local_reference,local repo snapshot of pierresaid Katameros API SQLite database
New Testament,Romans,2,Rom 2:8-13,rid_816336004a8ae2f530b7,tuesday-of-the-third-week-of-the-holy-fifty-days,Tuesday of the third week of the holy fifty days,Holy Fifty Days,Liturgy,,Pauline Epistle,current_public_or_local_reference,local cache covering 2020 to 2035
New Testament,Romans,3,Rom 3:1-17,rid_d6dd000b6b54502d2a36,great-lent-jonah-nineveh-cycle,Great Lent/Jonah/Nineveh cycle,Great Lent,liturgy_pauline,,liturgy_pauline,current_public_or_local_reference,local repo snapshot of pierresaid Katameros API SQLite database
New Testament,Romans,3,Rom 3:1-18,rid_86cdc30a2b4c5ad4d5ac,wednesday-of-the-second-week-of-great-lent,Wednesday of the second week of Great Lent,Great Lent,Liturgy,,Pauline Epistle,current_public_or_local_reference,local cache covering 2020 to 2035
New Testament,Romans,3,Rom 3:1-31,rid_13a3fbfeb15db454b8cb,annunciation,Annunciation,Annual / fixed or ordinary cycle,Liturgy,,Pauline Epistle,current_public_or_local_reference,local cache covering 2020 to 2035
New Testament,Romans,3,Rom 3:1-31,rid_13a3fbfeb15db454b8cb,baramhat-29-01,The Commemoration of the Life giving Annunciation,Annual / fixed or ordinary cycle,liturgy_pauline,,liturgy_pauline,current_public_or_local_reference,local repo snapshot of pierresaid Katameros API SQLite database
New Testament,Romans,3,Rom 3:1-31,rid_13a3fbfeb15db454b8cb,the-fifth-sunday-of-abib-readings-of-29th-baramhat,The fifth Sunday of Abib (Readings of 29th Baramhat),Annual / fixed or ordinary cycle,Liturgy,,Pauline Epistle,current_public_or_local_reference,local cache covering 2020 to 2035
New Testament,Romans,3,Rom 3:1-31,rid_13a3fbfeb15db454b8cb,the-fifth-sunday-of-baba-readings-of-29th-baramhat,The fifth Sunday of Baba (Readings of 29th Baramhat),Annual / fixed or ordinary cycle,Liturgy,,Pauline Epistle,current_public_or_local_reference,local cache covering 2020 to 2035
New Testament,Romans,3,Rom 3:1-31,rid_13a3fbfeb15db454b8cb,the-fifth-sunday-of-hator-readings-of-29th-baramhat,The fifth Sunday of Hator (Readings of 29th Baramhat),Annual / fixed or ordinary cycle,Liturgy,,Pauline Epistle,current_public_or_local_reference,local cache covering 2020 to 2035
New Testament,Romans,3,Rom 3:1-31,rid_13a3fbfeb15db454b8cb,the-fifth-sunday-of-mesra-readings-of-29th-baramhat,The fifth Sunday of Mesra (Readings of 29th Baramhat),Annual / fixed or ordinary cycle,Liturgy,,Pauline Epistle,current_public_or_local_reference,local cache covering 2020 to 2035
New Testament,Romans,3,Rom 3:1-31,rid_13a3fbfeb15db454b8cb,the-fifth-sunday-of-paona-readings-of-29th-baramhat,The fifth Sunday of Paona (Readings of 29th Baramhat),Annual / fixed or ordinary cycle,Liturgy,,Pauline Epistle,current_public_or_local_reference,local cache covering 2020 to 2035
New Testament,Romans,3,Rom 3:1-31,rid_13a3fbfeb15db454b8cb,kiyahk-02-01,"The Departure of the Saint Abba Hor, the Monk",Annual / fixed or ordinary cycle,liturgy_pauline,,liturgy_pauline,current_public_or_local_reference,local repo snapshot of pierresaid Katameros API SQLite database
New Testament,Romans,3,Rom 3:1-4:3,rid_70f40b2a40e830ade95f,the-second-sunday-of-kiak,The second Sunday of Kiak,Annual / fixed or ordinary cycle,Liturgy,,Pauline Epistle,current_public_or_local_reference,local cache covering 2020 to 2035
New Testament,Romans,3,Rom 3:1-4:3,rid_70f40b2a40e830ade95f,second-sunday-of-christmas-fast,second Sunday of Christmas Fast,Annual / fixed or ordinary cycle,Liturgy,,Pauline Epistle,current_public_or_local_reference,local cache covering 2020 to 2035
New Testament,Romans,3,Rom 3:19-21,rid_f4f1f6c23f9404733941,holy-fifty-days-pentecost-cycle,Holy Fifty Days/Pentecost cycle,Holy Fifty Days,liturgy_pauline,,liturgy_pauline,current_public_or_local_reference,local repo snapshot of pierresaid Katameros API SQLite database
New Testament,Romans,3,Rom 3:19-21,rid_f4f1f6c23f9404733941,tuesday-of-the-fourth-week-of-the-holy-fifty-days,Tuesday of the fourth week of the holy fifty days,Holy Fifty Days,Liturgy,,Pauline Epistle,current_public_or_local_reference,local cache covering 2020 to 2035
New Testament,Romans,3,Rom 3:21-26,rid_13997f4b42381504f932,holy-fifty-days-pentecost-cycle,Holy Fifty Days/Pentecost cycle,Holy Fifty Days,liturgy_pauline,,liturgy_pauline,current_public_or_local_reference,local repo snapshot of pierresaid Katameros API SQLite database
New Testament,Romans,3,Rom 3:21-26,rid_13997f4b42381504f932,thursday-of-the-fourth-week-of-the-holy-fifty-days,Thursday of the fourth week of the holy fifty days,Holy Fifty Days,Liturgy,,Pauline Epistle,current_public_or_local_reference,local cache covering 2020 to 2035
New Testament,Romans,3,Rom 3:27-31,rid_dbe29a2b5edfaed57ea9,friday-of-the-fourth-week-of-the-holy-fifty-days,Friday of the fourth week of the holy fifty days,Holy Fifty Days,Liturgy,,Pauline Epistle,current_public_or_local_reference,local cache covering 2020 to 2035
New Testament,Romans,3,Rom 3:27-31,rid_dbe29a2b5edfaed57ea9,holy-fifty-days-pentecost-cycle,Holy Fifty Days/Pentecost cycle,Holy Fifty Days,liturgy_pauline,,liturgy_pauline,current_public_or_local_reference,local repo snapshot of pierresaid Katameros API SQLite database
New Testament,Romans,4,Rom 4:1-3,rid_85094352413cea4806e3,kiyahk-02-01,"The Departure of the Saint Abba Hor, the Monk",Annual / fixed or ordinary cycle,liturgy_pauline,,liturgy_pauline,current_public_or_local_reference,local repo snapshot of pierresaid Katameros API SQLite database
New Testament,Romans,4,Rom 4:1-8,rid_f2d8fbac13206ab65bcd,great-lent-jonah-nineveh-cycle,Great Lent/Jonah/Nineveh cycle,Great Lent,liturgy_pauline,,liturgy_pauline,current_public_or_local_reference,local repo snapshot of pierresaid Katameros API SQLite database
New Testament,Romans,4,Rom 4:1-8,rid_f2d8fbac13206ab65bcd,tuesday-of-the-third-week-of-great-lent,Tuesday of the third week of Great Lent,Great Lent,Liturgy,,Pauline Epistle,current_public_or_local_reference,local cache covering 2020 to 2035
New Testament,Romans,4,Rom 4:13-25,rid_4894d98027c95908e291,amshir-01-01,"On this day of the year 381 A.D., one hundred and fifty fathers assembled upon the order of Emperor Theodosius the Great, in the city of Constantinople",Annual / fixed or ordinary cycle,liturgy_pauline,,liturgy_pauline,current_public_or_local_reference,local repo snapshot of pierresaid Katameros API SQLite database
New Testament,Romans,4,Rom 4:13-25,rid_4894d98027c95908e291,baramhat-04-01,Assembly of the Holy Council on the island of Bani-Omar,Annual / fixed or ordinary cycle,liturgy_pauline,,liturgy_pauline,current_public_or_local_reference,local repo snapshot of pierresaid Katameros API SQLite database
New Testament,Romans,4,Rom 4:13-25,rid_4894d98027c95908e291,hatur-03-01,The Departure of St. Cyriacus,Annual / fixed or ordinary cycle,liturgy_pauline,,liturgy_pauline,current_public_or_local_reference,local repo snapshot of pierresaid Katameros API SQLite database
New Testament,Romans,4,Rom 4:13-25,rid_4894d98027c95908e291,hatur-09-01,"The Departure of the Holy Father Anba Isaac, 41st Pope of Alexandria",Annual / fixed or ordinary cycle,liturgy_pauline,,liturgy_pauline,current_public_or_local_reference,local repo snapshot of pierresaid Katameros API SQLite database
New Testament,Romans,4,Rom 4:13-25,rid_4894d98027c95908e291,tut-12-01,"The Assembly of the Third Ecumenical Council at Ephesus to Judge Nestorius, Archbishop of Constantinople",Annual / fixed or ordinary cycle,liturgy_pauline,,liturgy_pauline,current_public_or_local_reference,local repo snapshot of pierresaid Katameros API SQLite database
New Testament,Romans,4,Rom 4:13-5:5,rid_6052664e2c48af7e4c94,amshir-1,Amshir 1,Annual / fixed or ordinary cycle,Liturgy,,Pauline Epistle,current_public_or_local_reference,local cache covering 2020 to 2035
New Testament,Romans,4,Rom 4:13-5:5,rid_6052664e2c48af7e4c94,hator-3,Hator 3,Annual / fixed or ordinary cycle,Liturgy,,Pauline Epistle,current_public_or_local_reference,local cache covering 2020 to 2035
New Testament,Romans,4,Rom 4:13-5:5,rid_6052664e2c48af7e4c94,hator-9,Hator 9,Annual / fixed or ordinary cycle,Liturgy,,Pauline Epistle,current_public_or_local_reference,local cache covering 2020 to 2035
New Testament,Romans,4,Rom 4:13-5:5,rid_6052664e2c48af7e4c94,tout-12,Tout 12,Annual / fixed or ordinary cycle,Liturgy,,Pauline Epistle,current_public_or_local_reference,local cache covering 2020 to 2035
New Testament,Romans,4,Rom 4:14-25,rid_f3218602262fbf2b6fa4,great-lent-jonah-nineveh-cycle,Great Lent/Jonah/Nineveh cycle,Great Lent,liturgy_pauline,,liturgy_pauline,current_public_or_local_reference,local repo snapshot of pierresaid Katameros API SQLite database
New Testament,Romans,4,Rom 4:14-5:5,rid_4c225b3ab33aa0fb0352,wednesday-of-the-fifth-week-of-great-lent,Wednesday of the fifth week of Great Lent,Great Lent,Liturgy,,Pauline Epistle,current_public_or_local_reference,local cache covering 2020 to 2035
New Testament,Romans,4,Rom 4:4-24,rid_e4f344f1f1378a13b70e,the-third-sunday-of-kiak,The third Sunday of Kiak,Annual / fixed or ordinary cycle,Liturgy,,Pauline Epistle,current_public_or_local_reference,local cache covering 2020 to 2035
New Testament,Romans,4,Rom 4:4-24,rid_e4f344f1f1378a13b70e,kiyahk-03-01,The Entrance of Saint Mary into the Temple at Jerusalem,Annual / fixed or ordinary cycle,liturgy_pauline,,liturgy_pauline,current_public_or_local_reference,local repo snapshot of pierresaid Katameros API SQLite database
New Testament,Romans,4,Rom 4:4-24,rid_e4f344f1f1378a13b70e,third-sunday-of-christmas-fast,third Sunday of Christmas Fast,Annual / fixed or ordinary cycle,Liturgy,,Pauline Epistle,current_public_or_local_reference,local cache covering 2020 to 2035
New Testament,Romans,4,Rom 4:4-8,rid_46cd48d8e611dc80b7e4,holy-fifty-days-pentecost-cycle,Holy Fifty Days/Pentecost cycle,Holy Fifty Days,liturgy_pauline,,liturgy_pauline,current_public_or_local_reference,local repo snapshot of pierresaid Katameros API SQLite database
New Testament,Romans,4,Rom 4:4-8,rid_46cd48d8e611dc80b7e4,monday-of-the-fourth-week-of-the-holy-fifty-days,Monday of the fourth week of the holy fifty days,Holy Fifty Days,Liturgy,,Pauline Epistle,current_public_or_local_reference,local cache covering 2020 to 2035
New Testament,Romans,4,Rom 4:4-9,rid_9b88512c35f54ed0cc53,holy-fifty-days-pentecost-cycle,Holy Fifty Days/Pentecost cycle,Holy Fifty Days,liturgy_pauline,,liturgy_pauline,current_public_or_local_reference,local repo snapshot of pierresaid Katameros API SQLite database
New Testament,Romans,4,Rom 4:4-9,rid_9b88512c35f54ed0cc53,monday-of-the-fifth-week-of-the-holy-fifty-days,Monday of the fifth week of the holy fifty days,Holy Fifty Days,Liturgy,,Pauline Epistle,current_public_or_local_reference,local cache covering 2020 to 2035
New Testament,Romans,4,Rom 4:6-11,rid_0c9868c464fd2c09d716,great-lent-jonah-nineveh-cycle,Great Lent/Jonah/Nineveh cycle,Great Lent,liturgy_pauline,,liturgy_pauline,current_public_or_local_reference,local repo snapshot of pierresaid Katameros API SQLite database
New Testament,Romans,4,Rom 4:6-11,rid_0c9868c464fd2c09d716,thursday-of-the-third-week-of-great-lent,Thursday of the third week of Great Lent,Great Lent,Liturgy,,Pauline Epistle,current_public_or_local_reference,local cache covering 2020 to 2035
New Testament,Romans,4,Rom 4:9-12,rid_bb2e2a73d2dce562ec4c,holy-fifty-days-pentecost-cycle,Holy Fifty Days/Pentecost cycle,Holy Fifty Days,liturgy_pauline,,liturgy_pauline,current_public_or_local_reference,local repo snapshot of pierresaid Katameros API SQLite database
New Testament,Romans,4,Rom 4:9-12,rid_bb2e2a73d2dce562ec4c,tuesday-of-the-fifth-week-of-the-holy-fifty-days,Tuesday of the fifth week of the holy fifty days,Holy Fifty Days,Liturgy,,Pauline Epistle,current_public_or_local_reference,local cache covering 2020 to 2035
New Testament,Romans,4,Rom 4:9-12,rid_bb2e2a73d2dce562ec4c,tuesday-of-the-fifth-week-of-the-holy-fifty-days-and-the-feast-of-entry-into-egypt,Tuesday of the fifth week of the holy fifty days and the Feast of Entry into Egypt,Holy Fifty Days,Liturgy,,Pauline Epistle,current_public_or_local_reference,local cache covering 2020 to 2035
New Testament,Romans,5,Rom 5:1-15,rid_00b57d09b895fd89119c,funeral,funeral,Special service,part_3,,part_3,current_public_or_local_reference,local package snapshot
New Testament,Romans,5,Rom 5:1-5,rid_19722b9c6693793c1415,amshir-01-01,"On this day of the year 381 A.D., one hundred and fifty fathers assembled upon the order of Emperor Theodosius the Great, in the city of Constantinople",Annual / fixed or ordinary cycle,liturgy_pauline,,liturgy_pauline,current_public_or_local_reference,local repo snapshot of pierresaid Katameros API SQLite database
New Testament,Romans,5,Rom 5:1-5,rid_19722b9c6693793c1415,baramhat-04-01,Assembly of the Holy Council on the island of Bani-Omar,Annual / fixed or ordinary cycle,liturgy_pauline,,liturgy_pauline,current_public_or_local_reference,local repo snapshot of pierresaid Katameros API SQLite database
New Testament,Romans,5,Rom 5:1-5,rid_19722b9c6693793c1415,great-lent-jonah-nineveh-cycle,Great Lent/Jonah/Nineveh cycle,Great Lent,liturgy_pauline,,liturgy_pauline,current_public_or_local_reference,local repo snapshot of pierresaid Katameros API SQLite database
New Testament,Romans,5,Rom 5:1-5,rid_19722b9c6693793c1415,hatur-03-01,The Departure of St. Cyriacus,Annual / fixed or ordinary cycle,liturgy_pauline,,liturgy_pauline,current_public_or_local_reference,local repo snapshot of pierresaid Katameros API SQLite database
New Testament,Romans,5,Rom 5:1-5,rid_19722b9c6693793c1415,hatur-09-01,"The Departure of the Holy Father Anba Isaac, 41st Pope of Alexandria",Annual / fixed or ordinary cycle,liturgy_pauline,,liturgy_pauline,current_public_or_local_reference,local repo snapshot of pierresaid Katameros API SQLite database
New Testament,Romans,5,Rom 5:1-5,rid_19722b9c6693793c1415,tut-12-01,"The Assembly of the Third Ecumenical Council at Ephesus to Judge Nestorius, Archbishop of Constantinople",Annual / fixed or ordinary cycle,liturgy_pauline,,liturgy_pauline,current_public_or_local_reference,local repo snapshot of pierresaid Katameros API SQLite database
New Testament,Romans,5,Rom 5:20-6,rid_c1d6d2964ca10e7e16b0,holy-fifty-days-pentecost-cycle,Holy Fifty Days/Pentecost cycle,Holy Fifty Days,liturgy_pauline,,liturgy_pauline,current_public_or_local_reference,local repo snapshot of pierresaid Katameros API SQLite database
New Testament,Romans,5,Rom 5:20-6:4,rid_5049e6f8885a2d063aca,wednesday-of-the-fifth-week-of-the-holy-fifty-days,Wednesday of the fifth week of the holy fifty days,Holy Fifty Days,Liturgy,,Pauline Epistle,current_public_or_local_reference,local cache covering 2020 to 2035
New Testament,Romans,5,Rom 5:6-15,rid_a08e1a76b5a0e4765dc4,funeral,funeral,Special service,part_6,,part_6,current_public_or_local_reference,local package snapshot
New Testament,Romans,5,Rom 5:6-21,rid_bab386bda0cb77de5af0,holy-fifty-days-pentecost-cycle,Holy Fifty Days/Pentecost cycle,Holy Fifty Days,liturgy_pauline,,liturgy_pauline,current_public_or_local_reference,local repo snapshot of pierresaid Katameros API SQLite database
New Testament,Romans,5,Rom 5:6-21,rid_bab386bda0cb77de5af0,tuesday-of-the-first-week-of-the-holy-fifty-days,Tuesday of the first week of the holy fifty days,Holy Fifty Days,Liturgy,,Pauline Epistle,current_public_or_local_reference,local cache covering 2020 to 2035
New Testament,Romans,6,Rom 6:17-22,rid_3c5c53d7eabe7c64e77a,friday-of-the-fifth-week-of-the-holy-fifty-days,Friday of the fifth week of the holy fifty days,Holy Fifty Days,Liturgy,,Pauline Epistle,current_public_or_local_reference,local cache covering 2020 to 2035
New Testament,Romans,6,Rom 6:17-22,rid_3c5c53d7eabe7c64e77a,friday-of-the-fifth-week-of-the-holy-fifty-days-and-the-feast-of-entry-into-egypt,Friday of the fifth week of the holy fifty days and the Feast of Entry into Egypt,Holy Fifty Days,Liturgy,,Pauline Epistle,current_public_or_local_reference,local cache covering 2020 to 2035
New Testament,Romans,6,Rom 6:17-22,rid_3c5c53d7eabe7c64e77a,holy-fifty-days-pentecost-cycle,Holy Fifty Days/Pentecost cycle,Holy Fifty Days,liturgy_pauline,,liturgy_pauline,current_public_or_local_reference,local repo snapshot of pierresaid Katameros API SQLite database
New Testament,Romans,6,Rom 6:3-16,rid_1b333d5fd650d218428a,baba-6,Baba 6,Annual / fixed or ordinary cycle,Liturgy,,Pauline Epistle,current_public_or_local_reference,local cache covering 2020 to 2035
New Testament,Romans,6,Rom 6:3-16,rid_1b333d5fd650d218428a,tubah-13-01,The Commemoration of the Miracle at Cana of Galilee,Annual / fixed or ordinary cycle,liturgy_pauline,,liturgy_pauline,current_public_or_local_reference,local repo snapshot of pierresaid Katameros API SQLite database
New Testament,Romans,6,Rom 6:3-16,rid_1b333d5fd650d218428a,wedding-of-cana,Wedding of Cana,Annual / fixed or ordinary cycle,Liturgy,,Pauline Epistle,current_public_or_local_reference,local cache covering 2020 to 2035
New Testament,Romans,6,Rom 6:5-11,rid_81910eb5a83762604308,holy-fifty-days-pentecost-cycle,Holy Fifty Days/Pentecost cycle,Holy Fifty Days,liturgy_pauline,,liturgy_pauline,current_public_or_local_reference,local repo snapshot of pierresaid Katameros API SQLite database
New Testament,Romans,6,Rom 6:5-11,rid_81910eb5a83762604308,thursday-of-the-fifth-week-of-the-holy-fifty-days,Thursday of the fifth week of the holy fifty days,Holy Fifty Days,Liturgy,,Pauline Epistle,current_public_or_local_reference,local cache covering 2020 to 2035
New Testament,Romans,7,Rom 7:1,rid_87863daae4060491f95f,holy-fifty-days-pentecost-cycle,Holy Fifty Days/Pentecost cycle,Holy Fifty Days,liturgy_pauline,,liturgy_pauline,current_public_or_local_reference,local repo snapshot of pierresaid Katameros API SQLite database
New Testament,Romans,7,Rom 7:1-8,rid_fafa13ca9c9e5255d872,wednesday-of-the-sixth-week-of-the-holy-fifty-days,Wednesday of the sixth week of the holy fifty days,Holy Fifty Days,Liturgy,,Pauline Epistle,current_public_or_local_reference,local cache covering 2020 to 2035
New Testament,Romans,7,Rom 7:1-8,rid_fafa13ca9c9e5255d872,wednesday-of-the-sixth-week-of-the-holy-fifty-days-and-the-feast-of-entry-into-egypt,Wednesday of the sixth week of the holy fifty days and the Feast of Entry into Egypt,Holy Fifty Days,Liturgy,,Pauline Epistle,current_public_or_local_reference,local cache covering 2020 to 2035
New Testament,Romans,7,Rom 7:10,rid_1d001801f2386ae83889,holy-fifty-days-pentecost-cycle,Holy Fifty Days/Pentecost cycle,Holy Fifty Days,liturgy_pauline,,liturgy_pauline,current_public_or_local_reference,local repo snapshot of pierresaid Katameros API SQLite database
New Testament,Romans,7,Rom 7:14-27,rid_d9cb866d7558add206f3,mesra-26,Mesra 26,Annual / fixed or ordinary cycle,Liturgy,,Pauline Epistle,current_public_or_local_reference,local cache covering 2020 to 2035
New Testament,Romans,7,Rom 7:2,rid_e31ee5a2e3c2b282b9b1,holy-fifty-days-pentecost-cycle,Holy Fifty Days/Pentecost cycle,Holy Fifty Days,liturgy_pauline,,liturgy_pauline,current_public_or_local_reference,local repo snapshot of pierresaid Katameros API SQLite database
New Testament,Romans,7,Rom 7:3,rid_fcfd6daed1517f487d84,holy-fifty-days-pentecost-cycle,Holy Fifty Days/Pentecost cycle,Holy Fifty Days,liturgy_pauline,,liturgy_pauline,current_public_or_local_reference,local repo snapshot of pierresaid Katameros API SQLite database
New Testament,Romans,7,Rom 7:4,rid_93b98611dd28c5cf78fc,holy-fifty-days-pentecost-cycle,Holy Fifty Days/Pentecost cycle,Holy Fifty Days,liturgy_pauline,,liturgy_pauline,current_public_or_local_reference,local repo snapshot of pierresaid Katameros API SQLite database
New Testament,Romans,7,Rom 7:5,rid_81fb85b8761bc4df76fc,holy-fifty-days-pentecost-cycle,Holy Fifty Days/Pentecost cycle,Holy Fifty Days,liturgy_pauline,,liturgy_pauline,current_public_or_local_reference,local repo snapshot of pierresaid Katameros API SQLite database
New Testament,Romans,7,Rom 7:6,rid_ddeaff53e4f24c3789a5,holy-fifty-days-pentecost-cycle,Holy Fifty Days/Pentecost cycle,Holy Fifty Days,liturgy_pauline,,liturgy_pauline,current_public_or_local_reference,local repo snapshot of pierresaid Katameros API SQLite database
New Testament,Romans,7,Rom 7:7,rid_a0e9e96f99e92a52e7e1,holy-fifty-days-pentecost-cycle,Holy Fifty Days/Pentecost cycle,Holy Fifty Days,liturgy_pauline,,liturgy_pauline,current_public_or_local_reference,local repo snapshot of pierresaid Katameros API SQLite database
New Testament,Romans,7,Rom 7:8,rid_5998abd7f8444a457159,holy-fifty-days-pentecost-cycle,Holy Fifty Days/Pentecost cycle,Holy Fifty Days,liturgy_pauline,,liturgy_pauline,current_public_or_local_reference,local repo snapshot of pierresaid Katameros API SQLite database
New Testament,Romans,8,Rom 8:12-17,rid_2489036ecc0e1f3d1026,holy-fifty-days-pentecost-cycle,Holy Fifty Days/Pentecost cycle,Holy Fifty Days,liturgy_pauline,,liturgy_pauline,current_public_or_local_reference,local repo snapshot of pierresaid Katameros API SQLite database
New Testament,Romans,8,Rom 8:12-17,rid_2489036ecc0e1f3d1026,monday-of-the-seventh-week-of-the-holy-fifty-days,Monday of the seventh week of the holy fifty days,Holy Fifty Days,Liturgy,,Pauline Epistle,current_public_or_local_reference,local cache covering 2020 to 2035
New Testament,Romans,8,Rom 8:12-17,rid_2489036ecc0e1f3d1026,monday-of-the-seventh-week-of-the-holy-fifty-days-and-the-feast-of-entry-into-egypt,Monday of the seventh week of the holy fifty days and the Feast of Entry into Egypt,Holy Fifty Days,Liturgy,,Pauline Epistle,current_public_or_local_reference,local cache covering 2020 to 2035
New Testament,Romans,8,Rom 8:12-26,rid_969d90be5ed0a590f443,great-lent-jonah-nineveh-cycle,Great Lent/Jonah/Nineveh cycle,Great Lent,liturgy_pauline,,liturgy_pauline,current_public_or_local_reference,local repo snapshot of pierresaid Katameros API SQLite database
New Testament,Romans,8,Rom 8:12-26,rid_969d90be5ed0a590f443,monday-of-the-fourth-week-of-great-lent,Monday of the fourth week of Great Lent,Great Lent,Liturgy,,Pauline Epistle,current_public_or_local_reference,local cache covering 2020 to 2035
New Testament,Romans,8,Rom 8:14-21,rid_533ac3b15098357e7326,home-blessing,home_blessing,Special service,main_readings,,main_readings,current_public_or_local_reference,local package snapshot
New Testament,Romans,8,Rom 8:14-21,rid_533ac3b15098357e7326,unction-of-the-sick,unction_of_the_sick,Special service,fourth_prayer,,fourth_prayer,current_public_or_local_reference,local package snapshot
New Testament,Romans,8,Rom 8:14-27,rid_a77f175c3dd215fb5581,abib-19-01,"The Martyrdom of Sts. Bidaba, Bishop of Qift, Anba Andrew, and Anba Christodoulas",Annual / fixed or ordinary cycle,Liturgy,,Pauline Epistle,current_public_or_local_reference,local cache covering 2020 to 2035
New Testament,Romans,8,Rom 8:14-27,rid_a77f175c3dd215fb5581,abib-19-01,"The Martyrdom of Sts. Bidaba, Bishop of Qift, Anba Andrew, and Anba Christodoulas",Annual / fixed or ordinary cycle,liturgy_pauline,,liturgy_pauline,current_public_or_local_reference,local repo snapshot of pierresaid Katameros API SQLite database
New Testament,Romans,8,Rom 8:14-27,rid_a77f175c3dd215fb5581,abib-30-01,The Martyrdom of Sts. Mercurius and Ephraem,Annual / fixed or ordinary cycle,Liturgy,,Pauline Epistle,current_public_or_local_reference,local cache covering 2020 to 2035
New Testament,Romans,8,Rom 8:14-27,rid_a77f175c3dd215fb5581,abib-30-01,The Martyrdom of Sts. Mercurius and Ephraem,Annual / fixed or ordinary cycle,liturgy_pauline,,liturgy_pauline,current_public_or_local_reference,local repo snapshot of pierresaid Katameros API SQLite database
New Testament,Romans,8,Rom 8:14-27,rid_a77f175c3dd215fb5581,abib-8,Abib 8,Annual / fixed or ordinary cycle,Liturgy,,Pauline Epistle,current_public_or_local_reference,local cache covering 2020 to 2035
New Testament,Romans,8,Rom 8:14-27,rid_a77f175c3dd215fb5581,baramhat-01-01,The Departure of St. Narcissus,Annual / fixed or ordinary cycle,liturgy_pauline,,liturgy_pauline,current_public_or_local_reference,local repo snapshot of pierresaid Katameros API SQLite database
New Testament,Romans,8,Rom 8:14-27,rid_a77f175c3dd215fb5581,baramhat-07-01,The Martyrdom of Sts. Philemon and Apollonius,Annual / fixed or ordinary cycle,liturgy_pauline,,liturgy_pauline,current_public_or_local_reference,local repo snapshot of pierresaid Katameros API SQLite database
New Testament,Romans,8,Rom 8:14-27,rid_a77f175c3dd215fb5581,barmuda-13,Barmuda 13,Annual / fixed or ordinary cycle,liturgy_pauline,,liturgy_pauline,current_public_or_local_reference,local repo snapshot of pierresaid Katameros API SQLite database
New Testament,Romans,8,Rom 8:14-27,rid_a77f175c3dd215fb5581,barmuda-4,Barmuda 4,Annual / fixed or ordinary cycle,liturgy_pauline,,liturgy_pauline,current_public_or_local_reference,local repo snapshot of pierresaid Katameros API SQLite database
New Testament,Romans,8,Rom 8:14-27,rid_a77f175c3dd215fb5581,baunah-10-01,The Martyrdom of St. Dabamon,Annual / fixed or ordinary cycle,liturgy_pauline,,liturgy_pauline,current_public_or_local_reference,local repo snapshot of pierresaid Katameros API SQLite database
New Testament,Romans,8,Rom 8:14-27,rid_a77f175c3dd215fb5581,baunah-22-01,"The Consecration of the Church of Sts. Cosmas, Damian, Their Mother, and Brothers",Annual / fixed or ordinary cycle,liturgy_pauline,,liturgy_pauline,current_public_or_local_reference,local repo snapshot of pierresaid Katameros API SQLite database
New Testament,Romans,8,Rom 8:14-27,rid_a77f175c3dd215fb5581,hator-11,Hator 11,Annual / fixed or ordinary cycle,Liturgy,,Pauline Epistle,current_public_or_local_reference,local cache covering 2020 to 2035
New Testament,Romans,8,Rom 8:14-27,rid_a77f175c3dd215fb5581,hator-22,Hator 22,Annual / fixed or ordinary cycle,Liturgy,,Pauline Epistle,current_public_or_local_reference,local cache covering 2020 to 2035
New Testament,Romans,8,Rom 8:14-27,rid_a77f175c3dd215fb5581,hator-26,Hator 26,Annual / fixed or ordinary cycle,Liturgy,,Pauline Epistle,current_public_or_local_reference,local cache covering 2020 to 2035
New Testament,Romans,8,Rom 8:14-27,rid_a77f175c3dd215fb5581,hatur-22-01,"The Martyrdom of Saints Cosmas, Damian, Their Brothers and Their Mother",Annual / fixed or ordinary cycle,liturgy_pauline,,liturgy_pauline,current_public_or_local_reference,local repo snapshot of pierresaid Katameros API SQLite database
New Testament,Romans,8,Rom 8:14-27,rid_a77f175c3dd215fb5581,hatur-26-01,"The Commemoration of the Martyrdom of the Sts. Valerian (Balaryanos) and Tiburcius (Thiborinos), His Brother",Annual / fixed or ordinary cycle,liturgy_pauline,,liturgy_pauline,current_public_or_local_reference,local repo snapshot of pierresaid Katameros API SQLite database
New Testament,Romans,8,Rom 8:14-27,rid_a77f175c3dd215fb5581,mesra-20-01,The Martyrdom of the Seven Young Men of Ephesus,Annual / fixed or ordinary cycle,Liturgy,,Pauline Epistle,current_public_or_local_reference,local cache covering 2020 to 2035
New Testament,Romans,8,Rom 8:14-27,rid_a77f175c3dd215fb5581,mesra-20-01,The Martyrdom of the Seven Young Men of Ephesus,Annual / fixed or ordinary cycle,liturgy_pauline,,liturgy_pauline,current_public_or_local_reference,local repo snapshot of pierresaid Katameros API SQLite database
New Testament,Romans,8,Rom 8:14-27,rid_a77f175c3dd215fb5581,mesra-26-01,The Martyrdom of St. Moses (Moisees) and his Sister Sarah,Annual / fixed or ordinary cycle,liturgy_pauline,,liturgy_pauline,current_public_or_local_reference,local repo snapshot of pierresaid Katameros API SQLite database
New Testament,Romans,8,Rom 8:14-27,rid_a77f175c3dd215fb5581,baunah-10-01,The Martyrdom of St. Dabamon,Annual / fixed or ordinary cycle,Liturgy,,Pauline Epistle,current_public_or_local_reference,local cache covering 2020 to 2035
New Testament,Romans,8,Rom 8:18-30,rid_92d23c78f36802c99bba,abib-11-01,"The Martyrdom of Sts. John and Simon, his cousin",Annual / fixed or ordinary cycle,Liturgy,,Pauline Epistle,current_public_or_local_reference,local cache covering 2020 to 2035
New Testament,Romans,8,Rom 8:18-30,rid_92d23c78f36802c99bba,abib-11-01,"The Martyrdom of Sts. John and Simon, his cousin",Annual / fixed or ordinary cycle,liturgy_pauline,,liturgy_pauline,current_public_or_local_reference,local repo snapshot of pierresaid Katameros API SQLite database
New Testament,Romans,8,Rom 8:18-30,rid_92d23c78f36802c99bba,abib-22-01,"The Commemoration of the Martyrdom of St. Macarius, the Son of Basilides (Wasilides) the Minister",Annual / fixed or ordinary cycle,Liturgy,,Pauline Epistle,current_public_or_local_reference,local cache covering 2020 to 2035
New Testament,Romans,8,Rom 8:18-30,rid_92d23c78f36802c99bba,abib-22-01,"The Commemoration of the Martyrdom of St. Macarius, the Son of Basilides (Wasilides) the Minister",Annual / fixed or ordinary cycle,liturgy_pauline,,liturgy_pauline,current_public_or_local_reference,local repo snapshot of pierresaid Katameros API SQLite database
New Testament,Romans,8,Rom 8:18-30,rid_92d23c78f36802c99bba,amshir-13-01,"The Martyrdom of St. Sergius of Atripe, His Father, Mother, Sister, and Many Others with Them",Annual / fixed or ordinary cycle,Liturgy,,Pauline Epistle,current_public_or_local_reference,local cache covering 2020 to 2035
New Testament,Romans,8,Rom 8:18-30,rid_92d23c78f36802c99bba,amshir-13-01,"The Martyrdom of St. Sergius of Atripe, His Father, Mother, Sister, and Many Others with Them",Annual / fixed or ordinary cycle,liturgy_pauline,,liturgy_pauline,current_public_or_local_reference,local repo snapshot of pierresaid Katameros API SQLite database
New Testament,Romans,8,Rom 8:18-30,rid_92d23c78f36802c99bba,amshir-17-01,"The Martyrdom of St. Mina (Menas), the Monk",Annual / fixed or ordinary cycle,Liturgy,,Pauline Epistle,current_public_or_local_reference,local cache covering 2020 to 2035
New Testament,Romans,8,Rom 8:18-30,rid_92d23c78f36802c99bba,amshir-17-01,"The Martyrdom of St. Mina (Menas), the Monk",Annual / fixed or ordinary cycle,liturgy_pauline,,liturgy_pauline,current_public_or_local_reference,local repo snapshot of pierresaid Katameros API SQLite database
New Testament,Romans,8,Rom 8:18-30,rid_92d23c78f36802c99bba,amshir-23-01,"The Martyrdom of St. Eusebius, Son of Basilides, the Minister",Annual / fixed or ordinary cycle,Liturgy,,Pauline Epistle,current_public_or_local_reference,local cache covering 2020 to 2035
New Testament,Romans,8,Rom 8:18-30,rid_92d23c78f36802c99bba,amshir-23-01,"The Martyrdom of St. Eusebius, Son of Basilides, the Minister",Annual / fixed or ordinary cycle,liturgy_pauline,,liturgy_pauline,current_public_or_local_reference,local repo snapshot of pierresaid Katameros API SQLite database
New Testament,Romans,8,Rom 8:18-30,rid_92d23c78f36802c99bba,barmuda-18,Barmuda 18,Annual / fixed or ordinary cycle,liturgy_pauline,,liturgy_pauline,current_public_or_local_reference,local repo snapshot of pierresaid Katameros API SQLite database
New Testament,Romans,8,Rom 8:18-30,rid_92d23c78f36802c99bba,barmuda-27,Barmuda 27,Annual / fixed or ordinary cycle,liturgy_pauline,,liturgy_pauline,current_public_or_local_reference,local repo snapshot of pierresaid Katameros API SQLite database
New Testament,Romans,8,Rom 8:18-30,rid_92d23c78f36802c99bba,baunah-11-01,The Martyrdom of St. Claudius,Annual / fixed or ordinary cycle,liturgy_pauline,,liturgy_pauline,current_public_or_local_reference,local repo snapshot of pierresaid Katameros API SQLite database
New Testament,Romans,8,Rom 8:18-30,rid_92d23c78f36802c99bba,great-lent,Great Lent,Great Lent,Liturgy,,Pauline Epistle,current_public_or_local_reference,local cache covering 2020 to 2035
New Testament,Romans,8,Rom 8:18-30,rid_92d23c78f36802c99bba,kiak-14,Kiak 14,Annual / fixed or ordinary cycle,Liturgy,,Pauline Epistle,current_public_or_local_reference,local cache covering 2020 to 2035
New Testament,Romans,8,Rom 8:18-30,rid_92d23c78f36802c99bba,kiyahk-14-01,"The Martyrdom of Saints Behnam and Sarah, His Sister",Annual / fixed or ordinary cycle,liturgy_pauline,,liturgy_pauline,current_public_or_local_reference,local repo snapshot of pierresaid Katameros API SQLite database
New Testament,Romans,8,Rom 8:18-30,rid_92d23c78f36802c99bba,baunah-11-01,The Martyrdom of St. Claudius,Annual / fixed or ordinary cycle,Liturgy,,Pauline Epistle,current_public_or_local_reference,local cache covering 2020 to 2035
New Testament,Romans,8,Rom 8:18-30,rid_92d23c78f36802c99bba,toba-16,Toba 16,Annual / fixed or ordinary cycle,Liturgy,,Pauline Epistle,current_public_or_local_reference,local cache covering 2020 to 2035
New Testament,Romans,8,Rom 8:18-30,rid_92d23c78f36802c99bba,toba-27,Toba 27,Annual / fixed or ordinary cycle,Liturgy,,Pauline Epistle,current_public_or_local_reference,local cache covering 2020 to 2035
New Testament,Romans,8,Rom 8:18-30,rid_92d23c78f36802c99bba,tut-11-01,The Martyrdom of Saint Basilides (Wasilides),Annual / fixed or ordinary cycle,Liturgy,,Pauline Epistle,current_public_or_local_reference,local cache covering 2020 to 2035
New Testament,Romans,8,Rom 8:2-5,rid_ecfe3986d823ea503013,holy-fifty-days-pentecost-cycle,Holy Fifty Days/Pentecost cycle,Holy Fifty Days,liturgy_pauline,,liturgy_pauline,current_public_or_local_reference,local repo snapshot of pierresaid Katameros API SQLite database
New Testament,Romans,8,Rom 8:2-5,rid_ecfe3986d823ea503013,monday-of-the-sixth-week-of-the-holy-fifty-days,Monday of the sixth week of the holy fifty days,Holy Fifty Days,Liturgy,,Pauline Epistle,current_public_or_local_reference,local cache covering 2020 to 2035
New Testament,Romans,8,Rom 8:22-27,rid_5c2ed29be1dc90f33611,holy-fifty-days-pentecost-cycle,Holy Fifty Days/Pentecost cycle,Holy Fifty Days,liturgy_pauline,,liturgy_pauline,current_public_or_local_reference,local repo snapshot of pierresaid Katameros API SQLite database
New Testament,Romans,8,Rom 8:22-27,rid_5c2ed29be1dc90f33611,tuesday-of-the-seventh-week-of-the-holy-fifty-days,Tuesday of the seventh week of the holy fifty days,Holy Fifty Days,Liturgy,,Pauline Epistle,current_public_or_local_reference,local cache covering 2020 to 2035
New Testament,Romans,8,Rom 8:28-39,rid_fbdb3e0ac30d235b0b7f,abib-27-01,The Consecration of the Church of St. Abba Fam,Annual / fixed or ordinary cycle,Liturgy,,Pauline Epistle,current_public_or_local_reference,local cache covering 2020 to 2035
New Testament,Romans,8,Rom 8:28-39,rid_fbdb3e0ac30d235b0b7f,abib-27-01,The Consecration of the Church of St. Abba Fam,Annual / fixed or ordinary cycle,liturgy_pauline,,liturgy_pauline,current_public_or_local_reference,local repo snapshot of pierresaid Katameros API SQLite database
New Testament,Romans,8,Rom 8:28-39,rid_fbdb3e0ac30d235b0b7f,barmuda-23,Barmuda 23,Annual / fixed or ordinary cycle,liturgy_pauline,,liturgy_pauline,current_public_or_local_reference,local repo snapshot of pierresaid Katameros API SQLite database
New Testament,Romans,8,Rom 8:28-39,rid_fbdb3e0ac30d235b0b7f,bashans-06-01,The Martyrdom of St. Isaac El-Defrawi,Annual / fixed or ordinary cycle,liturgy_pauline,,liturgy_pauline,current_public_or_local_reference,local repo snapshot of pierresaid Katameros API SQLite database
New Testament,Romans,8,Rom 8:28-39,rid_fbdb3e0ac30d235b0b7f,bashans-08-01,The Martyrdom of St. John of Senhout,Annual / fixed or ordinary cycle,liturgy_pauline,,liturgy_pauline,current_public_or_local_reference,local repo snapshot of pierresaid Katameros API SQLite database
New Testament,Romans,8,Rom 8:28-39,rid_fbdb3e0ac30d235b0b7f,baunah-19-01,The First Pontifical Liturgy in the New St. Mark Cathedral in the Monastery of Anba Rowais,Annual / fixed or ordinary cycle,liturgy_pauline,,liturgy_pauline,current_public_or_local_reference,local repo snapshot of pierresaid Katameros API SQLite database
New Testament,Romans,8,Rom 8:28-39,rid_fbdb3e0ac30d235b0b7f,baunah-07-01,The Martyrdom of St. Abaskhiroun the Soldier,Annual / fixed or ordinary cycle,liturgy_pauline,,liturgy_pauline,current_public_or_local_reference,local repo snapshot of pierresaid Katameros API SQLite database
New Testament,Romans,8,Rom 8:28-39,rid_fbdb3e0ac30d235b0b7f,hator-7,Hator 7,Annual / fixed or ordinary cycle,Liturgy,,Pauline Epistle,current_public_or_local_reference,local cache covering 2020 to 2035
New Testament,Romans,8,Rom 8:28-39,rid_fbdb3e0ac30d235b0b7f,hatur-07-01,The Martyrdom of St. George of Alexandria,Annual / fixed or ordinary cycle,liturgy_pauline,,liturgy_pauline,current_public_or_local_reference,local repo snapshot of pierresaid Katameros API SQLite database
New Testament,Romans,8,Rom 8:28-39,rid_fbdb3e0ac30d235b0b7f,holy-fifty-days-pentecost-cycle,Holy Fifty Days/Pentecost cycle,Holy Fifty Days,liturgy_pauline,,liturgy_pauline,current_public_or_local_reference,local repo snapshot of pierresaid Katameros API SQLite database
New Testament,Romans,8,Rom 8:28-39,rid_fbdb3e0ac30d235b0b7f,mesra-23-01,The Martyrdom of Thirty Thousand Christians in Alexandria,Annual / fixed or ordinary cycle,Liturgy,,Pauline Epistle,current_public_or_local_reference,local cache covering 2020 to 2035
New Testament,Romans,8,Rom 8:28-39,rid_fbdb3e0ac30d235b0b7f,mesra-23-01,The Martyrdom of Thirty Thousand Christians in Alexandria,Annual / fixed or ordinary cycle,liturgy_pauline,,liturgy_pauline,current_public_or_local_reference,local repo snapshot of pierresaid Katameros API SQLite database
New Testament,Romans,8,Rom 8:28-39,rid_fbdb3e0ac30d235b0b7f,mesra-27-01,The Martyrdom of Sts. Benjamin and his Sister Eudexia,Annual / fixed or ordinary cycle,Liturgy,,Pauline Epistle,current_public_or_local_reference,local cache covering 2020 to 2035
New Testament,Romans,8,Rom 8:28-39,rid_fbdb3e0ac30d235b0b7f,mesra-27-01,The Martyrdom of Sts. Benjamin and his Sister Eudexia,Annual / fixed or ordinary cycle,liturgy_pauline,,liturgy_pauline,current_public_or_local_reference,local repo snapshot of pierresaid Katameros API SQLite database
New Testament,Romans,8,Rom 8:28-39,rid_fbdb3e0ac30d235b0b7f,baunah-19-01,The First Pontifical Liturgy in the New St. Mark Cathedral in the Monastery of Anba Rowais,Annual / fixed or ordinary cycle,Liturgy,,Pauline Epistle,current_public_or_local_reference,local cache covering 2020 to 2035
New Testament,Romans,8,Rom 8:28-39,rid_fbdb3e0ac30d235b0b7f,baunah-07-01,The Martyrdom of St. Abaskhiroun the Soldier,Annual / fixed or ordinary cycle,Liturgy,,Pauline Epistle,current_public_or_local_reference,local cache covering 2020 to 2035
New Testament,Romans,8,Rom 8:28-39,rid_fbdb3e0ac30d235b0b7f,wednesday-of-the-seventh-week-of-the-holy-fifty-days,Wednesday of the seventh week of the holy fifty days,Holy Fifty Days,Liturgy,,Pauline Epistle,current_public_or_local_reference,local cache covering 2020 to 2035
New Testament,Romans,8,Rom 8:9-11,rid_b501a9020ff38a5b41f0,holy-fifty-days-pentecost-cycle,Holy Fifty Days/Pentecost cycle,Holy Fifty Days,liturgy_pauline,,liturgy_pauline,current_public_or_local_reference,local repo snapshot of pierresaid Katameros API SQLite database
New Testament,Romans,8,Rom 8:9-11,rid_b501a9020ff38a5b41f0,tuesday-of-the-sixth-week-of-the-holy-fifty-days,Tuesday of the sixth week of the holy fifty days,Holy Fifty Days,Liturgy,,Pauline Epistle,current_public_or_local_reference,local cache covering 2020 to 2035
New Testament,Romans,9,Rom 9:14-29,rid_94a8b983cce84522eba2,tuesday-of-the-first-week-of-great-lent,Tuesday of the first week of Great Lent,Great Lent,Liturgy,,Pauline Epistle,current_public_or_local_reference,local cache covering 2020 to 2035
New Testament,Romans,9,Rom 9:15-29,rid_fbe32b3c34da672e1120,great-lent-jonah-nineveh-cycle,Great Lent/Jonah/Nineveh cycle,Great Lent,liturgy_pauline,,liturgy_pauline,current_public_or_local_reference,local repo snapshot of pierresaid Katameros API SQLite database
New Testament,Romans,9,Rom 9:6-33,rid_b483d035929bb856f350,the-fourth-sunday-of-kiak,The fourth Sunday of Kiak,Annual / fixed or ordinary cycle,Liturgy,,Pauline Epistle,current_public_or_local_reference,local cache covering 2020 to 2035
New Testament,Romans,9,Rom 9:6-33,rid_b483d035929bb856f350,kiyahk-04-01,"The Martyrdom of St. Andrew the Apostle, the Brother of St. Peter",Annual / fixed or ordinary cycle,liturgy_pauline,,liturgy_pauline,current_public_or_local_reference,local repo snapshot of pierresaid Katameros API SQLite database
New Testament,Romans,9,Rom 9:6-33,rid_b483d035929bb856f350,fourth-sunday-of-christmas-fast,fourth Sunday of Christmas Fast,Annual / fixed or ordinary cycle,Liturgy,,Pauline Epistle,current_public_or_local_reference,local cache covering 2020 to 2035
New Testament,Titus,2,Titus 2:11-15,rid_889722eaaeb8ab72a4d0,babah-14-01,"The Departure of St. Philip, One of the Seven Deacons",Annual / fixed or ordinary cycle,liturgy_pauline,,liturgy_pauline,current_public_or_local_reference,local repo snapshot of pierresaid Katameros API SQLite database
New Testament,Titus,2,Titus 2:11-15,rid_889722eaaeb8ab72a4d0,baramhat-25-01,"The Departure of St. Onesiphorous (Friska), One of the Seventy Apostles",Annual / fixed or ordinary cycle,liturgy_pauline,,liturgy_pauline,current_public_or_local_reference,local repo snapshot of pierresaid Katameros API SQLite database
New Testament,Titus,2,Titus 2:11-15,rid_889722eaaeb8ab72a4d0,tubah-11-01,"The Holy Theophany of Our Lord, God and Savior, Jesus Christ (Baptism of the Lord christ)",Annual / fixed or ordinary cycle,liturgy_pauline,,liturgy_pauline,current_public_or_local_reference,local repo snapshot of pierresaid Katameros API SQLite database
New Testament,Titus,2,Titus 2:11-15,rid_889722eaaeb8ab72a4d0,myron-consecration,myron_consecration,Special service,liturgy,,liturgy,current_public_or_local_reference,local package snapshot
New Testament,Titus,2,Titus 2:11-3:7,rid_513f269516befbed21cc,baba-14,Baba 14,Annual / fixed or ordinary cycle,Liturgy,,Pauline Epistle,current_public_or_local_reference,local cache covering 2020 to 2035
New Testament,Titus,2,Titus 2:11-3:7,rid_513f269516befbed21cc,the-feast-of-epiphany,The Feast of Epiphany,Annual / fixed or ordinary cycle,Liturgy,,Pauline Epistle,current_public_or_local_reference,local cache covering 2020 to 2035
New Testament,Titus,2,Titus 2:11-3:7,rid_513f269516befbed21cc,baptism,baptism,Special service,part_3,,part_3,current_public_or_local_reference,local package snapshot
New Testament,Titus,3,Titus 3:1-7,rid_ba442d60cf6148032cbf,babah-14-01,"The Departure of St. Philip, One of the Seven Deacons",Annual / fixed or ordinary cycle,liturgy_pauline,,liturgy_pauline,current_public_or_local_reference,local repo snapshot of pierresaid Katameros API SQLite database
New Testament,Titus,3,Titus 3:1-7,rid_ba442d60cf6148032cbf,baramhat-25-01,"The Departure of St. Onesiphorous (Friska), One of the Seventy Apostles",Annual / fixed or ordinary cycle,liturgy_pauline,,liturgy_pauline,current_public_or_local_reference,local repo snapshot of pierresaid Katameros API SQLite database
New Testament,Titus,3,Titus 3:1-7,rid_ba442d60cf6148032cbf,tubah-11-01,"The Holy Theophany of Our Lord, God and Savior, Jesus Christ (Baptism of the Lord christ)",Annual / fixed or ordinary cycle,liturgy_pauline,,liturgy_pauline,current_public_or_local_reference,local repo snapshot of pierresaid Katameros API SQLite database
New Testament,Titus,3,Titus 3:1-7,rid_ba442d60cf6148032cbf,myron-consecration,myron_consecration,Special service,liturgy,,liturgy,current_public_or_local_reference,local package snapshot
