testament,book,book_abbrev,chapter,chapter_ref,is_read,occurrence_count,source_kinds,liturgical_places,service_sections,reading_types,sample_occurrences
Old Testament,Genesis,Gen,1,Gen 1,yes,2,pascha_day_hour,Monday,First Hour,OT1,pascha_day_hour | Monday | First Hour | OT1 | Gen 1:1-2:3 || pascha_day_hour | Monday | First Hour | OT1 | Gen 1:1-31
Old Testament,Genesis,Gen,2,Gen 2,yes,4,pascha_day_hour,Monday,First Hour; Ninth Hour,OT1,pascha_day_hour | Monday | First Hour | OT1 | Gen 1:1-2:3 || pascha_day_hour | Monday | First Hour | OT1 | Gen 2:1-3 || pascha_day_hour | Monday | Ninth Hour | OT1 | Gen 2:15-25 || pascha_day_hour | Monday | Ninth Hour | OT1 | Gen 2:15-3:24
Old Testament,Genesis,Gen,3,Gen 3,yes,2,pascha_day_hour,Monday,Ninth Hour,OT1,pascha_day_hour | Monday | Ninth Hour | OT1 | Gen 2:15-3:24 || pascha_day_hour | Monday | Ninth Hour | OT1 | Gen 3:1-24
Old Testament,Genesis,Gen,4,Gen 4,no,0,,,,,
Old Testament,Genesis,Gen,5,Gen 5,no,0,,,,,
Old Testament,Genesis,Gen,6,Gen 6,yes,1,pascha_day_hour,Tuesday,Ninth Hour,OT1,pascha_day_hour | Tuesday | Ninth Hour | OT1 | Gen 6:5-9:7
Old Testament,Genesis,Gen,7,Gen 7,yes,1,pascha_day_hour,Tuesday,Ninth Hour,OT1,pascha_day_hour | Tuesday | Ninth Hour | OT1 | Gen 6:5-9:7
Old Testament,Genesis,Gen,8,Gen 8,yes,1,pascha_day_hour,Tuesday,Ninth Hour,OT1,pascha_day_hour | Tuesday | Ninth Hour | OT1 | Gen 6:5-9:7
Old Testament,Genesis,Gen,9,Gen 9,yes,1,pascha_day_hour,Tuesday,Ninth Hour,OT1,pascha_day_hour | Tuesday | Ninth Hour | OT1 | Gen 6:5-9:7
Old Testament,Genesis,Gen,10,Gen 10,no,0,,,,,
Old Testament,Genesis,Gen,11,Gen 11,no,0,,,,,
Old Testament,Genesis,Gen,12,Gen 12,no,0,,,,,
Old Testament,Genesis,Gen,13,Gen 13,no,0,,,,,
Old Testament,Genesis,Gen,14,Gen 14,yes,1,pascha_day_hour,Great Thursday,Ninth Hour,OT3,pascha_day_hour | Great Thursday | Ninth Hour | OT3 | Gen 14:17-20
Old Testament,Genesis,Gen,15,Gen 15,no,0,,,,,
Old Testament,Genesis,Gen,16,Gen 16,no,0,,,,,
Old Testament,Genesis,Gen,17,Gen 17,no,0,,,,,
Old Testament,Genesis,Gen,18,Gen 18,yes,2,pascha_day_hour; katameros_cycle,Great Thursday; Great Lent/Jonah/Nineveh cycle,Liturgy of Blessing of the Water; prophecy,OT1; GreatLentReadings,pascha_day_hour | Great Thursday | Liturgy of Blessing of the Water | OT1 | Gen 18:1-23 || katameros_cycle | Great Lent/Jonah/Nineveh cycle | prophecy | GreatLentReadings | Gen 18:17-33
Old Testament,Genesis,Gen,19,Gen 19,yes,1,katameros_cycle,Great Lent/Jonah/Nineveh cycle,prophecy,GreatLentReadings,katameros_cycle | Great Lent/Jonah/Nineveh cycle | prophecy | GreatLentReadings | Gen 19:1-29
Old Testament,Genesis,Gen,20,Gen 20,no,0,,,,,
Old Testament,Genesis,Gen,21,Gen 21,no,0,,,,,
Old Testament,Genesis,Gen,22,Gen 22,yes,3,katameros_cycle; pascha_day_hour; pascha_source_text,Great Lent/Jonah/Nineveh cycle; Great Thursday; Thursday,prophecy; Ninth Hour,GreatLentReadings; OT1; Prophecy,katameros_cycle | Great Lent/Jonah/Nineveh cycle | prophecy | GreatLentReadings | Gen 22:1-18 || pascha_day_hour | Great Thursday | Ninth Hour | OT1 | Gen 22:1-19 || pascha_source_text | Thursday | Ninth Hour | Prophecy | Gen 22:1-19
Old Testament,Genesis,Gen,23,Gen 23,yes,2,special_service,funeral,at_burial_site_override,old_testament,special_service | funeral | at_burial_site_override | old_testament | Gen 23:1-20
Old Testament,Genesis,Gen,24,Gen 24,yes,3,special_service; pascha_day_hour,funeral; Wednesday,at_burial_site_override; Ninth Hour,old_testament; OT1,special_service | funeral | at_burial_site_override | old_testament | Gen 24:1-67 || pascha_day_hour | Wednesday | Ninth Hour | OT1 | Gen 24:1-9
Old Testament,Genesis,Gen,25,Gen 25,no,0,,,,,
Old Testament,Genesis,Gen,26,Gen 26,no,0,,,,,
Old Testament,Genesis,Gen,27,Gen 27,yes,1,katameros_cycle,Great Lent/Jonah/Nineveh cycle,prophecy,GreatLentReadings,katameros_cycle | Great Lent/Jonah/Nineveh cycle | prophecy | GreatLentReadings | Gen 27:1-41
Old Testament,Genesis,Gen,28,Gen 28,yes,2,katameros_cycle; special_service,Great Lent/Jonah/Nineveh cycle; cornerstone_prayer,prophecy; foundation_cornerstone,GreatLentReadings; old_testament,katameros_cycle | Great Lent/Jonah/Nineveh cycle | prophecy | GreatLentReadings | Gen 28:10-22 || special_service | cornerstone_prayer | foundation_cornerstone | old_testament | Gen 28:10-31
Old Testament,Genesis,Gen,29,Gen 29,no,0,,,,,
Old Testament,Genesis,Gen,30,Gen 30,no,0,,,,,
Old Testament,Genesis,Gen,31,Gen 31,no,0,,,,,
Old Testament,Genesis,Gen,32,Gen 32,yes,1,katameros_cycle,Great Lent/Jonah/Nineveh cycle,prophecy,GreatLentReadings,katameros_cycle | Great Lent/Jonah/Nineveh cycle | prophecy | GreatLentReadings | Gen 32:1-30
Old Testament,Genesis,Gen,33,Gen 33,no,0,,,,,
Old Testament,Genesis,Gen,34,Gen 34,no,0,,,,,
Old Testament,Genesis,Gen,35,Gen 35,no,0,,,,,
Old Testament,Genesis,Gen,36,Gen 36,no,0,,,,,
Old Testament,Genesis,Gen,37,Gen 37,no,0,,,,,
Old Testament,Genesis,Gen,38,Gen 38,no,0,,,,,
Old Testament,Genesis,Gen,39,Gen 39,no,0,,,,,
Old Testament,Genesis,Gen,40,Gen 40,no,0,,,,,
Old Testament,Genesis,Gen,41,Gen 41,no,0,,,,,
Old Testament,Genesis,Gen,42,Gen 42,no,0,,,,,
Old Testament,Genesis,Gen,43,Gen 43,no,0,,,,,
Old Testament,Genesis,Gen,44,Gen 44,no,0,,,,,
Old Testament,Genesis,Gen,45,Gen 45,no,0,,,,,
Old Testament,Genesis,Gen,46,Gen 46,no,0,,,,,
Old Testament,Genesis,Gen,47,Gen 47,no,0,,,,,
Old Testament,Genesis,Gen,48,Gen 48,yes,1,pascha_day_hour,Good Friday,Third Hour,OT1,pascha_day_hour | Good Friday | Third Hour | OT1 | Gen 48:1-19
Old Testament,Genesis,Gen,49,Gen 49,yes,2,katameros_cycle,Great Lent/Jonah/Nineveh cycle,prophecy,GreatLentReadings,katameros_cycle | Great Lent/Jonah/Nineveh cycle | prophecy | GreatLentReadings | Gen 49:1-28 || katameros_cycle | Great Lent/Jonah/Nineveh cycle | prophecy | GreatLentReadings | Gen 49:33
Old Testament,Genesis,Gen,50,Gen 50,yes,2,katameros_cycle; special_service,Great Lent/Jonah/Nineveh cycle; funeral,prophecy; at_burial_site_override,GreatLentReadings; old_testament,katameros_cycle | Great Lent/Jonah/Nineveh cycle | prophecy | GreatLentReadings | Gen 50:1-26 || special_service | funeral | at_burial_site_override | old_testament | Gen 50:4-25
Old Testament,Exodus,Exod,1,Exod 1,no,0,,,,,
Old Testament,Exodus,Exod,2,Exod 2,yes,2,katameros_cycle,Great Lent/Jonah/Nineveh cycle,prophecy,GreatLentReadings,katameros_cycle | Great Lent/Jonah/Nineveh cycle | prophecy | GreatLentReadings | Exod 2:11-20 || katameros_cycle | Great Lent/Jonah/Nineveh cycle | prophecy | GreatLentReadings | Exod 2:23-25
Old Testament,Exodus,Exod,3,Exod 3,yes,2,katameros_cycle,Great Lent/Jonah/Nineveh cycle,prophecy,GreatLentReadings,katameros_cycle | Great Lent/Jonah/Nineveh cycle | prophecy | GreatLentReadings | Exod 3:1-5 || katameros_cycle | Great Lent/Jonah/Nineveh cycle | prophecy | GreatLentReadings | Exod 3:6-14
Old Testament,Exodus,Exod,4,Exod 4,yes,1,katameros_cycle,Great Lent/Jonah/Nineveh cycle,prophecy,GreatLentReadings,katameros_cycle | Great Lent/Jonah/Nineveh cycle | prophecy | GreatLentReadings | Exod 4:19-31
Old Testament,Exodus,Exod,5,Exod 5,yes,1,katameros_cycle,Great Lent/Jonah/Nineveh cycle,prophecy,GreatLentReadings,katameros_cycle | Great Lent/Jonah/Nineveh cycle | prophecy | GreatLentReadings | Exod 5:1-23
Old Testament,Exodus,Exod,6,Exod 6,yes,1,katameros_cycle,Great Lent/Jonah/Nineveh cycle,prophecy,GreatLentReadings,katameros_cycle | Great Lent/Jonah/Nineveh cycle | prophecy | GreatLentReadings | Exod 6:1-13
Old Testament,Exodus,Exod,7,Exod 7,yes,3,katameros_cycle; pascha_day_hour,Great Lent/Jonah/Nineveh cycle; Great Thursday,prophecy; Sixth Hour,GreatLentReadings; OT1,katameros_cycle | Great Lent/Jonah/Nineveh cycle | prophecy | GreatLentReadings | Exod 7:14-25 || pascha_day_hour | Great Thursday | Sixth Hour | OT1 | Exod 7:2-15
Old Testament,Exodus,Exod,8,Exod 8,yes,3,katameros_cycle,Great Lent/Jonah/Nineveh cycle,prophecy,GreatLentReadings,katameros_cycle | Great Lent/Jonah/Nineveh cycle | prophecy | GreatLentReadings | Exod 8:1-19 || katameros_cycle | Great Lent/Jonah/Nineveh cycle | prophecy | GreatLentReadings | Exod 8:20-32
Old Testament,Exodus,Exod,9,Exod 9,yes,1,katameros_cycle,Great Lent/Jonah/Nineveh cycle,prophecy,GreatLentReadings,katameros_cycle | Great Lent/Jonah/Nineveh cycle | prophecy | GreatLentReadings | Exod 9:1-35
Old Testament,Exodus,Exod,10,Exod 10,yes,1,katameros_cycle,Great Lent/Jonah/Nineveh cycle,prophecy,GreatLentReadings,katameros_cycle | Great Lent/Jonah/Nineveh cycle | prophecy | GreatLentReadings | Exod 10:1-29
Old Testament,Exodus,Exod,11,Exod 11,yes,1,katameros_cycle,Great Lent/Jonah/Nineveh cycle,prophecy,GreatLentReadings,katameros_cycle | Great Lent/Jonah/Nineveh cycle | prophecy | GreatLentReadings | Exod 11:1-10
Old Testament,Exodus,Exod,12,Exod 12,yes,1,pascha_source_text,Good Friday,Eleventh Hour,Prophecy,pascha_source_text | Good Friday | Eleventh Hour | Prophecy | Exod 12:1-14
Old Testament,Exodus,Exod,13,Exod 13,yes,1,pascha_day_hour,Wednesday,Third Hour,OT1,pascha_day_hour | Wednesday | Third Hour | OT1 | Exod 13:17-22
Old Testament,Exodus,Exod,14,Exod 14,yes,1,pascha_day_hour,Wednesday,Sixth Hour,OT1,pascha_day_hour | Wednesday | Sixth Hour | OT1 | Exod 14:13-15:1
Old Testament,Exodus,Exod,15,Exod 15,yes,3,pascha_day_hour; pascha_source_text,Wednesday; Great Thursday,Sixth Hour; First Hour,OT1; OT2; Prophecy,pascha_day_hour | Wednesday | Sixth Hour | OT1 | Exod 14:13-15:1 || pascha_day_hour | Great Thursday | First Hour | OT2 | Exod 15:22-16:3 || pascha_source_text | Great Thursday | First Hour | Prophecy | Exod 15:23-16:3
Old Testament,Exodus,Exod,16,Exod 16,yes,2,pascha_day_hour; pascha_source_text,Great Thursday,First Hour,OT2; Prophecy,pascha_day_hour | Great Thursday | First Hour | OT2 | Exod 15:22-16:3 || pascha_source_text | Great Thursday | First Hour | Prophecy | Exod 15:23-16:3
Old Testament,Exodus,Exod,17,Exod 17,yes,2,pascha_day_hour,Wednesday; Great Thursday,First Hour,OT1,pascha_day_hour | Wednesday | First Hour | OT1 | Exod 17:1-7 || pascha_day_hour | Great Thursday | First Hour | OT1 | Exod 17:8-16
Old Testament,Exodus,Exod,18,Exod 18,no,0,,,,,
Old Testament,Exodus,Exod,19,Exod 19,yes,1,pascha_day_hour,Tuesday,First Hour,OT1,pascha_day_hour | Tuesday | First Hour | OT1 | Exod 19:1-9
Old Testament,Exodus,Exod,20,Exod 20,no,0,,,,,
Old Testament,Exodus,Exod,21,Exod 21,no,0,,,,,
Old Testament,Exodus,Exod,22,Exod 22,no,0,,,,,
Old Testament,Exodus,Exod,23,Exod 23,no,0,,,,,
Old Testament,Exodus,Exod,24,Exod 24,no,0,,,,,
Old Testament,Exodus,Exod,25,Exod 25,no,0,,,,,
Old Testament,Exodus,Exod,26,Exod 26,no,0,,,,,
Old Testament,Exodus,Exod,27,Exod 27,no,0,,,,,
Old Testament,Exodus,Exod,28,Exod 28,no,0,,,,,
Old Testament,Exodus,Exod,29,Exod 29,no,0,,,,,
Old Testament,Exodus,Exod,30,Exod 30,no,0,,,,,
Old Testament,Exodus,Exod,31,Exod 31,no,0,,,,,
Old Testament,Exodus,Exod,32,Exod 32,yes,2,pascha_day_hour,Great Thursday; Monday,Third Hour; Sixth Hour,OT1,pascha_day_hour | Great Thursday | Third Hour | OT1 | Exod 32:30-33:5 || pascha_day_hour | Monday | Sixth Hour | OT1 | Exod 32:7-15
Old Testament,Exodus,Exod,33,Exod 33,yes,1,pascha_day_hour,Great Thursday,Third Hour,OT1,pascha_day_hour | Great Thursday | Third Hour | OT1 | Exod 32:30-33:5
Old Testament,Exodus,Exod,34,Exod 34,no,0,,,,,
Old Testament,Exodus,Exod,35,Exod 35,no,0,,,,,
Old Testament,Exodus,Exod,36,Exod 36,no,0,,,,,
Old Testament,Exodus,Exod,37,Exod 37,no,0,,,,,
Old Testament,Exodus,Exod,38,Exod 38,no,0,,,,,
Old Testament,Exodus,Exod,39,Exod 39,no,0,,,,,
Old Testament,Exodus,Exod,40,Exod 40,no,0,,,,,
Old Testament,Leviticus,Lev,1,Lev 1,no,0,,,,,
Old Testament,Leviticus,Lev,2,Lev 2,no,0,,,,,
Old Testament,Leviticus,Lev,3,Lev 3,no,0,,,,,
Old Testament,Leviticus,Lev,4,Lev 4,no,0,,,,,
Old Testament,Leviticus,Lev,5,Lev 5,no,0,,,,,
Old Testament,Leviticus,Lev,6,Lev 6,no,0,,,,,
Old Testament,Leviticus,Lev,7,Lev 7,no,0,,,,,
Old Testament,Leviticus,Lev,8,Lev 8,no,0,,,,,
Old Testament,Leviticus,Lev,9,Lev 9,no,0,,,,,
Old Testament,Leviticus,Lev,10,Lev 10,no,0,,,,,
Old Testament,Leviticus,Lev,11,Lev 11,no,0,,,,,
Old Testament,Leviticus,Lev,12,Lev 12,no,0,,,,,
Old Testament,Leviticus,Lev,13,Lev 13,no,0,,,,,
Old Testament,Leviticus,Lev,14,Lev 14,no,0,,,,,
Old Testament,Leviticus,Lev,15,Lev 15,no,0,,,,,
Old Testament,Leviticus,Lev,16,Lev 16,no,0,,,,,
Old Testament,Leviticus,Lev,17,Lev 17,no,0,,,,,
Old Testament,Leviticus,Lev,18,Lev 18,no,0,,,,,
Old Testament,Leviticus,Lev,19,Lev 19,no,0,,,,,
Old Testament,Leviticus,Lev,20,Lev 20,no,0,,,,,
Old Testament,Leviticus,Lev,21,Lev 21,no,0,,,,,
Old Testament,Leviticus,Lev,22,Lev 22,no,0,,,,,
Old Testament,Leviticus,Lev,23,Lev 23,yes,1,pascha_source_text,Good Friday,Eleventh Hour,Prophecy,pascha_source_text | Good Friday | Eleventh Hour | Prophecy | Lev 23:5-12
Old Testament,Leviticus,Lev,24,Lev 24,no,0,,,,,
Old Testament,Leviticus,Lev,25,Lev 25,no,0,,,,,
Old Testament,Leviticus,Lev,26,Lev 26,no,0,,,,,
Old Testament,Leviticus,Lev,27,Lev 27,no,0,,,,,
Old Testament,Numbers,Num,1,Num 1,no,0,,,,,
Old Testament,Numbers,Num,2,Num 2,no,0,,,,,
Old Testament,Numbers,Num,3,Num 3,no,0,,,,,
Old Testament,Numbers,Num,4,Num 4,no,0,,,,,
Old Testament,Numbers,Num,5,Num 5,no,0,,,,,
Old Testament,Numbers,Num,6,Num 6,no,0,,,,,
Old Testament,Numbers,Num,7,Num 7,no,0,,,,,
Old Testament,Numbers,Num,8,Num 8,no,0,,,,,
Old Testament,Numbers,Num,9,Num 9,no,0,,,,,
Old Testament,Numbers,Num,10,Num 10,yes,1,katameros_cycle,Great Lent/Jonah/Nineveh cycle,prophecy,GreatLentReadings,katameros_cycle | Great Lent/Jonah/Nineveh cycle | prophecy | GreatLentReadings | Num 10:35-36
Old Testament,Numbers,Num,11,Num 11,yes,1,katameros_cycle,Great Lent/Jonah/Nineveh cycle,prophecy,GreatLentReadings,katameros_cycle | Great Lent/Jonah/Nineveh cycle | prophecy | GreatLentReadings | Num 11:1-35
Old Testament,Numbers,Num,12,Num 12,no,0,,,,,
Old Testament,Numbers,Num,13,Num 13,no,0,,,,,
Old Testament,Numbers,Num,14,Num 14,no,0,,,,,
Old Testament,Numbers,Num,15,Num 15,no,0,,,,,
Old Testament,Numbers,Num,16,Num 16,no,0,,,,,
Old Testament,Numbers,Num,17,Num 17,no,0,,,,,
Old Testament,Numbers,Num,18,Num 18,no,0,,,,,
Old Testament,Numbers,Num,19,Num 19,no,0,,,,,
Old Testament,Numbers,Num,20,Num 20,yes,1,pascha_day_hour,Wednesday,Ninth Hour,OT2,pascha_day_hour | Wednesday | Ninth Hour | OT2 | Num 20:1-13
Old Testament,Numbers,Num,21,Num 21,yes,1,pascha_day_hour,Good Friday,Sixth Hour,OT1,pascha_day_hour | Good Friday | Sixth Hour | OT1 | Num 21:1-9
Old Testament,Numbers,Num,22,Num 22,no,0,,,,,
Old Testament,Numbers,Num,23,Num 23,no,0,,,,,
Old Testament,Numbers,Num,24,Num 24,no,0,,,,,
Old Testament,Numbers,Num,25,Num 25,no,0,,,,,
Old Testament,Numbers,Num,26,Num 26,no,0,,,,,
Old Testament,Numbers,Num,27,Num 27,no,0,,,,,
Old Testament,Numbers,Num,28,Num 28,no,0,,,,,
Old Testament,Numbers,Num,29,Num 29,no,0,,,,,
Old Testament,Numbers,Num,30,Num 30,no,0,,,,,
Old Testament,Numbers,Num,31,Num 31,no,0,,,,,
Old Testament,Numbers,Num,32,Num 32,no,0,,,,,
Old Testament,Numbers,Num,33,Num 33,no,0,,,,,
Old Testament,Numbers,Num,34,Num 34,no,0,,,,,
Old Testament,Numbers,Num,35,Num 35,no,0,,,,,
Old Testament,Numbers,Num,36,Num 36,no,0,,,,,
Old Testament,Deuteronomy,Deut,1,Deut 1,no,0,,,,,
Old Testament,Deuteronomy,Deut,2,Deut 2,no,0,,,,,
Old Testament,Deuteronomy,Deut,3,Deut 3,no,0,,,,,
Old Testament,Deuteronomy,Deut,4,Deut 4,no,0,,,,,
Old Testament,Deuteronomy,Deut,5,Deut 5,yes,2,katameros_cycle; special_service,Great Lent/Jonah/Nineveh cycle; pentecost_prostration,prophecy; main_readings,GreatLentReadings; old_testament,katameros_cycle | Great Lent/Jonah/Nineveh cycle | prophecy | GreatLentReadings | Deut 5:15-22 || special_service | pentecost_prostration | main_readings | old_testament | Deut 5:23-33
Old Testament,Deuteronomy,Deut,6,Deut 6,yes,3,special_service; katameros_cycle,pentecost_prostration; Great Lent/Jonah/Nineveh cycle,main_readings; prophecy,old_testament; GreatLentReadings,special_service | pentecost_prostration | main_readings | old_testament | Deut 6:1-3 || special_service | pentecost_prostration | main_readings | old_testament | Deut 6:17-25 || katameros_cycle | Great Lent/Jonah/Nineveh cycle | prophecy | GreatLentReadings | Deut 6:3-25
Old Testament,Deuteronomy,Deut,7,Deut 7,yes,1,katameros_cycle,Great Lent/Jonah/Nineveh cycle,prophecy,GreatLentReadings,katameros_cycle | Great Lent/Jonah/Nineveh cycle | prophecy | GreatLentReadings | Deut 7:1-26
Old Testament,Deuteronomy,Deut,8,Deut 8,yes,3,katameros_cycle; pascha_source_text; pascha_day_hour,Great Lent/Jonah/Nineveh cycle; Tuesday; Good Friday,prophecy; Third Hour; First Hour,GreatLentReadings; Prophecy; OT1,katameros_cycle | Great Lent/Jonah/Nineveh cycle | prophecy | GreatLentReadings | Deut 8:1-20 || pascha_source_text | Tuesday | Third Hour | Prophecy | Deut 8:11-20 || pascha_day_hour | Good Friday | First Hour | OT1 | Deut 8:19-9:24
Old Testament,Deuteronomy,Deut,9,Deut 9,yes,3,pascha_day_hour; katameros_cycle,Good Friday; Great Lent/Jonah/Nineveh cycle,First Hour; prophecy,OT1; GreatLentReadings,pascha_day_hour | Good Friday | First Hour | OT1 | Deut 8:19-9:24 || katameros_cycle | Great Lent/Jonah/Nineveh cycle | prophecy | GreatLentReadings | Deut 9:1-4 || katameros_cycle | Great Lent/Jonah/Nineveh cycle | prophecy | GreatLentReadings | Deut 9:7-29
Old Testament,Deuteronomy,Deut,10,Deut 10,yes,2,katameros_cycle,Great Lent/Jonah/Nineveh cycle,prophecy,GreatLentReadings,katameros_cycle | Great Lent/Jonah/Nineveh cycle | prophecy | GreatLentReadings | Deut 10:1-11 || katameros_cycle | Great Lent/Jonah/Nineveh cycle | prophecy | GreatLentReadings | Deut 10:12-22
Old Testament,Deuteronomy,Deut,11,Deut 11,yes,2,katameros_cycle,Great Lent/Jonah/Nineveh cycle,prophecy,GreatLentReadings,katameros_cycle | Great Lent/Jonah/Nineveh cycle | prophecy | GreatLentReadings | Deut 11:1-28 || katameros_cycle | Great Lent/Jonah/Nineveh cycle | prophecy | GreatLentReadings | Deut 11:29-32
Old Testament,Deuteronomy,Deut,12,Deut 12,yes,1,katameros_cycle,Great Lent/Jonah/Nineveh cycle,prophecy,GreatLentReadings,katameros_cycle | Great Lent/Jonah/Nineveh cycle | prophecy | GreatLentReadings | Deut 12:1-27
Old Testament,Deuteronomy,Deut,13,Deut 13,no,0,,,,,
Old Testament,Deuteronomy,Deut,14,Deut 14,no,0,,,,,
Old Testament,Deuteronomy,Deut,15,Deut 15,no,0,,,,,
Old Testament,Deuteronomy,Deut,16,Deut 16,yes,1,special_service,pentecost_prostration,main_readings,old_testament,special_service | pentecost_prostration | main_readings | old_testament | Deut 16:1-18
Old Testament,Deuteronomy,Deut,17,Deut 17,no,0,,,,,
Old Testament,Deuteronomy,Deut,18,Deut 18,no,0,,,,,
Old Testament,Deuteronomy,Deut,19,Deut 19,no,0,,,,,
Old Testament,Deuteronomy,Deut,20,Deut 20,no,0,,,,,
Old Testament,Deuteronomy,Deut,21,Deut 21,no,0,,,,,
Old Testament,Deuteronomy,Deut,22,Deut 22,no,0,,,,,
Old Testament,Deuteronomy,Deut,23,Deut 23,no,0,,,,,
Old Testament,Deuteronomy,Deut,24,Deut 24,no,0,,,,,
Old Testament,Deuteronomy,Deut,25,Deut 25,no,0,,,,,
Old Testament,Deuteronomy,Deut,26,Deut 26,no,0,,,,,
Old Testament,Deuteronomy,Deut,27,Deut 27,no,0,,,,,
Old Testament,Deuteronomy,Deut,28,Deut 28,no,0,,,,,
Old Testament,Deuteronomy,Deut,29,Deut 29,no,0,,,,,
Old Testament,Deuteronomy,Deut,30,Deut 30,no,0,,,,,
Old Testament,Deuteronomy,Deut,31,Deut 31,no,0,,,,,
Old Testament,Deuteronomy,Deut,32,Deut 32,yes,1,bright_saturday_service_order,PRAISES OF THE PROPHETS,Midnight Praises,Second Praise of Moses,bright_saturday_service_order | PRAISES OF THE PROPHETS | Midnight Praises | Second Praise of Moses | Deut 32:1-42
Old Testament,Deuteronomy,Deut,33,Deut 33,no,0,,,,,
Old Testament,Deuteronomy,Deut,34,Deut 34,no,0,,,,,
Old Testament,Joshua,Josh,1,Josh 1,no,0,,,,,
Old Testament,Joshua,Josh,2,Josh 2,yes,1,katameros_cycle,Great Lent/Jonah/Nineveh cycle,prophecy,GreatLentReadings,katameros_cycle | Great Lent/Jonah/Nineveh cycle | prophecy | GreatLentReadings | Josh 2:1-24
Old Testament,Joshua,Josh,3,Josh 3,no,0,,,,,
Old Testament,Joshua,Josh,4,Josh 4,no,0,,,,,
Old Testament,Joshua,Josh,5,Josh 5,no,0,,,,,
Old Testament,Joshua,Josh,6,Josh 6,yes,1,katameros_cycle,Great Lent/Jonah/Nineveh cycle,prophecy,GreatLentReadings,katameros_cycle | Great Lent/Jonah/Nineveh cycle | prophecy | GreatLentReadings | Josh 6:1-27
Old Testament,Joshua,Josh,7,Josh 7,no,0,,,,,
Old Testament,Joshua,Josh,8,Josh 8,no,0,,,,,
Old Testament,Joshua,Josh,9,Josh 9,no,0,,,,,
Old Testament,Joshua,Josh,10,Josh 10,no,0,,,,,
Old Testament,Joshua,Josh,11,Josh 11,no,0,,,,,
Old Testament,Joshua,Josh,12,Josh 12,no,0,,,,,
Old Testament,Joshua,Josh,13,Josh 13,no,0,,,,,
Old Testament,Joshua,Josh,14,Josh 14,no,0,,,,,
Old Testament,Joshua,Josh,15,Josh 15,no,0,,,,,
Old Testament,Joshua,Josh,16,Josh 16,no,0,,,,,
Old Testament,Joshua,Josh,17,Josh 17,no,0,,,,,
Old Testament,Joshua,Josh,18,Josh 18,no,0,,,,,
Old Testament,Joshua,Josh,19,Josh 19,no,0,,,,,
Old Testament,Joshua,Josh,20,Josh 20,no,0,,,,,
Old Testament,Joshua,Josh,21,Josh 21,no,0,,,,,
Old Testament,Joshua,Josh,22,Josh 22,no,0,,,,,
Old Testament,Joshua,Josh,23,Josh 23,no,0,,,,,
Old Testament,Joshua,Josh,24,Josh 24,no,0,,,,,
Old Testament,Judges,Judg,1,Judg 1,no,0,,,,,
Old Testament,Judges,Judg,2,Judg 2,no,0,,,,,
Old Testament,Judges,Judg,3,Judg 3,no,0,,,,,
Old Testament,Judges,Judg,4,Judg 4,no,0,,,,,
Old Testament,Judges,Judg,5,Judg 5,no,0,,,,,
Old Testament,Judges,Judg,6,Judg 6,no,0,,,,,
Old Testament,Judges,Judg,7,Judg 7,no,0,,,,,
Old Testament,Judges,Judg,8,Judg 8,no,0,,,,,
Old Testament,Judges,Judg,9,Judg 9,no,0,,,,,
Old Testament,Judges,Judg,10,Judg 10,no,0,,,,,
Old Testament,Judges,Judg,11,Judg 11,yes,1,special_service,funeral,at_burial_site_override,old_testament,special_service | funeral | at_burial_site_override | old_testament | Judg 11:30-40
Old Testament,Judges,Judg,12,Judg 12,no,0,,,,,
Old Testament,Judges,Judg,13,Judg 13,no,0,,,,,
Old Testament,Judges,Judg,14,Judg 14,no,0,,,,,
Old Testament,Judges,Judg,15,Judg 15,no,0,,,,,
Old Testament,Judges,Judg,16,Judg 16,no,0,,,,,
Old Testament,Judges,Judg,17,Judg 17,no,0,,,,,
Old Testament,Judges,Judg,18,Judg 18,no,0,,,,,
Old Testament,Judges,Judg,19,Judg 19,no,0,,,,,
Old Testament,Judges,Judg,20,Judg 20,no,0,,,,,
Old Testament,Judges,Judg,21,Judg 21,no,0,,,,,
Old Testament,Ruth,Ruth,1,Ruth 1,no,0,,,,,
Old Testament,Ruth,Ruth,2,Ruth 2,no,0,,,,,
Old Testament,Ruth,Ruth,3,Ruth 3,no,0,,,,,
Old Testament,Ruth,Ruth,4,Ruth 4,no,0,,,,,
Old Testament,1 Samuel,1Sam,1,1Sam 1,yes,1,katameros_cycle,Great Lent/Jonah/Nineveh cycle,prophecy,GreatLentReadings,katameros_cycle | Great Lent/Jonah/Nineveh cycle | prophecy | GreatLentReadings | 1Sam 1:1-28
Old Testament,1 Samuel,1Sam,2,1Sam 2,yes,2,bright_saturday_service_order; katameros_cycle,PRAISES OF THE PROPHETS; Great Lent/Jonah/Nineveh cycle,Midnight Praises; prophecy,Prayer of Hannah; GreatLentReadings,bright_saturday_service_order | PRAISES OF THE PROPHETS | Midnight Praises | Prayer of Hannah | 1Sam 2:1-11 || katameros_cycle | Great Lent/Jonah/Nineveh cycle | prophecy | GreatLentReadings | 1Sam 2:1-21
Old Testament,1 Samuel,1Sam,3,1Sam 3,yes,1,katameros_cycle,Great Lent/Jonah/Nineveh cycle,prophecy,GreatLentReadings,katameros_cycle | Great Lent/Jonah/Nineveh cycle | prophecy | GreatLentReadings | 1Sam 3:1-20
Old Testament,1 Samuel,1Sam,4,1Sam 4,no,0,,,,,
Old Testament,1 Samuel,1Sam,5,1Sam 5,no,0,,,,,
Old Testament,1 Samuel,1Sam,6,1Sam 6,no,0,,,,,
Old Testament,1 Samuel,1Sam,7,1Sam 7,no,0,,,,,
Old Testament,1 Samuel,1Sam,8,1Sam 8,no,0,,,,,
Old Testament,1 Samuel,1Sam,9,1Sam 9,no,0,,,,,
Old Testament,1 Samuel,1Sam,10,1Sam 10,no,0,,,,,
Old Testament,1 Samuel,1Sam,11,1Sam 11,no,0,,,,,
Old Testament,1 Samuel,1Sam,12,1Sam 12,no,0,,,,,
Old Testament,1 Samuel,1Sam,13,1Sam 13,no,0,,,,,
Old Testament,1 Samuel,1Sam,14,1Sam 14,no,0,,,,,
Old Testament,1 Samuel,1Sam,15,1Sam 15,no,0,,,,,
Old Testament,1 Samuel,1Sam,16,1Sam 16,no,0,,,,,
Old Testament,1 Samuel,1Sam,17,1Sam 17,yes,1,katameros_cycle,Great Lent/Jonah/Nineveh cycle,prophecy,GreatLentReadings,katameros_cycle | Great Lent/Jonah/Nineveh cycle | prophecy | GreatLentReadings | 1Sam 17:16-54
Old Testament,1 Samuel,1Sam,18,1Sam 18,yes,1,katameros_cycle,Great Lent/Jonah/Nineveh cycle,prophecy,GreatLentReadings,katameros_cycle | Great Lent/Jonah/Nineveh cycle | prophecy | GreatLentReadings | 1Sam 18:6-9
Old Testament,1 Samuel,1Sam,19,1Sam 19,no,0,,,,,
Old Testament,1 Samuel,1Sam,20,1Sam 20,no,0,,,,,
Old Testament,1 Samuel,1Sam,21,1Sam 21,no,0,,,,,
Old Testament,1 Samuel,1Sam,22,1Sam 22,no,0,,,,,
Old Testament,1 Samuel,1Sam,23,1Sam 23,yes,1,katameros_cycle,Great Lent/Jonah/Nineveh cycle,prophecy,GreatLentReadings,katameros_cycle | Great Lent/Jonah/Nineveh cycle | prophecy | GreatLentReadings | 1Sam 23:26-29
Old Testament,1 Samuel,1Sam,24,1Sam 24,yes,1,katameros_cycle,Great Lent/Jonah/Nineveh cycle,prophecy,GreatLentReadings,katameros_cycle | Great Lent/Jonah/Nineveh cycle | prophecy | GreatLentReadings | 1Sam 24:1-22
Old Testament,1 Samuel,1Sam,25,1Sam 25,no,0,,,,,
Old Testament,1 Samuel,1Sam,26,1Sam 26,no,0,,,,,
Old Testament,1 Samuel,1Sam,27,1Sam 27,no,0,,,,,
Old Testament,1 Samuel,1Sam,28,1Sam 28,no,0,,,,,
Old Testament,1 Samuel,1Sam,29,1Sam 29,no,0,,,,,
Old Testament,1 Samuel,1Sam,30,1Sam 30,no,0,,,,,
Old Testament,1 Samuel,1Sam,31,1Sam 31,no,0,,,,,
Old Testament,2 Samuel,2Sam,1,2Sam 1,no,0,,,,,
Old Testament,2 Samuel,2Sam,2,2Sam 2,no,0,,,,,
Old Testament,2 Samuel,2Sam,3,2Sam 3,no,0,,,,,
Old Testament,2 Samuel,2Sam,4,2Sam 4,no,0,,,,,
Old Testament,2 Samuel,2Sam,5,2Sam 5,no,0,,,,,
Old Testament,2 Samuel,2Sam,6,2Sam 6,no,0,,,,,
Old Testament,2 Samuel,2Sam,7,2Sam 7,no,0,,,,,
Old Testament,2 Samuel,2Sam,8,2Sam 8,no,0,,,,,
Old Testament,2 Samuel,2Sam,9,2Sam 9,no,0,,,,,
Old Testament,2 Samuel,2Sam,10,2Sam 10,no,0,,,,,
Old Testament,2 Samuel,2Sam,11,2Sam 11,no,0,,,,,
Old Testament,2 Samuel,2Sam,12,2Sam 12,no,0,,,,,
Old Testament,2 Samuel,2Sam,13,2Sam 13,no,0,,,,,
Old Testament,2 Samuel,2Sam,14,2Sam 14,no,0,,,,,
Old Testament,2 Samuel,2Sam,15,2Sam 15,no,0,,,,,
Old Testament,2 Samuel,2Sam,16,2Sam 16,no,0,,,,,
Old Testament,2 Samuel,2Sam,17,2Sam 17,no,0,,,,,
Old Testament,2 Samuel,2Sam,18,2Sam 18,no,0,,,,,
Old Testament,2 Samuel,2Sam,19,2Sam 19,no,0,,,,,
Old Testament,2 Samuel,2Sam,20,2Sam 20,no,0,,,,,
Old Testament,2 Samuel,2Sam,21,2Sam 21,no,0,,,,,
Old Testament,2 Samuel,2Sam,22,2Sam 22,no,0,,,,,
Old Testament,2 Samuel,2Sam,23,2Sam 23,no,0,,,,,
Old Testament,2 Samuel,2Sam,24,2Sam 24,no,0,,,,,
Old Testament,1 Kings,1Kgs,1,1Kgs 1,no,0,,,,,
Old Testament,1 Kings,1Kgs,2,1Kgs 2,no,0,,,,,
Old Testament,1 Kings,1Kgs,3,1Kgs 3,no,0,,,,,
Old Testament,1 Kings,1Kgs,4,1Kgs 4,no,0,,,,,
Old Testament,1 Kings,1Kgs,5,1Kgs 5,no,0,,,,,
Old Testament,1 Kings,1Kgs,6,1Kgs 6,no,0,,,,,
Old Testament,1 Kings,1Kgs,7,1Kgs 7,no,0,,,,,
Old Testament,1 Kings,1Kgs,8,1Kgs 8,yes,1,bright_saturday_service_order,PRAISES OF THE PROPHETS,Midnight Praises,Prayer of Solomon,bright_saturday_service_order | PRAISES OF THE PROPHETS | Midnight Praises | Prayer of Solomon | 1Kgs 8:22-30
Old Testament,1 Kings,1Kgs,9,1Kgs 9,no,0,,,,,
Old Testament,1 Kings,1Kgs,10,1Kgs 10,no,0,,,,,
Old Testament,1 Kings,1Kgs,11,1Kgs 11,no,0,,,,,
Old Testament,1 Kings,1Kgs,12,1Kgs 12,no,0,,,,,
Old Testament,1 Kings,1Kgs,13,1Kgs 13,no,0,,,,,
Old Testament,1 Kings,1Kgs,14,1Kgs 14,no,0,,,,,
Old Testament,1 Kings,1Kgs,15,1Kgs 15,no,0,,,,,
Old Testament,1 Kings,1Kgs,16,1Kgs 16,no,0,,,,,
Old Testament,1 Kings,1Kgs,17,1Kgs 17,yes,2,special_service; katameros_cycle,funeral; Great Lent/Jonah/Nineveh cycle,at_burial_site; prophecy,old_testament; GreatLentReadings,special_service | funeral | at_burial_site | old_testament | 1Kgs 17:17-24 || katameros_cycle | Great Lent/Jonah/Nineveh cycle | prophecy | GreatLentReadings | 1Kgs 17:2-24
Old Testament,1 Kings,1Kgs,18,1Kgs 18,yes,1,bright_saturday_service_order,PRAISES OF THE PROPHETS,Midnight Praises,Prayer of Elijah,bright_saturday_service_order | PRAISES OF THE PROPHETS | Midnight Praises | Prayer of Elijah | 1Kgs 18:36-39
Old Testament,1 Kings,1Kgs,19,1Kgs 19,yes,1,pascha_source_text,Tuesday,Third Hour,Prophecy,pascha_source_text | Tuesday | Third Hour | Prophecy | 1Kgs 19:9-14
Old Testament,1 Kings,1Kgs,20,1Kgs 20,no,0,,,,,
Old Testament,1 Kings,1Kgs,21,1Kgs 21,no,0,,,,,
Old Testament,1 Kings,1Kgs,22,1Kgs 22,no,0,,,,,
Old Testament,2 Kings,2Kgs,1,2Kgs 1,no,0,,,,,
Old Testament,2 Kings,2Kgs,2,2Kgs 2,no,0,,,,,
Old Testament,2 Kings,2Kgs,3,2Kgs 3,no,0,,,,,
Old Testament,2 Kings,2Kgs,4,2Kgs 4,yes,1,katameros_cycle,Great Lent/Jonah/Nineveh cycle,prophecy,GreatLentReadings,katameros_cycle | Great Lent/Jonah/Nineveh cycle | prophecy | GreatLentReadings | 2Kgs 4:8-37
Old Testament,2 Kings,2Kgs,5,2Kgs 5,yes,1,katameros_cycle,Great Lent/Jonah/Nineveh cycle,prophecy,GreatLentReadings,katameros_cycle | Great Lent/Jonah/Nineveh cycle | prophecy | GreatLentReadings | 2Kgs 5:1-27
Old Testament,2 Kings,2Kgs,6,2Kgs 6,yes,1,katameros_cycle,Great Lent/Jonah/Nineveh cycle,prophecy,GreatLentReadings,katameros_cycle | Great Lent/Jonah/Nineveh cycle | prophecy | GreatLentReadings | 2Kgs 6:8-33
Old Testament,2 Kings,2Kgs,7,2Kgs 7,yes,1,katameros_cycle,Great Lent/Jonah/Nineveh cycle,prophecy,GreatLentReadings,katameros_cycle | Great Lent/Jonah/Nineveh cycle | prophecy | GreatLentReadings | 2Kgs 7:1-20
Old Testament,2 Kings,2Kgs,8,2Kgs 8,no,0,,,,,
Old Testament,2 Kings,2Kgs,9,2Kgs 9,no,0,,,,,
Old Testament,2 Kings,2Kgs,10,2Kgs 10,no,0,,,,,
Old Testament,2 Kings,2Kgs,11,2Kgs 11,no,0,,,,,
Old Testament,2 Kings,2Kgs,12,2Kgs 12,no,0,,,,,
Old Testament,2 Kings,2Kgs,13,2Kgs 13,no,0,,,,,
Old Testament,2 Kings,2Kgs,14,2Kgs 14,no,0,,,,,
Old Testament,2 Kings,2Kgs,15,2Kgs 15,no,0,,,,,
Old Testament,2 Kings,2Kgs,16,2Kgs 16,no,0,,,,,
Old Testament,2 Kings,2Kgs,17,2Kgs 17,no,0,,,,,
Old Testament,2 Kings,2Kgs,18,2Kgs 18,no,0,,,,,
Old Testament,2 Kings,2Kgs,19,2Kgs 19,no,0,,,,,
Old Testament,2 Kings,2Kgs,20,2Kgs 20,no,0,,,,,
Old Testament,2 Kings,2Kgs,21,2Kgs 21,no,0,,,,,
Old Testament,2 Kings,2Kgs,22,2Kgs 22,no,0,,,,,
Old Testament,2 Kings,2Kgs,23,2Kgs 23,no,0,,,,,
Old Testament,2 Kings,2Kgs,24,2Kgs 24,no,0,,,,,
Old Testament,2 Kings,2Kgs,25,2Kgs 25,no,0,,,,,
Old Testament,1 Chronicles,1Chr,1,1Chr 1,no,0,,,,,
Old Testament,1 Chronicles,1Chr,2,1Chr 2,no,0,,,,,
Old Testament,1 Chronicles,1Chr,3,1Chr 3,no,0,,,,,
Old Testament,1 Chronicles,1Chr,4,1Chr 4,no,0,,,,,
Old Testament,1 Chronicles,1Chr,5,1Chr 5,no,0,,,,,
Old Testament,1 Chronicles,1Chr,6,1Chr 6,no,0,,,,,
Old Testament,1 Chronicles,1Chr,7,1Chr 7,no,0,,,,,
Old Testament,1 Chronicles,1Chr,8,1Chr 8,no,0,,,,,
Old Testament,1 Chronicles,1Chr,9,1Chr 9,no,0,,,,,
Old Testament,1 Chronicles,1Chr,10,1Chr 10,no,0,,,,,
Old Testament,1 Chronicles,1Chr,11,1Chr 11,no,0,,,,,
Old Testament,1 Chronicles,1Chr,12,1Chr 12,no,0,,,,,
Old Testament,1 Chronicles,1Chr,13,1Chr 13,no,0,,,,,
Old Testament,1 Chronicles,1Chr,14,1Chr 14,no,0,,,,,
Old Testament,1 Chronicles,1Chr,15,1Chr 15,no,0,,,,,
Old Testament,1 Chronicles,1Chr,16,1Chr 16,no,0,,,,,
Old Testament,1 Chronicles,1Chr,17,1Chr 17,no,0,,,,,
Old Testament,1 Chronicles,1Chr,18,1Chr 18,no,0,,,,,
Old Testament,1 Chronicles,1Chr,19,1Chr 19,no,0,,,,,
Old Testament,1 Chronicles,1Chr,20,1Chr 20,no,0,,,,,
Old Testament,1 Chronicles,1Chr,21,1Chr 21,no,0,,,,,
Old Testament,1 Chronicles,1Chr,22,1Chr 22,no,0,,,,,
Old Testament,1 Chronicles,1Chr,23,1Chr 23,no,0,,,,,
Old Testament,1 Chronicles,1Chr,24,1Chr 24,no,0,,,,,
Old Testament,1 Chronicles,1Chr,25,1Chr 25,no,0,,,,,
Old Testament,1 Chronicles,1Chr,26,1Chr 26,no,0,,,,,
Old Testament,1 Chronicles,1Chr,27,1Chr 27,no,0,,,,,
Old Testament,1 Chronicles,1Chr,28,1Chr 28,no,0,,,,,
Old Testament,1 Chronicles,1Chr,29,1Chr 29,yes,1,bright_saturday_service_order,PRAISES OF THE PROPHETS,Midnight Praises,Prayer of David,bright_saturday_service_order | PRAISES OF THE PROPHETS | Midnight Praises | Prayer of David | 1Chr 29:10-13
Old Testament,2 Chronicles,2Chr,1,2Chr 1,no,0,,,,,
Old Testament,2 Chronicles,2Chr,2,2Chr 2,no,0,,,,,
Old Testament,2 Chronicles,2Chr,3,2Chr 3,no,0,,,,,
Old Testament,2 Chronicles,2Chr,4,2Chr 4,no,0,,,,,
Old Testament,2 Chronicles,2Chr,5,2Chr 5,no,0,,,,,
Old Testament,2 Chronicles,2Chr,6,2Chr 6,no,0,,,,,
Old Testament,2 Chronicles,2Chr,7,2Chr 7,no,0,,,,,
Old Testament,2 Chronicles,2Chr,8,2Chr 8,no,0,,,,,
Old Testament,2 Chronicles,2Chr,9,2Chr 9,no,0,,,,,
Old Testament,2 Chronicles,2Chr,10,2Chr 10,no,0,,,,,
Old Testament,2 Chronicles,2Chr,11,2Chr 11,no,0,,,,,
Old Testament,2 Chronicles,2Chr,12,2Chr 12,no,0,,,,,
Old Testament,2 Chronicles,2Chr,13,2Chr 13,no,0,,,,,
Old Testament,2 Chronicles,2Chr,14,2Chr 14,no,0,,,,,
Old Testament,2 Chronicles,2Chr,15,2Chr 15,no,0,,,,,
Old Testament,2 Chronicles,2Chr,16,2Chr 16,no,0,,,,,
Old Testament,2 Chronicles,2Chr,17,2Chr 17,no,0,,,,,
Old Testament,2 Chronicles,2Chr,18,2Chr 18,no,0,,,,,
Old Testament,2 Chronicles,2Chr,19,2Chr 19,no,0,,,,,
Old Testament,2 Chronicles,2Chr,20,2Chr 20,no,0,,,,,
Old Testament,2 Chronicles,2Chr,21,2Chr 21,no,0,,,,,
Old Testament,2 Chronicles,2Chr,22,2Chr 22,no,0,,,,,
Old Testament,2 Chronicles,2Chr,23,2Chr 23,no,0,,,,,
Old Testament,2 Chronicles,2Chr,24,2Chr 24,no,0,,,,,
Old Testament,2 Chronicles,2Chr,25,2Chr 25,no,0,,,,,
Old Testament,2 Chronicles,2Chr,26,2Chr 26,no,0,,,,,
Old Testament,2 Chronicles,2Chr,27,2Chr 27,no,0,,,,,
Old Testament,2 Chronicles,2Chr,28,2Chr 28,no,0,,,,,
Old Testament,2 Chronicles,2Chr,29,2Chr 29,no,0,,,,,
Old Testament,2 Chronicles,2Chr,30,2Chr 30,no,0,,,,,
Old Testament,2 Chronicles,2Chr,31,2Chr 31,no,0,,,,,
Old Testament,2 Chronicles,2Chr,32,2Chr 32,no,0,,,,,
Old Testament,2 Chronicles,2Chr,33,2Chr 33,no,0,,,,,
Old Testament,2 Chronicles,2Chr,34,2Chr 34,no,0,,,,,
Old Testament,2 Chronicles,2Chr,35,2Chr 35,no,0,,,,,
Old Testament,2 Chronicles,2Chr,36,2Chr 36,no,0,,,,,
Old Testament,Ezra,Ezra,1,Ezra 1,no,0,,,,,
Old Testament,Ezra,Ezra,2,Ezra 2,no,0,,,,,
Old Testament,Ezra,Ezra,3,Ezra 3,no,0,,,,,
Old Testament,Ezra,Ezra,4,Ezra 4,no,0,,,,,
Old Testament,Ezra,Ezra,5,Ezra 5,no,0,,,,,
Old Testament,Ezra,Ezra,6,Ezra 6,no,0,,,,,
Old Testament,Ezra,Ezra,7,Ezra 7,no,0,,,,,
Old Testament,Ezra,Ezra,8,Ezra 8,no,0,,,,,
Old Testament,Ezra,Ezra,9,Ezra 9,no,0,,,,,
Old Testament,Ezra,Ezra,10,Ezra 10,no,0,,,,,
Old Testament,Nehemiah,Neh,1,Neh 1,no,0,,,,,
Old Testament,Nehemiah,Neh,2,Neh 2,no,0,,,,,
Old Testament,Nehemiah,Neh,3,Neh 3,no,0,,,,,
Old Testament,Nehemiah,Neh,4,Neh 4,no,0,,,,,
Old Testament,Nehemiah,Neh,5,Neh 5,no,0,,,,,
Old Testament,Nehemiah,Neh,6,Neh 6,no,0,,,,,
Old Testament,Nehemiah,Neh,7,Neh 7,no,0,,,,,
Old Testament,Nehemiah,Neh,8,Neh 8,no,0,,,,,
Old Testament,Nehemiah,Neh,9,Neh 9,no,0,,,,,
Old Testament,Nehemiah,Neh,10,Neh 10,no,0,,,,,
Old Testament,Nehemiah,Neh,11,Neh 11,no,0,,,,,
Old Testament,Nehemiah,Neh,12,Neh 12,no,0,,,,,
Old Testament,Nehemiah,Neh,13,Neh 13,no,0,,,,,
Old Testament,Esther,Esth,1,Esth 1,no,0,,,,,
Old Testament,Esther,Esth,2,Esth 2,no,0,,,,,
Old Testament,Esther,Esth,3,Esth 3,no,0,,,,,
Old Testament,Esther,Esth,4,Esth 4,no,0,,,,,
Old Testament,Esther,Esth,5,Esth 5,no,0,,,,,
Old Testament,Esther,Esth,6,Esth 6,no,0,,,,,
Old Testament,Esther,Esth,7,Esth 7,no,0,,,,,
Old Testament,Esther,Esth,8,Esth 8,no,0,,,,,
Old Testament,Esther,Esth,9,Esth 9,no,0,,,,,
Old Testament,Esther,Esth,10,Esth 10,no,0,,,,,
Old Testament,Job,Job,1,Job 1,yes,2,katameros_cycle,Great Lent/Jonah/Nineveh cycle,prophecy,GreatLentReadings,katameros_cycle | Great Lent/Jonah/Nineveh cycle | prophecy | GreatLentReadings | Job 1:1-22
Old Testament,Job,Job,2,Job 2,no,0,,,,,
Old Testament,Job,Job,3,Job 3,no,0,,,,,
Old Testament,Job,Job,4,Job 4,no,0,,,,,
Old Testament,Job,Job,5,Job 5,no,0,,,,,
Old Testament,Job,Job,6,Job 6,no,0,,,,,
Old Testament,Job,Job,7,Job 7,no,0,,,,,
Old Testament,Job,Job,8,Job 8,no,0,,,,,
Old Testament,Job,Job,9,Job 9,no,0,,,,,
Old Testament,Job,Job,10,Job 10,no,0,,,,,
Old Testament,Job,Job,11,Job 11,yes,1,katameros_cycle,Great Lent/Jonah/Nineveh cycle,prophecy,GreatLentReadings,katameros_cycle | Great Lent/Jonah/Nineveh cycle | prophecy | GreatLentReadings | Job 11:1-20
Old Testament,Job,Job,12,Job 12,yes,3,katameros_cycle; pascha_source_text; pascha_day_hour,Great Lent/Jonah/Nineveh cycle; Good Friday,prophecy; First Hour,GreatLentReadings; Prophecy; OT7,katameros_cycle | Great Lent/Jonah/Nineveh cycle | prophecy | GreatLentReadings | Job 12:1-25 || pascha_source_text | Good Friday | First Hour | Prophecy | Job 12:17-13:1 || pascha_day_hour | Good Friday | First Hour | OT7 | Job 12:18-13:1
Old Testament,Job,Job,13,Job 13,yes,3,pascha_source_text; pascha_day_hour; katameros_cycle,Good Friday; Great Lent/Jonah/Nineveh cycle,First Hour; prophecy,Prophecy; OT7; GreatLentReadings,pascha_source_text | Good Friday | First Hour | Prophecy | Job 12:17-13:1 || pascha_day_hour | Good Friday | First Hour | OT7 | Job 12:18-13:1 || katameros_cycle | Great Lent/Jonah/Nineveh cycle | prophecy | GreatLentReadings | Job 13:1-28
Old Testament,Job,Job,14,Job 14,yes,1,katameros_cycle,Great Lent/Jonah/Nineveh cycle,prophecy,GreatLentReadings,katameros_cycle | Great Lent/Jonah/Nineveh cycle | prophecy | GreatLentReadings | Job 14:1-22
Old Testament,Job,Job,15,Job 15,yes,1,katameros_cycle,Great Lent/Jonah/Nineveh cycle,prophecy,GreatLentReadings,katameros_cycle | Great Lent/Jonah/Nineveh cycle | prophecy | GreatLentReadings | Job 15:1-35
Old Testament,Job,Job,16,Job 16,yes,1,katameros_cycle,Great Lent/Jonah/Nineveh cycle,prophecy,GreatLentReadings,katameros_cycle | Great Lent/Jonah/Nineveh cycle | prophecy | GreatLentReadings | Job 16:1-17
Old Testament,Job,Job,17,Job 17,no,0,,,,,
Old Testament,Job,Job,18,Job 18,yes,1,katameros_cycle,Great Lent/Jonah/Nineveh cycle,prophecy,GreatLentReadings,katameros_cycle | Great Lent/Jonah/Nineveh cycle | prophecy | GreatLentReadings | Job 18:1-21
Old Testament,Job,Job,19,Job 19,yes,1,katameros_cycle,Great Lent/Jonah/Nineveh cycle,prophecy,GreatLentReadings,katameros_cycle | Great Lent/Jonah/Nineveh cycle | prophecy | GreatLentReadings | Job 19:1-26
Old Testament,Job,Job,20,Job 20,yes,1,katameros_cycle,Great Lent/Jonah/Nineveh cycle,prophecy,GreatLentReadings,katameros_cycle | Great Lent/Jonah/Nineveh cycle | prophecy | GreatLentReadings | Job 20:1-29
Old Testament,Job,Job,21,Job 21,yes,1,katameros_cycle,Great Lent/Jonah/Nineveh cycle,prophecy,GreatLentReadings,katameros_cycle | Great Lent/Jonah/Nineveh cycle | prophecy | GreatLentReadings | Job 21:1-34
Old Testament,Job,Job,22,Job 22,yes,1,katameros_cycle,Great Lent/Jonah/Nineveh cycle,prophecy,GreatLentReadings,katameros_cycle | Great Lent/Jonah/Nineveh cycle | prophecy | GreatLentReadings | Job 22:1-30
Old Testament,Job,Job,23,Job 23,yes,2,pascha_day_hour,Tuesday,First Hour,OT2,pascha_day_hour | Tuesday | First Hour | OT2 | Job 23:2-17 || pascha_day_hour | Tuesday | First Hour | OT2 | Job 23:2-24:25
Old Testament,Job,Job,24,Job 24,yes,2,pascha_day_hour,Tuesday,First Hour,OT2,pascha_day_hour | Tuesday | First Hour | OT2 | Job 23:2-24:25 || pascha_day_hour | Tuesday | First Hour | OT2 | Job 24:1-25
Old Testament,Job,Job,25,Job 25,yes,1,katameros_cycle,Great Lent/Jonah/Nineveh cycle,prophecy,GreatLentReadings,katameros_cycle | Great Lent/Jonah/Nineveh cycle | prophecy | GreatLentReadings | Job 25:1-6
Old Testament,Job,Job,26,Job 26,yes,1,katameros_cycle,Great Lent/Jonah/Nineveh cycle,prophecy,GreatLentReadings,katameros_cycle | Great Lent/Jonah/Nineveh cycle | prophecy | GreatLentReadings | Job 26:1-14
Old Testament,Job,Job,27,Job 27,yes,4,pascha_day_hour; pascha_source_text,Wednesday; Great Thursday; Tuesday,Sixth Hour; Third Hour; Ninth Hour,OT3; Prophecy; OT4,pascha_day_hour | Wednesday | Sixth Hour | OT3 | Job 27:16-20 || pascha_source_text | Wednesday | Third Hour | Prophecy | Job 27:16-28:2 || pascha_day_hour | Great Thursday | Ninth Hour | OT4 | Job 27:2-28:13 || pascha_source_text | Tuesday | Third Hour | Prophecy | Job 27:2-28:2
Old Testament,Job,Job,28,Job 28,yes,5,pascha_source_text; pascha_day_hour; katameros_cycle,Wednesday; Great Thursday; Tuesday; Great Lent/Jonah/Nineveh cycle,Third Hour; Ninth Hour; Sixth Hour; prophecy,Prophecy; OT4; OT3; GreatLentReadings,pascha_source_text | Wednesday | Third Hour | Prophecy | Job 27:16-28:2 || pascha_day_hour | Great Thursday | Ninth Hour | OT4 | Job 27:2-28:13 || pascha_source_text | Tuesday | Third Hour | Prophecy | Job 27:2-28:2 || pascha_day_hour | Wednesday | Sixth Hour | OT3 | Job 28:1-2 || katameros_cycle | Great Lent/Jonah/Nineveh cycle | prophecy | GreatLentReadings | Job 28:12-28
Old Testament,Job,Job,29,Job 29,yes,3,katameros_cycle; pascha_source_text; pascha_day_hour,Great Lent/Jonah/Nineveh cycle; Good Friday,prophecy; Third Hour,GreatLentReadings; Prophecy; OT6,"katameros_cycle | Great Lent/Jonah/Nineveh cycle | prophecy | GreatLentReadings | Job 29:2-20 || pascha_source_text | Good Friday | Third Hour | Prophecy | Job 29:21-25,30:1-10 || pascha_day_hour | Good Friday | Third Hour | OT6 | Job 29:21-30:10"
Old Testament,Job,Job,30,Job 30,yes,3,pascha_source_text; pascha_day_hour; katameros_cycle,Good Friday; Great Lent/Jonah/Nineveh cycle,Third Hour; prophecy,Prophecy; OT6; GreatLentReadings,"pascha_source_text | Good Friday | Third Hour | Prophecy | Job 29:21-25,30:1-10 || pascha_day_hour | Good Friday | Third Hour | OT6 | Job 29:21-30:10 || katameros_cycle | Great Lent/Jonah/Nineveh cycle | prophecy | GreatLentReadings | Job 30:9-31"
Old Testament,Job,Job,31,Job 31,no,0,,,,,
Old Testament,Job,Job,32,Job 32,yes,3,katameros_cycle,Great Lent/Jonah/Nineveh cycle,prophecy,GreatLentReadings,katameros_cycle | Great Lent/Jonah/Nineveh cycle | prophecy | GreatLentReadings | Job 32:1-5 || katameros_cycle | Great Lent/Jonah/Nineveh cycle | prophecy | GreatLentReadings | Job 32:17-22 || katameros_cycle | Great Lent/Jonah/Nineveh cycle | prophecy | GreatLentReadings | Job 32:6-16
Old Testament,Job,Job,33,Job 33,yes,1,katameros_cycle,Great Lent/Jonah/Nineveh cycle,prophecy,GreatLentReadings,katameros_cycle | Great Lent/Jonah/Nineveh cycle | prophecy | GreatLentReadings | Job 33:1-33
Old Testament,Job,Job,34,Job 34,yes,1,katameros_cycle,Great Lent/Jonah/Nineveh cycle,prophecy,GreatLentReadings,katameros_cycle | Great Lent/Jonah/Nineveh cycle | prophecy | GreatLentReadings | Job 34:1-37
Old Testament,Job,Job,35,Job 35,yes,1,katameros_cycle,Great Lent/Jonah/Nineveh cycle,prophecy,GreatLentReadings,katameros_cycle | Great Lent/Jonah/Nineveh cycle | prophecy | GreatLentReadings | Job 35:1-16
Old Testament,Job,Job,36,Job 36,yes,1,katameros_cycle,Great Lent/Jonah/Nineveh cycle,prophecy,GreatLentReadings,katameros_cycle | Great Lent/Jonah/Nineveh cycle | prophecy | GreatLentReadings | Job 36:1-33
Old Testament,Job,Job,37,Job 37,yes,1,katameros_cycle,Great Lent/Jonah/Nineveh cycle,prophecy,GreatLentReadings,katameros_cycle | Great Lent/Jonah/Nineveh cycle | prophecy | GreatLentReadings | Job 37:1-4
Old Testament,Job,Job,38,Job 38,yes,2,katameros_cycle,Great Lent/Jonah/Nineveh cycle,prophecy,GreatLentReadings,katameros_cycle | Great Lent/Jonah/Nineveh cycle | prophecy | GreatLentReadings | Job 38:1-36 || katameros_cycle | Great Lent/Jonah/Nineveh cycle | prophecy | GreatLentReadings | Job 38:37-41
Old Testament,Job,Job,39,Job 39,yes,1,katameros_cycle,Great Lent/Jonah/Nineveh cycle,prophecy,GreatLentReadings,katameros_cycle | Great Lent/Jonah/Nineveh cycle | prophecy | GreatLentReadings | Job 39:1-30
Old Testament,Job,Job,40,Job 40,yes,1,katameros_cycle,Great Lent/Jonah/Nineveh cycle,prophecy,GreatLentReadings,katameros_cycle | Great Lent/Jonah/Nineveh cycle | prophecy | GreatLentReadings | Job 40:1-24
Old Testament,Job,Job,41,Job 41,yes,1,katameros_cycle,Great Lent/Jonah/Nineveh cycle,prophecy,GreatLentReadings,katameros_cycle | Great Lent/Jonah/Nineveh cycle | prophecy | GreatLentReadings | Job 41:1-34
Old Testament,Job,Job,42,Job 42,yes,2,katameros_cycle,Great Lent/Jonah/Nineveh cycle,prophecy,GreatLentReadings,katameros_cycle | Great Lent/Jonah/Nineveh cycle | prophecy | GreatLentReadings | Job 42:1-6 || katameros_cycle | Great Lent/Jonah/Nineveh cycle | prophecy | GreatLentReadings | Job 42:7-17
Old Testament,Psalms,Ps,1,Ps 1,yes,42,agpeya; copticchurch_date; katameros_cycle,daily_hours; Amshir 5; Baba 27; Great Lent; Toba 9; Abib 14; Abib 8; Babah 27; Baramhat 27; Bashans 18; Mesra 19; Tubah 9,First Hour (Prime / Morning Prayer); Liturgy; liturgy_psalm,psalm; Psalm; AnnualReadings,agpeya | daily_hours | First Hour (Prime / Morning Prayer) | psalm | Ps 1 || copticchurch_date | Amshir 5 | Liturgy | Psalm | Ps 1:1 || copticchurch_date | Baba 27 | Liturgy | Psalm | Ps 1:1 || copticchurch_date | Great Lent | Liturgy | Psalm | Ps 1:1 || copticchurch_date | Toba 9 | Liturgy | Psalm | Ps 1:1
Old Testament,Psalms,Ps,2,Ps 2,yes,56,agpeya; pascha_source_text; pascha_day_hour; copticchurch_date; katameros_cycle,daily_hours; Good Friday Eve; Great Thursday Eve; Sunday of the week before Great Lent; Great Lent/Jonah/Nineveh cycle; Christmas; Kiyahk 29,First Hour (Prime / Morning Prayer); Eleventh Hour; Liturgy; liturgy_psalm,psalm; Psalm; GreatLentReadings; AnnualReadings,"agpeya | daily_hours | First Hour (Prime / Morning Prayer) | psalm | Ps 2 || pascha_source_text | Good Friday Eve | Eleventh Hour | Psalm | Ps 2:1-2,2:4-5 || pascha_day_hour | Great Thursday Eve | Eleventh Hour | Psalm | Ps 2:1-5 || copticchurch_date | Sunday of the week before Great Lent | Liturgy | Psalm | Ps 2:10 || katameros_cycle | Great Lent/Jonah/Nineveh cycle | liturgy_psalm | GreatLentReadings | Ps 2:10"
Old Testament,Psalms,Ps,3,Ps 3,yes,4,agpeya; bright_saturday_service_order; pascha_day_hour,daily_hours; midnight_prayer; ST. BASIL LITURGY – LITURGY OF THE WORD; Bright Saturday,First Hour (Prime / Morning Prayer); Midnight Prayer - First Watch; Liturgy,psalm; Psalm,"agpeya | daily_hours | First Hour (Prime / Morning Prayer) | psalm | Ps 3 || agpeya | midnight_prayer | Midnight Prayer - First Watch | psalm | Ps 3 || bright_saturday_service_order | ST. BASIL LITURGY – LITURGY OF THE WORD | Liturgy | Psalm | Ps 3:3,3:5 || pascha_day_hour | Bright Saturday | Liturgy | Psalm | Ps 3:3,3:5"
Old Testament,Psalms,Ps,4,Ps 4,yes,438,agpeya; special_service; katameros_cycle; copticchurch_date,daily_hours; optional_prayers; unction_of_the_sick; Abib 19; Abib 30; Baramhat 1; Baramhat 7; Barmuda 13; Barmuda 4; Bashans 10; Baunah 10; Baunah 22 (+56 more),First Hour (Prime / Morning Prayer); Veil Prayer; sixth_prayer; vespers_psalm; Vespers,psalm; AnnualReadings; Psalm,agpeya | daily_hours | First Hour (Prime / Morning Prayer) | psalm | Ps 4 || agpeya | optional_prayers | Veil Prayer | psalm | Ps 4 || special_service | unction_of_the_sick | sixth_prayer | psalm | Ps 4:1 || katameros_cycle | Abib 19 | vespers_psalm | AnnualReadings | Ps 4:3 || katameros_cycle | Abib 30 | vespers_psalm | AnnualReadings | Ps 4:3
Old Testament,Psalms,Ps,5,Ps 5,yes,465,agpeya; copticchurch_date; katameros_cycle,daily_hours; Saturday of the first week of Great Lent; Great Lent/Jonah/Nineveh cycle; Abib 11; Abib 22; Amshir 13; Amshir 17; Amshir 23; Great Lent; Kiak 14; Paona 11; Toba 16 (+37 more),First Hour (Prime / Morning Prayer); Liturgy; liturgy_psalm; Matins; vespers_psalm; Vespers; matins_psalm,psalm; Psalm; GreatLentReadings; SundayReadings; AnnualReadings; PentecostReadings,agpeya | daily_hours | First Hour (Prime / Morning Prayer) | psalm | Ps 5 || copticchurch_date | Saturday of the first week of Great Lent | Liturgy | Psalm | Ps 5:1 || katameros_cycle | Great Lent/Jonah/Nineveh cycle | liturgy_psalm | GreatLentReadings | Ps 5:1-2 || copticchurch_date | Abib 11 | Matins | Psalm | Ps 5:11 || copticchurch_date | Abib 22 | Matins | Psalm | Ps 5:11
Old Testament,Psalms,Ps,6,Ps 6,yes,23,agpeya; katameros_cycle; special_service; copticchurch_date; pascha_day_hour; pascha_source_text,daily_hours; midnight_prayer; optional_prayers; annual Sundays by Coptic month/week; Great Lent/Jonah/Nineveh cycle; unction_of_the_sick; The third Sunday of Paona; Wednesday,First Hour (Prime / Morning Prayer); Midnight Prayer - First Watch; Veil Prayer; vespers_psalm; matins_psalm; first_prayer; Vespers; Eleventh Hour,psalm; SundayReadings; GreatLentReadings; Psalm,agpeya | daily_hours | First Hour (Prime / Morning Prayer) | psalm | Ps 6 || agpeya | midnight_prayer | Midnight Prayer - First Watch | psalm | Ps 6 || agpeya | optional_prayers | Veil Prayer | psalm | Ps 6 || katameros_cycle | annual Sundays by Coptic month/week | vespers_psalm | SundayReadings | Ps 6:1 || katameros_cycle | Great Lent/Jonah/Nineveh cycle | matins_psalm | GreatLentReadings | Ps 6:1-2
Old Testament,Psalms,Ps,7,Ps 7,yes,137,copticchurch_date; katameros_cycle; pascha_day_hour; pascha_source_text,Monday of the third week of the holy fifty days; Holy Fifty Days/Pentecost cycle; Wednesday Eve; Thursday Eve; Tuesday of the third week of the holy fifty days; The second Sunday of Tout; annual Sundays by Coptic month/week; Tuesday of the second week of the holy fifty days,Liturgy; liturgy_psalm; Ninth Hour; Vespers; vespers_psalm; Matins; matins_psalm,Psalm; PentecostReadings; SundayReadings,copticchurch_date | Monday of the third week of the holy fifty days | Liturgy | Psalm | Ps 7:1 || katameros_cycle | Holy Fifty Days/Pentecost cycle | liturgy_psalm | PentecostReadings | Ps 7:1 || pascha_day_hour | Wednesday Eve | Ninth Hour | Psalm | Ps 7:1-2 || pascha_source_text | Thursday Eve | Ninth Hour | Psalm | Ps 7:1-2 || copticchurch_date | Tuesday of the third week of the holy fifty days | Liturgy | Psalm | Ps 7:10
Old Testament,Psalms,Ps,8,Ps 8,yes,319,agpeya; copticchurch_date; katameros_cycle; pascha_source_text; pascha_day_hour,daily_hours; The second Sunday of Tout; annual Sundays by Coptic month/week; Monday Eve; Abib 1; Abib 17; Abib 28; Baba 1; Fast of Nineveh; Hator 10; Kiak 26; Mesra 15 (+30 more),First Hour (Prime / Morning Prayer); Matins; matins_psalm; Ninth Hour; Liturgy; liturgy_psalm,psalm; Psalm; SundayReadings; AnnualReadings; PentecostReadings,agpeya | daily_hours | First Hour (Prime / Morning Prayer) | psalm | Ps 8 || copticchurch_date | The second Sunday of Tout | Matins | Psalm | Ps 8:1 || katameros_cycle | annual Sundays by Coptic month/week | matins_psalm | SundayReadings | Ps 8:1 || pascha_source_text | Monday Eve | Ninth Hour | Psalm | Ps 8:1-2 || copticchurch_date | Abib 1 | Matins | Psalm | Ps 8:2-3
Old Testament,Psalms,Ps,9,Ps 9,yes,508,copticchurch_date; katameros_cycle,Wednesday of the second week of the holy fifty days; The third Sunday of Tout; annual Sundays by Coptic month/week; Holy Fifty Days/Pentecost cycle; The first Sunday of Paona; Friday of the second week of the holy fifty days; Wednesday of the sixth week of Great Lent; Amshir 16; Hatur 11; Kiyahk 13; Mesra 7; Tut 26 (+58 more),Liturgy; Vespers; vespers_psalm; liturgy_psalm; matins_psalm; Matins,Psalm; SundayReadings; PentecostReadings; AnnualReadings; GreatLentReadings,copticchurch_date | Wednesday of the second week of the holy fifty days | Liturgy | Psalm | Ps 9:1 || copticchurch_date | The third Sunday of Tout | Vespers | Psalm | Ps 9:1-2 || katameros_cycle | annual Sundays by Coptic month/week | vespers_psalm | SundayReadings | Ps 9:1-2 || katameros_cycle | Holy Fifty Days/Pentecost cycle | liturgy_psalm | PentecostReadings | Ps 9:1-2 || copticchurch_date | The first Sunday of Paona | Vespers | Psalm | Ps 9:10
Old Testament,Psalms,Ps,10,Ps 10,no,0,,,,,
Old Testament,Psalms,Ps,11,Ps 11,no,0,,,,,
Old Testament,Psalms,Ps,12,Ps 12,yes,74,agpeya; pascha_source_text; katameros_cycle; copticchurch_date,daily_hours; Monday; Tuesday; Holy Fifty Days/Pentecost cycle; Friday of the first week of the holy fifty days; The second Sunday of Paona; Wednesday of the seventh week of the holy fifty days; Thursday of the fourth week of Great Lent; Great Lent/Jonah/Nineveh cycle,First Hour (Prime / Morning Prayer); Eleventh Hour; vespers_psalm; Vespers; Liturgy; Matins; matins_psalm,psalm; Psalm; PentecostReadings; GreatLentReadings,agpeya | daily_hours | First Hour (Prime / Morning Prayer) | psalm | Ps 12 || pascha_source_text | Monday | Eleventh Hour | Psalm | Ps 12:3-4 || pascha_source_text | Tuesday | Eleventh Hour | Psalm | Ps 12:3-4 || katameros_cycle | Holy Fifty Days/Pentecost cycle | vespers_psalm | PentecostReadings | Ps 12:4 || copticchurch_date | Friday of the first week of the holy fifty days | Vespers | Psalm | Ps 12:4-5
Old Testament,Psalms,Ps,13,Ps 13,yes,78,agpeya; katameros_cycle; copticchurch_date; pascha_day_hour,daily_hours; midnight_prayer; optional_prayers; annual Sundays by Coptic month/week; The first Sunday of Kiak; first Sunday of Christmas Fast; Monday Eve; Tuesday Eve; Monday; Tuesday; Tuesday of the seventh week of the holy fifty days; Holy Fifty Days/Pentecost cycle (+2 more),First Hour (Prime / Morning Prayer); Midnight Prayer - First Watch; Veil Prayer; vespers_psalm; Vespers; Third Hour; Eleventh Hour; Liturgy; liturgy_psalm,psalm; SundayReadings; Psalm; PentecostReadings; GreatLentReadings,"agpeya | daily_hours | First Hour (Prime / Morning Prayer) | psalm | Ps 13 || agpeya | midnight_prayer | Midnight Prayer - First Watch | psalm | Ps 13 || agpeya | optional_prayers | Veil Prayer | psalm | Ps 13 || katameros_cycle | annual Sundays by Coptic month/week | vespers_psalm | SundayReadings | Ps 13:1 || copticchurch_date | The first Sunday of Kiak | Vespers | Psalm | Ps 13:1,13:6"
Old Testament,Psalms,Ps,14,Ps 14,yes,13,copticchurch_date,The third Sunday of Mesra,Matins,Psalm,copticchurch_date | The third Sunday of Mesra | Matins | Psalm | Ps 14:1-3
Old Testament,Psalms,Ps,15,Ps 15,yes,47,agpeya; copticchurch_date; katameros_cycle,daily_hours; The fifth Sunday of Baba; The fifth Sunday of Kiak; The fifth Sunday of Toba; The fifth Sunday of Tout; The second Sunday of Amshir; annual Sundays by Coptic month/week; Saturday of the fourth week of the holy fifty days; Saturday of the fourth week of the holy fifty days and the Feast of Entry into Egypt; Holy Fifty Days/Pentecost cycle,First Hour (Prime / Morning Prayer); Vespers; vespers_psalm; matins_psalm; Liturgy; liturgy_psalm,psalm; Psalm; SundayReadings; PentecostReadings,agpeya | daily_hours | First Hour (Prime / Morning Prayer) | psalm | Ps 15 || copticchurch_date | The fifth Sunday of Baba | Vespers | Psalm | Ps 15:1-2 || copticchurch_date | The fifth Sunday of Kiak | Vespers | Psalm | Ps 15:1-2 || copticchurch_date | The fifth Sunday of Toba | Vespers | Psalm | Ps 15:1-2 || copticchurch_date | The fifth Sunday of Tout | Vespers | Psalm | Ps 15:1-2
Old Testament,Psalms,Ps,16,Ps 16,yes,147,agpeya; copticchurch_date; katameros_cycle; bright_saturday_service_order,daily_hours; optional_prayers; Friday of the third week of Great Lent; Sunday of the first week of Great Lent; Great Lent/Jonah/Nineveh cycle; 3RD HOUR; Friday of the second week of the holy fifty days; Tout 21; Tout 23; Baramhat 11; Baramhat 14; Barmuda 21 (+5 more),First Hour (Prime / Morning Prayer); Veil Prayer; Liturgy; Vespers; liturgy_psalm; 3rd Hour; Matins; matins_psalm; vespers_psalm,psalm; Psalm; GreatLentReadings; AnnualReadings; PentecostReadings; SundayReadings,agpeya | daily_hours | First Hour (Prime / Morning Prayer) | psalm | Ps 16 || agpeya | optional_prayers | Veil Prayer | psalm | Ps 16 || copticchurch_date | Friday of the third week of Great Lent | Liturgy | Psalm | Ps 16:1 || copticchurch_date | Sunday of the first week of Great Lent | Vespers | Psalm | Ps 16:1-2 || katameros_cycle | Great Lent/Jonah/Nineveh cycle | liturgy_psalm | GreatLentReadings | Ps 16:1-2
Old Testament,Psalms,Ps,17,Ps 17,yes,83,copticchurch_date; katameros_cycle,Tuesday of the fourth week of Great Lent; Great Lent/Jonah/Nineveh cycle; Saturday of the week before Great Lent; The third Sunday of Amshir; annual Sundays by Coptic month/week; Sunday of the sixth week of Great Lent,Matins; matins_psalm; Vespers; vespers_psalm; Liturgy; liturgy_psalm,Psalm; GreatLentReadings; SundayReadings,copticchurch_date | Tuesday of the fourth week of Great Lent | Matins | Psalm | Ps 17:1 || katameros_cycle | Great Lent/Jonah/Nineveh cycle | matins_psalm | GreatLentReadings | Ps 17:1 || copticchurch_date | Saturday of the week before Great Lent | Vespers | Psalm | Ps 17:1-2 || katameros_cycle | Great Lent/Jonah/Nineveh cycle | vespers_psalm | GreatLentReadings | Ps 17:1-2 || copticchurch_date | The third Sunday of Amshir | Vespers | Psalm | Ps 17:15
Old Testament,Psalms,Ps,18,Ps 18,yes,373,copticchurch_date; katameros_cycle; pascha_day_hour; pascha_source_text,Sunday of the first week of Great Lent; Wednesday of the second week of Great Lent; Great Lent/Jonah/Nineveh cycle; The first Sunday of Hator; annual Sundays by Coptic month/week; Tuesday; Wednesday of the fourth week of Great Lent; Monday Eve; Abib 20; Abib 25; Amshir 25; Amshir 28 (+27 more),Matins; Liturgy; matins_psalm; liturgy_psalm; Vespers; vespers_psalm; Sixth Hour; Eleventh Hour,Psalm; GreatLentReadings; SundayReadings; AnnualReadings; PentecostReadings,copticchurch_date | Sunday of the first week of Great Lent | Matins | Psalm | Ps 18:1-2 || copticchurch_date | Wednesday of the second week of Great Lent | Liturgy | Psalm | Ps 18:1-2 || katameros_cycle | Great Lent/Jonah/Nineveh cycle | matins_psalm | GreatLentReadings | Ps 18:1-2 || katameros_cycle | Great Lent/Jonah/Nineveh cycle | liturgy_psalm | GreatLentReadings | Ps 18:1-2 || copticchurch_date | The first Sunday of Hator | Vespers | Psalm | Ps 18:15
Old Testament,Psalms,Ps,19,Ps 19,yes,402,agpeya; copticchurch_date; katameros_cycle; special_service,daily_hours; Abib 18; Abib 29; Abib 5 (Apostle's Feast); Amshir 10; Amshir 21; Bashons 26; Great Lent; Hator 18; Kiak 21; Kiak 4; Monday of the third week of the holy fifty days (+29 more),First Hour (Prime / Morning Prayer); Liturgy; Matins; vespers_psalm; liturgy_psalm; Vespers; matins_psalm; procession_station_06_holy_apostles; main_readings,psalm; Psalm; AnnualReadings; PentecostReadings,agpeya | daily_hours | First Hour (Prime / Morning Prayer) | psalm | Ps 19 || copticchurch_date | Abib 18 | Liturgy | Psalm | Ps 19:1 || copticchurch_date | Abib 29 | Liturgy | Psalm | Ps 19:1 || copticchurch_date | Abib 5 (Apostle's Feast) | Liturgy | Psalm | Ps 19:1 || copticchurch_date | Amshir 10 | Liturgy | Psalm | Ps 19:1
Old Testament,Psalms,Ps,20,Ps 20,yes,51,agpeya; copticchurch_date; katameros_cycle,daily_hours; Saturday of the third week of the holy fifty days; Holy Fifty Days/Pentecost cycle; The first Sunday of Abib; The first Sunday of Abib (Apostle's Feast); annual Sundays by Coptic month/week,Third Hour (Terce); Liturgy; liturgy_psalm; Vespers; vespers_psalm,psalm; Psalm; PentecostReadings; SundayReadings,"agpeya | daily_hours | Third Hour (Terce) | psalm | Ps 20 || copticchurch_date | Saturday of the third week of the holy fifty days | Liturgy | Psalm | Ps 20:5 || katameros_cycle | Holy Fifty Days/Pentecost cycle | liturgy_psalm | PentecostReadings | Ps 20:5-6 || copticchurch_date | Saturday of the third week of the holy fifty days | Liturgy | Psalm | Ps 20:6 || copticchurch_date | The first Sunday of Abib | Vespers | Psalm | Ps 20:6,20:9"
Old Testament,Psalms,Ps,21,Ps 21,yes,250,copticchurch_date; katameros_cycle; pascha_source_text,The second Sunday of Tout; annual Sundays by Coptic month/week; Abib 6; Baba 26; Bashons 22; Paona 1; Paona 25; Toba 1; Toba 20; Tout 15; Tout 24; Babah 26 (+12 more),Liturgy; liturgy_psalm; Sixth Hour,Psalm; SundayReadings; AnnualReadings,copticchurch_date | The second Sunday of Tout | Liturgy | Psalm | Ps 21:1-2 || katameros_cycle | annual Sundays by Coptic month/week | liturgy_psalm | SundayReadings | Ps 21:1-2 || copticchurch_date | Abib 6 | Liturgy | Psalm | Ps 21:3 || copticchurch_date | Baba 26 | Liturgy | Psalm | Ps 21:3 || copticchurch_date | Bashons 22 | Liturgy | Psalm | Ps 21:3
Old Testament,Psalms,Ps,22,Ps 22,yes,70,copticchurch_date; pascha_day_hour; katameros_cycle; pascha_source_text,Tuesday of the first week of Great Lent; Good Friday; Monday of the seventh week of the holy fifty days; Monday of the seventh week of the holy fifty days and the Feast of Entry into Egypt; Holy Fifty Days/Pentecost cycle; Wednesday Eve; Baba 12; Babah 12; Bashans 15; Hosanna Sunday; Great Lent/Jonah/Nineveh cycle,Matins; Third Hour; Vespers; vespers_psalm; Ninth Hour; Eleventh Hour; liturgy_psalm; Sixth Hour,Psalm; PentecostReadings; AnnualReadings; GreatLentReadings,copticchurch_date | Tuesday of the first week of Great Lent | Matins | Psalm | Ps 22:1 || pascha_day_hour | Good Friday | Third Hour | Psalm | Ps 22:16 || copticchurch_date | Monday of the seventh week of the holy fifty days | Vespers | Psalm | Ps 22:2 || copticchurch_date | Monday of the seventh week of the holy fifty days and the Feast of Entry into Egypt | Vespers | Psalm | Ps 22:2 || katameros_cycle | Holy Fifty Days/Pentecost cycle | vespers_psalm | PentecostReadings | Ps 22:2
Old Testament,Psalms,Ps,23,Ps 23,yes,59,agpeya; special_service; katameros_cycle; copticchurch_date; pascha_day_hour; pascha_source_text,daily_hours; optional_prayers; altar_consecration; Great Lent/Jonah/Nineveh cycle; Thursday of the first week of Great Lent; Great Thursday; Wednesday of the sixth week of the holy fifty days; Wednesday of the sixth week of the holy fifty days and the Feast of Entry into Egypt; Holy Fifty Days/Pentecost cycle; Good Friday; the Covenant Thursday; myron_consecration,Third Hour (Terce); Veil Prayer; part_3; matins_psalm; Matins; Ninth Hour; Twelfth Hour; Vespers; vespers_psalm; Liturgy; vespers,psalm; GreatLentReadings; Psalm; PentecostReadings,agpeya | daily_hours | Third Hour (Terce) | psalm | Ps 23 || agpeya | optional_prayers | Veil Prayer | psalm | Ps 23 || special_service | altar_consecration | part_3 | psalm | Ps 23 || katameros_cycle | Great Lent/Jonah/Nineveh cycle | matins_psalm | GreatLentReadings | Ps 23:1 || copticchurch_date | Thursday of the first week of Great Lent | Matins | Psalm | Ps 23:1-2
Old Testament,Psalms,Ps,24,Ps 24,yes,179,agpeya; special_service; copticchurch_date; katameros_cycle,daily_hours; altar_consecration; Friday of the fourth week of the holy fifty days; Sunday of the first week of Great Lent; The fourth Sunday of Amshir; Holy Fifty Days/Pentecost cycle; annual Sundays by Coptic month/week; Great Lent/Jonah/Nineveh cycle; The Feast of the Ascension; Wednesday of the first week of Great Lent; The fifth Sunday of Baba; The fifth Sunday of Kiak (+3 more),Third Hour (Terce); part_3; Liturgy; liturgy_psalm; matins_psalm; Matins,psalm; Psalm; PentecostReadings; SundayReadings; GreatLentReadings,agpeya | daily_hours | Third Hour (Terce) | psalm | Ps 24 || special_service | altar_consecration | part_3 | psalm | Ps 24 || copticchurch_date | Friday of the fourth week of the holy fifty days | Liturgy | Psalm | Ps 24:1 || copticchurch_date | Sunday of the first week of Great Lent | Liturgy | Psalm | Ps 24:1 || copticchurch_date | The fourth Sunday of Amshir | Liturgy | Psalm | Ps 24:1
Old Testament,Psalms,Ps,25,Ps 25,yes,111,agpeya; katameros_cycle; copticchurch_date; pascha_source_text; special_service,daily_hours; optional_prayers; Great Lent/Jonah/Nineveh cycle; Friday of the seventh week of the holy fifty days; Holy Fifty Days/Pentecost cycle; Tuesday; Saturday of the second week of Great Lent; Tuesday of the first week of Great Lent; unction_of_the_sick; Wednesday of the first week of Great Lent,First Hour (Prime / Morning Prayer); Veil Prayer; liturgy_psalm; Liturgy; Ninth Hour; Matins; matins_psalm; seventh_prayer,psalm; GreatLentReadings; Psalm; PentecostReadings,agpeya | daily_hours | First Hour (Prime / Morning Prayer) | psalm | Ps 25 || agpeya | optional_prayers | Veil Prayer | psalm | Ps 25 || katameros_cycle | Great Lent/Jonah/Nineveh cycle | liturgy_psalm | GreatLentReadings | Ps 25:1 || copticchurch_date | Friday of the seventh week of the holy fifty days | Liturgy | Psalm | Ps 25:1-3 || katameros_cycle | Holy Fifty Days/Pentecost cycle | liturgy_psalm | PentecostReadings | Ps 25:1-3
Old Testament,Psalms,Ps,26,Ps 26,yes,85,agpeya; special_service; copticchurch_date; katameros_cycle,daily_hours; altar_consecration; Sunday of the sixth week of Great Lent; Great Lent/Jonah/Nineveh cycle; Wednesday of the third week of Great Lent; Tout 16; Baramhat 28; Bashans 9; Tut 16,Third Hour (Terce); part_3; Matins; matins_psalm,psalm; Psalm; GreatLentReadings; AnnualReadings,agpeya | daily_hours | Third Hour (Terce) | psalm | Ps 26 || special_service | altar_consecration | part_3 | psalm | Ps 26 || copticchurch_date | Sunday of the sixth week of Great Lent | Matins | Psalm | Ps 26:2 || katameros_cycle | Great Lent/Jonah/Nineveh cycle | matins_psalm | GreatLentReadings | Ps 26:2-3 || copticchurch_date | Sunday of the sixth week of Great Lent | Matins | Psalm | Ps 26:3
Old Testament,Psalms,Ps,27,Ps 27,yes,133,agpeya; special_service; pascha_day_hour; pascha_source_text; katameros_cycle; copticchurch_date,daily_hours; optional_prayers; altar_consecration; funeral; Good Friday; Great Lent/Jonah/Nineveh cycle; Monday of the second week of the holy fifty days; Holy Fifty Days/Pentecost cycle; Sunday of the fourth week of Great Lent; The third Sunday of Mesra; Great Thursday Eve; Monday Eve (+4 more),First Hour (Prime / Morning Prayer); Veil Prayer; part_3; part_4; First Hour; vespers_psalm; Vespers; Liturgy; Ninth Hour; matins_psalm; liturgy_psalm; Matins,psalm; Psalm; GreatLentReadings; PentecostReadings,agpeya | daily_hours | First Hour (Prime / Morning Prayer) | psalm | Ps 27 || agpeya | optional_prayers | Veil Prayer | psalm | Ps 27 || special_service | altar_consecration | part_3 | psalm | Ps 27 || special_service | funeral | part_4 | psalm | Ps 27:10 || pascha_day_hour | Good Friday | First Hour | Psalm | Ps 27:12
Old Testament,Psalms,Ps,28,Ps 28,yes,124,copticchurch_date; katameros_cycle; pascha_source_text; special_service,Monday of the second week of Great Lent; Friday of the fourth week of Great Lent; annual Sundays by Coptic month/week; Great Lent/Jonah/Nineveh cycle; Monday Eve; Tuesday Eve; myron_consecration; Good Friday Eve; Monday of the sixth week of the holy fifty days; Holy Fifty Days/Pentecost cycle; The fourth Sunday of Tout; Thursday of the second week of Great Lent,Liturgy; liturgy_psalm; Third Hour; matins; Ninth Hour; Matins; matins_psalm,Psalm; SundayReadings; GreatLentReadings; psalm; PentecostReadings,"copticchurch_date | Monday of the second week of Great Lent | Liturgy | Psalm | Ps 28:1-2 || copticchurch_date | Friday of the fourth week of Great Lent | Liturgy | Psalm | Ps 28:2 || katameros_cycle | annual Sundays by Coptic month/week | liturgy_psalm | SundayReadings | Ps 28:2 || katameros_cycle | Great Lent/Jonah/Nineveh cycle | liturgy_psalm | GreatLentReadings | Ps 28:2 || pascha_source_text | Monday Eve | Third Hour | Psalm | Ps 28:2,28:9"
Old Testament,Psalms,Ps,29,Ps 29,yes,52,agpeya; katameros_cycle; pascha_source_text; copticchurch_date; special_service,daily_hours; Great Lent/Jonah/Nineveh cycle; Monday Eve; Tuesday Eve; Friday of the second week of Great Lent; Jonah's Feast; The Feast of Epiphany; Tubah 11; palm_sunday,Third Hour (Terce); liturgy_psalm; Sixth Hour; Liturgy; Matins; matins_psalm; procession_station_10_baptismal_font,psalm; GreatLentReadings; Psalm; AnnualReadings,agpeya | daily_hours | Third Hour (Terce) | psalm | Ps 29 || katameros_cycle | Great Lent/Jonah/Nineveh cycle | liturgy_psalm | GreatLentReadings | Ps 29:1-2 || pascha_source_text | Monday Eve | Sixth Hour | Psalm | Ps 29:1-2 || pascha_source_text | Tuesday Eve | Sixth Hour | Psalm | Ps 29:1-2 || copticchurch_date | Friday of the second week of Great Lent | Liturgy | Psalm | Ps 29:10-11
Old Testament,Psalms,Ps,30,Ps 30,yes,55,agpeya; copticchurch_date; katameros_cycle,daily_hours; optional_prayers; Friday of the first week of Great Lent; Great Lent/Jonah/Nineveh cycle; annual Sundays by Coptic month/week; The first Sunday of Tout; Wednesday of the first week of the holy fifty days; Holy Fifty Days/Pentecost cycle,Third Hour (Terce); Veil Prayer; Matins; matins_psalm; vespers_psalm; Vespers,psalm; Psalm; GreatLentReadings; SundayReadings; PentecostReadings,agpeya | daily_hours | Third Hour (Terce) | psalm | Ps 30 || agpeya | optional_prayers | Veil Prayer | psalm | Ps 30 || copticchurch_date | Friday of the first week of Great Lent | Matins | Psalm | Ps 30:1-2 || katameros_cycle | Great Lent/Jonah/Nineveh cycle | matins_psalm | GreatLentReadings | Ps 30:1-2 || katameros_cycle | annual Sundays by Coptic month/week | vespers_psalm | SundayReadings | Ps 30:10
Old Testament,Psalms,Ps,31,Ps 31,yes,196,copticchurch_date; katameros_cycle; special_service; pascha_day_hour; pascha_source_text,The first Sunday of Tout; annual Sundays by Coptic month/week; myron_consecration; Tuesday of the third week of Great Lent; Great Thursday; Thursday of the seventh week of the holy fifty days; Thursday of the seventh week of the holy fifty days and the Feast of Entry into Egypt; Holy Fifty Days/Pentecost cycle; Mesra 26; The first Sunday of Abib; The first Sunday of Abib (Apostle's Feast); Great Lent/Jonah/Nineveh cycle (+2 more),Matins; matins_psalm; matins; Sixth Hour; Liturgy; liturgy_psalm; Vespers; vespers_psalm; Eleventh Hour,Psalm; SundayReadings; psalm; PentecostReadings; AnnualReadings; GreatLentReadings,"copticchurch_date | The first Sunday of Tout | Matins | Psalm | Ps 31:1 || katameros_cycle | annual Sundays by Coptic month/week | matins_psalm | SundayReadings | Ps 31:1 || special_service | myron_consecration | matins | psalm | Ps 31:1-2 || copticchurch_date | Tuesday of the third week of Great Lent | Matins | Psalm | Ps 31:10 || pascha_day_hour | Great Thursday | Sixth Hour | Psalm | Ps 31:13,31:18"
Old Testament,Psalms,Ps,32,Ps 32,yes,562,copticchurch_date; katameros_cycle; special_service,Saturday of the sixth week of Great Lent; Wednesday of Ninevah's Fast; Baba 14; Monday of the third week of Great Lent; Babah 14; Baramhat 25; Great Lent/Jonah/Nineveh cycle; baptism; Friday of the seventh week of Great Lent; Monday of the seventh week of Great Lent; Abib 7; Amshir 1 (+36 more),Liturgy; Matins; liturgy_psalm; matins_psalm; part_1; part_3; Vespers; vespers_psalm,Psalm; AnnualReadings; GreatLentReadings; psalm; PentecostReadings,copticchurch_date | Saturday of the sixth week of Great Lent | Liturgy | Psalm | Ps 32:1 || copticchurch_date | Wednesday of Ninevah's Fast | Liturgy | Psalm | Ps 32:1 || copticchurch_date | Baba 14 | Liturgy | Psalm | Ps 32:1-2 || copticchurch_date | Monday of the third week of Great Lent | Matins | Psalm | Ps 32:1-2 || katameros_cycle | Babah 14 | liturgy_psalm | AnnualReadings | Ps 32:1-2
Old Testament,Psalms,Ps,33,Ps 33,yes,583,copticchurch_date; katameros_cycle; pascha_day_hour; pascha_source_text,Abib 7; Amshir 2; Baba 20; Baba 24; Fast of Nineveh; Kiak 25; Kiak 7; Kiak 9; Mesra 5; Paona 17; Paona 23; Paona 5 (+30 more),Matins; matins_psalm; vespers_psalm; First Hour; Ninth Hour; Vespers; Liturgy; liturgy_psalm,Psalm; AnnualReadings; SundayReadings; PentecostReadings; GreatLentReadings,copticchurch_date | Abib 7 | Matins | Psalm | Ps 33:1 || copticchurch_date | Amshir 2 | Matins | Psalm | Ps 33:1 || copticchurch_date | Baba 20 | Matins | Psalm | Ps 33:1 || copticchurch_date | Baba 24 | Matins | Psalm | Ps 33:1 || copticchurch_date | Fast of Nineveh | Matins | Psalm | Ps 33:1
Old Testament,Psalms,Ps,34,Ps 34,yes,920,agpeya; copticchurch_date; katameros_cycle; pascha_day_hour; special_service,daily_hours; The first Sunday of Baba; annual Sundays by Coptic month/week; The Second Day of Feast of Epiphany; Tubah 12; Paona 2; Baunah 2; Abib 27; Hator 7; Mesra 23; Mesra 27; Paona 19 (+89 more),Third Hour (Terce); Liturgy; liturgy_psalm; matins_psalm; Matins; Vespers; vespers_psalm; Ninth Hour; procession_station_03_archangel_gabriel,psalm; Psalm; SundayReadings; AnnualReadings; GreatLentReadings; PentecostReadings,agpeya | daily_hours | Third Hour (Terce) | psalm | Ps 34 || copticchurch_date | The first Sunday of Baba | Liturgy | Psalm | Ps 34:1-2 || katameros_cycle | annual Sundays by Coptic month/week | liturgy_psalm | SundayReadings | Ps 34:1-2 || katameros_cycle | annual Sundays by Coptic month/week | matins_psalm | SundayReadings | Ps 34:1-2 || copticchurch_date | The Second Day of Feast of Epiphany | Matins | Psalm | Ps 34:11
Old Testament,Psalms,Ps,35,Ps 35,yes,95,pascha_source_text; copticchurch_date; katameros_cycle; pascha_day_hour,Good Friday; Good Friday Eve; Monday of the sixth week of Great Lent; Great Lent/Jonah/Nineveh cycle; Baunah 2; Paona 2; Tuesday of the sixth week of Great Lent; The fourth Sunday of Baba; annual Sundays by Coptic month/week,First Hour; Ninth Hour; Liturgy; liturgy_psalm; vespers_psalm; Vespers; Matins; matins_psalm,Psalm; GreatLentReadings; AnnualReadings; SundayReadings,"pascha_source_text | Good Friday | First Hour | Psalm | Ps 27:12,35:11-12,35:16 || pascha_source_text | Good Friday Eve | Ninth Hour | Psalm | Ps 28:3-4,35:4 || copticchurch_date | Monday of the sixth week of Great Lent | Liturgy | Psalm | Ps 35:1 || katameros_cycle | Great Lent/Jonah/Nineveh cycle | liturgy_psalm | GreatLentReadings | Ps 35:1-2 || katameros_cycle | Baunah 2 | vespers_psalm | AnnualReadings | Ps 35:10"
Old Testament,Psalms,Ps,36,Ps 36,yes,50,copticchurch_date; katameros_cycle,Saturday of the fifth week of the holy fifty days; Saturday of the fifth week of the holy fifty days and the Feast of Entry into Egypt; Holy Fifty Days/Pentecost cycle; The fourth Sunday of Toba; annual Sundays by Coptic month/week,Matins; matins_psalm; Liturgy; liturgy_psalm,Psalm; PentecostReadings; SundayReadings,copticchurch_date | Saturday of the fifth week of the holy fifty days | Matins | Psalm | Ps 36:5 || copticchurch_date | Saturday of the fifth week of the holy fifty days and the Feast of Entry into Egypt | Matins | Psalm | Ps 36:5 || katameros_cycle | Holy Fifty Days/Pentecost cycle | matins_psalm | PentecostReadings | Ps 36:5-6 || copticchurch_date | Saturday of the fifth week of the holy fifty days | Matins | Psalm | Ps 36:6 || copticchurch_date | Saturday of the fifth week of the holy fifty days and the Feast of Entry into Egypt | Matins | Psalm | Ps 36:6
Old Testament,Psalms,Ps,37,Ps 37,yes,700,pascha_source_text; copticchurch_date; katameros_cycle,Good Friday; Amshir 12; Amshir 19; Amshir 3; Baba 13; Baba 25; Baba 7; Bashons 20; Fast of Nineveh; Kiak 12; Toba 14; Toba 25 (+28 more),Sixth Hour; Matins; matins_psalm; Vespers; Liturgy; liturgy_psalm,Psalm; AnnualReadings,"pascha_source_text | Good Friday | Sixth Hour | Psalm | Ps 21:8-9,21:16-17,37:21-22 || copticchurch_date | Amshir 12 | Matins | Psalm | Ps 37:17 || copticchurch_date | Amshir 19 | Matins | Psalm | Ps 37:17 || copticchurch_date | Amshir 3 | Matins | Psalm | Ps 37:17 || copticchurch_date | Baba 13 | Matins | Psalm | Ps 37:17"
Old Testament,Psalms,Ps,38,Ps 38,yes,84,special_service; copticchurch_date; katameros_cycle; pascha_day_hour,unction_of_the_sick; Monday of the second week of Great Lent; The third Sunday of Paona; annual Sundays by Coptic month/week; Good Friday; Tuesday of the seventh week of Great Lent; Great Lent/Jonah/Nineveh cycle; funeral; Monday of the sixth week of Great Lent,third_prayer; Matins; Vespers; vespers_psalm; Third Hour; matins_psalm; Sixth Hour; part_6,psalm; Psalm; SundayReadings; GreatLentReadings,special_service | unction_of_the_sick | third_prayer | psalm | Ps 38:1-2 || copticchurch_date | Monday of the second week of Great Lent | Matins | Psalm | Ps 38:11 || copticchurch_date | The third Sunday of Paona | Vespers | Psalm | Ps 38:15 || katameros_cycle | annual Sundays by Coptic month/week | vespers_psalm | SundayReadings | Ps 38:15 || pascha_day_hour | Good Friday | Third Hour | Psalm | Ps 38:17
Old Testament,Psalms,Ps,39,Ps 39,yes,33,copticchurch_date; katameros_cycle; special_service,Sunday of the fifth week of Great Lent; Thursday of the fifth week of the holy fifty days; Great Lent/Jonah/Nineveh cycle; Holy Fifty Days/Pentecost cycle; funeral,Vespers; Liturgy; vespers_psalm; liturgy_psalm; part_5,Psalm; GreatLentReadings; PentecostReadings; psalm,copticchurch_date | Sunday of the fifth week of Great Lent | Vespers | Psalm | Ps 39:12 || copticchurch_date | Thursday of the fifth week of the holy fifty days | Liturgy | Psalm | Ps 39:12 || katameros_cycle | Great Lent/Jonah/Nineveh cycle | vespers_psalm | GreatLentReadings | Ps 39:12 || katameros_cycle | Holy Fifty Days/Pentecost cycle | liturgy_psalm | PentecostReadings | Ps 39:12 || special_service | funeral | part_5 | psalm | Ps 39:12-13
Old Testament,Psalms,Ps,40,Ps 40,yes,352,copticchurch_date; katameros_cycle,The second Sunday of Abib; Great Lent/Jonah/Nineveh cycle; Wednesday of the sixth week of the holy fifty days; Wednesday of the sixth week of the holy fifty days and the Feast of Entry into Egypt; Holy Fifty Days/Pentecost cycle; The fourth Sunday of Abib; annual Sundays by Coptic month/week; Abib 2; Abib 9; Baba 30; Bashons 23; Hator 20 (+26 more),Matins; matins_psalm; Liturgy; liturgy_psalm; Vespers; vespers_psalm,Psalm; GreatLentReadings; PentecostReadings; SundayReadings; AnnualReadings,copticchurch_date | The second Sunday of Abib | Matins | Psalm | Ps 40:1-2 || katameros_cycle | Great Lent/Jonah/Nineveh cycle | matins_psalm | GreatLentReadings | Ps 40:11 || copticchurch_date | Wednesday of the sixth week of the holy fifty days | Liturgy | Psalm | Ps 40:13 || copticchurch_date | Wednesday of the sixth week of the holy fifty days and the Feast of Entry into Egypt | Liturgy | Psalm | Ps 40:13 || katameros_cycle | Holy Fifty Days/Pentecost cycle | liturgy_psalm | PentecostReadings | Ps 40:13
Old Testament,Psalms,Ps,41,Ps 41,yes,97,pascha_source_text; agpeya; copticchurch_date; katameros_cycle; pascha_day_hour; bright_saturday_service_order,the Covenant Thursday; daily_hours; Tuesday of the second week of Great Lent; Great Lent/Jonah/Nineveh cycle; Wednesday; Wednesday of the second week of the holy fifty days; annual Sundays by Coptic month/week; The first Sunday of Nasie; Holy Fifty Days/Pentecost cycle; 9TH HOUR; Great Thursday,Liturgy; Third Hour (Terce); liturgy_psalm; Third Hour; Vespers; matins_psalm; vespers_psalm; Matins; 9th Hour; Ninth Hour,Psalm; psalm; GreatLentReadings; SundayReadings; PentecostReadings,"pascha_source_text | the Covenant Thursday | Liturgy | Psalm | Ps 23:5,41:9 || agpeya | daily_hours | Third Hour (Terce) | psalm | Ps 41 || copticchurch_date | Tuesday of the second week of Great Lent | Liturgy | Psalm | Ps 41:1 || katameros_cycle | Great Lent/Jonah/Nineveh cycle | liturgy_psalm | GreatLentReadings | Ps 41:1 || pascha_day_hour | Wednesday | Third Hour | Psalm | Ps 41:1,41:6"
Old Testament,Psalms,Ps,42,Ps 42,yes,198,copticchurch_date; katameros_cycle,Mesra 25; Tuesday of the sixth week of Great Lent; Tubah 12; Great Lent/Jonah/Nineveh cycle; The Second Day of Feast of Epiphany; Tubah 10; Tubah 11; Holy Fifty Days/Pentecost cycle; Epiphany Paramoune; Monday of the fifth week of the holy fifty days; Monday of the fourth week of the holy fifty days; The Feast of Epiphany (+2 more),Vespers; Liturgy; vespers_psalm; liturgy_psalm; Matins; matins_psalm,Psalm; AnnualReadings; GreatLentReadings; PentecostReadings,copticchurch_date | Mesra 25 | Vespers | Psalm | Ps 42:1 || copticchurch_date | Tuesday of the sixth week of Great Lent | Liturgy | Psalm | Ps 42:1 || katameros_cycle | Mesra 25 | vespers_psalm | AnnualReadings | Ps 42:1 || katameros_cycle | Tubah 12 | vespers_psalm | AnnualReadings | Ps 42:1 || katameros_cycle | Great Lent/Jonah/Nineveh cycle | liturgy_psalm | GreatLentReadings | Ps 42:1
Old Testament,Psalms,Ps,43,Ps 43,yes,21,agpeya; copticchurch_date; katameros_cycle,daily_hours; optional_prayers; Monday of the fourth week of the holy fifty days; Holy Fifty Days/Pentecost cycle,Third Hour (Terce); Veil Prayer; Matins; matins_psalm; vespers_psalm,psalm; Psalm; PentecostReadings,agpeya | daily_hours | Third Hour (Terce) | psalm | Ps 43 || agpeya | optional_prayers | Veil Prayer | psalm | Ps 43 || copticchurch_date | Monday of the fourth week of the holy fifty days | Matins | Psalm | Ps 43:3 || katameros_cycle | Holy Fifty Days/Pentecost cycle | matins_psalm | PentecostReadings | Ps 43:3 || katameros_cycle | Holy Fifty Days/Pentecost cycle | vespers_psalm | PentecostReadings | Ps 43:5
Old Testament,Psalms,Ps,44,Ps 44,yes,34,copticchurch_date; katameros_cycle,Wednesday of the third week of the holy fifty days; Holy Fifty Days/Pentecost cycle,Vespers; vespers_psalm,Psalm; PentecostReadings,copticchurch_date | Wednesday of the third week of the holy fifty days | Vespers | Psalm | Ps 44:23 || katameros_cycle | Holy Fifty Days/Pentecost cycle | vespers_psalm | PentecostReadings | Ps 44:23 || copticchurch_date | Wednesday of the third week of the holy fifty days | Vespers | Psalm | Ps 44:26 || katameros_cycle | Holy Fifty Days/Pentecost cycle | vespers_psalm | PentecostReadings | Ps 44:26
Old Testament,Psalms,Ps,45,Ps 45,yes,666,agpeya; copticchurch_date; katameros_cycle; special_service; pascha_day_hour,daily_hours; Abib 16; Amshir 29; Great Lent; Kiak 24; Toba 4; Barmuda 16; Bashans 16; Kiyahk 24; Tubah 4; Annunciation; The fifth Sunday of Abib (Readings of 29th Baramhat) (+86 more),Third Hour (Terce); Matins; matins_psalm; Liturgy; liturgy_psalm; part_2; vespers_psalm; Vespers; Twelfth Hour; liturgy,psalm; Psalm; AnnualReadings; SundayReadings,agpeya | daily_hours | Third Hour (Terce) | psalm | Ps 45 || copticchurch_date | Abib 16 | Matins | Psalm | Ps 45:1-2 || copticchurch_date | Amshir 29 | Matins | Psalm | Ps 45:1-2 || copticchurch_date | Great Lent | Matins | Psalm | Ps 45:1-2 || copticchurch_date | Kiak 24 | Matins | Psalm | Ps 45:1-2
Old Testament,Psalms,Ps,46,Ps 46,yes,114,agpeya; katameros_cycle; copticchurch_date,daily_hours; Abib 23; Babah 29; Baramhat 6; Hatur 27; Hatur 5; Kiyahk 16; Mesra 10; Baba 29; Hator 27; Hator 5; Kiak 16 (+4 more),Third Hour (Terce); vespers_psalm; Vespers,psalm; AnnualReadings; Psalm; GreatLentReadings; SundayReadings,agpeya | daily_hours | Third Hour (Terce) | psalm | Ps 46 || katameros_cycle | Abib 23 | vespers_psalm | AnnualReadings | Ps 46:1 || katameros_cycle | Babah 29 | vespers_psalm | AnnualReadings | Ps 46:1 || katameros_cycle | Baramhat 6 | vespers_psalm | AnnualReadings | Ps 46:1 || katameros_cycle | Hatur 27 | vespers_psalm | AnnualReadings | Ps 46:1
Old Testament,Psalms,Ps,47,Ps 47,yes,169,agpeya; copticchurch_date; katameros_cycle,daily_hours; Monday of the sixth week of the holy fifty days; Holy Fifty Days/Pentecost cycle; The first Sunday of Toba; annual Sundays by Coptic month/week; Tuesday of the sixth week of the holy fifty days; Pentecost; The fourth Sunday of Bashons; Mesra 28,Third Hour (Terce); Vespers; vespers_psalm; Matins; matins_psalm; Liturgy; liturgy_psalm,psalm; Psalm; PentecostReadings; SundayReadings; AnnualReadings,agpeya | daily_hours | Third Hour (Terce) | psalm | Ps 47 || copticchurch_date | Monday of the sixth week of the holy fifty days | Vespers | Psalm | Ps 47:1 || katameros_cycle | Holy Fifty Days/Pentecost cycle | vespers_psalm | PentecostReadings | Ps 47:1 || copticchurch_date | The first Sunday of Toba | Vespers | Psalm | Ps 47:1-2 || katameros_cycle | annual Sundays by Coptic month/week | vespers_psalm | SundayReadings | Ps 47:1-2
Old Testament,Psalms,Ps,48,Ps 48,yes,174,copticchurch_date; katameros_cycle,Fast of Nineveh; Kiak 3; Mesra 16 (St Mary's Feast); Paona 21; Toba 21; Tuesday of the seventh week of the holy fifty days; Bashans 1; Baunah 21; Kiyahk 3; Mesra 16; Tubah 21; Holy Fifty Days/Pentecost cycle (+3 more),Matins; Vespers; matins_psalm; vespers_psalm; Liturgy; liturgy_psalm,Psalm; AnnualReadings; PentecostReadings; GreatLentReadings,copticchurch_date | Fast of Nineveh | Matins | Psalm | Ps 48:1 || copticchurch_date | Kiak 3 | Matins | Psalm | Ps 48:1 || copticchurch_date | Mesra 16 (St Mary's Feast) | Matins | Psalm | Ps 48:1 || copticchurch_date | Paona 21 | Matins | Psalm | Ps 48:1 || copticchurch_date | Toba 21 | Matins | Psalm | Ps 48:1
Old Testament,Psalms,Ps,49,Ps 49,no,0,,,,,
Old Testament,Psalms,Ps,50,Ps 50,yes,119,copticchurch_date; katameros_cycle; pascha_day_hour,Circumcision of our Lord; Entrance into the Temple; Mesra 30; Amshir 8; Tubah 6; Great Thursday; Kiyahk 28; Christmas Paramoune,Liturgy; liturgy_psalm; Eleventh Hour; vespers_psalm; Vespers,Psalm; AnnualReadings,copticchurch_date | Circumcision of our Lord | Liturgy | Psalm | Ps 50:14 || copticchurch_date | Entrance into the Temple | Liturgy | Psalm | Ps 50:14 || copticchurch_date | Mesra 30 | Liturgy | Psalm | Ps 50:14 || katameros_cycle | Amshir 8 | liturgy_psalm | AnnualReadings | Ps 50:14 || katameros_cycle | Mesra 30 | liturgy_psalm | AnnualReadings | Ps 50:14
Old Testament,Psalms,Ps,51,Ps 51,yes,174,pascha_source_text; copticchurch_date; katameros_cycle; special_service; pascha_day_hour,Wednesday; Sunday of the second week of Great Lent; Great Lent/Jonah/Nineveh cycle; unction_of_the_sick; Saturday of the sixth week of the holy fifty days; Holy Fifty Days/Pentecost cycle; Pentecost; myron_consecration; Paona 2; Baunah 2; Tuesday of the seventh week of Great Lent; Wednesday of the seventh week of Great Lent (+2 more),First Hour; Vespers; vespers_psalm; fourth_prayer; matins; Matins; matins_psalm; Liturgy; liturgy_psalm; Liturgy of Blessing of the Water,Psalm; GreatLentReadings; psalm; PentecostReadings; AnnualReadings,"pascha_source_text | Wednesday | First Hour | Psalm | Ps 33:10,51:4 || copticchurch_date | Sunday of the second week of Great Lent | Vespers | Psalm | Ps 51:1 || katameros_cycle | Great Lent/Jonah/Nineveh cycle | vespers_psalm | GreatLentReadings | Ps 51:1 || special_service | unction_of_the_sick | fourth_prayer | psalm | Ps 51:1-2 || copticchurch_date | Saturday of the sixth week of the holy fifty days | Vespers | Psalm | Ps 51:10"
Old Testament,Psalms,Ps,52,Ps 52,yes,66,copticchurch_date; katameros_cycle; special_service,The third Sunday of Abib; annual Sundays by Coptic month/week; Tut 2; palm_sunday; Paona 30; Tout 2; Baunah 30,Vespers; vespers_psalm; procession_station_12_st_john_the_baptist,Psalm; SundayReadings; AnnualReadings; psalm,copticchurch_date | The third Sunday of Abib | Vespers | Psalm | Ps 52:8 || katameros_cycle | annual Sundays by Coptic month/week | vespers_psalm | SundayReadings | Ps 52:8 || katameros_cycle | Tut 2 | vespers_psalm | AnnualReadings | Ps 52:8 || special_service | palm_sunday | procession_station_12_st_john_the_baptist | psalm | Ps 52:8 || copticchurch_date | Paona 30 | Vespers | Psalm | Ps 52:8-9
Old Testament,Psalms,Ps,53,Ps 53,no,0,,,,,
Old Testament,Psalms,Ps,54,Ps 54,yes,34,agpeya; copticchurch_date; katameros_cycle,daily_hours; Tuesday of the fourth week of the holy fifty days; Holy Fifty Days/Pentecost cycle,Sixth Hour (Sext); Liturgy; liturgy_psalm,psalm; Psalm; PentecostReadings,agpeya | daily_hours | Sixth Hour (Sext) | psalm | Ps 54 || copticchurch_date | Tuesday of the fourth week of the holy fifty days | Liturgy | Psalm | Ps 54:1 || katameros_cycle | Holy Fifty Days/Pentecost cycle | liturgy_psalm | PentecostReadings | Ps 54:1-2 || copticchurch_date | Tuesday of the fourth week of the holy fifty days | Liturgy | Psalm | Ps 54:2
Old Testament,Psalms,Ps,55,Ps 55,yes,102,copticchurch_date; katameros_cycle; pascha_day_hour; pascha_source_text,Monday of the fourth week of Great Lent; Sunday of the third week of Great Lent; Great Lent/Jonah/Nineveh cycle; Wednesday Eve; Good Friday Eve; Thursday Eve; Wednesday of the fifth week of Great Lent; Great Thursday,Matins; matins_psalm; Third Hour; First Hour; Liturgy; liturgy_psalm,Psalm; GreatLentReadings,"copticchurch_date | Monday of the fourth week of Great Lent | Matins | Psalm | Ps 55:1 || copticchurch_date | Sunday of the third week of Great Lent | Matins | Psalm | Ps 55:1 || katameros_cycle | Great Lent/Jonah/Nineveh cycle | matins_psalm | GreatLentReadings | Ps 55:1 || pascha_day_hour | Wednesday Eve | Third Hour | Psalm | Ps 55:1,55:21 || pascha_source_text | Good Friday Eve | Third Hour | Psalm | Ps 55:1,55:21"
Old Testament,Psalms,Ps,56,Ps 56,yes,16,copticchurch_date,Tuesday of the third week of the holy fifty days,Vespers,Psalm,copticchurch_date | Tuesday of the third week of the holy fifty days | Vespers | Psalm | Ps 56:6
Old Testament,Psalms,Ps,57,Ps 57,yes,138,agpeya; copticchurch_date; katameros_cycle; pascha_day_hour,daily_hours; optional_prayers; Sunday of the second week of Great Lent; Tuesday of the third week of the holy fifty days; Wednesday of the seventh week of Great Lent; Great Lent/Jonah/Nineveh cycle; Holy Fifty Days/Pentecost cycle; Wednesday Eve; Wednesday of the third week of the holy fifty days; The third Sunday of Baba; annual Sundays by Coptic month/week,Sixth Hour (Sext); Veil Prayer; Matins; matins_psalm; Eleventh Hour; vespers_psalm,psalm; Psalm; GreatLentReadings; PentecostReadings; SundayReadings,agpeya | daily_hours | Sixth Hour (Sext) | psalm | Ps 57 || agpeya | optional_prayers | Veil Prayer | psalm | Ps 57 || copticchurch_date | Sunday of the second week of Great Lent | Matins | Psalm | Ps 57:1 || copticchurch_date | Tuesday of the third week of the holy fifty days | Matins | Psalm | Ps 57:1 || copticchurch_date | Wednesday of the seventh week of Great Lent | Matins | Psalm | Ps 57:1
Old Testament,Psalms,Ps,58,Ps 58,yes,1,pascha_day_hour,Great Thursday Eve,Sixth Hour,Psalm,pascha_day_hour | Great Thursday Eve | Sixth Hour | Psalm | Ps 58:2
Old Testament,Psalms,Ps,59,Ps 59,yes,20,pascha_source_text; katameros_cycle; copticchurch_date,Good Friday Eve; annual Sundays by Coptic month/week; Wednesday Eve; The fourth Sunday of Abib,Sixth Hour; vespers_psalm; First Hour; Vespers,Psalm; SundayReadings,"pascha_source_text | Good Friday Eve | Sixth Hour | Psalm | Ps 59:1,69:20 || katameros_cycle | annual Sundays by Coptic month/week | vespers_psalm | SundayReadings | Ps 59:10 || pascha_source_text | Wednesday Eve | First Hour | Psalm | Ps 59:16-17 || katameros_cycle | annual Sundays by Coptic month/week | vespers_psalm | SundayReadings | Ps 59:17 || copticchurch_date | The fourth Sunday of Abib | Vespers | Psalm | Ps 59:9-10,59:17"
Old Testament,Psalms,Ps,60,Ps 60,yes,111,copticchurch_date; katameros_cycle,"The fourth Sunday of Paona; The third Sunday of Paona; Friday of the second week of Great Lent <br>(Feast of the Cross - Readings of 10th Baramhat); Mesra 12; Monday of the sixth week of Great Lent <br>(Feast of the Cross - Readings of 10th Baramhat); Monday of the third week of Great Lent <br>(Feast of the Cross - Readings of 10th Baramhat); Saturday of the third week of Great Lent <br>(Feast of the Cross - Readings of 10th Baramhat); Sunday of the fifth week of Great Lent <br>(Feast of the Cross - Readings of 10th Baramhat); Sunday of the fourth week of Great Lent <br>(Feast of the Cross - Readings of 10th Baramhat); Sunday, Tout 17 (Feast of the Cross); Thursday of the fifth week of Great Lent <br>(Feast of the Cross - Readings of 10th Baramhat); Thursday of the fourth week of Great Lent <br>(Feast of the Cross - Readings of 10th Baramhat) (+7 more)",Matins; Liturgy; matins_psalm,Psalm; AnnualReadings,copticchurch_date | The fourth Sunday of Paona | Matins | Psalm | Ps 60:4 || copticchurch_date | The third Sunday of Paona | Liturgy | Psalm | Ps 60:4 || copticchurch_date | Friday of the second week of Great Lent <br>(Feast of the Cross - Readings of 10th Baramhat) | Matins | Psalm | Ps 60:4-5 || copticchurch_date | Mesra 12 | Matins | Psalm | Ps 60:4-5 || copticchurch_date | Monday of the sixth week of Great Lent <br>(Feast of the Cross - Readings of 10th Baramhat) | Matins | Psalm | Ps 60:4-5
Old Testament,Psalms,Ps,61,Ps 61,yes,124,agpeya; katameros_cycle; copticchurch_date,daily_hours; Great Lent/Jonah/Nineveh cycle; Saturday of the fourth week of Great Lent; Abib 15; Amshir 9; Bashons 21; Bashons 29; Great Lent; Kiak 17; Mesra 3; Paona 24; Tout 14 (+10 more),Sixth Hour (Sext); liturgy_psalm; Liturgy; matins_psalm,psalm; GreatLentReadings; Psalm; AnnualReadings; SundayReadings,"agpeya | daily_hours | Sixth Hour (Sext) | psalm | Ps 61 || katameros_cycle | Great Lent/Jonah/Nineveh cycle | liturgy_psalm | GreatLentReadings | Ps 61:1 || copticchurch_date | Saturday of the fourth week of Great Lent | Liturgy | Psalm | Ps 61:1,61:5 || copticchurch_date | Abib 15 | Liturgy | Psalm | Ps 61:1-3 || copticchurch_date | Amshir 9 | Liturgy | Psalm | Ps 61:1-3"
Old Testament,Psalms,Ps,62,Ps 62,yes,52,copticchurch_date; pascha_source_text; pascha_day_hour,"Sunday, Tout 19 (Feast of the Cross); Tout 19 (Feast of the Cross); Tuesday Eve; Monday Eve; Thursday Eve",Liturgy; First Hour; Eleventh Hour,Psalm,"copticchurch_date | Sunday, Tout 19 (Feast of the Cross) | Liturgy | Psalm | Ps 62:2 || copticchurch_date | Tout 19 (Feast of the Cross) | Liturgy | Psalm | Ps 62:2 || pascha_source_text | Tuesday Eve | First Hour | Psalm | Ps 62:2,62:7 || copticchurch_date | Sunday, Tout 19 (Feast of the Cross) | Liturgy | Psalm | Ps 62:3 || copticchurch_date | Tout 19 (Feast of the Cross) | Liturgy | Psalm | Ps 62:3"
Old Testament,Psalms,Ps,63,Ps 63,yes,120,agpeya; copticchurch_date; katameros_cycle,daily_hours; Thursday of the seventh week of Great Lent; Wednesday of the second week of the holy fifty days; Great Lent/Jonah/Nineveh cycle; The first Sunday of Baba; annual Sundays by Coptic month/week; Holy Fifty Days/Pentecost cycle; The second Sunday of Baba,First Hour (Prime / Morning Prayer); Sixth Hour (Sext); Matins; matins_psalm,psalm; Psalm; GreatLentReadings; SundayReadings; PentecostReadings,agpeya | daily_hours | First Hour (Prime / Morning Prayer) | psalm | Ps 63 || agpeya | daily_hours | Sixth Hour (Sext) | psalm | Ps 63 || copticchurch_date | Thursday of the seventh week of Great Lent | Matins | Psalm | Ps 63:1 || copticchurch_date | Wednesday of the second week of the holy fifty days | Matins | Psalm | Ps 63:1 || katameros_cycle | Great Lent/Jonah/Nineveh cycle | matins_psalm | GreatLentReadings | Ps 63:1
Old Testament,Psalms,Ps,64,Ps 64,yes,51,copticchurch_date; katameros_cycle; pascha_day_hour,Palm Sunday; Great Lent/Jonah/Nineveh cycle; Tout 21; Tout 23; Baramhat 11; Baramhat 14; Barmuda 21; Tut 21; Tut 23,Liturgy; liturgy_gospel; Vespers; vespers_psalm,Gospel; GreatLentReadings; Psalm; AnnualReadings,copticchurch_date | Palm Sunday | Liturgy | Gospel | Ps 64:1-2 || katameros_cycle | Great Lent/Jonah/Nineveh cycle | liturgy_gospel | GreatLentReadings | Ps 64:1-2 || pascha_day_hour | Palm Sunday | Liturgy | Psalm | Ps 64:1-2 || copticchurch_date | Tout 21 | Vespers | Psalm | Ps 64:10 || copticchurch_date | Tout 23 | Vespers | Psalm | Ps 64:10
Old Testament,Psalms,Ps,65,Ps 65,yes,302,special_service; copticchurch_date; katameros_cycle; pascha_source_text; pascha_day_hour,"myron_consecration; Friday of the second week of Great Lent <br>(Feast of the Cross - Readings of 10th Baramhat); Mesra 12; Monday of the sixth week of Great Lent <br>(Feast of the Cross - Readings of 10th Baramhat); Monday of the third week of Great Lent <br>(Feast of the Cross - Readings of 10th Baramhat); Saturday of the third week of Great Lent <br>(Feast of the Cross - Readings of 10th Baramhat); Sunday of the fifth week of Great Lent <br>(Feast of the Cross - Readings of 10th Baramhat); Sunday of the fourth week of Great Lent <br>(Feast of the Cross - Readings of 10th Baramhat); Sunday, Tout 17 (Feast of the Cross); Thursday of the fifth week of Great Lent <br>(Feast of the Cross - Readings of 10th Baramhat); Thursday of the fourth week of Great Lent <br>(Feast of the Cross - Readings of 10th Baramhat); Tout 16 (+49 more)",liturgy; Liturgy; liturgy_psalm; fourth_gospel; Matins; matins_psalm; Third Hour; part_1; Vespers; vespers_psalm; Ninth Hour; main_readings,psalm; Psalm; AnnualReadings; SundayReadings; GreatLentReadings,special_service | myron_consecration | liturgy | psalm | Ps 65:1 || copticchurch_date | Friday of the second week of Great Lent <br>(Feast of the Cross - Readings of 10th Baramhat) | Liturgy | Psalm | Ps 65:1-2 || copticchurch_date | Mesra 12 | Liturgy | Psalm | Ps 65:1-2 || copticchurch_date | Monday of the sixth week of Great Lent <br>(Feast of the Cross - Readings of 10th Baramhat) | Liturgy | Psalm | Ps 65:1-2 || copticchurch_date | Monday of the third week of Great Lent <br>(Feast of the Cross - Readings of 10th Baramhat) | Liturgy | Psalm | Ps 65:1-2
Old Testament,Psalms,Ps,66,Ps 66,yes,336,copticchurch_date; katameros_cycle; special_service,The fourth Sunday of Bashons; Thursday of the fourth week of the holy fifty days; annual Sundays by Coptic month/week; Tuesday of the fourth week of the holy fifty days; The second Sunday of Baba; The third Sunday of Toba; Abib 19; Abib 30; Abib 8; Hator 11; Hator 22; Hator 26 (+24 more),Liturgy; liturgy_psalm; Vespers; Matins; matins_psalm; main_readings,Psalm; SundayReadings; AnnualReadings; psalm,"copticchurch_date | The fourth Sunday of Bashons | Liturgy | Psalm | Ps 66:1 || copticchurch_date | Thursday of the fourth week of the holy fifty days | Liturgy | Psalm | Ps 66:1 || katameros_cycle | annual Sundays by Coptic month/week | liturgy_psalm | SundayReadings | Ps 66:1 || copticchurch_date | Tuesday of the fourth week of the holy fifty days | Vespers | Psalm | Ps 66:1-2 || copticchurch_date | The second Sunday of Baba | Liturgy | Psalm | Ps 66:1-2,66:4"
Old Testament,Psalms,Ps,67,Ps 67,yes,82,agpeya; katameros_cycle; copticchurch_date,daily_hours; optional_prayers; Holy Fifty Days/Pentecost cycle; The first Sunday of Baba; The first Sunday of Paona; annual Sundays by Coptic month/week; Tuesday of the fourth week of the holy fifty days; The second Sunday of Hator,First Hour (Prime / Morning Prayer); Sixth Hour (Sext); Veil Prayer; liturgy_psalm; Vespers; Matins; vespers_psalm; matins_psalm,psalm; PentecostReadings; Psalm; SundayReadings,agpeya | daily_hours | First Hour (Prime / Morning Prayer) | psalm | Ps 67 || agpeya | daily_hours | Sixth Hour (Sext) | psalm | Ps 67 || agpeya | optional_prayers | Veil Prayer | psalm | Ps 67 || katameros_cycle | Holy Fifty Days/Pentecost cycle | liturgy_psalm | PentecostReadings | Ps 67:1 || copticchurch_date | The first Sunday of Baba | Vespers | Psalm | Ps 67:1-2
Old Testament,Psalms,Ps,68,Ps 68,yes,1447,copticchurch_date; katameros_cycle; special_service; pascha_day_hour,Nasie 2; Abib 18; Abib 29; Abib 5; Al-Nasi 2; Amshir 10; Amshir 21; Baramhat 8; Barmuda 17; Bashans 26; Hatur 18; Kiyahk 21 (+125 more),Liturgy; vespers_psalm; liturgy_psalm; Vespers; procession_station_05_st_mark_evangelist; Matins; matins_psalm; matins; Sixth Hour; procession_station_08_st_antony,Psalm; AnnualReadings; psalm; PentecostReadings; SundayReadings; GreatLentReadings,copticchurch_date | Nasie 2 | Liturgy | Psalm | Ps 68:11 || katameros_cycle | Abib 18 | vespers_psalm | AnnualReadings | Ps 68:11 || katameros_cycle | Abib 29 | vespers_psalm | AnnualReadings | Ps 68:11 || katameros_cycle | Abib 5 | vespers_psalm | AnnualReadings | Ps 68:11 || katameros_cycle | Al-Nasi 2 | liturgy_psalm | AnnualReadings | Ps 68:11
Old Testament,Psalms,Ps,69,Ps 69,yes,86,pascha_source_text; pascha_day_hour; copticchurch_date; katameros_cycle,Good Friday Eve; Wednesday Eve; Thursday Eve; Great Thursday Eve; Good Friday; Wednesday; Fast of Nineveh; Toba 29; Toba 30; Friday of the sixth week of the holy fifty days; annual Sundays by Coptic month/week; Holy Fifty Days/Pentecost cycle,Sixth Hour; First Hour; Ninth Hour; Eleventh Hour; Vespers; Liturgy; liturgy_psalm,Psalm; SundayReadings; PentecostReadings,"pascha_source_text | Good Friday Eve | Sixth Hour | Psalm | Ps 59:1,69:20 || pascha_day_hour | Wednesday Eve | First Hour | Psalm | Ps 69:1,69:16 || pascha_source_text | Thursday Eve | First Hour | Psalm | Ps 69:1,69:16 || pascha_day_hour | Great Thursday Eve | First Hour | Psalm | Ps 69:1,69:9 || pascha_source_text | Good Friday | Ninth Hour | Psalm | Ps 69:1-2,69:21"
Old Testament,Psalms,Ps,70,Ps 70,yes,122,agpeya; copticchurch_date; katameros_cycle,daily_hours; midnight_prayer; optional_prayers; Friday of the fourth week of the holy fifty days; Holy Fifty Days/Pentecost cycle; Monday of the fifth week of the holy fifty days; Monday of the second week of the holy fifty days; Tout 21; Tout 23; Baramhat 11; Baramhat 14; Barmuda 21 (+2 more),First Hour (Prime / Morning Prayer); Midnight Prayer - First Watch; Sixth Hour (Sext); Veil Prayer; Matins; matins_psalm; Vespers; vespers_psalm; Liturgy; liturgy_psalm,psalm; Psalm; PentecostReadings; AnnualReadings,agpeya | daily_hours | First Hour (Prime / Morning Prayer) | psalm | Ps 70 || agpeya | midnight_prayer | Midnight Prayer - First Watch | psalm | Ps 70 || agpeya | daily_hours | Sixth Hour (Sext) | psalm | Ps 70 || agpeya | optional_prayers | Veil Prayer | psalm | Ps 70 || copticchurch_date | Friday of the fourth week of the holy fifty days | Matins | Psalm | Ps 70:1
Old Testament,Psalms,Ps,71,Ps 71,yes,35,pascha_source_text; copticchurch_date; katameros_cycle,Monday; The third Sunday of Baba; annual Sundays by Coptic month/week,First Hour; Vespers; vespers_psalm; Liturgy; liturgy_psalm,Psalm; SundayReadings,pascha_source_text | Monday | First Hour | Psalm | Ps 71:18-19 || copticchurch_date | The third Sunday of Baba | Vespers | Psalm | Ps 71:5-7 || katameros_cycle | annual Sundays by Coptic month/week | vespers_psalm | SundayReadings | Ps 71:5-7 || copticchurch_date | The third Sunday of Baba | Liturgy | Psalm | Ps 71:7-8 || katameros_cycle | annual Sundays by Coptic month/week | liturgy_psalm | SundayReadings | Ps 71:7-8
Old Testament,Psalms,Ps,72,Ps 72,yes,147,pascha_day_hour; copticchurch_date; katameros_cycle; special_service,Monday; Kiak 30; Kiyahk 30; Christmas; Kiyahk 29; pentecost_prostration; Annunciation; The fifth Sunday of Abib (Readings of 29th Baramhat); The fifth Sunday of Baba (Readings of 29th Baramhat); The fifth Sunday of Hator (Readings of 29th Baramhat); The fifth Sunday of Mesra (Readings of 29th Baramhat); The fifth Sunday of Paona (Readings of 29th Baramhat) (+4 more),First Hour; Vespers; vespers_psalm; Matins; matins_psalm; main_readings; Liturgy; liturgy_psalm,OT3; Psalm; AnnualReadings; psalm; SundayReadings,pascha_day_hour | Monday | First Hour | OT3 | Ps 72:1-19 || copticchurch_date | Kiak 30 | Vespers | Psalm | Ps 72:1-2 || katameros_cycle | Kiyahk 30 | vespers_psalm | AnnualReadings | Ps 72:1-2 || copticchurch_date | Christmas | Vespers | Psalm | Ps 72:10 || katameros_cycle | Kiyahk 29 | vespers_psalm | AnnualReadings | Ps 72:10
Old Testament,Psalms,Ps,73,Ps 73,yes,1248,copticchurch_date; katameros_cycle,Abib 14; Abib 3; Amshir 14; Amshir 27; Baba 11; Baba 17; Baba 2; Baba 3; Baba 5; Baba 9; Bashons 28; Bashons 30 (+52 more),Matins; Liturgy; matins_psalm; liturgy_psalm,Psalm; AnnualReadings,copticchurch_date | Abib 14 | Matins | Psalm | Ps 73:23 || copticchurch_date | Abib 3 | Matins | Psalm | Ps 73:23 || copticchurch_date | Amshir 14 | Liturgy | Psalm | Ps 73:23 || copticchurch_date | Amshir 27 | Liturgy | Psalm | Ps 73:23 || copticchurch_date | Baba 11 | Matins | Psalm | Ps 73:23
Old Testament,Psalms,Ps,74,Ps 74,yes,104,copticchurch_date; katameros_cycle,"Sunday, Tout 19 (Feast of the Cross); Tout 19 (Feast of the Cross); Wednesday of the fourth week of the holy fifty days; annual Sundays by Coptic month/week; Tut 19; Holy Fifty Days/Pentecost cycle",Matins; Liturgy; matins_psalm; liturgy_psalm,Psalm; SundayReadings; AnnualReadings; PentecostReadings,"copticchurch_date | Sunday, Tout 19 (Feast of the Cross) | Matins | Psalm | Ps 74:12 || copticchurch_date | Tout 19 (Feast of the Cross) | Matins | Psalm | Ps 74:12 || copticchurch_date | Wednesday of the fourth week of the holy fifty days | Liturgy | Psalm | Ps 74:12 || katameros_cycle | annual Sundays by Coptic month/week | matins_psalm | SundayReadings | Ps 74:12 || katameros_cycle | Tut 19 | matins_psalm | AnnualReadings | Ps 74:12"
Old Testament,Psalms,Ps,75,Ps 75,no,0,,,,,
Old Testament,Psalms,Ps,76,Ps 76,yes,41,copticchurch_date; katameros_cycle,Christmas Paramoune; Kiyahk 28,Matins; matins_psalm,Psalm; AnnualReadings,copticchurch_date | Christmas Paramoune | Matins | Psalm | Ps 76:1 || katameros_cycle | Kiyahk 28 | matins_psalm | AnnualReadings | Ps 76:1-2 || copticchurch_date | Christmas Paramoune | Matins | Psalm | Ps 76:2
Old Testament,Psalms,Ps,77,Ps 77,yes,64,copticchurch_date; katameros_cycle,Baba 6; Wedding of Cana; Tubah 13; The third Sunday of Toba; annual Sundays by Coptic month/week; Saturday of the first week of the holy fifty days; Holy Fifty Days/Pentecost cycle,Liturgy; liturgy_psalm; Vespers; vespers_psalm; Matins; matins_psalm,Psalm; AnnualReadings; SundayReadings; PentecostReadings,copticchurch_date | Baba 6 | Liturgy | Psalm | Ps 77:14-16 || copticchurch_date | Wedding of Cana | Liturgy | Psalm | Ps 77:14-16 || katameros_cycle | Tubah 13 | liturgy_psalm | AnnualReadings | Ps 77:14-16 || copticchurch_date | The third Sunday of Toba | Vespers | Psalm | Ps 77:18-19 || katameros_cycle | annual Sundays by Coptic month/week | vespers_psalm | SundayReadings | Ps 77:18-19
Old Testament,Psalms,Ps,78,Ps 78,yes,141,katameros_cycle; copticchurch_date; special_service,annual Sundays by Coptic month/week; The fourth Sunday of Toba; funeral; Abib 23; Baba 29; Hator 27; Hator 5; Kiak 16; Mesra 10; Babah 29; Baramhat 6; Hatur 27 (+5 more),vespers_psalm; Vespers; part_3; Liturgy; liturgy_psalm; Matins; matins_psalm,SundayReadings; Psalm; psalm; AnnualReadings; PentecostReadings,"katameros_cycle | annual Sundays by Coptic month/week | vespers_psalm | SundayReadings | Ps 78:20 || copticchurch_date | The fourth Sunday of Toba | Vespers | Psalm | Ps 78:20,78:23 || katameros_cycle | annual Sundays by Coptic month/week | vespers_psalm | SundayReadings | Ps 78:23 || special_service | funeral | part_3 | psalm | Ps 78:38-39 || copticchurch_date | Abib 23 | Liturgy | Psalm | Ps 78:5"
Old Testament,Psalms,Ps,79,Ps 79,yes,53,katameros_cycle; copticchurch_date,annual Sundays by Coptic month/week; Saturday of the sixth week of Great Lent; Sunday of the third week of Great Lent; Great Lent/Jonah/Nineveh cycle,liturgy_psalm; vespers_psalm; Matins; Liturgy; matins_psalm,SundayReadings; Psalm; GreatLentReadings,katameros_cycle | annual Sundays by Coptic month/week | liturgy_psalm | SundayReadings | Ps 79:13 || katameros_cycle | annual Sundays by Coptic month/week | vespers_psalm | SundayReadings | Ps 79:13 || copticchurch_date | Saturday of the sixth week of Great Lent | Matins | Psalm | Ps 79:8 || copticchurch_date | Sunday of the third week of Great Lent | Liturgy | Psalm | Ps 79:8-9 || katameros_cycle | Great Lent/Jonah/Nineveh cycle | liturgy_psalm | GreatLentReadings | Ps 79:8-9
Old Testament,Psalms,Ps,80,Ps 80,yes,130,copticchurch_date; katameros_cycle; pascha_day_hour,Palm Sunday; Great Lent/Jonah/Nineveh cycle; Hator 8; The fourth Sunday of Kiak; fourth Sunday of Christmas Fast; Hatur 8; annual Sundays by Coptic month/week; The first Sunday of Mesra; The fourth Sunday of Toba,Liturgy; liturgy_psalm; Matins,Psalm; GreatLentReadings; AnnualReadings; SundayReadings,copticchurch_date | Palm Sunday | Liturgy | Psalm | Ps 80:1 || katameros_cycle | Great Lent/Jonah/Nineveh cycle | liturgy_psalm | GreatLentReadings | Ps 80:1 || copticchurch_date | Hator 8 | Liturgy | Psalm | Ps 80:1-3 || copticchurch_date | The fourth Sunday of Kiak | Liturgy | Psalm | Ps 80:1-3 || copticchurch_date | fourth Sunday of Christmas Fast | Liturgy | Psalm | Ps 80:1-3
Old Testament,Psalms,Ps,81,Ps 81,yes,52,copticchurch_date; katameros_cycle; special_service,Feast of Nayrouz - (Readings of the First of Tut); Tout 1; Feast of Nayrouz; palm_sunday; Monday of the seventh week of the holy fifty days; Monday of the seventh week of the holy fifty days and the Feast of Entry into Egypt,Liturgy; liturgy_psalm; first_gospel,Psalm; AnnualReadings; psalm,copticchurch_date | Feast of Nayrouz - (Readings of the First of Tut) | Liturgy | Psalm | Ps 81:1 || copticchurch_date | Tout 1 | Liturgy | Psalm | Ps 81:1 || katameros_cycle | Feast of Nayrouz | liturgy_psalm | AnnualReadings | Ps 81:1 || special_service | palm_sunday | first_gospel | psalm | Ps 81:1 || special_service | palm_sunday | first_gospel | psalm | Ps 81:2
Old Testament,Psalms,Ps,82,Ps 82,yes,33,copticchurch_date; katameros_cycle; pascha_day_hour,The first Sunday of Amshir; annual Sundays by Coptic month/week; Holy Fifty Days/Pentecost cycle; Bright Saturday,Vespers; vespers_psalm; liturgy_psalm; Liturgy,Psalm; SundayReadings; PentecostReadings,copticchurch_date | The first Sunday of Amshir | Vespers | Psalm | Ps 82:6 || katameros_cycle | annual Sundays by Coptic month/week | vespers_psalm | SundayReadings | Ps 82:6 || katameros_cycle | Holy Fifty Days/Pentecost cycle | liturgy_psalm | PentecostReadings | Ps 82:6 || copticchurch_date | The first Sunday of Amshir | Vespers | Psalm | Ps 82:8 || katameros_cycle | annual Sundays by Coptic month/week | vespers_psalm | SundayReadings | Ps 82:8
Old Testament,Psalms,Ps,83,Ps 83,yes,10,pascha_day_hour; copticchurch_date; katameros_cycle,Wednesday; The second Sunday of Toba; annual Sundays by Coptic month/week,Sixth Hour; Liturgy; liturgy_psalm,Psalm; SundayReadings,"pascha_day_hour | Wednesday | Sixth Hour | Psalm | Ps 83:2,83:5 || copticchurch_date | The second Sunday of Toba | Liturgy | Psalm | Ps 83:7 || katameros_cycle | annual Sundays by Coptic month/week | liturgy_psalm | SundayReadings | Ps 83:7"
Old Testament,Psalms,Ps,84,Ps 84,yes,67,agpeya; special_service; copticchurch_date; katameros_cycle,daily_hours; palm_sunday; Tuesday of Ninevah's Fast; Tout 16; Baramhat 28; Bashans 9; Tut 16; The fourth Sunday of Paona; annual Sundays by Coptic month/week,Sixth Hour (Sext); procession_station_09_northern_door; Liturgy; Vespers; vespers_psalm,psalm; Psalm; AnnualReadings; SundayReadings,agpeya | daily_hours | Sixth Hour (Sext) | psalm | Ps 84 || special_service | palm_sunday | procession_station_09_northern_door | psalm | Ps 84:1-2 || copticchurch_date | Tuesday of Ninevah's Fast | Liturgy | Psalm | Ps 84:2-3 || copticchurch_date | Tout 16 | Vespers | Psalm | Ps 84:3-4 || katameros_cycle | Baramhat 28 | vespers_psalm | AnnualReadings | Ps 84:3-4
Old Testament,Psalms,Ps,85,Ps 85,yes,68,agpeya; special_service; copticchurch_date; katameros_cycle,daily_hours; altar_consecration; The third Sunday of Kiak; third Sunday of Christmas Fast; annual Sundays by Coptic month/week; The fourth Sunday of Abib,Sixth Hour (Sext); part_3; Liturgy; liturgy_psalm; Matins; matins_psalm,psalm; Psalm; SundayReadings,agpeya | daily_hours | Sixth Hour (Sext) | psalm | Ps 85 || special_service | altar_consecration | part_3 | psalm | Ps 85 || copticchurch_date | The third Sunday of Kiak | Liturgy | Psalm | Ps 85:10-11 || copticchurch_date | third Sunday of Christmas Fast | Liturgy | Psalm | Ps 85:10-11 || katameros_cycle | annual Sundays by Coptic month/week | liturgy_psalm | SundayReadings | Ps 85:10-11
Old Testament,Psalms,Ps,86,Ps 86,yes,251,agpeya; copticchurch_date; katameros_cycle,midnight_prayer; daily_hours; optional_prayers; Friday of the third week of the holy fifty days; The fourth Sunday of Hator; annual Sundays by Coptic month/week; Holy Fifty Days/Pentecost cycle; Monday of the seventh week of Great Lent; Great Lent/Jonah/Nineveh cycle; Wednesday of the fifth week of Great Lent; Thursday of the fifth week of Great Lent; The third Sunday of Hator (+4 more),Midnight Prayer - First Watch; Sixth Hour (Sext); Veil Prayer; Liturgy; Vespers; vespers_psalm; liturgy_psalm; matins_psalm; Matins,psalm; Psalm; SundayReadings; PentecostReadings; GreatLentReadings,agpeya | midnight_prayer | Midnight Prayer - First Watch | psalm | Ps 86 || agpeya | daily_hours | Sixth Hour (Sext) | psalm | Ps 86 || agpeya | optional_prayers | Veil Prayer | psalm | Ps 86 || copticchurch_date | Friday of the third week of the holy fifty days | Liturgy | Psalm | Ps 86:10 || copticchurch_date | The fourth Sunday of Hator | Vespers | Psalm | Ps 86:10
Old Testament,Psalms,Ps,87,Ps 87,yes,145,agpeya; copticchurch_date; katameros_cycle; special_service,daily_hours; Transfiguration; Baramhat 21; Mesra 13; Bashans 1; Baunah 21; Kiyahk 3; Mesra 16; Tubah 21; Fast of Nineveh; Kiak 3; Mesra 16 (St Mary's Feast) (+6 more),Sixth Hour (Sext); Liturgy; liturgy_psalm; vespers_psalm; Vespers; procession_station_02_holy_virgin_st_mary,psalm; Psalm; AnnualReadings; SundayReadings,agpeya | daily_hours | Sixth Hour (Sext) | psalm | Ps 87 || copticchurch_date | Transfiguration | Liturgy | Psalm | Ps 87:1 || katameros_cycle | Baramhat 21 | liturgy_psalm | AnnualReadings | Ps 87:1 || katameros_cycle | Mesra 13 | liturgy_psalm | AnnualReadings | Ps 87:1 || copticchurch_date | Transfiguration | Liturgy | Psalm | Ps 87:2
Old Testament,Psalms,Ps,88,Ps 88,yes,85,pascha_source_text; copticchurch_date; katameros_cycle; bright_saturday_service_order; pascha_day_hour,Good Friday; Sunday of the third week of Great Lent; The second Sunday of Mesra; Great Lent/Jonah/Nineveh cycle; The fourth Sunday of Mesra; annual Sundays by Coptic month/week; Lazarus Saturday of Great Lent; Monday of the fifth week of Great Lent; MATINS / RAISING OF INCENSE,Twelfth Hour; Vespers; Matins; vespers_psalm; Liturgy; matins_psalm,Psalm; GreatLentReadings; SundayReadings,"pascha_source_text | Good Friday | Twelfth Hour | Psalm | Ps 23:4,88:6 || copticchurch_date | Sunday of the third week of Great Lent | Vespers | Psalm | Ps 88:1-2 || copticchurch_date | The second Sunday of Mesra | Matins | Psalm | Ps 88:1-2 || katameros_cycle | Great Lent/Jonah/Nineveh cycle | vespers_psalm | GreatLentReadings | Ps 88:1-2 || copticchurch_date | The fourth Sunday of Mesra | Liturgy | Psalm | Ps 88:11-12"
Old Testament,Psalms,Ps,89,Ps 89,yes,803,copticchurch_date; katameros_cycle; special_service,The fourth Sunday of Amshir; The third Sunday of Amshir; annual Sundays by Coptic month/week; The fourth Sunday of Mesra; The second Sunday of Mesra; Abib 15; Amshir 9; Bashons 21; Bashons 29; Great Lent; Kiak 17; Mesra 3 (+79 more),Matins; Liturgy; liturgy_psalm; matins_psalm; Vespers; vespers_psalm; liturgy,Psalm; SundayReadings; AnnualReadings; psalm; PentecostReadings,copticchurch_date | The fourth Sunday of Amshir | Matins | Psalm | Ps 89:1 || copticchurch_date | The third Sunday of Amshir | Liturgy | Psalm | Ps 89:1 || katameros_cycle | annual Sundays by Coptic month/week | liturgy_psalm | SundayReadings | Ps 89:1 || katameros_cycle | annual Sundays by Coptic month/week | matins_psalm | SundayReadings | Ps 89:1 || copticchurch_date | The fourth Sunday of Mesra | Matins | Psalm | Ps 89:1-2
Old Testament,Psalms,Ps,90,Ps 90,yes,50,katameros_cycle; copticchurch_date,annual Sundays by Coptic month/week; Thursday of the second week of the holy fifty days; Holy Fifty Days/Pentecost cycle; The first Sunday of Hator,matins_psalm; Vespers; vespers_psalm; Liturgy,SundayReadings; Psalm; PentecostReadings,katameros_cycle | annual Sundays by Coptic month/week | matins_psalm | SundayReadings | Ps 90:1-2 || copticchurch_date | Thursday of the second week of the holy fifty days | Vespers | Psalm | Ps 90:14 || katameros_cycle | Holy Fifty Days/Pentecost cycle | vespers_psalm | PentecostReadings | Ps 90:14 || copticchurch_date | The first Sunday of Hator | Liturgy | Psalm | Ps 90:5 || copticchurch_date | The first Sunday of Hator | Liturgy | Psalm | Ps 90:7
Old Testament,Psalms,Ps,91,Ps 91,yes,174,agpeya; copticchurch_date; katameros_cycle; pascha_day_hour,midnight_prayer; daily_hours; optional_prayers; Abib 20; Amshir 25; Amshir 28; Baba 15; Baba 19; Great Lent; Paona 6; Babah 15; Babah 19 (+11 more),Midnight Prayer - First Watch; Sixth Hour (Sext); Veil Prayer; Liturgy; liturgy_psalm; Matins; matins_psalm; Sixth Hour,psalm; Psalm; AnnualReadings; PentecostReadings,agpeya | midnight_prayer | Midnight Prayer - First Watch | psalm | Ps 91 || agpeya | daily_hours | Sixth Hour (Sext) | psalm | Ps 91 || agpeya | optional_prayers | Veil Prayer | psalm | Ps 91 || copticchurch_date | Abib 20 | Liturgy | Psalm | Ps 91:11 || copticchurch_date | Amshir 25 | Liturgy | Psalm | Ps 91:11
Old Testament,Psalms,Ps,92,Ps 92,yes,463,copticchurch_date; katameros_cycle,Amshir 15; Fast of Nineveh; Hator 16 of Christmas Fast; Kiak 11; Kiak 2; Paona 16; Paona 30; Toba 17; Tout 2; Baunah 16; Baunah 30; Hatur 16 (+8 more),Matins; matins_psalm; Liturgy; liturgy_psalm; Vespers; vespers_psalm,Psalm; AnnualReadings; SundayReadings; PentecostReadings,copticchurch_date | Amshir 15 | Matins | Psalm | Ps 92:10 || copticchurch_date | Fast of Nineveh | Matins | Psalm | Ps 92:10 || copticchurch_date | Hator 16 of Christmas Fast | Matins | Psalm | Ps 92:10 || copticchurch_date | Kiak 11 | Matins | Psalm | Ps 92:10 || copticchurch_date | Kiak 2 | Matins | Psalm | Ps 92:10
Old Testament,Psalms,Ps,93,Ps 93,yes,32,agpeya; special_service; copticchurch_date; katameros_cycle,daily_hours; altar_consecration; The first Sunday of Toba; annual Sundays by Coptic month/week; The fifth Sunday of Abib; The fifth Sunday of Bashons; The fifth Sunday of Mesra; The fifth Sunday of Paona,Sixth Hour (Sext); part_3; Matins; matins_psalm; vespers_psalm; Vespers,psalm; Psalm; SundayReadings,agpeya | daily_hours | Sixth Hour (Sext) | psalm | Ps 93 || special_service | altar_consecration | part_3 | psalm | Ps 93 || copticchurch_date | The first Sunday of Toba | Matins | Psalm | Ps 93:1-2 || katameros_cycle | annual Sundays by Coptic month/week | matins_psalm | SundayReadings | Ps 93:1-2 || katameros_cycle | annual Sundays by Coptic month/week | vespers_psalm | SundayReadings | Ps 93:3
Old Testament,Psalms,Ps,94,Ps 94,yes,1,pascha_day_hour,Great Thursday,Third Hour,Psalm,"pascha_day_hour | Great Thursday | Third Hour | Psalm | Ps 94:21,94:23"
Old Testament,Psalms,Ps,95,Ps 95,yes,47,copticchurch_date; katameros_cycle,Saturday of the week before Great Lent; Great Lent/Jonah/Nineveh cycle; The fourth Sunday of Kiak; fourth Sunday of Christmas Fast,Liturgy; liturgy_psalm; Matins,Psalm; GreatLentReadings,copticchurch_date | Saturday of the week before Great Lent | Liturgy | Psalm | Ps 95:1 || katameros_cycle | Great Lent/Jonah/Nineveh cycle | liturgy_psalm | GreatLentReadings | Ps 95:1-2 || copticchurch_date | The fourth Sunday of Kiak | Matins | Psalm | Ps 95:10-12 || copticchurch_date | fourth Sunday of Christmas Fast | Matins | Psalm | Ps 95:10-12 || copticchurch_date | Saturday of the week before Great Lent | Liturgy | Psalm | Ps 95:2
Old Testament,Psalms,Ps,96,Ps 96,yes,350,agpeya; copticchurch_date; katameros_cycle,daily_hours; Abib 2; Abib 9; Baba 30; Bashons 23; Hator 20; Paona 27; Thomas Sunday; Feast of Nayrouz - (Readings of the First of Tut); Tout 1; Babah 30; Barmuda 30 (+19 more),Ninth Hour (None); Liturgy; Matins; Vespers; liturgy_psalm; vespers_psalm; matins_psalm,psalm; Psalm; AnnualReadings; PentecostReadings; SundayReadings,agpeya | daily_hours | Ninth Hour (None) | psalm | Ps 96 || copticchurch_date | Abib 2 | Liturgy | Psalm | Ps 96:1 || copticchurch_date | Abib 9 | Liturgy | Psalm | Ps 96:1 || copticchurch_date | Baba 30 | Liturgy | Psalm | Ps 96:1 || copticchurch_date | Bashons 23 | Liturgy | Psalm | Ps 96:1
Old Testament,Psalms,Ps,97,Ps 97,yes,623,agpeya; copticchurch_date; special_service; katameros_cycle,daily_hours; optional_prayers; Monday of the first week of the holy fifty days; pentecost_prostration; The second Sunday of Toba; annual Sundays by Coptic month/week; Holy Fifty Days/Pentecost cycle; Abib 27; Hator 7; Mesra 23; Mesra 27; Paona 19 (+54 more),Ninth Hour (None); Veil Prayer; Matins; main_readings; matins_psalm; Liturgy; liturgy_psalm; procession_station_07_st_george; Vespers; vespers_psalm,psalm; Psalm; SundayReadings; PentecostReadings; AnnualReadings,agpeya | daily_hours | Ninth Hour (None) | psalm | Ps 97 || agpeya | optional_prayers | Veil Prayer | psalm | Ps 97 || copticchurch_date | Monday of the first week of the holy fifty days | Matins | Psalm | Ps 97:1 || special_service | pentecost_prostration | main_readings | psalm | Ps 97:1 || copticchurch_date | The second Sunday of Toba | Matins | Psalm | Ps 97:1-2
Old Testament,Psalms,Ps,98,Ps 98,yes,123,agpeya; copticchurch_date; katameros_cycle,daily_hours; Feast of Nayrouz - (Readings of the First of Tut); Thomas Sunday; Tout 1; Feast of Nayrouz; Holy Fifty Days/Pentecost cycle; Friday of the sixth week of the holy fifty days; The first Sunday of Toba; annual Sundays by Coptic month/week; The second Sunday of Toba; Friday of the seventh week of Great Lent; Great Lent/Jonah/Nineveh cycle,Ninth Hour (None); Matins; Liturgy; matins_psalm; liturgy_psalm; Vespers; vespers_psalm,psalm; Psalm; AnnualReadings; PentecostReadings; SundayReadings; GreatLentReadings,agpeya | daily_hours | Ninth Hour (None) | psalm | Ps 98 || copticchurch_date | Feast of Nayrouz - (Readings of the First of Tut) | Matins | Psalm | Ps 98:1 || copticchurch_date | Thomas Sunday | Liturgy | Psalm | Ps 98:1 || copticchurch_date | Tout 1 | Matins | Psalm | Ps 98:1 || katameros_cycle | Feast of Nayrouz | matins_psalm | AnnualReadings | Ps 98:1
Old Testament,Psalms,Ps,99,Ps 99,yes,558,agpeya; katameros_cycle; copticchurch_date,"daily_hours; Holy Fifty Days/Pentecost cycle; Sunday, Tout 18 (Feast of the Cross); Tout 18 (Feast of the Cross); Tut 18; Abib 10; Abib 13; Abib 26; Amshir 22; Amshir 24; Amshir 26; Baba 21 (+70 more)",Ninth Hour (None); vespers_psalm; Vespers; Liturgy; liturgy_psalm,psalm; PentecostReadings; Psalm; AnnualReadings,"agpeya | daily_hours | Ninth Hour (None) | psalm | Ps 99 || katameros_cycle | Holy Fifty Days/Pentecost cycle | vespers_psalm | PentecostReadings | Ps 99:1-2 || copticchurch_date | Sunday, Tout 18 (Feast of the Cross) | Vespers | Psalm | Ps 99:5 || copticchurch_date | Tout 18 (Feast of the Cross) | Vespers | Psalm | Ps 99:5 || katameros_cycle | Tut 18 | vespers_psalm | AnnualReadings | Ps 99:5"
Old Testament,Psalms,Ps,100,Ps 100,yes,65,agpeya; copticchurch_date; katameros_cycle,daily_hours; Thursday of the third week of the holy fifty days; Sunday of the week before Great Lent; Great Lent/Jonah/Nineveh cycle; The fourth Sunday of Hator; annual Sundays by Coptic month/week,Ninth Hour (None); Vespers; Matins; matins_psalm; Liturgy; liturgy_psalm,psalm; Psalm; GreatLentReadings; SundayReadings,agpeya | daily_hours | Ninth Hour (None) | psalm | Ps 100 || copticchurch_date | Thursday of the third week of the holy fifty days | Vespers | Psalm | Ps 100:1-4 || copticchurch_date | Sunday of the week before Great Lent | Matins | Psalm | Ps 100:2 || katameros_cycle | Great Lent/Jonah/Nineveh cycle | matins_psalm | GreatLentReadings | Ps 100:2-3 || copticchurch_date | Sunday of the week before Great Lent | Matins | Psalm | Ps 100:3
Old Testament,Psalms,Ps,101,Ps 101,yes,77,agpeya; copticchurch_date; katameros_cycle,daily_hours; Sunday of the fifth week of Great Lent; Holy Fifty Days/Pentecost cycle; Mesra 30; Thursday of the third week of the holy fifty days,Ninth Hour (None); Matins; vespers_psalm; matins_psalm,psalm; Psalm; PentecostReadings; AnnualReadings,agpeya | daily_hours | Ninth Hour (None) | psalm | Ps 101 || copticchurch_date | Sunday of the fifth week of Great Lent | Matins | Psalm | Ps 101:1 || katameros_cycle | Holy Fifty Days/Pentecost cycle | vespers_psalm | PentecostReadings | Ps 101:1 || copticchurch_date | Sunday of the fifth week of Great Lent | Matins | Psalm | Ps 101:12 || copticchurch_date | Sunday of the fifth week of Great Lent | Matins | Psalm | Ps 101:2
Old Testament,Psalms,Ps,102,Ps 102,yes,429,katameros_cycle; pascha_source_text; special_service; copticchurch_date,Great Lent/Jonah/Nineveh cycle; Good Friday Eve; Wednesday Eve; home_blessing; unction_of_the_sick; The first Sunday of Nasie; Wednesday of Ninevah's Fast; annual Sundays by Coptic month/week; Amshir 16; Great Lent; Kiak 13; Mesra 7 (+8 more),matins_psalm; First Hour; Sixth Hour; main_readings; second_prayer; Matins; Liturgy; liturgy_psalm,GreatLentReadings; Psalm; psalm; SundayReadings; AnnualReadings,"katameros_cycle | Great Lent/Jonah/Nineveh cycle | matins_psalm | GreatLentReadings | Ps 102:1 || pascha_source_text | Good Friday Eve | First Hour | Psalm | Ps 102:1,102:8 || pascha_source_text | Wednesday Eve | Sixth Hour | Psalm | Ps 102:1-2 || special_service | home_blessing | main_readings | psalm | Ps 102:1-2 || special_service | unction_of_the_sick | second_prayer | psalm | Ps 102:1-2"
Old Testament,Psalms,Ps,103,Ps 103,yes,29,katameros_cycle; copticchurch_date; special_service,annual Sundays by Coptic month/week; Hator 12; Paona 12; Baunah 12; Hatur 12; palm_sunday,liturgy_psalm; Liturgy; procession_station_04_archangel_michael,SundayReadings; Psalm; AnnualReadings; psalm,katameros_cycle | annual Sundays by Coptic month/week | liturgy_psalm | SundayReadings | Ps 103:10 || katameros_cycle | annual Sundays by Coptic month/week | liturgy_psalm | SundayReadings | Ps 103:16 || copticchurch_date | Hator 12 | Liturgy | Psalm | Ps 103:20-21 || copticchurch_date | Paona 12 | Liturgy | Psalm | Ps 103:20-21 || katameros_cycle | Baunah 12 | liturgy_psalm | AnnualReadings | Ps 103:20-21
Old Testament,Psalms,Ps,104,Ps 104,yes,296,copticchurch_date; katameros_cycle; special_service,Mesra 25; The Second Day of Feast of Epiphany; Tubah 12; The second Sunday of Hator; annual Sundays by Coptic month/week; Wedding of Cana; Tubah 13; Baba 6; Monday of the first week of the holy fifty days; Holy Fifty Days/Pentecost cycle; Hator 12; Paona 12 (+7 more),Liturgy; liturgy_psalm; Vespers; vespers_psalm; Matins; matins_psalm; procession_station_01_main_sanctuary,Psalm; AnnualReadings; SundayReadings; PentecostReadings; psalm,copticchurch_date | Mesra 25 | Liturgy | Psalm | Ps 104:1 || copticchurch_date | The Second Day of Feast of Epiphany | Liturgy | Psalm | Ps 104:1 || katameros_cycle | Mesra 25 | liturgy_psalm | AnnualReadings | Ps 104:1 || katameros_cycle | Tubah 12 | liturgy_psalm | AnnualReadings | Ps 104:1-2 || copticchurch_date | The second Sunday of Hator | Liturgy | Psalm | Ps 104:10
Old Testament,Psalms,Ps,105,Ps 105,yes,1172,copticchurch_date; katameros_cycle,Nasie 2; Al-Nasi 2; Abib 2; Abib 9; Amshir 4; Baba 22; Baba 30; Bashons 23; Hator 20; Kiak 18; Paona 27; Tuesday of the first week of the holy fifty days (+49 more),Liturgy; liturgy_psalm; Matins; Vespers; matins_psalm; vespers_psalm,Psalm; AnnualReadings; PentecostReadings; GreatLentReadings,copticchurch_date | Nasie 2 | Liturgy | Psalm | Ps 105:1 || katameros_cycle | Al-Nasi 2 | liturgy_psalm | AnnualReadings | Ps 105:1 || copticchurch_date | Abib 2 | Matins | Psalm | Ps 105:1-3 || copticchurch_date | Abib 9 | Matins | Psalm | Ps 105:1-3 || copticchurch_date | Amshir 4 | Vespers | Psalm | Ps 105:1-3
Old Testament,Psalms,Ps,106,Ps 106,yes,174,copticchurch_date; katameros_cycle,Saturday of the third week of the holy fifty days; Wednesday of the first week of the holy fifty days; Holy Fifty Days/Pentecost cycle; Entrance into Egypt; Paona 8; Feast of St. Joseph the Carpenter; Bashans 24; Baunah 8; Thursday of the first week of the holy fifty days; Friday of the first week of the holy fifty days,Matins; Liturgy; liturgy_psalm; matins_psalm,Psalm; PentecostReadings; AnnualReadings,copticchurch_date | Saturday of the third week of the holy fifty days | Matins | Psalm | Ps 106:1 || copticchurch_date | Wednesday of the first week of the holy fifty days | Liturgy | Psalm | Ps 106:1 || katameros_cycle | Holy Fifty Days/Pentecost cycle | liturgy_psalm | PentecostReadings | Ps 106:1-2 || copticchurch_date | Saturday of the third week of the holy fifty days | Matins | Psalm | Ps 106:2 || copticchurch_date | Wednesday of the first week of the holy fifty days | Liturgy | Psalm | Ps 106:2
Old Testament,Psalms,Ps,107,Ps 107,yes,1069,copticchurch_date; katameros_cycle,Friday of the first week of the holy fifty days; Holy Fifty Days/Pentecost cycle; Saturday of the seventh week of the holy fifty days; Saturday of the second week of the holy fifty days; Abib 14; Abib 3; Amshir 11; Amshir 20; Baba 11; Baba 16; Baba 17; Baba 18 (+47 more),Liturgy; liturgy_psalm; matins_psalm; Vespers; vespers_psalm; Matins,Psalm; PentecostReadings; AnnualReadings,copticchurch_date | Friday of the first week of the holy fifty days | Liturgy | Psalm | Ps 107:1 || katameros_cycle | Holy Fifty Days/Pentecost cycle | liturgy_psalm | PentecostReadings | Ps 107:1-2 || katameros_cycle | Holy Fifty Days/Pentecost cycle | matins_psalm | PentecostReadings | Ps 107:1-2 || copticchurch_date | Friday of the first week of the holy fifty days | Liturgy | Psalm | Ps 107:2 || copticchurch_date | Saturday of the seventh week of the holy fifty days | Vespers | Psalm | Ps 107:2-3
Old Testament,Psalms,Ps,108,Ps 108,yes,34,pascha_day_hour; copticchurch_date; katameros_cycle,Great Thursday Eve; Saturday of the seventh week of the holy fifty days; Holy Fifty Days/Pentecost cycle,Third Hour; Liturgy; liturgy_psalm,Psalm; PentecostReadings,pascha_day_hour | Great Thursday Eve | Third Hour | Psalm | Ps 108:1-2 || copticchurch_date | Saturday of the seventh week of the holy fifty days | Liturgy | Psalm | Ps 108:3 || katameros_cycle | Holy Fifty Days/Pentecost cycle | liturgy_psalm | PentecostReadings | Ps 108:3-4 || copticchurch_date | Saturday of the seventh week of the holy fifty days | Liturgy | Psalm | Ps 108:4
Old Testament,Psalms,Ps,109,Ps 109,no,0,,,,,
Old Testament,Psalms,Ps,110,Ps 110,yes,1424,agpeya; copticchurch_date; katameros_cycle,daily_hours; optional_prayers; Friday of the sixth week of the holy fifty days; Holy Fifty Days/Pentecost cycle; Christmas Paramoune; Kiyahk 28; Amshir 11; Amshir 14; Amshir 20; Amshir 27; Baba 16; Baba 18 (+81 more),Ninth Hour (None); Veil Prayer; Matins; matins_psalm; Liturgy; liturgy_psalm; vespers_psalm; Vespers,psalm; Psalm; PentecostReadings; AnnualReadings,agpeya | daily_hours | Ninth Hour (None) | psalm | Ps 110 || agpeya | optional_prayers | Veil Prayer | psalm | Ps 110 || copticchurch_date | Friday of the sixth week of the holy fifty days | Matins | Psalm | Ps 110:1 || katameros_cycle | Holy Fifty Days/Pentecost cycle | matins_psalm | PentecostReadings | Ps 110:1-2 || copticchurch_date | Friday of the sixth week of the holy fifty days | Matins | Psalm | Ps 110:2
Old Testament,Psalms,Ps,111,Ps 111,yes,86,agpeya; copticchurch_date; katameros_cycle,daily_hours; Saturday of the second week of the holy fifty days; Holy Fifty Days/Pentecost cycle; Sunday of the second week of the holy fifty days,Ninth Hour (None); Matins; vespers_psalm; Vespers; matins_psalm; Liturgy; liturgy_psalm,psalm; Psalm; PentecostReadings,agpeya | daily_hours | Ninth Hour (None) | psalm | Ps 111 || copticchurch_date | Saturday of the second week of the holy fifty days | Matins | Psalm | Ps 111:1 || katameros_cycle | Holy Fifty Days/Pentecost cycle | vespers_psalm | PentecostReadings | Ps 111:1 || copticchurch_date | Sunday of the second week of the holy fifty days | Vespers | Psalm | Ps 111:1-2 || katameros_cycle | Holy Fifty Days/Pentecost cycle | matins_psalm | PentecostReadings | Ps 111:1-2
Old Testament,Psalms,Ps,112,Ps 112,yes,303,agpeya; copticchurch_date; katameros_cycle,daily_hours; Amshir 1; Amshir 5; Baba 27; Great Lent; Hator 3; Hator 9; Mesra 8; Toba 9; Tout 12; Abib 14; Abib 8 (+24 more),Ninth Hour (None); Matins; Vespers; vespers_psalm; matins_psalm,psalm; Psalm; AnnualReadings; PentecostReadings,agpeya | daily_hours | Ninth Hour (None) | psalm | Ps 112 || copticchurch_date | Amshir 1 | Matins | Psalm | Ps 112:1-2 || copticchurch_date | Amshir 5 | Vespers | Psalm | Ps 112:1-2 || copticchurch_date | Baba 27 | Vespers | Psalm | Ps 112:1-2 || copticchurch_date | Great Lent | Vespers | Psalm | Ps 112:1-2
Old Testament,Psalms,Ps,113,Ps 113,yes,235,agpeya; copticchurch_date; katameros_cycle,daily_hours; Toba 3; Abib 19; Abib 30; Abib 8; Amshir 7; Fast of Nineveh; Hator 11; Hator 22; Hator 26; Mesra 20; Paona 10 (+21 more),First Hour (Prime / Morning Prayer); Ninth Hour (None); Liturgy; Matins; matins_psalm; liturgy_psalm,psalm; Psalm; AnnualReadings; SundayReadings,agpeya | daily_hours | First Hour (Prime / Morning Prayer) | psalm | Ps 113 || agpeya | daily_hours | Ninth Hour (None) | psalm | Ps 113 || copticchurch_date | Toba 3 | Liturgy | Psalm | Ps 113:1 || copticchurch_date | Abib 19 | Matins | Psalm | Ps 113:1-2 || copticchurch_date | Abib 30 | Matins | Psalm | Ps 113:1-2
Old Testament,Psalms,Ps,114,Ps 114,yes,2,special_service,liturgy_of_the_waters,main_readings,psalm,special_service | liturgy_of_the_waters | main_readings | psalm | Ps 114:3 || special_service | liturgy_of_the_waters | main_readings | psalm | Ps 114:5
Old Testament,Psalms,Ps,115,Ps 115,yes,43,copticchurch_date; katameros_cycle; special_service,Amshir 7; Fast of Nineveh; Sunday of the third week of the holy fifty days; Toba 3; Tubah 3; Holy Fifty Days/Pentecost cycle; pentecost_prostration,Vespers; Liturgy; vespers_psalm; liturgy_psalm; main_readings,Psalm; AnnualReadings; PentecostReadings; psalm,copticchurch_date | Amshir 7 | Vespers | Psalm | Ps 115:12-13 || copticchurch_date | Fast of Nineveh | Vespers | Psalm | Ps 115:12-13 || copticchurch_date | Sunday of the third week of the holy fifty days | Liturgy | Psalm | Ps 115:12-13 || copticchurch_date | Toba 3 | Vespers | Psalm | Ps 115:12-13 || katameros_cycle | Tubah 3 | vespers_psalm | AnnualReadings | Ps 115:12-13
Old Testament,Psalms,Ps,116,Ps 116,yes,136,copticchurch_date; katameros_cycle; agpeya; special_service,Tuesday of the sixth week of the holy fifty days; Sunday of the third week of the holy fifty days; Holy Fifty Days/Pentecost cycle; daily_hours; optional_prayers; Nasie 4; Al-Nasi 4; Circumcision of our Lord; Entrance into the Temple; Amshir 8; Tubah 6; funeral (+2 more),Liturgy; Vespers; vespers_psalm; liturgy_psalm; Ninth Hour (None); Veil Prayer; Matins; matins_psalm; part_4; part_2,Psalm; PentecostReadings; psalm; AnnualReadings; GreatLentReadings,copticchurch_date | Tuesday of the sixth week of the holy fifty days | Liturgy | Psalm | Ps 116:1 || copticchurch_date | Sunday of the third week of the holy fifty days | Vespers | Psalm | Ps 116:1-2 || katameros_cycle | Holy Fifty Days/Pentecost cycle | vespers_psalm | PentecostReadings | Ps 116:1-2 || katameros_cycle | Holy Fifty Days/Pentecost cycle | liturgy_psalm | PentecostReadings | Ps 116:1-2 || agpeya | daily_hours | Ninth Hour (None) | psalm | Ps 116:1-9
Old Testament,Psalms,Ps,117,Ps 117,yes,48,agpeya; copticchurch_date,daily_hours; midnight_prayer; Sunday of the fourth week of the holy fifty days; Thursday of the first week of Great Lent,Eleventh Hour (Vespers); Midnight Prayer - First Watch; Vespers; Liturgy,psalm; Psalm,agpeya | daily_hours | Eleventh Hour (Vespers) | psalm | Ps 117 || agpeya | midnight_prayer | Midnight Prayer - First Watch | psalm | Ps 117 || copticchurch_date | Sunday of the fourth week of the holy fifty days | Vespers | Psalm | Ps 117:1-2 || copticchurch_date | Thursday of the first week of Great Lent | Liturgy | Psalm | Ps 117:14 || copticchurch_date | Thursday of the first week of Great Lent | Liturgy | Psalm | Ps 117:18
Old Testament,Psalms,Ps,118,Ps 118,yes,461,agpeya; copticchurch_date; katameros_cycle; special_service; pascha_day_hour,"daily_hours; midnight_prayer; The second Sunday of Abib; Tuesday of the fifth week of the holy fifty days; Tuesday of the fifth week of the holy fifty days and the Feast of Entry into Egypt; Holy Fifty Days/Pentecost cycle; Great Lent/Jonah/Nineveh cycle; Sunday of the fourth week of the holy fifty days; Monday of the fifth week of the holy fifty days; Sunday, Tout 18 (Feast of the Cross); Tout 18 (Feast of the Cross); Tut 18 (+11 more)",Eleventh Hour (Vespers); Midnight Prayer - First Watch; Liturgy; Vespers; vespers_psalm; liturgy_psalm; Matins; matins_psalm; procession_station_11_southern_door; vespers,psalm; Psalm; PentecostReadings; GreatLentReadings; AnnualReadings,agpeya | daily_hours | Eleventh Hour (Vespers) | psalm | Ps 118 || agpeya | midnight_prayer | Midnight Prayer - First Watch | psalm | Ps 118 || copticchurch_date | The second Sunday of Abib | Liturgy | Psalm | Ps 118:1-2 || copticchurch_date | Tuesday of the fifth week of the holy fifty days | Vespers | Psalm | Ps 118:1-2 || copticchurch_date | Tuesday of the fifth week of the holy fifty days and the Feast of Entry into Egypt | Vespers | Psalm | Ps 118:1-2
Old Testament,Psalms,Ps,119,Ps 119,yes,397,agpeya; katameros_cycle; copticchurch_date; pascha_source_text,midnight_prayer; annual Sundays by Coptic month/week; Saturday of the first week of the holy fifty days; Holy Fifty Days/Pentecost cycle; Monday of the fourth week of the holy fifty days; The first Sunday of Amshir; Toba 3; Wednesday of the seventh week of the holy fifty days; Tubah 3; Friday of the fifth week of the holy fifty days; Friday of the fifth week of the holy fifty days and the Feast of Entry into Egypt; The second Sunday of Mesra (+13 more),Midnight Prayer - First Watch; liturgy_psalm; Vespers; vespers_psalm; Liturgy; Matins; matins_psalm; Third Hour; Veil Prayer,psalm; SundayReadings; Psalm; PentecostReadings; AnnualReadings; GreatLentReadings,agpeya | midnight_prayer | Midnight Prayer - First Watch | psalm | Ps 119 || katameros_cycle | annual Sundays by Coptic month/week | liturgy_psalm | SundayReadings | Ps 119:1-2 || copticchurch_date | Saturday of the first week of the holy fifty days | Vespers | Psalm | Ps 119:10-11 || katameros_cycle | Holy Fifty Days/Pentecost cycle | vespers_psalm | PentecostReadings | Ps 119:10-11 || copticchurch_date | Monday of the fourth week of the holy fifty days | Liturgy | Psalm | Ps 119:105
Old Testament,Psalms,Ps,120,Ps 120,yes,3,agpeya; pascha_day_hour,daily_hours; midnight_prayer; Tuesday,Eleventh Hour (Vespers); Midnight Prayer - Second Watch; First Hour,psalm; Psalm,"agpeya | daily_hours | Eleventh Hour (Vespers) | psalm | Ps 120 || agpeya | midnight_prayer | Midnight Prayer - Second Watch | psalm | Ps 120 || pascha_day_hour | Tuesday | First Hour | Psalm | Ps 120:2,120:6-7"
Old Testament,Psalms,Ps,121,Ps 121,yes,3,agpeya,daily_hours; midnight_prayer; optional_prayers,Eleventh Hour (Vespers); Midnight Prayer - Second Watch; Veil Prayer,psalm,agpeya | daily_hours | Eleventh Hour (Vespers) | psalm | Ps 121 || agpeya | midnight_prayer | Midnight Prayer - Second Watch | psalm | Ps 121 || agpeya | optional_prayers | Veil Prayer | psalm | Ps 121
Old Testament,Psalms,Ps,122,Ps 122,yes,26,agpeya; copticchurch_date; katameros_cycle; pascha_day_hour; special_service,daily_hours; midnight_prayer; Thursday of the seventh week of Great Lent; Great Lent/Jonah/Nineveh cycle; Monday; Tuesday; cornerstone_prayer; church_consecration; Monday Eve; Tuesday Eve,Eleventh Hour (Vespers); Midnight Prayer - Second Watch; Liturgy; liturgy_psalm; Third Hour; foundation_cornerstone; part_1; Eleventh Hour; Sixth Hour,psalm; Psalm; GreatLentReadings,agpeya | daily_hours | Eleventh Hour (Vespers) | psalm | Ps 122 || agpeya | midnight_prayer | Midnight Prayer - Second Watch | psalm | Ps 122 || copticchurch_date | Thursday of the seventh week of Great Lent | Liturgy | Psalm | Ps 122:1-2 || katameros_cycle | Great Lent/Jonah/Nineveh cycle | liturgy_psalm | GreatLentReadings | Ps 122:1-2 || pascha_day_hour | Monday | Third Hour | Psalm | Ps 122:1-2
Old Testament,Psalms,Ps,123,Ps 123,yes,2,agpeya,daily_hours; midnight_prayer,Eleventh Hour (Vespers); Midnight Prayer - Second Watch,psalm,agpeya | daily_hours | Eleventh Hour (Vespers) | psalm | Ps 123 || agpeya | midnight_prayer | Midnight Prayer - Second Watch | psalm | Ps 123
Old Testament,Psalms,Ps,124,Ps 124,yes,2,agpeya,daily_hours; midnight_prayer,Eleventh Hour (Vespers); Midnight Prayer - Second Watch,psalm,agpeya | daily_hours | Eleventh Hour (Vespers) | psalm | Ps 124 || agpeya | midnight_prayer | Midnight Prayer - Second Watch | psalm | Ps 124
Old Testament,Psalms,Ps,125,Ps 125,yes,2,agpeya,daily_hours; midnight_prayer,Eleventh Hour (Vespers); Midnight Prayer - Second Watch,psalm,agpeya | daily_hours | Eleventh Hour (Vespers) | psalm | Ps 125 || agpeya | midnight_prayer | Midnight Prayer - Second Watch | psalm | Ps 125
Old Testament,Psalms,Ps,126,Ps 126,yes,2,agpeya,daily_hours; midnight_prayer,Eleventh Hour (Vespers); Midnight Prayer - Second Watch,psalm,agpeya | daily_hours | Eleventh Hour (Vespers) | psalm | Ps 126 || agpeya | midnight_prayer | Midnight Prayer - Second Watch | psalm | Ps 126
Old Testament,Psalms,Ps,127,Ps 127,yes,21,agpeya; special_service; katameros_cycle; copticchurch_date,daily_hours; midnight_prayer; cornerstone_prayer; church_consecration; Holy Fifty Days/Pentecost cycle; Thursday of the fourth week of the holy fifty days,Eleventh Hour (Vespers); Midnight Prayer - Second Watch; foundation_cornerstone; part_1; vespers_psalm; Vespers,psalm; PentecostReadings; Psalm,agpeya | daily_hours | Eleventh Hour (Vespers) | psalm | Ps 127 || agpeya | midnight_prayer | Midnight Prayer - Second Watch | psalm | Ps 127 || special_service | cornerstone_prayer | foundation_cornerstone | psalm | Ps 127:1 || special_service | church_consecration | part_1 | psalm | Ps 127:1 || katameros_cycle | Holy Fifty Days/Pentecost cycle | vespers_psalm | PentecostReadings | Ps 127:2-3
Old Testament,Psalms,Ps,128,Ps 128,yes,21,agpeya; katameros_cycle; copticchurch_date; special_service,daily_hours; midnight_prayer; annual Sundays by Coptic month/week; The second Sunday of Abib; wedding_crowning,Eleventh Hour (Vespers); Midnight Prayer - Second Watch; vespers_psalm; Vespers; main_readings,psalm; SundayReadings; Psalm,"agpeya | daily_hours | Eleventh Hour (Vespers) | psalm | Ps 128 || agpeya | midnight_prayer | Midnight Prayer - Second Watch | psalm | Ps 128 || katameros_cycle | annual Sundays by Coptic month/week | vespers_psalm | SundayReadings | Ps 128:1 || copticchurch_date | The second Sunday of Abib | Vespers | Psalm | Ps 128:1,128:5 || special_service | wedding_crowning | main_readings | psalm | Ps 128:3"
Old Testament,Psalms,Ps,129,Ps 129,yes,55,agpeya; copticchurch_date; katameros_cycle; special_service,daily_hours; midnight_prayer; optional_prayers; Saturday of the fourth week of the holy fifty days; Saturday of the fourth week of the holy fifty days and the Feast of Entry into Egypt; Holy Fifty Days/Pentecost cycle; Lazarus Saturday of Great Lent; Great Lent/Jonah/Nineveh cycle; myron_consecration,Eleventh Hour (Vespers); Midnight Prayer - Second Watch; Veil Prayer; Vespers; vespers_psalm; Liturgy; liturgy_psalm; liturgy,psalm; Psalm; PentecostReadings; GreatLentReadings,agpeya | daily_hours | Eleventh Hour (Vespers) | psalm | Ps 129 || agpeya | midnight_prayer | Midnight Prayer - Second Watch | psalm | Ps 129 || agpeya | optional_prayers | Veil Prayer | psalm | Ps 129 || copticchurch_date | Saturday of the fourth week of the holy fifty days | Vespers | Psalm | Ps 129:1-2 || copticchurch_date | Saturday of the fourth week of the holy fifty days and the Feast of Entry into Egypt | Vespers | Psalm | Ps 129:1-2
Old Testament,Psalms,Ps,130,Ps 130,yes,19,agpeya; bright_saturday_service_order; copticchurch_date; katameros_cycle,midnight_prayer; daily_hours; optional_prayers; 6TH HOUR; Saturday of the third week of Great Lent; Great Lent/Jonah/Nineveh cycle,Midnight Prayer - Third Watch; Twelfth Hour (Compline / Before Sleep); Veil Prayer; 6th Hour; Matins; matins_psalm,psalm; Psalm; GreatLentReadings,agpeya | midnight_prayer | Midnight Prayer - Third Watch | psalm | Ps 130 || agpeya | daily_hours | Twelfth Hour (Compline / Before Sleep) | psalm | Ps 130 || agpeya | optional_prayers | Veil Prayer | psalm | Ps 130 || bright_saturday_service_order | 6TH HOUR | 6th Hour | Psalm | Ps 130:1 || copticchurch_date | Saturday of the third week of Great Lent | Matins | Psalm | Ps 130:1-2
Old Testament,Psalms,Ps,131,Ps 131,yes,3,agpeya,midnight_prayer; daily_hours; optional_prayers,Midnight Prayer - Third Watch; Twelfth Hour (Compline / Before Sleep); Veil Prayer,psalm,agpeya | midnight_prayer | Midnight Prayer - Third Watch | psalm | Ps 131 || agpeya | daily_hours | Twelfth Hour (Compline / Before Sleep) | psalm | Ps 131 || agpeya | optional_prayers | Veil Prayer | psalm | Ps 131
Old Testament,Psalms,Ps,132,Ps 132,yes,1936,agpeya; copticchurch_date; katameros_cycle; special_service,midnight_prayer; daily_hours; optional_prayers; Abib 7; Amshir 2; Amshir 5; Baba 20; Baba 27; Fast of Nineveh; Great Lent; Kiak 25; Kiak 7 (+99 more),Midnight Prayer - Third Watch; Twelfth Hour (Compline / Before Sleep); Veil Prayer; Liturgy; Matins; matins_psalm; liturgy_psalm; liturgy; vespers_psalm; Vespers,psalm; Psalm; AnnualReadings; SundayReadings; PentecostReadings,agpeya | midnight_prayer | Midnight Prayer - Third Watch | psalm | Ps 132 || agpeya | daily_hours | Twelfth Hour (Compline / Before Sleep) | psalm | Ps 132 || agpeya | optional_prayers | Veil Prayer | psalm | Ps 132 || copticchurch_date | Abib 7 | Liturgy | Psalm | Ps 132:1 || copticchurch_date | Amshir 2 | Liturgy | Psalm | Ps 132:1
Old Testament,Psalms,Ps,133,Ps 133,yes,3,agpeya,midnight_prayer; daily_hours; optional_prayers,Midnight Prayer - Third Watch; Twelfth Hour (Compline / Before Sleep); Veil Prayer,psalm,agpeya | midnight_prayer | Midnight Prayer - Third Watch | psalm | Ps 133 || agpeya | daily_hours | Twelfth Hour (Compline / Before Sleep) | psalm | Ps 133 || agpeya | optional_prayers | Veil Prayer | psalm | Ps 133
Old Testament,Psalms,Ps,134,Ps 134,yes,20,agpeya; katameros_cycle; copticchurch_date,midnight_prayer; daily_hours; optional_prayers; annual Sundays by Coptic month/week; The third Sunday of Abib,Midnight Prayer - Third Watch; Twelfth Hour (Compline / Before Sleep); Veil Prayer; matins_psalm; Matins,psalm; SundayReadings; Psalm,agpeya | midnight_prayer | Midnight Prayer - Third Watch | psalm | Ps 134 || agpeya | daily_hours | Twelfth Hour (Compline / Before Sleep) | psalm | Ps 134 || agpeya | optional_prayers | Veil Prayer | psalm | Ps 134 || katameros_cycle | annual Sundays by Coptic month/week | matins_psalm | SundayReadings | Ps 134:1 || copticchurch_date | The third Sunday of Abib | Matins | Psalm | Ps 134:1-2
Old Testament,Psalms,Ps,135,Ps 135,yes,189,copticchurch_date; katameros_cycle,Saturday of the fifth week of the holy fifty days; Saturday of the fifth week of the holy fifty days and the Feast of Entry into Egypt; Sunday of the fifth week of the holy fifty days; Holy Fifty Days/Pentecost cycle; Abib 23; Baba 29; Hator 27; Hator 5; Kiak 16; Mesra 10; Babah 29; Baramhat 6 (+3 more),Vespers; Matins; matins_psalm; vespers_psalm; Liturgy; liturgy_psalm,Psalm; PentecostReadings; AnnualReadings,copticchurch_date | Saturday of the fifth week of the holy fifty days | Vespers | Psalm | Ps 135:19-20 || copticchurch_date | Saturday of the fifth week of the holy fifty days and the Feast of Entry into Egypt | Vespers | Psalm | Ps 135:19-20 || copticchurch_date | Sunday of the fifth week of the holy fifty days | Matins | Psalm | Ps 135:19-20 || katameros_cycle | Holy Fifty Days/Pentecost cycle | matins_psalm | PentecostReadings | Ps 135:19-20 || katameros_cycle | Holy Fifty Days/Pentecost cycle | vespers_psalm | PentecostReadings | Ps 135:19-20
Old Testament,Psalms,Ps,136,Ps 136,yes,66,copticchurch_date; katameros_cycle,Saturday of the sixth week of the holy fifty days; Sunday of the fifth week of the holy fifty days; Holy Fifty Days/Pentecost cycle,Liturgy; liturgy_psalm,Psalm; PentecostReadings,copticchurch_date | Saturday of the sixth week of the holy fifty days | Liturgy | Psalm | Ps 136:1 || copticchurch_date | Sunday of the fifth week of the holy fifty days | Liturgy | Psalm | Ps 136:1 || katameros_cycle | Holy Fifty Days/Pentecost cycle | liturgy_psalm | PentecostReadings | Ps 136:1-2 || copticchurch_date | Saturday of the sixth week of the holy fifty days | Liturgy | Psalm | Ps 136:2 || copticchurch_date | Sunday of the fifth week of the holy fifty days | Liturgy | Psalm | Ps 136:2
Old Testament,Psalms,Ps,137,Ps 137,yes,3,agpeya,midnight_prayer; daily_hours; optional_prayers,Midnight Prayer - Third Watch; Twelfth Hour (Compline / Before Sleep); Veil Prayer,psalm,agpeya | midnight_prayer | Midnight Prayer - Third Watch | psalm | Ps 137 || agpeya | daily_hours | Twelfth Hour (Compline / Before Sleep) | psalm | Ps 137 || agpeya | optional_prayers | Veil Prayer | psalm | Ps 137
Old Testament,Psalms,Ps,138,Ps 138,yes,113,agpeya; copticchurch_date; katameros_cycle; special_service,midnight_prayer; daily_hours; Friday of the fifth week of Great Lent; Tuesday of the seventh week of the holy fifty days; Holy Fifty Days/Pentecost cycle; palm_sunday; Hator 24; Kiak 22; Al-Nasi 3; Baramhat 30; Baunah 13; Hatur 24 (+4 more),Midnight Prayer - Third Watch; Twelfth Hour (Compline / Before Sleep); Liturgy; Matins; matins_psalm; procession_station_01_main_sanctuary; liturgy_psalm,psalm; Psalm; PentecostReadings; AnnualReadings; GreatLentReadings,agpeya | midnight_prayer | Midnight Prayer - Third Watch | psalm | Ps 138 || agpeya | daily_hours | Twelfth Hour (Compline / Before Sleep) | psalm | Ps 138 || copticchurch_date | Friday of the fifth week of Great Lent | Liturgy | Psalm | Ps 138:1 || copticchurch_date | Tuesday of the seventh week of the holy fifty days | Matins | Psalm | Ps 138:1 || katameros_cycle | Holy Fifty Days/Pentecost cycle | matins_psalm | PentecostReadings | Ps 138:1
Old Testament,Psalms,Ps,139,Ps 139,yes,51,copticchurch_date; katameros_cycle,Abib 16; Amshir 29; Great Lent; Kiak 24; Toba 4; Barmuda 16; Bashans 16; Kiyahk 24; Tubah 4,Liturgy; liturgy_psalm,Psalm; AnnualReadings,copticchurch_date | Abib 16 | Liturgy | Psalm | Ps 139:17-18 || copticchurch_date | Amshir 29 | Liturgy | Psalm | Ps 139:17-18 || copticchurch_date | Great Lent | Liturgy | Psalm | Ps 139:17-18 || copticchurch_date | Kiak 24 | Liturgy | Psalm | Ps 139:17-18 || copticchurch_date | Toba 4 | Liturgy | Psalm | Ps 139:17-18
Old Testament,Psalms,Ps,140,Ps 140,yes,2,pascha_day_hour; pascha_source_text,Wednesday Eve; Thursday Eve,Sixth Hour,Psalm,pascha_day_hour | Wednesday Eve | Sixth Hour | Psalm | Ps 140:1-2 || pascha_source_text | Thursday Eve | Sixth Hour | Psalm | Ps 140:1-2
Old Testament,Psalms,Ps,141,Ps 141,yes,3,agpeya,midnight_prayer; daily_hours; optional_prayers,Midnight Prayer - Third Watch; Twelfth Hour (Compline / Before Sleep); Veil Prayer,psalm,agpeya | midnight_prayer | Midnight Prayer - Third Watch | psalm | Ps 141 || agpeya | daily_hours | Twelfth Hour (Compline / Before Sleep) | psalm | Ps 141 || agpeya | optional_prayers | Veil Prayer | psalm | Ps 141
Old Testament,Psalms,Ps,142,Ps 142,yes,37,agpeya; copticchurch_date; katameros_cycle; special_service,midnight_prayer; daily_hours; Saturday of the fourth week of Great Lent; Great Lent/Jonah/Nineveh cycle; unction_of_the_sick,Midnight Prayer - Third Watch; Twelfth Hour (Compline / Before Sleep); Matins; matins_psalm; fifth_prayer,psalm; Psalm; GreatLentReadings,agpeya | midnight_prayer | Midnight Prayer - Third Watch | psalm | Ps 142 || agpeya | daily_hours | Twelfth Hour (Compline / Before Sleep) | psalm | Ps 142 || copticchurch_date | Saturday of the fourth week of Great Lent | Matins | Psalm | Ps 142:5 || katameros_cycle | Great Lent/Jonah/Nineveh cycle | matins_psalm | GreatLentReadings | Ps 142:5 || copticchurch_date | Saturday of the fourth week of Great Lent | Matins | Psalm | Ps 142:7
Old Testament,Psalms,Ps,143,Ps 143,yes,101,agpeya; copticchurch_date; katameros_cycle; pascha_day_hour; pascha_source_text,daily_hours; Sunday of the sixth week of Great Lent; Great Lent/Jonah/Nineveh cycle; Saturday of the fifth week of Great Lent; The first Sunday of Paona; annual Sundays by Coptic month/week; The fifth Sunday of Abib; The fifth Sunday of Bashons; The fifth Sunday of Mesra; The fifth Sunday of Paona; Good Friday; The fourth Sunday of Hator,First Hour (Prime / Morning Prayer); Liturgy; liturgy_psalm; Eleventh Hour; Matins; matins_psalm,psalm; Psalm; GreatLentReadings; SundayReadings,agpeya | daily_hours | First Hour (Prime / Morning Prayer) | psalm | Ps 143 || copticchurch_date | Sunday of the sixth week of Great Lent | Liturgy | Psalm | Ps 143:1 || katameros_cycle | Great Lent/Jonah/Nineveh cycle | liturgy_psalm | GreatLentReadings | Ps 143:1 || copticchurch_date | Saturday of the fifth week of Great Lent | Liturgy | Psalm | Ps 143:1-2 || katameros_cycle | Great Lent/Jonah/Nineveh cycle | liturgy_psalm | GreatLentReadings | Ps 143:1-2
Old Testament,Psalms,Ps,144,Ps 144,yes,48,katameros_cycle; copticchurch_date,Baramhat 29; annual Sundays by Coptic month/week; Annunciation; The fifth Sunday of Abib (Readings of 29th Baramhat); The fifth Sunday of Baba (Readings of 29th Baramhat); The fifth Sunday of Hator (Readings of 29th Baramhat); The fifth Sunday of Mesra (Readings of 29th Baramhat); The fifth Sunday of Paona (Readings of 29th Baramhat); The second Sunday of Kiak; second Sunday of Christmas Fast,vespers_psalm; Vespers,AnnualReadings; SundayReadings; Psalm,"katameros_cycle | Baramhat 29 | vespers_psalm | AnnualReadings | Ps 144:5 || katameros_cycle | annual Sundays by Coptic month/week | vespers_psalm | SundayReadings | Ps 144:5 || copticchurch_date | Annunciation | Vespers | Psalm | Ps 144:5,144:7 || copticchurch_date | The fifth Sunday of Abib (Readings of 29th Baramhat) | Vespers | Psalm | Ps 144:5,144:7 || copticchurch_date | The fifth Sunday of Baba (Readings of 29th Baramhat) | Vespers | Psalm | Ps 144:5,144:7"
Old Testament,Psalms,Ps,145,Ps 145,yes,234,copticchurch_date; katameros_cycle,"Sunday, Tout 18 (Feast of the Cross); Tout 18 (Feast of the Cross); Tut 18; Sunday of the sixth week of the holy fifty days; Sunday of the sixth week of the holy fifty days and the Feast of Entry into Egypt; Mesra 26; Abib 18; Abib 29; Abib 5 (Apostle's Feast); Amshir 10; Amshir 21; Baba 14 (+16 more)",Liturgy; liturgy_psalm; Vespers; Matins; matins_psalm,Psalm; AnnualReadings; SundayReadings,"copticchurch_date | Sunday, Tout 18 (Feast of the Cross) | Liturgy | Psalm | Ps 145:1-2 || copticchurch_date | Tout 18 (Feast of the Cross) | Liturgy | Psalm | Ps 145:1-2 || katameros_cycle | Tut 18 | liturgy_psalm | AnnualReadings | Ps 145:1-2 || copticchurch_date | Sunday of the sixth week of the holy fifty days | Vespers | Psalm | Ps 145:1-2,145:10 || copticchurch_date | Sunday of the sixth week of the holy fifty days and the Feast of Entry into Egypt | Vespers | Psalm | Ps 145:1-2,145:10"
Old Testament,Psalms,Ps,146,Ps 146,yes,265,agpeya; copticchurch_date; katameros_cycle,midnight_prayer; daily_hours; optional_prayers; Abib 23; Baba 29; Friday of the third week of the holy fifty days; Hator 27; Hator 5; Kiak 16; Mesra 10; Babah 29; Baramhat 6 (+6 more),Midnight Prayer - Third Watch; Twelfth Hour (Compline / Before Sleep); Veil Prayer; Matins; matins_psalm; vespers_psalm; Vespers,psalm; Psalm; AnnualReadings; PentecostReadings,agpeya | midnight_prayer | Midnight Prayer - Third Watch | psalm | Ps 146 || agpeya | daily_hours | Twelfth Hour (Compline / Before Sleep) | psalm | Ps 146 || agpeya | optional_prayers | Veil Prayer | psalm | Ps 146 || copticchurch_date | Abib 23 | Matins | Psalm | Ps 146:1 || copticchurch_date | Baba 29 | Matins | Psalm | Ps 146:1
Old Testament,Psalms,Ps,147,Ps 147,yes,71,copticchurch_date; agpeya; katameros_cycle,Sunday of the sixth week of the holy fifty days; Sunday of the sixth week of the holy fifty days and the Feast of Entry into Egypt; midnight_prayer; daily_hours; Holy Fifty Days/Pentecost cycle,Matins; Midnight Prayer - Third Watch; Twelfth Hour (Compline / Before Sleep); matins_psalm; Liturgy; liturgy_psalm,Psalm; psalm; PentecostReadings,copticchurch_date | Sunday of the sixth week of the holy fifty days | Matins | Psalm | Ps 147:1 || copticchurch_date | Sunday of the sixth week of the holy fifty days and the Feast of Entry into Egypt | Matins | Psalm | Ps 147:1 || agpeya | midnight_prayer | Midnight Prayer - Third Watch | psalm | Ps 147:1-11 || agpeya | daily_hours | Twelfth Hour (Compline / Before Sleep) | psalm | Ps 147:1-11 || katameros_cycle | Holy Fifty Days/Pentecost cycle | matins_psalm | PentecostReadings | Ps 147:1-2
Old Testament,Psalms,Ps,148,Ps 148,yes,24,copticchurch_date,Hator 12; Paona 12,Vespers,Psalm,copticchurch_date | Hator 12 | Vespers | Psalm | Ps 148:1-2 || copticchurch_date | Paona 12 | Vespers | Psalm | Ps 148:1-2
Old Testament,Psalms,Ps,149,Ps 149,yes,32,katameros_cycle; copticchurch_date,Baunah 12; Hatur 12; Mesra 26,vespers_psalm; Liturgy; liturgy_psalm,AnnualReadings; Psalm,katameros_cycle | Baunah 12 | vespers_psalm | AnnualReadings | Ps 149:1-2 || katameros_cycle | Hatur 12 | vespers_psalm | AnnualReadings | Ps 149:1-2 || copticchurch_date | Mesra 26 | Liturgy | Psalm | Ps 149:5 || katameros_cycle | Mesra 26 | liturgy_psalm | AnnualReadings | Ps 149:5 || copticchurch_date | Mesra 26 | Liturgy | Psalm | Ps 149:9
Old Testament,Psalms,Ps,150,Ps 150,no,0,,,,,
Old Testament,Proverbs,Prov,1,Prov 1,yes,5,pascha_day_hour; pascha_source_text; katameros_cycle,Monday; Tuesday; Wednesday; Great Lent/Jonah/Nineveh cycle,Ninth Hour; prophecy,OT3; Prophecy; GreatLentReadings,pascha_day_hour | Monday | Ninth Hour | OT3 | Prov 1:1-9 || pascha_day_hour | Tuesday | Ninth Hour | OT3 | Prov 1:1-9 || pascha_source_text | Wednesday | Ninth Hour | Prophecy | Prov 1:10-33 || pascha_day_hour | Wednesday | Ninth Hour | OT3 | Prov 1:11-35 || katameros_cycle | Great Lent/Jonah/Nineveh cycle | prophecy | GreatLentReadings | Prov 1:20-33
Old Testament,Proverbs,Prov,2,Prov 2,yes,2,katameros_cycle,Great Lent/Jonah/Nineveh cycle,prophecy,GreatLentReadings,katameros_cycle | Great Lent/Jonah/Nineveh cycle | prophecy | GreatLentReadings | Prov 2:1-15 || katameros_cycle | Great Lent/Jonah/Nineveh cycle | prophecy | GreatLentReadings | Prov 2:16-22
Old Testament,Proverbs,Prov,3,Prov 3,yes,4,katameros_cycle; pascha_day_hour,Great Lent/Jonah/Nineveh cycle; Wednesday,prophecy; First Hour,GreatLentReadings; OT2,katameros_cycle | Great Lent/Jonah/Nineveh cycle | prophecy | GreatLentReadings | Prov 3:1-4 || katameros_cycle | Great Lent/Jonah/Nineveh cycle | prophecy | GreatLentReadings | Prov 3:19-35 || pascha_day_hour | Wednesday | First Hour | OT2 | Prov 3:5-14 || katameros_cycle | Great Lent/Jonah/Nineveh cycle | prophecy | GreatLentReadings | Prov 3:5-18
Old Testament,Proverbs,Prov,4,Prov 4,yes,6,katameros_cycle; pascha_source_text; pascha_day_hour,Great Lent/Jonah/Nineveh cycle; Wednesday; Great Thursday,prophecy; Third Hour,GreatLentReadings; Prophecy; OT4; OT3,"katameros_cycle | Great Lent/Jonah/Nineveh cycle | prophecy | GreatLentReadings | Prov 4:1-9 || katameros_cycle | Great Lent/Jonah/Nineveh cycle | prophecy | GreatLentReadings | Prov 4:10-19 || katameros_cycle | Great Lent/Jonah/Nineveh cycle | prophecy | GreatLentReadings | Prov 4:20-27 || pascha_source_text | Wednesday | Third Hour | Prophecy | Prov 4:4-27,5:1-4 || pascha_day_hour | Great Thursday | Third Hour | OT4 | Prov 4:4-5:4"
Old Testament,Proverbs,Prov,5,Prov 5,yes,4,pascha_source_text; pascha_day_hour; katameros_cycle,Wednesday; Great Thursday; Great Lent/Jonah/Nineveh cycle,Third Hour; prophecy,Prophecy; OT4; OT3; GreatLentReadings,"pascha_source_text | Wednesday | Third Hour | Prophecy | Prov 4:4-27,5:1-4 || pascha_day_hour | Great Thursday | Third Hour | OT4 | Prov 4:4-5:4 || pascha_day_hour | Wednesday | Third Hour | OT3 | Prov 4:4-5:4 || katameros_cycle | Great Lent/Jonah/Nineveh cycle | prophecy | GreatLentReadings | Prov 5:1-12"
Old Testament,Proverbs,Prov,6,Prov 6,yes,1,pascha_source_text,Tuesday,Eleventh Hour,Prophecy,pascha_source_text | Tuesday | Eleventh Hour | Prophecy | Prov 6:20-7:4
Old Testament,Proverbs,Prov,7,Prov 7,yes,1,pascha_source_text,Tuesday,Eleventh Hour,Prophecy,pascha_source_text | Tuesday | Eleventh Hour | Prophecy | Prov 6:20-7:4
Old Testament,Proverbs,Prov,8,Prov 8,yes,4,katameros_cycle; pascha_source_text,Great Lent/Jonah/Nineveh cycle; Tuesday,prophecy; Ninth Hour,GreatLentReadings; Prophecy,katameros_cycle | Great Lent/Jonah/Nineveh cycle | prophecy | GreatLentReadings | Prov 8:1-11 || pascha_source_text | Tuesday | Ninth Hour | Prophecy | Prov 8:1-12 || katameros_cycle | Great Lent/Jonah/Nineveh cycle | prophecy | GreatLentReadings | Prov 8:12-21 || katameros_cycle | Great Lent/Jonah/Nineveh cycle | prophecy | GreatLentReadings | Prov 8:22-36
Old Testament,Proverbs,Prov,9,Prov 9,yes,4,katameros_cycle; pascha_source_text,Great Lent/Jonah/Nineveh cycle; Great Thursday; Tuesday,prophecy; Liturgy of Blessing of the Water; Ninth Hour,GreatLentReadings; Prophecy,katameros_cycle | Great Lent/Jonah/Nineveh cycle | prophecy | GreatLentReadings | Prov 9:1-11 || pascha_source_text | Great Thursday | Liturgy of Blessing of the Water | Prophecy | Prov 9:1-11 || pascha_source_text | Tuesday | Ninth Hour | Prophecy | Prov 9:1-11 || katameros_cycle | Great Lent/Jonah/Nineveh cycle | prophecy | GreatLentReadings | Prov 9:12-18
Old Testament,Proverbs,Prov,10,Prov 10,yes,3,katameros_cycle,Great Lent/Jonah/Nineveh cycle,prophecy,GreatLentReadings,katameros_cycle | Great Lent/Jonah/Nineveh cycle | prophecy | GreatLentReadings | Prov 10:1-16 || katameros_cycle | Great Lent/Jonah/Nineveh cycle | prophecy | GreatLentReadings | Prov 10:17-33 || katameros_cycle | Great Lent/Jonah/Nineveh cycle | prophecy | GreatLentReadings | Prov 10:32
Old Testament,Proverbs,Prov,11,Prov 11,yes,3,katameros_cycle,Great Lent/Jonah/Nineveh cycle,prophecy,GreatLentReadings,katameros_cycle | Great Lent/Jonah/Nineveh cycle | prophecy | GreatLentReadings | Prov 11:1-13 || katameros_cycle | Great Lent/Jonah/Nineveh cycle | prophecy | GreatLentReadings | Prov 11:13-26 || katameros_cycle | Great Lent/Jonah/Nineveh cycle | prophecy | GreatLentReadings | Prov 11:27-31
Old Testament,Proverbs,Prov,12,Prov 12,yes,1,katameros_cycle,Great Lent/Jonah/Nineveh cycle,prophecy,GreatLentReadings,katameros_cycle | Great Lent/Jonah/Nineveh cycle | prophecy | GreatLentReadings | Prov 12:1-22
Old Testament,Proverbs,Prov,13,Prov 13,no,0,,,,,
Old Testament,Proverbs,Prov,14,Prov 14,no,0,,,,,
Old Testament,Proverbs,Prov,15,Prov 15,no,0,,,,,
Old Testament,Proverbs,Prov,16,Prov 16,no,0,,,,,
Old Testament,Proverbs,Prov,17,Prov 17,no,0,,,,,
Old Testament,Proverbs,Prov,18,Prov 18,no,0,,,,,
Old Testament,Proverbs,Prov,19,Prov 19,no,0,,,,,
Old Testament,Proverbs,Prov,20,Prov 20,no,0,,,,,
Old Testament,Proverbs,Prov,21,Prov 21,no,0,,,,,
Old Testament,Proverbs,Prov,22,Prov 22,no,0,,,,,
Old Testament,Proverbs,Prov,23,Prov 23,no,0,,,,,
Old Testament,Proverbs,Prov,24,Prov 24,no,0,,,,,
Old Testament,Proverbs,Prov,25,Prov 25,no,0,,,,,
Old Testament,Proverbs,Prov,26,Prov 26,no,0,,,,,
Old Testament,Proverbs,Prov,27,Prov 27,no,0,,,,,
Old Testament,Proverbs,Prov,28,Prov 28,no,0,,,,,
Old Testament,Proverbs,Prov,29,Prov 29,no,0,,,,,
Old Testament,Proverbs,Prov,30,Prov 30,yes,1,pascha_source_text,Great Thursday,Third Hour,Prophecy,pascha_source_text | Great Thursday | Third Hour | Prophecy | Prov 30:2-6
Old Testament,Proverbs,Prov,31,Prov 31,no,0,,,,,
Old Testament,Ecclesiastes,Eccl,1,Eccl 1,no,0,,,,,
Old Testament,Ecclesiastes,Eccl,2,Eccl 2,no,0,,,,,
Old Testament,Ecclesiastes,Eccl,3,Eccl 3,no,0,,,,,
Old Testament,Ecclesiastes,Eccl,4,Eccl 4,no,0,,,,,
Old Testament,Ecclesiastes,Eccl,5,Eccl 5,no,0,,,,,
Old Testament,Ecclesiastes,Eccl,6,Eccl 6,no,0,,,,,
Old Testament,Ecclesiastes,Eccl,7,Eccl 7,no,0,,,,,
Old Testament,Ecclesiastes,Eccl,8,Eccl 8,no,0,,,,,
Old Testament,Ecclesiastes,Eccl,9,Eccl 9,no,0,,,,,
Old Testament,Ecclesiastes,Eccl,10,Eccl 10,no,0,,,,,
Old Testament,Ecclesiastes,Eccl,11,Eccl 11,no,0,,,,,
Old Testament,Ecclesiastes,Eccl,12,Eccl 12,no,0,,,,,
Old Testament,Song of Solomon,Song,1,Song 1,no,0,,,,,
Old Testament,Song of Solomon,Song,2,Song 2,no,0,,,,,
Old Testament,Song of Solomon,Song,3,Song 3,no,0,,,,,
Old Testament,Song of Solomon,Song,4,Song 4,no,0,,,,,
Old Testament,Song of Solomon,Song,5,Song 5,no,0,,,,,
Old Testament,Song of Solomon,Song,6,Song 6,no,0,,,,,
Old Testament,Song of Solomon,Song,7,Song 7,no,0,,,,,
Old Testament,Song of Solomon,Song,8,Song 8,no,0,,,,,
Old Testament,Isaiah,Isa,1,Isa 1,yes,4,pascha_day_hour; katameros_cycle,Tuesday; Great Lent/Jonah/Nineveh cycle; Good Friday,Sixth Hour; prophecy; First Hour,OT3; GreatLentReadings; OT2,pascha_day_hour | Tuesday | Sixth Hour | OT3 | Isa 1:1-9 || katameros_cycle | Great Lent/Jonah/Nineveh cycle | prophecy | GreatLentReadings | Isa 1:19-25 || katameros_cycle | Great Lent/Jonah/Nineveh cycle | prophecy | GreatLentReadings | Isa 1:2-18 || pascha_day_hour | Good Friday | First Hour | OT2 | Isa 1:2-9
Old Testament,Isaiah,Isa,2,Isa 2,yes,4,katameros_cycle; pascha_day_hour,Great Lent/Jonah/Nineveh cycle; Good Friday,prophecy; First Hour,GreatLentReadings; OT3,katameros_cycle | Great Lent/Jonah/Nineveh cycle | prophecy | GreatLentReadings | Isa 2:1-3 || pascha_day_hour | Good Friday | First Hour | OT3 | Isa 2:10-21 || katameros_cycle | Great Lent/Jonah/Nineveh cycle | prophecy | GreatLentReadings | Isa 2:11-19 || katameros_cycle | Great Lent/Jonah/Nineveh cycle | prophecy | GreatLentReadings | Isa 2:3-11
Old Testament,Isaiah,Isa,3,Isa 3,yes,3,katameros_cycle; pascha_day_hour,Great Lent/Jonah/Nineveh cycle; Good Friday,prophecy; Eleventh Hour; Third Hour,GreatLentReadings; OT2; OT3,katameros_cycle | Great Lent/Jonah/Nineveh cycle | prophecy | GreatLentReadings | Isa 3:1-14 || pascha_day_hour | Good Friday | Eleventh Hour | OT2 | Isa 3:5-12 || pascha_day_hour | Good Friday | Third Hour | OT3 | Isa 3:9-15
Old Testament,Isaiah,Isa,4,Isa 4,yes,2,pascha_source_text; katameros_cycle,Great Thursday; Great Lent/Jonah/Nineveh cycle,Liturgy of Blessing of the Water; prophecy,Prophecy; GreatLentReadings,pascha_source_text | Great Thursday | Liturgy of Blessing of the Water | Prophecy | Isa 4:2-4 || katameros_cycle | Great Lent/Jonah/Nineveh cycle | prophecy | GreatLentReadings | Isa 4:2-5
Old Testament,Isaiah,Isa,5,Isa 5,yes,5,pascha_day_hour; katameros_cycle,Monday; Great Lent/Jonah/Nineveh cycle; Tuesday,First Hour; prophecy; Third Hour,OT2; GreatLentReadings; OT1,pascha_day_hour | Monday | First Hour | OT2 | Isa 5:1-9 || katameros_cycle | Great Lent/Jonah/Nineveh cycle | prophecy | GreatLentReadings | Isa 5:17-25 || pascha_day_hour | Monday | Third Hour | OT1 | Isa 5:20-30 || pascha_day_hour | Tuesday | Third Hour | OT1 | Isa 5:20-30 || katameros_cycle | Great Lent/Jonah/Nineveh cycle | prophecy | GreatLentReadings | Isa 5:7-16
Old Testament,Isaiah,Isa,6,Isa 6,yes,1,katameros_cycle,Great Lent/Jonah/Nineveh cycle,prophecy,GreatLentReadings,katameros_cycle | Great Lent/Jonah/Nineveh cycle | prophecy | GreatLentReadings | Isa 6:1-12
Old Testament,Isaiah,Isa,7,Isa 7,yes,1,katameros_cycle,Great Lent/Jonah/Nineveh cycle,prophecy,GreatLentReadings,katameros_cycle | Great Lent/Jonah/Nineveh cycle | prophecy | GreatLentReadings | Isa 7:1-14
Old Testament,Isaiah,Isa,8,Isa 8,yes,1,katameros_cycle,Great Lent/Jonah/Nineveh cycle,prophecy,GreatLentReadings,katameros_cycle | Great Lent/Jonah/Nineveh cycle | prophecy | GreatLentReadings | Isa 8:13-9
Old Testament,Isaiah,Isa,9,Isa 9,yes,1,katameros_cycle,Great Lent/Jonah/Nineveh cycle,prophecy,GreatLentReadings,katameros_cycle | Great Lent/Jonah/Nineveh cycle | prophecy | GreatLentReadings | Isa 9:9-21
Old Testament,Isaiah,Isa,10,Isa 10,yes,2,katameros_cycle,Great Lent/Jonah/Nineveh cycle,prophecy,GreatLentReadings,katameros_cycle | Great Lent/Jonah/Nineveh cycle | prophecy | GreatLentReadings | Isa 10:1-4 || katameros_cycle | Great Lent/Jonah/Nineveh cycle | prophecy | GreatLentReadings | Isa 10:12-21
Old Testament,Isaiah,Isa,11,Isa 11,yes,1,katameros_cycle,Great Lent/Jonah/Nineveh cycle,prophecy,GreatLentReadings,katameros_cycle | Great Lent/Jonah/Nineveh cycle | prophecy | GreatLentReadings | Isa 11:10-16
Old Testament,Isaiah,Isa,12,Isa 12,yes,2,katameros_cycle; pascha_day_hour,Great Lent/Jonah/Nineveh cycle; Good Friday,prophecy; Sixth Hour,GreatLentReadings; OT3,katameros_cycle | Great Lent/Jonah/Nineveh cycle | prophecy | GreatLentReadings | Isa 12:1-2 || pascha_day_hour | Good Friday | Sixth Hour | OT3 | Isa 12:2-13:10
Old Testament,Isaiah,Isa,13,Isa 13,yes,2,pascha_day_hour; katameros_cycle,Good Friday; Great Lent/Jonah/Nineveh cycle,Sixth Hour; prophecy,OT3; GreatLentReadings,pascha_day_hour | Good Friday | Sixth Hour | OT3 | Isa 12:2-13:10 || katameros_cycle | Great Lent/Jonah/Nineveh cycle | prophecy | GreatLentReadings | Isa 13:2-13
Old Testament,Isaiah,Isa,14,Isa 14,yes,1,katameros_cycle,Great Lent/Jonah/Nineveh cycle,prophecy,GreatLentReadings,katameros_cycle | Great Lent/Jonah/Nineveh cycle | prophecy | GreatLentReadings | Isa 14:24-32
Old Testament,Isaiah,Isa,15,Isa 15,no,0,,,,,
Old Testament,Isaiah,Isa,16,Isa 16,no,0,,,,,
Old Testament,Isaiah,Isa,17,Isa 17,no,0,,,,,
Old Testament,Isaiah,Isa,18,Isa 18,no,0,,,,,
Old Testament,Isaiah,Isa,19,Isa 19,yes,1,pascha_day_hour,Great Thursday,Eleventh Hour,OT2,pascha_day_hour | Great Thursday | Eleventh Hour | OT2 | Isa 19:19-25
Old Testament,Isaiah,Isa,20,Isa 20,no,0,,,,,
Old Testament,Isaiah,Isa,21,Isa 21,no,0,,,,,
Old Testament,Isaiah,Isa,22,Isa 22,no,0,,,,,
Old Testament,Isaiah,Isa,23,Isa 23,no,0,,,,,
Old Testament,Isaiah,Isa,24,Isa 24,yes,1,pascha_day_hour,Good Friday,First Hour,OT5,pascha_day_hour | Good Friday | First Hour | OT5 | Isa 24:1-13
Old Testament,Isaiah,Isa,25,Isa 25,yes,2,bright_saturday_service_order; katameros_cycle,PRAISES OF THE PROPHETS; Great Lent/Jonah/Nineveh cycle,Midnight Praises; prophecy,Second Prayer of Isaiah; GreatLentReadings,bright_saturday_service_order | PRAISES OF THE PROPHETS | Midnight Praises | Second Prayer of Isaiah | Isa 25:1-12 || katameros_cycle | Great Lent/Jonah/Nineveh cycle | prophecy | GreatLentReadings | Isa 25:1-12
Old Testament,Isaiah,Isa,26,Isa 26,yes,6,katameros_cycle; bright_saturday_service_order; special_service,Great Lent/Jonah/Nineveh cycle; PRAISES OF THE PROPHETS; funeral,prophecy; Midnight Praises; part_3,GreatLentReadings; Third Prayer of Isaiah; First Prayer of Isaiah; old_testament,katameros_cycle | Great Lent/Jonah/Nineveh cycle | prophecy | GreatLentReadings | Isa 26:1-8 || bright_saturday_service_order | PRAISES OF THE PROPHETS | Midnight Praises | Third Prayer of Isaiah | Isa 26:1-9 || katameros_cycle | Great Lent/Jonah/Nineveh cycle | prophecy | GreatLentReadings | Isa 26:21-27 || bright_saturday_service_order | PRAISES OF THE PROPHETS | Midnight Praises | First Prayer of Isaiah | Isa 26:9-20 || special_service | funeral | part_3 | old_testament | Isa 26:9-20
Old Testament,Isaiah,Isa,27,Isa 27,yes,1,pascha_day_hour,Great Thursday Eve,Eleventh Hour,OT1,pascha_day_hour | Great Thursday Eve | Eleventh Hour | OT1 | Isa 27:11-28:15
Old Testament,Isaiah,Isa,28,Isa 28,yes,3,pascha_day_hour; katameros_cycle,Great Thursday Eve; Great Lent/Jonah/Nineveh cycle; Wednesday,Eleventh Hour; prophecy,OT1; GreatLentReadings,pascha_day_hour | Great Thursday Eve | Eleventh Hour | OT1 | Isa 27:11-28:15 || katameros_cycle | Great Lent/Jonah/Nineveh cycle | prophecy | GreatLentReadings | Isa 28:14-22 || pascha_day_hour | Wednesday | Eleventh Hour | OT1 | Isa 28:16-29
Old Testament,Isaiah,Isa,29,Isa 29,yes,1,katameros_cycle,Great Lent/Jonah/Nineveh cycle,prophecy,GreatLentReadings,katameros_cycle | Great Lent/Jonah/Nineveh cycle | prophecy | GreatLentReadings | Isa 29:12-23
Old Testament,Isaiah,Isa,30,Isa 30,yes,1,pascha_source_text,Tuesday,Eleventh Hour,Prophecy,pascha_source_text | Tuesday | Eleventh Hour | Prophecy | Isa 30:25-30
Old Testament,Isaiah,Isa,31,Isa 31,no,0,,,,,
Old Testament,Isaiah,Isa,32,Isa 32,no,0,,,,,
Old Testament,Isaiah,Isa,33,Isa 33,no,0,,,,,
Old Testament,Isaiah,Isa,34,Isa 34,no,0,,,,,
Old Testament,Isaiah,Isa,35,Isa 35,no,0,,,,,
Old Testament,Isaiah,Isa,36,Isa 36,no,0,,,,,
Old Testament,Isaiah,Isa,37,Isa 37,yes,1,katameros_cycle,Great Lent/Jonah/Nineveh cycle,prophecy,GreatLentReadings,katameros_cycle | Great Lent/Jonah/Nineveh cycle | prophecy | GreatLentReadings | Isa 37:33-38
Old Testament,Isaiah,Isa,38,Isa 38,yes,2,katameros_cycle; bright_saturday_service_order,Great Lent/Jonah/Nineveh cycle; PRAISES OF THE PROPHETS,prophecy; Midnight Praises,GreatLentReadings; Prayer of Hezekiah,katameros_cycle | Great Lent/Jonah/Nineveh cycle | prophecy | GreatLentReadings | Isa 38:1-6 || bright_saturday_service_order | PRAISES OF THE PROPHETS | Midnight Praises | Prayer of Hezekiah | Isa 38:10-20
Old Testament,Isaiah,Isa,39,Isa 39,no,0,,,,,
Old Testament,Isaiah,Isa,40,Isa 40,yes,5,pascha_day_hour; katameros_cycle; pascha_source_text,Monday; Tuesday; Great Lent/Jonah/Nineveh cycle,Ninth Hour; prophecy,OT2; GreatLentReadings; Prophecy,pascha_day_hour | Monday | Ninth Hour | OT2 | Isa 40:1-5 || pascha_day_hour | Tuesday | Ninth Hour | OT2 | Isa 40:1-5 || katameros_cycle | Great Lent/Jonah/Nineveh cycle | prophecy | GreatLentReadings | Isa 40:1-8 || katameros_cycle | Great Lent/Jonah/Nineveh cycle | prophecy | GreatLentReadings | Isa 40:9-31 || pascha_source_text | Tuesday | Ninth Hour | Prophecy | Isa 40:9-31
Old Testament,Isaiah,Isa,41,Isa 41,yes,1,katameros_cycle,Great Lent/Jonah/Nineveh cycle,prophecy,GreatLentReadings,katameros_cycle | Great Lent/Jonah/Nineveh cycle | prophecy | GreatLentReadings | Isa 41:4-14
Old Testament,Isaiah,Isa,42,Isa 42,yes,1,katameros_cycle,Great Lent/Jonah/Nineveh cycle,prophecy,GreatLentReadings,katameros_cycle | Great Lent/Jonah/Nineveh cycle | prophecy | GreatLentReadings | Isa 42:5-16
Old Testament,Isaiah,Isa,43,Isa 43,yes,2,katameros_cycle,Great Lent/Jonah/Nineveh cycle,prophecy,GreatLentReadings,katameros_cycle | Great Lent/Jonah/Nineveh cycle | prophecy | GreatLentReadings | Isa 43:1-9 || katameros_cycle | Great Lent/Jonah/Nineveh cycle | prophecy | GreatLentReadings | Isa 43:10-28
Old Testament,Isaiah,Isa,44,Isa 44,yes,2,katameros_cycle,Great Lent/Jonah/Nineveh cycle,prophecy,GreatLentReadings,katameros_cycle | Great Lent/Jonah/Nineveh cycle | prophecy | GreatLentReadings | Isa 44:1-8 || katameros_cycle | Great Lent/Jonah/Nineveh cycle | prophecy | GreatLentReadings | Isa 44:21-28
Old Testament,Isaiah,Isa,45,Isa 45,yes,3,katameros_cycle; bright_saturday_service_order,Great Lent/Jonah/Nineveh cycle; 9TH HOUR,prophecy; 9th Hour,GreatLentReadings; Prophecy,katameros_cycle | Great Lent/Jonah/Nineveh cycle | prophecy | GreatLentReadings | Isa 45:1-10 || katameros_cycle | Great Lent/Jonah/Nineveh cycle | prophecy | GreatLentReadings | Isa 45:11-17 || bright_saturday_service_order | 9TH HOUR | 9th Hour | Prophecy | Isa 45:15-20
Old Testament,Isaiah,Isa,46,Isa 46,no,0,,,,,
Old Testament,Isaiah,Isa,47,Isa 47,no,0,,,,,
Old Testament,Isaiah,Isa,48,Isa 48,yes,2,pascha_source_text; katameros_cycle,Hosanna Sunday; Great Lent/Jonah/Nineveh cycle,Eleventh Hour; prophecy,Prophecy; GreatLentReadings,pascha_source_text | Hosanna Sunday | Eleventh Hour | Prophecy | Isa 48:12-22 || katameros_cycle | Great Lent/Jonah/Nineveh cycle | prophecy | GreatLentReadings | Isa 48:17-22
Old Testament,Isaiah,Isa,49,Isa 49,yes,2,katameros_cycle,Great Lent/Jonah/Nineveh cycle,prophecy,GreatLentReadings,katameros_cycle | Great Lent/Jonah/Nineveh cycle | prophecy | GreatLentReadings | Isa 49:1-4 || katameros_cycle | Great Lent/Jonah/Nineveh cycle | prophecy | GreatLentReadings | Isa 49:6-10
Old Testament,Isaiah,Isa,50,Isa 50,yes,4,pascha_day_hour; bright_saturday_service_order,Monday; Tuesday; 6TH HOUR; Good Friday,Eleventh Hour; 6th Hour; Third Hour,OT1; Prophecy; OT2,pascha_day_hour | Monday | Eleventh Hour | OT1 | Isa 50:1-3 || pascha_day_hour | Tuesday | Eleventh Hour | OT1 | Isa 50:1-3 || bright_saturday_service_order | 6TH HOUR | 6th Hour | Prophecy | Isa 50:10-51:8 || pascha_day_hour | Good Friday | Third Hour | OT2 | Isa 50:4-9
Old Testament,Isaiah,Isa,51,Isa 51,yes,1,bright_saturday_service_order,6TH HOUR,6th Hour,Prophecy,bright_saturday_service_order | 6TH HOUR | 6th Hour | Prophecy | Isa 50:10-51:8
Old Testament,Isaiah,Isa,52,Isa 52,yes,1,pascha_day_hour,Great Thursday,Eleventh Hour,OT1,pascha_day_hour | Great Thursday | Eleventh Hour | OT1 | Isa 52:13-53:12
Old Testament,Isaiah,Isa,53,Isa 53,yes,2,pascha_day_hour,Great Thursday; Good Friday,Eleventh Hour; Sixth Hour,OT1; OT2,pascha_day_hour | Great Thursday | Eleventh Hour | OT1 | Isa 52:13-53:12 || pascha_day_hour | Good Friday | Sixth Hour | OT2 | Isa 53:7-12
Old Testament,Isaiah,Isa,54,Isa 54,no,0,,,,,
Old Testament,Isaiah,Isa,55,Isa 55,yes,1,pascha_source_text,Great Thursday,Liturgy of Blessing of the Water,Prophecy,pascha_source_text | Great Thursday | Liturgy of Blessing of the Water | Prophecy | Isa 55:1-56:1
Old Testament,Isaiah,Isa,56,Isa 56,yes,1,pascha_source_text,Great Thursday,Liturgy of Blessing of the Water,Prophecy,pascha_source_text | Great Thursday | Liturgy of Blessing of the Water | Prophecy | Isa 55:1-56:1
Old Testament,Isaiah,Isa,57,Isa 57,no,0,,,,,
Old Testament,Isaiah,Isa,58,Isa 58,yes,3,katameros_cycle; pascha_source_text; pascha_day_hour,Great Lent/Jonah/Nineveh cycle; Great Thursday,prophecy; First Hour,GreatLentReadings; Prophecy; OT3,katameros_cycle | Great Lent/Jonah/Nineveh cycle | prophecy | GreatLentReadings | Isa 58:1-11 || pascha_source_text | Great Thursday | First Hour | Prophecy | Isa 58:1-11 || pascha_day_hour | Great Thursday | First Hour | OT3 | Isa 58:1-9
Old Testament,Isaiah,Isa,59,Isa 59,yes,1,pascha_day_hour,Wednesday,Ninth Hour,OT4,pascha_day_hour | Wednesday | Ninth Hour | OT4 | Isa 59:1-17
Old Testament,Isaiah,Isa,60,Isa 60,no,0,,,,,
Old Testament,Isaiah,Isa,61,Isa 61,yes,2,pascha_source_text; pascha_day_hour,Great Thursday,Ninth Hour,Prophecy; OT2,pascha_source_text | Great Thursday | Ninth Hour | Prophecy | Isa 61:1-6 || pascha_day_hour | Great Thursday | Ninth Hour | OT2 | Isa 61:1-7
Old Testament,Isaiah,Isa,62,Isa 62,no,0,,,,,
Old Testament,Isaiah,Isa,63,Isa 63,yes,1,pascha_day_hour,Good Friday,Third Hour,OT4,pascha_day_hour | Good Friday | Third Hour | OT4 | Isa 63:1-7
Old Testament,Isaiah,Isa,64,Isa 64,no,0,,,,,
Old Testament,Isaiah,Isa,65,Isa 65,yes,1,katameros_cycle,Great Lent/Jonah/Nineveh cycle,prophecy,GreatLentReadings,katameros_cycle | Great Lent/Jonah/Nineveh cycle | prophecy | GreatLentReadings | Isa 65:8-16
Old Testament,Isaiah,Isa,66,Isa 66,yes,1,katameros_cycle,Great Lent/Jonah/Nineveh cycle,prophecy,GreatLentReadings,katameros_cycle | Great Lent/Jonah/Nineveh cycle | prophecy | GreatLentReadings | Isa 66:10-24
Old Testament,Jeremiah,Jer,1,Jer 1,no,0,,,,,
Old Testament,Jeremiah,Jer,2,Jer 2,no,0,,,,,
Old Testament,Jeremiah,Jer,3,Jer 3,no,0,,,,,
Old Testament,Jeremiah,Jer,4,Jer 4,no,0,,,,,
Old Testament,Jeremiah,Jer,5,Jer 5,no,0,,,,,
Old Testament,Jeremiah,Jer,6,Jer 6,no,0,,,,,
Old Testament,Jeremiah,Jer,7,Jer 7,yes,1,pascha_source_text,Great Thursday,Sixth Hour,Prophecy,pascha_source_text | Great Thursday | Sixth Hour | Prophecy | Jer 7:2-15
Old Testament,Jeremiah,Jer,8,Jer 8,yes,2,pascha_day_hour; pascha_source_text,Great Thursday Eve,First Hour; Eleventh Hour,OT1; Prophecy,pascha_day_hour | Great Thursday Eve | First Hour | OT1 | Jer 8:17-9:6 || pascha_source_text | Great Thursday Eve | Eleventh Hour | Prophecy | Jer 8:4-9
Old Testament,Jeremiah,Jer,9,Jer 9,yes,5,pascha_day_hour; pascha_source_text,Great Thursday Eve; Monday; Tuesday,First Hour; Third Hour; Ninth Hour,OT1; OT2; Prophecy,pascha_day_hour | Great Thursday Eve | First Hour | OT1 | Jer 8:17-9:6 || pascha_day_hour | Monday | Third Hour | OT2 | Jer 9:12-19 || pascha_day_hour | Tuesday | Third Hour | OT2 | Jer 9:12-19 || pascha_day_hour | Great Thursday Eve | Ninth Hour | OT1 | Jer 9:6-10 || pascha_source_text | Great Thursday Eve | Ninth Hour | Prophecy | Jer 9:7-11
Old Testament,Jeremiah,Jer,10,Jer 10,no,0,,,,,
Old Testament,Jeremiah,Jer,11,Jer 11,yes,1,pascha_day_hour,Good Friday,Ninth Hour,OT1,pascha_day_hour | Good Friday | Ninth Hour | OT1 | Jer 11:18-12:13
Old Testament,Jeremiah,Jer,12,Jer 12,yes,2,pascha_day_hour,Good Friday,Ninth Hour; Eleventh Hour,OT1,pascha_day_hour | Good Friday | Ninth Hour | OT1 | Jer 11:18-12:13 || pascha_day_hour | Good Friday | Eleventh Hour | OT1 | Jer 12:1-14
Old Testament,Jeremiah,Jer,13,Jer 13,yes,1,bright_saturday_service_order,3RD HOUR,3rd Hour,Prophecy,bright_saturday_service_order | 3RD HOUR | 3rd Hour | Prophecy | Jer 13:15-22
Old Testament,Jeremiah,Jer,14,Jer 14,no,0,,,,,
Old Testament,Jeremiah,Jer,15,Jer 15,no,0,,,,,
Old Testament,Jeremiah,Jer,16,Jer 16,yes,1,pascha_source_text,Wednesday Eve,Sixth Hour,Prophecy,pascha_source_text | Wednesday Eve | Sixth Hour | Prophecy | Jer 16:9-13
Old Testament,Jeremiah,Jer,17,Jer 17,no,0,,,,,
Old Testament,Jeremiah,Jer,18,Jer 18,no,0,,,,,
Old Testament,Jeremiah,Jer,19,Jer 19,no,0,,,,,
Old Testament,Jeremiah,Jer,20,Jer 20,no,0,,,,,
Old Testament,Jeremiah,Jer,21,Jer 21,no,0,,,,,
Old Testament,Jeremiah,Jer,22,Jer 22,yes,1,pascha_day_hour,Good Friday,First Hour,OT4,pascha_day_hour | Good Friday | First Hour | OT4 | Jer 22:29-23:6
Old Testament,Jeremiah,Jer,23,Jer 23,yes,1,pascha_day_hour,Good Friday,First Hour,OT4,pascha_day_hour | Good Friday | First Hour | OT4 | Jer 22:29-23:6
Old Testament,Jeremiah,Jer,24,Jer 24,no,0,,,,,
Old Testament,Jeremiah,Jer,25,Jer 25,no,0,,,,,
Old Testament,Jeremiah,Jer,26,Jer 26,no,0,,,,,
Old Testament,Jeremiah,Jer,27,Jer 27,no,0,,,,,
Old Testament,Jeremiah,Jer,28,Jer 28,no,0,,,,,
Old Testament,Jeremiah,Jer,29,Jer 29,no,0,,,,,
Old Testament,Jeremiah,Jer,30,Jer 30,no,0,,,,,
Old Testament,Jeremiah,Jer,31,Jer 31,yes,1,bright_saturday_service_order,9TH HOUR,9th Hour,Prophecy,bright_saturday_service_order | 9TH HOUR | 9th Hour | Prophecy | Jer 31:31-34
Old Testament,Jeremiah,Jer,32,Jer 32,no,0,,,,,
Old Testament,Jeremiah,Jer,33,Jer 33,no,0,,,,,
Old Testament,Jeremiah,Jer,34,Jer 34,no,0,,,,,
Old Testament,Jeremiah,Jer,35,Jer 35,no,0,,,,,
Old Testament,Jeremiah,Jer,36,Jer 36,no,0,,,,,
Old Testament,Jeremiah,Jer,37,Jer 37,no,0,,,,,
Old Testament,Jeremiah,Jer,38,Jer 38,no,0,,,,,
Old Testament,Jeremiah,Jer,39,Jer 39,no,0,,,,,
Old Testament,Jeremiah,Jer,40,Jer 40,no,0,,,,,
Old Testament,Jeremiah,Jer,41,Jer 41,no,0,,,,,
Old Testament,Jeremiah,Jer,42,Jer 42,no,0,,,,,
Old Testament,Jeremiah,Jer,43,Jer 43,yes,1,pascha_day_hour,Wednesday Eve,First Hour,OT1,pascha_day_hour | Wednesday Eve | First Hour | OT1 | Jer 43:5-11
Old Testament,Jeremiah,Jer,44,Jer 44,no,0,,,,,
Old Testament,Jeremiah,Jer,45,Jer 45,no,0,,,,,
Old Testament,Jeremiah,Jer,46,Jer 46,no,0,,,,,
Old Testament,Jeremiah,Jer,47,Jer 47,no,0,,,,,
Old Testament,Jeremiah,Jer,48,Jer 48,no,0,,,,,
Old Testament,Jeremiah,Jer,49,Jer 49,no,0,,,,,
Old Testament,Jeremiah,Jer,50,Jer 50,no,0,,,,,
Old Testament,Jeremiah,Jer,51,Jer 51,no,0,,,,,
Old Testament,Jeremiah,Jer,52,Jer 52,no,0,,,,,
Old Testament,Lamentations,Lam,1,Lam 1,yes,1,pascha_source_text,Hosanna Sunday,Ninth Hour,Prophecy,pascha_source_text | Hosanna Sunday | Ninth Hour | Prophecy | Lam 1:1-4
Old Testament,Lamentations,Lam,2,Lam 2,no,0,,,,,
Old Testament,Lamentations,Lam,3,Lam 3,yes,1,pascha_day_hour,Good Friday,Twelfth Hour,OT1,pascha_day_hour | Good Friday | Twelfth Hour | OT1 | Lam 3:1-66
Old Testament,Lamentations,Lam,4,Lam 4,no,0,,,,,
Old Testament,Lamentations,Lam,5,Lam 5,yes,1,bright_saturday_service_order,PRAISES OF THE PROPHETS,Midnight Praises,Prayer of Jeremiah,bright_saturday_service_order | PRAISES OF THE PROPHETS | Midnight Praises | Prayer of Jeremiah | Lam 5:16-22
Old Testament,Ezekiel,Ezek,1,Ezek 1,no,0,,,,,
Old Testament,Ezekiel,Ezek,2,Ezek 2,no,0,,,,,
Old Testament,Ezekiel,Ezek,3,Ezek 3,no,0,,,,,
Old Testament,Ezekiel,Ezek,4,Ezek 4,no,0,,,,,
Old Testament,Ezekiel,Ezek,5,Ezek 5,no,0,,,,,
Old Testament,Ezekiel,Ezek,6,Ezek 6,no,0,,,,,
Old Testament,Ezekiel,Ezek,7,Ezek 7,no,0,,,,,
Old Testament,Ezekiel,Ezek,8,Ezek 8,no,0,,,,,
Old Testament,Ezekiel,Ezek,9,Ezek 9,no,0,,,,,
Old Testament,Ezekiel,Ezek,10,Ezek 10,no,0,,,,,
Old Testament,Ezekiel,Ezek,11,Ezek 11,no,0,,,,,
Old Testament,Ezekiel,Ezek,12,Ezek 12,no,0,,,,,
Old Testament,Ezekiel,Ezek,13,Ezek 13,no,0,,,,,
Old Testament,Ezekiel,Ezek,14,Ezek 14,no,0,,,,,
Old Testament,Ezekiel,Ezek,15,Ezek 15,no,0,,,,,
Old Testament,Ezekiel,Ezek,16,Ezek 16,no,0,,,,,
Old Testament,Ezekiel,Ezek,17,Ezek 17,no,0,,,,,
Old Testament,Ezekiel,Ezek,18,Ezek 18,yes,1,pascha_day_hour,Great Thursday,First Hour,OT4,pascha_day_hour | Great Thursday | First Hour | OT4 | Ezek 18:20-32
Old Testament,Ezekiel,Ezek,19,Ezek 19,no,0,,,,,
Old Testament,Ezekiel,Ezek,20,Ezek 20,yes,3,pascha_day_hour; pascha_source_text,Wednesday Eve; Great Thursday Eve; Great Thursday,Ninth Hour; Sixth Hour,OT1; Prophecy; OT2,pascha_day_hour | Wednesday Eve | Ninth Hour | OT1 | Ezek 20:27-33 || pascha_source_text | Great Thursday Eve | Ninth Hour | Prophecy | Ezek 20:27-33 || pascha_day_hour | Great Thursday | Sixth Hour | OT2 | Ezek 20:39-44
Old Testament,Ezekiel,Ezek,21,Ezek 21,yes,3,pascha_source_text; pascha_day_hour,Good Friday Eve; Tuesday; Great Thursday Eve,Ninth Hour; Sixth Hour,Prophecy; OT1; OT2,pascha_source_text | Good Friday Eve | Ninth Hour | Prophecy | Ezek 21:28-32 || pascha_day_hour | Tuesday | Sixth Hour | OT1 | Ezek 21:3-13 || pascha_day_hour | Great Thursday Eve | Ninth Hour | OT2 | Ezek 21:33-37
Old Testament,Ezekiel,Ezek,22,Ezek 22,yes,3,pascha_source_text; pascha_day_hour,Wednesday Eve; Great Thursday Eve,First Hour; Sixth Hour,Prophecy; OT1,pascha_source_text | Wednesday Eve | First Hour | Prophecy | Ezek 22:17-22 || pascha_day_hour | Great Thursday Eve | Sixth Hour | OT1 | Ezek 22:23-28 || pascha_source_text | Wednesday Eve | First Hour | Prophecy | Ezek 22:23-28
Old Testament,Ezekiel,Ezek,23,Ezek 23,no,0,,,,,
Old Testament,Ezekiel,Ezek,24,Ezek 24,no,0,,,,,
Old Testament,Ezekiel,Ezek,25,Ezek 25,no,0,,,,,
Old Testament,Ezekiel,Ezek,26,Ezek 26,no,0,,,,,
Old Testament,Ezekiel,Ezek,27,Ezek 27,no,0,,,,,
Old Testament,Ezekiel,Ezek,28,Ezek 28,no,0,,,,,
Old Testament,Ezekiel,Ezek,29,Ezek 29,no,0,,,,,
Old Testament,Ezekiel,Ezek,30,Ezek 30,no,0,,,,,
Old Testament,Ezekiel,Ezek,31,Ezek 31,no,0,,,,,
Old Testament,Ezekiel,Ezek,32,Ezek 32,no,0,,,,,
Old Testament,Ezekiel,Ezek,33,Ezek 33,no,0,,,,,
Old Testament,Ezekiel,Ezek,34,Ezek 34,no,0,,,,,
Old Testament,Ezekiel,Ezek,35,Ezek 35,no,0,,,,,
Old Testament,Ezekiel,Ezek,36,Ezek 36,yes,2,pascha_day_hour; pascha_source_text,Great Thursday Eve; Great Thursday,Third Hour; Liturgy of Blessing of the Water,OT1; Prophecy,pascha_day_hour | Great Thursday Eve | Third Hour | OT1 | Ezek 36:16-23 || pascha_source_text | Great Thursday | Liturgy of Blessing of the Water | Prophecy | Ezek 36:25-29
Old Testament,Ezekiel,Ezek,37,Ezek 37,yes,1,special_service,general_funeral,prophecy,old_testament,special_service | general_funeral | prophecy | old_testament | Ezek 37:1-14
Old Testament,Ezekiel,Ezek,38,Ezek 38,no,0,,,,,
Old Testament,Ezekiel,Ezek,39,Ezek 39,no,0,,,,,
Old Testament,Ezekiel,Ezek,40,Ezek 40,no,0,,,,,
Old Testament,Ezekiel,Ezek,41,Ezek 41,no,0,,,,,
Old Testament,Ezekiel,Ezek,42,Ezek 42,no,0,,,,,
Old Testament,Ezekiel,Ezek,43,Ezek 43,yes,1,pascha_source_text,Great Thursday Eve,First Hour,Prophecy,pascha_source_text | Great Thursday Eve | First Hour | Prophecy | Ezek 43:5-11
Old Testament,Ezekiel,Ezek,44,Ezek 44,no,0,,,,,
Old Testament,Ezekiel,Ezek,45,Ezek 45,no,0,,,,,
Old Testament,Ezekiel,Ezek,46,Ezek 46,no,0,,,,,
Old Testament,Ezekiel,Ezek,47,Ezek 47,yes,1,pascha_source_text,Great Thursday,Liturgy of Blessing of the Water,Prophecy,pascha_source_text | Great Thursday | Liturgy of Blessing of the Water | Prophecy | Ezek 47:1-9
Old Testament,Ezekiel,Ezek,48,Ezek 48,no,0,,,,,
Old Testament,Daniel,Dan,1,Dan 1,yes,1,katameros_cycle,Great Lent/Jonah/Nineveh cycle,prophecy,GreatLentReadings,katameros_cycle | Great Lent/Jonah/Nineveh cycle | prophecy | GreatLentReadings | Dan 1:1-42
Old Testament,Daniel,Dan,2,Dan 2,no,0,,,,,
Old Testament,Daniel,Dan,3,Dan 3,yes,2,bright_saturday_service_order,PRAISES OF THE PROPHETS,Midnight Praises,Vision of Daniel – Three Youth in the Fiery Furnace; Prayer of Azariah (Part 1),bright_saturday_service_order | PRAISES OF THE PROPHETS | Midnight Praises | Vision of Daniel – Three Youth in the Fiery Furnace | Dan 3:1-23 || bright_saturday_service_order | PRAISES OF THE PROPHETS | Midnight Praises | Prayer of Azariah (Part 1) | Dan 3:25-51
Old Testament,Daniel,Dan,4,Dan 4,no,0,,,,,
Old Testament,Daniel,Dan,5,Dan 5,no,0,,,,,
Old Testament,Daniel,Dan,6,Dan 6,yes,1,katameros_cycle,Great Lent/Jonah/Nineveh cycle,prophecy,GreatLentReadings,katameros_cycle | Great Lent/Jonah/Nineveh cycle | prophecy | GreatLentReadings | Dan 6:1-27
Old Testament,Daniel,Dan,7,Dan 7,yes,1,pascha_source_text,Tuesday,Ninth Hour,Prophecy,pascha_source_text | Tuesday | Ninth Hour | Prophecy | Dan 7:9-15
Old Testament,Daniel,Dan,8,Dan 8,no,0,,,,,
Old Testament,Daniel,Dan,9,Dan 9,yes,1,bright_saturday_service_order,PRAISES OF THE PROPHETS,Midnight Praises,Prayer of Daniel,bright_saturday_service_order | PRAISES OF THE PROPHETS | Midnight Praises | Prayer of Daniel | Dan 9:4-19
Old Testament,Daniel,Dan,10,Dan 10,no,0,,,,,
Old Testament,Daniel,Dan,11,Dan 11,no,0,,,,,
Old Testament,Daniel,Dan,12,Dan 12,no,0,,,,,
Old Testament,Hosea,Hos,1,Hos 1,no,0,,,,,
Old Testament,Hosea,Hos,2,Hos 2,yes,1,pascha_day_hour,Good Friday,Ninth Hour,OT3,"pascha_day_hour | Good Friday | Ninth Hour | OT3 | Hos 2:1-3,2:10-11"
Old Testament,Hosea,Hos,3,Hos 3,no,0,,,,,
Old Testament,Hosea,Hos,4,Hos 4,yes,4,pascha_day_hour,Tuesday; Monday Eve; Tuesday Eve,First Hour; Sixth Hour,OT3; OT1,pascha_day_hour | Tuesday | First Hour | OT3 | Hos 4:1-8 || pascha_day_hour | Monday Eve | Sixth Hour | OT1 | Hos 4:15-19 || pascha_day_hour | Tuesday Eve | Sixth Hour | OT1 | Hos 4:15-19 || pascha_day_hour | Tuesday Eve | Sixth Hour | OT1 | Hos 4:15-5:7
Old Testament,Hosea,Hos,5,Hos 5,yes,4,pascha_day_hour,Tuesday Eve; Monday Eve; Wednesday,Sixth Hour; First Hour,OT1; OT3,pascha_day_hour | Tuesday Eve | Sixth Hour | OT1 | Hos 4:15-5:7 || pascha_day_hour | Monday Eve | Sixth Hour | OT1 | Hos 5:1-7 || pascha_day_hour | Tuesday Eve | Sixth Hour | OT1 | Hos 5:1-7 || pascha_day_hour | Wednesday | First Hour | OT3 | Hos 5:13-6:3
Old Testament,Hosea,Hos,6,Hos 6,yes,1,pascha_day_hour,Wednesday,First Hour,OT3,pascha_day_hour | Wednesday | First Hour | OT3 | Hos 5:13-6:3
Old Testament,Hosea,Hos,7,Hos 7,no,0,,,,,
Old Testament,Hosea,Hos,8,Hos 8,no,0,,,,,
Old Testament,Hosea,Hos,9,Hos 9,yes,1,pascha_source_text,Wednesday Eve,Ninth Hour,Prophecy,pascha_source_text | Wednesday Eve | Ninth Hour | Prophecy | Hos 9:14-10:2
Old Testament,Hosea,Hos,10,Hos 10,yes,4,pascha_day_hour; pascha_source_text,Tuesday Eve; Monday Eve; Wednesday Eve,Ninth Hour,OT1; Prophecy,pascha_day_hour | Tuesday Eve | Ninth Hour | OT1 | Hos 10:12-11:2 || pascha_day_hour | Monday Eve | Ninth Hour | OT1 | Hos 10:12-15 || pascha_day_hour | Tuesday Eve | Ninth Hour | OT1 | Hos 10:12-15 || pascha_source_text | Wednesday Eve | Ninth Hour | Prophecy | Hos 9:14-10:2
Old Testament,Hosea,Hos,11,Hos 11,yes,3,pascha_day_hour,Tuesday Eve; Monday Eve,Ninth Hour,OT1,pascha_day_hour | Tuesday Eve | Ninth Hour | OT1 | Hos 10:12-11:2 || pascha_day_hour | Monday Eve | Ninth Hour | OT1 | Hos 11:1-2 || pascha_day_hour | Tuesday Eve | Ninth Hour | OT1 | Hos 11:1-2
Old Testament,Hosea,Hos,12,Hos 12,no,0,,,,,
Old Testament,Hosea,Hos,13,Hos 13,no,0,,,,,
Old Testament,Hosea,Hos,14,Hos 14,no,0,,,,,
Old Testament,Joel,Joel,1,Joel 1,yes,1,pascha_source_text,Monday Eve,Sixth Hour,Prophecy,pascha_source_text | Monday Eve | Sixth Hour | Prophecy | Joel 1:5-15
Old Testament,Joel,Joel,2,Joel 2,yes,5,pascha_source_text; katameros_cycle,Good Friday; Great Lent/Jonah/Nineveh cycle,Ninth Hour; prophecy,Prophecy; GreatLentReadings,"pascha_source_text | Good Friday | Ninth Hour | Prophecy | Joel 2:1-3,2:10-11 || katameros_cycle | Great Lent/Jonah/Nineveh cycle | prophecy | GreatLentReadings | Joel 2:12-27 || katameros_cycle | Great Lent/Jonah/Nineveh cycle | prophecy | GreatLentReadings | Joel 2:21-26 || katameros_cycle | Great Lent/Jonah/Nineveh cycle | prophecy | GreatLentReadings | Joel 2:28-32"
Old Testament,Joel,Joel,3,Joel 3,yes,1,katameros_cycle,Great Lent/Jonah/Nineveh cycle,prophecy,GreatLentReadings,katameros_cycle | Great Lent/Jonah/Nineveh cycle | prophecy | GreatLentReadings | Joel 3:9-21
Old Testament,Amos,Amos,1,Amos 1,no,0,,,,,
Old Testament,Amos,Amos,2,Amos 2,no,0,,,,,
Old Testament,Amos,Amos,3,Amos 3,yes,2,pascha_day_hour; pascha_source_text,Wednesday Eve; Great Thursday Eve,Sixth Hour,OT1; Prophecy,pascha_day_hour | Wednesday Eve | Sixth Hour | OT1 | Amos 3:1-11 || pascha_source_text | Great Thursday Eve | Sixth Hour | Prophecy | Amos 3:1-11
Old Testament,Amos,Amos,4,Amos 4,yes,2,pascha_day_hour; pascha_source_text,Wednesday Eve; Great Thursday Eve,Third Hour,OT1; Prophecy,pascha_day_hour | Wednesday Eve | Third Hour | OT1 | Amos 4:4-13 || pascha_source_text | Great Thursday Eve | Third Hour | Prophecy | Amos 4:4-13
Old Testament,Amos,Amos,5,Amos 5,yes,3,pascha_source_text; pascha_day_hour,Wednesday Eve; Monday Eve; Tuesday Eve,Third Hour; Eleventh Hour,Prophecy; OT1,pascha_source_text | Wednesday Eve | Third Hour | Prophecy | Amos 5:18-27 || pascha_day_hour | Monday Eve | Eleventh Hour | OT1 | Amos 5:6-14 || pascha_day_hour | Tuesday Eve | Eleventh Hour | OT1 | Amos 5:6-14
Old Testament,Amos,Amos,6,Amos 6,no,0,,,,,
Old Testament,Amos,Amos,7,Amos 7,no,0,,,,,
Old Testament,Amos,Amos,8,Amos 8,yes,1,pascha_day_hour,Good Friday,Sixth Hour,OT4,pascha_day_hour | Good Friday | Sixth Hour | OT4 | Amos 8:9-12
Old Testament,Amos,Amos,9,Amos 9,yes,3,pascha_source_text; pascha_day_hour,Good Friday,Third Hour,Prophecy; OT5,"pascha_source_text | Good Friday | Third Hour | Prophecy | Amos 9:4-5,9:7-10 || pascha_day_hour | Good Friday | Third Hour | OT5 | Amos 9:4-6 || pascha_day_hour | Good Friday | Third Hour | OT5 | Amos 9:8-10"
Old Testament,Obadiah,Obad,1,Obad 1,no,0,,,,,
Old Testament,Jonah,Jonah,1,Jonah 1,yes,2,pascha_source_text; pascha_day_hour,Good Friday,Twelfth Hour,Prophecy; OT2,pascha_source_text | Good Friday | Twelfth Hour | Prophecy | Jonah 1:10-2:7 || pascha_day_hour | Good Friday | Twelfth Hour | OT2 | Jonah 1:10-2:8
Old Testament,Jonah,Jonah,2,Jonah 2,yes,3,pascha_source_text; pascha_day_hour; bright_saturday_service_order,Good Friday; PRAISES OF THE PROPHETS,Twelfth Hour; Midnight Praises,Prophecy; OT2; Prayer of Jonah,pascha_source_text | Good Friday | Twelfth Hour | Prophecy | Jonah 1:10-2:7 || pascha_day_hour | Good Friday | Twelfth Hour | OT2 | Jonah 1:10-2:8 || bright_saturday_service_order | PRAISES OF THE PROPHETS | Midnight Praises | Prayer of Jonah | Jonah 2:2-10
Old Testament,Jonah,Jonah,3,Jonah 3,no,0,,,,,
Old Testament,Jonah,Jonah,4,Jonah 4,no,0,,,,,
Old Testament,Micah,Mic,1,Mic 1,yes,1,pascha_day_hour,Good Friday,First Hour,OT9,pascha_day_hour | Good Friday | First Hour | OT9 | Mic 1:16-2:3
Old Testament,Micah,Mic,2,Mic 2,yes,2,pascha_day_hour; pascha_source_text,Good Friday; Monday Eve,First Hour; Ninth Hour,OT9; Prophecy,pascha_day_hour | Good Friday | First Hour | OT9 | Mic 1:16-2:3 || pascha_source_text | Monday Eve | Ninth Hour | Prophecy | Mic 2:3-10
Old Testament,Micah,Mic,3,Mic 3,yes,1,pascha_source_text,Monday Eve,Eleventh Hour,Prophecy,pascha_source_text | Monday Eve | Eleventh Hour | Prophecy | Mic 3:1-4
Old Testament,Micah,Mic,4,Mic 4,no,0,,,,,
Old Testament,Micah,Mic,5,Mic 5,no,0,,,,,
Old Testament,Micah,Mic,6,Mic 6,no,0,,,,,
Old Testament,Micah,Mic,7,Mic 7,yes,1,pascha_day_hour,Good Friday,First Hour,OT10,pascha_day_hour | Good Friday | First Hour | OT10 | Mic 7:1-8
Old Testament,Nahum,Nahum,1,Nahum 1,no,0,,,,,
Old Testament,Nahum,Nahum,2,Nahum 2,no,0,,,,,
Old Testament,Nahum,Nahum,3,Nahum 3,no,0,,,,,
Old Testament,Habakkuk,Hab,1,Hab 1,no,0,,,,,
Old Testament,Habakkuk,Hab,2,Hab 2,no,0,,,,,
Old Testament,Habakkuk,Hab,3,Hab 3,yes,1,bright_saturday_service_order,PRAISES OF THE PROPHETS,Midnight Praises,Prayer of Habakkuk,bright_saturday_service_order | PRAISES OF THE PROPHETS | Midnight Praises | Prayer of Habakkuk | Hab 3:2-19
Old Testament,Zephaniah,Zeph,1,Zeph 1,yes,2,pascha_source_text,Monday Eve,Third Hour; First Hour,Prophecy,pascha_source_text | Monday Eve | Third Hour | Prophecy | Zeph 1:14-2:2 || pascha_source_text | Monday Eve | First Hour | Prophecy | Zeph 1:2-12
Old Testament,Zephaniah,Zeph,2,Zeph 2,yes,1,pascha_source_text,Monday Eve,Third Hour,Prophecy,pascha_source_text | Monday Eve | Third Hour | Prophecy | Zeph 1:14-2:2
Old Testament,Zephaniah,Zeph,3,Zeph 3,yes,2,pascha_source_text; katameros_cycle,Hosanna Sunday; Great Lent/Jonah/Nineveh cycle,Ninth Hour; prophecy,Prophecy; GreatLentReadings,pascha_source_text | Hosanna Sunday | Ninth Hour | Prophecy | Zeph 3:11-20 || katameros_cycle | Great Lent/Jonah/Nineveh cycle | prophecy | GreatLentReadings | Zeph 3:14-20
Old Testament,Haggai,Hag,1,Hag 1,no,0,,,,,
Old Testament,Haggai,Hag,2,Hag 2,no,0,,,,,
Old Testament,Zechariah,Zech,1,Zech 1,yes,2,pascha_day_hour,Monday Eve; Tuesday Eve,First Hour,OT1,pascha_day_hour | Monday Eve | First Hour | OT1 | Zech 1:1-6 || pascha_day_hour | Tuesday Eve | First Hour | OT1 | Zech 1:1-6
Old Testament,Zechariah,Zech,2,Zech 2,no,0,,,,,
Old Testament,Zechariah,Zech,3,Zech 3,no,0,,,,,
Old Testament,Zechariah,Zech,4,Zech 4,no,0,,,,,
Old Testament,Zechariah,Zech,5,Zech 5,no,0,,,,,
Old Testament,Zechariah,Zech,6,Zech 6,no,0,,,,,
Old Testament,Zechariah,Zech,7,Zech 7,no,0,,,,,
Old Testament,Zechariah,Zech,8,Zech 8,yes,2,katameros_cycle,Great Lent/Jonah/Nineveh cycle,prophecy,GreatLentReadings,katameros_cycle | Great Lent/Jonah/Nineveh cycle | prophecy | GreatLentReadings | Zech 8:18-23 || katameros_cycle | Great Lent/Jonah/Nineveh cycle | prophecy | GreatLentReadings | Zech 8:7-13
Old Testament,Zechariah,Zech,9,Zech 9,yes,2,pascha_day_hour; katameros_cycle,Great Thursday; Great Lent/Jonah/Nineveh cycle,Third Hour; prophecy,OT3; GreatLentReadings,pascha_day_hour | Great Thursday | Third Hour | OT3 | Zech 9:11-14 || katameros_cycle | Great Lent/Jonah/Nineveh cycle | prophecy | GreatLentReadings | Zech 9:9-15
Old Testament,Zechariah,Zech,10,Zech 10,yes,1,pascha_day_hour,Great Thursday,Third Hour,OT3,pascha_day_hour | Great Thursday | Third Hour | OT3 | Zech 10:1-2
Old Testament,Zechariah,Zech,11,Zech 11,yes,3,pascha_day_hour; pascha_source_text,Good Friday; Wednesday,First Hour; Ninth Hour,OT8; OT5; Prophecy,pascha_day_hour | Good Friday | First Hour | OT8 | Zech 11:11-14 || pascha_day_hour | Wednesday | Ninth Hour | OT5 | Zech 11:11-14 || pascha_source_text | Good Friday | First Hour | Prophecy | Zech 11:14
Old Testament,Zechariah,Zech,12,Zech 12,yes,2,pascha_day_hour; pascha_source_text,Great Thursday,Eleventh Hour,OT3; Prophecy,"pascha_day_hour | Great Thursday | Eleventh Hour | OT3 | Zech 12:11-14 || pascha_source_text | Great Thursday | Eleventh Hour | Prophecy | Zech 12:11-14:3,14:6-9"
Old Testament,Zechariah,Zech,13,Zech 13,yes,2,pascha_source_text; pascha_day_hour,Great Thursday,Eleventh Hour,Prophecy; OT3,"pascha_source_text | Great Thursday | Eleventh Hour | Prophecy | Zech 12:11-14:3,14:6-9 || pascha_day_hour | Great Thursday | Eleventh Hour | OT3 | Zech 13:1-9"
Old Testament,Zechariah,Zech,14,Zech 14,yes,5,pascha_source_text; pascha_day_hour,Great Thursday; Good Friday,Eleventh Hour; Ninth Hour,Prophecy; OT3; OT2,"pascha_source_text | Great Thursday | Eleventh Hour | Prophecy | Zech 12:11-14:3,14:6-9 || pascha_day_hour | Great Thursday | Eleventh Hour | OT3 | Zech 14:1-4 || pascha_day_hour | Good Friday | Ninth Hour | OT2 | Zech 14:5-11 || pascha_source_text | Good Friday | Ninth Hour | Prophecy | Zech 14:6-11 || pascha_day_hour | Great Thursday | Eleventh Hour | OT3 | Zech 14:6-9"
Old Testament,Malachi,Mal,1,Mal 1,yes,3,pascha_day_hour; katameros_cycle,Monday Eve; Tuesday Eve; Great Lent/Jonah/Nineveh cycle,Third Hour; prophecy,OT1; GreatLentReadings,pascha_day_hour | Monday Eve | Third Hour | OT1 | Mal 1:1-9 || pascha_day_hour | Tuesday Eve | Third Hour | OT1 | Mal 1:1-9 || katameros_cycle | Great Lent/Jonah/Nineveh cycle | prophecy | GreatLentReadings | Mal 1:6-14
Old Testament,Malachi,Mal,2,Mal 2,no,0,,,,,
Old Testament,Malachi,Mal,3,Mal 3,yes,1,katameros_cycle,Great Lent/Jonah/Nineveh cycle,prophecy,GreatLentReadings,katameros_cycle | Great Lent/Jonah/Nineveh cycle | prophecy | GreatLentReadings | Mal 3:1-18
Old Testament,Malachi,Mal,4,Mal 4,no,0,,,,,
Deuterocanonical,Tobit,Tob,1,Tob 1,yes,1,katameros_cycle,Great Lent/Jonah/Nineveh cycle,prophecy,GreatLentReadings,katameros_cycle | Great Lent/Jonah/Nineveh cycle | prophecy | GreatLentReadings | Tob 1:1-22
Deuterocanonical,Tobit,Tob,2,Tob 2,yes,1,katameros_cycle,Great Lent/Jonah/Nineveh cycle,prophecy,GreatLentReadings,katameros_cycle | Great Lent/Jonah/Nineveh cycle | prophecy | GreatLentReadings | Tob 2:1-14
Deuterocanonical,Tobit,Tob,3,Tob 3,yes,3,katameros_cycle,Great Lent/Jonah/Nineveh cycle,prophecy,GreatLentReadings,katameros_cycle | Great Lent/Jonah/Nineveh cycle | prophecy | GreatLentReadings | Tob 3:1-6 || katameros_cycle | Great Lent/Jonah/Nineveh cycle | prophecy | GreatLentReadings | Tob 3:16-17 || katameros_cycle | Great Lent/Jonah/Nineveh cycle | prophecy | GreatLentReadings | Tob 3:7-15
Deuterocanonical,Tobit,Tob,4,Tob 4,yes,1,katameros_cycle,Great Lent/Jonah/Nineveh cycle,prophecy,GreatLentReadings,katameros_cycle | Great Lent/Jonah/Nineveh cycle | prophecy | GreatLentReadings | Tob 4:1-21
Deuterocanonical,Tobit,Tob,5,Tob 5,yes,1,katameros_cycle,Great Lent/Jonah/Nineveh cycle,prophecy,GreatLentReadings,katameros_cycle | Great Lent/Jonah/Nineveh cycle | prophecy | GreatLentReadings | Tob 5:1-22
Deuterocanonical,Tobit,Tob,6,Tob 6,yes,2,katameros_cycle,Great Lent/Jonah/Nineveh cycle,prophecy,GreatLentReadings,katameros_cycle | Great Lent/Jonah/Nineveh cycle | prophecy | GreatLentReadings | Tob 6:1-8 || katameros_cycle | Great Lent/Jonah/Nineveh cycle | prophecy | GreatLentReadings | Tob 6:9-17
Deuterocanonical,Tobit,Tob,7,Tob 7,yes,1,katameros_cycle,Great Lent/Jonah/Nineveh cycle,prophecy,GreatLentReadings,katameros_cycle | Great Lent/Jonah/Nineveh cycle | prophecy | GreatLentReadings | Tob 7:1-18
Deuterocanonical,Tobit,Tob,8,Tob 8,yes,1,katameros_cycle,Great Lent/Jonah/Nineveh cycle,prophecy,GreatLentReadings,katameros_cycle | Great Lent/Jonah/Nineveh cycle | prophecy | GreatLentReadings | Tob 8:1-21
Deuterocanonical,Tobit,Tob,9,Tob 9,yes,1,katameros_cycle,Great Lent/Jonah/Nineveh cycle,prophecy,GreatLentReadings,katameros_cycle | Great Lent/Jonah/Nineveh cycle | prophecy | GreatLentReadings | Tob 9:1-6
Deuterocanonical,Tobit,Tob,10,Tob 10,yes,1,katameros_cycle,Great Lent/Jonah/Nineveh cycle,prophecy,GreatLentReadings,katameros_cycle | Great Lent/Jonah/Nineveh cycle | prophecy | GreatLentReadings | Tob 10:1-12
Deuterocanonical,Tobit,Tob,11,Tob 11,yes,1,katameros_cycle,Great Lent/Jonah/Nineveh cycle,prophecy,GreatLentReadings,katameros_cycle | Great Lent/Jonah/Nineveh cycle | prophecy | GreatLentReadings | Tob 11:1-19
Deuterocanonical,Tobit,Tob,12,Tob 12,yes,1,katameros_cycle,Great Lent/Jonah/Nineveh cycle,prophecy,GreatLentReadings,katameros_cycle | Great Lent/Jonah/Nineveh cycle | prophecy | GreatLentReadings | Tob 12:1-22
Deuterocanonical,Tobit,Tob,13,Tob 13,yes,1,katameros_cycle,Great Lent/Jonah/Nineveh cycle,prophecy,GreatLentReadings,katameros_cycle | Great Lent/Jonah/Nineveh cycle | prophecy | GreatLentReadings | Tob 13:1-18
Deuterocanonical,Tobit,Tob,14,Tob 14,yes,1,katameros_cycle,Great Lent/Jonah/Nineveh cycle,prophecy,GreatLentReadings,katameros_cycle | Great Lent/Jonah/Nineveh cycle | prophecy | GreatLentReadings | Tob 14:1-15
Deuterocanonical,Judith,Jdt,1,Jdt 1,no,0,,,,,
Deuterocanonical,Judith,Jdt,2,Jdt 2,no,0,,,,,
Deuterocanonical,Judith,Jdt,3,Jdt 3,no,0,,,,,
Deuterocanonical,Judith,Jdt,4,Jdt 4,no,0,,,,,
Deuterocanonical,Judith,Jdt,5,Jdt 5,no,0,,,,,
Deuterocanonical,Judith,Jdt,6,Jdt 6,no,0,,,,,
Deuterocanonical,Judith,Jdt,7,Jdt 7,no,0,,,,,
Deuterocanonical,Judith,Jdt,8,Jdt 8,no,0,,,,,
Deuterocanonical,Judith,Jdt,9,Jdt 9,no,0,,,,,
Deuterocanonical,Judith,Jdt,10,Jdt 10,no,0,,,,,
Deuterocanonical,Judith,Jdt,11,Jdt 11,no,0,,,,,
Deuterocanonical,Judith,Jdt,12,Jdt 12,no,0,,,,,
Deuterocanonical,Judith,Jdt,13,Jdt 13,no,0,,,,,
Deuterocanonical,Judith,Jdt,14,Jdt 14,no,0,,,,,
Deuterocanonical,Judith,Jdt,15,Jdt 15,no,0,,,,,
Deuterocanonical,Judith,Jdt,16,Jdt 16,no,0,,,,,
Deuterocanonical,Wisdom of Solomon,Wis,1,Wis 1,yes,2,pascha_day_hour,Monday; Wednesday,Sixth Hour; First Hour,OT2; OT4,pascha_day_hour | Monday | Sixth Hour | OT2 | Wis 1:1-9 || pascha_day_hour | Wednesday | First Hour | OT4 | Wis 1:20-2:15
Deuterocanonical,Wisdom of Solomon,Wis,2,Wis 2,yes,4,pascha_day_hour,Wednesday; Good Friday; Monday; Tuesday,First Hour; Eleventh Hour,OT4; OT6; OT2,pascha_day_hour | Wednesday | First Hour | OT4 | Wis 1:20-2:15 || pascha_day_hour | Good Friday | First Hour | OT6 | Wis 2:12-22 || pascha_day_hour | Monday | Eleventh Hour | OT2 | Wis 2:20-30 || pascha_day_hour | Tuesday | Eleventh Hour | OT2 | Wis 2:20-30
Deuterocanonical,Wisdom of Solomon,Wis,3,Wis 3,yes,1,pascha_day_hour,Wednesday,First Hour,OT5,pascha_day_hour | Wednesday | First Hour | OT5 | Wis 3:12-24
Deuterocanonical,Wisdom of Solomon,Wis,4,Wis 4,no,0,,,,,
Deuterocanonical,Wisdom of Solomon,Wis,5,Wis 5,no,0,,,,,
Deuterocanonical,Wisdom of Solomon,Wis,6,Wis 6,no,0,,,,,
Deuterocanonical,Wisdom of Solomon,Wis,7,Wis 7,yes,1,pascha_day_hour,Wednesday Eve,Eleventh Hour,OT1,pascha_day_hour | Wednesday Eve | Eleventh Hour | OT1 | Wis 7:24-30
Deuterocanonical,Wisdom of Solomon,Wis,8,Wis 8,no,0,,,,,
Deuterocanonical,Wisdom of Solomon,Wis,9,Wis 9,no,0,,,,,
Deuterocanonical,Wisdom of Solomon,Wis,10,Wis 10,no,0,,,,,
Deuterocanonical,Wisdom of Solomon,Wis,11,Wis 11,no,0,,,,,
Deuterocanonical,Wisdom of Solomon,Wis,12,Wis 12,yes,1,pascha_day_hour,Great Thursday,Sixth Hour,OT3,pascha_day_hour | Great Thursday | Sixth Hour | OT3 | Wis 12:13-13:1
Deuterocanonical,Wisdom of Solomon,Wis,13,Wis 13,yes,1,pascha_day_hour,Great Thursday,Sixth Hour,OT3,pascha_day_hour | Great Thursday | Sixth Hour | OT3 | Wis 12:13-13:1
Deuterocanonical,Wisdom of Solomon,Wis,14,Wis 14,no,0,,,,,
Deuterocanonical,Wisdom of Solomon,Wis,15,Wis 15,no,0,,,,,
Deuterocanonical,Wisdom of Solomon,Wis,16,Wis 16,no,0,,,,,
Deuterocanonical,Wisdom of Solomon,Wis,17,Wis 17,no,0,,,,,
Deuterocanonical,Wisdom of Solomon,Wis,18,Wis 18,no,0,,,,,
Deuterocanonical,Wisdom of Solomon,Wis,19,Wis 19,no,0,,,,,
Deuterocanonical,Sirach,Sir,1,Sir 1,yes,3,pascha_source_text,Monday; Tuesday,First Hour; Third Hour; Eleventh Hour,Prophecy,pascha_source_text | Monday | First Hour | Prophecy | Sir 1:1-14 || pascha_source_text | Tuesday | Third Hour | Prophecy | Sir 1:1-14 || pascha_source_text | Monday | Eleventh Hour | Prophecy | Sir 1:18-27
Deuterocanonical,Sirach,Sir,2,Sir 2,yes,1,katameros_cycle,Great Lent/Jonah/Nineveh cycle,prophecy,GreatLentReadings,katameros_cycle | Great Lent/Jonah/Nineveh cycle | prophecy | GreatLentReadings | Sir 2:1-23
Deuterocanonical,Sirach,Sir,3,Sir 3,yes,1,katameros_cycle,Great Lent/Jonah/Nineveh cycle,prophecy,GreatLentReadings,katameros_cycle | Great Lent/Jonah/Nineveh cycle | prophecy | GreatLentReadings | Sir 3:1-4
Deuterocanonical,Sirach,Sir,4,Sir 4,yes,1,pascha_day_hour,Tuesday,Sixth Hour,OT2,pascha_day_hour | Tuesday | Sixth Hour | OT2 | Sir 4:20-5:2
Deuterocanonical,Sirach,Sir,5,Sir 5,yes,2,pascha_day_hour; katameros_cycle,Tuesday; Great Lent/Jonah/Nineveh cycle,Sixth Hour; prophecy,OT2; GreatLentReadings,pascha_day_hour | Tuesday | Sixth Hour | OT2 | Sir 4:20-5:2 || katameros_cycle | Great Lent/Jonah/Nineveh cycle | prophecy | GreatLentReadings | Sir 5:1-15
Deuterocanonical,Sirach,Sir,6,Sir 6,no,0,,,,,
Deuterocanonical,Sirach,Sir,7,Sir 7,no,0,,,,,
Deuterocanonical,Sirach,Sir,8,Sir 8,yes,1,katameros_cycle,Great Lent/Jonah/Nineveh cycle,prophecy,GreatLentReadings,katameros_cycle | Great Lent/Jonah/Nineveh cycle | prophecy | GreatLentReadings | Sir 8:1-22
Deuterocanonical,Sirach,Sir,9,Sir 9,no,0,,,,,
Deuterocanonical,Sirach,Sir,10,Sir 10,yes,2,katameros_cycle,Great Lent/Jonah/Nineveh cycle,prophecy,GreatLentReadings,katameros_cycle | Great Lent/Jonah/Nineveh cycle | prophecy | GreatLentReadings | Sir 10:1-25 || katameros_cycle | Great Lent/Jonah/Nineveh cycle | prophecy | GreatLentReadings | Sir 10:1-33
Deuterocanonical,Sirach,Sir,11,Sir 11,yes,1,katameros_cycle,Great Lent/Jonah/Nineveh cycle,prophecy,GreatLentReadings,katameros_cycle | Great Lent/Jonah/Nineveh cycle | prophecy | GreatLentReadings | Sir 11:1-10
Deuterocanonical,Sirach,Sir,12,Sir 12,no,0,,,,,
Deuterocanonical,Sirach,Sir,13,Sir 13,no,0,,,,,
Deuterocanonical,Sirach,Sir,14,Sir 14,no,0,,,,,
Deuterocanonical,Sirach,Sir,15,Sir 15,no,0,,,,,
Deuterocanonical,Sirach,Sir,16,Sir 16,no,0,,,,,
Deuterocanonical,Sirach,Sir,17,Sir 17,no,0,,,,,
Deuterocanonical,Sirach,Sir,18,Sir 18,no,0,,,,,
Deuterocanonical,Sirach,Sir,19,Sir 19,no,0,,,,,
Deuterocanonical,Sirach,Sir,20,Sir 20,no,0,,,,,
Deuterocanonical,Sirach,Sir,21,Sir 21,no,0,,,,,
Deuterocanonical,Sirach,Sir,22,Sir 22,yes,1,pascha_day_hour,Wednesday,Third Hour,OT2,pascha_day_hour | Wednesday | Third Hour | OT2 | Sir 22:7-18
Deuterocanonical,Sirach,Sir,23,Sir 23,yes,2,pascha_day_hour; pascha_source_text,Wednesday; Great Thursday,Sixth Hour,OT2; Prophecy,pascha_day_hour | Wednesday | Sixth Hour | OT2 | Sir 23:7-14 || pascha_source_text | Great Thursday | Sixth Hour | Prophecy | Sir 23:7-14
Deuterocanonical,Sirach,Sir,24,Sir 24,yes,1,pascha_day_hour,Great Thursday,Third Hour,OT2,pascha_day_hour | Great Thursday | Third Hour | OT2 | Sir 24:1-11
Deuterocanonical,Sirach,Sir,25,Sir 25,no,0,,,,,
Deuterocanonical,Sirach,Sir,26,Sir 26,no,0,,,,,
Deuterocanonical,Sirach,Sir,27,Sir 27,no,0,,,,,
Deuterocanonical,Sirach,Sir,28,Sir 28,no,0,,,,,
Deuterocanonical,Sirach,Sir,29,Sir 29,no,0,,,,,
Deuterocanonical,Sirach,Sir,30,Sir 30,no,0,,,,,
Deuterocanonical,Sirach,Sir,31,Sir 31,no,0,,,,,
Deuterocanonical,Sirach,Sir,32,Sir 32,no,0,,,,,
Deuterocanonical,Sirach,Sir,33,Sir 33,no,0,,,,,
Deuterocanonical,Sirach,Sir,34,Sir 34,no,0,,,,,
Deuterocanonical,Sirach,Sir,35,Sir 35,no,0,,,,,
Deuterocanonical,Sirach,Sir,36,Sir 36,no,0,,,,,
Deuterocanonical,Sirach,Sir,37,Sir 37,no,0,,,,,
Deuterocanonical,Sirach,Sir,38,Sir 38,no,0,,,,,
Deuterocanonical,Sirach,Sir,39,Sir 39,no,0,,,,,
Deuterocanonical,Sirach,Sir,40,Sir 40,no,0,,,,,
Deuterocanonical,Sirach,Sir,41,Sir 41,no,0,,,,,
Deuterocanonical,Sirach,Sir,42,Sir 42,no,0,,,,,
Deuterocanonical,Sirach,Sir,43,Sir 43,no,0,,,,,
Deuterocanonical,Sirach,Sir,44,Sir 44,no,0,,,,,
Deuterocanonical,Sirach,Sir,45,Sir 45,no,0,,,,,
Deuterocanonical,Sirach,Sir,46,Sir 46,no,0,,,,,
Deuterocanonical,Sirach,Sir,47,Sir 47,no,0,,,,,
Deuterocanonical,Sirach,Sir,48,Sir 48,no,0,,,,,
Deuterocanonical,Sirach,Sir,49,Sir 49,no,0,,,,,
Deuterocanonical,Sirach,Sir,50,Sir 50,no,0,,,,,
Deuterocanonical,Sirach,Sir,51,Sir 51,no,0,,,,,
Deuterocanonical,Baruch,Bar,1,Bar 1,no,0,,,,,
Deuterocanonical,Baruch,Bar,2,Bar 2,yes,1,bright_saturday_service_order,PRAISES OF THE PROPHETS,Midnight Praises,Prayer of Baruch,bright_saturday_service_order | PRAISES OF THE PROPHETS | Midnight Praises | Prayer of Baruch | Bar 2:11-16
Deuterocanonical,Baruch,Bar,3,Bar 3,no,0,,,,,
Deuterocanonical,Baruch,Bar,4,Bar 4,no,0,,,,,
Deuterocanonical,Baruch,Bar,5,Bar 5,no,0,,,,,
Deuterocanonical,Baruch,Bar,6,Bar 6,no,0,,,,,
Deuterocanonical,1 Maccabees,1Macc,1,1Macc 1,no,0,,,,,
Deuterocanonical,1 Maccabees,1Macc,2,1Macc 2,no,0,,,,,
Deuterocanonical,1 Maccabees,1Macc,3,1Macc 3,no,0,,,,,
Deuterocanonical,1 Maccabees,1Macc,4,1Macc 4,no,0,,,,,
Deuterocanonical,1 Maccabees,1Macc,5,1Macc 5,no,0,,,,,
Deuterocanonical,1 Maccabees,1Macc,6,1Macc 6,no,0,,,,,
Deuterocanonical,1 Maccabees,1Macc,7,1Macc 7,no,0,,,,,
Deuterocanonical,1 Maccabees,1Macc,8,1Macc 8,no,0,,,,,
Deuterocanonical,1 Maccabees,1Macc,9,1Macc 9,no,0,,,,,
Deuterocanonical,1 Maccabees,1Macc,10,1Macc 10,no,0,,,,,
Deuterocanonical,1 Maccabees,1Macc,11,1Macc 11,no,0,,,,,
Deuterocanonical,1 Maccabees,1Macc,12,1Macc 12,no,0,,,,,
Deuterocanonical,1 Maccabees,1Macc,13,1Macc 13,no,0,,,,,
Deuterocanonical,1 Maccabees,1Macc,14,1Macc 14,no,0,,,,,
Deuterocanonical,1 Maccabees,1Macc,15,1Macc 15,no,0,,,,,
Deuterocanonical,1 Maccabees,1Macc,16,1Macc 16,no,0,,,,,
Deuterocanonical,2 Maccabees,2Macc,1,2Macc 1,no,0,,,,,
Deuterocanonical,2 Maccabees,2Macc,2,2Macc 2,no,0,,,,,
Deuterocanonical,2 Maccabees,2Macc,3,2Macc 3,no,0,,,,,
Deuterocanonical,2 Maccabees,2Macc,4,2Macc 4,no,0,,,,,
Deuterocanonical,2 Maccabees,2Macc,5,2Macc 5,no,0,,,,,
Deuterocanonical,2 Maccabees,2Macc,6,2Macc 6,no,0,,,,,
Deuterocanonical,2 Maccabees,2Macc,7,2Macc 7,no,0,,,,,
Deuterocanonical,2 Maccabees,2Macc,8,2Macc 8,no,0,,,,,
Deuterocanonical,2 Maccabees,2Macc,9,2Macc 9,no,0,,,,,
Deuterocanonical,2 Maccabees,2Macc,10,2Macc 10,no,0,,,,,
Deuterocanonical,2 Maccabees,2Macc,11,2Macc 11,no,0,,,,,
Deuterocanonical,2 Maccabees,2Macc,12,2Macc 12,no,0,,,,,
Deuterocanonical,2 Maccabees,2Macc,13,2Macc 13,no,0,,,,,
Deuterocanonical,2 Maccabees,2Macc,14,2Macc 14,no,0,,,,,
Deuterocanonical,2 Maccabees,2Macc,15,2Macc 15,no,0,,,,,
Deuterocanonical,3 Maccabees,3Macc,1,3Macc 1,no,0,,,,,
Deuterocanonical,3 Maccabees,3Macc,2,3Macc 2,no,0,,,,,
Deuterocanonical,3 Maccabees,3Macc,3,3Macc 3,no,0,,,,,
Deuterocanonical,3 Maccabees,3Macc,4,3Macc 4,no,0,,,,,
Deuterocanonical,3 Maccabees,3Macc,5,3Macc 5,no,0,,,,,
Deuterocanonical,3 Maccabees,3Macc,6,3Macc 6,no,0,,,,,
Deuterocanonical,3 Maccabees,3Macc,7,3Macc 7,no,0,,,,,
Deuterocanonical,4 Maccabees,4Macc,1,4Macc 1,no,0,,,,,
Deuterocanonical,4 Maccabees,4Macc,2,4Macc 2,no,0,,,,,
Deuterocanonical,4 Maccabees,4Macc,3,4Macc 3,no,0,,,,,
Deuterocanonical,4 Maccabees,4Macc,4,4Macc 4,no,0,,,,,
Deuterocanonical,4 Maccabees,4Macc,5,4Macc 5,no,0,,,,,
Deuterocanonical,4 Maccabees,4Macc,6,4Macc 6,no,0,,,,,
Deuterocanonical,4 Maccabees,4Macc,7,4Macc 7,no,0,,,,,
Deuterocanonical,4 Maccabees,4Macc,8,4Macc 8,no,0,,,,,
Deuterocanonical,4 Maccabees,4Macc,9,4Macc 9,no,0,,,,,
Deuterocanonical,4 Maccabees,4Macc,10,4Macc 10,no,0,,,,,
Deuterocanonical,4 Maccabees,4Macc,11,4Macc 11,no,0,,,,,
Deuterocanonical,4 Maccabees,4Macc,12,4Macc 12,no,0,,,,,
Deuterocanonical,4 Maccabees,4Macc,13,4Macc 13,no,0,,,,,
Deuterocanonical,4 Maccabees,4Macc,14,4Macc 14,no,0,,,,,
Deuterocanonical,4 Maccabees,4Macc,15,4Macc 15,no,0,,,,,
Deuterocanonical,4 Maccabees,4Macc,16,4Macc 16,no,0,,,,,
Deuterocanonical,4 Maccabees,4Macc,17,4Macc 17,no,0,,,,,
Deuterocanonical,4 Maccabees,4Macc,18,4Macc 18,no,0,,,,,
New Testament,Matthew,Matt,1,Matt 1,yes,42,copticchurch_date; katameros_cycle,Christmas Paramoune; Kiyahk 28,Vespers; vespers_gospel; Matins; matins_gospel,Gospel; AnnualReadings,copticchurch_date | Christmas Paramoune | Vespers | Gospel | Matt 1:1-17 || katameros_cycle | Kiyahk 28 | vespers_gospel | AnnualReadings | Matt 1:1-17 || copticchurch_date | Christmas Paramoune | Matins | Gospel | Matt 1:18-25 || katameros_cycle | Kiyahk 28 | matins_gospel | AnnualReadings | Matt 1:18-25
New Testament,Matthew,Matt,2,Matt 2,yes,75,copticchurch_date; katameros_cycle,Christmas; Kiyahk 29; Amshir 7; Entrance into Egypt; Fast of Nineveh; Paona 8; The first Sunday of Toba; Toba 3; Feast of St. Joseph the Carpenter; Bashans 24; Baunah 8; annual Sundays by Coptic month/week (+1 more),Liturgy; liturgy_gospel,Gospel; AnnualReadings; SundayReadings,copticchurch_date | Christmas | Liturgy | Gospel | Matt 2:1-12 || katameros_cycle | Kiyahk 29 | liturgy_gospel | AnnualReadings | Matt 2:1-12 || copticchurch_date | Amshir 7 | Liturgy | Gospel | Matt 2:13-23 || copticchurch_date | Entrance into Egypt | Liturgy | Gospel | Matt 2:13-23 || copticchurch_date | Fast of Nineveh | Liturgy | Gospel | Matt 2:13-23
New Testament,Matthew,Matt,3,Matt 3,yes,50,copticchurch_date; katameros_cycle; special_service,The Feast of Epiphany; Tubah 11; liturgy_of_the_waters; The Second Day of Feast of Epiphany; Tubah 12; palm_sunday; Mesra 5,Vespers; vespers_gospel; main_readings; Matins; matins_gospel; procession_station_10_baptismal_font; Liturgy,Gospel; AnnualReadings; gospel,copticchurch_date | The Feast of Epiphany | Vespers | Gospel | Matt 3:1-12 || katameros_cycle | Tubah 11 | vespers_gospel | AnnualReadings | Matt 3:1-12 || special_service | liturgy_of_the_waters | main_readings | gospel | Matt 3:1-17 || copticchurch_date | The Second Day of Feast of Epiphany | Matins | Gospel | Matt 3:13-17 || katameros_cycle | Tubah 12 | matins_gospel | AnnualReadings | Matt 3:13-17
New Testament,Matthew,Matt,4,Matt 4,yes,423,copticchurch_date; katameros_cycle,Mesra 5; Sunday of the second week of Great Lent; Great Lent/Jonah/Nineveh cycle; Entrance into Egypt; Paona 8; Feast of St. Joseph the Carpenter; Bashans 24; Baunah 8; Epiphany Paramoune; Tubah 10; Abib 23; Baba 29 (+52 more),Liturgy; liturgy_gospel; Vespers; vespers_gospel; Matins; matins_gospel,Gospel; GreatLentReadings; AnnualReadings,copticchurch_date | Mesra 5 | Liturgy | Gospel | Matt 3:23-5:16 || copticchurch_date | Sunday of the second week of Great Lent | Liturgy | Gospel | Matt 4:1-11 || katameros_cycle | Great Lent/Jonah/Nineveh cycle | liturgy_gospel | GreatLentReadings | Matt 4:1-11 || copticchurch_date | Entrance into Egypt | Vespers | Gospel | Matt 4:12-17 || copticchurch_date | Paona 8 | Vespers | Gospel | Matt 4:12-17
New Testament,Matthew,Matt,5,Matt 5,yes,338,copticchurch_date; agpeya; katameros_cycle; bright_saturday_service_order,Mesra 5; Amshir 14; Amshir 18; Amshir 27; Amshir 5; Baba 3; Baba 5; Baba 9; Bashons 28; Fast of Nineveh; Great Lent; Hator 17 (+39 more),Liturgy; Vespers; Sixth Hour (Sext); liturgy_gospel; vespers_gospel; Matins; matins_gospel; 6th Hour,Gospel; gospel; AnnualReadings; GreatLentReadings; SundayReadings,copticchurch_date | Mesra 5 | Liturgy | Gospel | Matt 3:23-5:16 || copticchurch_date | Amshir 14 | Vespers | Gospel | Matt 4:23-5:16 || copticchurch_date | Amshir 18 | Vespers | Gospel | Matt 4:23-5:16 || copticchurch_date | Amshir 27 | Vespers | Gospel | Matt 4:23-5:16 || copticchurch_date | Amshir 5 | Liturgy | Gospel | Matt 4:23-5:16
New Testament,Matthew,Matt,6,Matt 6,yes,51,copticchurch_date; katameros_cycle; special_service,Sunday of the week before Great Lent; Great Lent/Jonah/Nineveh cycle; unction_of_the_sick; Sunday of the first week of Great Lent,Liturgy; liturgy_gospel; seventh_prayer; vespers_gospel; Vespers,Gospel; GreatLentReadings; gospel,copticchurch_date | Sunday of the week before Great Lent | Liturgy | Gospel | Matt 6:1-18 || katameros_cycle | Great Lent/Jonah/Nineveh cycle | liturgy_gospel | GreatLentReadings | Matt 6:1-18 || special_service | unction_of_the_sick | seventh_prayer | gospel | Matt 6:14-18 || copticchurch_date | Sunday of the first week of Great Lent | Liturgy | Gospel | Matt 6:19-30 || katameros_cycle | Great Lent/Jonah/Nineveh cycle | liturgy_gospel | GreatLentReadings | Matt 6:19-33
New Testament,Matthew,Matt,7,Matt 7,yes,165,copticchurch_date; katameros_cycle,Sunday of the first week of Great Lent; Saturday of the second week of Great Lent; Great Lent/Jonah/Nineveh cycle; Abib 15; Amshir 9; Bashons 21; Bashons 29; Great Lent; Kiak 17; Mesra 3; Paona 24; Tout 14 (+10 more),Vespers; Liturgy; liturgy_gospel; vespers_gospel; Matins; matins_gospel,Gospel; GreatLentReadings; AnnualReadings; SundayReadings,copticchurch_date | Sunday of the first week of Great Lent | Vespers | Gospel | Matt 6:34-7:12 || copticchurch_date | Saturday of the second week of Great Lent | Liturgy | Gospel | Matt 7:13-21 || katameros_cycle | Great Lent/Jonah/Nineveh cycle | liturgy_gospel | GreatLentReadings | Matt 7:13-21 || copticchurch_date | Abib 15 | Vespers | Gospel | Matt 7:22-25 || copticchurch_date | Amshir 9 | Vespers | Gospel | Matt 7:22-25
New Testament,Matthew,Matt,8,Matt 8,yes,105,copticchurch_date; katameros_cycle,Monday of the second week of the holy fifty days; Holy Fifty Days/Pentecost cycle; Abib 25; Baba 28; Baba 8; Bashons 25; Hator 25; The third Sunday of Tout; Toba 5; Babah 28; Babah 8; Barmuda 28 (+4 more),Matins; matins_gospel; Vespers; vespers_gospel,Gospel; PentecostReadings; AnnualReadings; SundayReadings,copticchurch_date | Monday of the second week of the holy fifty days | Matins | Gospel | Matt 8:23-27 || katameros_cycle | Holy Fifty Days/Pentecost cycle | matins_gospel | PentecostReadings | Matt 8:23-27 || copticchurch_date | Abib 25 | Vespers | Gospel | Matt 8:5-13 || copticchurch_date | Baba 28 | Vespers | Gospel | Matt 8:5-13 || copticchurch_date | Baba 8 | Vespers | Gospel | Matt 8:5-13
New Testament,Matthew,Matt,9,Matt 9,yes,162,copticchurch_date; katameros_cycle; special_service,Saturday of the sixth week of Great Lent; Great Lent/Jonah/Nineveh cycle; Tuesday of the first week of Great Lent; Wednesday of the first week of the holy fifty days; Holy Fifty Days/Pentecost cycle; The fourth Sunday of Tout; annual Sundays by Coptic month/week; funeral; Tuesday of the second week of the holy fifty days; Wednesday of the second week of the holy fifty days; Abib 7; Amshir 2 (+4 more),Matins; matins_gospel; Vespers; vespers_gospel; part_5; Liturgy,Gospel; GreatLentReadings; PentecostReadings; SundayReadings; gospel; AnnualReadings,copticchurch_date | Saturday of the sixth week of Great Lent | Matins | Gospel | Matt 9:1-8 || katameros_cycle | Great Lent/Jonah/Nineveh cycle | matins_gospel | GreatLentReadings | Matt 9:1-8 || copticchurch_date | Tuesday of the first week of Great Lent | Matins | Gospel | Matt 9:10-15 || katameros_cycle | Great Lent/Jonah/Nineveh cycle | matins_gospel | GreatLentReadings | Matt 9:10-15 || copticchurch_date | Wednesday of the first week of the holy fifty days | Vespers | Gospel | Matt 9:15-17
New Testament,Matthew,Matt,10,Matt 10,yes,1154,copticchurch_date; katameros_cycle; special_service,Abib 18; Abib 29; Abib 5 (Apostle's Feast); Amshir 10; Amshir 21; Great Lent; Hator 18; Kiak 21; Kiak 4; Abib 5; Baramhat 8; Barmuda 17 (+158 more),Liturgy; liturgy_gospel; procession_station_06_holy_apostles; third_prayer; Vespers; vespers_gospel; Matins; matins_gospel,Gospel; AnnualReadings; gospel,copticchurch_date | Abib 18 | Liturgy | Gospel | Matt 10:1-15 || copticchurch_date | Abib 29 | Liturgy | Gospel | Matt 10:1-15 || copticchurch_date | Abib 5 (Apostle's Feast) | Liturgy | Gospel | Matt 10:1-15 || copticchurch_date | Amshir 10 | Liturgy | Gospel | Matt 10:1-15 || copticchurch_date | Amshir 21 | Liturgy | Gospel | Matt 10:1-15
New Testament,Matthew,Matt,11,Matt 11,yes,173,copticchurch_date; katameros_cycle,Thursday of the second week of the holy fifty days; Holy Fifty Days/Pentecost cycle; Paona 30; The first Sunday of Tout; Baunah 30; annual Sundays by Coptic month/week; Paona 2; Baunah 2; Friday of the third week of the holy fifty days; Thursday of the second week of Great Lent; Great Lent/Jonah/Nineveh cycle; Hator 24 (+6 more),Vespers; vespers_gospel; Matins; matins_gospel; Liturgy; liturgy_gospel,Gospel; PentecostReadings; AnnualReadings; SundayReadings; GreatLentReadings,copticchurch_date | Thursday of the second week of the holy fifty days | Vespers | Gospel | Matt 11:11-15 || katameros_cycle | Holy Fifty Days/Pentecost cycle | vespers_gospel | PentecostReadings | Matt 11:11-15 || copticchurch_date | Paona 30 | Matins | Gospel | Matt 11:11-19 || copticchurch_date | The first Sunday of Tout | Vespers | Gospel | Matt 11:11-19 || katameros_cycle | Baunah 30 | matins_gospel | AnnualReadings | Matt 11:11-19
New Testament,Matthew,Matt,12,Matt 12,yes,218,copticchurch_date; katameros_cycle,Hator 24; Hatur 24; Kiyahk 23; Entrance into Egypt; Kiak 30; Paona 8; Feast of St. Joseph the Carpenter; Bashans 24; Baunah 8; Kiyahk 30; The third Sunday of Baba; annual Sundays by Coptic month/week (+24 more),Matins; matins_gospel; Vespers; vespers_gospel; Liturgy; liturgy_gospel,Gospel; AnnualReadings; SundayReadings; GreatLentReadings,copticchurch_date | Hator 24 | Matins | Gospel | Matt 12:1-8 || katameros_cycle | Hatur 24 | matins_gospel | AnnualReadings | Matt 12:1-8 || katameros_cycle | Kiyahk 23 | matins_gospel | AnnualReadings | Matt 12:1-8 || copticchurch_date | Entrance into Egypt | Matins | Gospel | Matt 12:15-23 || copticchurch_date | Kiak 30 | Vespers | Gospel | Matt 12:15-23
New Testament,Matthew,Matt,13,Matt 13,yes,118,copticchurch_date; katameros_cycle; special_service,The second Sunday of Hator; annual Sundays by Coptic month/week; Hator 12; Paona 12; Baunah 12; Hatur 12; Feast of Nayrouz - (Readings of the First of Tut); Tout 1; Feast of Nayrouz; palm_sunday; Mesra 30; Thursday of the third week of the holy fifty days (+1 more),Liturgy; liturgy_gospel; Vespers; vespers_gospel; procession_station_04_archangel_michael,Gospel; SundayReadings; AnnualReadings; gospel; PentecostReadings,copticchurch_date | The second Sunday of Hator | Liturgy | Gospel | Matt 13:1-9 || katameros_cycle | annual Sundays by Coptic month/week | liturgy_gospel | SundayReadings | Matt 13:1-9 || copticchurch_date | Hator 12 | Liturgy | Gospel | Matt 13:24-43 || copticchurch_date | Paona 12 | Liturgy | Gospel | Matt 13:24-43 || katameros_cycle | Baunah 12 | liturgy_gospel | AnnualReadings | Matt 13:24-43
New Testament,Matthew,Matt,14,Matt 14,yes,120,copticchurch_date; katameros_cycle,Tout 2; Tut 2; Mesra 30; The fifth Sunday of Abib; The fifth Sunday of Bashons; The fifth Sunday of Mesra; The fifth Sunday of Paona; The first Sunday of Baba; The first Sunday of Hator; annual Sundays by Coptic month/week; The fourth Sunday of Baba; The second Sunday of Toba (+2 more),Vespers; vespers_gospel; Matins; matins_gospel,Gospel; AnnualReadings; SundayReadings; PentecostReadings,copticchurch_date | Tout 2 | Vespers | Gospel | Matt 14:1-12 || katameros_cycle | Tut 2 | vespers_gospel | AnnualReadings | Matt 14:1-12 || copticchurch_date | Mesra 30 | Matins | Gospel | Matt 14:1-5 || katameros_cycle | Mesra 30 | matins_gospel | AnnualReadings | Matt 14:1-5 || copticchurch_date | The fifth Sunday of Abib | Vespers | Gospel | Matt 14:15-21
New Testament,Matthew,Matt,15,Matt 15,yes,162,copticchurch_date; katameros_cycle,Mesra 29; Sunday of the third week of Great Lent; Great Lent/Jonah/Nineveh cycle; The fourth Sunday of Tout; annual Sundays by Coptic month/week; Friday of the fourth week of Great Lent; The third Sunday of Kiak; third Sunday of Christmas Fast; Saturday of the third week of the holy fifty days; Holy Fifty Days/Pentecost cycle; Wednesday of Ninevah's Fast; Wednesday of the second week of Great Lent (+1 more),Vespers; vespers_gospel; Matins; matins_gospel; Liturgy; liturgy_gospel,Gospel; AnnualReadings; GreatLentReadings; SundayReadings; PentecostReadings,copticchurch_date | Mesra 29 | Vespers | Gospel | Matt 15:1-11 || katameros_cycle | Mesra 29 | vespers_gospel | AnnualReadings | Matt 15:1-11 || copticchurch_date | Sunday of the third week of Great Lent | Vespers | Gospel | Matt 15:1-20 || katameros_cycle | Great Lent/Jonah/Nineveh cycle | vespers_gospel | GreatLentReadings | Matt 15:1-20 || copticchurch_date | Mesra 29 | Matins | Gospel | Matt 15:12-20
New Testament,Matthew,Matt,16,Matt 16,yes,721,copticchurch_date; katameros_cycle; bright_saturday_service_order; special_service,Wednesday of Ninevah's Fast; Friday of the second week of Great Lent; Great Lent/Jonah/Nineveh cycle; Abib 14; Abib 3; Amshir 1; Amshir 11; Amshir 20; Baba 11; Baba 16; Baba 17; Baba 18 (+102 more),Liturgy; Matins; matins_gospel; Vespers; vespers_gospel; liturgy_gospel; 3rd Hour; procession_station_08_st_antony,Gospel; GreatLentReadings; AnnualReadings; PentecostReadings; gospel,copticchurch_date | Wednesday of Ninevah's Fast | Liturgy | Gospel | Matt 15:32-16:4 || copticchurch_date | Friday of the second week of Great Lent | Matins | Gospel | Matt 15:39-16:12 || katameros_cycle | Great Lent/Jonah/Nineveh cycle | matins_gospel | GreatLentReadings | Matt 16:1-12 || copticchurch_date | Abib 14 | Vespers | Gospel | Matt 16:13-19 || copticchurch_date | Abib 3 | Vespers | Gospel | Matt 16:13-19
New Testament,Matthew,Matt,17,Matt 17,yes,357,copticchurch_date; katameros_cycle; pascha_source_text,The first Sunday of Paona; annual Sundays by Coptic month/week; Abib 26; Amshir 26; Baba 21; Great Lent; Kiak 20; Kiak 23; Kiak 5; Mesra 22; Mesra 4; Paona 20 (+33 more),Vespers; vespers_gospel; Matins; matins_gospel; Eleventh Hour,Gospel; SundayReadings; AnnualReadings; PentecostReadings,copticchurch_date | The first Sunday of Paona | Vespers | Gospel | Matt 17:1-13 || katameros_cycle | annual Sundays by Coptic month/week | vespers_gospel | SundayReadings | Matt 17:1-13 || copticchurch_date | Abib 26 | Matins | Gospel | Matt 17:1-9 || copticchurch_date | Amshir 26 | Matins | Gospel | Matt 17:1-9 || copticchurch_date | Baba 21 | Matins | Gospel | Matt 17:1-9
New Testament,Matthew,Matt,18,Matt 18,yes,176,copticchurch_date; katameros_cycle,Monday of the third week of the holy fifty days; Holy Fifty Days/Pentecost cycle; Amshir 7; Fast of Nineveh; Toba 3; Tubah 3; The second Sunday of Abib; annual Sundays by Coptic month/week; Kiak 22; Mesra 8; Nasie 3; Paona 13 (+8 more),Vespers; vespers_gospel; Liturgy; liturgy_gospel; Matins; matins_gospel,Gospel; PentecostReadings; AnnualReadings; SundayReadings; GreatLentReadings,copticchurch_date | Monday of the third week of the holy fifty days | Vespers | Gospel | Matt 18:1-5 || katameros_cycle | Holy Fifty Days/Pentecost cycle | vespers_gospel | PentecostReadings | Matt 18:1-5 || copticchurch_date | Amshir 7 | Vespers | Gospel | Matt 18:1-7 || copticchurch_date | Fast of Nineveh | Vespers | Gospel | Matt 18:1-7 || copticchurch_date | Toba 3 | Vespers | Gospel | Matt 18:1-7
New Testament,Matthew,Matt,19,Matt 19,yes,48,copticchurch_date; katameros_cycle; special_service,Baba 6; Wedding of Cana; Tubah 13; wedding_crowning; Thursday of the second week of Great Lent; Great Lent/Jonah/Nineveh cycle,Vespers; vespers_gospel; main_readings; Liturgy; liturgy_gospel,Gospel; AnnualReadings; gospel; GreatLentReadings,copticchurch_date | Baba 6 | Vespers | Gospel | Matt 19:1-12 || copticchurch_date | Wedding of Cana | Vespers | Gospel | Matt 19:1-12 || katameros_cycle | Tubah 13 | vespers_gospel | AnnualReadings | Matt 19:1-12 || special_service | wedding_crowning | main_readings | gospel | Matt 19:1-6 || copticchurch_date | Thursday of the second week of Great Lent | Liturgy | Gospel | Matt 19:16-30
New Testament,Matthew,Matt,20,Matt 20,yes,69,copticchurch_date; katameros_cycle; pascha_day_hour,Sunday of the third week of Great Lent; Great Lent/Jonah/Nineveh cycle; Wednesday of the third week of the holy fifty days; Holy Fifty Days/Pentecost cycle; Thursday of the seventh week of Great Lent; Hosanna Sunday,Matins; matins_gospel; Eleventh Hour; Vespers; vespers_gospel,Gospel; GreatLentReadings; PentecostReadings,copticchurch_date | Sunday of the third week of Great Lent | Matins | Gospel | Matt 20:1-16 || katameros_cycle | Great Lent/Jonah/Nineveh cycle | matins_gospel | GreatLentReadings | Matt 20:1-16 || copticchurch_date | Wednesday of the third week of the holy fifty days | Matins | Gospel | Matt 20:17-19 || katameros_cycle | Holy Fifty Days/Pentecost cycle | matins_gospel | PentecostReadings | Matt 20:17-19 || copticchurch_date | Thursday of the seventh week of Great Lent | Matins | Gospel | Matt 20:20-28
New Testament,Matthew,Matt,21,Matt 21,yes,89,special_service; copticchurch_date; katameros_cycle; pascha_day_hour,palm_sunday; Palm Sunday; Great Lent/Jonah/Nineveh cycle; Hosanna Sunday; The first Sunday of Tout; annual Sundays by Coptic month/week; Monday; Tuesday; Tuesday of the fourth week of Great Lent; Saturday of the fourth week of Great Lent; Sunday of the fifth week of Great Lent,procession_station_11_southern_door; Liturgy; liturgy_gospel; first_gospel; Ninth Hour; Matins; matins_gospel,gospel; Gospel; GreatLentReadings; SundayReadings,special_service | palm_sunday | procession_station_11_southern_door | gospel | Matt 21:1-11 || copticchurch_date | Palm Sunday | Liturgy | Gospel | Matt 21:1-17 || katameros_cycle | Great Lent/Jonah/Nineveh cycle | liturgy_gospel | GreatLentReadings | Matt 21:1-17 || pascha_day_hour | Palm Sunday | Liturgy | Gospel | Matt 21:1-17 || special_service | palm_sunday | first_gospel | gospel | Matt 21:1-17
New Testament,Matthew,Matt,22,Matt 22,yes,68,copticchurch_date; katameros_cycle; pascha_source_text,Sunday of the fourth week of Great Lent; Great Lent/Jonah/Nineveh cycle; Wednesday Eve; Thursday of the third week of the holy fifty days; annual Sundays by Coptic month/week; Holy Fifty Days/Pentecost cycle; Kiyahk 23; Friday of the third week of the holy fifty days; Kiak 30; The fourth Sunday of Bashons; Kiyahk 30,Matins; matins_gospel; First Hour; vespers_gospel; liturgy_gospel; Vespers,Gospel; GreatLentReadings; SundayReadings; PentecostReadings; AnnualReadings,copticchurch_date | Sunday of the fourth week of Great Lent | Matins | Gospel | Matt 22:1-14 || katameros_cycle | Great Lent/Jonah/Nineveh cycle | matins_gospel | GreatLentReadings | Matt 22:1-14 || pascha_source_text | Wednesday Eve | First Hour | Gospel | Matt 22:1-14 || copticchurch_date | Thursday of the third week of the holy fifty days | Matins | Gospel | Matt 22:34-40 || katameros_cycle | annual Sundays by Coptic month/week | vespers_gospel | SundayReadings | Matt 22:34-40
New Testament,Matthew,Matt,23,Matt 23,yes,263,copticchurch_date; katameros_cycle; pascha_source_text,Sunday of the sixth week of Great Lent; Great Lent/Jonah/Nineveh cycle; Abib 26; Mesra 22; Mesra 4; Paona 20; Tout 4; Tout 6; Tout 8; Amshir 26; Baba 21; Great Lent (+25 more),Matins; matins_gospel; Liturgy; liturgy_gospel; Ninth Hour; Third Hour,Gospel; GreatLentReadings; AnnualReadings,copticchurch_date | Sunday of the sixth week of Great Lent | Matins | Gospel | Matt 23:1-39 || katameros_cycle | Great Lent/Jonah/Nineveh cycle | matins_gospel | GreatLentReadings | Matt 23:1-39 || copticchurch_date | Abib 26 | Liturgy | Gospel | Matt 23:13-26 || copticchurch_date | Mesra 22 | Liturgy | Gospel | Matt 23:13-26 || copticchurch_date | Mesra 4 | Liturgy | Gospel | Matt 23:13-26
New Testament,Matthew,Matt,24,Matt 24,yes,248,pascha_source_text; copticchurch_date; katameros_cycle,Tuesday; The first Sunday of Nasie; annual Sundays by Coptic month/week; Wednesday Eve; Amshir 12; Amshir 15; Amshir 19; Amshir 3; Baba 13; Baba 25; Baba 7; Bashons 20 (+28 more),Third Hour; Liturgy; liturgy_gospel; Ninth Hour; Vespers; vespers_gospel,Gospel; SundayReadings; AnnualReadings,pascha_source_text | Tuesday | Third Hour | Gospel | Matt 23:37-24:2 || copticchurch_date | The first Sunday of Nasie | Liturgy | Gospel | Matt 24:3-35 || katameros_cycle | annual Sundays by Coptic month/week | liturgy_gospel | SundayReadings | Matt 24:3-35 || pascha_source_text | Tuesday | Ninth Hour | Gospel | Matt 24:3-35 || pascha_source_text | Wednesday Eve | Third Hour | Gospel | Matt 24:36-51
New Testament,Matthew,Matt,25,Matt 25,yes,549,agpeya; copticchurch_date; katameros_cycle; pascha_source_text,midnight_prayer; Abib 1; Abib 17; Abib 28; Baba 1; Fast of Nineveh; Hator 10; Kiak 26; Mesra 15; Mesra 2; Mesra 21; Mesra 6 (+73 more),Midnight Prayer - First Watch; Liturgy; liturgy_gospel; Sixth Hour; Matins; Vespers; vespers_gospel; matins_gospel; Eleventh Hour,gospel; Gospel; AnnualReadings,agpeya | midnight_prayer | Midnight Prayer - First Watch | gospel | Matt 25:1-13 || copticchurch_date | Abib 1 | Liturgy | Gospel | Matt 25:1-13 || copticchurch_date | Abib 17 | Liturgy | Gospel | Matt 25:1-13 || copticchurch_date | Abib 28 | Liturgy | Gospel | Matt 25:1-13 || copticchurch_date | Baba 1 | Liturgy | Gospel | Matt 25:1-13
New Testament,Matthew,Matt,26,Matt 26,yes,265,pascha_source_text; pascha_day_hour; copticchurch_date; katameros_cycle; special_service,Tuesday; Great Thursday; the Covenant Thursday; Wednesday; Great Thursday Eve; Good Friday Eve; Abib 1; Abib 17; Abib 28; Baba 1; Fast of Nineveh; Hator 10 (+31 more),Eleventh Hour; Ninth Hour; Third Hour; Liturgy; Sixth Hour; Vespers; vespers_gospel; liturgy; part_2,Gospel; AnnualReadings; gospel,pascha_source_text | Tuesday | Eleventh Hour | Gospel | Matt 25:14-26:2 || pascha_day_hour | Great Thursday | Ninth Hour | Gospel | Matt 26:17-19 || pascha_day_hour | Great Thursday | Third Hour | Gospel | Matt 26:17-19 || pascha_source_text | the Covenant Thursday | Liturgy | Gospel | Matt 26:20-29 || pascha_day_hour | Wednesday | Ninth Hour | Gospel | Matt 26:3-16
New Testament,Matthew,Matt,27,Matt 27,yes,7,pascha_day_hour; bright_saturday_service_order,Good Friday; MATINS / RAISING OF INCENSE,First Hour; Third Hour; Sixth Hour; Ninth Hour; Eleventh Hour; Twelfth Hour; Matins,Gospel,pascha_day_hour | Good Friday | First Hour | Gospel | Matt 27:1-14 || pascha_day_hour | Good Friday | Third Hour | Gospel | Matt 27:15-26 || pascha_day_hour | Good Friday | Sixth Hour | Gospel | Matt 27:27-45 || pascha_day_hour | Good Friday | Ninth Hour | Gospel | Matt 27:46-50 || pascha_day_hour | Good Friday | Eleventh Hour | Gospel | Matt 27:51-56
New Testament,Matthew,Matt,28,Matt 28,yes,94,bright_saturday_service_order; copticchurch_date; katameros_cycle; pascha_day_hour; special_service,ST. BASIL LITURGY – LITURGY OF THE WORD; The first Sunday of Abib; The first Sunday of Abib (Apostle's Feast); The first Sunday of Baba; The first Sunday of Hator; The first Sunday of Mesra; The first Sunday of Paona; annual Sundays by Coptic month/week; Bright Saturday; Tuesday of the first week of the holy fifty days; Holy Fifty Days/Pentecost cycle; myron_consecration,Liturgy; Matins; matins_gospel; liturgy,Gospel; SundayReadings; PentecostReadings; gospel,bright_saturday_service_order | ST. BASIL LITURGY – LITURGY OF THE WORD | Liturgy | Gospel | Matt 28:1-20 || copticchurch_date | The first Sunday of Abib | Matins | Gospel | Matt 28:1-20 || copticchurch_date | The first Sunday of Abib (Apostle's Feast) | Matins | Gospel | Matt 28:1-20 || copticchurch_date | The first Sunday of Baba | Matins | Gospel | Matt 28:1-20 || copticchurch_date | The first Sunday of Hator | Matins | Gospel | Matt 28:1-20
New Testament,Mark,Mark,1,Mark 1,yes,287,copticchurch_date; katameros_cycle,Abib 2; Abib 9; Baba 30; Bashons 23; Hator 20; Paona 27; The Feast of Epiphany; Babah 30; Barmuda 30; Bashans 23; Baunah 27; Hatur 20 (+23 more),Liturgy; Matins; liturgy_gospel; matins_gospel; Vespers; vespers_gospel,Gospel; AnnualReadings; GreatLentReadings; SundayReadings; PentecostReadings,copticchurch_date | Abib 2 | Liturgy | Gospel | Mark 1:1-11 || copticchurch_date | Abib 9 | Liturgy | Gospel | Mark 1:1-11 || copticchurch_date | Baba 30 | Liturgy | Gospel | Mark 1:1-11 || copticchurch_date | Bashons 23 | Liturgy | Gospel | Mark 1:1-11 || copticchurch_date | Hator 20 | Liturgy | Gospel | Mark 1:1-11
New Testament,Mark,Mark,2,Mark 2,yes,67,copticchurch_date; katameros_cycle,The first Sunday of Baba; annual Sundays by Coptic month/week; Baba 12; Babah 12; Bashans 15; Feast of Nayrouz - (Readings of the First of Tut); Tout 1; Feast of Nayrouz; Thursday of the first week of the holy fifty days; Holy Fifty Days/Pentecost cycle,Liturgy; liturgy_gospel; Matins; matins_gospel; Vespers; vespers_gospel,Gospel; SundayReadings; AnnualReadings; PentecostReadings,copticchurch_date | The first Sunday of Baba | Liturgy | Gospel | Mark 2:1-12 || katameros_cycle | annual Sundays by Coptic month/week | liturgy_gospel | SundayReadings | Mark 2:1-12 || copticchurch_date | Baba 12 | Matins | Gospel | Mark 2:13-17 || katameros_cycle | Babah 12 | matins_gospel | AnnualReadings | Mark 2:13-17 || katameros_cycle | Bashans 15 | matins_gospel | AnnualReadings | Mark 2:13-17
New Testament,Mark,Mark,3,Mark 3,yes,247,copticchurch_date; katameros_cycle,Tout 21; Tout 23; Baramhat 11; Baramhat 14; Barmuda 21; Tut 21; Tut 23; The third Sunday of Mesra; annual Sundays by Coptic month/week; The fourth Sunday of Kiak; fourth Sunday of Christmas Fast; Wednesday of the fourth week of the holy fifty days (+21 more),Matins; matins_gospel; Liturgy; liturgy_gospel; Vespers; vespers_gospel,Gospel; AnnualReadings; SundayReadings; PentecostReadings; GreatLentReadings,copticchurch_date | Tout 21 | Matins | Gospel | Mark 3:22-27 || copticchurch_date | Tout 23 | Matins | Gospel | Mark 3:22-27 || katameros_cycle | Baramhat 11 | matins_gospel | AnnualReadings | Mark 3:22-27 || katameros_cycle | Baramhat 14 | matins_gospel | AnnualReadings | Mark 3:22-27 || katameros_cycle | Barmuda 21 | matins_gospel | AnnualReadings | Mark 3:22-27
New Testament,Mark,Mark,4,Mark 4,yes,186,katameros_cycle; copticchurch_date,annual Sundays by Coptic month/week; Thursday of the fourth week of the holy fifty days; Tout 21; Tout 23; Baramhat 11; Baramhat 14; Barmuda 21; Tut 21; Tut 23; Holy Fifty Days/Pentecost cycle; Thursday of the first week of Great Lent; Great Lent/Jonah/Nineveh cycle (+8 more),vespers_gospel; Matins; Vespers; matins_gospel; Liturgy; liturgy_gospel,SundayReadings; Gospel; AnnualReadings; PentecostReadings; GreatLentReadings,katameros_cycle | annual Sundays by Coptic month/week | vespers_gospel | SundayReadings | Mark 4:10-20 || copticchurch_date | Thursday of the fourth week of the holy fifty days | Matins | Gospel | Mark 4:21-25 || copticchurch_date | Tout 21 | Vespers | Gospel | Mark 4:21-25 || copticchurch_date | Tout 23 | Vespers | Gospel | Mark 4:21-25 || katameros_cycle | Baramhat 11 | vespers_gospel | AnnualReadings | Mark 4:21-25
New Testament,Mark,Mark,5,Mark 5,yes,17,copticchurch_date; katameros_cycle,Monday of the fifth week of the holy fifty days; Holy Fifty Days/Pentecost cycle,Vespers; vespers_gospel,Gospel; PentecostReadings,copticchurch_date | Monday of the fifth week of the holy fifty days | Vespers | Gospel | Mark 5:21-43 || katameros_cycle | Holy Fifty Days/Pentecost cycle | vespers_gospel | PentecostReadings | Mark 5:21-43
New Testament,Mark,Mark,6,Mark 6,yes,155,copticchurch_date; katameros_cycle,Tout 2; Tut 2; Monday of the sixth week of the holy fifty days; Holy Fifty Days/Pentecost cycle; The fifth Sunday of Abib; The fifth Sunday of Bashons; The fifth Sunday of Mesra; The fifth Sunday of Paona; annual Sundays by Coptic month/week; The first Sunday of Mesra; Wednesday of the fourth week of the holy fifty days; Abib 2 (+10 more),Liturgy; liturgy_gospel; Vespers; vespers_gospel; Matins; matins_gospel,Gospel; AnnualReadings; PentecostReadings; SundayReadings,copticchurch_date | Tout 2 | Liturgy | Gospel | Mark 6:14-29 || katameros_cycle | Tut 2 | liturgy_gospel | AnnualReadings | Mark 6:14-29 || copticchurch_date | Monday of the sixth week of the holy fifty days | Vespers | Gospel | Mark 6:30-34 || katameros_cycle | Holy Fifty Days/Pentecost cycle | vespers_gospel | PentecostReadings | Mark 6:30-34 || copticchurch_date | The fifth Sunday of Abib | Matins | Gospel | Mark 6:35-44
New Testament,Mark,Mark,7,Mark 7,yes,51,copticchurch_date; katameros_cycle,Wednesday of the sixth week of Great Lent; Great Lent/Jonah/Nineveh cycle; Thursday of the fourth week of the holy fifty days; Holy Fifty Days/Pentecost cycle; Thursday of the fifth week of the holy fifty days,Matins; matins_gospel; Vespers; vespers_gospel,Gospel; GreatLentReadings; PentecostReadings,copticchurch_date | Wednesday of the sixth week of Great Lent | Matins | Gospel | Mark 7:1-20 || katameros_cycle | Great Lent/Jonah/Nineveh cycle | matins_gospel | GreatLentReadings | Mark 7:1-20 || copticchurch_date | Thursday of the fourth week of the holy fifty days | Vespers | Gospel | Mark 7:1-4 || katameros_cycle | Holy Fifty Days/Pentecost cycle | vespers_gospel | PentecostReadings | Mark 7:1-4 || copticchurch_date | Thursday of the fifth week of the holy fifty days | Matins | Gospel | Mark 7:5-8
New Testament,Mark,Mark,8,Mark 8,yes,459,copticchurch_date; katameros_cycle; pascha_source_text,Friday of the fourth week of the holy fifty days; Holy Fifty Days/Pentecost cycle; Jonah's Feast; Monday of the sixth week of the holy fifty days; Amshir 11; Amshir 20; Baba 16; Baba 18; Fast of Nineveh; Hator 2; Hator 29; Paona 18 (+55 more),Vespers; vespers_gospel; Matins; matins_gospel; Ninth Hour,Gospel; PentecostReadings; AnnualReadings,copticchurch_date | Friday of the fourth week of the holy fifty days | Vespers | Gospel | Mark 8:10-15 || katameros_cycle | Holy Fifty Days/Pentecost cycle | vespers_gospel | PentecostReadings | Mark 8:10-15 || copticchurch_date | Jonah's Feast | Matins | Gospel | Mark 8:10-21 || copticchurch_date | Monday of the sixth week of the holy fifty days | Matins | Gospel | Mark 8:22-26 || katameros_cycle | Holy Fifty Days/Pentecost cycle | matins_gospel | PentecostReadings | Mark 8:22-26
New Testament,Mark,Mark,9,Mark 9,yes,526,copticchurch_date; katameros_cycle,Abib 19; Abib 27; Abib 30; Abib 8; Friday of the sixth week of the holy fifty days; Hator 11; Hator 22; Hator 26; Hator 7; Hator 8; Mesra 20; Mesra 23 (+49 more),Matins; Vespers; matins_gospel; vespers_gospel; Liturgy; liturgy_gospel,Gospel; AnnualReadings; GreatLentReadings; PentecostReadings,copticchurch_date | Abib 19 | Matins | Gospel | Mark 8:34-9:1 || copticchurch_date | Abib 27 | Matins | Gospel | Mark 8:34-9:1 || copticchurch_date | Abib 30 | Matins | Gospel | Mark 8:34-9:1 || copticchurch_date | Abib 8 | Matins | Gospel | Mark 8:34-9:1 || copticchurch_date | Friday of the sixth week of the holy fifty days | Vespers | Gospel | Mark 8:34-9:1
New Testament,Mark,Mark,10,Mark 10,yes,287,copticchurch_date; katameros_cycle; pascha_source_text,Wednesday of the fifth week of Great Lent; Great Lent/Jonah/Nineveh cycle; Mesra 8; Bashans 10; Saturday of the third week of Great Lent; Tuesday of the second week of Great Lent; Abib 2; Abib 9; Baba 30; Bashons 23; Hator 20; Paona 27 (+22 more),Matins; matins_gospel; Liturgy; liturgy_gospel; Sixth Hour,Gospel; GreatLentReadings; AnnualReadings; SundayReadings,copticchurch_date | Wednesday of the fifth week of Great Lent | Matins | Gospel | Mark 10:1-12 || katameros_cycle | Great Lent/Jonah/Nineveh cycle | matins_gospel | GreatLentReadings | Mark 10:1-12 || copticchurch_date | Mesra 8 | Matins | Gospel | Mark 10:13-16 || katameros_cycle | Bashans 10 | matins_gospel | AnnualReadings | Mark 10:13-16 || katameros_cycle | Mesra 8 | matins_gospel | AnnualReadings | Mark 10:13-16
New Testament,Mark,Mark,11,Mark 11,yes,38,copticchurch_date; katameros_cycle; pascha_day_hour; special_service,Palm Sunday; Great Lent/Jonah/Nineveh cycle; palm_sunday; Monday; Tuesday; Sunday of the week before Great Lent,Liturgy; liturgy_gospel; second_gospel; Third Hour; First Hour; Vespers; vespers_gospel,Gospel; GreatLentReadings; gospel,copticchurch_date | Palm Sunday | Liturgy | Gospel | Mark 11:1-11 || katameros_cycle | Great Lent/Jonah/Nineveh cycle | liturgy_gospel | GreatLentReadings | Mark 11:1-11 || pascha_day_hour | Palm Sunday | Liturgy | Gospel | Mark 11:1-11 || special_service | palm_sunday | second_gospel | gospel | Mark 11:1-11 || pascha_day_hour | Monday | Third Hour | Gospel | Mark 11:11-19
New Testament,Mark,Mark,12,Mark 12,yes,182,copticchurch_date; katameros_cycle,Monday of the sixth week of Great Lent; Great Lent/Jonah/Nineveh cycle; Mesra 28; Thursday of the seventh week of Great Lent; Friday of the fifth week of Great Lent; Wednesday of the fifth week of the holy fifty days; Holy Fifty Days/Pentecost cycle; Sunday of the sixth week of the holy fifty days; Sunday of the sixth week of the holy fifty days and the Feast of Entry into Egypt; Amshir 16; Great Lent; Kiak 13 (+8 more),Matins; matins_gospel; Liturgy; liturgy_gospel; Vespers; vespers_gospel,Gospel; GreatLentReadings; AnnualReadings; PentecostReadings; SundayReadings,copticchurch_date | Monday of the sixth week of Great Lent | Matins | Gospel | Mark 12:1-12 || katameros_cycle | Great Lent/Jonah/Nineveh cycle | matins_gospel | GreatLentReadings | Mark 12:1-12 || copticchurch_date | Mesra 28 | Liturgy | Gospel | Mark 12:18-27 || copticchurch_date | Thursday of the seventh week of Great Lent | Liturgy | Gospel | Mark 12:18-27 || katameros_cycle | Mesra 28 | liturgy_gospel | AnnualReadings | Mark 12:18-27
New Testament,Mark,Mark,13,Mark 13,yes,409,copticchurch_date; katameros_cycle; pascha_day_hour,The fourth Sunday of Mesra; annual Sundays by Coptic month/week; Tuesday Eve; The first Sunday of Nasie; Monday Eve; Amshir 12; Amshir 19; Amshir 3; Baba 13; Baba 25; Baba 7; Bashons 20 (+46 more),Liturgy; liturgy_gospel; Eleventh Hour; Matins; matins_gospel,Gospel; SundayReadings; AnnualReadings; GreatLentReadings,copticchurch_date | The fourth Sunday of Mesra | Liturgy | Gospel | Mark 13:3-37 || katameros_cycle | annual Sundays by Coptic month/week | liturgy_gospel | SundayReadings | Mark 13:3-37 || pascha_day_hour | Tuesday Eve | Eleventh Hour | Gospel | Mark 13:32-14:2 || copticchurch_date | The first Sunday of Nasie | Matins | Gospel | Mark 13:32-37 || katameros_cycle | annual Sundays by Coptic month/week | matins_gospel | SundayReadings | Mark 13:32-37
New Testament,Mark,Mark,14,Mark 14,yes,82,pascha_day_hour; pascha_source_text; copticchurch_date; katameros_cycle; special_service,Tuesday Eve; Monday Eve; Great Thursday; Great Thursday Eve; Good Friday Eve; Wednesday Eve; Thursday Eve; Amshir 16; Great Lent; Kiak 13; The first Sunday of Kiak; Tout 26 (+7 more),Eleventh Hour; Sixth Hour; Third Hour; Vespers; vespers_gospel; liturgy; Ninth Hour,Gospel; AnnualReadings; SundayReadings; gospel,pascha_day_hour | Tuesday Eve | Eleventh Hour | Gospel | Mark 13:32-14:2 || pascha_day_hour | Monday Eve | Eleventh Hour | Gospel | Mark 14:1-2 || pascha_day_hour | Tuesday Eve | Eleventh Hour | Gospel | Mark 14:1-2 || pascha_day_hour | Great Thursday | Sixth Hour | Gospel | Mark 14:12-16 || pascha_day_hour | Great Thursday Eve | Third Hour | Gospel | Mark 14:26-31
New Testament,Mark,Mark,15,Mark 15,yes,6,pascha_day_hour,Good Friday,First Hour; Sixth Hour; Ninth Hour; Eleventh Hour; Twelfth Hour; Third Hour,Gospel,pascha_day_hour | Good Friday | First Hour | Gospel | Mark 15:1-5 || pascha_day_hour | Good Friday | Sixth Hour | Gospel | Mark 15:26-33 || pascha_day_hour | Good Friday | Ninth Hour | Gospel | Mark 15:34-37 || pascha_day_hour | Good Friday | Eleventh Hour | Gospel | Mark 15:38-41 || pascha_day_hour | Good Friday | Twelfth Hour | Gospel | Mark 15:42-16:1
New Testament,Mark,Mark,16,Mark 16,yes,164,pascha_day_hour; special_service; copticchurch_date; katameros_cycle,Good Friday; myron_consecration; The Feast of the Ascension; Holy Fifty Days/Pentecost cycle; Monday of the fourth week of the holy fifty days; The Feast of Resurrection; Friday of the first week of the holy fifty days; The second Sunday of Abib; The second Sunday of Baba; The second Sunday of Hator; The second Sunday of Mesra; The second Sunday of Paona (+2 more),Twelfth Hour; matins; Matins; matins_gospel; Vespers; vespers_gospel; Liturgy; liturgy_gospel,Gospel; gospel; PentecostReadings; SundayReadings,pascha_day_hour | Good Friday | Twelfth Hour | Gospel | Mark 15:42-16:1 || special_service | myron_consecration | matins | gospel | Mark 16 || copticchurch_date | The Feast of the Ascension | Matins | Gospel | Mark 16:12-20 || katameros_cycle | Holy Fifty Days/Pentecost cycle | matins_gospel | PentecostReadings | Mark 16:12-20 || copticchurch_date | Monday of the fourth week of the holy fifty days | Vespers | Gospel | Mark 16:17-20
New Testament,Luke,Lk,1,Lk 1,yes,244,copticchurch_date; katameros_cycle; special_service; bright_saturday_service_order,Amshir 16; Great Lent; Kiak 13; Mesra 7; The first Sunday of Kiak; Tout 26; first Sunday of Christmas Fast; Hatur 11; annual Sundays by Coptic month/week; Kiyahk 13; Tut 26; Annunciation (+29 more),Liturgy; liturgy_gospel; procession_station_03_archangel_gabriel; procession_station_02_holy_virgin_st_mary; Midnight Praises,Gospel; AnnualReadings; SundayReadings; gospel; Praise of the Virgin Mary; Prayer of Zacharias the Priest,copticchurch_date | Amshir 16 | Liturgy | Gospel | Lk 1:1-25 || copticchurch_date | Great Lent | Liturgy | Gospel | Lk 1:1-25 || copticchurch_date | Kiak 13 | Liturgy | Gospel | Lk 1:1-25 || copticchurch_date | Mesra 7 | Liturgy | Gospel | Lk 1:1-25 || copticchurch_date | The first Sunday of Kiak | Liturgy | Gospel | Lk 1:1-25
New Testament,Luke,Lk,2,Lk 2,yes,126,copticchurch_date; katameros_cycle; special_service; agpeya; bright_saturday_service_order,Christmas Paramoune; Kiyahk 28; Circumcision of our Lord; Entrance into the Temple; Amshir 8; Tubah 6; baptism; daily_hours; PRAISES OF THE PROPHETS,Liturgy; liturgy_gospel; Vespers; vespers_gospel; part_1; Twelfth Hour (Compline / Before Sleep); Midnight Praises; Matins; matins_gospel,Gospel; AnnualReadings; gospel; Prayer of Simeon the Elder,copticchurch_date | Christmas Paramoune | Liturgy | Gospel | Lk 2:1-20 || katameros_cycle | Kiyahk 28 | liturgy_gospel | AnnualReadings | Lk 2:1-20 || copticchurch_date | Circumcision of our Lord | Vespers | Gospel | Lk 2:15-20 || copticchurch_date | Entrance into the Temple | Vespers | Gospel | Lk 2:15-20 || katameros_cycle | Amshir 8 | vespers_gospel | AnnualReadings | Lk 2:15-20
New Testament,Luke,Lk,3,Lk 3,yes,59,copticchurch_date; katameros_cycle,Epiphany Paramoune; Tubah 10; The Second Day of Feast of Epiphany; Tubah 12; Christmas; Kiyahk 29,Liturgy; liturgy_gospel; Vespers; vespers_gospel,Gospel; AnnualReadings,copticchurch_date | Epiphany Paramoune | Liturgy | Gospel | Lk 3:1-18 || katameros_cycle | Tubah 10 | liturgy_gospel | AnnualReadings | Lk 3:1-18 || copticchurch_date | The Second Day of Feast of Epiphany | Vespers | Gospel | Lk 3:21-22 || katameros_cycle | Tubah 12 | vespers_gospel | AnnualReadings | Lk 3:21-22 || copticchurch_date | Christmas | Vespers | Gospel | Lk 3:23-38
New Testament,Luke,Lk,4,Lk 4,yes,218,copticchurch_date; katameros_cycle; agpeya,Sunday of the second week of Great Lent; The fourth Sunday of Bashons; Wednesday of the third week of Great Lent; annual Sundays by Coptic month/week; Great Lent/Jonah/Nineveh cycle; Feast of Nayrouz - (Readings of the First of Tut); Tout 1; Feast of Nayrouz; Tuesday of the sixth week of Great Lent; Nasie 6; Al-Nasi 6; Friday of the fourth week of Great Lent (+10 more),Matins; Liturgy; liturgy_gospel; matins_gospel; Eleventh Hour (Vespers); Vespers; vespers_gospel,Gospel; SundayReadings; GreatLentReadings; AnnualReadings; gospel; PentecostReadings,copticchurch_date | Sunday of the second week of Great Lent | Matins | Gospel | Lk 4:1-13 || copticchurch_date | The fourth Sunday of Bashons | Liturgy | Gospel | Lk 4:1-13 || copticchurch_date | Wednesday of the third week of Great Lent | Liturgy | Gospel | Lk 4:1-13 || katameros_cycle | annual Sundays by Coptic month/week | liturgy_gospel | SundayReadings | Lk 4:1-13 || katameros_cycle | Great Lent/Jonah/Nineveh cycle | matins_gospel | GreatLentReadings | Lk 4:1-13
New Testament,Luke,Lk,5,Lk 5,yes,124,copticchurch_date; katameros_cycle,Monday of the seventh week of the holy fifty days; Monday of the seventh week of the holy fifty days and the Feast of Entry into Egypt; The second Sunday of Baba; Thomas Sunday; annual Sundays by Coptic month/week; Holy Fifty Days/Pentecost cycle; Friday of the first week of Great Lent; Great Lent/Jonah/Nineveh cycle; The second Sunday of Paona; Nasie 2; Al-Nasi 2; Baba 12 (+3 more),Matins; Liturgy; Vespers; liturgy_gospel; vespers_gospel; matins_gospel,Gospel; SundayReadings; PentecostReadings; GreatLentReadings; AnnualReadings,copticchurch_date | Monday of the seventh week of the holy fifty days | Matins | Gospel | Lk 4:42-5:3 || copticchurch_date | Monday of the seventh week of the holy fifty days and the Feast of Entry into Egypt | Matins | Gospel | Lk 4:42-5:3 || copticchurch_date | The second Sunday of Baba | Liturgy | Gospel | Lk 5:1-11 || copticchurch_date | Thomas Sunday | Vespers | Gospel | Lk 5:1-11 || katameros_cycle | annual Sundays by Coptic month/week | liturgy_gospel | SundayReadings | Lk 5:1-11
New Testament,Luke,Lk,6,Lk 6,yes,805,copticchurch_date; katameros_cycle,Tuesday of the seventh week of the holy fifty days; Holy Fifty Days/Pentecost cycle; Abib 18; Abib 29; Abib 5 (Apostle's Feast); Amshir 10; Amshir 21; Bashons 26; Great Lent; Hator 18; Kiak 21; Kiak 4 (+107 more),Matins; matins_gospel; Liturgy; liturgy_gospel,Gospel; PentecostReadings; AnnualReadings; GreatLentReadings; SundayReadings,copticchurch_date | Tuesday of the seventh week of the holy fifty days | Matins | Gospel | Lk 6:12-16 || katameros_cycle | Holy Fifty Days/Pentecost cycle | matins_gospel | PentecostReadings | Lk 6:12-16 || copticchurch_date | Abib 18 | Matins | Gospel | Lk 6:12-23 || copticchurch_date | Abib 29 | Matins | Gospel | Lk 6:12-23 || copticchurch_date | Abib 5 (Apostle's Feast) | Matins | Gospel | Lk 6:12-23
New Testament,Luke,Lk,7,Lk 7,yes,278,copticchurch_date; katameros_cycle; special_service; agpeya,The fourth Sunday of Abib; Tout 16; annual Sundays by Coptic month/week; Baramhat 28; Bashans 9; Tut 16; funeral; Abib 20; Amshir 25; Amshir 28; Baba 15; Baba 19 (+32 more),Vespers; vespers_gospel; part_4; Matins; Liturgy; matins_gospel; liturgy_gospel; procession_station_12_st_john_the_baptist; Midnight Prayer - Second Watch; sixth_prayer,Gospel; SundayReadings; AnnualReadings; gospel; PentecostReadings,copticchurch_date | The fourth Sunday of Abib | Vespers | Gospel | Lk 7:1-10 || copticchurch_date | Tout 16 | Vespers | Gospel | Lk 7:1-10 || katameros_cycle | annual Sundays by Coptic month/week | vespers_gospel | SundayReadings | Lk 7:1-10 || katameros_cycle | Baramhat 28 | vespers_gospel | AnnualReadings | Lk 7:1-10 || katameros_cycle | Bashans 9 | vespers_gospel | AnnualReadings | Lk 7:1-10
New Testament,Luke,Lk,8,Lk 8,yes,118,copticchurch_date; katameros_cycle,The fourth Sunday of Kiak; Thursday of the seventh week of the holy fifty days; Thursday of the seventh week of the holy fifty days and the Feast of Entry into Egypt; fourth Sunday of Christmas Fast; annual Sundays by Coptic month/week; Holy Fifty Days/Pentecost cycle; Friday of the seventh week of the holy fifty days; Thursday of the first week of Great Lent; Great Lent/Jonah/Nineveh cycle; The first Sunday of Hator; Saturday of the seventh week of the holy fifty days,Vespers; Matins; vespers_gospel; matins_gospel; Liturgy; liturgy_gospel,Gospel; SundayReadings; PentecostReadings; GreatLentReadings,copticchurch_date | The fourth Sunday of Kiak | Vespers | Gospel | Lk 8:1-3 || copticchurch_date | Thursday of the seventh week of the holy fifty days | Matins | Gospel | Lk 8:1-3 || copticchurch_date | Thursday of the seventh week of the holy fifty days and the Feast of Entry into Egypt | Matins | Gospel | Lk 8:1-3 || copticchurch_date | fourth Sunday of Christmas Fast | Vespers | Gospel | Lk 8:1-3 || katameros_cycle | annual Sundays by Coptic month/week | vespers_gospel | SundayReadings | Lk 8:1-3
New Testament,Luke,Lk,9,Lk 9,yes,342,copticchurch_date; katameros_cycle; agpeya; pascha_source_text; special_service,Amshir 4; Baba 22; Kiak 18; The first Sunday of Abib; The first Sunday of Abib (Apostle's Feast); annual Sundays by Coptic month/week; Babah 22; Kiyahk 18; daily_hours; The third Sunday of Abib; Monday of the fifth week of Great Lent; The fifth Sunday of Abib (+40 more),Vespers; vespers_gospel; Ninth Hour (None); Liturgy; liturgy_gospel; Third Hour; foundation_cornerstone; part_1; Matins; matins_gospel,Gospel; SundayReadings; AnnualReadings; gospel; GreatLentReadings; PentecostReadings,copticchurch_date | Amshir 4 | Vespers | Gospel | Lk 9:1-6 || copticchurch_date | Baba 22 | Vespers | Gospel | Lk 9:1-6 || copticchurch_date | Kiak 18 | Vespers | Gospel | Lk 9:1-6 || copticchurch_date | The first Sunday of Abib | Vespers | Gospel | Lk 9:1-6 || copticchurch_date | The first Sunday of Abib (Apostle's Feast) | Vespers | Gospel | Lk 9:1-6
New Testament,Luke,Lk,10,Lk 10,yes,357,special_service; copticchurch_date; katameros_cycle,palm_sunday; Abib 6; Amshir 4; Baba 14; Baba 22; Baba 26; Bashons 22; Kiak 18; Paona 1; Paona 25; The first Sunday of Abib; The first Sunday of Abib (Apostle's Feast) (+51 more),procession_station_05_st_mark_evangelist; Liturgy; Vespers; liturgy_gospel; vespers_gospel; fourth_prayer; Matins; matins_gospel; part_2,gospel; Gospel; SundayReadings; AnnualReadings; PentecostReadings,special_service | palm_sunday | procession_station_05_st_mark_evangelist | gospel | Lk 10:1-12 || copticchurch_date | Abib 6 | Liturgy | Gospel | Lk 10:1-20 || copticchurch_date | Amshir 4 | Liturgy | Gospel | Lk 10:1-20 || copticchurch_date | Baba 14 | Vespers | Gospel | Lk 10:1-20 || copticchurch_date | Baba 22 | Liturgy | Gospel | Lk 10:1-20
New Testament,Luke,Lk,11,Lk 11,yes,648,copticchurch_date; katameros_cycle; pascha_day_hour,Friday of the first week of Great Lent; Great Lent/Jonah/Nineveh cycle; The first Sunday of Paona; annual Sundays by Coptic month/week; Friday of the third week of Great Lent; Saturday of the fourth week of the holy fifty days; Saturday of the fourth week of the holy fifty days and the Feast of Entry into Egypt; Holy Fifty Days/Pentecost cycle; Annunciation; The fifth Sunday of Abib (Readings of 29th Baramhat); The fifth Sunday of Baba (Readings of 29th Baramhat); The fifth Sunday of Hator (Readings of 29th Baramhat) (+71 more),Liturgy; liturgy_gospel; Vespers; vespers_gospel; Matins; matins_gospel; Ninth Hour,Gospel; GreatLentReadings; SundayReadings; PentecostReadings; AnnualReadings,copticchurch_date | Friday of the first week of Great Lent | Liturgy | Gospel | Lk 11:1-10 || katameros_cycle | Great Lent/Jonah/Nineveh cycle | liturgy_gospel | GreatLentReadings | Lk 11:1-10 || copticchurch_date | The first Sunday of Paona | Liturgy | Gospel | Lk 11:1-13 || katameros_cycle | annual Sundays by Coptic month/week | liturgy_gospel | SundayReadings | Lk 11:1-13 || copticchurch_date | Friday of the third week of Great Lent | Liturgy | Gospel | Lk 11:14-26
New Testament,Luke,Lk,12,Lk 12,yes,715,copticchurch_date; katameros_cycle; agpeya,Abib 12; Abib 21; Abib 24; Abib 4; Amshir 6; Baba 10; Baba 4; Great Lent; Hator 15; Hator 19; Kiak 8; Mesra 9 (+84 more),Liturgy; Vespers; liturgy_gospel; vespers_gospel; Matins; matins_gospel; Midnight Prayer - Third Watch,Gospel; AnnualReadings; PentecostReadings; GreatLentReadings; SundayReadings; gospel,copticchurch_date | Abib 12 | Liturgy | Gospel | Lk 11:53-12:12 || copticchurch_date | Abib 21 | Liturgy | Gospel | Lk 11:53-12:12 || copticchurch_date | Abib 24 | Liturgy | Gospel | Lk 11:53-12:12 || copticchurch_date | Abib 4 | Liturgy | Gospel | Lk 11:53-12:12 || copticchurch_date | Amshir 6 | Liturgy | Gospel | Lk 11:53-12:12
New Testament,Luke,Lk,13,Lk 13,yes,233,copticchurch_date; katameros_cycle; special_service; pascha_day_hour,Monday of the sixth week of Great Lent; Saturday of the week before Great Lent; Great Lent/Jonah/Nineveh cycle; Nasie 6; Thursday of the fifth week of Great Lent; Al-Nasi 6; Wednesday of the third week of Great Lent; palm_sunday; Sunday of the sixth week of Great Lent; Abib 15; Amshir 9; Bashons 21 (+19 more),Liturgy; liturgy_gospel; Vespers; vespers_gospel; Matins; matins_gospel; procession_station_09_northern_door; First Hour; Third Hour,Gospel; GreatLentReadings; AnnualReadings; gospel,copticchurch_date | Monday of the sixth week of Great Lent | Liturgy | Gospel | Lk 13:1-5 || copticchurch_date | Saturday of the week before Great Lent | Liturgy | Gospel | Lk 13:1-5 || katameros_cycle | Great Lent/Jonah/Nineveh cycle | liturgy_gospel | GreatLentReadings | Lk 13:1-5 || copticchurch_date | Nasie 6 | Vespers | Gospel | Lk 13:10-17 || copticchurch_date | Thursday of the fifth week of Great Lent | Liturgy | Gospel | Lk 13:10-17
New Testament,Luke,Lk,14,Lk 14,yes,266,copticchurch_date; katameros_cycle,"Saturday of the fifth week of the holy fifty days; Saturday of the fifth week of the holy fifty days and the Feast of Entry into Egypt; Holy Fifty Days/Pentecost cycle; Friday of the fifth week of the holy fifty days; Friday of the fifth week of the holy fifty days and the Feast of Entry into Egypt; Mesra 30; Wednesday of the fourth week of Great Lent; Great Lent/Jonah/Nineveh cycle; Sunday, Tout 19 (Feast of the Cross); Tout 19 (Feast of the Cross); Abib 15; Amshir 9 (+22 more)",Vespers; vespers_gospel; Matins; matins_gospel; Liturgy; liturgy_gospel,Gospel; PentecostReadings; AnnualReadings; GreatLentReadings; SundayReadings,copticchurch_date | Saturday of the fifth week of the holy fifty days | Vespers | Gospel | Lk 14:1-6 || copticchurch_date | Saturday of the fifth week of the holy fifty days and the Feast of Entry into Egypt | Vespers | Gospel | Lk 14:1-6 || katameros_cycle | Holy Fifty Days/Pentecost cycle | vespers_gospel | PentecostReadings | Lk 14:1-6 || copticchurch_date | Friday of the fifth week of the holy fifty days | Matins | Gospel | Lk 14:12-15 || copticchurch_date | Friday of the fifth week of the holy fifty days and the Feast of Entry into Egypt | Matins | Gospel | Lk 14:12-15
New Testament,Luke,Lk,15,Lk 15,yes,59,copticchurch_date; katameros_cycle,Sunday of the third week of Great Lent; Great Lent/Jonah/Nineveh cycle; Hator 12; Paona 12; Saturday of the fifth week of Great Lent; Baunah 12; Hatur 12,Liturgy; liturgy_gospel; Matins; matins_gospel,Gospel; GreatLentReadings; AnnualReadings,copticchurch_date | Sunday of the third week of Great Lent | Liturgy | Gospel | Lk 15:11-32 || katameros_cycle | Great Lent/Jonah/Nineveh cycle | liturgy_gospel | GreatLentReadings | Lk 15:11-32 || copticchurch_date | Hator 12 | Matins | Gospel | Lk 15:3-10 || copticchurch_date | Paona 12 | Matins | Gospel | Lk 15:3-10 || copticchurch_date | Saturday of the fifth week of Great Lent | Matins | Gospel | Lk 15:3-10
New Testament,Luke,Lk,16,Lk 16,yes,234,copticchurch_date; katameros_cycle,Amshir 12; Amshir 19; Amshir 3; Baba 13; Baba 25; Baba 7; Bashons 20; Fast of Nineveh; Kiak 12; Nasie 4; Paona 29; Toba 14 (+20 more),Liturgy; liturgy_gospel; Vespers; vespers_gospel; Matins; matins_gospel,Gospel; AnnualReadings; SundayReadings; GreatLentReadings,copticchurch_date | Amshir 12 | Liturgy | Gospel | Lk 16:1-12 || copticchurch_date | Amshir 19 | Liturgy | Gospel | Lk 16:1-12 || copticchurch_date | Amshir 3 | Liturgy | Gospel | Lk 16:1-12 || copticchurch_date | Baba 13 | Liturgy | Gospel | Lk 16:1-12 || copticchurch_date | Baba 25 | Liturgy | Gospel | Lk 16:1-12
New Testament,Luke,Lk,17,Lk 17,yes,123,copticchurch_date; katameros_cycle,The fourth Sunday of Amshir; Tuesday of the seventh week of Great Lent; annual Sundays by Coptic month/week; Great Lent/Jonah/Nineveh cycle; The fourth Sunday of Mesra; Friday of the seventh week of Great Lent; Sunday of the week before Great Lent; Saturday of the week before Great Lent; Amshir 4; Baba 22; Kiak 18; Babah 22 (+1 more),Vespers; Matins; vespers_gospel; matins_gospel,Gospel; SundayReadings; GreatLentReadings; AnnualReadings,copticchurch_date | The fourth Sunday of Amshir | Vespers | Gospel | Lk 17:1-10 || copticchurch_date | Tuesday of the seventh week of Great Lent | Matins | Gospel | Lk 17:1-10 || katameros_cycle | annual Sundays by Coptic month/week | vespers_gospel | SundayReadings | Lk 17:1-10 || katameros_cycle | Great Lent/Jonah/Nineveh cycle | matins_gospel | GreatLentReadings | Lk 17:1-10 || copticchurch_date | The fourth Sunday of Amshir | Matins | Gospel | Lk 17:11-19
New Testament,Luke,Lk,18,Lk 18,yes,97,copticchurch_date; katameros_cycle,Monday of the second week of Great Lent; Sunday of the fifth week of Great Lent; Great Lent/Jonah/Nineveh cycle; Lazarus Saturday of Great Lent; Saturday of the second week of the holy fifty days; Thursday of the fourth week of Great Lent; Holy Fifty Days/Pentecost cycle; The second Sunday of Mesra; annual Sundays by Coptic month/week,Liturgy; Vespers; liturgy_gospel; vespers_gospel; Matins; matins_gospel,Gospel; GreatLentReadings; PentecostReadings; SundayReadings,copticchurch_date | Monday of the second week of Great Lent | Liturgy | Gospel | Lk 18:1-8 || copticchurch_date | Sunday of the fifth week of Great Lent | Vespers | Gospel | Lk 18:1-8 || katameros_cycle | Great Lent/Jonah/Nineveh cycle | liturgy_gospel | GreatLentReadings | Lk 18:1-8 || katameros_cycle | Great Lent/Jonah/Nineveh cycle | vespers_gospel | GreatLentReadings | Lk 18:1-8 || copticchurch_date | Lazarus Saturday of Great Lent | Matins | Gospel | Lk 18:35-43
New Testament,Luke,Lk,19,Lk 19,yes,266,copticchurch_date; katameros_cycle; pascha_day_hour; special_service,Palm Sunday; The fourth Sunday of Amshir; The third Sunday of Tout; Tout 16; annual Sundays by Coptic month/week; Baramhat 28; Bashans 9; Tut 16; Great Lent/Jonah/Nineveh cycle; home_blessing; altar_consecration; palm_sunday (+30 more),Matins; Liturgy; liturgy_gospel; matins_gospel; main_readings; part_3; matins; second_prayer; third_gospel,Gospel; SundayReadings; AnnualReadings; GreatLentReadings; gospel,copticchurch_date | Palm Sunday | Matins | Gospel | Lk 19:1-10 || copticchurch_date | The fourth Sunday of Amshir | Liturgy | Gospel | Lk 19:1-10 || copticchurch_date | The third Sunday of Tout | Liturgy | Gospel | Lk 19:1-10 || copticchurch_date | Tout 16 | Matins | Gospel | Lk 19:1-10 || katameros_cycle | annual Sundays by Coptic month/week | liturgy_gospel | SundayReadings | Lk 19:1-10
New Testament,Luke,Lk,20,Lk 20,yes,81,copticchurch_date; katameros_cycle,Thursday of the third week of Great Lent; Great Lent/Jonah/Nineveh cycle; Friday of the third week of Great Lent; Friday of the first week of the holy fifty days; Holy Fifty Days/Pentecost cycle; The first Sunday of Mesra; Thursday of the sixth week of Great Lent; annual Sundays by Coptic month/week,Matins; matins_gospel; Liturgy; liturgy_gospel,Gospel; GreatLentReadings; PentecostReadings; SundayReadings,copticchurch_date | Thursday of the third week of Great Lent | Matins | Gospel | Lk 20:20-26 || katameros_cycle | Great Lent/Jonah/Nineveh cycle | matins_gospel | GreatLentReadings | Lk 20:20-26 || copticchurch_date | Friday of the third week of Great Lent | Matins | Gospel | Lk 20:27-38 || katameros_cycle | Great Lent/Jonah/Nineveh cycle | matins_gospel | GreatLentReadings | Lk 20:27-38 || copticchurch_date | Friday of the first week of the holy fifty days | Matins | Gospel | Lk 20:27-39
New Testament,Luke,Lk,21,Lk 21,yes,291,copticchurch_date; katameros_cycle; special_service; pascha_source_text,Abib 19; Abib 27; Abib 30; Abib 8; Hator 11; Hator 22; Hator 26; Hator 7; Mesra 20; Mesra 23; Mesra 26; Mesra 27 (+28 more),Liturgy; liturgy_gospel; procession_station_07_st_george; Vespers; vespers_gospel; Sixth Hour,Gospel; AnnualReadings; gospel; SundayReadings,copticchurch_date | Abib 19 | Liturgy | Gospel | Lk 21:12-19 || copticchurch_date | Abib 27 | Liturgy | Gospel | Lk 21:12-19 || copticchurch_date | Abib 30 | Liturgy | Gospel | Lk 21:12-19 || copticchurch_date | Abib 8 | Liturgy | Gospel | Lk 21:12-19 || copticchurch_date | Hator 11 | Liturgy | Gospel | Lk 21:12-19
New Testament,Luke,Lk,22,Lk 22,yes,82,pascha_day_hour; copticchurch_date; katameros_cycle; pascha_source_text,Wednesday; Abib 7; Amshir 2; Baba 20; Fast of Nineveh; Kiak 25; Kiak 7; Babah 20; Kiyahk 25; Kiyahk 7; Great Thursday Eve; Good Friday Eve (+2 more),Third Hour; Vespers; vespers_gospel; Sixth Hour; Ninth Hour; Eleventh Hour; First Hour,Gospel; AnnualReadings,pascha_day_hour | Wednesday | Third Hour | Gospel | Lk 22:1-6 || copticchurch_date | Abib 7 | Vespers | Gospel | Lk 22:24-30 || copticchurch_date | Amshir 2 | Vespers | Gospel | Lk 22:24-30 || copticchurch_date | Baba 20 | Vespers | Gospel | Lk 22:24-30 || copticchurch_date | Fast of Nineveh | Vespers | Gospel | Lk 22:24-30
New Testament,Luke,Lk,23,Lk 23,yes,7,pascha_day_hour; special_service,Good Friday; myron_consecration,First Hour; Third Hour; Sixth Hour; Ninth Hour; Eleventh Hour; Twelfth Hour; vespers,Gospel; gospel,pascha_day_hour | Good Friday | First Hour | Gospel | Lk 22:66-23:12 || pascha_day_hour | Good Friday | Third Hour | Gospel | Lk 23:13-25 || pascha_day_hour | Good Friday | Sixth Hour | Gospel | Lk 23:26-44 || pascha_day_hour | Good Friday | Ninth Hour | Gospel | Lk 23:45-46 || pascha_day_hour | Good Friday | Eleventh Hour | Gospel | Lk 23:47-49
New Testament,Luke,Lk,24,Lk 24,yes,135,copticchurch_date; katameros_cycle; special_service,Monday of the first week of the holy fifty days; The third Sunday of Abib; The third Sunday of Baba; The third Sunday of Hator; The third Sunday of Hator of Christmas Fast; The third Sunday of Mesra; The third Sunday of Paona; annual Sundays by Coptic month/week; Holy Fifty Days/Pentecost cycle; myron_consecration; The Feast of the Ascension; pentecost_prostration,Matins; matins_gospel; vespers; Liturgy; liturgy_gospel; main_readings,Gospel; SundayReadings; PentecostReadings; gospel,copticchurch_date | Monday of the first week of the holy fifty days | Matins | Gospel | Lk 24:1-12 || copticchurch_date | The third Sunday of Abib | Matins | Gospel | Lk 24:1-12 || copticchurch_date | The third Sunday of Baba | Matins | Gospel | Lk 24:1-12 || copticchurch_date | The third Sunday of Hator | Matins | Gospel | Lk 24:1-12 || copticchurch_date | The third Sunday of Hator of Christmas Fast | Matins | Gospel | Lk 24:1-12
New Testament,John,Jn,1,Jn 1,yes,200,copticchurch_date; katameros_cycle; agpeya; special_service,Kiak 30; Kiyahk 30; daily_hours; Abib 16; Amshir 29; Great Lent; Hator 24; Kiak 24; Nasie 1; Toba 4; Al-Nasi 1; Barmuda 16 (+19 more),Liturgy; liturgy_gospel; First Hour (Prime / Morning Prayer); Matins; matins_gospel; matins; procession_station_01_main_sanctuary,Gospel; AnnualReadings; gospel; PentecostReadings,copticchurch_date | Kiak 30 | Liturgy | Gospel | Jn 1:1-13 || katameros_cycle | Kiyahk 30 | liturgy_gospel | AnnualReadings | Jn 1:1-13 || agpeya | daily_hours | First Hour (Prime / Morning Prayer) | gospel | Jn 1:1-17 || copticchurch_date | Abib 16 | Matins | Gospel | Jn 1:1-17 || copticchurch_date | Amshir 29 | Matins | Gospel | Jn 1:1-17
New Testament,John,Jn,2,Jn 2,yes,97,copticchurch_date; katameros_cycle; pascha_day_hour,Baba 6; Nasie 6; Wedding of Cana; Al-Nasi 6; Tubah 13; Jonah's Feast; Wednesday of the first week of the holy fifty days; Holy Fifty Days/Pentecost cycle; Monday; Tout 21; Tout 23,Liturgy; liturgy_gospel; Sixth Hour,Gospel; AnnualReadings; PentecostReadings; Catholic Epistle,copticchurch_date | Baba 6 | Liturgy | Gospel | Jn 2:1-11 || copticchurch_date | Nasie 6 | Liturgy | Gospel | Jn 2:1-11 || copticchurch_date | Wedding of Cana | Liturgy | Gospel | Jn 2:1-11 || katameros_cycle | Al-Nasi 6 | liturgy_gospel | AnnualReadings | Jn 2:1-11 || katameros_cycle | Tubah 13 | liturgy_gospel | AnnualReadings | Jn 2:1-11
New Testament,John,Jn,3,Jn 3,yes,213,copticchurch_date; katameros_cycle; special_service,"Friday of the sixth week of Great Lent; Great Lent/Jonah/Nineveh cycle; Baba 14; The third Sunday of Toba; Babah 14; Baramhat 25; annual Sundays by Coptic month/week; myron_consecration; baptism; Sunday, Tout 18 (Feast of the Cross); Tout 18 (Feast of the Cross); Tut 18 (+14 more)",Liturgy; liturgy_gospel; Matins; matins_gospel; matins; part_3; Vespers; vespers_gospel,Gospel; GreatLentReadings; AnnualReadings; SundayReadings; gospel; PentecostReadings,copticchurch_date | Friday of the sixth week of Great Lent | Liturgy | Gospel | Jn 3:1-13 || katameros_cycle | Great Lent/Jonah/Nineveh cycle | liturgy_gospel | GreatLentReadings | Jn 3:1-13 || copticchurch_date | Baba 14 | Liturgy | Gospel | Jn 3:1-21 || copticchurch_date | The third Sunday of Toba | Matins | Gospel | Jn 3:1-21 || katameros_cycle | Babah 14 | liturgy_gospel | AnnualReadings | Jn 3:1-21
New Testament,John,Jn,4,Jn 4,yes,358,special_service; copticchurch_date; katameros_cycle,myron_consecration; pentecost_prostration; Sunday of the fourth week of Great Lent; Sunday of the third week of the holy fifty days; Holy Fifty Days/Pentecost cycle; Great Lent/Jonah/Nineveh cycle; annual Sundays by Coptic month/week; Abib 1; Abib 17; Abib 28; Baba 1; Fast of Nineveh (+41 more),matins; main_readings; Liturgy; liturgy_gospel; liturgy_catholic; Matins; matins_gospel; Vespers; vespers_gospel,gospel; Gospel; PentecostReadings; GreatLentReadings; SundayReadings; AnnualReadings,special_service | myron_consecration | matins | gospel | Jn 4:1-2 || special_service | pentecost_prostration | main_readings | gospel | Jn 4:1-24 || copticchurch_date | Sunday of the fourth week of Great Lent | Liturgy | Gospel | Jn 4:1-42 || copticchurch_date | Sunday of the third week of the holy fifty days | Liturgy | Gospel | Jn 4:1-42 || katameros_cycle | Holy Fifty Days/Pentecost cycle | liturgy_gospel | PentecostReadings | Jn 4:1-42
New Testament,John,Jn,5,Jn 5,yes,144,special_service; copticchurch_date; katameros_cycle; bright_saturday_service_order,unction_of_the_sick; Sunday of the fifth week of Great Lent; The third Sunday of Toba; annual Sundays by Coptic month/week; Great Lent/Jonah/Nineveh cycle; funeral; general_funeral; 9TH HOUR; Tuesday of the second week of the holy fifty days; Holy Fifty Days/Pentecost cycle; Wednesday of the second week of the holy fifty days; The fourth Sunday of Toba (+4 more),first_prayer; Liturgy; Vespers; vespers_gospel; liturgy_gospel; part_1; main_readings; 9th Hour; Matins; matins_gospel,gospel; Gospel; SundayReadings; GreatLentReadings; PentecostReadings,special_service | unction_of_the_sick | first_prayer | gospel | Jn 5:1-17 || copticchurch_date | Sunday of the fifth week of Great Lent | Liturgy | Gospel | Jn 5:1-18 || copticchurch_date | The third Sunday of Toba | Vespers | Gospel | Jn 5:1-18 || katameros_cycle | annual Sundays by Coptic month/week | vespers_gospel | SundayReadings | Jn 5:1-18 || katameros_cycle | Great Lent/Jonah/Nineveh cycle | liturgy_gospel | GreatLentReadings | Jn 5:1-18
New Testament,John,Jn,6,Jn 6,yes,302,copticchurch_date; katameros_cycle; agpeya,"Saturday of the second week of the holy fifty days; Holy Fifty Days/Pentecost cycle; The first Sunday of Amshir; annual Sundays by Coptic month/week; Tuesday of the first week of the holy fifty days; optional_prayers; Sunday of the second week of the holy fifty days; The third Sunday of Amshir; Wednesday of the seventh week of Great Lent; Great Lent/Jonah/Nineveh cycle; Sunday, Tout 18 (Feast of the Cross); Tout 18 (Feast of the Cross) (+13 more)",Liturgy; liturgy_gospel; Vespers; vespers_gospel; Veil Prayer; Matins; matins_gospel,Gospel; PentecostReadings; SundayReadings; gospel; GreatLentReadings; AnnualReadings,copticchurch_date | Saturday of the second week of the holy fifty days | Liturgy | Gospel | Jn 6:1-14 || katameros_cycle | Holy Fifty Days/Pentecost cycle | liturgy_gospel | PentecostReadings | Jn 6:1-14 || copticchurch_date | The first Sunday of Amshir | Vespers | Gospel | Jn 6:15-21 || katameros_cycle | annual Sundays by Coptic month/week | vespers_gospel | SundayReadings | Jn 6:15-21 || copticchurch_date | Tuesday of the first week of the holy fifty days | Vespers | Gospel | Jn 6:15-22
New Testament,John,Jn,7,Jn 7,yes,153,copticchurch_date; katameros_cycle,Thursday of the fifth week of the holy fifty days; Saturday of the third week of the holy fifty days; Holy Fifty Days/Pentecost cycle; Saturday of the fourth week of the holy fifty days; Saturday of the fourth week of the holy fifty days and the Feast of Entry into Egypt; Wednesday of the fourth week of the holy fifty days; Friday of the seventh week of the holy fifty days; Pentecost; Saturday of the fifth week of the holy fifty days; Saturday of the fifth week of the holy fifty days and the Feast of Entry into Egypt; Monday of the third week of the holy fifty days; Kiyahk 23,Vespers; Matins; matins_gospel; Liturgy; liturgy_gospel; vespers_gospel,Gospel; PentecostReadings; AnnualReadings,copticchurch_date | Thursday of the fifth week of the holy fifty days | Vespers | Gospel | Jn 6:70-7:1 || copticchurch_date | Saturday of the third week of the holy fifty days | Matins | Gospel | Jn 7:10-13 || katameros_cycle | Holy Fifty Days/Pentecost cycle | matins_gospel | PentecostReadings | Jn 7:10-13 || copticchurch_date | Saturday of the fourth week of the holy fifty days | Liturgy | Gospel | Jn 7:14-24 || copticchurch_date | Saturday of the fourth week of the holy fifty days and the Feast of Entry into Egypt | Liturgy | Gospel | Jn 7:14-24
New Testament,John,Jn,8,Jn 8,yes,303,copticchurch_date; katameros_cycle; pascha_day_hour; pascha_source_text,Tuesday of the third week of the holy fifty days; Holy Fifty Days/Pentecost cycle; Sunday of the third week of the holy fifty days; Tuesday of the fifth week of Great Lent; Great Lent/Jonah/Nineveh cycle; Tuesday; Friday of the fifth week of Great Lent; Mesra 29; Wednesday of the third week of the holy fifty days; Thursday of the third week of the holy fifty days; Friday of the second week of Great Lent <br>(Feast of the Cross - Readings of 10th Baramhat); Mesra 12 (+24 more),Liturgy; liturgy_gospel; Vespers; vespers_gospel; Sixth Hour; First Hour; Matins; matins_gospel; Eleventh Hour,Gospel; PentecostReadings; GreatLentReadings; AnnualReadings; SundayReadings,copticchurch_date | Tuesday of the third week of the holy fifty days | Liturgy | Gospel | Jn 8:12-16 || katameros_cycle | Holy Fifty Days/Pentecost cycle | liturgy_gospel | PentecostReadings | Jn 8:12-16 || copticchurch_date | Sunday of the third week of the holy fifty days | Vespers | Gospel | Jn 8:12-20 || copticchurch_date | Tuesday of the fifth week of Great Lent | Liturgy | Gospel | Jn 8:12-20 || katameros_cycle | Holy Fifty Days/Pentecost cycle | vespers_gospel | PentecostReadings | Jn 8:12-20
New Testament,John,Jn,9,Jn 9,yes,34,copticchurch_date; katameros_cycle,The fourth Sunday of Toba; annual Sundays by Coptic month/week; Sunday of the sixth week of Great Lent; Great Lent/Jonah/Nineveh cycle,Liturgy; liturgy_gospel,Gospel; SundayReadings; GreatLentReadings,copticchurch_date | The fourth Sunday of Toba | Liturgy | Gospel | Jn 9:1-38 || katameros_cycle | annual Sundays by Coptic month/week | liturgy_gospel | SundayReadings | Jn 9:1-38 || copticchurch_date | Sunday of the sixth week of Great Lent | Liturgy | Gospel | Jn 9:1-41 || katameros_cycle | Great Lent/Jonah/Nineveh cycle | liturgy_gospel | GreatLentReadings | Jn 9:1-41
New Testament,John,Jn,10,Jn 10,yes,498,copticchurch_date; katameros_cycle; pascha_day_hour; pascha_source_text,Abib 14; Abib 3; Amshir 14; Amshir 18; Amshir 27; Baba 11; Baba 17; Baba 2; Baba 3; Baba 5; Baba 9; Bashons 28 (+73 more),Liturgy; liturgy_gospel; First Hour; Ninth Hour,Gospel; AnnualReadings; PentecostReadings,copticchurch_date | Abib 14 | Liturgy | Gospel | Jn 10:1-16 || copticchurch_date | Abib 3 | Liturgy | Gospel | Jn 10:1-16 || copticchurch_date | Amshir 14 | Liturgy | Gospel | Jn 10:1-16 || copticchurch_date | Amshir 18 | Liturgy | Gospel | Jn 10:1-16 || copticchurch_date | Amshir 27 | Liturgy | Gospel | Jn 10:1-16
New Testament,John,Jn,11,Jn 11,yes,38,copticchurch_date; katameros_cycle; pascha_day_hour; special_service,Lazarus Saturday of Great Lent; The fourth Sunday of Abib; annual Sundays by Coptic month/week; Great Lent/Jonah/Nineveh cycle; Tuesday; funeral; Wednesday; Wednesday Eve,Liturgy; liturgy_gospel; First Hour; part_6; Eleventh Hour,Gospel; SundayReadings; GreatLentReadings; gospel,copticchurch_date | Lazarus Saturday of Great Lent | Liturgy | Gospel | Jn 11:1-45 || copticchurch_date | The fourth Sunday of Abib | Liturgy | Gospel | Jn 11:1-45 || katameros_cycle | annual Sundays by Coptic month/week | liturgy_gospel | SundayReadings | Jn 11:1-45 || katameros_cycle | Great Lent/Jonah/Nineveh cycle | liturgy_gospel | GreatLentReadings | Jn 11:1-45 || pascha_day_hour | Tuesday | First Hour | Gospel | Jn 11:12-24
New Testament,John,Jn,12,Jn 12,yes,298,copticchurch_date; katameros_cycle; pascha_day_hour; special_service; pascha_source_text,Palm Sunday; Great Lent/Jonah/Nineveh cycle; palm_sunday; Wednesday; Abib 6; Baba 26; Bashons 22; Paona 1; Paona 25; Toba 1; Toba 20; Tout 15 (+44 more),Vespers; vespers_gospel; vespers; Sixth Hour; Liturgy; liturgy_gospel; fourth_gospel; Matins; matins_gospel; First Hour; Eleventh Hour,Gospel; GreatLentReadings; gospel; AnnualReadings; PentecostReadings; SundayReadings,copticchurch_date | Palm Sunday | Vespers | Gospel | Jn 12:1-11 || katameros_cycle | Great Lent/Jonah/Nineveh cycle | vespers_gospel | GreatLentReadings | Jn 12:1-11 || pascha_day_hour | Palm Sunday | Vespers | Gospel | Jn 12:1-11 || special_service | palm_sunday | vespers | gospel | Jn 12:1-11 || pascha_day_hour | Wednesday | Sixth Hour | Gospel | Jn 12:1-8
New Testament,John,Jn,13,Jn 13,yes,21,pascha_source_text; copticchurch_date; katameros_cycle; pascha_day_hour,Great Thursday; Wednesday of the fifth week of the holy fifty days; Holy Fifty Days/Pentecost cycle; Great Thursday Eve; Good Friday Eve,Liturgy of Blessing of the Water; Liturgy; liturgy_gospel; Eleventh Hour; First Hour,Gospel; PentecostReadings,pascha_source_text | Great Thursday | Liturgy of Blessing of the Water | Gospel | Jn 13:1-17 || copticchurch_date | Wednesday of the fifth week of the holy fifty days | Liturgy | Gospel | Jn 13:16-20 || katameros_cycle | Holy Fifty Days/Pentecost cycle | liturgy_gospel | PentecostReadings | Jn 13:16-20 || pascha_day_hour | Great Thursday | Eleventh Hour | Gospel | Jn 13:21-30 || pascha_day_hour | Great Thursday Eve | First Hour | Gospel | Jn 13:33-14:25
New Testament,John,Jn,14,Jn 14,yes,108,pascha_day_hour; pascha_source_text; copticchurch_date; katameros_cycle; special_service; agpeya,Great Thursday Eve; Good Friday Eve; Saturday of the fifth week of the holy fifty days; Saturday of the fifth week of the holy fifty days and the Feast of Entry into Egypt; Sunday of the fifth week of the holy fifty days; Holy Fifty Days/Pentecost cycle; unction_of_the_sick; daily_hours; Pentecost; Friday of the sixth week of the holy fifty days; Sunday of the sixth week of the holy fifty days; Sunday of the sixth week of the holy fifty days and the Feast of Entry into Egypt,First Hour; Liturgy; liturgy_gospel; fifth_prayer; Vespers; vespers_gospel; matins_gospel; Third Hour (Terce); Matins,Gospel; PentecostReadings; gospel,pascha_day_hour | Great Thursday Eve | First Hour | Gospel | Jn 13:33-14:25 || pascha_source_text | Good Friday Eve | First Hour | Gospel | Jn 13:33-14:25 || copticchurch_date | Saturday of the fifth week of the holy fifty days | Liturgy | Gospel | Jn 14:1-11 || copticchurch_date | Saturday of the fifth week of the holy fifty days and the Feast of Entry into Egypt | Liturgy | Gospel | Jn 14:1-11 || copticchurch_date | Sunday of the fifth week of the holy fifty days | Liturgy | Gospel | Jn 14:1-11
New Testament,John,Jn,15,Jn 15,yes,418,pascha_day_hour; pascha_source_text; agpeya; copticchurch_date; katameros_cycle,Great Thursday Eve; Good Friday Eve; daily_hours; Pentecost; Monday of the seventh week of the holy fifty days; Monday of the seventh week of the holy fifty days and the Feast of Entry into Egypt; Holy Fifty Days/Pentecost cycle; Wednesday of the seventh week of the holy fifty days; Abib 14; Abib 3; Baba 11; Baba 17 (+44 more),First Hour; Third Hour (Terce); Matins; Liturgy; liturgy_gospel; matins_gospel; Vespers; vespers_gospel,Gospel; gospel; PentecostReadings; AnnualReadings,pascha_day_hour | Great Thursday Eve | First Hour | Gospel | Jn 14:26-15:25 || pascha_source_text | Good Friday Eve | First Hour | Gospel | Jn 14:26-15:25 || agpeya | daily_hours | Third Hour (Terce) | gospel | Jn 14:26-15:4 || copticchurch_date | Pentecost | Matins | Gospel | Jn 14:26-15:4 || copticchurch_date | Monday of the seventh week of the holy fifty days | Liturgy | Gospel | Jn 15:1-8
New Testament,John,Jn,16,Jn 16,yes,363,copticchurch_date; pascha_day_hour; pascha_source_text; katameros_cycle; special_service,Pentecost; Great Thursday Eve; Good Friday Eve; Monday of the sixth week of the holy fifty days; Saturday of the sixth week of the holy fifty days; Holy Fifty Days/Pentecost cycle; funeral; Abib 10; Abib 13; Amshir 22; Amshir 24; Baba 23 (+41 more),Liturgy; First Hour; liturgy_gospel; part_3,Gospel; PentecostReadings; gospel; AnnualReadings,copticchurch_date | Pentecost | Liturgy | Gospel | Jn 15:26-16:15 || pascha_day_hour | Great Thursday Eve | First Hour | Gospel | Jn 15:26-16:33 || pascha_source_text | Good Friday Eve | First Hour | Gospel | Jn 15:26-16:33 || copticchurch_date | Monday of the sixth week of the holy fifty days | Liturgy | Gospel | Jn 16:15-23 || copticchurch_date | Saturday of the sixth week of the holy fifty days | Liturgy | Gospel | Jn 16:15-23
New Testament,John,Jn,17,Jn 17,yes,88,copticchurch_date; katameros_cycle; pascha_day_hour; pascha_source_text; special_service,Saturday of the seventh week of the holy fifty days; Holy Fifty Days/Pentecost cycle; Great Thursday Eve; Good Friday Eve; pentecost_prostration; Wednesday of the sixth week of the holy fifty days; Wednesday of the sixth week of the holy fifty days and the Feast of Entry into Egypt; Thursday of the fifth week of the holy fifty days; Friday of the fifth week of the holy fifty days; Friday of the fifth week of the holy fifty days and the Feast of Entry into Egypt,Matins; matins_gospel; First Hour; main_readings; liturgy_gospel; Liturgy,Gospel; PentecostReadings; gospel,copticchurch_date | Saturday of the seventh week of the holy fifty days | Matins | Gospel | Jn 17:1-13 || katameros_cycle | Holy Fifty Days/Pentecost cycle | matins_gospel | PentecostReadings | Jn 17:1-13 || pascha_day_hour | Great Thursday Eve | First Hour | Gospel | Jn 17:1-26 || pascha_source_text | Good Friday Eve | First Hour | Gospel | Jn 17:1-26 || special_service | pentecost_prostration | main_readings | gospel | Jn 17:1-26
New Testament,John,Jn,18,Jn 18,yes,9,pascha_day_hour; pascha_source_text,Great Thursday Eve; Good Friday Eve; Good Friday,Third Hour; Ninth Hour; Eleventh Hour; First Hour; Sixth Hour,Gospel,pascha_day_hour | Great Thursday Eve | Third Hour | Gospel | Jn 18:1-2 || pascha_source_text | Good Friday Eve | Third Hour | Gospel | Jn 18:1-2 || pascha_day_hour | Great Thursday Eve | Ninth Hour | Gospel | Jn 18:10-14 || pascha_source_text | Good Friday Eve | Ninth Hour | Gospel | Jn 18:10-14 || pascha_day_hour | Great Thursday Eve | Eleventh Hour | Gospel | Jn 18:15-27
New Testament,John,Jn,19,Jn 19,yes,7,pascha_day_hour; pascha_source_text; special_service,Good Friday; myron_consecration,Sixth Hour; Third Hour; Ninth Hour; Eleventh Hour; Twelfth Hour; liturgy,Gospel; gospel,pascha_day_hour | Good Friday | Sixth Hour | Gospel | Jn 19:1-12 || pascha_day_hour | Good Friday | Third Hour | Gospel | Jn 19:1-12 || pascha_source_text | Good Friday | Sixth Hour | Gospel | Jn 19:13-27 || pascha_day_hour | Good Friday | Ninth Hour | Gospel | Jn 19:28-30 || pascha_day_hour | Good Friday | Eleventh Hour | Gospel | Jn 19:31-37
New Testament,John,Jn,20,Jn 20,yes,161,copticchurch_date; katameros_cycle; special_service,The Feast of Resurrection; The fourth Sunday of Abib; The fourth Sunday of Baba; The fourth Sunday of Bashons; The fourth Sunday of Hator; The fourth Sunday of Mesra; The fourth Sunday of Paona; annual Sundays by Coptic month/week; Holy Fifty Days/Pentecost cycle; myron_consecration; Monday of the first week of the holy fifty days; Saturday of the first week of the holy fifty days (+3 more),Liturgy; Matins; matins_gospel; liturgy_gospel; liturgy; Vespers; vespers_gospel,Gospel; SundayReadings; PentecostReadings; gospel; AnnualReadings,copticchurch_date | The Feast of Resurrection | Liturgy | Gospel | Jn 20:1-18 || copticchurch_date | The fourth Sunday of Abib | Matins | Gospel | Jn 20:1-18 || copticchurch_date | The fourth Sunday of Baba | Matins | Gospel | Jn 20:1-18 || copticchurch_date | The fourth Sunday of Bashons | Matins | Gospel | Jn 20:1-18 || copticchurch_date | The fourth Sunday of Hator | Matins | Gospel | Jn 20:1-18
New Testament,John,Jn,21,Jn 21,yes,85,copticchurch_date; katameros_cycle; pascha_day_hour,Thomas Sunday; Holy Fifty Days/Pentecost cycle; Abib 16; Amshir 29; Great Lent; Kiak 24; Nasie 1; Toba 4; Al-Nasi 1; Barmuda 16; Bashans 16; Kiyahk 24 (+3 more),Matins; matins_gospel; Liturgy; liturgy_gospel; Sixth Hour,Gospel; PentecostReadings; AnnualReadings,copticchurch_date | Thomas Sunday | Matins | Gospel | Jn 21:1-14 || katameros_cycle | Holy Fifty Days/Pentecost cycle | matins_gospel | PentecostReadings | Jn 21:1-14 || copticchurch_date | Abib 16 | Liturgy | Gospel | Jn 21:15-25 || copticchurch_date | Amshir 29 | Liturgy | Gospel | Jn 21:15-25 || copticchurch_date | Great Lent | Liturgy | Gospel | Jn 21:15-25
New Testament,Acts,Acts,1,Acts 1,yes,154,copticchurch_date; katameros_cycle; pascha_day_hour,Amshir 4; Baba 22; Fast of Nineveh; Kiak 18; Kiak 3; Mesra 16 (St Mary's Feast); Paona 21; The Feast of the Ascension; The first Sunday of Kiak; Toba 21; first Sunday of Christmas Fast; Babah 22 (+10 more),Liturgy; liturgy_acts; First Hour,Acts of the Apostles; AnnualReadings; SundayReadings; PentecostReadings; Acts,copticchurch_date | Amshir 4 | Liturgy | Acts of the Apostles | Acts 1:1-14 || copticchurch_date | Baba 22 | Liturgy | Acts of the Apostles | Acts 1:1-14 || copticchurch_date | Fast of Nineveh | Liturgy | Acts of the Apostles | Acts 1:1-14 || copticchurch_date | Kiak 18 | Liturgy | Acts of the Apostles | Acts 1:1-14 || copticchurch_date | Kiak 3 | Liturgy | Acts of the Apostles | Acts 1:1-14
New Testament,Acts,Acts,2,Acts 2,yes,82,copticchurch_date; katameros_cycle; special_service,Pentecost; Holy Fifty Days/Pentecost cycle; The first Sunday of Nasie; annual Sundays by Coptic month/week; The Feast of Resurrection; Kiyahk 23; myron_consecration; The third Sunday of Toba; Great Lent/Jonah/Nineveh cycle; Friday of the first week of Great Lent,Liturgy; liturgy_acts; liturgy,Acts of the Apostles; PentecostReadings; SundayReadings; AnnualReadings; acts; GreatLentReadings,copticchurch_date | Pentecost | Liturgy | Acts of the Apostles | Acts 2:1-21 || katameros_cycle | Holy Fifty Days/Pentecost cycle | liturgy_acts | PentecostReadings | Acts 2:1-21 || copticchurch_date | The first Sunday of Nasie | Liturgy | Acts of the Apostles | Acts 2:14-21 || katameros_cycle | annual Sundays by Coptic month/week | liturgy_acts | SundayReadings | Acts 2:14-21 || copticchurch_date | The Feast of Resurrection | Liturgy | Acts of the Apostles | Acts 2:22-35
New Testament,Acts,Acts,3,Acts 3,yes,243,copticchurch_date; special_service; katameros_cycle; bright_saturday_service_order; pascha_day_hour,Friday of the first week of Great Lent; myron_consecration; Abib 16; Abib 18; Abib 29; Abib 5 (Apostle's Feast); Amshir 10; Amshir 21; Amshir 29; Bashons 26; Great Lent; Hator 18 (+25 more),Liturgy; liturgy; liturgy_acts,Acts of the Apostles; acts; AnnualReadings; PentecostReadings; Praxis; Acts,copticchurch_date | Friday of the first week of Great Lent | Liturgy | Acts of the Apostles | Acts 2:42-3:9 || special_service | myron_consecration | liturgy | acts | Acts 3:1-10 || copticchurch_date | Abib 16 | Liturgy | Acts of the Apostles | Acts 3:1-16 || copticchurch_date | Abib 18 | Liturgy | Acts of the Apostles | Acts 3:1-16 || copticchurch_date | Abib 29 | Liturgy | Acts of the Apostles | Acts 3:1-16
New Testament,Acts,Acts,4,Acts 4,yes,253,copticchurch_date; katameros_cycle,Wednesday of the first week of the holy fifty days; Holy Fifty Days/Pentecost cycle; Monday of the second week of the holy fifty days; Thursday of the second week of the holy fifty days; Thursday of the first week of the holy fifty days; Tuesday of the second week of Great Lent; Great Lent/Jonah/Nineveh cycle; Friday of the second week of the holy fifty days; Saturday of the first week of the holy fifty days; Thursday of the fourth week of Great Lent; Monday of the third week of the holy fifty days; Tuesday of the third week of the holy fifty days (+7 more),Liturgy; liturgy_acts,Acts of the Apostles; PentecostReadings; GreatLentReadings; AnnualReadings,copticchurch_date | Wednesday of the first week of the holy fifty days | Liturgy | Acts of the Apostles | Acts 4:1-13 || katameros_cycle | Holy Fifty Days/Pentecost cycle | liturgy_acts | PentecostReadings | Acts 4:1-13 || copticchurch_date | Monday of the second week of the holy fifty days | Liturgy | Acts of the Apostles | Acts 4:1-4 || katameros_cycle | Holy Fifty Days/Pentecost cycle | liturgy_acts | PentecostReadings | Acts 4:1-4 || copticchurch_date | Thursday of the second week of the holy fifty days | Liturgy | Acts of the Apostles | Acts 4:13-18
New Testament,Acts,Acts,5,Acts 5,yes,285,copticchurch_date; katameros_cycle,Monday of the second week of Great Lent; Thursday of the third week of the holy fifty days; Holy Fifty Days/Pentecost cycle; Baba 12; Babah 12; Bashans 15; Saturday of the third week of the holy fifty days; The first Sunday of Abib; The first Sunday of Abib (Apostle's Feast); annual Sundays by Coptic month/week; The second Sunday of Abib; The second Sunday of Hator (+12 more),Liturgy; liturgy_acts,Acts of the Apostles; PentecostReadings; AnnualReadings; SundayReadings; GreatLentReadings,copticchurch_date | Monday of the second week of Great Lent | Liturgy | Acts of the Apostles | Acts 4:36-5:11 || copticchurch_date | Thursday of the third week of the holy fifty days | Liturgy | Acts of the Apostles | Acts 5:1-6 || katameros_cycle | Holy Fifty Days/Pentecost cycle | liturgy_acts | PentecostReadings | Acts 5:1-6 || copticchurch_date | Baba 12 | Liturgy | Acts of the Apostles | Acts 5:12-18 || katameros_cycle | Babah 12 | liturgy_acts | AnnualReadings | Acts 5:12-18
New Testament,Acts,Acts,6,Acts 6,yes,116,katameros_cycle; copticchurch_date,Abib 6; Babah 26; Baramhat 19; Barmuda 15; Barmuda 29; Bashans 22; Bashans 3; Baunah 1; Baunah 25; Tubah 1; Tubah 20; Tut 15 (+9 more),liturgy_acts; Liturgy,AnnualReadings; Acts of the Apostles,katameros_cycle | Abib 6 | liturgy_acts | AnnualReadings | Acts 6:1-15 || katameros_cycle | Babah 26 | liturgy_acts | AnnualReadings | Acts 6:1-15 || katameros_cycle | Baramhat 19 | liturgy_acts | AnnualReadings | Acts 6:1-15 || katameros_cycle | Barmuda 15 | liturgy_acts | AnnualReadings | Acts 6:1-15 || katameros_cycle | Barmuda 29 | liturgy_acts | AnnualReadings | Acts 6:1-15
New Testament,Acts,Acts,7,Acts 7,yes,523,copticchurch_date; katameros_cycle,Abib 6; Baba 26; Bashons 22; Paona 1; Paona 25; Toba 1; Toba 20; Tout 15; Tout 24; Babah 26; Baramhat 19; Barmuda 15 (+64 more),Liturgy; liturgy_acts,Acts of the Apostles; AnnualReadings; SundayReadings; PentecostReadings,copticchurch_date | Abib 6 | Liturgy | Acts of the Apostles | Acts 6:1-7:2 || copticchurch_date | Baba 26 | Liturgy | Acts of the Apostles | Acts 6:1-7:2 || copticchurch_date | Bashons 22 | Liturgy | Acts of the Apostles | Acts 6:1-7:2 || copticchurch_date | Paona 1 | Liturgy | Acts of the Apostles | Acts 6:1-7:2 || copticchurch_date | Paona 25 | Liturgy | Acts of the Apostles | Acts 6:1-7:2
New Testament,Acts,Acts,8,Acts 8,yes,298,copticchurch_date; katameros_cycle; special_service,Abib 12; Abib 24; Abib 4; Amshir 6; Great Lent; Hator 15; Mesra 9; Paona 15; Paona 4; St Mary's Fast; Toba 28; Transfiguration (+29 more),Liturgy; liturgy_acts; liturgy; part_3,Acts of the Apostles; AnnualReadings; PentecostReadings; acts; GreatLentReadings; SundayReadings,copticchurch_date | Abib 12 | Liturgy | Acts of the Apostles | Acts 7:44-8:1 || copticchurch_date | Abib 24 | Liturgy | Acts of the Apostles | Acts 7:44-8:1 || copticchurch_date | Abib 4 | Liturgy | Acts of the Apostles | Acts 7:44-8:1 || copticchurch_date | Amshir 6 | Liturgy | Acts of the Apostles | Acts 7:44-8:1 || copticchurch_date | Great Lent | Liturgy | Acts of the Apostles | Acts 7:44-8:1
New Testament,Acts,Acts,9,Acts 9,yes,184,copticchurch_date; katameros_cycle,Sunday of the fifth week of the holy fifty days; Holy Fifty Days/Pentecost cycle; Amshir 7; Fast of Nineveh; Toba 3; Tubah 3; Monday of the seventh week of Great Lent; The third Sunday of Tout; annual Sundays by Coptic month/week; Great Lent/Jonah/Nineveh cycle; Monday of the sixth week of the holy fifty days; The first Sunday of Amshir (+9 more),Liturgy; liturgy_acts,Acts of the Apostles; PentecostReadings; AnnualReadings; SundayReadings; GreatLentReadings,copticchurch_date | Sunday of the fifth week of the holy fifty days | Liturgy | Acts of the Apostles | Acts 9:1-20 || katameros_cycle | Holy Fifty Days/Pentecost cycle | liturgy_acts | PentecostReadings | Acts 9:1-20 || copticchurch_date | Amshir 7 | Liturgy | Acts of the Apostles | Acts 9:22-30 || copticchurch_date | Fast of Nineveh | Liturgy | Acts of the Apostles | Acts 9:22-30 || copticchurch_date | Toba 3 | Liturgy | Acts of the Apostles | Acts 9:22-30
New Testament,Acts,Acts,10,Acts 10,yes,187,copticchurch_date; katameros_cycle,Hator 12; Paona 12; Baunah 12; Hatur 12; Kiak 22; Nasie 3; Paona 13; Al-Nasi 3; Baramhat 30; Baunah 13; Kiyahk 22; Monday of the fifth week of Great Lent (+23 more),Liturgy; liturgy_acts,Acts of the Apostles; AnnualReadings; GreatLentReadings; PentecostReadings; SundayReadings,copticchurch_date | Hator 12 | Liturgy | Acts of the Apostles | Acts 10:1-20 || copticchurch_date | Paona 12 | Liturgy | Acts of the Apostles | Acts 10:1-20 || katameros_cycle | Baunah 12 | liturgy_acts | AnnualReadings | Acts 10:1-20 || katameros_cycle | Hatur 12 | liturgy_acts | AnnualReadings | Acts 10:1-20 || copticchurch_date | Kiak 22 | Liturgy | Acts of the Apostles | Acts 10:21-33
New Testament,Acts,Acts,11,Acts 11,yes,263,katameros_cycle; copticchurch_date,annual Sundays by Coptic month/week; Nasie 6; Wednesday of the fifth week of Great Lent; Al-Nasi 6; Great Lent/Jonah/Nineveh cycle; Amshir 1; Hator 3; Hator 9; Tout 12; Baramhat 4; Hatur 3; Hatur 9 (+25 more),liturgy_acts; Liturgy,SundayReadings; Acts of the Apostles; AnnualReadings; GreatLentReadings,katameros_cycle | annual Sundays by Coptic month/week | liturgy_acts | SundayReadings | Acts 11:1 || copticchurch_date | Nasie 6 | Liturgy | Acts of the Apostles | Acts 11:12-18 || copticchurch_date | Wednesday of the fifth week of Great Lent | Liturgy | Acts of the Apostles | Acts 11:12-18 || katameros_cycle | Al-Nasi 6 | liturgy_acts | AnnualReadings | Acts 11:12-18 || katameros_cycle | Great Lent/Jonah/Nineveh cycle | liturgy_acts | GreatLentReadings | Acts 11:12-18
New Testament,Acts,Acts,12,Acts 12,yes,306,copticchurch_date; katameros_cycle,Wednesday of the fourth week of Great Lent; Tout 2; Tut 2; Amshir 11; Amshir 20; Baba 16; Baba 18; Fast of Nineveh; Hator 2; Hator 29; Paona 18; Babah 16 (+38 more),Liturgy; liturgy_acts,Acts of the Apostles; AnnualReadings; GreatLentReadings; SundayReadings,copticchurch_date | Wednesday of the fourth week of Great Lent | Liturgy | Acts of the Apostles | Acts 11:26-12:2 || copticchurch_date | Tout 2 | Liturgy | Acts of the Apostles | Acts 12:1-12 || katameros_cycle | Tut 2 | liturgy_acts | AnnualReadings | Acts 12:1-12 || copticchurch_date | Amshir 11 | Liturgy | Acts of the Apostles | Acts 12:1-24 || copticchurch_date | Amshir 20 | Liturgy | Acts of the Apostles | Acts 12:1-24
New Testament,Acts,Acts,13,Acts 13,yes,279,copticchurch_date; katameros_cycle; special_service,Abib 21; Abib 25; Baba 10; Baba 28; Baba 4; Baba 8; Bashons 25; Hator 19; Hator 25; Kiak 8; The first Sunday of Paona; Toba 5 (+25 more),Liturgy; liturgy_acts; liturgy,Acts of the Apostles; AnnualReadings; SundayReadings; acts; PentecostReadings,copticchurch_date | Abib 21 | Liturgy | Acts of the Apostles | Acts 12:25-13:12 || copticchurch_date | Abib 25 | Liturgy | Acts of the Apostles | Acts 12:25-13:12 || copticchurch_date | Baba 10 | Liturgy | Acts of the Apostles | Acts 12:25-13:12 || copticchurch_date | Baba 28 | Liturgy | Acts of the Apostles | Acts 12:25-13:12 || copticchurch_date | Baba 4 | Liturgy | Acts of the Apostles | Acts 12:25-13:12
New Testament,Acts,Acts,14,Acts 14,yes,116,copticchurch_date; katameros_cycle,Nasie 2; Al-Nasi 2; annual Sundays by Coptic month/week; Monday of the seventh week of the holy fifty days; Monday of the seventh week of the holy fifty days and the Feast of Entry into Egypt; Holy Fifty Days/Pentecost cycle; Great Lent/Jonah/Nineveh cycle; Tuesday of the seventh week of the holy fifty days; The first Sunday of Toba; The second Sunday of Baba; The second Sunday of Paona; Sunday of the fourth week of the holy fifty days,Liturgy; liturgy_acts,Acts of the Apostles; AnnualReadings; SundayReadings; PentecostReadings; GreatLentReadings,copticchurch_date | Nasie 2 | Liturgy | Acts of the Apostles | Acts 14:1-8 || katameros_cycle | Al-Nasi 2 | liturgy_acts | AnnualReadings | Acts 14:1-8 || katameros_cycle | annual Sundays by Coptic month/week | liturgy_acts | SundayReadings | Acts 14:1-9 || copticchurch_date | Monday of the seventh week of the holy fifty days | Liturgy | Acts of the Apostles | Acts 14:19-23 || copticchurch_date | Monday of the seventh week of the holy fifty days and the Feast of Entry into Egypt | Liturgy | Acts of the Apostles | Acts 14:19-23
New Testament,Acts,Acts,15,Acts 15,yes,1103,copticchurch_date; katameros_cycle,The first Sunday of Toba; The second Sunday of Baba; Friday of the seventh week of Great Lent; Great Lent/Jonah/Nineveh cycle; annual Sundays by Coptic month/week; Wednesday of Ninevah's Fast; Abib 7; Amshir 2; Baba 20; Fast of Nineveh; Kiak 25; Kiak 7 (+133 more),Liturgy; liturgy_acts,Acts of the Apostles; GreatLentReadings; SundayReadings; AnnualReadings; PentecostReadings,copticchurch_date | The first Sunday of Toba | Liturgy | Acts of the Apostles | Acts 14:24-15:3 || copticchurch_date | The second Sunday of Baba | Liturgy | Acts of the Apostles | Acts 14:24-15:3 || copticchurch_date | Friday of the seventh week of Great Lent | Liturgy | Acts of the Apostles | Acts 15:1-18 || katameros_cycle | Great Lent/Jonah/Nineveh cycle | liturgy_acts | GreatLentReadings | Acts 15:1-18 || katameros_cycle | annual Sundays by Coptic month/week | liturgy_acts | SundayReadings | Acts 15:1-3
New Testament,Acts,Acts,16,Acts 16,yes,511,copticchurch_date; katameros_cycle,Friday of the fifth week of Great Lent; Abib 10; Abib 13; Abib 2; Abib 9; Amshir 22; Amshir 24; Baba 23; Baba 30; Bashons 23; Bashons 27; Great Lent (+61 more),Liturgy; liturgy_acts,Acts of the Apostles; GreatLentReadings; AnnualReadings; SundayReadings,copticchurch_date | Friday of the fifth week of Great Lent | Liturgy | Acts of the Apostles | Acts 15:36-16:3 || copticchurch_date | Abib 10 | Liturgy | Acts of the Apostles | Acts 15:36-16:5 || copticchurch_date | Abib 13 | Liturgy | Acts of the Apostles | Acts 15:36-16:5 || copticchurch_date | Abib 2 | Liturgy | Acts of the Apostles | Acts 15:36-16:5 || copticchurch_date | Abib 9 | Liturgy | Acts of the Apostles | Acts 15:36-16:5
New Testament,Acts,Acts,17,Acts 17,yes,97,copticchurch_date; katameros_cycle,The fourth Sunday of Hator; The third Sunday of Paona; annual Sundays by Coptic month/week; Monday of the third week of Great Lent; Great Lent/Jonah/Nineveh cycle; Feast of Nayrouz - (Readings of the First of Tut); Thomas Sunday; Tout 1; Feast of Nayrouz; Holy Fifty Days/Pentecost cycle; Tuesday of Ninevah's Fast,Liturgy; liturgy_acts,Acts of the Apostles; SundayReadings; GreatLentReadings; AnnualReadings; PentecostReadings,copticchurch_date | The fourth Sunday of Hator | Liturgy | Acts of the Apostles | Acts 16:40-17:7 || copticchurch_date | The third Sunday of Paona | Liturgy | Acts of the Apostles | Acts 17:1-12 || katameros_cycle | annual Sundays by Coptic month/week | liturgy_acts | SundayReadings | Acts 17:1-12 || katameros_cycle | annual Sundays by Coptic month/week | liturgy_acts | SundayReadings | Acts 17:1-7 || copticchurch_date | Monday of the third week of Great Lent | Liturgy | Acts of the Apostles | Acts 17:10-14
New Testament,Acts,Acts,18,Acts 18,yes,344,copticchurch_date; katameros_cycle; special_service,The fourth Sunday of Paona; annual Sundays by Coptic month/week; The third Sunday of Abib; Amshir 12; Amshir 15; Amshir 19; Amshir 3; Baba 13; Baba 25; Baba 7; Bashons 20; Fast of Nineveh (+38 more),Liturgy; liturgy_acts; liturgy,Acts of the Apostles; SundayReadings; AnnualReadings; acts; GreatLentReadings,copticchurch_date | The fourth Sunday of Paona | Liturgy | Acts of the Apostles | Acts 18:1-11 || katameros_cycle | annual Sundays by Coptic month/week | liturgy_acts | SundayReadings | Acts 18:1-11 || copticchurch_date | The third Sunday of Abib | Liturgy | Acts of the Apostles | Acts 18:12-23 || katameros_cycle | annual Sundays by Coptic month/week | liturgy_acts | SundayReadings | Acts 18:12-23 || copticchurch_date | Amshir 12 | Liturgy | Acts of the Apostles | Acts 18:24-19:6
New Testament,Acts,Acts,19,Acts 19,yes,762,copticchurch_date; special_service; katameros_cycle,Amshir 12; Amshir 15; Amshir 19; Amshir 3; Baba 13; Baba 25; Baba 7; Bashons 20; Fast of Nineveh; Hator 16 of Christmas Fast; Kiak 11; Kiak 12 (+99 more),Liturgy; liturgy; liturgy_acts,Acts of the Apostles; acts; AnnualReadings; GreatLentReadings; SundayReadings; PentecostReadings,copticchurch_date | Amshir 12 | Liturgy | Acts of the Apostles | Acts 18:24-19:6 || copticchurch_date | Amshir 15 | Liturgy | Acts of the Apostles | Acts 18:24-19:6 || copticchurch_date | Amshir 19 | Liturgy | Acts of the Apostles | Acts 18:24-19:6 || copticchurch_date | Amshir 3 | Liturgy | Acts of the Apostles | Acts 18:24-19:6 || copticchurch_date | Baba 13 | Liturgy | Acts of the Apostles | Acts 18:24-19:6
New Testament,Acts,Acts,20,Acts 20,yes,501,copticchurch_date; katameros_cycle,Sunday of the second week of the holy fifty days; The second Sunday of Mesra; annual Sundays by Coptic month/week; Holy Fifty Days/Pentecost cycle; Sunday of the sixth week of the holy fifty days; Sunday of the sixth week of the holy fifty days and the Feast of Entry into Egypt; Wednesday of the fourth week of the holy fifty days; Abib 14; Abib 3; Amshir 14; Amshir 18; Amshir 27 (+60 more),Liturgy; liturgy_acts,Acts of the Apostles; SundayReadings; PentecostReadings; AnnualReadings,copticchurch_date | Sunday of the second week of the holy fifty days | Liturgy | Acts of the Apostles | Acts 20:1-12 || copticchurch_date | The second Sunday of Mesra | Liturgy | Acts of the Apostles | Acts 20:1-12 || katameros_cycle | annual Sundays by Coptic month/week | liturgy_acts | SundayReadings | Acts 20:1-12 || katameros_cycle | Holy Fifty Days/Pentecost cycle | liturgy_acts | PentecostReadings | Acts 20:1-12 || copticchurch_date | Sunday of the sixth week of the holy fifty days | Liturgy | Acts of the Apostles | Acts 20:1-16
New Testament,Acts,Acts,21,Acts 21,yes,345,copticchurch_date; katameros_cycle,Saturday of the week before Great Lent; Great Lent/Jonah/Nineveh cycle; Sunday of the week before Great Lent; Saturday of the first week of Great Lent; Sunday of the first week of Great Lent; Abib 1; Abib 17; Abib 28; Baba 1; Fast of Nineveh; Hator 10; Kiak 26 (+31 more),Liturgy; liturgy_acts,Acts of the Apostles; GreatLentReadings; AnnualReadings; SundayReadings,copticchurch_date | Saturday of the week before Great Lent | Liturgy | Acts of the Apostles | Acts 21:1-14 || katameros_cycle | Great Lent/Jonah/Nineveh cycle | liturgy_acts | GreatLentReadings | Acts 21:1-14 || copticchurch_date | Sunday of the week before Great Lent | Liturgy | Acts of the Apostles | Acts 21:15-26 || katameros_cycle | Great Lent/Jonah/Nineveh cycle | liturgy_acts | GreatLentReadings | Acts 21:15-26 || copticchurch_date | Saturday of the first week of Great Lent | Liturgy | Acts of the Apostles | Acts 21:27-39
New Testament,Acts,Acts,22,Acts 22,yes,83,copticchurch_date; katameros_cycle,Sunday of the first week of Great Lent; Friday of the fourth week of Great Lent; Tuesday of the seventh week of Great Lent; Great Lent/Jonah/Nineveh cycle; Saturday of the second week of Great Lent; Friday of the sixth week of the holy fifty days; Holy Fifty Days/Pentecost cycle,Liturgy; liturgy_acts,Acts of the Apostles; GreatLentReadings; PentecostReadings,copticchurch_date | Sunday of the first week of Great Lent | Liturgy | Acts of the Apostles | Acts 21:40-22:16 || copticchurch_date | Friday of the fourth week of Great Lent | Liturgy | Acts of the Apostles | Acts 22:17-24 || copticchurch_date | Tuesday of the seventh week of Great Lent | Liturgy | Acts of the Apostles | Acts 22:17-24 || katameros_cycle | Great Lent/Jonah/Nineveh cycle | liturgy_acts | GreatLentReadings | Acts 22:17-24 || copticchurch_date | Saturday of the second week of Great Lent | Liturgy | Acts of the Apostles | Acts 22:17-30
New Testament,Acts,Acts,23,Acts 23,yes,66,copticchurch_date; katameros_cycle,Sunday of the second week of Great Lent; Great Lent/Jonah/Nineveh cycle; Saturday of the third week of Great Lent; Friday of the third week of Great Lent; Saturday of the fifth week of the holy fifty days; Saturday of the fifth week of the holy fifty days and the Feast of Entry into Egypt; Holy Fifty Days/Pentecost cycle,Liturgy; liturgy_acts,Acts of the Apostles; GreatLentReadings; PentecostReadings,copticchurch_date | Sunday of the second week of Great Lent | Liturgy | Acts of the Apostles | Acts 23:1-11 || katameros_cycle | Great Lent/Jonah/Nineveh cycle | liturgy_acts | GreatLentReadings | Acts 23:1-11 || copticchurch_date | Saturday of the third week of Great Lent | Liturgy | Acts of the Apostles | Acts 23:12-35 || katameros_cycle | Great Lent/Jonah/Nineveh cycle | liturgy_acts | GreatLentReadings | Acts 23:12-35 || copticchurch_date | Friday of the third week of Great Lent | Liturgy | Acts of the Apostles | Acts 23:6-11
New Testament,Acts,Acts,24,Acts 24,yes,77,copticchurch_date; katameros_cycle,Sunday of the third week of Great Lent; Great Lent/Jonah/Nineveh cycle; The fifth Sunday of Abib; The fifth Sunday of Bashons; The fifth Sunday of Mesra; The fifth Sunday of Paona; Saturday of the sixth week of the holy fifty days; Holy Fifty Days/Pentecost cycle; Tuesday of the fifth week of Great Lent; Saturday of the fourth week of Great Lent,Liturgy; liturgy_acts,Acts of the Apostles; GreatLentReadings; PentecostReadings,copticchurch_date | Sunday of the third week of Great Lent | Liturgy | Acts of the Apostles | Acts 24:1-23 || katameros_cycle | Great Lent/Jonah/Nineveh cycle | liturgy_acts | GreatLentReadings | Acts 24:1-23 || copticchurch_date | The fifth Sunday of Abib | Liturgy | Acts of the Apostles | Acts 24:1-9 || copticchurch_date | The fifth Sunday of Bashons | Liturgy | Acts of the Apostles | Acts 24:1-9 || copticchurch_date | The fifth Sunday of Mesra | Liturgy | Acts of the Apostles | Acts 24:1-9
New Testament,Acts,Acts,25,Acts 25,yes,48,copticchurch_date; katameros_cycle,Saturday of the fourth week of Great Lent; Great Lent/Jonah/Nineveh cycle; Sunday of the fourth week of Great Lent; Thursday of the seventh week of Great Lent,Liturgy; liturgy_acts,Acts of the Apostles; GreatLentReadings,copticchurch_date | Saturday of the fourth week of Great Lent | Liturgy | Acts of the Apostles | Acts 24:24-25:12 || katameros_cycle | Great Lent/Jonah/Nineveh cycle | liturgy_acts | GreatLentReadings | Acts 25:1-12 || katameros_cycle | Great Lent/Jonah/Nineveh cycle | liturgy_acts | GreatLentReadings | Acts 25:13-26 || copticchurch_date | Sunday of the fourth week of Great Lent | Liturgy | Acts of the Apostles | Acts 25:13-26:1 || copticchurch_date | Thursday of the seventh week of Great Lent | Liturgy | Acts of the Apostles | Acts 25:23-27
New Testament,Acts,Acts,26,Acts 26,yes,78,copticchurch_date; katameros_cycle,Sunday of the fourth week of Great Lent; Saturday of the fifth week of Great Lent; Great Lent/Jonah/Nineveh cycle; Thursday of the seventh week of Great Lent; Wednesday of the sixth week of Great Lent; Sunday of the fifth week of Great Lent,Liturgy; liturgy_acts,Acts of the Apostles; GreatLentReadings,copticchurch_date | Sunday of the fourth week of Great Lent | Liturgy | Acts of the Apostles | Acts 25:13-26:1 || copticchurch_date | Saturday of the fifth week of Great Lent | Liturgy | Acts of the Apostles | Acts 26:1-18 || katameros_cycle | Great Lent/Jonah/Nineveh cycle | liturgy_acts | GreatLentReadings | Acts 26:1-18 || copticchurch_date | Thursday of the seventh week of Great Lent | Liturgy | Acts of the Apostles | Acts 26:1-6 || katameros_cycle | Great Lent/Jonah/Nineveh cycle | liturgy_acts | GreatLentReadings | Acts 26:1-6
New Testament,Acts,Acts,27,Acts 27,yes,182,copticchurch_date; katameros_cycle,Sunday of the fifth week of Great Lent; Tuesday of the fourth week of Great Lent; Great Lent/Jonah/Nineveh cycle; Thursday of the sixth week of Great Lent; Sunday of the sixth week of Great Lent; Lazarus Saturday of Great Lent; Abib 20; Amshir 25; Amshir 28; Baba 15; Baba 19; Great Lent (+11 more),Liturgy; liturgy_acts,Acts of the Apostles; GreatLentReadings; AnnualReadings,copticchurch_date | Sunday of the fifth week of Great Lent | Liturgy | Acts of the Apostles | Acts 26:19-27:8 || copticchurch_date | Tuesday of the fourth week of Great Lent | Liturgy | Acts of the Apostles | Acts 27:1-3 || katameros_cycle | Great Lent/Jonah/Nineveh cycle | liturgy_acts | GreatLentReadings | Acts 27:1-3 || katameros_cycle | Great Lent/Jonah/Nineveh cycle | liturgy_acts | GreatLentReadings | Acts 27:1-8 || copticchurch_date | Thursday of the sixth week of Great Lent | Liturgy | Acts of the Apostles | Acts 27:16-20
New Testament,Acts,Acts,28,Acts 28,yes,138,copticchurch_date; katameros_cycle; pascha_day_hour; special_service,Lazarus Saturday of Great Lent; Abib 20; Amshir 25; Amshir 28; Baba 15; Baba 19; Great Lent; Paona 6; Great Lent/Jonah/Nineveh cycle; Thursday of the third week of Great Lent; Babah 15; Babah 19 (+9 more),Liturgy; liturgy_acts; liturgy_readings,Acts of the Apostles; GreatLentReadings; AnnualReadings; Acts; acts,copticchurch_date | Lazarus Saturday of Great Lent | Liturgy | Acts of the Apostles | Acts 27:38-28:10 || copticchurch_date | Abib 20 | Liturgy | Acts of the Apostles | Acts 27:42-28:6 || copticchurch_date | Amshir 25 | Liturgy | Acts of the Apostles | Acts 27:42-28:6 || copticchurch_date | Amshir 28 | Liturgy | Acts of the Apostles | Acts 27:42-28:6 || copticchurch_date | Baba 15 | Liturgy | Acts of the Apostles | Acts 27:42-28:6
New Testament,Romans,Rom,1,Rom 1,yes,170,copticchurch_date; katameros_cycle,Amshir 16; Great Lent; Kiak 13; Mesra 7; The first Sunday of Kiak; Tout 26; first Sunday of Christmas Fast; Hatur 11; annual Sundays by Coptic month/week; Kiyahk 13; Tut 26; Monday of the second week of the holy fifty days (+7 more),Liturgy; liturgy_pauline,Pauline Epistle; AnnualReadings; SundayReadings; PentecostReadings; GreatLentReadings,copticchurch_date | Amshir 16 | Liturgy | Pauline Epistle | Rom 1:1-17 || copticchurch_date | Great Lent | Liturgy | Pauline Epistle | Rom 1:1-17 || copticchurch_date | Kiak 13 | Liturgy | Pauline Epistle | Rom 1:1-17 || copticchurch_date | Mesra 7 | Liturgy | Pauline Epistle | Rom 1:1-17 || copticchurch_date | The first Sunday of Kiak | Liturgy | Pauline Epistle | Rom 1:1-17
New Testament,Romans,Rom,2,Rom 2,yes,102,copticchurch_date; katameros_cycle,Wednesday of the sixth week of Great Lent; Great Lent/Jonah/Nineveh cycle; Wednesday of the third week of the holy fifty days; Holy Fifty Days/Pentecost cycle; Thursday of the third week of the holy fifty days; Friday of the third week of the holy fifty days; Monday of the third week of the holy fifty days; Tuesday of the third week of the holy fifty days,Liturgy; liturgy_pauline,Pauline Epistle; GreatLentReadings; PentecostReadings,copticchurch_date | Wednesday of the sixth week of Great Lent | Liturgy | Pauline Epistle | Rom 2:12-24 || katameros_cycle | Great Lent/Jonah/Nineveh cycle | liturgy_pauline | GreatLentReadings | Rom 2:12-24 || copticchurch_date | Wednesday of the third week of the holy fifty days | Liturgy | Pauline Epistle | Rom 2:14-16 || katameros_cycle | Holy Fifty Days/Pentecost cycle | liturgy_pauline | PentecostReadings | Rom 2:14-16 || copticchurch_date | Thursday of the third week of the holy fifty days | Liturgy | Pauline Epistle | Rom 2:17-20
New Testament,Romans,Rom,3,Rom 3,yes,114,katameros_cycle; copticchurch_date,Great Lent/Jonah/Nineveh cycle; Wednesday of the second week of Great Lent; Annunciation; The fifth Sunday of Abib (Readings of 29th Baramhat); The fifth Sunday of Baba (Readings of 29th Baramhat); The fifth Sunday of Hator (Readings of 29th Baramhat); The fifth Sunday of Mesra (Readings of 29th Baramhat); The fifth Sunday of Paona (Readings of 29th Baramhat); Baramhat 29; annual Sundays by Coptic month/week; The second Sunday of Kiak; second Sunday of Christmas Fast (+4 more),liturgy_pauline; Liturgy,GreatLentReadings; Pauline Epistle; AnnualReadings; SundayReadings; PentecostReadings,katameros_cycle | Great Lent/Jonah/Nineveh cycle | liturgy_pauline | GreatLentReadings | Rom 3:1-17 || copticchurch_date | Wednesday of the second week of Great Lent | Liturgy | Pauline Epistle | Rom 3:1-18 || copticchurch_date | Annunciation | Liturgy | Pauline Epistle | Rom 3:1-31 || copticchurch_date | The fifth Sunday of Abib (Readings of 29th Baramhat) | Liturgy | Pauline Epistle | Rom 3:1-31 || copticchurch_date | The fifth Sunday of Baba (Readings of 29th Baramhat) | Liturgy | Pauline Epistle | Rom 3:1-31
New Testament,Romans,Rom,4,Rom 4,yes,189,copticchurch_date; katameros_cycle,The second Sunday of Kiak; second Sunday of Christmas Fast; annual Sundays by Coptic month/week; Tuesday of the third week of Great Lent; Great Lent/Jonah/Nineveh cycle; Amshir 1; Baramhat 4; Hatur 3; Hatur 9; Tut 12; Hator 3; Hator 9 (+10 more),Liturgy; liturgy_pauline,Pauline Epistle; SundayReadings; GreatLentReadings; AnnualReadings; PentecostReadings,copticchurch_date | The second Sunday of Kiak | Liturgy | Pauline Epistle | Rom 3:1-4:3 || copticchurch_date | second Sunday of Christmas Fast | Liturgy | Pauline Epistle | Rom 3:1-4:3 || katameros_cycle | annual Sundays by Coptic month/week | liturgy_pauline | SundayReadings | Rom 4:1-3 || copticchurch_date | Tuesday of the third week of Great Lent | Liturgy | Pauline Epistle | Rom 4:1-8 || katameros_cycle | Great Lent/Jonah/Nineveh cycle | liturgy_pauline | GreatLentReadings | Rom 4:1-8
New Testament,Romans,Rom,5,Rom 5,yes,107,copticchurch_date; special_service; katameros_cycle,Amshir 1; Hator 3; Hator 9; Tout 12; Wednesday of the fifth week of Great Lent; funeral; Baramhat 4; Hatur 3; Hatur 9; Tut 12; Great Lent/Jonah/Nineveh cycle; Holy Fifty Days/Pentecost cycle (+2 more),Liturgy; part_3; liturgy_pauline; part_6,Pauline Epistle; pauline; AnnualReadings; GreatLentReadings; PentecostReadings,copticchurch_date | Amshir 1 | Liturgy | Pauline Epistle | Rom 4:13-5:5 || copticchurch_date | Hator 3 | Liturgy | Pauline Epistle | Rom 4:13-5:5 || copticchurch_date | Hator 9 | Liturgy | Pauline Epistle | Rom 4:13-5:5 || copticchurch_date | Tout 12 | Liturgy | Pauline Epistle | Rom 4:13-5:5 || copticchurch_date | Wednesday of the fifth week of Great Lent | Liturgy | Pauline Epistle | Rom 4:14-5:5
New Testament,Romans,Rom,6,Rom 6,yes,80,copticchurch_date; katameros_cycle,Wednesday of the fifth week of the holy fifty days; Friday of the fifth week of the holy fifty days; Friday of the fifth week of the holy fifty days and the Feast of Entry into Egypt; Holy Fifty Days/Pentecost cycle; Baba 6; Wedding of Cana; Tubah 13; Thursday of the fifth week of the holy fifty days,Liturgy; liturgy_pauline,Pauline Epistle; PentecostReadings; AnnualReadings,copticchurch_date | Wednesday of the fifth week of the holy fifty days | Liturgy | Pauline Epistle | Rom 5:20-6:4 || copticchurch_date | Friday of the fifth week of the holy fifty days | Liturgy | Pauline Epistle | Rom 6:17-22 || copticchurch_date | Friday of the fifth week of the holy fifty days and the Feast of Entry into Egypt | Liturgy | Pauline Epistle | Rom 6:17-22 || katameros_cycle | Holy Fifty Days/Pentecost cycle | liturgy_pauline | PentecostReadings | Rom 6:17-22 || copticchurch_date | Baba 6 | Liturgy | Pauline Epistle | Rom 6:3-16
New Testament,Romans,Rom,7,Rom 7,yes,39,katameros_cycle; copticchurch_date,Holy Fifty Days/Pentecost cycle; Wednesday of the sixth week of the holy fifty days; Wednesday of the sixth week of the holy fifty days and the Feast of Entry into Egypt; Mesra 26,liturgy_pauline; Liturgy,PentecostReadings; Pauline Epistle,katameros_cycle | Holy Fifty Days/Pentecost cycle | liturgy_pauline | PentecostReadings | Rom 7:1 || copticchurch_date | Wednesday of the sixth week of the holy fifty days | Liturgy | Pauline Epistle | Rom 7:1-8 || copticchurch_date | Wednesday of the sixth week of the holy fifty days and the Feast of Entry into Egypt | Liturgy | Pauline Epistle | Rom 7:1-8 || katameros_cycle | Holy Fifty Days/Pentecost cycle | liturgy_pauline | PentecostReadings | Rom 7:10 || copticchurch_date | Mesra 26 | Liturgy | Pauline Epistle | Rom 7:14-27
New Testament,Romans,Rom,8,Rom 8,yes,500,copticchurch_date; katameros_cycle; special_service,Monday of the seventh week of the holy fifty days; Monday of the seventh week of the holy fifty days and the Feast of Entry into Egypt; Holy Fifty Days/Pentecost cycle; Monday of the fourth week of Great Lent; Great Lent/Jonah/Nineveh cycle; unction_of_the_sick; home_blessing; Abib 19; Abib 30; Abib 8; Hator 11; Hator 22 (+55 more),Liturgy; liturgy_pauline; fourth_prayer; main_readings,Pauline Epistle; PentecostReadings; GreatLentReadings; pauline; AnnualReadings,copticchurch_date | Monday of the seventh week of the holy fifty days | Liturgy | Pauline Epistle | Rom 8:12-17 || copticchurch_date | Monday of the seventh week of the holy fifty days and the Feast of Entry into Egypt | Liturgy | Pauline Epistle | Rom 8:12-17 || katameros_cycle | Holy Fifty Days/Pentecost cycle | liturgy_pauline | PentecostReadings | Rom 8:12-17 || copticchurch_date | Monday of the fourth week of Great Lent | Liturgy | Pauline Epistle | Rom 8:12-26 || katameros_cycle | Great Lent/Jonah/Nineveh cycle | liturgy_pauline | GreatLentReadings | Rom 8:12-26
New Testament,Romans,Rom,9,Rom 9,yes,34,copticchurch_date; katameros_cycle,Tuesday of the first week of Great Lent; Great Lent/Jonah/Nineveh cycle; The fourth Sunday of Kiak; fourth Sunday of Christmas Fast; annual Sundays by Coptic month/week,Liturgy; liturgy_pauline,Pauline Epistle; GreatLentReadings; SundayReadings,copticchurch_date | Tuesday of the first week of Great Lent | Liturgy | Pauline Epistle | Rom 9:14-29 || katameros_cycle | Great Lent/Jonah/Nineveh cycle | liturgy_pauline | GreatLentReadings | Rom 9:15-29 || copticchurch_date | The fourth Sunday of Kiak | Liturgy | Pauline Epistle | Rom 9:6-33 || copticchurch_date | fourth Sunday of Christmas Fast | Liturgy | Pauline Epistle | Rom 9:6-33 || katameros_cycle | annual Sundays by Coptic month/week | liturgy_pauline | SundayReadings | Rom 9:6-33
New Testament,Romans,Rom,10,Rom 10,yes,207,copticchurch_date; katameros_cycle,Wednesday of the seventh week of Great Lent; Great Lent/Jonah/Nineveh cycle; Abib 16; Abib 18; Abib 29; Abib 5 (Apostle's Feast); Amshir 10; Amshir 21; Amshir 29; Bashons 26; Great Lent; Hator 18 (+18 more),Liturgy; liturgy_pauline,Pauline Epistle; GreatLentReadings; AnnualReadings,copticchurch_date | Wednesday of the seventh week of Great Lent | Liturgy | Pauline Epistle | Rom 10:4-13 || katameros_cycle | Great Lent/Jonah/Nineveh cycle | liturgy_pauline | GreatLentReadings | Rom 10:4-13 || copticchurch_date | Abib 16 | Liturgy | Pauline Epistle | Rom 10:4-18 || copticchurch_date | Abib 18 | Liturgy | Pauline Epistle | Rom 10:4-18 || copticchurch_date | Abib 29 | Liturgy | Pauline Epistle | Rom 10:4-18
New Testament,Romans,Rom,11,Rom 11,yes,17,copticchurch_date; katameros_cycle,The fourth Sunday of Toba; annual Sundays by Coptic month/week,Liturgy; liturgy_pauline,Pauline Epistle; SundayReadings,copticchurch_date | The fourth Sunday of Toba | Liturgy | Pauline Epistle | Rom 11:13-36 || katameros_cycle | annual Sundays by Coptic month/week | liturgy_pauline | SundayReadings | Rom 11:13-36
New Testament,Romans,Rom,12,Rom 12,yes,34,copticchurch_date; katameros_cycle,Saturday of the first week of Great Lent; Great Lent/Jonah/Nineveh cycle; Friday of the first week of Great Lent,Liturgy; liturgy_pauline,Pauline Epistle; GreatLentReadings,copticchurch_date | Saturday of the first week of Great Lent | Liturgy | Pauline Epistle | Rom 12:1-21 || katameros_cycle | Great Lent/Jonah/Nineveh cycle | liturgy_pauline | GreatLentReadings | Rom 12:1-21 || copticchurch_date | Friday of the first week of Great Lent | Liturgy | Pauline Epistle | Rom 12:6-21 || katameros_cycle | Great Lent/Jonah/Nineveh cycle | liturgy_pauline | GreatLentReadings | Rom 12:6-21
New Testament,Romans,Rom,13,Rom 13,yes,17,copticchurch_date; katameros_cycle,Sunday of the first week of Great Lent; Great Lent/Jonah/Nineveh cycle,Liturgy; liturgy_pauline,Pauline Epistle; GreatLentReadings,copticchurch_date | Sunday of the first week of Great Lent | Liturgy | Pauline Epistle | Rom 13:1-14 || katameros_cycle | Great Lent/Jonah/Nineveh cycle | liturgy_pauline | GreatLentReadings | Rom 13:1-14
New Testament,Romans,Rom,14,Rom 14,yes,66,copticchurch_date; katameros_cycle,Saturday of the second week of Great Lent; Great Lent/Jonah/Nineveh cycle; Monday of the seventh week of Great Lent; Sunday of the second week of Great Lent; Wednesday of the first week of Great Lent,Liturgy; liturgy_pauline,Pauline Epistle; GreatLentReadings,copticchurch_date | Saturday of the second week of Great Lent | Liturgy | Pauline Epistle | Rom 14:1-18 || katameros_cycle | Great Lent/Jonah/Nineveh cycle | liturgy_pauline | GreatLentReadings | Rom 14:1-18 || copticchurch_date | Monday of the seventh week of Great Lent | Liturgy | Pauline Epistle | Rom 14:10-15:2 || katameros_cycle | Great Lent/Jonah/Nineveh cycle | liturgy_pauline | GreatLentReadings | Rom 14:10-23 || katameros_cycle | Great Lent/Jonah/Nineveh cycle | liturgy_pauline | GreatLentReadings | Rom 14:19-15
New Testament,Romans,Rom,15,Rom 15,yes,72,copticchurch_date; katameros_cycle; special_service,Monday of the seventh week of Great Lent; Sunday of the second week of Great Lent; Wednesday of the first week of Great Lent; Great Lent/Jonah/Nineveh cycle; unction_of_the_sick; The first Sunday of Paona; annual Sundays by Coptic month/week; The first Sunday of Toba,Liturgy; liturgy_pauline; second_prayer,Pauline Epistle; GreatLentReadings; pauline; SundayReadings,copticchurch_date | Monday of the seventh week of Great Lent | Liturgy | Pauline Epistle | Rom 14:10-15:2 || copticchurch_date | Sunday of the second week of Great Lent | Liturgy | Pauline Epistle | Rom 14:19-15:7 || copticchurch_date | Wednesday of the first week of Great Lent | Liturgy | Pauline Epistle | Rom 14:19-15:7 || katameros_cycle | Great Lent/Jonah/Nineveh cycle | liturgy_pauline | GreatLentReadings | Rom 15:1-2 || katameros_cycle | Great Lent/Jonah/Nineveh cycle | liturgy_pauline | GreatLentReadings | Rom 15:1-7
New Testament,Romans,Rom,16,Rom 16,yes,31,copticchurch_date; katameros_cycle,The third Sunday of Mesra; annual Sundays by Coptic month/week; Thursday of the second week of Great Lent; Great Lent/Jonah/Nineveh cycle,Liturgy; liturgy_pauline,Pauline Epistle; SundayReadings; GreatLentReadings,copticchurch_date | The third Sunday of Mesra | Liturgy | Pauline Epistle | Rom 16:17-20 || katameros_cycle | annual Sundays by Coptic month/week | liturgy_pauline | SundayReadings | Rom 16:17-20 || copticchurch_date | Thursday of the second week of Great Lent | Liturgy | Pauline Epistle | Rom 16:17-27 || katameros_cycle | Great Lent/Jonah/Nineveh cycle | liturgy_pauline | GreatLentReadings | Rom 16:17-27
New Testament,1 Corinthians,1Cor,1,1Cor 1,yes,73,copticchurch_date; katameros_cycle; pascha_source_text,"The fourth Sunday of Amshir; annual Sundays by Coptic month/week; Epiphany Paramoune; Tubah 10; Friday of the second week of Great Lent <br>(Feast of the Cross - Readings of 10th Baramhat); Mesra 12; Monday of the sixth week of Great Lent <br>(Feast of the Cross - Readings of 10th Baramhat); Monday of the third week of Great Lent <br>(Feast of the Cross - Readings of 10th Baramhat); Saturday of the third week of Great Lent <br>(Feast of the Cross - Readings of 10th Baramhat); Sunday of the fifth week of Great Lent <br>(Feast of the Cross - Readings of 10th Baramhat); Sunday of the fourth week of Great Lent <br>(Feast of the Cross - Readings of 10th Baramhat); Sunday, Tout 17 (Feast of the Cross) (+10 more)",Liturgy; liturgy_pauline; First Hour,Pauline Epistle; SundayReadings; AnnualReadings; Pauline,copticchurch_date | The fourth Sunday of Amshir | Liturgy | Pauline Epistle | 1Cor 1:1-16 || katameros_cycle | annual Sundays by Coptic month/week | liturgy_pauline | SundayReadings | 1Cor 1:1-16 || copticchurch_date | Epiphany Paramoune | Liturgy | Pauline Epistle | 1Cor 1:1-17 || katameros_cycle | Tubah 10 | liturgy_pauline | AnnualReadings | 1Cor 1:1-17 || copticchurch_date | Friday of the second week of Great Lent <br>(Feast of the Cross - Readings of 10th Baramhat) | Liturgy | Pauline Epistle | 1Cor 1:17-31
New Testament,1 Corinthians,1Cor,2,1Cor 2,yes,39,pascha_source_text; copticchurch_date; katameros_cycle,Good Friday; The third Sunday of Tout; annual Sundays by Coptic month/week; Lazarus Saturday of Great Lent; Great Lent/Jonah/Nineveh cycle; The second Sunday of Paona,First Hour; Liturgy; liturgy_pauline,Pauline; Pauline Epistle; SundayReadings; GreatLentReadings,pascha_source_text | Good Friday | First Hour | Pauline | 1Cor 1:23-2:5 || copticchurch_date | The third Sunday of Tout | Liturgy | Pauline Epistle | 1Cor 2:1-16 || katameros_cycle | annual Sundays by Coptic month/week | liturgy_pauline | SundayReadings | 1Cor 2:1-16 || copticchurch_date | Lazarus Saturday of Great Lent | Liturgy | Pauline Epistle | 1Cor 2:1-8 || katameros_cycle | Great Lent/Jonah/Nineveh cycle | liturgy_pauline | GreatLentReadings | 1Cor 2:1-8
New Testament,1 Corinthians,1Cor,3,1Cor 3,yes,251,copticchurch_date; katameros_cycle,Abib 15; Amshir 9; Bashons 21; Bashons 29; Great Lent; Kiak 17; Mesra 3; Paona 24; Tout 14; Amshir 30; Bashans 14; Bashans 2 (+30 more),Liturgy; liturgy_pauline,Pauline Epistle; AnnualReadings,copticchurch_date | Abib 15 | Liturgy | Pauline Epistle | 1Cor 3:1-8 || copticchurch_date | Amshir 9 | Liturgy | Pauline Epistle | 1Cor 3:1-8 || copticchurch_date | Bashons 21 | Liturgy | Pauline Epistle | 1Cor 3:1-8 || copticchurch_date | Bashons 29 | Liturgy | Pauline Epistle | 1Cor 3:1-8 || copticchurch_date | Great Lent | Liturgy | Pauline Epistle | 1Cor 3:1-8
New Testament,1 Corinthians,1Cor,4,1Cor 4,yes,49,copticchurch_date; katameros_cycle,The fourth Sunday of Hator; The third Sunday of Paona; annual Sundays by Coptic month/week; Great Lent/Jonah/Nineveh cycle; Thursday of the first week of Great Lent,Liturgy; liturgy_pauline,Pauline Epistle; SundayReadings; GreatLentReadings,copticchurch_date | The fourth Sunday of Hator | Liturgy | Pauline Epistle | 1Cor 4:1-16 || copticchurch_date | The third Sunday of Paona | Liturgy | Pauline Epistle | 1Cor 4:1-16 || katameros_cycle | annual Sundays by Coptic month/week | liturgy_pauline | SundayReadings | 1Cor 4:1-16 || katameros_cycle | Great Lent/Jonah/Nineveh cycle | liturgy_pauline | GreatLentReadings | 1Cor 4:16-5 || copticchurch_date | Thursday of the first week of Great Lent | Liturgy | Pauline Epistle | 1Cor 4:16-5:9
New Testament,1 Corinthians,1Cor,5,1Cor 5,yes,46,copticchurch_date; katameros_cycle,Thursday of the first week of Great Lent; The first Sunday of Amshir; annual Sundays by Coptic month/week; Great Lent/Jonah/Nineveh cycle; Monday of the third week of Great Lent,Liturgy; liturgy_pauline,Pauline Epistle; SundayReadings; GreatLentReadings,copticchurch_date | Thursday of the first week of Great Lent | Liturgy | Pauline Epistle | 1Cor 4:16-5:9 || copticchurch_date | The first Sunday of Amshir | Liturgy | Pauline Epistle | 1Cor 5:11-13 || katameros_cycle | annual Sundays by Coptic month/week | liturgy_pauline | SundayReadings | 1Cor 5:11-13 || katameros_cycle | Great Lent/Jonah/Nineveh cycle | liturgy_pauline | GreatLentReadings | 1Cor 5:9-6 || copticchurch_date | Monday of the third week of Great Lent | Liturgy | Pauline Epistle | 1Cor 5:9-6:5
New Testament,1 Corinthians,1Cor,6,1Cor 6,yes,30,copticchurch_date; katameros_cycle,Monday of the third week of Great Lent; The first Sunday of Amshir; annual Sundays by Coptic month/week,Liturgy; liturgy_pauline,Pauline Epistle; SundayReadings,copticchurch_date | Monday of the third week of Great Lent | Liturgy | Pauline Epistle | 1Cor 5:9-6:5 || copticchurch_date | The first Sunday of Amshir | Liturgy | Pauline Epistle | 1Cor 6:1-11 || katameros_cycle | annual Sundays by Coptic month/week | liturgy_pauline | SundayReadings | 1Cor 6:1-11
New Testament,1 Corinthians,1Cor,7,1Cor 7,yes,1,special_service,baptism,part_2,pauline,special_service | baptism | part_2 | pauline | 1Cor 7:12-14
New Testament,1 Corinthians,1Cor,8,1Cor 8,no,0,,,,,
New Testament,1 Corinthians,1Cor,9,1Cor 9,yes,32,copticchurch_date; katameros_cycle,The first Sunday of Abib; The first Sunday of Abib (Apostle's Feast); The first Sunday of Mesra; annual Sundays by Coptic month/week,Liturgy; liturgy_pauline,Pauline Epistle; SundayReadings,copticchurch_date | The first Sunday of Abib | Liturgy | Pauline Epistle | 1Cor 9:1-27 || copticchurch_date | The first Sunday of Abib (Apostle's Feast) | Liturgy | Pauline Epistle | 1Cor 9:1-27 || copticchurch_date | The first Sunday of Mesra | Liturgy | Pauline Epistle | 1Cor 9:1-27 || katameros_cycle | annual Sundays by Coptic month/week | liturgy_pauline | SundayReadings | 1Cor 9:1-27
New Testament,1 Corinthians,1Cor,10,1Cor 10,yes,49,copticchurch_date; katameros_cycle; special_service,Friday of the sixth week of Great Lent; Great Lent/Jonah/Nineveh cycle; liturgy_of_the_waters; Thursday of the fifth week of Great Lent; Mesra 29,Liturgy; liturgy_pauline; main_readings,Pauline Epistle; GreatLentReadings; pauline; AnnualReadings,copticchurch_date | Friday of the sixth week of Great Lent | Liturgy | Pauline Epistle | 1Cor 10:1-13 || katameros_cycle | Great Lent/Jonah/Nineveh cycle | liturgy_pauline | GreatLentReadings | 1Cor 10:1-13 || special_service | liturgy_of_the_waters | main_readings | pauline | 1Cor 10:1-13 || copticchurch_date | Thursday of the fifth week of Great Lent | Liturgy | Pauline Epistle | 1Cor 10:14-11:1 || katameros_cycle | Great Lent/Jonah/Nineveh cycle | liturgy_pauline | GreatLentReadings | 1Cor 10:14-33
New Testament,1 Corinthians,1Cor,11,1Cor 11,yes,49,copticchurch_date; katameros_cycle; pascha_source_text,Thursday of the fifth week of Great Lent; Mesra 29; Great Lent/Jonah/Nineveh cycle; Friday of the sixth week of the holy fifty days; Holy Fifty Days/Pentecost cycle; the Covenant Thursday,Liturgy; liturgy_pauline,Pauline Epistle; AnnualReadings; GreatLentReadings; PentecostReadings; Pauline,copticchurch_date | Thursday of the fifth week of Great Lent | Liturgy | Pauline Epistle | 1Cor 10:14-11:1 || copticchurch_date | Mesra 29 | Liturgy | Pauline Epistle | 1Cor 10:25-11:1 || katameros_cycle | Mesra 29 | liturgy_pauline | AnnualReadings | 1Cor 11:1 || katameros_cycle | Great Lent/Jonah/Nineveh cycle | liturgy_pauline | GreatLentReadings | 1Cor 11:1 || copticchurch_date | Friday of the sixth week of the holy fifty days | Liturgy | Pauline Epistle | 1Cor 11:2-16
New Testament,1 Corinthians,1Cor,12,1Cor 12,yes,52,copticchurch_date; katameros_cycle; special_service,Pentecost; Holy Fifty Days/Pentecost cycle; unction_of_the_sick; pentecost_prostration; Great Lent/Jonah/Nineveh cycle; Thursday of the fourth week of Great Lent; Saturday of the seventh week of the holy fifty days,Liturgy; liturgy_pauline; third_prayer; main_readings,Pauline Epistle; PentecostReadings; pauline; GreatLentReadings,copticchurch_date | Pentecost | Liturgy | Pauline Epistle | 1Cor 12:1-31 || katameros_cycle | Holy Fifty Days/Pentecost cycle | liturgy_pauline | PentecostReadings | 1Cor 12:1-31 || special_service | unction_of_the_sick | third_prayer | pauline | 1Cor 12:28-13:8 || special_service | pentecost_prostration | main_readings | pauline | 1Cor 12:28-31 || katameros_cycle | Great Lent/Jonah/Nineveh cycle | liturgy_pauline | GreatLentReadings | 1Cor 12:31
New Testament,1 Corinthians,1Cor,13,1Cor 13,yes,61,special_service; copticchurch_date; katameros_cycle,unction_of_the_sick; Thursday of the fourth week of Great Lent; Saturday of the seventh week of the holy fifty days; pentecost_prostration; Great Lent/Jonah/Nineveh cycle; Holy Fifty Days/Pentecost cycle; Tubah 3; Amshir 7; Fast of Nineveh; Toba 3,third_prayer; Liturgy; main_readings; liturgy_pauline,pauline; Pauline Epistle; GreatLentReadings; PentecostReadings; AnnualReadings,special_service | unction_of_the_sick | third_prayer | pauline | 1Cor 12:28-13:8 || copticchurch_date | Thursday of the fourth week of Great Lent | Liturgy | Pauline Epistle | 1Cor 12:31-14:1 || copticchurch_date | Saturday of the seventh week of the holy fifty days | Liturgy | Pauline Epistle | 1Cor 12:31-14:4 || special_service | pentecost_prostration | main_readings | pauline | 1Cor 13:1-12 || katameros_cycle | Great Lent/Jonah/Nineveh cycle | liturgy_pauline | GreatLentReadings | 1Cor 13:1-13
New Testament,1 Corinthians,1Cor,14,1Cor 14,yes,145,copticchurch_date; special_service; katameros_cycle,Thursday of the fourth week of Great Lent; Saturday of the seventh week of the holy fifty days; Amshir 7; Fast of Nineveh; Toba 3; pentecost_prostration; Great Lent/Jonah/Nineveh cycle; Tubah 3; Holy Fifty Days/Pentecost cycle; Friday of the seventh week of the holy fifty days; The fifth Sunday of Abib; The fifth Sunday of Bashons (+8 more),Liturgy; main_readings; liturgy_pauline,Pauline Epistle; pauline; GreatLentReadings; AnnualReadings; PentecostReadings; SundayReadings,copticchurch_date | Thursday of the fourth week of Great Lent | Liturgy | Pauline Epistle | 1Cor 12:31-14:1 || copticchurch_date | Saturday of the seventh week of the holy fifty days | Liturgy | Pauline Epistle | 1Cor 12:31-14:4 || copticchurch_date | Amshir 7 | Liturgy | Pauline Epistle | 1Cor 13:11-14:4 || copticchurch_date | Fast of Nineveh | Liturgy | Pauline Epistle | 1Cor 13:11-14:4 || copticchurch_date | Toba 3 | Liturgy | Pauline Epistle | 1Cor 13:11-14:4
New Testament,1 Corinthians,1Cor,15,1Cor 15,yes,57,bright_saturday_service_order; pascha_day_hour; special_service; copticchurch_date; katameros_cycle,ST. BASIL LITURGY – LITURGY OF THE WORD; Bright Saturday; funeral; general_funeral; The Feast of Resurrection; Holy Fifty Days/Pentecost cycle; Wednesday of the first week of the holy fifty days; Sunday of the sixth week of the holy fifty days; Sunday of the sixth week of the holy fifty days and the Feast of Entry into Egypt,Liturgy; part_1; main_readings; liturgy_pauline; part_2; part_5,Pauline Epistle; Pauline; pauline; PentecostReadings,bright_saturday_service_order | ST. BASIL LITURGY – LITURGY OF THE WORD | Liturgy | Pauline Epistle | 1Cor 15:1-22 || pascha_day_hour | Bright Saturday | Liturgy | Pauline | 1Cor 15:1-22 || special_service | funeral | part_1 | pauline | 1Cor 15:1-23 || special_service | general_funeral | main_readings | pauline | 1Cor 15:1-27 || copticchurch_date | The Feast of Resurrection | Liturgy | Pauline Epistle | 1Cor 15:23-49
New Testament,1 Corinthians,1Cor,16,1Cor 16,yes,33,copticchurch_date; katameros_cycle,Sunday of the sixth week of the holy fifty days; Sunday of the sixth week of the holy fifty days and the Feast of Entry into Egypt; The third Sunday of Baba; annual Sundays by Coptic month/week,Liturgy; liturgy_pauline,Pauline Epistle; SundayReadings,copticchurch_date | Sunday of the sixth week of the holy fifty days | Liturgy | Pauline Epistle | 1Cor 15:57-16:8 || copticchurch_date | Sunday of the sixth week of the holy fifty days and the Feast of Entry into Egypt | Liturgy | Pauline Epistle | 1Cor 15:57-16:8 || copticchurch_date | The third Sunday of Baba | Liturgy | Pauline Epistle | 1Cor 16:12-23 || katameros_cycle | annual Sundays by Coptic month/week | liturgy_pauline | SundayReadings | 1Cor 16:12-24
New Testament,2 Corinthians,2Cor,1,2Cor 1,yes,17,copticchurch_date; katameros_cycle,The fourth Sunday of Tout; annual Sundays by Coptic month/week,Liturgy; liturgy_pauline,Pauline Epistle; SundayReadings,copticchurch_date | The fourth Sunday of Tout | Liturgy | Pauline Epistle | 2Cor 1:1-14 || katameros_cycle | annual Sundays by Coptic month/week | liturgy_pauline | SundayReadings | 2Cor 1:1-14
New Testament,2 Corinthians,2Cor,2,2Cor 2,yes,17,katameros_cycle; copticchurch_date,annual Sundays by Coptic month/week; The first Sunday of Baba,liturgy_pauline; Liturgy,SundayReadings; Pauline Epistle,katameros_cycle | annual Sundays by Coptic month/week | liturgy_pauline | SundayReadings | 2Cor 2:12-17 || copticchurch_date | The first Sunday of Baba | Liturgy | Pauline Epistle | 2Cor 2:12-3:6
New Testament,2 Corinthians,2Cor,3,2Cor 3,yes,32,copticchurch_date; katameros_cycle,The first Sunday of Baba; annual Sundays by Coptic month/week; Al-Nasi 2; Nasie 2,Liturgy; liturgy_pauline,Pauline Epistle; SundayReadings; AnnualReadings,copticchurch_date | The first Sunday of Baba | Liturgy | Pauline Epistle | 2Cor 2:12-3:6 || katameros_cycle | annual Sundays by Coptic month/week | liturgy_pauline | SundayReadings | 2Cor 3:1-6 || katameros_cycle | Al-Nasi 2 | liturgy_pauline | AnnualReadings | 2Cor 3:12-18 || copticchurch_date | Nasie 2 | Liturgy | Pauline Epistle | 2Cor 3:12-4:4
New Testament,2 Corinthians,2Cor,4,2Cor 4,yes,279,copticchurch_date; katameros_cycle,Nasie 2; Al-Nasi 2; The second Sunday of Baba; annual Sundays by Coptic month/week; Thursday of the seventh week of Great Lent; Abib 3; Amshir 7; Babah 11; Babah 17; Babah 2; Baramhat 22; Barmuda 12 (+28 more),Liturgy; liturgy_pauline,Pauline Epistle; AnnualReadings; SundayReadings; GreatLentReadings,copticchurch_date | Nasie 2 | Liturgy | Pauline Epistle | 2Cor 3:12-4:4 || katameros_cycle | Al-Nasi 2 | liturgy_pauline | AnnualReadings | 2Cor 4:1-4 || copticchurch_date | The second Sunday of Baba | Liturgy | Pauline Epistle | 2Cor 4:1-5:15 || katameros_cycle | annual Sundays by Coptic month/week | liturgy_pauline | SundayReadings | 2Cor 4:5-15 || copticchurch_date | Thursday of the seventh week of Great Lent | Liturgy | Pauline Epistle | 2Cor 4:5-18
New Testament,2 Corinthians,2Cor,5,2Cor 5,yes,263,copticchurch_date; katameros_cycle,The second Sunday of Baba; Abib 14; Abib 3; Baba 11; Baba 17; Baba 2; Bashons 30; Hator 1; Hator 13; Hator 30; Kiak 6; Mesra 18 (+26 more),Liturgy; liturgy_pauline,Pauline Epistle; AnnualReadings,copticchurch_date | The second Sunday of Baba | Liturgy | Pauline Epistle | 2Cor 4:1-5:15 || copticchurch_date | Abib 14 | Liturgy | Pauline Epistle | 2Cor 4:5-5:11 || copticchurch_date | Abib 3 | Liturgy | Pauline Epistle | 2Cor 4:5-5:11 || copticchurch_date | Baba 11 | Liturgy | Pauline Epistle | 2Cor 4:5-5:11 || copticchurch_date | Baba 17 | Liturgy | Pauline Epistle | 2Cor 4:5-5:11
New Testament,2 Corinthians,2Cor,6,2Cor 6,yes,50,copticchurch_date; katameros_cycle,Feast of Nayrouz - (Readings of the First of Tut); Tout 1; Feast of Nayrouz; Great Lent/Jonah/Nineveh cycle; Saturday of the week before Great Lent; Sunday of the third week of Great Lent,Liturgy; liturgy_pauline,Pauline Epistle; AnnualReadings; GreatLentReadings,copticchurch_date | Feast of Nayrouz - (Readings of the First of Tut) | Liturgy | Pauline Epistle | 2Cor 5:11-6:13 || copticchurch_date | Tout 1 | Liturgy | Pauline Epistle | 2Cor 5:11-6:13 || katameros_cycle | Feast of Nayrouz | liturgy_pauline | AnnualReadings | 2Cor 6:1-13 || katameros_cycle | Great Lent/Jonah/Nineveh cycle | liturgy_pauline | GreatLentReadings | 2Cor 6:14-7 || copticchurch_date | Saturday of the week before Great Lent | Liturgy | Pauline Epistle | 2Cor 6:14-7:16
New Testament,2 Corinthians,2Cor,7,2Cor 7,yes,30,copticchurch_date; katameros_cycle,Saturday of the week before Great Lent; Saturday of the third week of Great Lent; Great Lent/Jonah/Nineveh cycle,Liturgy; liturgy_pauline,Pauline Epistle; GreatLentReadings,copticchurch_date | Saturday of the week before Great Lent | Liturgy | Pauline Epistle | 2Cor 6:14-7:16 || copticchurch_date | Saturday of the third week of Great Lent | Liturgy | Pauline Epistle | 2Cor 7:2-11 || katameros_cycle | Great Lent/Jonah/Nineveh cycle | liturgy_pauline | GreatLentReadings | 2Cor 7:2-11
New Testament,2 Corinthians,2Cor,8,2Cor 8,no,0,,,,,
New Testament,2 Corinthians,2Cor,9,2Cor 9,yes,33,copticchurch_date; katameros_cycle,The first Sunday of Hator; annual Sundays by Coptic month/week; Tuesday of the second week of Great Lent; Great Lent/Jonah/Nineveh cycle,Liturgy; liturgy_pauline,Pauline Epistle; SundayReadings; GreatLentReadings,copticchurch_date | The first Sunday of Hator | Liturgy | Pauline Epistle | 2Cor 9:1-9 || katameros_cycle | annual Sundays by Coptic month/week | liturgy_pauline | SundayReadings | 2Cor 9:1-9 || copticchurch_date | Tuesday of the second week of Great Lent | Liturgy | Pauline Epistle | 2Cor 9:6-15 || katameros_cycle | Great Lent/Jonah/Nineveh cycle | liturgy_pauline | GreatLentReadings | 2Cor 9:6-15
New Testament,2 Corinthians,2Cor,10,2Cor 10,yes,153,copticchurch_date; katameros_cycle,Abib 21; Abib 25; Baba 10; Baba 28; Baba 4; Baba 8; Bashons 25; Hator 19; Hator 25; Kiak 8; Toba 5; Babah 10 (+10 more),Liturgy; liturgy_pauline,Pauline Epistle; AnnualReadings,copticchurch_date | Abib 21 | Liturgy | Pauline Epistle | 2Cor 10:1-18 || copticchurch_date | Abib 25 | Liturgy | Pauline Epistle | 2Cor 10:1-18 || copticchurch_date | Baba 10 | Liturgy | Pauline Epistle | 2Cor 10:1-18 || copticchurch_date | Baba 28 | Liturgy | Pauline Epistle | 2Cor 10:1-18 || copticchurch_date | Baba 4 | Liturgy | Pauline Epistle | 2Cor 10:1-18
New Testament,2 Corinthians,2Cor,11,2Cor 11,yes,132,copticchurch_date; katameros_cycle,Abib 6; Baba 26; Bashons 22; Paona 1; Paona 25; Toba 1; Toba 20; Tout 15; Tout 24; Sunday of the week before Great Lent; Great Lent/Jonah/Nineveh cycle; Babah 26 (+11 more),Liturgy; liturgy_pauline,Pauline Epistle; GreatLentReadings; AnnualReadings,copticchurch_date | Abib 6 | Liturgy | Pauline Epistle | 2Cor 11:16-12:12 || copticchurch_date | Baba 26 | Liturgy | Pauline Epistle | 2Cor 11:16-12:12 || copticchurch_date | Bashons 22 | Liturgy | Pauline Epistle | 2Cor 11:16-12:12 || copticchurch_date | Paona 1 | Liturgy | Pauline Epistle | 2Cor 11:16-12:12 || copticchurch_date | Paona 25 | Liturgy | Pauline Epistle | 2Cor 11:16-12:12
New Testament,2 Corinthians,2Cor,12,2Cor 12,yes,116,copticchurch_date; katameros_cycle,Abib 6; Baba 26; Bashons 22; Paona 1; Paona 25; Toba 1; Toba 20; Tout 15; Tout 24; Babah 26; Baramhat 19; Barmuda 15 (+9 more),Liturgy; liturgy_pauline,Pauline Epistle; AnnualReadings,copticchurch_date | Abib 6 | Liturgy | Pauline Epistle | 2Cor 11:16-12:12 || copticchurch_date | Baba 26 | Liturgy | Pauline Epistle | 2Cor 11:16-12:12 || copticchurch_date | Bashons 22 | Liturgy | Pauline Epistle | 2Cor 11:16-12:12 || copticchurch_date | Paona 1 | Liturgy | Pauline Epistle | 2Cor 11:16-12:12 || copticchurch_date | Paona 25 | Liturgy | Pauline Epistle | 2Cor 11:16-12:12
New Testament,2 Corinthians,2Cor,13,2Cor 13,no,0,,,,,
New Testament,Galatians,Gal,1,Gal 1,yes,133,copticchurch_date; katameros_cycle,Abib 23; Baba 29; Hator 27; Hator 5; Kiak 16; Mesra 10; Mesra 17; Mesra 19; Babah 29; Baramhat 6; Hatur 27; Hatur 5 (+3 more),Liturgy; liturgy_pauline,Pauline Epistle; AnnualReadings; SundayReadings,copticchurch_date | Abib 23 | Liturgy | Pauline Epistle | Gal 1:1-19 || copticchurch_date | Baba 29 | Liturgy | Pauline Epistle | Gal 1:1-19 || copticchurch_date | Hator 27 | Liturgy | Pauline Epistle | Gal 1:1-19 || copticchurch_date | Hator 5 | Liturgy | Pauline Epistle | Gal 1:1-19 || copticchurch_date | Kiak 16 | Liturgy | Pauline Epistle | Gal 1:1-19
New Testament,Galatians,Gal,2,Gal 2,yes,1,special_service,unction_of_the_sick,fifth_prayer,pauline,special_service | unction_of_the_sick | fifth_prayer | pauline | Gal 2:16-20
New Testament,Galatians,Gal,3,Gal 3,yes,39,pascha_source_text; katameros_cycle; copticchurch_date,Good Friday; Kiyahk 28; Christmas Paramoune; Saturday of the third week of the holy fifty days; Holy Fifty Days/Pentecost cycle,Eleventh Hour; liturgy_pauline; Liturgy,Pauline; AnnualReadings; Pauline Epistle; PentecostReadings,pascha_source_text | Good Friday | Eleventh Hour | Pauline | Gal 3:1-6 || katameros_cycle | Kiyahk 28 | liturgy_pauline | AnnualReadings | Gal 3:15-29 || copticchurch_date | Christmas Paramoune | Liturgy | Pauline Epistle | Gal 3:15-4:18 || copticchurch_date | Saturday of the third week of the holy fifty days | Liturgy | Pauline Epistle | Gal 3:5-11 || katameros_cycle | Holy Fifty Days/Pentecost cycle | liturgy_pauline | PentecostReadings | Gal 3:5-11
New Testament,Galatians,Gal,4,Gal 4,yes,35,copticchurch_date; katameros_cycle,Christmas Paramoune; Kiyahk 28; Kiyahk 30; Kiak 30,Liturgy; liturgy_pauline,Pauline Epistle; AnnualReadings,copticchurch_date | Christmas Paramoune | Liturgy | Pauline Epistle | Gal 3:15-4:18 || katameros_cycle | Kiyahk 28 | liturgy_pauline | AnnualReadings | Gal 4:1-18 || katameros_cycle | Kiyahk 30 | liturgy_pauline | AnnualReadings | Gal 4:19-31 || copticchurch_date | Kiak 30 | Liturgy | Pauline Epistle | Gal 4:19-5:1
New Testament,Galatians,Gal,5,Gal 5,yes,39,copticchurch_date; katameros_cycle,Kiak 30; Kiyahk 30; Great Lent/Jonah/Nineveh cycle; Saturday of the fifth week of Great Lent; The second Sunday of Toba; annual Sundays by Coptic month/week,Liturgy; liturgy_pauline,Pauline Epistle; AnnualReadings; GreatLentReadings; SundayReadings,copticchurch_date | Kiak 30 | Liturgy | Pauline Epistle | Gal 4:19-5:1 || katameros_cycle | Kiyahk 30 | liturgy_pauline | AnnualReadings | Gal 5:1 || katameros_cycle | Great Lent/Jonah/Nineveh cycle | liturgy_pauline | GreatLentReadings | Gal 5:16-26 || copticchurch_date | Saturday of the fifth week of Great Lent | Liturgy | Pauline Epistle | Gal 5:16-6:2 || copticchurch_date | The second Sunday of Toba | Liturgy | Pauline Epistle | Gal 5:2-10
New Testament,Galatians,Gal,6,Gal 6,yes,34,copticchurch_date; katameros_cycle; pascha_day_hour,"Saturday of the fifth week of Great Lent; Great Lent/Jonah/Nineveh cycle; Sunday, Tout 18 (Feast of the Cross); Tout 18 (Feast of the Cross); Tut 18; Good Friday",Liturgy; liturgy_pauline; Sixth Hour,Pauline Epistle; GreatLentReadings; AnnualReadings; Pauline,"copticchurch_date | Saturday of the fifth week of Great Lent | Liturgy | Pauline Epistle | Gal 5:16-6:2 || katameros_cycle | Great Lent/Jonah/Nineveh cycle | liturgy_pauline | GreatLentReadings | Gal 6:1-2 || copticchurch_date | Sunday, Tout 18 (Feast of the Cross) | Liturgy | Pauline Epistle | Gal 6:11-18 || copticchurch_date | Tout 18 (Feast of the Cross) | Liturgy | Pauline Epistle | Gal 6:11-18 || katameros_cycle | Tut 18 | liturgy_pauline | AnnualReadings | Gal 6:11-18"
New Testament,Ephesians,Eph,1,Eph 1,yes,51,copticchurch_date; katameros_cycle,Saturday of the fourth week of the holy fifty days; Saturday of the fourth week of the holy fifty days and the Feast of Entry into Egypt; The Second Day of Feast of Epiphany; Tubah 12; Holy Fifty Days/Pentecost cycle; Thursday of the first week of the holy fifty days,Liturgy; liturgy_pauline,Pauline Epistle; AnnualReadings; PentecostReadings,copticchurch_date | Saturday of the fourth week of the holy fifty days | Liturgy | Pauline Epistle | Eph 1:1-14 || copticchurch_date | Saturday of the fourth week of the holy fifty days and the Feast of Entry into Egypt | Liturgy | Pauline Epistle | Eph 1:1-14 || copticchurch_date | The Second Day of Feast of Epiphany | Liturgy | Pauline Epistle | Eph 1:1-14 || katameros_cycle | Tubah 12 | liturgy_pauline | AnnualReadings | Eph 1:1-14 || katameros_cycle | Holy Fifty Days/Pentecost cycle | liturgy_pauline | PentecostReadings | Eph 1:1-14
New Testament,Ephesians,Eph,2,Eph 2,yes,80,copticchurch_date; katameros_cycle,Thursday of the first week of the holy fifty days; Entrance into Egypt; Paona 8; Wednesday of Ninevah's Fast; Feast of St. Joseph the Carpenter; Bashans 24; Baunah 8; Wednesday of the fourth week of the holy fifty days; Holy Fifty Days/Pentecost cycle; Sunday of the second week of the holy fifty days,Liturgy; liturgy_pauline,Pauline Epistle; AnnualReadings; PentecostReadings,copticchurch_date | Thursday of the first week of the holy fifty days | Liturgy | Pauline Epistle | Eph 1:15-2:3 || copticchurch_date | Entrance into Egypt | Liturgy | Pauline Epistle | Eph 2:1-22 || copticchurch_date | Paona 8 | Liturgy | Pauline Epistle | Eph 2:1-22 || copticchurch_date | Wednesday of Ninevah's Fast | Liturgy | Pauline Epistle | Eph 2:1-22 || katameros_cycle | Feast of St. Joseph the Carpenter | liturgy_pauline | AnnualReadings | Eph 2:1-22
New Testament,Ephesians,Eph,3,Eph 3,yes,16,copticchurch_date,Sunday of the second week of the holy fifty days,Liturgy,Pauline Epistle,copticchurch_date | Sunday of the second week of the holy fifty days | Liturgy | Pauline Epistle | Eph 2:19-3:10
New Testament,Ephesians,Eph,4,Eph 4,yes,115,copticchurch_date; katameros_cycle,Tuesday of the fourth week of Great Lent; Great Lent/Jonah/Nineveh cycle; Saturday of the sixth week of Great Lent; Baba 12; Babah 12; Bashans 15; Wednesday of the fourth week of Great Lent; Thomas Sunday; Holy Fifty Days/Pentecost cycle; Mesra 30; Saturday of the sixth week of the holy fifty days,Liturgy; liturgy_pauline,Pauline Epistle; GreatLentReadings; AnnualReadings; PentecostReadings,copticchurch_date | Tuesday of the fourth week of Great Lent | Liturgy | Pauline Epistle | Eph 4:1-16 || katameros_cycle | Great Lent/Jonah/Nineveh cycle | liturgy_pauline | GreatLentReadings | Eph 4:1-16 || copticchurch_date | Saturday of the sixth week of Great Lent | Liturgy | Pauline Epistle | Eph 4:1-7 || katameros_cycle | Great Lent/Jonah/Nineveh cycle | liturgy_pauline | GreatLentReadings | Eph 4:1-7 || copticchurch_date | Baba 12 | Liturgy | Pauline Epistle | Eph 4:11-19
New Testament,Ephesians,Eph,5,Eph 5,yes,250,special_service; copticchurch_date; katameros_cycle,wedding_crowning; Abib 1; Abib 17; Abib 28; Baba 1; Fast of Nineveh; Hator 10; Kiak 26; Mesra 15; Mesra 2; Mesra 21; Mesra 6 (+24 more),main_readings; Liturgy; liturgy_pauline,pauline; Pauline Epistle; AnnualReadings,special_service | wedding_crowning | main_readings | pauline | Eph 5:22-6:3 || copticchurch_date | Abib 1 | Liturgy | Pauline Epistle | Eph 5:8-21 || copticchurch_date | Abib 17 | Liturgy | Pauline Epistle | Eph 5:8-21 || copticchurch_date | Abib 28 | Liturgy | Pauline Epistle | Eph 5:8-21 || copticchurch_date | Baba 1 | Liturgy | Pauline Epistle | Eph 5:8-21
New Testament,Ephesians,Eph,6,Eph 6,yes,31,special_service; copticchurch_date; katameros_cycle,wedding_crowning; The second Sunday of Mesra; annual Sundays by Coptic month/week; unction_of_the_sick; Sunday of the fourth week of Great Lent; Great Lent/Jonah/Nineveh cycle,main_readings; Liturgy; liturgy_pauline; seventh_prayer,pauline; Pauline Epistle; SundayReadings; GreatLentReadings,special_service | wedding_crowning | main_readings | pauline | Eph 5:22-6:3 || copticchurch_date | The second Sunday of Mesra | Liturgy | Pauline Epistle | Eph 6:1-23 || katameros_cycle | annual Sundays by Coptic month/week | liturgy_pauline | SundayReadings | Eph 6:1-23 || special_service | unction_of_the_sick | seventh_prayer | pauline | Eph 6:10-18 || copticchurch_date | Sunday of the fourth week of Great Lent | Liturgy | Pauline Epistle | Eph 6:10-24
New Testament,Philippians,Phil,1,Phil 1,yes,34,copticchurch_date; katameros_cycle,Tout 21; Tout 23; Baramhat 11; Baramhat 14; Barmuda 21; Tut 21; Tut 23; annual Sundays by Coptic month/week,Liturgy; liturgy_pauline,Pauline Epistle; AnnualReadings; SundayReadings,copticchurch_date | Tout 21 | Liturgy | Pauline Epistle | Phil 1:1-11 || copticchurch_date | Tout 23 | Liturgy | Pauline Epistle | Phil 1:1-11 || katameros_cycle | Baramhat 11 | liturgy_pauline | AnnualReadings | Phil 1:1-11 || katameros_cycle | Baramhat 14 | liturgy_pauline | AnnualReadings | Phil 1:1-11 || katameros_cycle | Barmuda 21 | liturgy_pauline | AnnualReadings | Phil 1:1-11
New Testament,Philippians,Phil,2,Phil 2,yes,37,katameros_cycle; copticchurch_date; pascha_source_text; pascha_day_hour,annual Sundays by Coptic month/week; Monday of the fifth week of Great Lent; Great Lent/Jonah/Nineveh cycle; Tuesday of the fifth week of Great Lent; Good Friday,liturgy_pauline; Liturgy; Ninth Hour,SundayReadings; Pauline Epistle; GreatLentReadings; Pauline,katameros_cycle | annual Sundays by Coptic month/week | liturgy_pauline | SundayReadings | Phil 2:1-11 || copticchurch_date | Monday of the fifth week of Great Lent | Liturgy | Pauline Epistle | Phil 2:1-16 || katameros_cycle | Great Lent/Jonah/Nineveh cycle | liturgy_pauline | GreatLentReadings | Phil 2:1-16 || copticchurch_date | Tuesday of the fifth week of Great Lent | Liturgy | Pauline Epistle | Phil 2:22-26 || katameros_cycle | Great Lent/Jonah/Nineveh cycle | liturgy_pauline | GreatLentReadings | Phil 2:22-26
New Testament,Philippians,Phil,3,Phil 3,yes,133,copticchurch_date; katameros_cycle,Circumcision of our Lord; Entrance into the Temple; Amshir 8; Tubah 6; Babah 24; Barmuda 9; Bashans 13; Bashans 19; Baunah 17; Baunah 23; Baunah 5; Kiyahk 9 (+9 more),Liturgy; liturgy_pauline,Pauline Epistle; AnnualReadings,copticchurch_date | Circumcision of our Lord | Liturgy | Pauline Epistle | Phil 3:1-12 || copticchurch_date | Entrance into the Temple | Liturgy | Pauline Epistle | Phil 3:1-12 || katameros_cycle | Amshir 8 | liturgy_pauline | AnnualReadings | Phil 3:1-12 || katameros_cycle | Tubah 6 | liturgy_pauline | AnnualReadings | Phil 3:1-12 || katameros_cycle | Babah 24 | liturgy_pauline | AnnualReadings | Phil 3:20-21
New Testament,Philippians,Phil,4,Phil 4,yes,116,copticchurch_date; katameros_cycle,Baba 24; Fast of Nineveh; Kiak 9; Mesra 25; Paona 17; Paona 23; Paona 5; Toba 22; Babah 24; Barmuda 9; Bashans 13; Bashans 19 (+7 more),Liturgy; liturgy_pauline,Pauline Epistle; AnnualReadings; GreatLentReadings,copticchurch_date | Baba 24 | Liturgy | Pauline Epistle | Phil 3:20-4:9 || copticchurch_date | Fast of Nineveh | Liturgy | Pauline Epistle | Phil 3:20-4:9 || copticchurch_date | Kiak 9 | Liturgy | Pauline Epistle | Phil 3:20-4:9 || copticchurch_date | Mesra 25 | Liturgy | Pauline Epistle | Phil 3:20-4:9 || copticchurch_date | Paona 17 | Liturgy | Pauline Epistle | Phil 3:20-4:9
New Testament,Colossians,Col,1,Col 1,yes,49,copticchurch_date; katameros_cycle,Transfiguration; Baramhat 21; Mesra 13; Saturday of the first week of the holy fifty days; Holy Fifty Days/Pentecost cycle; Tuesday of Ninevah's Fast,Liturgy; liturgy_pauline,Pauline Epistle; AnnualReadings; PentecostReadings,copticchurch_date | Transfiguration | Liturgy | Pauline Epistle | Col 1:1-23 || katameros_cycle | Baramhat 21 | liturgy_pauline | AnnualReadings | Col 1:1-23 || katameros_cycle | Mesra 13 | liturgy_pauline | AnnualReadings | Col 1:1-23 || copticchurch_date | Saturday of the first week of the holy fifty days | Liturgy | Pauline Epistle | Col 1:12-23 || katameros_cycle | Holy Fifty Days/Pentecost cycle | liturgy_pauline | PentecostReadings | Col 1:12-23
New Testament,Colossians,Col,2,Col 2,yes,18,pascha_source_text; copticchurch_date; katameros_cycle,"Good Friday; Sunday, Tout 19 (Feast of the Cross); Tout 19 (Feast of the Cross); Tut 19",Third Hour; Liturgy; liturgy_pauline,Pauline; Pauline Epistle; AnnualReadings,"pascha_source_text | Good Friday | Third Hour | Pauline | Col 2:13-15 || copticchurch_date | Sunday, Tout 19 (Feast of the Cross) | Liturgy | Pauline Epistle | Col 2:6-19 || copticchurch_date | Tout 19 (Feast of the Cross) | Liturgy | Pauline Epistle | Col 2:6-19 || katameros_cycle | Tut 19 | liturgy_pauline | AnnualReadings | Col 2:6-19"
New Testament,Colossians,Col,3,Col 3,yes,40,copticchurch_date; katameros_cycle; special_service,Sunday of the third week of the holy fifty days; Holy Fifty Days/Pentecost cycle; unction_of_the_sick; Sunday of the sixth week of Great Lent; Great Lent/Jonah/Nineveh cycle; Nasie 6; Al-Nasi 6,Liturgy; liturgy_pauline; sixth_prayer,Pauline Epistle; PentecostReadings; pauline; GreatLentReadings; AnnualReadings,copticchurch_date | Sunday of the third week of the holy fifty days | Liturgy | Pauline Epistle | Col 3:1-17 || katameros_cycle | Holy Fifty Days/Pentecost cycle | liturgy_pauline | PentecostReadings | Col 3:1-17 || special_service | unction_of_the_sick | sixth_prayer | pauline | Col 3:12-17 || copticchurch_date | Sunday of the sixth week of Great Lent | Liturgy | Pauline Epistle | Col 3:5-17 || katameros_cycle | Great Lent/Jonah/Nineveh cycle | liturgy_pauline | GreatLentReadings | Col 3:5-17
New Testament,Colossians,Col,4,Col 4,yes,57,copticchurch_date; katameros_cycle,Amshir 4; Baba 22; Kiak 18; The fourth Sunday of Paona; Babah 22; annual Sundays by Coptic month/week; Kiyahk 18,Liturgy; liturgy_pauline,Pauline Epistle; AnnualReadings; SundayReadings,copticchurch_date | Amshir 4 | Liturgy | Pauline Epistle | Col 4:2-18 || copticchurch_date | Baba 22 | Liturgy | Pauline Epistle | Col 4:2-18 || copticchurch_date | Kiak 18 | Liturgy | Pauline Epistle | Col 4:2-18 || copticchurch_date | The fourth Sunday of Paona | Liturgy | Pauline Epistle | Col 4:2-18 || katameros_cycle | Amshir 4 | liturgy_pauline | AnnualReadings | Col 4:2-18
New Testament,1 Thessalonians,1Thess,1,1Thess 1,yes,1,katameros_cycle,annual Sundays by Coptic month/week,liturgy_pauline,SundayReadings,katameros_cycle | annual Sundays by Coptic month/week | liturgy_pauline | SundayReadings | 1Thess 1:1-12
New Testament,1 Thessalonians,1Thess,2,1Thess 2,yes,17,copticchurch_date; katameros_cycle,The fourth Sunday of Mesra; annual Sundays by Coptic month/week,Liturgy; liturgy_pauline,Pauline Epistle; SundayReadings,copticchurch_date | The fourth Sunday of Mesra | Liturgy | Pauline Epistle | 1Thess 2:13-20 || katameros_cycle | annual Sundays by Coptic month/week | liturgy_pauline | SundayReadings | 1Thess 2:13-20
New Testament,1 Thessalonians,1Thess,3,1Thess 3,yes,1,katameros_cycle,annual Sundays by Coptic month/week,liturgy_pauline,SundayReadings,katameros_cycle | annual Sundays by Coptic month/week | liturgy_pauline | SundayReadings | 1Thess 3:1-13
New Testament,1 Thessalonians,1Thess,4,1Thess 4,yes,34,copticchurch_date; katameros_cycle; special_service,Monday of the sixth week of Great Lent; Great Lent/Jonah/Nineveh cycle; funeral; Holy Fifty Days/Pentecost cycle; Monday of the first week of the holy fifty days,Liturgy; liturgy_pauline; part_4,Pauline Epistle; GreatLentReadings; pauline; PentecostReadings,copticchurch_date | Monday of the sixth week of Great Lent | Liturgy | Pauline Epistle | 1Thess 4:1-18 || katameros_cycle | Great Lent/Jonah/Nineveh cycle | liturgy_pauline | GreatLentReadings | 1Thess 4:1-18 || special_service | funeral | part_4 | pauline | 1Thess 4:13-18 || katameros_cycle | Holy Fifty Days/Pentecost cycle | liturgy_pauline | PentecostReadings | 1Thess 4:13-5 || copticchurch_date | Monday of the first week of the holy fifty days | Liturgy | Pauline Epistle | 1Thess 4:13-5:11
New Testament,1 Thessalonians,1Thess,5,1Thess 5,yes,16,copticchurch_date,Monday of the first week of the holy fifty days,Liturgy,Pauline Epistle,copticchurch_date | Monday of the first week of the holy fifty days | Liturgy | Pauline Epistle | 1Thess 4:13-5:11
New Testament,2 Thessalonians,2Thess,1,2Thess 1,yes,16,copticchurch_date,The third Sunday of Hator; The third Sunday of Hator of Christmas Fast,Liturgy,Pauline Epistle,copticchurch_date | The third Sunday of Hator | Liturgy | Pauline Epistle | 2Thess 1:1-12 || copticchurch_date | The third Sunday of Hator of Christmas Fast | Liturgy | Pauline Epistle | 2Thess 1:1-12
New Testament,2 Thessalonians,2Thess,2,2Thess 2,yes,61,copticchurch_date; katameros_cycle,Sunday of the fifth week of Great Lent; The first Sunday of Nasie; annual Sundays by Coptic month/week; Great Lent/Jonah/Nineveh cycle; Holy Fifty Days/Pentecost cycle; Sunday of the fourth week of the holy fifty days; Wednesday of the third week of Great Lent,Liturgy; liturgy_pauline,Pauline Epistle; SundayReadings; GreatLentReadings; PentecostReadings,copticchurch_date | Sunday of the fifth week of Great Lent | Liturgy | Pauline Epistle | 2Thess 2:1-17 || copticchurch_date | The first Sunday of Nasie | Liturgy | Pauline Epistle | 2Thess 2:1-17 || katameros_cycle | annual Sundays by Coptic month/week | liturgy_pauline | SundayReadings | 2Thess 2:1-17 || katameros_cycle | Great Lent/Jonah/Nineveh cycle | liturgy_pauline | GreatLentReadings | 2Thess 2:1-17 || katameros_cycle | Holy Fifty Days/Pentecost cycle | liturgy_pauline | PentecostReadings | 2Thess 2:13-3
New Testament,2 Thessalonians,2Thess,3,2Thess 3,yes,16,copticchurch_date,Sunday of the fourth week of the holy fifty days,Liturgy,Pauline Epistle,copticchurch_date | Sunday of the fourth week of the holy fifty days | Liturgy | Pauline Epistle | 2Thess 2:13-3:5
New Testament,1 Timothy,1Tim,1,1Tim 1,yes,17,katameros_cycle; copticchurch_date,annual Sundays by Coptic month/week; The first Sunday of Tout,liturgy_pauline; Liturgy,SundayReadings; Pauline Epistle,katameros_cycle | annual Sundays by Coptic month/week | liturgy_pauline | SundayReadings | 1Tim 1:12-19 || copticchurch_date | The first Sunday of Tout | Liturgy | Pauline Epistle | 1Tim 1:12-27
New Testament,1 Timothy,1Tim,2,1Tim 2,yes,15,katameros_cycle; copticchurch_date,Great Lent/Jonah/Nineveh cycle; Thursday of the sixth week of Great Lent,liturgy_pauline; Liturgy,GreatLentReadings; Pauline Epistle,katameros_cycle | Great Lent/Jonah/Nineveh cycle | liturgy_pauline | GreatLentReadings | 1Tim 2:1-3 || copticchurch_date | Thursday of the sixth week of Great Lent | Liturgy | Pauline Epistle | 1Tim 2:1-3:4
New Testament,1 Timothy,1Tim,3,1Tim 3,yes,31,copticchurch_date; katameros_cycle,Thursday of the sixth week of Great Lent; The Feast of the Ascension; Holy Fifty Days/Pentecost cycle,Liturgy; liturgy_pauline,Pauline Epistle; PentecostReadings,copticchurch_date | Thursday of the sixth week of Great Lent | Liturgy | Pauline Epistle | 1Tim 2:1-3:4 || copticchurch_date | The Feast of the Ascension | Liturgy | Pauline Epistle | 1Tim 3:13-16 || katameros_cycle | Holy Fifty Days/Pentecost cycle | liturgy_pauline | PentecostReadings | 1Tim 3:13-16
New Testament,1 Timothy,1Tim,4,1Tim 4,yes,1,pascha_source_text,Great Thursday,Liturgy of Blessing of the Water,Pauline,pascha_source_text | Great Thursday | Liturgy of Blessing of the Water | Pauline | 1Tim 4:9-5:10
New Testament,1 Timothy,1Tim,5,1Tim 5,yes,16,pascha_source_text; katameros_cycle; copticchurch_date,Great Thursday; Hatur 24; Hator 24,Liturgy of Blessing of the Water; liturgy_pauline; Liturgy,Pauline; AnnualReadings; Pauline Epistle,pascha_source_text | Great Thursday | Liturgy of Blessing of the Water | Pauline | 1Tim 4:9-5:10 || katameros_cycle | Hatur 24 | liturgy_pauline | AnnualReadings | 1Tim 5:17-25 || copticchurch_date | Hator 24 | Liturgy | Pauline Epistle | 1Tim 5:17-6:2
New Testament,1 Timothy,1Tim,6,1Tim 6,yes,49,copticchurch_date; katameros_cycle,Hator 24; Hatur 24; The third Sunday of Abib; annual Sundays by Coptic month/week; The fourth Sunday of Baba,Liturgy; liturgy_pauline,Pauline Epistle; AnnualReadings; SundayReadings,copticchurch_date | Hator 24 | Liturgy | Pauline Epistle | 1Tim 5:17-6:2 || katameros_cycle | Hatur 24 | liturgy_pauline | AnnualReadings | 1Tim 6:1-2 || copticchurch_date | The third Sunday of Abib | Liturgy | Pauline Epistle | 1Tim 6:3-16 || katameros_cycle | annual Sundays by Coptic month/week | liturgy_pauline | SundayReadings | 1Tim 6:3-16 || copticchurch_date | The fourth Sunday of Baba | Liturgy | Pauline Epistle | 1Tim 6:3-21
New Testament,2 Timothy,2Tim,1,2Tim 1,yes,17,katameros_cycle; copticchurch_date,annual Sundays by Coptic month/week; The second Sunday of Tout,liturgy_pauline; Liturgy,SundayReadings; Pauline Epistle,katameros_cycle | annual Sundays by Coptic month/week | liturgy_pauline | SundayReadings | 2Tim 1:12-18 || copticchurch_date | The second Sunday of Tout | Liturgy | Pauline Epistle | 2Tim 1:12-2:10
New Testament,2 Timothy,2Tim,2,2Tim 2,yes,102,copticchurch_date; katameros_cycle,The second Sunday of Tout; annual Sundays by Coptic month/week; Abib 20; Amshir 25; Amshir 28; Baba 15; Baba 19; Great Lent; Paona 6; Babah 15; Babah 19; Baramhat 18 (+7 more),Liturgy; liturgy_pauline,Pauline Epistle; SundayReadings; AnnualReadings; PentecostReadings,copticchurch_date | The second Sunday of Tout | Liturgy | Pauline Epistle | 2Tim 1:12-2:10 || katameros_cycle | annual Sundays by Coptic month/week | liturgy_pauline | SundayReadings | 2Tim 2:1-10 || copticchurch_date | Abib 20 | Liturgy | Pauline Epistle | 2Tim 2:3-15 || copticchurch_date | Amshir 25 | Liturgy | Pauline Epistle | 2Tim 2:3-15 || copticchurch_date | Amshir 28 | Liturgy | Pauline Epistle | 2Tim 2:3-15
New Testament,2 Timothy,2Tim,3,2Tim 3,yes,289,katameros_cycle; copticchurch_date,Great Lent/Jonah/Nineveh cycle; Friday of the seventh week of Great Lent; Abib 2; Abib 9; Amshir 14; Amshir 18; Amshir 27; Babah 3; Babah 30; Babah 5; Babah 9; Barmuda 30 (+31 more),liturgy_pauline; Liturgy,GreatLentReadings; Pauline Epistle; AnnualReadings,katameros_cycle | Great Lent/Jonah/Nineveh cycle | liturgy_pauline | GreatLentReadings | 2Tim 3:1-17 || copticchurch_date | Friday of the seventh week of Great Lent | Liturgy | Pauline Epistle | 2Tim 3:1-4:5 || katameros_cycle | Abib 2 | liturgy_pauline | AnnualReadings | 2Tim 3:10-17 || katameros_cycle | Abib 9 | liturgy_pauline | AnnualReadings | 2Tim 3:10-17 || katameros_cycle | Amshir 14 | liturgy_pauline | AnnualReadings | 2Tim 3:10-17
New Testament,2 Timothy,2Tim,4,2Tim 4,yes,289,copticchurch_date; katameros_cycle,Friday of the seventh week of Great Lent; Abib 2; Abib 9; Baba 30; Bashons 23; Hator 20; Paona 27; Amshir 14; Amshir 18; Amshir 27; Baba 3; Baba 5 (+31 more),Liturgy; liturgy_pauline,Pauline Epistle; AnnualReadings; GreatLentReadings,copticchurch_date | Friday of the seventh week of Great Lent | Liturgy | Pauline Epistle | 2Tim 3:1-4:5 || copticchurch_date | Abib 2 | Liturgy | Pauline Epistle | 2Tim 3:10-4:18 || copticchurch_date | Abib 9 | Liturgy | Pauline Epistle | 2Tim 3:10-4:18 || copticchurch_date | Baba 30 | Liturgy | Pauline Epistle | 2Tim 3:10-4:18 || copticchurch_date | Bashons 23 | Liturgy | Pauline Epistle | 2Tim 3:10-4:18
New Testament,Titus,Titus,1,Titus 1,no,0,,,,,
New Testament,Titus,Titus,2,Titus 2,yes,35,katameros_cycle; special_service; copticchurch_date,Babah 14; Baramhat 25; Tubah 11; myron_consecration; Baba 14; The Feast of Epiphany; baptism,liturgy_pauline; liturgy; Liturgy; part_3,AnnualReadings; pauline; Pauline Epistle,katameros_cycle | Babah 14 | liturgy_pauline | AnnualReadings | Titus 2:11-15 || katameros_cycle | Baramhat 25 | liturgy_pauline | AnnualReadings | Titus 2:11-15 || katameros_cycle | Tubah 11 | liturgy_pauline | AnnualReadings | Titus 2:11-15 || special_service | myron_consecration | liturgy | pauline | Titus 2:11-15 || copticchurch_date | Baba 14 | Liturgy | Pauline Epistle | Titus 2:11-3:7
New Testament,Titus,Titus,3,Titus 3,yes,35,copticchurch_date; special_service; katameros_cycle,Baba 14; The Feast of Epiphany; baptism; Babah 14; Baramhat 25; Tubah 11; myron_consecration,Liturgy; part_3; liturgy_pauline; liturgy,Pauline Epistle; pauline; AnnualReadings,copticchurch_date | Baba 14 | Liturgy | Pauline Epistle | Titus 2:11-3:7 || copticchurch_date | The Feast of Epiphany | Liturgy | Pauline Epistle | Titus 2:11-3:7 || special_service | baptism | part_3 | pauline | Titus 2:11-3:7 || katameros_cycle | Babah 14 | liturgy_pauline | AnnualReadings | Titus 3:1-7 || katameros_cycle | Baramhat 25 | liturgy_pauline | AnnualReadings | Titus 3:1-7
New Testament,Philemon,Phlm,1,Phlm 1,no,0,,,,,
New Testament,Hebrews,Heb,1,Heb 1,yes,49,katameros_cycle; special_service; copticchurch_date,Baunah 12; Hatur 12; Kiyahk 29; myron_consecration; Christmas; Hator 12; Paona 12; baptism,liturgy_pauline; liturgy; Liturgy; part_1,AnnualReadings; pauline; Pauline Epistle,katameros_cycle | Baunah 12 | liturgy_pauline | AnnualReadings | Heb 1:1-14 || katameros_cycle | Hatur 12 | liturgy_pauline | AnnualReadings | Heb 1:1-14 || katameros_cycle | Kiyahk 29 | liturgy_pauline | AnnualReadings | Heb 1:1-14 || special_service | myron_consecration | liturgy | pauline | Heb 1:1-14 || copticchurch_date | Christmas | Liturgy | Pauline Epistle | Heb 1:1-2:4
New Testament,Hebrews,Heb,2,Heb 2,yes,92,copticchurch_date; katameros_cycle; special_service,Christmas; Hator 12; Paona 12; Baunah 12; Hatur 12; Kiyahk 29; myron_consecration; Kiak 22; Nasie 3; Paona 13; Al-Nasi 3; Baramhat 30 (+2 more),Liturgy; liturgy_pauline; liturgy,Pauline Epistle; AnnualReadings; pauline,copticchurch_date | Christmas | Liturgy | Pauline Epistle | Heb 1:1-2:4 || copticchurch_date | Hator 12 | Liturgy | Pauline Epistle | Heb 1:1-2:4 || copticchurch_date | Paona 12 | Liturgy | Pauline Epistle | Heb 1:1-2:4 || katameros_cycle | Baunah 12 | liturgy_pauline | AnnualReadings | Heb 2:1-4 || katameros_cycle | Hatur 12 | liturgy_pauline | AnnualReadings | Heb 2:1-4
New Testament,Hebrews,Heb,3,Heb 3,yes,7,katameros_cycle; copticchurch_date,annual Sundays by Coptic month/week; The third Sunday of Amshir,liturgy_pauline; Liturgy,SundayReadings; Pauline Epistle,katameros_cycle | annual Sundays by Coptic month/week | liturgy_pauline | SundayReadings | Heb 3:1-19 || copticchurch_date | The third Sunday of Amshir | Liturgy | Pauline Epistle | Heb 3:1-4:2
New Testament,Hebrews,Heb,4,Heb 4,yes,105,copticchurch_date; katameros_cycle,The third Sunday of Amshir; annual Sundays by Coptic month/week; Amshir 11; Amshir 20; Babah 16; Babah 18; Baramhat 12; Baramhat 16; Baramhat 20; Baramhat 24; Baramhat 3; Barmuda 14 (+11 more),Liturgy; liturgy_pauline,Pauline Epistle; SundayReadings; AnnualReadings,copticchurch_date | The third Sunday of Amshir | Liturgy | Pauline Epistle | Heb 3:1-4:2 || katameros_cycle | annual Sundays by Coptic month/week | liturgy_pauline | SundayReadings | Heb 4:1-2 || katameros_cycle | Amshir 11 | liturgy_pauline | AnnualReadings | Heb 4:14-16 || katameros_cycle | Amshir 20 | liturgy_pauline | AnnualReadings | Heb 4:14-16 || katameros_cycle | Babah 16 | liturgy_pauline | AnnualReadings | Heb 4:14-16
New Testament,Hebrews,Heb,5,Heb 5,yes,98,copticchurch_date; katameros_cycle,Amshir 11; Amshir 20; Baba 16; Baba 18; Fast of Nineveh; Hator 2; Hator 29; Paona 18; Babah 16; Babah 18; Baramhat 12; Baramhat 16 (+9 more),Liturgy; liturgy_pauline,Pauline Epistle; AnnualReadings,copticchurch_date | Amshir 11 | Liturgy | Pauline Epistle | Heb 4:14-5:14 || copticchurch_date | Amshir 20 | Liturgy | Pauline Epistle | Heb 4:14-5:14 || copticchurch_date | Baba 16 | Liturgy | Pauline Epistle | Heb 4:14-5:14 || copticchurch_date | Baba 18 | Liturgy | Pauline Epistle | Heb 4:14-5:14 || copticchurch_date | Fast of Nineveh | Liturgy | Pauline Epistle | Heb 4:14-5:14
New Testament,Hebrews,Heb,6,Heb 6,yes,17,copticchurch_date; katameros_cycle,The second Sunday of Hator; annual Sundays by Coptic month/week,Liturgy; liturgy_pauline,Pauline Epistle; SundayReadings,copticchurch_date | The second Sunday of Hator | Liturgy | Pauline Epistle | Heb 6:7-15 || katameros_cycle | annual Sundays by Coptic month/week | liturgy_pauline | SundayReadings | Heb 6:7-15
New Testament,Hebrews,Heb,7,Heb 7,yes,305,copticchurch_date; katameros_cycle; special_service,The fifth Sunday of Baba; The fifth Sunday of Kiak; The fifth Sunday of Toba; The fifth Sunday of Tout; The second Sunday of Amshir; annual Sundays by Coptic month/week; Abib 10; Abib 13; Al-Nasi 5; Amshir 22; Amshir 24; Babah 23 (+38 more),Liturgy; liturgy_pauline; liturgy,Pauline Epistle; SundayReadings; AnnualReadings; pauline,copticchurch_date | The fifth Sunday of Baba | Liturgy | Pauline Epistle | Heb 7:1-17 || copticchurch_date | The fifth Sunday of Kiak | Liturgy | Pauline Epistle | Heb 7:1-17 || copticchurch_date | The fifth Sunday of Toba | Liturgy | Pauline Epistle | Heb 7:1-17 || copticchurch_date | The fifth Sunday of Tout | Liturgy | Pauline Epistle | Heb 7:1-17 || copticchurch_date | The second Sunday of Amshir | Liturgy | Pauline Epistle | Heb 7:1-17
New Testament,Hebrews,Heb,8,Heb 8,yes,277,copticchurch_date; special_service; katameros_cycle,Abib 10; Abib 13; Amshir 22; Amshir 24; Baba 23; Bashons 27; Great Lent; Hator 14; Hator 23; Hator 28; Hator 4; Kiak 10 (+32 more),Liturgy; liturgy; liturgy_pauline,Pauline Epistle; pauline; AnnualReadings,copticchurch_date | Abib 10 | Liturgy | Pauline Epistle | Heb 7:18-8:13 || copticchurch_date | Abib 13 | Liturgy | Pauline Epistle | Heb 7:18-8:13 || copticchurch_date | Amshir 22 | Liturgy | Pauline Epistle | Heb 7:18-8:13 || copticchurch_date | Amshir 24 | Liturgy | Pauline Epistle | Heb 7:18-8:13 || copticchurch_date | Baba 23 | Liturgy | Pauline Epistle | Heb 7:18-8:13
New Testament,Hebrews,Heb,9,Heb 9,yes,102,copticchurch_date; katameros_cycle; special_service; pascha_day_hour,Tout 16; Baramhat 28; Bashans 9; Tut 16; myron_consecration; cornerstone_prayer; church_consecration; Fast of Nineveh; Kiak 3; Mesra 16 (St Mary's Feast); Paona 21; Toba 21 (+8 more),Liturgy; liturgy_pauline; liturgy; foundation_cornerstone; part_1; liturgy_readings,Pauline Epistle; AnnualReadings; pauline; GreatLentReadings; Pauline,copticchurch_date | Tout 16 | Liturgy | Pauline Epistle | Heb 9:1-10 || katameros_cycle | Baramhat 28 | liturgy_pauline | AnnualReadings | Heb 9:1-10 || katameros_cycle | Bashans 9 | liturgy_pauline | AnnualReadings | Heb 9:1-10 || katameros_cycle | Tut 16 | liturgy_pauline | AnnualReadings | Heb 9:1-10 || special_service | myron_consecration | liturgy | pauline | Heb 9:1-10
New Testament,Hebrews,Heb,10,Heb 10,yes,52,copticchurch_date; katameros_cycle; special_service,Saturday of the fifth week of the holy fifty days; Saturday of the fifth week of the holy fifty days and the Feast of Entry into Egypt; Holy Fifty Days/Pentecost cycle; myron_consecration; Sunday of the fifth week of the holy fifty days; The third Sunday of Toba; annual Sundays by Coptic month/week,Liturgy; liturgy_pauline; liturgy,Pauline Epistle; PentecostReadings; pauline; SundayReadings,copticchurch_date | Saturday of the fifth week of the holy fifty days | Liturgy | Pauline Epistle | Heb 10:1-13 || copticchurch_date | Saturday of the fifth week of the holy fifty days and the Feast of Entry into Egypt | Liturgy | Pauline Epistle | Heb 10:1-13 || katameros_cycle | Holy Fifty Days/Pentecost cycle | liturgy_pauline | PentecostReadings | Heb 10:1-13 || special_service | myron_consecration | liturgy | pauline | Heb 10:1-24 || copticchurch_date | Sunday of the fifth week of the holy fifty days | Liturgy | Pauline Epistle | Heb 10:19-38
New Testament,Hebrews,Heb,11,Heb 11,yes,438,copticchurch_date; katameros_cycle,Mesra 28; Paona 2; annual Sundays by Coptic month/week; Baunah 2; Friday of the third week of Great Lent; Great Lent/Jonah/Nineveh cycle; Abib 26; Amshir 26; Baba 21; Great Lent; Kiak 20; Kiak 23 (+55 more),Liturgy; liturgy_pauline,Pauline Epistle; SundayReadings; AnnualReadings; GreatLentReadings,copticchurch_date | Mesra 28 | Liturgy | Pauline Epistle | Heb 11:1-10 || copticchurch_date | Paona 2 | Liturgy | Pauline Epistle | Heb 11:1-10 || katameros_cycle | annual Sundays by Coptic month/week | liturgy_pauline | SundayReadings | Heb 11:1-10 || katameros_cycle | Baunah 2 | liturgy_pauline | AnnualReadings | Heb 11:1-10 || katameros_cycle | Mesra 28 | liturgy_pauline | AnnualReadings | Heb 11:1-10
New Testament,Hebrews,Heb,12,Heb 12,yes,335,copticchurch_date; katameros_cycle,Amshir 15; Fast of Nineveh; Hator 16 of Christmas Fast; Kiak 11; Kiak 2; Mesra 8; Paona 16; Paona 30; Toba 17; Tout 2; Bashans 10; Baunah 16 (+30 more),Liturgy; liturgy_pauline,Pauline Epistle; AnnualReadings; GreatLentReadings,copticchurch_date | Amshir 15 | Liturgy | Pauline Epistle | Heb 11:32-12:2 || copticchurch_date | Fast of Nineveh | Liturgy | Pauline Epistle | Heb 11:32-12:2 || copticchurch_date | Hator 16 of Christmas Fast | Liturgy | Pauline Epistle | Heb 11:32-12:2 || copticchurch_date | Kiak 11 | Liturgy | Pauline Epistle | Heb 11:32-12:2 || copticchurch_date | Kiak 2 | Liturgy | Pauline Epistle | Heb 11:32-12:2
New Testament,Hebrews,Heb,13,Heb 13,yes,134,copticchurch_date; katameros_cycle; special_service,Hator 8; Friday of the second week of Great Lent; Great Lent/Jonah/Nineveh cycle; Hatur 8; altar_consecration; Friday of the first week of the holy fifty days; Holy Fifty Days/Pentecost cycle; Friday of the fourth week of Great Lent; Abib 7; Amshir 2; Baba 20; Fast of Nineveh (+5 more),Liturgy; liturgy_pauline; part_3,Pauline Epistle; GreatLentReadings; AnnualReadings; pauline; PentecostReadings,copticchurch_date | Hator 8 | Liturgy | Pauline Epistle | Heb 12:21-13:2 || copticchurch_date | Friday of the second week of Great Lent | Liturgy | Pauline Epistle | Heb 12:28-13:16 || katameros_cycle | Great Lent/Jonah/Nineveh cycle | liturgy_pauline | GreatLentReadings | Heb 13:1-16 || katameros_cycle | Hatur 8 | liturgy_pauline | AnnualReadings | Heb 13:1-2 || special_service | altar_consecration | part_3 | pauline | Heb 13:10-16
New Testament,James,James,1,James 1,yes,158,copticchurch_date; katameros_cycle,Saturday of the first week of Great Lent; Tuesday of the second week of Great Lent; Abib 23; Babah 29; Baramhat 6; Hatur 27; Hatur 5; Kiyahk 16; Mesra 10; Mesra 17; Great Lent/Jonah/Nineveh cycle; The first Sunday of Kiak (+21 more),Liturgy; liturgy_catholic,Catholic Epistle; AnnualReadings; GreatLentReadings; SundayReadings,copticchurch_date | Saturday of the first week of Great Lent | Liturgy | Catholic Epistle | James 1:1-12 || copticchurch_date | Tuesday of the second week of Great Lent | Liturgy | Catholic Epistle | James 1:1-12 || katameros_cycle | Abib 23 | liturgy_catholic | AnnualReadings | James 1:1-12 || katameros_cycle | Babah 29 | liturgy_catholic | AnnualReadings | James 1:1-12 || katameros_cycle | Baramhat 6 | liturgy_catholic | AnnualReadings | James 1:1-12
New Testament,James,James,2,James 2,yes,84,copticchurch_date; katameros_cycle,Tuesday of the sixth week of Great Lent; Great Lent/Jonah/Nineveh cycle; Sunday of the second week of Great Lent; Mesra 28; Saturday of the third week of Great Lent; Monday of the seventh week of Great Lent; The second Sunday of Tout; annual Sundays by Coptic month/week,Liturgy; liturgy_catholic,Catholic Epistle; GreatLentReadings; AnnualReadings; SundayReadings,copticchurch_date | Tuesday of the sixth week of Great Lent | Liturgy | Catholic Epistle | James 1:22-2:1 || katameros_cycle | Great Lent/Jonah/Nineveh cycle | liturgy_catholic | GreatLentReadings | James 2:1 || copticchurch_date | Sunday of the second week of Great Lent | Liturgy | Catholic Epistle | James 2:1-13 || katameros_cycle | Great Lent/Jonah/Nineveh cycle | liturgy_catholic | GreatLentReadings | James 2:1-13 || katameros_cycle | Mesra 28 | liturgy_catholic | AnnualReadings | James 2:14-23
New Testament,James,James,3,James 3,yes,103,copticchurch_date; katameros_cycle,Sunday of the third week of Great Lent; Thursday of the second week of Great Lent; annual Sundays by Coptic month/week; Great Lent/Jonah/Nineveh cycle; Wednesday of the fourth week of Great Lent; Saturday of the fourth week of Great Lent; The second Sunday of Baba; The third Sunday of Abib,Liturgy; liturgy_catholic,Catholic Epistle; SundayReadings; GreatLentReadings,copticchurch_date | Sunday of the third week of Great Lent | Liturgy | Catholic Epistle | James 3:1-12 || copticchurch_date | Thursday of the second week of Great Lent | Liturgy | Catholic Epistle | James 3:1-12 || katameros_cycle | annual Sundays by Coptic month/week | liturgy_catholic | SundayReadings | James 3:1-12 || katameros_cycle | Great Lent/Jonah/Nineveh cycle | liturgy_catholic | GreatLentReadings | James 3:1-12 || katameros_cycle | annual Sundays by Coptic month/week | liturgy_catholic | SundayReadings | James 3:13-18
New Testament,James,James,4,James 4,yes,163,copticchurch_date; katameros_cycle,Wednesday of the fourth week of Great Lent; Saturday of the fourth week of Great Lent; The second Sunday of Baba; Thursday of the third week of Great Lent; Great Lent/Jonah/Nineveh cycle; annual Sundays by Coptic month/week; Thursday of the fourth week of Great Lent; The fourth Sunday of Baba; Monday of the sixth week of Great Lent; Sunday of the fourth week of Great Lent; The third Sunday of Baba; The fourth Sunday of Mesra,Liturgy; liturgy_catholic,Catholic Epistle; GreatLentReadings; SundayReadings,copticchurch_date | Wednesday of the fourth week of Great Lent | Liturgy | Catholic Epistle | James 3:13-4:4 || copticchurch_date | Saturday of the fourth week of Great Lent | Liturgy | Catholic Epistle | James 3:13-4:6 || copticchurch_date | The second Sunday of Baba | Liturgy | Catholic Epistle | James 3:13-4:6 || copticchurch_date | Thursday of the third week of Great Lent | Liturgy | Catholic Epistle | James 4:1-10 || katameros_cycle | Great Lent/Jonah/Nineveh cycle | liturgy_catholic | GreatLentReadings | James 4:1-10
New Testament,James,James,5,James 5,yes,149,copticchurch_date; katameros_cycle; special_service,Thursday of the fourth week of Great Lent; The fourth Sunday of Mesra; The fourth Sunday of Baba; annual Sundays by Coptic month/week; The fifth Sunday of Abib; The fifth Sunday of Bashons; The fifth Sunday of Mesra; The fifth Sunday of Paona; unction_of_the_sick; Monday of the fourth week of Great Lent; Al-Nasi 6; Great Lent/Jonah/Nineveh cycle (+21 more),Liturgy; liturgy_catholic; first_prayer,Catholic Epistle; SundayReadings; catholic; AnnualReadings; GreatLentReadings,copticchurch_date | Thursday of the fourth week of Great Lent | Liturgy | Catholic Epistle | James 4:11-5:3 || copticchurch_date | The fourth Sunday of Mesra | Liturgy | Catholic Epistle | James 4:7-5:5 || copticchurch_date | The fourth Sunday of Baba | Liturgy | Catholic Epistle | James 5:1-11 || katameros_cycle | annual Sundays by Coptic month/week | liturgy_catholic | SundayReadings | James 5:1-11 || katameros_cycle | annual Sundays by Coptic month/week | liturgy_catholic | SundayReadings | James 5:1-5
New Testament,1 Peter,1Pet,1,1Pet 1,yes,601,copticchurch_date; katameros_cycle; bright_saturday_service_order; pascha_day_hour; special_service,Saturday of the week before Great Lent; The first Sunday of Abib; The first Sunday of Abib (Apostle's Feast); annual Sundays by Coptic month/week; Great Lent/Jonah/Nineveh cycle; ST. BASIL LITURGY – LITURGY OF THE WORD; Amshir 11; Amshir 20; Baba 16; Baba 18; Fast of Nineveh; Hator 2 (+78 more),Liturgy; liturgy_catholic; liturgy,Catholic Epistle; SundayReadings; GreatLentReadings; AnnualReadings; Catholic; PentecostReadings; catholic,copticchurch_date | Saturday of the week before Great Lent | Liturgy | Catholic Epistle | 1Pet 1:1-12 || copticchurch_date | The first Sunday of Abib | Liturgy | Catholic Epistle | 1Pet 1:1-12 || copticchurch_date | The first Sunday of Abib (Apostle's Feast) | Liturgy | Catholic Epistle | 1Pet 1:1-12 || katameros_cycle | annual Sundays by Coptic month/week | liturgy_catholic | SundayReadings | 1Pet 1:1-12 || katameros_cycle | Great Lent/Jonah/Nineveh cycle | liturgy_catholic | GreatLentReadings | 1Pet 1:1-12
New Testament,1 Peter,1Pet,2,1Pet 2,yes,749,copticchurch_date; katameros_cycle; special_service,Mesra 30; The first Sunday of Baba; Abib 6; Amshir 7; Baba 26; Bashons 22; Fast of Nineveh; Friday of the first week of the holy fifty days; Paona 1; Paona 2; Paona 25; The fourth Sunday of Abib (+105 more),Liturgy; liturgy_catholic; liturgy,Catholic Epistle; SundayReadings; AnnualReadings; catholic; GreatLentReadings; PentecostReadings,copticchurch_date | Mesra 30 | Liturgy | Catholic Epistle | 1Pet 1:19-2:3 || copticchurch_date | The first Sunday of Baba | Liturgy | Catholic Epistle | 1Pet 1:22-2:5 || copticchurch_date | Abib 6 | Liturgy | Catholic Epistle | 1Pet 1:25-2:10 || copticchurch_date | Amshir 7 | Liturgy | Catholic Epistle | 1Pet 1:25-2:10 || copticchurch_date | Baba 26 | Liturgy | Catholic Epistle | 1Pet 1:25-2:10
New Testament,1 Peter,1Pet,3,1Pet 3,yes,865,copticchurch_date; katameros_cycle; special_service,Abib 14; Abib 3; Baba 11; Baba 17; Baba 2; Bashons 30; Hator 1; Hator 13; Hator 30; Kiak 6; Mesra 18; Paona 28 (+111 more),Liturgy; liturgy_catholic; liturgy,Catholic Epistle; AnnualReadings; SundayReadings; GreatLentReadings; PentecostReadings; catholic,copticchurch_date | Abib 14 | Liturgy | Catholic Epistle | 1Pet 2:18-3:7 || copticchurch_date | Abib 3 | Liturgy | Catholic Epistle | 1Pet 2:18-3:7 || copticchurch_date | Baba 11 | Liturgy | Catholic Epistle | 1Pet 2:18-3:7 || copticchurch_date | Baba 17 | Liturgy | Catholic Epistle | 1Pet 2:18-3:7 || copticchurch_date | Baba 2 | Liturgy | Catholic Epistle | 1Pet 2:18-3:7
New Testament,1 Peter,1Pet,4,1Pet 4,yes,598,copticchurch_date; katameros_cycle; pascha_day_hour; special_service,The Feast of Resurrection; Abib 21; Abib 25; Abib 27; Baba 10; Baba 28; Baba 4; Baba 8; Bashons 25; Hator 19; Hator 25; Hator 7 (+61 more),Liturgy; liturgy_catholic; liturgy; liturgy_readings,Catholic Epistle; AnnualReadings; PentecostReadings; GreatLentReadings; Catholic; catholic; SundayReadings,copticchurch_date | The Feast of Resurrection | Liturgy | Catholic Epistle | 1Pet 3:15-4:6 || copticchurch_date | Abib 21 | Liturgy | Catholic Epistle | 1Pet 4:1-11 || copticchurch_date | Abib 25 | Liturgy | Catholic Epistle | 1Pet 4:1-11 || copticchurch_date | Abib 27 | Liturgy | Catholic Epistle | 1Pet 4:1-11 || copticchurch_date | Baba 10 | Liturgy | Catholic Epistle | 1Pet 4:1-11
New Testament,1 Peter,1Pet,5,1Pet 5,yes,546,copticchurch_date; katameros_cycle,Friday of the fifth week of Great Lent; Nasie 4; Al-Nasi 4; Abib 2; Abib 7; Abib 9; Amshir 14; Amshir 18; Amshir 2; Amshir 27; Baba 20; Baba 3 (+67 more),Liturgy; liturgy_catholic,Catholic Epistle; AnnualReadings; GreatLentReadings; PentecostReadings,copticchurch_date | Friday of the fifth week of Great Lent | Liturgy | Catholic Epistle | 1Pet 4:15-5:5 || copticchurch_date | Nasie 4 | Liturgy | Catholic Epistle | 1Pet 5:1-12 || katameros_cycle | Al-Nasi 4 | liturgy_catholic | AnnualReadings | 1Pet 5:1-12 || copticchurch_date | Abib 2 | Liturgy | Catholic Epistle | 1Pet 5:1-14 || copticchurch_date | Abib 7 | Liturgy | Catholic Epistle | 1Pet 5:1-14
New Testament,2 Peter,2Pet,1,2Pet 1,yes,623,copticchurch_date; katameros_cycle,Abib 15; Amshir 9; Bashons 21; Bashons 29; Great Lent; Kiak 17; Mesra 3; Paona 24; Sunday of the week before Great Lent; Tout 14; Amshir 30; Bashans 14 (+72 more),Liturgy; liturgy_catholic,Catholic Epistle; AnnualReadings; GreatLentReadings; SundayReadings,copticchurch_date | Abib 15 | Liturgy | Catholic Epistle | 2Pet 1:1-11 || copticchurch_date | Amshir 9 | Liturgy | Catholic Epistle | 2Pet 1:1-11 || copticchurch_date | Bashons 21 | Liturgy | Catholic Epistle | 2Pet 1:1-11 || copticchurch_date | Bashons 29 | Liturgy | Catholic Epistle | 2Pet 1:1-11 || copticchurch_date | Great Lent | Liturgy | Catholic Epistle | 2Pet 1:1-11
New Testament,2 Peter,2Pet,2,2Pet 2,yes,310,copticchurch_date; katameros_cycle,Abib 26; Amshir 26; Baba 21; Great Lent; Kiak 20; Kiak 23; Kiak 5; Mesra 22; Mesra 4; Paona 20; Paona 26; Paona 9 (+28 more),Liturgy; liturgy_catholic,Catholic Epistle; AnnualReadings; GreatLentReadings; SundayReadings,copticchurch_date | Abib 26 | Liturgy | Catholic Epistle | 2Pet 1:19-2:8 || copticchurch_date | Amshir 26 | Liturgy | Catholic Epistle | 2Pet 1:19-2:8 || copticchurch_date | Baba 21 | Liturgy | Catholic Epistle | 2Pet 1:19-2:8 || copticchurch_date | Great Lent | Liturgy | Catholic Epistle | 2Pet 1:19-2:8 || copticchurch_date | Kiak 20 | Liturgy | Catholic Epistle | 2Pet 1:19-2:8
New Testament,2 Peter,2Pet,3,2Pet 3,yes,74,copticchurch_date; katameros_cycle,Sunday of the fifth week of Great Lent; The first Sunday of Nasie; annual Sundays by Coptic month/week; Great Lent/Jonah/Nineveh cycle; The first Sunday of Amshir; The first Sunday of Hator; Tuesday of the seventh week of Great Lent,Liturgy; liturgy_catholic,Catholic Epistle; SundayReadings; GreatLentReadings,copticchurch_date | Sunday of the fifth week of Great Lent | Liturgy | Catholic Epistle | 2Pet 3:1-18 || copticchurch_date | The first Sunday of Nasie | Liturgy | Catholic Epistle | 2Pet 3:1-18 || katameros_cycle | annual Sundays by Coptic month/week | liturgy_catholic | SundayReadings | 2Pet 3:1-18 || katameros_cycle | Great Lent/Jonah/Nineveh cycle | liturgy_catholic | GreatLentReadings | 2Pet 3:1-18 || copticchurch_date | The first Sunday of Amshir | Liturgy | Catholic Epistle | 2Pet 3:14-18
New Testament,1 John,1Jn,1,1Jn 1,yes,179,copticchurch_date; katameros_cycle,Nasie 1; Abib 16; Al-Nasi 1; Amshir 29; Baramhat 29; Barmuda 16; Bashans 16; annual Sundays by Coptic month/week; Kiyahk 24; Tubah 4; The second Sunday of Kiak; second Sunday of Christmas Fast (+15 more),Liturgy; liturgy_catholic,Catholic Epistle; AnnualReadings; SundayReadings; PentecostReadings; GreatLentReadings,copticchurch_date | Nasie 1 | Liturgy | Catholic Epistle | 1Jn 1:1-10 || katameros_cycle | Abib 16 | liturgy_catholic | AnnualReadings | 1Jn 1:1-10 || katameros_cycle | Al-Nasi 1 | liturgy_catholic | AnnualReadings | 1Jn 1:1-10 || katameros_cycle | Amshir 29 | liturgy_catholic | AnnualReadings | 1Jn 1:1-10 || katameros_cycle | Baramhat 29 | liturgy_catholic | AnnualReadings | 1Jn 1:1-10
New Testament,1 John,1Jn,2,1Jn 2,yes,450,copticchurch_date; katameros_cycle,The second Sunday of Kiak; second Sunday of Christmas Fast; Abib 16; Amshir 29; Annunciation; Great Lent; Kiak 24; The fifth Sunday of Abib (Readings of 29th Baramhat); The fifth Sunday of Baba (Readings of 29th Baramhat); The fifth Sunday of Hator (Readings of 29th Baramhat); The fifth Sunday of Mesra (Readings of 29th Baramhat); The fifth Sunday of Paona (Readings of 29th Baramhat) (+41 more),Liturgy; liturgy_catholic,Catholic Epistle; GreatLentReadings; SundayReadings; AnnualReadings; PentecostReadings,copticchurch_date | The second Sunday of Kiak | Liturgy | Catholic Epistle | 1Jn 1:1-2:2 || copticchurch_date | second Sunday of Christmas Fast | Liturgy | Catholic Epistle | 1Jn 1:1-2:2 || copticchurch_date | Abib 16 | Liturgy | Catholic Epistle | 1Jn 1:1-2:6 || copticchurch_date | Amshir 29 | Liturgy | Catholic Epistle | 1Jn 1:1-2:6 || copticchurch_date | Annunciation | Liturgy | Catholic Epistle | 1Jn 1:1-2:6
New Testament,1 John,1Jn,3,1Jn 3,yes,228,copticchurch_date; katameros_cycle,Pentecost; Thursday of the third week of the holy fifty days; Holy Fifty Days/Pentecost cycle; The first Sunday of Toba; annual Sundays by Coptic month/week; Tuesday of the fourth week of the holy fifty days; Sunday of the third week of the holy fifty days; Thursday of the seventh week of Great Lent; Great Lent/Jonah/Nineveh cycle; The second Sunday of Toba; Thursday of the fourth week of the holy fifty days; Saturday of the third week of the holy fifty days (+5 more),Liturgy; liturgy_catholic,Catholic Epistle; PentecostReadings; SundayReadings; GreatLentReadings,copticchurch_date | Pentecost | Liturgy | Catholic Epistle | 1Jn 2:20-3:1 || copticchurch_date | Thursday of the third week of the holy fifty days | Liturgy | Catholic Epistle | 1Jn 2:26-3:1 || katameros_cycle | Holy Fifty Days/Pentecost cycle | liturgy_catholic | PentecostReadings | 1Jn 3:1 || copticchurch_date | The first Sunday of Toba | Liturgy | Catholic Epistle | 1Jn 3:1-11 || katameros_cycle | annual Sundays by Coptic month/week | liturgy_catholic | SundayReadings | 1Jn 3:1-11
New Testament,1 John,1Jn,4,1Jn 4,yes,201,copticchurch_date; katameros_cycle; special_service,Christmas Paramoune; Kiyahk 28; Friday of the fourth week of the holy fifty days; Holy Fifty Days/Pentecost cycle; Tuesday of the fifth week of the holy fifty days; Tuesday of the fifth week of the holy fifty days and the Feast of Entry into Egypt; The third Sunday of Toba; annual Sundays by Coptic month/week; Wednesday of the fifth week of the holy fifty days; Mesra 29; Kiyahk 30; Saturday of the fourth week of the holy fifty days (+12 more),Liturgy; liturgy_catholic; liturgy,Catholic Epistle; AnnualReadings; PentecostReadings; SundayReadings; GreatLentReadings; catholic,copticchurch_date | Christmas Paramoune | Liturgy | Catholic Epistle | 1Jn 4:1-14 || katameros_cycle | Kiyahk 28 | liturgy_catholic | AnnualReadings | 1Jn 4:1-14 || copticchurch_date | Friday of the fourth week of the holy fifty days | Liturgy | Catholic Epistle | 1Jn 4:1-6 || katameros_cycle | Holy Fifty Days/Pentecost cycle | liturgy_catholic | PentecostReadings | 1Jn 4:1-6 || copticchurch_date | Tuesday of the fifth week of the holy fifty days | Liturgy | Catholic Epistle | 1Jn 4:11-17
New Testament,1 John,1Jn,5,1Jn 5,yes,268,copticchurch_date; katameros_cycle; special_service,Saturday of the fourth week of the holy fifty days; Saturday of the fourth week of the holy fifty days and the Feast of Entry into Egypt; Kiak 30; Thursday of the fifth week of the holy fifty days; Nasie 2; Al-Nasi 2; myron_consecration; annual Sundays by Coptic month/week; Kiyahk 30; Friday of the fifth week of the holy fifty days; Friday of the fifth week of the holy fifty days and the Feast of Entry into Egypt; Holy Fifty Days/Pentecost cycle (+20 more),Liturgy; liturgy_catholic; liturgy; part_3,Catholic Epistle; AnnualReadings; catholic; SundayReadings; PentecostReadings; GreatLentReadings,copticchurch_date | Saturday of the fourth week of the holy fifty days | Liturgy | Catholic Epistle | 1Jn 4:15-5:1 || copticchurch_date | Saturday of the fourth week of the holy fifty days and the Feast of Entry into Egypt | Liturgy | Catholic Epistle | 1Jn 4:15-5:1 || copticchurch_date | Kiak 30 | Liturgy | Catholic Epistle | 1Jn 4:15-5:4 || copticchurch_date | Thursday of the fifth week of the holy fifty days | Liturgy | Catholic Epistle | 1Jn 4:18-5:1 || copticchurch_date | Nasie 2 | Liturgy | Catholic Epistle | 1Jn 5:1-11
New Testament,2 John,2Jn,1,2Jn 1,yes,141,copticchurch_date; katameros_cycle,Fast of Nineveh; Kiak 3; Mesra 16 (St Mary's Feast); Paona 21; The fifth Sunday of Baba; The fifth Sunday of Kiak; The fifth Sunday of Toba; The fifth Sunday of Tout; The second Sunday of Amshir; Toba 21; annual Sundays by Coptic month/week; Bashans 1 (+10 more),Liturgy; liturgy_catholic,Catholic Epistle; SundayReadings; AnnualReadings; PentecostReadings; GreatLentReadings,copticchurch_date | Fast of Nineveh | Liturgy | Catholic Epistle | 2Jn 1:1-13 || copticchurch_date | Kiak 3 | Liturgy | Catholic Epistle | 2Jn 1:1-13 || copticchurch_date | Mesra 16 (St Mary's Feast) | Liturgy | Catholic Epistle | 2Jn 1:1-13 || copticchurch_date | Paona 21 | Liturgy | Catholic Epistle | 2Jn 1:1-13 || copticchurch_date | The fifth Sunday of Baba | Liturgy | Catholic Epistle | 2Jn 1:1-13
New Testament,3 John,3Jn,1,3Jn 1,yes,330,katameros_cycle; copticchurch_date,Abib 10; Abib 13; Al-Nasi 5; Amshir 22; Amshir 24; Babah 23; Baramhat 17; Baramhat 2; Baramhat 5; Barmuda 19; Bashans 11; Bashans 17 (+39 more),liturgy_catholic; Liturgy,AnnualReadings; GreatLentReadings; Catholic Epistle; SundayReadings; PentecostReadings,katameros_cycle | Abib 10 | liturgy_catholic | AnnualReadings | 3Jn 1:1-14 || katameros_cycle | Abib 13 | liturgy_catholic | AnnualReadings | 3Jn 1:1-14 || katameros_cycle | Al-Nasi 5 | liturgy_catholic | AnnualReadings | 3Jn 1:1-14 || katameros_cycle | Amshir 22 | liturgy_catholic | AnnualReadings | 3Jn 1:1-14 || katameros_cycle | Amshir 24 | liturgy_catholic | AnnualReadings | 3Jn 1:1-14
New Testament,Jude,Jude,1,Jude 1,yes,117,copticchurch_date; katameros_cycle,Hator 12; Paona 12; Baunah 12; Hatur 12; Monday of the second week of Great Lent; Great Lent/Jonah/Nineveh cycle; The second Sunday of Hator; The third Sunday of Amshir; annual Sundays by Coptic month/week; Friday of the third week of Great Lent; Thursday of the sixth week of Great Lent; Friday of the seventh week of the holy fifty days (+1 more),Liturgy; liturgy_catholic,Catholic Epistle; AnnualReadings; GreatLentReadings; SundayReadings; PentecostReadings,copticchurch_date | Hator 12 | Liturgy | Catholic Epistle | Jude 1:1-13 || copticchurch_date | Paona 12 | Liturgy | Catholic Epistle | Jude 1:1-13 || katameros_cycle | Baunah 12 | liturgy_catholic | AnnualReadings | Jude 1:1-13 || katameros_cycle | Hatur 12 | liturgy_catholic | AnnualReadings | Jude 1:1-13 || copticchurch_date | Monday of the second week of Great Lent | Liturgy | Catholic Epistle | Jude 1:1-8
New Testament,Revelation,Rev,1,Rev 1,no,0,,,,,
New Testament,Revelation,Rev,2,Rev 2,no,0,,,,,
New Testament,Revelation,Rev,3,Rev 3,no,0,,,,,
New Testament,Revelation,Rev,4,Rev 4,no,0,,,,,
New Testament,Revelation,Rev,5,Rev 5,no,0,,,,,
New Testament,Revelation,Rev,6,Rev 6,no,0,,,,,
New Testament,Revelation,Rev,7,Rev 7,no,0,,,,,
New Testament,Revelation,Rev,8,Rev 8,no,0,,,,,
New Testament,Revelation,Rev,9,Rev 9,no,0,,,,,
New Testament,Revelation,Rev,10,Rev 10,no,0,,,,,
New Testament,Revelation,Rev,11,Rev 11,no,0,,,,,
New Testament,Revelation,Rev,12,Rev 12,no,0,,,,,
New Testament,Revelation,Rev,13,Rev 13,no,0,,,,,
New Testament,Revelation,Rev,14,Rev 14,no,0,,,,,
New Testament,Revelation,Rev,15,Rev 15,no,0,,,,,
New Testament,Revelation,Rev,16,Rev 16,no,0,,,,,
New Testament,Revelation,Rev,17,Rev 17,no,0,,,,,
New Testament,Revelation,Rev,18,Rev 18,no,0,,,,,
New Testament,Revelation,Rev,19,Rev 19,no,0,,,,,
New Testament,Revelation,Rev,20,Rev 20,no,0,,,,,
New Testament,Revelation,Rev,21,Rev 21,no,0,,,,,
New Testament,Revelation,Rev,22,Rev 22,no,0,,,,,
