date,title,day_title,reading_count
2020-01-01,"Readings for Wednesday, January 1st - Kiak 22 - Coptic Lectionary - CopticChurch.net",Kiak 22,9
2020-01-02,"Readings for Thursday, January 2nd - Kiak 23 - Coptic Lectionary - CopticChurch.net",Kiak 23,9
2020-01-03,"Readings for Friday, January 3rd - Kiak 24 - Coptic Lectionary - CopticChurch.net",Kiak 24,9
2020-01-04,"Readings for Saturday, January 4th - Kiak 25 - Coptic Lectionary - CopticChurch.net",Kiak 25,9
2020-01-05,"Readings for Sunday, January 5th - The fourth Sunday of Kiak - Coptic Lectionary - CopticChurch.net",The fourth Sunday of Kiak,9
2020-01-06,"Readings for Monday, January 6th - Christmas Paramoune - Coptic Lectionary - CopticChurch.net",Christmas Paramoune,9
2020-01-07,"Readings for Tuesday, January 7th - Christmas - Coptic Lectionary - CopticChurch.net",Christmas,9
2020-01-08,"Readings for Wednesday, January 8th - Christmas - Coptic Lectionary - CopticChurch.net",Christmas,9
2020-01-09,"Readings for Thursday, January 9th - Kiak 30 - Coptic Lectionary - CopticChurch.net",Kiak 30,9
2020-01-10,"Readings for Friday, January 10th - Toba 1 - Coptic Lectionary - CopticChurch.net",Toba 1,9
2020-01-11,"Readings for Saturday, January 11th - Toba 2 - Coptic Lectionary - CopticChurch.net",Toba 2,9
2020-01-12,"Readings for Sunday, January 12th - The first Sunday of Toba - Coptic Lectionary - CopticChurch.net",The first Sunday of Toba,9
2020-01-13,"Readings for Monday, January 13th - Toba 4 - Coptic Lectionary - CopticChurch.net",Toba 4,9
2020-01-14,"Readings for Tuesday, January 14th - Toba 5 - Coptic Lectionary - CopticChurch.net",Toba 5,9
2020-01-15,"Readings for Wednesday, January 15th - Circumcision of our Lord - Coptic Lectionary - CopticChurch.net",Circumcision of our Lord,9
2020-01-16,"Readings for Thursday, January 16th - Toba 7 - Coptic Lectionary - CopticChurch.net",Toba 7,9
2020-01-17,"Readings for Friday, January 17th - Toba 8 - Coptic Lectionary - CopticChurch.net",Toba 8,9
2020-01-18,"Readings for Saturday, January 18th - Epiphany Paramoune - Coptic Lectionary - CopticChurch.net",Epiphany Paramoune,9
2020-01-19,"Readings for Sunday, January 19th - Epiphany Paramoune - Coptic Lectionary - CopticChurch.net",Epiphany Paramoune,9
2020-01-20,"Readings for Monday, January 20th - The Feast of Epiphany - Coptic Lectionary - CopticChurch.net",The Feast of Epiphany,9
2020-01-21,"Readings for Tuesday, January 21st - The Second Day of Feast of Epiphany - Coptic Lectionary - CopticChurch.net",The Second Day of Feast of Epiphany,9
2020-01-22,"Readings for Wednesday, January 22nd - Wedding of Cana - Coptic Lectionary - CopticChurch.net",Wedding of Cana,9
2020-01-23,"Readings for Thursday, January 23rd - Toba 14 - Coptic Lectionary - CopticChurch.net",Toba 14,9
2020-01-24,"Readings for Friday, January 24th - Toba 15 - Coptic Lectionary - CopticChurch.net",Toba 15,9
2020-01-25,"Readings for Saturday, January 25th - Toba 16 - Coptic Lectionary - CopticChurch.net",Toba 16,9
2020-01-26,"Readings for Sunday, January 26th - The third Sunday of Toba - Coptic Lectionary - CopticChurch.net",The third Sunday of Toba,9
2020-01-27,"Readings for Monday, January 27th - Toba 18 - Coptic Lectionary - CopticChurch.net",Toba 18,9
2020-01-28,"Readings for Tuesday, January 28th - Toba 19 - Coptic Lectionary - CopticChurch.net",Toba 19,9
2020-01-29,"Readings for Wednesday, January 29th - Toba 20 - Coptic Lectionary - CopticChurch.net",Toba 20,9
2020-01-30,"Readings for Thursday, January 30th - Toba 21 - Coptic Lectionary - CopticChurch.net",Toba 21,9
2020-01-31,"Readings for Friday, January 31st - Toba 22 - Coptic Lectionary - CopticChurch.net",Toba 22,9
2020-02-01,"Readings for Saturday, February 1st - Toba 23 - Coptic Lectionary - CopticChurch.net",Toba 23,9
2020-02-02,"Readings for Sunday, February 2nd - The fourth Sunday of Toba - Coptic Lectionary - CopticChurch.net",The fourth Sunday of Toba,9
2020-02-03,"Readings for Monday, February 3rd - Toba 25 - Coptic Lectionary - CopticChurch.net",Toba 25,9
2020-02-04,"Readings for Tuesday, February 4th - Toba 26 - Coptic Lectionary - CopticChurch.net",Toba 26,9
2020-02-05,"Readings for Wednesday, February 5th - Toba 27 - Coptic Lectionary - CopticChurch.net",Toba 27,9
2020-02-06,"Readings for Thursday, February 6th - Toba 28 - Coptic Lectionary - CopticChurch.net",Toba 28,9
2020-02-07,"Readings for Friday, February 7th - Toba 29 - Coptic Lectionary - CopticChurch.net",Toba 29,9
2020-02-08,"Readings for Saturday, February 8th - Toba 30 - Coptic Lectionary - CopticChurch.net",Toba 30,9
2020-02-09,"Readings for Sunday, February 9th - The first Sunday of Amshir - Coptic Lectionary - CopticChurch.net",The first Sunday of Amshir,9
2020-02-10,"Readings for Monday, February 10th - Fast of Ninevah - Coptic Lectionary - CopticChurch.net",Fast of Ninevah,9
2020-02-11,"Readings for Tuesday, February 11th - Tuesday of Ninevah's Fast - Coptic Lectionary - CopticChurch.net",Tuesday of Ninevah's Fast,7
2020-02-12,"Readings for Wednesday, February 12th - Wednesday of Ninevah's Fast - Coptic Lectionary - CopticChurch.net",Wednesday of Ninevah's Fast,7
2020-02-13,"Readings for Thursday, February 13th - Jonah's Feast - Coptic Lectionary - CopticChurch.net",Jonah's Feast,7
2020-02-14,"Readings for Friday, February 14th - Amshir 6 - Coptic Lectionary - CopticChurch.net",Amshir 6,9
2020-02-15,"Readings for Saturday, February 15th - Amshir 7 - Coptic Lectionary - CopticChurch.net",Amshir 7,9
2020-02-16,"Readings for Sunday, February 16th - Entrance into the Temple - Coptic Lectionary - CopticChurch.net",Entrance into the Temple,9
2020-02-17,"Readings for Monday, February 17th - Amshir 9 - Coptic Lectionary - CopticChurch.net",Amshir 9,9
2020-02-18,"Readings for Tuesday, February 18th - Amshir 10 - Coptic Lectionary - CopticChurch.net",Amshir 10,9
2020-02-19,"Readings for Wednesday, February 19th - Amshir 11 - Coptic Lectionary - CopticChurch.net",Amshir 11,9
2020-02-20,"Readings for Thursday, February 20th - Amshir 12 - Coptic Lectionary - CopticChurch.net",Amshir 12,9
2020-02-21,"Readings for Friday, February 21st - Amshir 13 - Coptic Lectionary - CopticChurch.net",Amshir 13,9
2020-02-22,"Readings for Saturday, February 22nd - Saturday of the week before Great Lent - Coptic Lectionary - CopticChurch.net",Saturday of the week before Great Lent,9
2020-02-23,"Readings for Sunday, February 23rd - Sunday of the week before Great Lent - Coptic Lectionary - CopticChurch.net",Sunday of the week before Great Lent,9
2020-02-24,"Readings for Monday, February 24th - Great Lent - Coptic Lectionary - CopticChurch.net",Great Lent,9
2020-02-25,"Readings for Tuesday, February 25th - Tuesday of the first week of Great Lent - Coptic Lectionary - CopticChurch.net",Tuesday of the first week of Great Lent,7
2020-02-26,"Readings for Wednesday, February 26th - Wednesday of the first week of Great Lent - Coptic Lectionary - CopticChurch.net",Wednesday of the first week of Great Lent,7
2020-02-27,"Readings for Thursday, February 27th - Thursday of the first week of Great Lent - Coptic Lectionary - CopticChurch.net",Thursday of the first week of Great Lent,7
2020-02-28,"Readings for Friday, February 28th - Friday of the first week of Great Lent - Coptic Lectionary - CopticChurch.net",Friday of the first week of Great Lent,7
2020-02-29,"Readings for Saturday, February 29th - Saturday of the first week of Great Lent - Coptic Lectionary - CopticChurch.net",Saturday of the first week of Great Lent,7
2020-03-01,"Readings for Sunday, March 1st - Sunday of the first week of Great Lent - Coptic Lectionary - CopticChurch.net",Sunday of the first week of Great Lent,9
2020-03-02,"Readings for Monday, March 2nd - Monday of the second week of Great Lent - Coptic Lectionary - CopticChurch.net",Monday of the second week of Great Lent,7
2020-03-03,"Readings for Tuesday, March 3rd - Tuesday of the second week of Great Lent - Coptic Lectionary - CopticChurch.net",Tuesday of the second week of Great Lent,7
2020-03-04,"Readings for Wednesday, March 4th - Wednesday of the second week of Great Lent - Coptic Lectionary - CopticChurch.net",Wednesday of the second week of Great Lent,7
2020-03-05,"Readings for Thursday, March 5th - Thursday of the second week of Great Lent - Coptic Lectionary - CopticChurch.net",Thursday of the second week of Great Lent,7
2020-03-06,"Readings for Friday, March 6th - Friday of the second week of Great Lent - Coptic Lectionary - CopticChurch.net",Friday of the second week of Great Lent,7
2020-03-07,"Readings for Saturday, March 7th - Saturday of the second week of Great Lent - Coptic Lectionary - CopticChurch.net",Saturday of the second week of Great Lent,7
2020-03-08,"Readings for Sunday, March 8th - Sunday of the second week of Great Lent - Coptic Lectionary - CopticChurch.net",Sunday of the second week of Great Lent,9
2020-03-09,"Readings for Monday, March 9th - Monday of the third week of Great Lent - Coptic Lectionary - CopticChurch.net",Monday of the third week of Great Lent,7
2020-03-10,"Readings for Tuesday, March 10th - Tuesday of the third week of Great Lent - Coptic Lectionary - CopticChurch.net",Tuesday of the third week of Great Lent,7
2020-03-11,"Readings for Wednesday, March 11th - Wednesday of the third week of Great Lent - Coptic Lectionary - CopticChurch.net",Wednesday of the third week of Great Lent,7
2020-03-12,"Readings for Thursday, March 12th - Thursday of the third week of Great Lent - Coptic Lectionary - CopticChurch.net",Thursday of the third week of Great Lent,7
2020-03-13,"Readings for Friday, March 13th - Friday of the third week of Great Lent - Coptic Lectionary - CopticChurch.net",Friday of the third week of Great Lent,7
2020-03-14,"Readings for Saturday, March 14th - Saturday of the third week of Great Lent - Coptic Lectionary - CopticChurch.net",Saturday of the third week of Great Lent,7
2020-03-15,"Readings for Sunday, March 15th - Sunday of the third week of Great Lent - Coptic Lectionary - CopticChurch.net",Sunday of the third week of Great Lent,9
2020-03-16,"Readings for Monday, March 16th - Monday of the fourth week of Great Lent - Coptic Lectionary - CopticChurch.net",Monday of the fourth week of Great Lent,7
2020-03-17,"Readings for Tuesday, March 17th - Tuesday of the fourth week of Great Lent - Coptic Lectionary - CopticChurch.net",Tuesday of the fourth week of Great Lent,7
2020-03-18,"Readings for Wednesday, March 18th - Wednesday of the fourth week of Great Lent - Coptic Lectionary - CopticChurch.net",Wednesday of the fourth week of Great Lent,7
2020-03-19,"Readings for Thursday, March 19th - Thursday of the fourth week of Great Lent <br>(Feast of the Cross - Readings of 10th Baramhat) - Coptic Lectionary - CopticChurch.net",Thursday of the fourth week of Great Lent <br>(Feast of the Cross - Readings of 10th Baramhat),9
2020-03-20,"Readings for Friday, March 20th - Friday of the fourth week of Great Lent - Coptic Lectionary - CopticChurch.net",Friday of the fourth week of Great Lent,7
2020-03-21,"Readings for Saturday, March 21st - Saturday of the fourth week of Great Lent - Coptic Lectionary - CopticChurch.net",Saturday of the fourth week of Great Lent,7
2020-03-22,"Readings for Sunday, March 22nd - Sunday of the fourth week of Great Lent - Coptic Lectionary - CopticChurch.net",Sunday of the fourth week of Great Lent,9
2020-03-23,"Readings for Monday, March 23rd - Monday of the fifth week of Great Lent - Coptic Lectionary - CopticChurch.net",Monday of the fifth week of Great Lent,7
2020-03-24,"Readings for Tuesday, March 24th - Tuesday of the fifth week of Great Lent - Coptic Lectionary - CopticChurch.net",Tuesday of the fifth week of Great Lent,7
2020-03-25,"Readings for Wednesday, March 25th - Wednesday of the fifth week of Great Lent - Coptic Lectionary - CopticChurch.net",Wednesday of the fifth week of Great Lent,7
2020-03-26,"Readings for Thursday, March 26th - Thursday of the fifth week of Great Lent - Coptic Lectionary - CopticChurch.net",Thursday of the fifth week of Great Lent,7
2020-03-27,"Readings for Friday, March 27th - Friday of the fifth week of Great Lent - Coptic Lectionary - CopticChurch.net",Friday of the fifth week of Great Lent,7
2020-03-28,"Readings for Saturday, March 28th - Saturday of the fifth week of Great Lent - Coptic Lectionary - CopticChurch.net",Saturday of the fifth week of Great Lent,7
2020-03-29,"Readings for Sunday, March 29th - Sunday of the fifth week of Great Lent - Coptic Lectionary - CopticChurch.net",Sunday of the fifth week of Great Lent,9
2020-03-30,"Readings for Monday, March 30th - Monday of the sixth week of Great Lent - Coptic Lectionary - CopticChurch.net",Monday of the sixth week of Great Lent,7
2020-03-31,"Readings for Tuesday, March 31st - Tuesday of the sixth week of Great Lent - Coptic Lectionary - CopticChurch.net",Tuesday of the sixth week of Great Lent,7
2020-04-01,"Readings for Wednesday, April 1st - Wednesday of the sixth week of Great Lent - Coptic Lectionary - CopticChurch.net",Wednesday of the sixth week of Great Lent,7
2020-04-02,"Readings for Thursday, April 2nd - Thursday of the sixth week of Great Lent - Coptic Lectionary - CopticChurch.net",Thursday of the sixth week of Great Lent,7
2020-04-03,"Readings for Friday, April 3rd - Friday of the sixth week of Great Lent - Coptic Lectionary - CopticChurch.net",Friday of the sixth week of Great Lent,7
2020-04-04,"Readings for Saturday, April 4th - Saturday of the sixth week of Great Lent - Coptic Lectionary - CopticChurch.net",Saturday of the sixth week of Great Lent,7
2020-04-05,"Readings for Sunday, April 5th - Sunday of the sixth week of Great Lent - Coptic Lectionary - CopticChurch.net",Sunday of the sixth week of Great Lent,9
2020-04-06,"Readings for Monday, April 6th - Monday of the seventh week of Great Lent - Coptic Lectionary - CopticChurch.net",Monday of the seventh week of Great Lent,7
2020-04-07,"Readings for Tuesday, April 7th - Annunciation - Coptic Lectionary - CopticChurch.net",Annunciation,9
2020-04-08,"Readings for Wednesday, April 8th - Wednesday of the seventh week of Great Lent - Coptic Lectionary - CopticChurch.net",Wednesday of the seventh week of Great Lent,7
2020-04-09,"Readings for Thursday, April 9th - Thursday of the seventh week of Great Lent - Coptic Lectionary - CopticChurch.net",Thursday of the seventh week of Great Lent,7
2020-04-10,"Readings for Friday, April 10th - Friday of the seventh week of Great Lent - Coptic Lectionary - CopticChurch.net",Friday of the seventh week of Great Lent,7
2020-04-11,"Readings for Saturday, April 11th - Lazarus Saturday of Great Lent - Coptic Lectionary - CopticChurch.net",Lazarus Saturday of Great Lent,7
2020-04-12,"Readings for Sunday, April 12th - Palm Sunday - Coptic Lectionary - CopticChurch.net",Palm Sunday,9
2020-04-13,"Readings for Monday, April 13th - Monday of Holy Week - Coptic Lectionary - CopticChurch.net",Monday of Holy Week,0
2020-04-14,"Readings for Tuesday, April 14th - Tuesday of Holy Week - Coptic Lectionary - CopticChurch.net",Tuesday of Holy Week,0
2020-04-15,"Readings for Wednesday, April 15th - Wednesday of Holy Week - Coptic Lectionary - CopticChurch.net",Wednesday of Holy Week,0
2020-04-16,"Readings for Thursday, April 16th - Holy Thursday - Coptic Lectionary - CopticChurch.net",Holy Thursday,0
2020-04-17,"Readings for Friday, April 17th - Good Friday - Coptic Lectionary - CopticChurch.net",Good Friday,0
2020-04-18,"Readings for Saturday, April 18th - Bright Saturday - Coptic Lectionary - CopticChurch.net",Bright Saturday,0
2020-04-19,"Readings for Sunday, April 19th - The Feast of Resurrection - Coptic Lectionary - CopticChurch.net",The Feast of Resurrection,7
2020-04-20,"Readings for Monday, April 20th - Monday of the first week of the holy fifty days - Coptic Lectionary - CopticChurch.net",Monday of the first week of the holy fifty days,9
2020-04-21,"Readings for Tuesday, April 21st - Tuesday of the first week of the holy fifty days - Coptic Lectionary - CopticChurch.net",Tuesday of the first week of the holy fifty days,9
2020-04-22,"Readings for Wednesday, April 22nd - Wednesday of the first week of the holy fifty days - Coptic Lectionary - CopticChurch.net",Wednesday of the first week of the holy fifty days,9
2020-04-23,"Readings for Thursday, April 23rd - Thursday of the first week of the holy fifty days - Coptic Lectionary - CopticChurch.net",Thursday of the first week of the holy fifty days,9
2020-04-24,"Readings for Friday, April 24th - Friday of the first week of the holy fifty days - Coptic Lectionary - CopticChurch.net",Friday of the first week of the holy fifty days,9
2020-04-25,"Readings for Saturday, April 25th - Saturday of the first week of the holy fifty days - Coptic Lectionary - CopticChurch.net",Saturday of the first week of the holy fifty days,9
2020-04-26,"Readings for Sunday, April 26th - Thomas Sunday - Coptic Lectionary - CopticChurch.net",Thomas Sunday,9
2020-04-27,"Readings for Monday, April 27th - Monday of the second week of the holy fifty days - Coptic Lectionary - CopticChurch.net",Monday of the second week of the holy fifty days,9
2020-04-28,"Readings for Tuesday, April 28th - Tuesday of the second week of the holy fifty days - Coptic Lectionary - CopticChurch.net",Tuesday of the second week of the holy fifty days,9
2020-04-29,"Readings for Wednesday, April 29th - Wednesday of the second week of the holy fifty days - Coptic Lectionary - CopticChurch.net",Wednesday of the second week of the holy fifty days,9
2020-04-30,"Readings for Thursday, April 30th - Thursday of the second week of the holy fifty days - Coptic Lectionary - CopticChurch.net",Thursday of the second week of the holy fifty days,9
2020-05-01,"Readings for Friday, May 1st - Friday of the second week of the holy fifty days - Coptic Lectionary - CopticChurch.net",Friday of the second week of the holy fifty days,9
2020-05-02,"Readings for Saturday, May 2nd - Saturday of the second week of the holy fifty days - Coptic Lectionary - CopticChurch.net",Saturday of the second week of the holy fifty days,9
2020-05-03,"Readings for Sunday, May 3rd - Sunday of the second week of the holy fifty days - Coptic Lectionary - CopticChurch.net",Sunday of the second week of the holy fifty days,9
2020-05-04,"Readings for Monday, May 4th - Monday of the third week of the holy fifty days - Coptic Lectionary - CopticChurch.net",Monday of the third week of the holy fifty days,9
2020-05-05,"Readings for Tuesday, May 5th - Tuesday of the third week of the holy fifty days - Coptic Lectionary - CopticChurch.net",Tuesday of the third week of the holy fifty days,9
2020-05-06,"Readings for Wednesday, May 6th - Wednesday of the third week of the holy fifty days - Coptic Lectionary - CopticChurch.net",Wednesday of the third week of the holy fifty days,9
2020-05-07,"Readings for Thursday, May 7th - Thursday of the third week of the holy fifty days - Coptic Lectionary - CopticChurch.net",Thursday of the third week of the holy fifty days,9
2020-05-08,"Readings for Friday, May 8th - Friday of the third week of the holy fifty days - Coptic Lectionary - CopticChurch.net",Friday of the third week of the holy fifty days,9
2020-05-09,"Readings for Saturday, May 9th - Saturday of the third week of the holy fifty days - Coptic Lectionary - CopticChurch.net",Saturday of the third week of the holy fifty days,9
2020-05-10,"Readings for Sunday, May 10th - Sunday of the third week of the holy fifty days - Coptic Lectionary - CopticChurch.net",Sunday of the third week of the holy fifty days,9
2020-05-11,"Readings for Monday, May 11th - Monday of the fourth week of the holy fifty days - Coptic Lectionary - CopticChurch.net",Monday of the fourth week of the holy fifty days,9
2020-05-12,"Readings for Tuesday, May 12th - Tuesday of the fourth week of the holy fifty days - Coptic Lectionary - CopticChurch.net",Tuesday of the fourth week of the holy fifty days,9
2020-05-13,"Readings for Wednesday, May 13th - Wednesday of the fourth week of the holy fifty days - Coptic Lectionary - CopticChurch.net",Wednesday of the fourth week of the holy fifty days,9
2020-05-14,"Readings for Thursday, May 14th - Thursday of the fourth week of the holy fifty days - Coptic Lectionary - CopticChurch.net",Thursday of the fourth week of the holy fifty days,9
2020-05-15,"Readings for Friday, May 15th - Friday of the fourth week of the holy fifty days - Coptic Lectionary - CopticChurch.net",Friday of the fourth week of the holy fifty days,9
2020-05-16,"Readings for Saturday, May 16th - Saturday of the fourth week of the holy fifty days - Coptic Lectionary - CopticChurch.net",Saturday of the fourth week of the holy fifty days,9
2020-05-17,"Readings for Sunday, May 17th - Sunday of the fourth week of the holy fifty days - Coptic Lectionary - CopticChurch.net",Sunday of the fourth week of the holy fifty days,9
2020-05-18,"Readings for Monday, May 18th - Monday of the fifth week of the holy fifty days - Coptic Lectionary - CopticChurch.net",Monday of the fifth week of the holy fifty days,9
2020-05-19,"Readings for Tuesday, May 19th - Tuesday of the fifth week of the holy fifty days - Coptic Lectionary - CopticChurch.net",Tuesday of the fifth week of the holy fifty days,9
2020-05-20,"Readings for Wednesday, May 20th - Wednesday of the fifth week of the holy fifty days - Coptic Lectionary - CopticChurch.net",Wednesday of the fifth week of the holy fifty days,9
2020-05-21,"Readings for Thursday, May 21st - Thursday of the fifth week of the holy fifty days - Coptic Lectionary - CopticChurch.net",Thursday of the fifth week of the holy fifty days,9
2020-05-22,"Readings for Friday, May 22nd - Friday of the fifth week of the holy fifty days - Coptic Lectionary - CopticChurch.net",Friday of the fifth week of the holy fifty days,9
2020-05-23,"Readings for Saturday, May 23rd - Saturday of the fifth week of the holy fifty days - Coptic Lectionary - CopticChurch.net",Saturday of the fifth week of the holy fifty days,9
2020-05-24,"Readings for Sunday, May 24th - Sunday of the fifth week of the holy fifty days - Coptic Lectionary - CopticChurch.net",Sunday of the fifth week of the holy fifty days,9
2020-05-25,"Readings for Monday, May 25th - Monday of the sixth week of the holy fifty days - Coptic Lectionary - CopticChurch.net",Monday of the sixth week of the holy fifty days,9
2020-05-26,"Readings for Tuesday, May 26th - Tuesday of the sixth week of the holy fifty days - Coptic Lectionary - CopticChurch.net",Tuesday of the sixth week of the holy fifty days,9
2020-05-27,"Readings for Wednesday, May 27th - Wednesday of the sixth week of the holy fifty days - Coptic Lectionary - CopticChurch.net",Wednesday of the sixth week of the holy fifty days,9
2020-05-28,"Readings for Thursday, May 28th - The Feast of the Ascension - Coptic Lectionary - CopticChurch.net",The Feast of the Ascension,9
2020-05-29,"Readings for Friday, May 29th - Friday of the sixth week of the holy fifty days - Coptic Lectionary - CopticChurch.net",Friday of the sixth week of the holy fifty days,9
2020-05-30,"Readings for Saturday, May 30th - Saturday of the sixth week of the holy fifty days - Coptic Lectionary - CopticChurch.net",Saturday of the sixth week of the holy fifty days,9
2020-05-31,"Readings for Sunday, May 31st - Sunday of the sixth week of the holy fifty days - Coptic Lectionary - CopticChurch.net",Sunday of the sixth week of the holy fifty days,9
2020-06-01,"Readings for Monday, June 1st - Monday of the seventh week of the holy fifty days and the Feast of Entry into Egypt - Coptic Lectionary - CopticChurch.net",Monday of the seventh week of the holy fifty days and the Feast of Entry into Egypt,9
2020-06-02,"Readings for Tuesday, June 2nd - Tuesday of the seventh week of the holy fifty days - Coptic Lectionary - CopticChurch.net",Tuesday of the seventh week of the holy fifty days,9
2020-06-03,"Readings for Wednesday, June 3rd - Wednesday of the seventh week of the holy fifty days - Coptic Lectionary - CopticChurch.net",Wednesday of the seventh week of the holy fifty days,9
2020-06-04,"Readings for Thursday, June 4th - Thursday of the seventh week of the holy fifty days - Coptic Lectionary - CopticChurch.net",Thursday of the seventh week of the holy fifty days,9
2020-06-05,"Readings for Friday, June 5th - Friday of the seventh week of the holy fifty days - Coptic Lectionary - CopticChurch.net",Friday of the seventh week of the holy fifty days,9
2020-06-06,"Readings for Saturday, June 6th - Saturday of the seventh week of the holy fifty days - Coptic Lectionary - CopticChurch.net",Saturday of the seventh week of the holy fifty days,9
2020-06-07,"Readings for Sunday, June 7th - Pentecost - Coptic Lectionary - CopticChurch.net",Pentecost,9
2020-06-08,"Readings for Monday, June 8th - Paona 1 - Coptic Lectionary - CopticChurch.net",Paona 1,9
2020-06-09,"Readings for Tuesday, June 9th - Paona 2 - Coptic Lectionary - CopticChurch.net",Paona 2,9
2020-06-10,"Readings for Wednesday, June 10th - Paona 3 - Coptic Lectionary - CopticChurch.net",Paona 3,9
2020-06-11,"Readings for Thursday, June 11th - Paona 4 - Coptic Lectionary - CopticChurch.net",Paona 4,9
2020-06-12,"Readings for Friday, June 12th - Paona 5 - Coptic Lectionary - CopticChurch.net",Paona 5,9
2020-06-13,"Readings for Saturday, June 13th - Paona 6 - Coptic Lectionary - CopticChurch.net",Paona 6,9
2020-06-14,"Readings for Sunday, June 14th - The first Sunday of Paona - Coptic Lectionary - CopticChurch.net",The first Sunday of Paona,9
2020-06-15,"Readings for Monday, June 15th - Paona 8 - Coptic Lectionary - CopticChurch.net",Paona 8,9
2020-06-16,"Readings for Tuesday, June 16th - Paona 9 - Coptic Lectionary - CopticChurch.net",Paona 9,9
2020-06-17,"Readings for Wednesday, June 17th - Paona 10 - Coptic Lectionary - CopticChurch.net",Paona 10,9
2020-06-18,"Readings for Thursday, June 18th - Paona 11 - Coptic Lectionary - CopticChurch.net",Paona 11,9
2020-06-19,"Readings for Friday, June 19th - Paona 12 - Coptic Lectionary - CopticChurch.net",Paona 12,9
2020-06-20,"Readings for Saturday, June 20th - Paona 13 - Coptic Lectionary - CopticChurch.net",Paona 13,9
2020-06-21,"Readings for Sunday, June 21st - The second Sunday of Paona - Coptic Lectionary - CopticChurch.net",The second Sunday of Paona,9
2020-06-22,"Readings for Monday, June 22nd - Paona 15 - Coptic Lectionary - CopticChurch.net",Paona 15,9
2020-06-23,"Readings for Tuesday, June 23rd - Paona 16 - Coptic Lectionary - CopticChurch.net",Paona 16,9
2020-06-24,"Readings for Wednesday, June 24th - Paona 17 - Coptic Lectionary - CopticChurch.net",Paona 17,9
2020-06-25,"Readings for Thursday, June 25th - Paona 18 - Coptic Lectionary - CopticChurch.net",Paona 18,9
2020-06-26,"Readings for Friday, June 26th - Paona 19 - Coptic Lectionary - CopticChurch.net",Paona 19,9
2020-06-27,"Readings for Saturday, June 27th - Paona 20 - Coptic Lectionary - CopticChurch.net",Paona 20,9
2020-06-28,"Readings for Sunday, June 28th - The third Sunday of Paona - Coptic Lectionary - CopticChurch.net",The third Sunday of Paona,9
2020-06-29,"Readings for Monday, June 29th - Paona 22 - Coptic Lectionary - CopticChurch.net",Paona 22,9
2020-06-30,"Readings for Tuesday, June 30th - Paona 23 - Coptic Lectionary - CopticChurch.net",Paona 23,9
2020-07-01,"Readings for Wednesday, July 1st - Paona 24 - Coptic Lectionary - CopticChurch.net",Paona 24,9
2020-07-02,"Readings for Thursday, July 2nd - Paona 25 - Coptic Lectionary - CopticChurch.net",Paona 25,9
2020-07-03,"Readings for Friday, July 3rd - Paona 26 - Coptic Lectionary - CopticChurch.net",Paona 26,9
2020-07-04,"Readings for Saturday, July 4th - Paona 27 - Coptic Lectionary - CopticChurch.net",Paona 27,9
2020-07-05,"Readings for Sunday, July 5th - The fourth Sunday of Paona - Coptic Lectionary - CopticChurch.net",The fourth Sunday of Paona,9
2020-07-06,"Readings for Monday, July 6th - Paona 29 - Coptic Lectionary - CopticChurch.net",Paona 29,9
2020-07-07,"Readings for Tuesday, July 7th - Paona 30 - Coptic Lectionary - CopticChurch.net",Paona 30,9
2020-07-08,"Readings for Wednesday, July 8th - Abib 1 - Coptic Lectionary - CopticChurch.net",Abib 1,9
2020-07-09,"Readings for Thursday, July 9th - Abib 2 - Coptic Lectionary - CopticChurch.net",Abib 2,9
2020-07-10,"Readings for Friday, July 10th - Abib 3 - Coptic Lectionary - CopticChurch.net",Abib 3,9
2020-07-11,"Readings for Saturday, July 11th - Abib 4 - Coptic Lectionary - CopticChurch.net",Abib 4,9
2020-07-12,"Readings for Sunday, July 12th - The first Sunday of Abib (Apostle's Feast) - Coptic Lectionary - CopticChurch.net",The first Sunday of Abib (Apostle's Feast),9
2020-07-13,"Readings for Monday, July 13th - Abib 6 - Coptic Lectionary - CopticChurch.net",Abib 6,9
2020-07-14,"Readings for Tuesday, July 14th - Abib 7 - Coptic Lectionary - CopticChurch.net",Abib 7,9
2020-07-15,"Readings for Wednesday, July 15th - Abib 8 - Coptic Lectionary - CopticChurch.net",Abib 8,9
2020-07-16,"Readings for Thursday, July 16th - Abib 9 - Coptic Lectionary - CopticChurch.net",Abib 9,9
2020-07-17,"Readings for Friday, July 17th - Abib 10 - Coptic Lectionary - CopticChurch.net",Abib 10,9
2020-07-18,"Readings for Saturday, July 18th - Abib 11 - Coptic Lectionary - CopticChurch.net",Abib 11,9
2020-07-19,"Readings for Sunday, July 19th - The second Sunday of Abib - Coptic Lectionary - CopticChurch.net",The second Sunday of Abib,9
2020-07-20,"Readings for Monday, July 20th - Abib 13 - Coptic Lectionary - CopticChurch.net",Abib 13,9
2020-07-21,"Readings for Tuesday, July 21st - Abib 14 - Coptic Lectionary - CopticChurch.net",Abib 14,9
2020-07-22,"Readings for Wednesday, July 22nd - Abib 15 - Coptic Lectionary - CopticChurch.net",Abib 15,9
2020-07-23,"Readings for Thursday, July 23rd - Abib 16 - Coptic Lectionary - CopticChurch.net",Abib 16,9
2020-07-24,"Readings for Friday, July 24th - Abib 17 - Coptic Lectionary - CopticChurch.net",Abib 17,9
2020-07-25,"Readings for Saturday, July 25th - Abib 18 - Coptic Lectionary - CopticChurch.net",Abib 18,9
2020-07-26,"Readings for Sunday, July 26th - The third Sunday of Abib - Coptic Lectionary - CopticChurch.net",The third Sunday of Abib,9
2020-07-27,"Readings for Monday, July 27th - Abib 20 - Coptic Lectionary - CopticChurch.net",Abib 20,9
2020-07-28,"Readings for Tuesday, July 28th - Abib 21 - Coptic Lectionary - CopticChurch.net",Abib 21,9
2020-07-29,"Readings for Wednesday, July 29th - Abib 22 - Coptic Lectionary - CopticChurch.net",Abib 22,9
2020-07-30,"Readings for Thursday, July 30th - Abib 23 - Coptic Lectionary - CopticChurch.net",Abib 23,9
2020-07-31,"Readings for Friday, July 31st - Abib 24 - Coptic Lectionary - CopticChurch.net",Abib 24,9
2020-08-01,"Readings for Saturday, August 1st - Abib 25 - Coptic Lectionary - CopticChurch.net",Abib 25,9
2020-08-02,"Readings for Sunday, August 2nd - The fourth Sunday of Abib - Coptic Lectionary - CopticChurch.net",The fourth Sunday of Abib,9
2020-08-03,"Readings for Monday, August 3rd - Abib 27 - Coptic Lectionary - CopticChurch.net",Abib 27,9
2020-08-04,"Readings for Tuesday, August 4th - Abib 28 - Coptic Lectionary - CopticChurch.net",Abib 28,9
2020-08-05,"Readings for Wednesday, August 5th - Abib 29 - Coptic Lectionary - CopticChurch.net",Abib 29,9
2020-08-06,"Readings for Thursday, August 6th - Abib 30 - Coptic Lectionary - CopticChurch.net",Abib 30,9
2020-08-07,"Readings for Friday, August 7th - St Mary's Fast - Coptic Lectionary - CopticChurch.net",St Mary's Fast,9
2020-08-08,"Readings for Saturday, August 8th - Mesra 2 - Coptic Lectionary - CopticChurch.net",Mesra 2,9
2020-08-09,"Readings for Sunday, August 9th - The first Sunday of Mesra - Coptic Lectionary - CopticChurch.net",The first Sunday of Mesra,9
2020-08-10,"Readings for Monday, August 10th - Mesra 4 - Coptic Lectionary - CopticChurch.net",Mesra 4,9
2020-08-11,"Readings for Tuesday, August 11th - Mesra 5 - Coptic Lectionary - CopticChurch.net",Mesra 5,9
2020-08-12,"Readings for Wednesday, August 12th - Mesra 6 - Coptic Lectionary - CopticChurch.net",Mesra 6,9
2020-08-13,"Readings for Thursday, August 13th - Mesra 7 - Coptic Lectionary - CopticChurch.net",Mesra 7,9
2020-08-14,"Readings for Friday, August 14th - Mesra 8 - Coptic Lectionary - CopticChurch.net",Mesra 8,9
2020-08-15,"Readings for Saturday, August 15th - Mesra 9 - Coptic Lectionary - CopticChurch.net",Mesra 9,9
2020-08-16,"Readings for Sunday, August 16th - The second Sunday of Mesra - Coptic Lectionary - CopticChurch.net",The second Sunday of Mesra,9
2020-08-17,"Readings for Monday, August 17th - Mesra 11 - Coptic Lectionary - CopticChurch.net",Mesra 11,9
2020-08-18,"Readings for Tuesday, August 18th - Mesra 12 - Coptic Lectionary - CopticChurch.net",Mesra 12,9
2020-08-19,"Readings for Wednesday, August 19th - Transfiguration - Coptic Lectionary - CopticChurch.net",Transfiguration,9
2020-08-20,"Readings for Thursday, August 20th - Mesra 14 - Coptic Lectionary - CopticChurch.net",Mesra 14,9
2020-08-21,"Readings for Friday, August 21st - Mesra 15 - Coptic Lectionary - CopticChurch.net",Mesra 15,9
2020-08-22,"Readings for Saturday, August 22nd - Mesra 16 (St Mary's Feast) - Coptic Lectionary - CopticChurch.net",Mesra 16 (St Mary's Feast),9
2020-08-23,"Readings for Sunday, August 23rd - The third Sunday of Mesra - Coptic Lectionary - CopticChurch.net",The third Sunday of Mesra,9
2020-08-24,"Readings for Monday, August 24th - Mesra 18 - Coptic Lectionary - CopticChurch.net",Mesra 18,9
2020-08-25,"Readings for Tuesday, August 25th - Mesra 19 - Coptic Lectionary - CopticChurch.net",Mesra 19,9
2020-08-26,"Readings for Wednesday, August 26th - Mesra 20 - Coptic Lectionary - CopticChurch.net",Mesra 20,9
2020-08-27,"Readings for Thursday, August 27th - Mesra 21 - Coptic Lectionary - CopticChurch.net",Mesra 21,9
2020-08-28,"Readings for Friday, August 28th - Mesra 22 - Coptic Lectionary - CopticChurch.net",Mesra 22,9
2020-08-29,"Readings for Saturday, August 29th - Mesra 23 - Coptic Lectionary - CopticChurch.net",Mesra 23,9
2020-08-30,"Readings for Sunday, August 30th - The fourth Sunday of Mesra - Coptic Lectionary - CopticChurch.net",The fourth Sunday of Mesra,9
2020-08-31,"Readings for Monday, August 31st - Mesra 25 - Coptic Lectionary - CopticChurch.net",Mesra 25,9
2020-09-01,"Readings for Tuesday, September 1st - Mesra 26 - Coptic Lectionary - CopticChurch.net",Mesra 26,9
2020-09-02,"Readings for Wednesday, September 2nd - Mesra 27 - Coptic Lectionary - CopticChurch.net",Mesra 27,9
2020-09-03,"Readings for Thursday, September 3rd - Mesra 28 - Coptic Lectionary - CopticChurch.net",Mesra 28,9
2020-09-04,"Readings for Friday, September 4th - Mesra 29 - Coptic Lectionary - CopticChurch.net",Mesra 29,9
2020-09-05,"Readings for Saturday, September 5th - Mesra 30 - Coptic Lectionary - CopticChurch.net",Mesra 30,9
2020-09-06,"Readings for Sunday, September 6th - The first Sunday of Nasie - Coptic Lectionary - CopticChurch.net",The first Sunday of Nasie,9
2020-09-07,"Readings for Monday, September 7th - Nasie 2 - Coptic Lectionary - CopticChurch.net",Nasie 2,9
2020-09-08,"Readings for Tuesday, September 8th - Nasie 3 - Coptic Lectionary - CopticChurch.net",Nasie 3,9
2020-09-09,"Readings for Wednesday, September 9th - Nasie 4 - Coptic Lectionary - CopticChurch.net",Nasie 4,9
2020-09-10,"Readings for Thursday, September 10th - Nasie 5 - Coptic Lectionary - CopticChurch.net",Nasie 5,9
2020-09-11,"Readings for Friday, September 11th - Tout 1 - Coptic Lectionary - CopticChurch.net",Tout 1,9
2020-09-12,"Readings for Saturday, September 12th - Tout 2 - Coptic Lectionary - CopticChurch.net",Tout 2,9
2020-09-13,"Readings for Sunday, September 13th - The first Sunday of Tout - Coptic Lectionary - CopticChurch.net",The first Sunday of Tout,9
2020-09-14,"Readings for Monday, September 14th - Tout 4 - Coptic Lectionary - CopticChurch.net",Tout 4,9
2020-09-15,"Readings for Tuesday, September 15th - Tout 5 - Coptic Lectionary - CopticChurch.net",Tout 5,9
2020-09-16,"Readings for Wednesday, September 16th - Tout 6 - Coptic Lectionary - CopticChurch.net",Tout 6,9
2020-09-17,"Readings for Thursday, September 17th - Tout 7 - Coptic Lectionary - CopticChurch.net",Tout 7,9
2020-09-18,"Readings for Friday, September 18th - Tout 8 - Coptic Lectionary - CopticChurch.net",Tout 8,9
2020-09-19,"Readings for Saturday, September 19th - Tout 9 - Coptic Lectionary - CopticChurch.net",Tout 9,9
2020-09-20,"Readings for Sunday, September 20th - The second Sunday of Tout - Coptic Lectionary - CopticChurch.net",The second Sunday of Tout,9
2020-09-21,"Readings for Monday, September 21st - Tout 11 - Coptic Lectionary - CopticChurch.net",Tout 11,9
2020-09-22,"Readings for Tuesday, September 22nd - Tout 12 - Coptic Lectionary - CopticChurch.net",Tout 12,9
2020-09-23,"Readings for Wednesday, September 23rd - Tout 13 - Coptic Lectionary - CopticChurch.net",Tout 13,9
2020-09-24,"Readings for Thursday, September 24th - Tout 14 - Coptic Lectionary - CopticChurch.net",Tout 14,9
2020-09-25,"Readings for Friday, September 25th - Tout 15 - Coptic Lectionary - CopticChurch.net",Tout 15,9
2020-09-26,"Readings for Saturday, September 26th - Tout 16 - Coptic Lectionary - CopticChurch.net",Tout 16,9
2020-09-27,"Readings for Sunday, September 27th - Sunday, Tout 17 (Feast of the Cross) - Coptic Lectionary - CopticChurch.net","Sunday, Tout 17 (Feast of the Cross)",9
2020-09-28,"Readings for Monday, September 28th - Tout 18 (Feast of the Cross) - Coptic Lectionary - CopticChurch.net",Tout 18 (Feast of the Cross),9
2020-09-29,"Readings for Tuesday, September 29th - Tout 19 (Feast of the Cross) - Coptic Lectionary - CopticChurch.net",Tout 19 (Feast of the Cross),9
2020-09-30,"Readings for Wednesday, September 30th - Tout 20 - Coptic Lectionary - CopticChurch.net",Tout 20,9
2020-10-01,"Readings for Thursday, October 1st - Tout 21 - Coptic Lectionary - CopticChurch.net",Tout 21,9
2020-10-02,"Readings for Friday, October 2nd - Tout 22 - Coptic Lectionary - CopticChurch.net",Tout 22,9
2020-10-03,"Readings for Saturday, October 3rd - Tout 23 - Coptic Lectionary - CopticChurch.net",Tout 23,9
2020-10-04,"Readings for Sunday, October 4th - The fourth Sunday of Tout - Coptic Lectionary - CopticChurch.net",The fourth Sunday of Tout,9
2020-10-05,"Readings for Monday, October 5th - Tout 25 - Coptic Lectionary - CopticChurch.net",Tout 25,9
2020-10-06,"Readings for Tuesday, October 6th - Tout 26 - Coptic Lectionary - CopticChurch.net",Tout 26,9
2020-10-07,"Readings for Wednesday, October 7th - Tout 27 - Coptic Lectionary - CopticChurch.net",Tout 27,9
2020-10-08,"Readings for Thursday, October 8th - Tout 28 - Coptic Lectionary - CopticChurch.net",Tout 28,9
2020-10-09,"Readings for Friday, October 9th - Tout 29 - Coptic Lectionary - CopticChurch.net",Tout 29,9
2020-10-10,"Readings for Saturday, October 10th - Tout 30 - Coptic Lectionary - CopticChurch.net",Tout 30,9
2020-10-11,"Readings for Sunday, October 11th - The first Sunday of Baba - Coptic Lectionary - CopticChurch.net",The first Sunday of Baba,9
2020-10-12,"Readings for Monday, October 12th - Baba 2 - Coptic Lectionary - CopticChurch.net",Baba 2,9
2020-10-13,"Readings for Tuesday, October 13th - Baba 3 - Coptic Lectionary - CopticChurch.net",Baba 3,9
2020-10-14,"Readings for Wednesday, October 14th - Baba 4 - Coptic Lectionary - CopticChurch.net",Baba 4,9
2020-10-15,"Readings for Thursday, October 15th - Baba 5 - Coptic Lectionary - CopticChurch.net",Baba 5,9
2020-10-16,"Readings for Friday, October 16th - Baba 6 - Coptic Lectionary - CopticChurch.net",Baba 6,9
2020-10-17,"Readings for Saturday, October 17th - Baba 7 - Coptic Lectionary - CopticChurch.net",Baba 7,9
2020-10-18,"Readings for Sunday, October 18th - The second Sunday of Baba - Coptic Lectionary - CopticChurch.net",The second Sunday of Baba,9
2020-10-19,"Readings for Monday, October 19th - Baba 9 - Coptic Lectionary - CopticChurch.net",Baba 9,9
2020-10-20,"Readings for Tuesday, October 20th - Baba 10 - Coptic Lectionary - CopticChurch.net",Baba 10,9
2020-10-21,"Readings for Wednesday, October 21st - Baba 11 - Coptic Lectionary - CopticChurch.net",Baba 11,9
2020-10-22,"Readings for Thursday, October 22nd - Baba 12 - Coptic Lectionary - CopticChurch.net",Baba 12,9
2020-10-23,"Readings for Friday, October 23rd - Baba 13 - Coptic Lectionary - CopticChurch.net",Baba 13,9
2020-10-24,"Readings for Saturday, October 24th - Baba 14 - Coptic Lectionary - CopticChurch.net",Baba 14,9
2020-10-25,"Readings for Sunday, October 25th - The third Sunday of Baba - Coptic Lectionary - CopticChurch.net",The third Sunday of Baba,9
2020-10-26,"Readings for Monday, October 26th - Baba 16 - Coptic Lectionary - CopticChurch.net",Baba 16,9
2020-10-27,"Readings for Tuesday, October 27th - Baba 17 - Coptic Lectionary - CopticChurch.net",Baba 17,9
2020-10-28,"Readings for Wednesday, October 28th - Baba 18 - Coptic Lectionary - CopticChurch.net",Baba 18,9
2020-10-29,"Readings for Thursday, October 29th - Baba 19 - Coptic Lectionary - CopticChurch.net",Baba 19,9
2020-10-30,"Readings for Friday, October 30th - Baba 20 - Coptic Lectionary - CopticChurch.net",Baba 20,9
2020-10-31,"Readings for Saturday, October 31st - Baba 21 - Coptic Lectionary - CopticChurch.net",Baba 21,9
2020-11-01,"Readings for Sunday, November 1st - The fourth Sunday of Baba - Coptic Lectionary - CopticChurch.net",The fourth Sunday of Baba,9
2020-11-02,"Readings for Monday, November 2nd - Baba 23 - Coptic Lectionary - CopticChurch.net",Baba 23,9
2020-11-03,"Readings for Tuesday, November 3rd - Baba 24 - Coptic Lectionary - CopticChurch.net",Baba 24,9
2020-11-04,"Readings for Wednesday, November 4th - Baba 25 - Coptic Lectionary - CopticChurch.net",Baba 25,9
2020-11-05,"Readings for Thursday, November 5th - Baba 26 - Coptic Lectionary - CopticChurch.net",Baba 26,9
2020-11-06,"Readings for Friday, November 6th - Baba 27 - Coptic Lectionary - CopticChurch.net",Baba 27,9
2020-11-07,"Readings for Saturday, November 7th - Baba 28 - Coptic Lectionary - CopticChurch.net",Baba 28,9
2020-11-08,"Readings for Sunday, November 8th - The fifth Sunday of Baba (Readings of 29th Baramhat) - Coptic Lectionary - CopticChurch.net",The fifth Sunday of Baba (Readings of 29th Baramhat),9
2020-11-09,"Readings for Monday, November 9th - Baba 30 - Coptic Lectionary - CopticChurch.net",Baba 30,9
2020-11-10,"Readings for Tuesday, November 10th - Hator 1 - Coptic Lectionary - CopticChurch.net",Hator 1,9
2020-11-11,"Readings for Wednesday, November 11th - Hator 2 - Coptic Lectionary - CopticChurch.net",Hator 2,9
2020-11-12,"Readings for Thursday, November 12th - Hator 3 - Coptic Lectionary - CopticChurch.net",Hator 3,9
2020-11-13,"Readings for Friday, November 13th - Hator 4 - Coptic Lectionary - CopticChurch.net",Hator 4,9
2020-11-14,"Readings for Saturday, November 14th - Hator 5 - Coptic Lectionary - CopticChurch.net",Hator 5,9
2020-11-15,"Readings for Sunday, November 15th - The first Sunday of Hator - Coptic Lectionary - CopticChurch.net",The first Sunday of Hator,9
2020-11-16,"Readings for Monday, November 16th - Hator 7 - Coptic Lectionary - CopticChurch.net",Hator 7,9
2020-11-17,"Readings for Tuesday, November 17th - Hator 8 - Coptic Lectionary - CopticChurch.net",Hator 8,9
2020-11-18,"Readings for Wednesday, November 18th - Hator 9 - Coptic Lectionary - CopticChurch.net",Hator 9,9
2020-11-19,"Readings for Thursday, November 19th - Hator 10 - Coptic Lectionary - CopticChurch.net",Hator 10,9
2020-11-20,"Readings for Friday, November 20th - Hator 11 - Coptic Lectionary - CopticChurch.net",Hator 11,9
2020-11-21,"Readings for Saturday, November 21st - Hator 12 - Coptic Lectionary - CopticChurch.net",Hator 12,9
2020-11-22,"Readings for Sunday, November 22nd - The second Sunday of Hator - Coptic Lectionary - CopticChurch.net",The second Sunday of Hator,9
2020-11-23,"Readings for Monday, November 23rd - Hator 14 - Coptic Lectionary - CopticChurch.net",Hator 14,9
2020-11-24,"Readings for Tuesday, November 24th - Hator 15 - Coptic Lectionary - CopticChurch.net",Hator 15,9
2020-11-25,"Readings for Wednesday, November 25th - Hator 16 of Christmas Fast - Coptic Lectionary - CopticChurch.net",Hator 16 of Christmas Fast,9
2020-11-26,"Readings for Thursday, November 26th - Hator 17 - Coptic Lectionary - CopticChurch.net",Hator 17,9
2020-11-27,"Readings for Friday, November 27th - Hator 18 - Coptic Lectionary - CopticChurch.net",Hator 18,9
2020-11-28,"Readings for Saturday, November 28th - Hator 19 - Coptic Lectionary - CopticChurch.net",Hator 19,9
2020-11-29,"Readings for Sunday, November 29th - The third Sunday of Hator - Coptic Lectionary - CopticChurch.net",The third Sunday of Hator,9
2020-11-30,"Readings for Monday, November 30th - Hator 21 - Coptic Lectionary - CopticChurch.net",Hator 21,9
2020-12-01,"Readings for Tuesday, December 1st - Hator 22 - Coptic Lectionary - CopticChurch.net",Hator 22,9
2020-12-02,"Readings for Wednesday, December 2nd - Hator 23 - Coptic Lectionary - CopticChurch.net",Hator 23,9
2020-12-03,"Readings for Thursday, December 3rd - Hator 24 - Coptic Lectionary - CopticChurch.net",Hator 24,9
2020-12-04,"Readings for Friday, December 4th - Hator 25 - Coptic Lectionary - CopticChurch.net",Hator 25,9
2020-12-05,"Readings for Saturday, December 5th - Hator 26 - Coptic Lectionary - CopticChurch.net",Hator 26,9
2020-12-06,"Readings for Sunday, December 6th - The fourth Sunday of Hator - Coptic Lectionary - CopticChurch.net",The fourth Sunday of Hator,9
2020-12-07,"Readings for Monday, December 7th - Hator 28 - Coptic Lectionary - CopticChurch.net",Hator 28,9
2020-12-08,"Readings for Tuesday, December 8th - Hator 29 - Coptic Lectionary - CopticChurch.net",Hator 29,9
2020-12-09,"Readings for Wednesday, December 9th - Hator 30 - Coptic Lectionary - CopticChurch.net",Hator 30,9
2020-12-10,"Readings for Thursday, December 10th - Kiak 1 - Coptic Lectionary - CopticChurch.net",Kiak 1,9
2020-12-11,"Readings for Friday, December 11th - Kiak 2 - Coptic Lectionary - CopticChurch.net",Kiak 2,9
2020-12-12,"Readings for Saturday, December 12th - Kiak 3 - Coptic Lectionary - CopticChurch.net",Kiak 3,9
2020-12-13,"Readings for Sunday, December 13th - The first Sunday of Kiak - Coptic Lectionary - CopticChurch.net",The first Sunday of Kiak,9
2020-12-14,"Readings for Monday, December 14th - Kiak 5 - Coptic Lectionary - CopticChurch.net",Kiak 5,9
2020-12-15,"Readings for Tuesday, December 15th - Kiak 6 - Coptic Lectionary - CopticChurch.net",Kiak 6,9
2020-12-16,"Readings for Wednesday, December 16th - Kiak 7 - Coptic Lectionary - CopticChurch.net",Kiak 7,9
2020-12-17,"Readings for Thursday, December 17th - Kiak 8 - Coptic Lectionary - CopticChurch.net",Kiak 8,9
2020-12-18,"Readings for Friday, December 18th - Kiak 9 - Coptic Lectionary - CopticChurch.net",Kiak 9,9
2020-12-19,"Readings for Saturday, December 19th - Kiak 10 - Coptic Lectionary - CopticChurch.net",Kiak 10,9
2020-12-20,"Readings for Sunday, December 20th - The second Sunday of Kiak - Coptic Lectionary - CopticChurch.net",The second Sunday of Kiak,9
2020-12-21,"Readings for Monday, December 21st - Kiak 12 - Coptic Lectionary - CopticChurch.net",Kiak 12,9
2020-12-22,"Readings for Tuesday, December 22nd - Kiak 13 - Coptic Lectionary - CopticChurch.net",Kiak 13,9
2020-12-23,"Readings for Wednesday, December 23rd - Kiak 14 - Coptic Lectionary - CopticChurch.net",Kiak 14,9
2020-12-24,"Readings for Thursday, December 24th - Kiak 15 - Coptic Lectionary - CopticChurch.net",Kiak 15,9
2020-12-25,"Readings for Friday, December 25th - Kiak 16 - Coptic Lectionary - CopticChurch.net",Kiak 16,9
2020-12-26,"Readings for Saturday, December 26th - Kiak 17 - Coptic Lectionary - CopticChurch.net",Kiak 17,9
2020-12-27,"Readings for Sunday, December 27th - The third Sunday of Kiak - Coptic Lectionary - CopticChurch.net",The third Sunday of Kiak,9
2020-12-28,"Readings for Monday, December 28th - Kiak 19 - Coptic Lectionary - CopticChurch.net",Kiak 19,9
2020-12-29,"Readings for Tuesday, December 29th - Kiak 20 - Coptic Lectionary - CopticChurch.net",Kiak 20,9
2020-12-30,"Readings for Wednesday, December 30th - Kiak 21 - Coptic Lectionary - CopticChurch.net",Kiak 21,9
2020-12-31,"Readings for Thursday, December 31st - Kiak 22 - Coptic Lectionary - CopticChurch.net",Kiak 22,9
2021-01-01,"Readings for Friday, January 1st - Kiak 23 - Coptic Lectionary - CopticChurch.net",Kiak 23,9
2021-01-02,"Readings for Saturday, January 2nd - Kiak 24 - Coptic Lectionary - CopticChurch.net",Kiak 24,9
2021-01-03,"Readings for Sunday, January 3rd - The fourth Sunday of Kiak - Coptic Lectionary - CopticChurch.net",The fourth Sunday of Kiak,9
2021-01-04,"Readings for Monday, January 4th - Kiak 26 - Coptic Lectionary - CopticChurch.net",Kiak 26,9
2021-01-05,"Readings for Tuesday, January 5th - Kiak 27 - Coptic Lectionary - CopticChurch.net",Kiak 27,9
2021-01-06,"Readings for Wednesday, January 6th - Christmas Paramoune - Coptic Lectionary - CopticChurch.net",Christmas Paramoune,9
2021-01-07,"Readings for Thursday, January 7th - Christmas - Coptic Lectionary - CopticChurch.net",Christmas,9
2021-01-08,"Readings for Friday, January 8th - Kiak 30 - Coptic Lectionary - CopticChurch.net",Kiak 30,9
2021-01-09,"Readings for Saturday, January 9th - Toba 1 - Coptic Lectionary - CopticChurch.net",Toba 1,9
2021-01-10,"Readings for Sunday, January 10th - The first Sunday of Toba - Coptic Lectionary - CopticChurch.net",The first Sunday of Toba,9
2021-01-11,"Readings for Monday, January 11th - Toba 3 - Coptic Lectionary - CopticChurch.net",Toba 3,9
2021-01-12,"Readings for Tuesday, January 12th - Toba 4 - Coptic Lectionary - CopticChurch.net",Toba 4,9
2021-01-13,"Readings for Wednesday, January 13th - Toba 5 - Coptic Lectionary - CopticChurch.net",Toba 5,9
2021-01-14,"Readings for Thursday, January 14th - Circumcision of our Lord - Coptic Lectionary - CopticChurch.net",Circumcision of our Lord,9
2021-01-15,"Readings for Friday, January 15th - Toba 7 - Coptic Lectionary - CopticChurch.net",Toba 7,9
2021-01-16,"Readings for Saturday, January 16th - Toba 8 - Coptic Lectionary - CopticChurch.net",Toba 8,9
2021-01-17,"Readings for Sunday, January 17th - The second Sunday of Toba - Coptic Lectionary - CopticChurch.net",The second Sunday of Toba,9
2021-01-18,"Readings for Monday, January 18th - Epiphany Paramoune - Coptic Lectionary - CopticChurch.net",Epiphany Paramoune,9
2021-01-19,"Readings for Tuesday, January 19th - The Feast of Epiphany - Coptic Lectionary - CopticChurch.net",The Feast of Epiphany,9
2021-01-20,"Readings for Wednesday, January 20th - The Second Day of Feast of Epiphany - Coptic Lectionary - CopticChurch.net",The Second Day of Feast of Epiphany,9
2021-01-21,"Readings for Thursday, January 21st - Wedding of Cana - Coptic Lectionary - CopticChurch.net",Wedding of Cana,9
2021-01-22,"Readings for Friday, January 22nd - Toba 14 - Coptic Lectionary - CopticChurch.net",Toba 14,9
2021-01-23,"Readings for Saturday, January 23rd - Toba 15 - Coptic Lectionary - CopticChurch.net",Toba 15,9
2021-01-24,"Readings for Sunday, January 24th - The third Sunday of Toba - Coptic Lectionary - CopticChurch.net",The third Sunday of Toba,9
2021-01-25,"Readings for Monday, January 25th - Toba 17 - Coptic Lectionary - CopticChurch.net",Toba 17,9
2021-01-26,"Readings for Tuesday, January 26th - Toba 18 - Coptic Lectionary - CopticChurch.net",Toba 18,9
2021-01-27,"Readings for Wednesday, January 27th - Toba 19 - Coptic Lectionary - CopticChurch.net",Toba 19,9
2021-01-28,"Readings for Thursday, January 28th - Toba 20 - Coptic Lectionary - CopticChurch.net",Toba 20,9
2021-01-29,"Readings for Friday, January 29th - Toba 21 - Coptic Lectionary - CopticChurch.net",Toba 21,9
2021-01-30,"Readings for Saturday, January 30th - Toba 22 - Coptic Lectionary - CopticChurch.net",Toba 22,9
2021-01-31,"Readings for Sunday, January 31st - The fourth Sunday of Toba - Coptic Lectionary - CopticChurch.net",The fourth Sunday of Toba,9
2021-02-01,"Readings for Monday, February 1st - Toba 24 - Coptic Lectionary - CopticChurch.net",Toba 24,9
2021-02-02,"Readings for Tuesday, February 2nd - Toba 25 - Coptic Lectionary - CopticChurch.net",Toba 25,9
2021-02-03,"Readings for Wednesday, February 3rd - Toba 26 - Coptic Lectionary - CopticChurch.net",Toba 26,9
2021-02-04,"Readings for Thursday, February 4th - Toba 27 - Coptic Lectionary - CopticChurch.net",Toba 27,9
2021-02-05,"Readings for Friday, February 5th - Toba 28 - Coptic Lectionary - CopticChurch.net",Toba 28,9
2021-02-06,"Readings for Saturday, February 6th - Toba 29 - Coptic Lectionary - CopticChurch.net",Toba 29,9
2021-02-07,"Readings for Sunday, February 7th - The fifth Sunday of Toba - Coptic Lectionary - CopticChurch.net",The fifth Sunday of Toba,9
2021-02-08,"Readings for Monday, February 8th - Amshir 1 - Coptic Lectionary - CopticChurch.net",Amshir 1,9
2021-02-09,"Readings for Tuesday, February 9th - Amshir 2 - Coptic Lectionary - CopticChurch.net",Amshir 2,9
2021-02-10,"Readings for Wednesday, February 10th - Amshir 3 - Coptic Lectionary - CopticChurch.net",Amshir 3,9
2021-02-11,"Readings for Thursday, February 11th - Amshir 4 - Coptic Lectionary - CopticChurch.net",Amshir 4,9
2021-02-12,"Readings for Friday, February 12th - Amshir 5 - Coptic Lectionary - CopticChurch.net",Amshir 5,9
2021-02-13,"Readings for Saturday, February 13th - Amshir 6 - Coptic Lectionary - CopticChurch.net",Amshir 6,9
2021-02-14,"Readings for Sunday, February 14th - The first Sunday of Amshir - Coptic Lectionary - CopticChurch.net",The first Sunday of Amshir,9
2021-02-15,"Readings for Monday, February 15th - Entrance into the Temple - Coptic Lectionary - CopticChurch.net",Entrance into the Temple,9
2021-02-16,"Readings for Tuesday, February 16th - Amshir 9 - Coptic Lectionary - CopticChurch.net",Amshir 9,9
2021-02-17,"Readings for Wednesday, February 17th - Amshir 10 - Coptic Lectionary - CopticChurch.net",Amshir 10,9
2021-02-18,"Readings for Thursday, February 18th - Amshir 11 - Coptic Lectionary - CopticChurch.net",Amshir 11,9
2021-02-19,"Readings for Friday, February 19th - Amshir 12 - Coptic Lectionary - CopticChurch.net",Amshir 12,9
2021-02-20,"Readings for Saturday, February 20th - Amshir 13 - Coptic Lectionary - CopticChurch.net",Amshir 13,9
2021-02-21,"Readings for Sunday, February 21st - The second Sunday of Amshir - Coptic Lectionary - CopticChurch.net",The second Sunday of Amshir,9
2021-02-22,"Readings for Monday, February 22nd - Fast of Ninevah - Coptic Lectionary - CopticChurch.net",Fast of Ninevah,9
2021-02-23,"Readings for Tuesday, February 23rd - Tuesday of Ninevah's Fast - Coptic Lectionary - CopticChurch.net",Tuesday of Ninevah's Fast,7
2021-02-24,"Readings for Wednesday, February 24th - Wednesday of Ninevah's Fast - Coptic Lectionary - CopticChurch.net",Wednesday of Ninevah's Fast,7
2021-02-25,"Readings for Thursday, February 25th - Jonah's Feast - Coptic Lectionary - CopticChurch.net",Jonah's Feast,7
2021-02-26,"Readings for Friday, February 26th - Amshir 19 - Coptic Lectionary - CopticChurch.net",Amshir 19,9
2021-02-27,"Readings for Saturday, February 27th - Amshir 20 - Coptic Lectionary - CopticChurch.net",Amshir 20,9
2021-02-28,"Readings for Sunday, February 28th - The third Sunday of Amshir - Coptic Lectionary - CopticChurch.net",The third Sunday of Amshir,9
2021-03-01,"Readings for Monday, March 1st - Amshir 22 - Coptic Lectionary - CopticChurch.net",Amshir 22,9
2021-03-02,"Readings for Tuesday, March 2nd - Amshir 23 - Coptic Lectionary - CopticChurch.net",Amshir 23,9
2021-03-03,"Readings for Wednesday, March 3rd - Amshir 24 - Coptic Lectionary - CopticChurch.net",Amshir 24,9
2021-03-04,"Readings for Thursday, March 4th - Amshir 25 - Coptic Lectionary - CopticChurch.net",Amshir 25,9
2021-03-05,"Readings for Friday, March 5th - Amshir 26 - Coptic Lectionary - CopticChurch.net",Amshir 26,9
2021-03-06,"Readings for Saturday, March 6th - Saturday of the week before Great Lent - Coptic Lectionary - CopticChurch.net",Saturday of the week before Great Lent,9
2021-03-07,"Readings for Sunday, March 7th - Sunday of the week before Great Lent - Coptic Lectionary - CopticChurch.net",Sunday of the week before Great Lent,9
2021-03-08,"Readings for Monday, March 8th - Great Lent - Coptic Lectionary - CopticChurch.net",Great Lent,9
2021-03-09,"Readings for Tuesday, March 9th - Tuesday of the first week of Great Lent - Coptic Lectionary - CopticChurch.net",Tuesday of the first week of Great Lent,7
2021-03-10,"Readings for Wednesday, March 10th - Wednesday of the first week of Great Lent - Coptic Lectionary - CopticChurch.net",Wednesday of the first week of Great Lent,7
2021-03-11,"Readings for Thursday, March 11th - Thursday of the first week of Great Lent - Coptic Lectionary - CopticChurch.net",Thursday of the first week of Great Lent,7
2021-03-12,"Readings for Friday, March 12th - Friday of the first week of Great Lent - Coptic Lectionary - CopticChurch.net",Friday of the first week of Great Lent,7
2021-03-13,"Readings for Saturday, March 13th - Saturday of the first week of Great Lent - Coptic Lectionary - CopticChurch.net",Saturday of the first week of Great Lent,7
2021-03-14,"Readings for Sunday, March 14th - Sunday of the first week of Great Lent - Coptic Lectionary - CopticChurch.net",Sunday of the first week of Great Lent,9
2021-03-15,"Readings for Monday, March 15th - Monday of the second week of Great Lent - Coptic Lectionary - CopticChurch.net",Monday of the second week of Great Lent,7
2021-03-16,"Readings for Tuesday, March 16th - Tuesday of the second week of Great Lent - Coptic Lectionary - CopticChurch.net",Tuesday of the second week of Great Lent,7
2021-03-17,"Readings for Wednesday, March 17th - Wednesday of the second week of Great Lent - Coptic Lectionary - CopticChurch.net",Wednesday of the second week of Great Lent,7
2021-03-18,"Readings for Thursday, March 18th - Thursday of the second week of Great Lent - Coptic Lectionary - CopticChurch.net",Thursday of the second week of Great Lent,7
2021-03-19,"Readings for Friday, March 19th - Friday of the second week of Great Lent <br>(Feast of the Cross - Readings of 10th Baramhat) - Coptic Lectionary - CopticChurch.net",Friday of the second week of Great Lent <br>(Feast of the Cross - Readings of 10th Baramhat),9
2021-03-20,"Readings for Saturday, March 20th - Saturday of the second week of Great Lent - Coptic Lectionary - CopticChurch.net",Saturday of the second week of Great Lent,7
2021-03-21,"Readings for Sunday, March 21st - Sunday of the second week of Great Lent - Coptic Lectionary - CopticChurch.net",Sunday of the second week of Great Lent,9
2021-03-22,"Readings for Monday, March 22nd - Monday of the third week of Great Lent - Coptic Lectionary - CopticChurch.net",Monday of the third week of Great Lent,7
2021-03-23,"Readings for Tuesday, March 23rd - Tuesday of the third week of Great Lent - Coptic Lectionary - CopticChurch.net",Tuesday of the third week of Great Lent,7
2021-03-24,"Readings for Wednesday, March 24th - Wednesday of the third week of Great Lent - Coptic Lectionary - CopticChurch.net",Wednesday of the third week of Great Lent,7
2021-03-25,"Readings for Thursday, March 25th - Thursday of the third week of Great Lent - Coptic Lectionary - CopticChurch.net",Thursday of the third week of Great Lent,7
2021-03-26,"Readings for Friday, March 26th - Friday of the third week of Great Lent - Coptic Lectionary - CopticChurch.net",Friday of the third week of Great Lent,7
2021-03-27,"Readings for Saturday, March 27th - Saturday of the third week of Great Lent - Coptic Lectionary - CopticChurch.net",Saturday of the third week of Great Lent,7
2021-03-28,"Readings for Sunday, March 28th - Sunday of the third week of Great Lent - Coptic Lectionary - CopticChurch.net",Sunday of the third week of Great Lent,9
2021-03-29,"Readings for Monday, March 29th - Monday of the fourth week of Great Lent - Coptic Lectionary - CopticChurch.net",Monday of the fourth week of Great Lent,7
2021-03-30,"Readings for Tuesday, March 30th - Tuesday of the fourth week of Great Lent - Coptic Lectionary - CopticChurch.net",Tuesday of the fourth week of Great Lent,7
2021-03-31,"Readings for Wednesday, March 31st - Wednesday of the fourth week of Great Lent - Coptic Lectionary - CopticChurch.net",Wednesday of the fourth week of Great Lent,7
2021-04-01,"Readings for Thursday, April 1st - Thursday of the fourth week of Great Lent - Coptic Lectionary - CopticChurch.net",Thursday of the fourth week of Great Lent,7
2021-04-02,"Readings for Friday, April 2nd - Friday of the fourth week of Great Lent - Coptic Lectionary - CopticChurch.net",Friday of the fourth week of Great Lent,7
2021-04-03,"Readings for Saturday, April 3rd - Saturday of the fourth week of Great Lent - Coptic Lectionary - CopticChurch.net",Saturday of the fourth week of Great Lent,7
2021-04-04,"Readings for Sunday, April 4th - Sunday of the fourth week of Great Lent - Coptic Lectionary - CopticChurch.net",Sunday of the fourth week of Great Lent,9
2021-04-05,"Readings for Monday, April 5th - Monday of the fifth week of Great Lent - Coptic Lectionary - CopticChurch.net",Monday of the fifth week of Great Lent,7
2021-04-06,"Readings for Tuesday, April 6th - Tuesday of the fifth week of Great Lent - Coptic Lectionary - CopticChurch.net",Tuesday of the fifth week of Great Lent,7
2021-04-07,"Readings for Wednesday, April 7th - Annunciation - Coptic Lectionary - CopticChurch.net",Annunciation,9
2021-04-08,"Readings for Thursday, April 8th - Thursday of the fifth week of Great Lent - Coptic Lectionary - CopticChurch.net",Thursday of the fifth week of Great Lent,7
2021-04-09,"Readings for Friday, April 9th - Friday of the fifth week of Great Lent - Coptic Lectionary - CopticChurch.net",Friday of the fifth week of Great Lent,7
2021-04-10,"Readings for Saturday, April 10th - Saturday of the fifth week of Great Lent - Coptic Lectionary - CopticChurch.net",Saturday of the fifth week of Great Lent,7
2021-04-11,"Readings for Sunday, April 11th - Sunday of the fifth week of Great Lent - Coptic Lectionary - CopticChurch.net",Sunday of the fifth week of Great Lent,9
2021-04-12,"Readings for Monday, April 12th - Monday of the sixth week of Great Lent - Coptic Lectionary - CopticChurch.net",Monday of the sixth week of Great Lent,7
2021-04-13,"Readings for Tuesday, April 13th - Tuesday of the sixth week of Great Lent - Coptic Lectionary - CopticChurch.net",Tuesday of the sixth week of Great Lent,7
2021-04-14,"Readings for Wednesday, April 14th - Wednesday of the sixth week of Great Lent - Coptic Lectionary - CopticChurch.net",Wednesday of the sixth week of Great Lent,7
2021-04-15,"Readings for Thursday, April 15th - Thursday of the sixth week of Great Lent - Coptic Lectionary - CopticChurch.net",Thursday of the sixth week of Great Lent,7
2021-04-16,"Readings for Friday, April 16th - Friday of the sixth week of Great Lent - Coptic Lectionary - CopticChurch.net",Friday of the sixth week of Great Lent,7
2021-04-17,"Readings for Saturday, April 17th - Saturday of the sixth week of Great Lent - Coptic Lectionary - CopticChurch.net",Saturday of the sixth week of Great Lent,7
2021-04-18,"Readings for Sunday, April 18th - Sunday of the sixth week of Great Lent - Coptic Lectionary - CopticChurch.net",Sunday of the sixth week of Great Lent,9
2021-04-19,"Readings for Monday, April 19th - Monday of the seventh week of Great Lent - Coptic Lectionary - CopticChurch.net",Monday of the seventh week of Great Lent,7
2021-04-20,"Readings for Tuesday, April 20th - Tuesday of the seventh week of Great Lent - Coptic Lectionary - CopticChurch.net",Tuesday of the seventh week of Great Lent,7
2021-04-21,"Readings for Wednesday, April 21st - Wednesday of the seventh week of Great Lent - Coptic Lectionary - CopticChurch.net",Wednesday of the seventh week of Great Lent,7
2021-04-22,"Readings for Thursday, April 22nd - Thursday of the seventh week of Great Lent - Coptic Lectionary - CopticChurch.net",Thursday of the seventh week of Great Lent,7
2021-04-23,"Readings for Friday, April 23rd - Friday of the seventh week of Great Lent - Coptic Lectionary - CopticChurch.net",Friday of the seventh week of Great Lent,7
2021-04-24,"Readings for Saturday, April 24th - Lazarus Saturday of Great Lent - Coptic Lectionary - CopticChurch.net",Lazarus Saturday of Great Lent,7
2021-04-25,"Readings for Sunday, April 25th - Palm Sunday - Coptic Lectionary - CopticChurch.net",Palm Sunday,9
2021-04-26,"Readings for Monday, April 26th - Monday of Holy Week - Coptic Lectionary - CopticChurch.net",Monday of Holy Week,0
2021-04-27,"Readings for Tuesday, April 27th - Tuesday of Holy Week - Coptic Lectionary - CopticChurch.net",Tuesday of Holy Week,0
2021-04-28,"Readings for Wednesday, April 28th - Wednesday of Holy Week - Coptic Lectionary - CopticChurch.net",Wednesday of Holy Week,0
2021-04-29,"Readings for Thursday, April 29th - Holy Thursday - Coptic Lectionary - CopticChurch.net",Holy Thursday,0
2021-04-30,"Readings for Friday, April 30th - Good Friday - Coptic Lectionary - CopticChurch.net",Good Friday,0
2021-05-01,"Readings for Saturday, May 1st - Bright Saturday - Coptic Lectionary - CopticChurch.net",Bright Saturday,0
2021-05-02,"Readings for Sunday, May 2nd - The Feast of Resurrection - Coptic Lectionary - CopticChurch.net",The Feast of Resurrection,7
2021-05-03,"Readings for Monday, May 3rd - Monday of the first week of the holy fifty days - Coptic Lectionary - CopticChurch.net",Monday of the first week of the holy fifty days,9
2021-05-04,"Readings for Tuesday, May 4th - Tuesday of the first week of the holy fifty days - Coptic Lectionary - CopticChurch.net",Tuesday of the first week of the holy fifty days,9
2021-05-05,"Readings for Wednesday, May 5th - Wednesday of the first week of the holy fifty days - Coptic Lectionary - CopticChurch.net",Wednesday of the first week of the holy fifty days,9
2021-05-06,"Readings for Thursday, May 6th - Thursday of the first week of the holy fifty days - Coptic Lectionary - CopticChurch.net",Thursday of the first week of the holy fifty days,9
2021-05-07,"Readings for Friday, May 7th - Friday of the first week of the holy fifty days - Coptic Lectionary - CopticChurch.net",Friday of the first week of the holy fifty days,9
2021-05-08,"Readings for Saturday, May 8th - Saturday of the first week of the holy fifty days - Coptic Lectionary - CopticChurch.net",Saturday of the first week of the holy fifty days,9
2021-05-09,"Readings for Sunday, May 9th - Thomas Sunday - Coptic Lectionary - CopticChurch.net",Thomas Sunday,9
2021-05-10,"Readings for Monday, May 10th - Monday of the second week of the holy fifty days - Coptic Lectionary - CopticChurch.net",Monday of the second week of the holy fifty days,9
2021-05-11,"Readings for Tuesday, May 11th - Tuesday of the second week of the holy fifty days - Coptic Lectionary - CopticChurch.net",Tuesday of the second week of the holy fifty days,9
2021-05-12,"Readings for Wednesday, May 12th - Wednesday of the second week of the holy fifty days - Coptic Lectionary - CopticChurch.net",Wednesday of the second week of the holy fifty days,9
2021-05-13,"Readings for Thursday, May 13th - Thursday of the second week of the holy fifty days - Coptic Lectionary - CopticChurch.net",Thursday of the second week of the holy fifty days,9
2021-05-14,"Readings for Friday, May 14th - Friday of the second week of the holy fifty days - Coptic Lectionary - CopticChurch.net",Friday of the second week of the holy fifty days,9
2021-05-15,"Readings for Saturday, May 15th - Saturday of the second week of the holy fifty days - Coptic Lectionary - CopticChurch.net",Saturday of the second week of the holy fifty days,9
2021-05-16,"Readings for Sunday, May 16th - Sunday of the second week of the holy fifty days - Coptic Lectionary - CopticChurch.net",Sunday of the second week of the holy fifty days,9
2021-05-17,"Readings for Monday, May 17th - Monday of the third week of the holy fifty days - Coptic Lectionary - CopticChurch.net",Monday of the third week of the holy fifty days,9
2021-05-18,"Readings for Tuesday, May 18th - Tuesday of the third week of the holy fifty days - Coptic Lectionary - CopticChurch.net",Tuesday of the third week of the holy fifty days,9
2021-05-19,"Readings for Wednesday, May 19th - Wednesday of the third week of the holy fifty days - Coptic Lectionary - CopticChurch.net",Wednesday of the third week of the holy fifty days,9
2021-05-20,"Readings for Thursday, May 20th - Thursday of the third week of the holy fifty days - Coptic Lectionary - CopticChurch.net",Thursday of the third week of the holy fifty days,9
2021-05-21,"Readings for Friday, May 21st - Friday of the third week of the holy fifty days - Coptic Lectionary - CopticChurch.net",Friday of the third week of the holy fifty days,9
2021-05-22,"Readings for Saturday, May 22nd - Saturday of the third week of the holy fifty days - Coptic Lectionary - CopticChurch.net",Saturday of the third week of the holy fifty days,9
2021-05-23,"Readings for Sunday, May 23rd - Sunday of the third week of the holy fifty days - Coptic Lectionary - CopticChurch.net",Sunday of the third week of the holy fifty days,9
2021-05-24,"Readings for Monday, May 24th - Monday of the fourth week of the holy fifty days - Coptic Lectionary - CopticChurch.net",Monday of the fourth week of the holy fifty days,9
2021-05-25,"Readings for Tuesday, May 25th - Tuesday of the fourth week of the holy fifty days - Coptic Lectionary - CopticChurch.net",Tuesday of the fourth week of the holy fifty days,9
2021-05-26,"Readings for Wednesday, May 26th - Wednesday of the fourth week of the holy fifty days - Coptic Lectionary - CopticChurch.net",Wednesday of the fourth week of the holy fifty days,9
2021-05-27,"Readings for Thursday, May 27th - Thursday of the fourth week of the holy fifty days - Coptic Lectionary - CopticChurch.net",Thursday of the fourth week of the holy fifty days,9
2021-05-28,"Readings for Friday, May 28th - Friday of the fourth week of the holy fifty days - Coptic Lectionary - CopticChurch.net",Friday of the fourth week of the holy fifty days,9
2021-05-29,"Readings for Saturday, May 29th - Saturday of the fourth week of the holy fifty days - Coptic Lectionary - CopticChurch.net",Saturday of the fourth week of the holy fifty days,9
2021-05-30,"Readings for Sunday, May 30th - Sunday of the fourth week of the holy fifty days - Coptic Lectionary - CopticChurch.net",Sunday of the fourth week of the holy fifty days,9
2021-05-31,"Readings for Monday, May 31st - Monday of the fifth week of the holy fifty days - Coptic Lectionary - CopticChurch.net",Monday of the fifth week of the holy fifty days,9
2021-06-01,"Readings for Tuesday, June 1st - Tuesday of the fifth week of the holy fifty days and the Feast of Entry into Egypt - Coptic Lectionary - CopticChurch.net",Tuesday of the fifth week of the holy fifty days and the Feast of Entry into Egypt,9
2021-06-02,"Readings for Wednesday, June 2nd - Wednesday of the fifth week of the holy fifty days - Coptic Lectionary - CopticChurch.net",Wednesday of the fifth week of the holy fifty days,9
2021-06-03,"Readings for Thursday, June 3rd - Thursday of the fifth week of the holy fifty days - Coptic Lectionary - CopticChurch.net",Thursday of the fifth week of the holy fifty days,9
2021-06-04,"Readings for Friday, June 4th - Friday of the fifth week of the holy fifty days - Coptic Lectionary - CopticChurch.net",Friday of the fifth week of the holy fifty days,9
2021-06-05,"Readings for Saturday, June 5th - Saturday of the fifth week of the holy fifty days - Coptic Lectionary - CopticChurch.net",Saturday of the fifth week of the holy fifty days,9
2021-06-06,"Readings for Sunday, June 6th - Sunday of the fifth week of the holy fifty days - Coptic Lectionary - CopticChurch.net",Sunday of the fifth week of the holy fifty days,9
2021-06-07,"Readings for Monday, June 7th - Monday of the sixth week of the holy fifty days - Coptic Lectionary - CopticChurch.net",Monday of the sixth week of the holy fifty days,9
2021-06-08,"Readings for Tuesday, June 8th - Tuesday of the sixth week of the holy fifty days - Coptic Lectionary - CopticChurch.net",Tuesday of the sixth week of the holy fifty days,9
2021-06-09,"Readings for Wednesday, June 9th - Wednesday of the sixth week of the holy fifty days - Coptic Lectionary - CopticChurch.net",Wednesday of the sixth week of the holy fifty days,9
2021-06-10,"Readings for Thursday, June 10th - The Feast of the Ascension - Coptic Lectionary - CopticChurch.net",The Feast of the Ascension,9
2021-06-11,"Readings for Friday, June 11th - Friday of the sixth week of the holy fifty days - Coptic Lectionary - CopticChurch.net",Friday of the sixth week of the holy fifty days,9
2021-06-12,"Readings for Saturday, June 12th - Saturday of the sixth week of the holy fifty days - Coptic Lectionary - CopticChurch.net",Saturday of the sixth week of the holy fifty days,9
2021-06-13,"Readings for Sunday, June 13th - Sunday of the sixth week of the holy fifty days - Coptic Lectionary - CopticChurch.net",Sunday of the sixth week of the holy fifty days,9
2021-06-14,"Readings for Monday, June 14th - Monday of the seventh week of the holy fifty days - Coptic Lectionary - CopticChurch.net",Monday of the seventh week of the holy fifty days,9
2021-06-15,"Readings for Tuesday, June 15th - Tuesday of the seventh week of the holy fifty days - Coptic Lectionary - CopticChurch.net",Tuesday of the seventh week of the holy fifty days,9
2021-06-16,"Readings for Wednesday, June 16th - Wednesday of the seventh week of the holy fifty days - Coptic Lectionary - CopticChurch.net",Wednesday of the seventh week of the holy fifty days,9
2021-06-17,"Readings for Thursday, June 17th - Thursday of the seventh week of the holy fifty days - Coptic Lectionary - CopticChurch.net",Thursday of the seventh week of the holy fifty days,9
2021-06-18,"Readings for Friday, June 18th - Friday of the seventh week of the holy fifty days - Coptic Lectionary - CopticChurch.net",Friday of the seventh week of the holy fifty days,9
2021-06-19,"Readings for Saturday, June 19th - Saturday of the seventh week of the holy fifty days - Coptic Lectionary - CopticChurch.net",Saturday of the seventh week of the holy fifty days,9
2021-06-20,"Readings for Sunday, June 20th - Pentecost - Coptic Lectionary - CopticChurch.net",Pentecost,9
2021-06-21,"Readings for Monday, June 21st - Paona 14 - Coptic Lectionary - CopticChurch.net",Paona 14,9
2021-06-22,"Readings for Tuesday, June 22nd - Paona 15 - Coptic Lectionary - CopticChurch.net",Paona 15,9
2021-06-23,"Readings for Wednesday, June 23rd - Paona 16 - Coptic Lectionary - CopticChurch.net",Paona 16,9
2021-06-24,"Readings for Thursday, June 24th - Paona 17 - Coptic Lectionary - CopticChurch.net",Paona 17,9
2021-06-25,"Readings for Friday, June 25th - Paona 18 - Coptic Lectionary - CopticChurch.net",Paona 18,9
2021-06-26,"Readings for Saturday, June 26th - Paona 19 - Coptic Lectionary - CopticChurch.net",Paona 19,9
2021-06-27,"Readings for Sunday, June 27th - The third Sunday of Paona - Coptic Lectionary - CopticChurch.net",The third Sunday of Paona,9
2021-06-28,"Readings for Monday, June 28th - Paona 21 - Coptic Lectionary - CopticChurch.net",Paona 21,9
2021-06-29,"Readings for Tuesday, June 29th - Paona 22 - Coptic Lectionary - CopticChurch.net",Paona 22,9
2021-06-30,"Readings for Wednesday, June 30th - Paona 23 - Coptic Lectionary - CopticChurch.net",Paona 23,9
2021-07-01,"Readings for Thursday, July 1st - Paona 24 - Coptic Lectionary - CopticChurch.net",Paona 24,9
2021-07-02,"Readings for Friday, July 2nd - Paona 25 - Coptic Lectionary - CopticChurch.net",Paona 25,9
2021-07-03,"Readings for Saturday, July 3rd - Paona 26 - Coptic Lectionary - CopticChurch.net",Paona 26,9
2021-07-04,"Readings for Sunday, July 4th - The fourth Sunday of Paona - Coptic Lectionary - CopticChurch.net",The fourth Sunday of Paona,9
2021-07-05,"Readings for Monday, July 5th - Paona 28 - Coptic Lectionary - CopticChurch.net",Paona 28,9
2021-07-06,"Readings for Tuesday, July 6th - Paona 29 - Coptic Lectionary - CopticChurch.net",Paona 29,9
2021-07-07,"Readings for Wednesday, July 7th - Paona 30 - Coptic Lectionary - CopticChurch.net",Paona 30,9
2021-07-08,"Readings for Thursday, July 8th - Abib 1 - Coptic Lectionary - CopticChurch.net",Abib 1,9
2021-07-09,"Readings for Friday, July 9th - Abib 2 - Coptic Lectionary - CopticChurch.net",Abib 2,9
2021-07-10,"Readings for Saturday, July 10th - Abib 3 - Coptic Lectionary - CopticChurch.net",Abib 3,9
2021-07-11,"Readings for Sunday, July 11th - The first Sunday of Abib - Coptic Lectionary - CopticChurch.net",The first Sunday of Abib,9
2021-07-12,"Readings for Monday, July 12th - Abib 5 (Apostle's Feast) - Coptic Lectionary - CopticChurch.net",Abib 5 (Apostle's Feast),9
2021-07-13,"Readings for Tuesday, July 13th - Abib 6 - Coptic Lectionary - CopticChurch.net",Abib 6,9
2021-07-14,"Readings for Wednesday, July 14th - Abib 7 - Coptic Lectionary - CopticChurch.net",Abib 7,9
2021-07-15,"Readings for Thursday, July 15th - Abib 8 - Coptic Lectionary - CopticChurch.net",Abib 8,9
2021-07-16,"Readings for Friday, July 16th - Abib 9 - Coptic Lectionary - CopticChurch.net",Abib 9,9
2021-07-17,"Readings for Saturday, July 17th - Abib 10 - Coptic Lectionary - CopticChurch.net",Abib 10,9
2021-07-18,"Readings for Sunday, July 18th - The second Sunday of Abib - Coptic Lectionary - CopticChurch.net",The second Sunday of Abib,9
2021-07-19,"Readings for Monday, July 19th - Abib 12 - Coptic Lectionary - CopticChurch.net",Abib 12,9
2021-07-20,"Readings for Tuesday, July 20th - Abib 13 - Coptic Lectionary - CopticChurch.net",Abib 13,9
2021-07-21,"Readings for Wednesday, July 21st - Abib 14 - Coptic Lectionary - CopticChurch.net",Abib 14,9
2021-07-22,"Readings for Thursday, July 22nd - Abib 15 - Coptic Lectionary - CopticChurch.net",Abib 15,9
2021-07-23,"Readings for Friday, July 23rd - Abib 16 - Coptic Lectionary - CopticChurch.net",Abib 16,9
2021-07-24,"Readings for Saturday, July 24th - Abib 17 - Coptic Lectionary - CopticChurch.net",Abib 17,9
2021-07-25,"Readings for Sunday, July 25th - The third Sunday of Abib - Coptic Lectionary - CopticChurch.net",The third Sunday of Abib,9
2021-07-26,"Readings for Monday, July 26th - Abib 19 - Coptic Lectionary - CopticChurch.net",Abib 19,9
2021-07-27,"Readings for Tuesday, July 27th - Abib 20 - Coptic Lectionary - CopticChurch.net",Abib 20,9
2021-07-28,"Readings for Wednesday, July 28th - Abib 21 - Coptic Lectionary - CopticChurch.net",Abib 21,9
2021-07-29,"Readings for Thursday, July 29th - Abib 22 - Coptic Lectionary - CopticChurch.net",Abib 22,9
2021-07-30,"Readings for Friday, July 30th - Abib 23 - Coptic Lectionary - CopticChurch.net",Abib 23,9
2021-07-31,"Readings for Saturday, July 31st - Abib 24 - Coptic Lectionary - CopticChurch.net",Abib 24,9
2021-08-01,"Readings for Sunday, August 1st - The fourth Sunday of Abib - Coptic Lectionary - CopticChurch.net",The fourth Sunday of Abib,9
2021-08-02,"Readings for Monday, August 2nd - Abib 26 - Coptic Lectionary - CopticChurch.net",Abib 26,9
2021-08-03,"Readings for Tuesday, August 3rd - Abib 27 - Coptic Lectionary - CopticChurch.net",Abib 27,9
2021-08-04,"Readings for Wednesday, August 4th - Abib 28 - Coptic Lectionary - CopticChurch.net",Abib 28,9
2021-08-05,"Readings for Thursday, August 5th - Abib 29 - Coptic Lectionary - CopticChurch.net",Abib 29,9
2021-08-06,"Readings for Friday, August 6th - Abib 30 - Coptic Lectionary - CopticChurch.net",Abib 30,9
2021-08-07,"Readings for Saturday, August 7th - St Mary's Fast - Coptic Lectionary - CopticChurch.net",St Mary's Fast,9
2021-08-08,"Readings for Sunday, August 8th - The first Sunday of Mesra - Coptic Lectionary - CopticChurch.net",The first Sunday of Mesra,9
2021-08-09,"Readings for Monday, August 9th - Mesra 3 - Coptic Lectionary - CopticChurch.net",Mesra 3,9
2021-08-10,"Readings for Tuesday, August 10th - Mesra 4 - Coptic Lectionary - CopticChurch.net",Mesra 4,9
2021-08-11,"Readings for Wednesday, August 11th - Mesra 5 - Coptic Lectionary - CopticChurch.net",Mesra 5,9
2021-08-12,"Readings for Thursday, August 12th - Mesra 6 - Coptic Lectionary - CopticChurch.net",Mesra 6,9
2021-08-13,"Readings for Friday, August 13th - Mesra 7 - Coptic Lectionary - CopticChurch.net",Mesra 7,9
2021-08-14,"Readings for Saturday, August 14th - Mesra 8 - Coptic Lectionary - CopticChurch.net",Mesra 8,9
2021-08-15,"Readings for Sunday, August 15th - The second Sunday of Mesra - Coptic Lectionary - CopticChurch.net",The second Sunday of Mesra,9
2021-08-16,"Readings for Monday, August 16th - Mesra 10 - Coptic Lectionary - CopticChurch.net",Mesra 10,9
2021-08-17,"Readings for Tuesday, August 17th - Mesra 11 - Coptic Lectionary - CopticChurch.net",Mesra 11,9
2021-08-18,"Readings for Wednesday, August 18th - Mesra 12 - Coptic Lectionary - CopticChurch.net",Mesra 12,9
2021-08-19,"Readings for Thursday, August 19th - Transfiguration - Coptic Lectionary - CopticChurch.net",Transfiguration,9
2021-08-20,"Readings for Friday, August 20th - Mesra 14 - Coptic Lectionary - CopticChurch.net",Mesra 14,9
2021-08-21,"Readings for Saturday, August 21st - Mesra 15 - Coptic Lectionary - CopticChurch.net",Mesra 15,9
2021-08-22,"Readings for Sunday, August 22nd - Mesra 16 (St Mary's Feast) - Coptic Lectionary - CopticChurch.net",Mesra 16 (St Mary's Feast),9
2021-08-23,"Readings for Monday, August 23rd - Mesra 17 - Coptic Lectionary - CopticChurch.net",Mesra 17,9
2021-08-24,"Readings for Tuesday, August 24th - Mesra 18 - Coptic Lectionary - CopticChurch.net",Mesra 18,9
2021-08-25,"Readings for Wednesday, August 25th - Mesra 19 - Coptic Lectionary - CopticChurch.net",Mesra 19,9
2021-08-26,"Readings for Thursday, August 26th - Mesra 20 - Coptic Lectionary - CopticChurch.net",Mesra 20,9
2021-08-27,"Readings for Friday, August 27th - Mesra 21 - Coptic Lectionary - CopticChurch.net",Mesra 21,9
2021-08-28,"Readings for Saturday, August 28th - Mesra 22 - Coptic Lectionary - CopticChurch.net",Mesra 22,9
2021-08-29,"Readings for Sunday, August 29th - The fourth Sunday of Mesra - Coptic Lectionary - CopticChurch.net",The fourth Sunday of Mesra,9
2021-08-30,"Readings for Monday, August 30th - Mesra 24 - Coptic Lectionary - CopticChurch.net",Mesra 24,9
2021-08-31,"Readings for Tuesday, August 31st - Mesra 25 - Coptic Lectionary - CopticChurch.net",Mesra 25,9
2021-09-01,"Readings for Wednesday, September 1st - Mesra 26 - Coptic Lectionary - CopticChurch.net",Mesra 26,9
2021-09-02,"Readings for Thursday, September 2nd - Mesra 27 - Coptic Lectionary - CopticChurch.net",Mesra 27,9
2021-09-03,"Readings for Friday, September 3rd - Mesra 28 - Coptic Lectionary - CopticChurch.net",Mesra 28,9
2021-09-04,"Readings for Saturday, September 4th - Mesra 29 - Coptic Lectionary - CopticChurch.net",Mesra 29,9
2021-09-05,"Readings for Sunday, September 5th - The fifth Sunday of Mesra - Coptic Lectionary - CopticChurch.net",The fifth Sunday of Mesra,9
2021-09-06,"Readings for Monday, September 6th - Nasie 1 - Coptic Lectionary - CopticChurch.net",Nasie 1,9
2021-09-07,"Readings for Tuesday, September 7th - Nasie 2 - Coptic Lectionary - CopticChurch.net",Nasie 2,9
2021-09-08,"Readings for Wednesday, September 8th - Nasie 3 - Coptic Lectionary - CopticChurch.net",Nasie 3,9
2021-09-09,"Readings for Thursday, September 9th - Nasie 4 - Coptic Lectionary - CopticChurch.net",Nasie 4,9
2021-09-10,"Readings for Friday, September 10th - Nasie 5 - Coptic Lectionary - CopticChurch.net",Nasie 5,9
2021-09-11,"Readings for Saturday, September 11th - Tout 1 - Coptic Lectionary - CopticChurch.net",Tout 1,9
2021-09-12,"Readings for Sunday, September 12th - The first Sunday of Tout - Coptic Lectionary - CopticChurch.net",The first Sunday of Tout,9
2021-09-13,"Readings for Monday, September 13th - Tout 3 - Coptic Lectionary - CopticChurch.net",Tout 3,9
2021-09-14,"Readings for Tuesday, September 14th - Tout 4 - Coptic Lectionary - CopticChurch.net",Tout 4,9
2021-09-15,"Readings for Wednesday, September 15th - Tout 5 - Coptic Lectionary - CopticChurch.net",Tout 5,9
2021-09-16,"Readings for Thursday, September 16th - Tout 6 - Coptic Lectionary - CopticChurch.net",Tout 6,9
2021-09-17,"Readings for Friday, September 17th - Tout 7 - Coptic Lectionary - CopticChurch.net",Tout 7,9
2021-09-18,"Readings for Saturday, September 18th - Tout 8 - Coptic Lectionary - CopticChurch.net",Tout 8,9
2021-09-19,"Readings for Sunday, September 19th - The second Sunday of Tout - Coptic Lectionary - CopticChurch.net",The second Sunday of Tout,9
2021-09-20,"Readings for Monday, September 20th - Tout 10 - Coptic Lectionary - CopticChurch.net",Tout 10,9
2021-09-21,"Readings for Tuesday, September 21st - Tout 11 - Coptic Lectionary - CopticChurch.net",Tout 11,9
2021-09-22,"Readings for Wednesday, September 22nd - Tout 12 - Coptic Lectionary - CopticChurch.net",Tout 12,9
2021-09-23,"Readings for Thursday, September 23rd - Tout 13 - Coptic Lectionary - CopticChurch.net",Tout 13,9
2021-09-24,"Readings for Friday, September 24th - Tout 14 - Coptic Lectionary - CopticChurch.net",Tout 14,9
2021-09-25,"Readings for Saturday, September 25th - Tout 15 - Coptic Lectionary - CopticChurch.net",Tout 15,9
2021-09-26,"Readings for Sunday, September 26th - The third Sunday of Tout - Coptic Lectionary - CopticChurch.net",The third Sunday of Tout,9
2021-09-27,"Readings for Monday, September 27th - Tout 17 (Feast of the Cross) - Coptic Lectionary - CopticChurch.net",Tout 17 (Feast of the Cross),9
2021-09-28,"Readings for Tuesday, September 28th - Tout 18 (Feast of the Cross) - Coptic Lectionary - CopticChurch.net",Tout 18 (Feast of the Cross),9
2021-09-29,"Readings for Wednesday, September 29th - Tout 19 (Feast of the Cross) - Coptic Lectionary - CopticChurch.net",Tout 19 (Feast of the Cross),9
2021-09-30,"Readings for Thursday, September 30th - Tout 20 - Coptic Lectionary - CopticChurch.net",Tout 20,9
2021-10-01,"Readings for Friday, October 1st - Tout 21 - Coptic Lectionary - CopticChurch.net",Tout 21,9
2021-10-02,"Readings for Saturday, October 2nd - Tout 22 - Coptic Lectionary - CopticChurch.net",Tout 22,9
2021-10-03,"Readings for Sunday, October 3rd - The fourth Sunday of Tout - Coptic Lectionary - CopticChurch.net",The fourth Sunday of Tout,9
2021-10-04,"Readings for Monday, October 4th - Tout 24 - Coptic Lectionary - CopticChurch.net",Tout 24,9
2021-10-05,"Readings for Tuesday, October 5th - Tout 25 - Coptic Lectionary - CopticChurch.net",Tout 25,9
2021-10-06,"Readings for Wednesday, October 6th - Tout 26 - Coptic Lectionary - CopticChurch.net",Tout 26,9
2021-10-07,"Readings for Thursday, October 7th - Tout 27 - Coptic Lectionary - CopticChurch.net",Tout 27,9
2021-10-08,"Readings for Friday, October 8th - Tout 28 - Coptic Lectionary - CopticChurch.net",Tout 28,9
2021-10-09,"Readings for Saturday, October 9th - Tout 29 - Coptic Lectionary - CopticChurch.net",Tout 29,9
2021-10-10,"Readings for Sunday, October 10th - The fifth Sunday of Tout - Coptic Lectionary - CopticChurch.net",The fifth Sunday of Tout,9
2021-10-11,"Readings for Monday, October 11th - Baba 1 - Coptic Lectionary - CopticChurch.net",Baba 1,9
2021-10-12,"Readings for Tuesday, October 12th - Baba 2 - Coptic Lectionary - CopticChurch.net",Baba 2,9
2021-10-13,"Readings for Wednesday, October 13th - Baba 3 - Coptic Lectionary - CopticChurch.net",Baba 3,9
2021-10-14,"Readings for Thursday, October 14th - Baba 4 - Coptic Lectionary - CopticChurch.net",Baba 4,9
2021-10-15,"Readings for Friday, October 15th - Baba 5 - Coptic Lectionary - CopticChurch.net",Baba 5,9
2021-10-16,"Readings for Saturday, October 16th - Baba 6 - Coptic Lectionary - CopticChurch.net",Baba 6,9
2021-10-17,"Readings for Sunday, October 17th - The first Sunday of Baba - Coptic Lectionary - CopticChurch.net",The first Sunday of Baba,9
2021-10-18,"Readings for Monday, October 18th - Baba 8 - Coptic Lectionary - CopticChurch.net",Baba 8,9
2021-10-19,"Readings for Tuesday, October 19th - Baba 9 - Coptic Lectionary - CopticChurch.net",Baba 9,9
2021-10-20,"Readings for Wednesday, October 20th - Baba 10 - Coptic Lectionary - CopticChurch.net",Baba 10,9
2021-10-21,"Readings for Thursday, October 21st - Baba 11 - Coptic Lectionary - CopticChurch.net",Baba 11,9
2021-10-22,"Readings for Friday, October 22nd - Baba 12 - Coptic Lectionary - CopticChurch.net",Baba 12,9
2021-10-23,"Readings for Saturday, October 23rd - Baba 13 - Coptic Lectionary - CopticChurch.net",Baba 13,9
2021-10-24,"Readings for Sunday, October 24th - The second Sunday of Baba - Coptic Lectionary - CopticChurch.net",The second Sunday of Baba,9
2021-10-25,"Readings for Monday, October 25th - Baba 15 - Coptic Lectionary - CopticChurch.net",Baba 15,9
2021-10-26,"Readings for Tuesday, October 26th - Baba 16 - Coptic Lectionary - CopticChurch.net",Baba 16,9
2021-10-27,"Readings for Wednesday, October 27th - Baba 17 - Coptic Lectionary - CopticChurch.net",Baba 17,9
2021-10-28,"Readings for Thursday, October 28th - Baba 18 - Coptic Lectionary - CopticChurch.net",Baba 18,9
2021-10-29,"Readings for Friday, October 29th - Baba 19 - Coptic Lectionary - CopticChurch.net",Baba 19,9
2021-10-30,"Readings for Saturday, October 30th - Baba 20 - Coptic Lectionary - CopticChurch.net",Baba 20,9
2021-10-31,"Readings for Sunday, October 31st - The third Sunday of Baba - Coptic Lectionary - CopticChurch.net",The third Sunday of Baba,9
2021-11-01,"Readings for Monday, November 1st - Baba 22 - Coptic Lectionary - CopticChurch.net",Baba 22,9
2021-11-02,"Readings for Tuesday, November 2nd - Baba 23 - Coptic Lectionary - CopticChurch.net",Baba 23,9
2021-11-03,"Readings for Wednesday, November 3rd - Baba 24 - Coptic Lectionary - CopticChurch.net",Baba 24,9
2021-11-04,"Readings for Thursday, November 4th - Baba 25 - Coptic Lectionary - CopticChurch.net",Baba 25,9
2021-11-05,"Readings for Friday, November 5th - Baba 26 - Coptic Lectionary - CopticChurch.net",Baba 26,9
2021-11-06,"Readings for Saturday, November 6th - Baba 27 - Coptic Lectionary - CopticChurch.net",Baba 27,9
2021-11-07,"Readings for Sunday, November 7th - The fourth Sunday of Baba - Coptic Lectionary - CopticChurch.net",The fourth Sunday of Baba,9
2021-11-08,"Readings for Monday, November 8th - Baba 29 - Coptic Lectionary - CopticChurch.net",Baba 29,9
2021-11-09,"Readings for Tuesday, November 9th - Baba 30 - Coptic Lectionary - CopticChurch.net",Baba 30,9
2021-11-10,"Readings for Wednesday, November 10th - Hator 1 - Coptic Lectionary - CopticChurch.net",Hator 1,9
2021-11-11,"Readings for Thursday, November 11th - Hator 2 - Coptic Lectionary - CopticChurch.net",Hator 2,9
2021-11-12,"Readings for Friday, November 12th - Hator 3 - Coptic Lectionary - CopticChurch.net",Hator 3,9
2021-11-13,"Readings for Saturday, November 13th - Hator 4 - Coptic Lectionary - CopticChurch.net",Hator 4,9
2021-11-14,"Readings for Sunday, November 14th - The first Sunday of Hator - Coptic Lectionary - CopticChurch.net",The first Sunday of Hator,9
2021-11-15,"Readings for Monday, November 15th - Hator 6 - Coptic Lectionary - CopticChurch.net",Hator 6,9
2021-11-16,"Readings for Tuesday, November 16th - Hator 7 - Coptic Lectionary - CopticChurch.net",Hator 7,9
2021-11-17,"Readings for Wednesday, November 17th - Hator 8 - Coptic Lectionary - CopticChurch.net",Hator 8,9
2021-11-18,"Readings for Thursday, November 18th - Hator 9 - Coptic Lectionary - CopticChurch.net",Hator 9,9
2021-11-19,"Readings for Friday, November 19th - Hator 10 - Coptic Lectionary - CopticChurch.net",Hator 10,9
2021-11-20,"Readings for Saturday, November 20th - Hator 11 - Coptic Lectionary - CopticChurch.net",Hator 11,9
2021-11-21,"Readings for Sunday, November 21st - The second Sunday of Hator - Coptic Lectionary - CopticChurch.net",The second Sunday of Hator,9
2021-11-22,"Readings for Monday, November 22nd - Hator 13 - Coptic Lectionary - CopticChurch.net",Hator 13,9
2021-11-23,"Readings for Tuesday, November 23rd - Hator 14 - Coptic Lectionary - CopticChurch.net",Hator 14,9
2021-11-24,"Readings for Wednesday, November 24th - Hator 15 - Coptic Lectionary - CopticChurch.net",Hator 15,9
2021-11-25,"Readings for Thursday, November 25th - Hator 16 of Christmas Fast - Coptic Lectionary - CopticChurch.net",Hator 16 of Christmas Fast,9
2021-11-26,"Readings for Friday, November 26th - Hator 17 - Coptic Lectionary - CopticChurch.net",Hator 17,9
2021-11-27,"Readings for Saturday, November 27th - Hator 18 - Coptic Lectionary - CopticChurch.net",Hator 18,9
2021-11-28,"Readings for Sunday, November 28th - The third Sunday of Hator - Coptic Lectionary - CopticChurch.net",The third Sunday of Hator,9
2021-11-29,"Readings for Monday, November 29th - Hator 20 - Coptic Lectionary - CopticChurch.net",Hator 20,9
2021-11-30,"Readings for Tuesday, November 30th - Hator 21 - Coptic Lectionary - CopticChurch.net",Hator 21,9
2021-12-01,"Readings for Wednesday, December 1st - Hator 22 - Coptic Lectionary - CopticChurch.net",Hator 22,9
2021-12-02,"Readings for Thursday, December 2nd - Hator 23 - Coptic Lectionary - CopticChurch.net",Hator 23,9
2021-12-03,"Readings for Friday, December 3rd - Hator 24 - Coptic Lectionary - CopticChurch.net",Hator 24,9
2021-12-04,"Readings for Saturday, December 4th - Hator 25 - Coptic Lectionary - CopticChurch.net",Hator 25,9
2021-12-05,"Readings for Sunday, December 5th - The fourth Sunday of Hator - Coptic Lectionary - CopticChurch.net",The fourth Sunday of Hator,9
2021-12-06,"Readings for Monday, December 6th - Hator 27 - Coptic Lectionary - CopticChurch.net",Hator 27,9
2021-12-07,"Readings for Tuesday, December 7th - Hator 28 - Coptic Lectionary - CopticChurch.net",Hator 28,9
2021-12-08,"Readings for Wednesday, December 8th - Hator 29 - Coptic Lectionary - CopticChurch.net",Hator 29,9
2021-12-09,"Readings for Thursday, December 9th - Hator 30 - Coptic Lectionary - CopticChurch.net",Hator 30,9
2021-12-10,"Readings for Friday, December 10th - Kiak 1 - Coptic Lectionary - CopticChurch.net",Kiak 1,9
2021-12-11,"Readings for Saturday, December 11th - Kiak 2 - Coptic Lectionary - CopticChurch.net",Kiak 2,9
2021-12-12,"Readings for Sunday, December 12th - The first Sunday of Kiak - Coptic Lectionary - CopticChurch.net",The first Sunday of Kiak,9
2021-12-13,"Readings for Monday, December 13th - Kiak 4 - Coptic Lectionary - CopticChurch.net",Kiak 4,9
2021-12-14,"Readings for Tuesday, December 14th - Kiak 5 - Coptic Lectionary - CopticChurch.net",Kiak 5,9
2021-12-15,"Readings for Wednesday, December 15th - Kiak 6 - Coptic Lectionary - CopticChurch.net",Kiak 6,9
2021-12-16,"Readings for Thursday, December 16th - Kiak 7 - Coptic Lectionary - CopticChurch.net",Kiak 7,9
2021-12-17,"Readings for Friday, December 17th - Kiak 8 - Coptic Lectionary - CopticChurch.net",Kiak 8,9
2021-12-18,"Readings for Saturday, December 18th - Kiak 9 - Coptic Lectionary - CopticChurch.net",Kiak 9,9
2021-12-19,"Readings for Sunday, December 19th - The second Sunday of Kiak - Coptic Lectionary - CopticChurch.net",The second Sunday of Kiak,9
2021-12-20,"Readings for Monday, December 20th - Kiak 11 - Coptic Lectionary - CopticChurch.net",Kiak 11,9
2021-12-21,"Readings for Tuesday, December 21st - Kiak 12 - Coptic Lectionary - CopticChurch.net",Kiak 12,9
2021-12-22,"Readings for Wednesday, December 22nd - Kiak 13 - Coptic Lectionary - CopticChurch.net",Kiak 13,9
2021-12-23,"Readings for Thursday, December 23rd - Kiak 14 - Coptic Lectionary - CopticChurch.net",Kiak 14,9
2021-12-24,"Readings for Friday, December 24th - Kiak 15 - Coptic Lectionary - CopticChurch.net",Kiak 15,9
2021-12-25,"Readings for Saturday, December 25th - Kiak 16 - Coptic Lectionary - CopticChurch.net",Kiak 16,9
2021-12-26,"Readings for Sunday, December 26th - The third Sunday of Kiak - Coptic Lectionary - CopticChurch.net",The third Sunday of Kiak,9
2021-12-27,"Readings for Monday, December 27th - Kiak 18 - Coptic Lectionary - CopticChurch.net",Kiak 18,9
2021-12-28,"Readings for Tuesday, December 28th - Kiak 19 - Coptic Lectionary - CopticChurch.net",Kiak 19,9
2021-12-29,"Readings for Wednesday, December 29th - Kiak 20 - Coptic Lectionary - CopticChurch.net",Kiak 20,9
2021-12-30,"Readings for Thursday, December 30th - Kiak 21 - Coptic Lectionary - CopticChurch.net",Kiak 21,9
2021-12-31,"Readings for Friday, December 31st - Kiak 22 - Coptic Lectionary - CopticChurch.net",Kiak 22,9
2022-01-01,"Readings for Saturday, January 1st - Kiak 23 - Coptic Lectionary - CopticChurch.net",Kiak 23,9
2022-01-02,"Readings for Sunday, January 2nd - The fourth Sunday of Kiak - Coptic Lectionary - CopticChurch.net",The fourth Sunday of Kiak,9
2022-01-03,"Readings for Monday, January 3rd - Kiak 25 - Coptic Lectionary - CopticChurch.net",Kiak 25,9
2022-01-04,"Readings for Tuesday, January 4th - Kiak 26 - Coptic Lectionary - CopticChurch.net",Kiak 26,9
2022-01-05,"Readings for Wednesday, January 5th - Kiak 27 - Coptic Lectionary - CopticChurch.net",Kiak 27,9
2022-01-06,"Readings for Thursday, January 6th - Christmas Paramoune - Coptic Lectionary - CopticChurch.net",Christmas Paramoune,9
2022-01-07,"Readings for Friday, January 7th - Christmas - Coptic Lectionary - CopticChurch.net",Christmas,9
2022-01-08,"Readings for Saturday, January 8th - Kiak 30 - Coptic Lectionary - CopticChurch.net",Kiak 30,9
2022-01-09,"Readings for Sunday, January 9th - The first Sunday of Toba - Coptic Lectionary - CopticChurch.net",The first Sunday of Toba,9
2022-01-10,"Readings for Monday, January 10th - Toba 2 - Coptic Lectionary - CopticChurch.net",Toba 2,9
2022-01-11,"Readings for Tuesday, January 11th - Toba 3 - Coptic Lectionary - CopticChurch.net",Toba 3,9
2022-01-12,"Readings for Wednesday, January 12th - Toba 4 - Coptic Lectionary - CopticChurch.net",Toba 4,9
2022-01-13,"Readings for Thursday, January 13th - Toba 5 - Coptic Lectionary - CopticChurch.net",Toba 5,9
2022-01-14,"Readings for Friday, January 14th - Circumcision of our Lord - Coptic Lectionary - CopticChurch.net",Circumcision of our Lord,9
2022-01-15,"Readings for Saturday, January 15th - Toba 7 - Coptic Lectionary - CopticChurch.net",Toba 7,9
2022-01-16,"Readings for Sunday, January 16th - The second Sunday of Toba - Coptic Lectionary - CopticChurch.net",The second Sunday of Toba,9
2022-01-17,"Readings for Monday, January 17th - Toba 9 - Coptic Lectionary - CopticChurch.net",Toba 9,9
2022-01-18,"Readings for Tuesday, January 18th - Epiphany Paramoune - Coptic Lectionary - CopticChurch.net",Epiphany Paramoune,9
2022-01-19,"Readings for Wednesday, January 19th - The Feast of Epiphany - Coptic Lectionary - CopticChurch.net",The Feast of Epiphany,9
2022-01-20,"Readings for Thursday, January 20th - The Second Day of Feast of Epiphany - Coptic Lectionary - CopticChurch.net",The Second Day of Feast of Epiphany,9
2022-01-21,"Readings for Friday, January 21st - Wedding of Cana - Coptic Lectionary - CopticChurch.net",Wedding of Cana,9
2022-01-22,"Readings for Saturday, January 22nd - Toba 14 - Coptic Lectionary - CopticChurch.net",Toba 14,9
2022-01-23,"Readings for Sunday, January 23rd - The third Sunday of Toba - Coptic Lectionary - CopticChurch.net",The third Sunday of Toba,9
2022-01-24,"Readings for Monday, January 24th - Toba 16 - Coptic Lectionary - CopticChurch.net",Toba 16,9
2022-01-25,"Readings for Tuesday, January 25th - Toba 17 - Coptic Lectionary - CopticChurch.net",Toba 17,9
2022-01-26,"Readings for Wednesday, January 26th - Toba 18 - Coptic Lectionary - CopticChurch.net",Toba 18,9
2022-01-27,"Readings for Thursday, January 27th - Toba 19 - Coptic Lectionary - CopticChurch.net",Toba 19,9
2022-01-28,"Readings for Friday, January 28th - Toba 20 - Coptic Lectionary - CopticChurch.net",Toba 20,9
2022-01-29,"Readings for Saturday, January 29th - Toba 21 - Coptic Lectionary - CopticChurch.net",Toba 21,9
2022-01-30,"Readings for Sunday, January 30th - The fourth Sunday of Toba - Coptic Lectionary - CopticChurch.net",The fourth Sunday of Toba,9
2022-01-31,"Readings for Monday, January 31st - Toba 23 - Coptic Lectionary - CopticChurch.net",Toba 23,9
2022-02-01,"Readings for Tuesday, February 1st - Toba 24 - Coptic Lectionary - CopticChurch.net",Toba 24,9
2022-02-02,"Readings for Wednesday, February 2nd - Toba 25 - Coptic Lectionary - CopticChurch.net",Toba 25,9
2022-02-03,"Readings for Thursday, February 3rd - Toba 26 - Coptic Lectionary - CopticChurch.net",Toba 26,9
2022-02-04,"Readings for Friday, February 4th - Toba 27 - Coptic Lectionary - CopticChurch.net",Toba 27,9
2022-02-05,"Readings for Saturday, February 5th - Toba 28 - Coptic Lectionary - CopticChurch.net",Toba 28,9
2022-02-06,"Readings for Sunday, February 6th - The fifth Sunday of Toba - Coptic Lectionary - CopticChurch.net",The fifth Sunday of Toba,9
2022-02-07,"Readings for Monday, February 7th - Toba 30 - Coptic Lectionary - CopticChurch.net",Toba 30,9
2022-02-08,"Readings for Tuesday, February 8th - Amshir 1 - Coptic Lectionary - CopticChurch.net",Amshir 1,9
2022-02-09,"Readings for Wednesday, February 9th - Amshir 2 - Coptic Lectionary - CopticChurch.net",Amshir 2,9
2022-02-10,"Readings for Thursday, February 10th - Amshir 3 - Coptic Lectionary - CopticChurch.net",Amshir 3,9
2022-02-11,"Readings for Friday, February 11th - Amshir 4 - Coptic Lectionary - CopticChurch.net",Amshir 4,9
2022-02-12,"Readings for Saturday, February 12th - Amshir 5 - Coptic Lectionary - CopticChurch.net",Amshir 5,9
2022-02-13,"Readings for Sunday, February 13th - The first Sunday of Amshir - Coptic Lectionary - CopticChurch.net",The first Sunday of Amshir,9
2022-02-14,"Readings for Monday, February 14th - Fast of Ninevah - Coptic Lectionary - CopticChurch.net",Fast of Ninevah,9
2022-02-15,"Readings for Tuesday, February 15th - Entrance into the Temple - Coptic Lectionary - CopticChurch.net",Entrance into the Temple,9
2022-02-16,"Readings for Wednesday, February 16th - Wednesday of Ninevah's Fast - Coptic Lectionary - CopticChurch.net",Wednesday of Ninevah's Fast,7
2022-02-17,"Readings for Thursday, February 17th - Jonah's Feast - Coptic Lectionary - CopticChurch.net",Jonah's Feast,7
2022-02-18,"Readings for Friday, February 18th - Amshir 11 - Coptic Lectionary - CopticChurch.net",Amshir 11,9
2022-02-19,"Readings for Saturday, February 19th - Amshir 12 - Coptic Lectionary - CopticChurch.net",Amshir 12,9
2022-02-20,"Readings for Sunday, February 20th - The second Sunday of Amshir - Coptic Lectionary - CopticChurch.net",The second Sunday of Amshir,9
2022-02-21,"Readings for Monday, February 21st - Amshir 14 - Coptic Lectionary - CopticChurch.net",Amshir 14,9
2022-02-22,"Readings for Tuesday, February 22nd - Amshir 15 - Coptic Lectionary - CopticChurch.net",Amshir 15,9
2022-02-23,"Readings for Wednesday, February 23rd - Amshir 16 - Coptic Lectionary - CopticChurch.net",Amshir 16,9
2022-02-24,"Readings for Thursday, February 24th - Amshir 17 - Coptic Lectionary - CopticChurch.net",Amshir 17,9
2022-02-25,"Readings for Friday, February 25th - Amshir 18 - Coptic Lectionary - CopticChurch.net",Amshir 18,9
2022-02-26,"Readings for Saturday, February 26th - Saturday of the week before Great Lent - Coptic Lectionary - CopticChurch.net",Saturday of the week before Great Lent,9
2022-02-27,"Readings for Sunday, February 27th - Sunday of the week before Great Lent - Coptic Lectionary - CopticChurch.net",Sunday of the week before Great Lent,9
2022-02-28,"Readings for Monday, February 28th - Great Lent - Coptic Lectionary - CopticChurch.net",Great Lent,9
2022-03-01,"Readings for Tuesday, March 1st - Tuesday of the first week of Great Lent - Coptic Lectionary - CopticChurch.net",Tuesday of the first week of Great Lent,7
2022-03-02,"Readings for Wednesday, March 2nd - Wednesday of the first week of Great Lent - Coptic Lectionary - CopticChurch.net",Wednesday of the first week of Great Lent,7
2022-03-03,"Readings for Thursday, March 3rd - Thursday of the first week of Great Lent - Coptic Lectionary - CopticChurch.net",Thursday of the first week of Great Lent,7
2022-03-04,"Readings for Friday, March 4th - Friday of the first week of Great Lent - Coptic Lectionary - CopticChurch.net",Friday of the first week of Great Lent,7
2022-03-05,"Readings for Saturday, March 5th - Saturday of the first week of Great Lent - Coptic Lectionary - CopticChurch.net",Saturday of the first week of Great Lent,7
2022-03-06,"Readings for Sunday, March 6th - Sunday of the first week of Great Lent - Coptic Lectionary - CopticChurch.net",Sunday of the first week of Great Lent,9
2022-03-07,"Readings for Monday, March 7th - Monday of the second week of Great Lent - Coptic Lectionary - CopticChurch.net",Monday of the second week of Great Lent,7
2022-03-08,"Readings for Tuesday, March 8th - Tuesday of the second week of Great Lent - Coptic Lectionary - CopticChurch.net",Tuesday of the second week of Great Lent,7
2022-03-09,"Readings for Wednesday, March 9th - Wednesday of the second week of Great Lent - Coptic Lectionary - CopticChurch.net",Wednesday of the second week of Great Lent,7
2022-03-10,"Readings for Thursday, March 10th - Thursday of the second week of Great Lent - Coptic Lectionary - CopticChurch.net",Thursday of the second week of Great Lent,7
2022-03-11,"Readings for Friday, March 11th - Friday of the second week of Great Lent - Coptic Lectionary - CopticChurch.net",Friday of the second week of Great Lent,7
2022-03-12,"Readings for Saturday, March 12th - Saturday of the second week of Great Lent - Coptic Lectionary - CopticChurch.net",Saturday of the second week of Great Lent,7
2022-03-13,"Readings for Sunday, March 13th - Sunday of the second week of Great Lent - Coptic Lectionary - CopticChurch.net",Sunday of the second week of Great Lent,9
2022-03-14,"Readings for Monday, March 14th - Monday of the third week of Great Lent - Coptic Lectionary - CopticChurch.net",Monday of the third week of Great Lent,7
2022-03-15,"Readings for Tuesday, March 15th - Tuesday of the third week of Great Lent - Coptic Lectionary - CopticChurch.net",Tuesday of the third week of Great Lent,7
2022-03-16,"Readings for Wednesday, March 16th - Wednesday of the third week of Great Lent - Coptic Lectionary - CopticChurch.net",Wednesday of the third week of Great Lent,7
2022-03-17,"Readings for Thursday, March 17th - Thursday of the third week of Great Lent - Coptic Lectionary - CopticChurch.net",Thursday of the third week of Great Lent,7
2022-03-18,"Readings for Friday, March 18th - Friday of the third week of Great Lent - Coptic Lectionary - CopticChurch.net",Friday of the third week of Great Lent,7
2022-03-19,"Readings for Saturday, March 19th - Saturday of the third week of Great Lent <br>(Feast of the Cross - Readings of 10th Baramhat) - Coptic Lectionary - CopticChurch.net",Saturday of the third week of Great Lent <br>(Feast of the Cross - Readings of 10th Baramhat),9
2022-03-20,"Readings for Sunday, March 20th - Sunday of the third week of Great Lent - Coptic Lectionary - CopticChurch.net",Sunday of the third week of Great Lent,9
2022-03-21,"Readings for Monday, March 21st - Monday of the fourth week of Great Lent - Coptic Lectionary - CopticChurch.net",Monday of the fourth week of Great Lent,7
2022-03-22,"Readings for Tuesday, March 22nd - Tuesday of the fourth week of Great Lent - Coptic Lectionary - CopticChurch.net",Tuesday of the fourth week of Great Lent,7
2022-03-23,"Readings for Wednesday, March 23rd - Wednesday of the fourth week of Great Lent - Coptic Lectionary - CopticChurch.net",Wednesday of the fourth week of Great Lent,7
2022-03-24,"Readings for Thursday, March 24th - Thursday of the fourth week of Great Lent - Coptic Lectionary - CopticChurch.net",Thursday of the fourth week of Great Lent,7
2022-03-25,"Readings for Friday, March 25th - Friday of the fourth week of Great Lent - Coptic Lectionary - CopticChurch.net",Friday of the fourth week of Great Lent,7
2022-03-26,"Readings for Saturday, March 26th - Saturday of the fourth week of Great Lent - Coptic Lectionary - CopticChurch.net",Saturday of the fourth week of Great Lent,7
2022-03-27,"Readings for Sunday, March 27th - Sunday of the fourth week of Great Lent - Coptic Lectionary - CopticChurch.net",Sunday of the fourth week of Great Lent,9
2022-03-28,"Readings for Monday, March 28th - Monday of the fifth week of Great Lent - Coptic Lectionary - CopticChurch.net",Monday of the fifth week of Great Lent,7
2022-03-29,"Readings for Tuesday, March 29th - Tuesday of the fifth week of Great Lent - Coptic Lectionary - CopticChurch.net",Tuesday of the fifth week of Great Lent,7
2022-03-30,"Readings for Wednesday, March 30th - Wednesday of the fifth week of Great Lent - Coptic Lectionary - CopticChurch.net",Wednesday of the fifth week of Great Lent,7
2022-03-31,"Readings for Thursday, March 31st - Thursday of the fifth week of Great Lent - Coptic Lectionary - CopticChurch.net",Thursday of the fifth week of Great Lent,7
2022-04-01,"Readings for Friday, April 1st - Friday of the fifth week of Great Lent - Coptic Lectionary - CopticChurch.net",Friday of the fifth week of Great Lent,7
2022-04-02,"Readings for Saturday, April 2nd - Saturday of the fifth week of Great Lent - Coptic Lectionary - CopticChurch.net",Saturday of the fifth week of Great Lent,7
2022-04-03,"Readings for Sunday, April 3rd - Sunday of the fifth week of Great Lent - Coptic Lectionary - CopticChurch.net",Sunday of the fifth week of Great Lent,9
2022-04-04,"Readings for Monday, April 4th - Monday of the sixth week of Great Lent - Coptic Lectionary - CopticChurch.net",Monday of the sixth week of Great Lent,7
2022-04-05,"Readings for Tuesday, April 5th - Tuesday of the sixth week of Great Lent - Coptic Lectionary - CopticChurch.net",Tuesday of the sixth week of Great Lent,7
2022-04-06,"Readings for Wednesday, April 6th - Wednesday of the sixth week of Great Lent - Coptic Lectionary - CopticChurch.net",Wednesday of the sixth week of Great Lent,7
2022-04-07,"Readings for Thursday, April 7th - Annunciation - Coptic Lectionary - CopticChurch.net",Annunciation,9
2022-04-08,"Readings for Friday, April 8th - Friday of the sixth week of Great Lent - Coptic Lectionary - CopticChurch.net",Friday of the sixth week of Great Lent,7
2022-04-09,"Readings for Saturday, April 9th - Saturday of the sixth week of Great Lent - Coptic Lectionary - CopticChurch.net",Saturday of the sixth week of Great Lent,7
2022-04-10,"Readings for Sunday, April 10th - Sunday of the sixth week of Great Lent - Coptic Lectionary - CopticChurch.net",Sunday of the sixth week of Great Lent,9
2022-04-11,"Readings for Monday, April 11th - Monday of the seventh week of Great Lent - Coptic Lectionary - CopticChurch.net",Monday of the seventh week of Great Lent,7
2022-04-12,"Readings for Tuesday, April 12th - Tuesday of the seventh week of Great Lent - Coptic Lectionary - CopticChurch.net",Tuesday of the seventh week of Great Lent,7
2022-04-13,"Readings for Wednesday, April 13th - Wednesday of the seventh week of Great Lent - Coptic Lectionary - CopticChurch.net",Wednesday of the seventh week of Great Lent,7
2022-04-14,"Readings for Thursday, April 14th - Thursday of the seventh week of Great Lent - Coptic Lectionary - CopticChurch.net",Thursday of the seventh week of Great Lent,7
2022-04-15,"Readings for Friday, April 15th - Friday of the seventh week of Great Lent - Coptic Lectionary - CopticChurch.net",Friday of the seventh week of Great Lent,7
2022-04-16,"Readings for Saturday, April 16th - Lazarus Saturday of Great Lent - Coptic Lectionary - CopticChurch.net",Lazarus Saturday of Great Lent,7
2022-04-17,"Readings for Sunday, April 17th - Palm Sunday - Coptic Lectionary - CopticChurch.net",Palm Sunday,9
2022-04-18,"Readings for Monday, April 18th - Monday of Holy Week - Coptic Lectionary - CopticChurch.net",Monday of Holy Week,0
2022-04-19,"Readings for Tuesday, April 19th - Tuesday of Holy Week - Coptic Lectionary - CopticChurch.net",Tuesday of Holy Week,0
2022-04-20,"Readings for Wednesday, April 20th - Wednesday of Holy Week - Coptic Lectionary - CopticChurch.net",Wednesday of Holy Week,0
2022-04-21,"Readings for Thursday, April 21st - Holy Thursday - Coptic Lectionary - CopticChurch.net",Holy Thursday,0
2022-04-22,"Readings for Friday, April 22nd - Good Friday - Coptic Lectionary - CopticChurch.net",Good Friday,0
2022-04-23,"Readings for Saturday, April 23rd - Bright Saturday - Coptic Lectionary - CopticChurch.net",Bright Saturday,0
2022-04-24,"Readings for Sunday, April 24th - The Feast of Resurrection - Coptic Lectionary - CopticChurch.net",The Feast of Resurrection,7
2022-04-25,"Readings for Monday, April 25th - Monday of the first week of the holy fifty days - Coptic Lectionary - CopticChurch.net",Monday of the first week of the holy fifty days,9
2022-04-26,"Readings for Tuesday, April 26th - Tuesday of the first week of the holy fifty days - Coptic Lectionary - CopticChurch.net",Tuesday of the first week of the holy fifty days,9
2022-04-27,"Readings for Wednesday, April 27th - Wednesday of the first week of the holy fifty days - Coptic Lectionary - CopticChurch.net",Wednesday of the first week of the holy fifty days,9
2022-04-28,"Readings for Thursday, April 28th - Thursday of the first week of the holy fifty days - Coptic Lectionary - CopticChurch.net",Thursday of the first week of the holy fifty days,9
2022-04-29,"Readings for Friday, April 29th - Friday of the first week of the holy fifty days - Coptic Lectionary - CopticChurch.net",Friday of the first week of the holy fifty days,9
2022-04-30,"Readings for Saturday, April 30th - Saturday of the first week of the holy fifty days - Coptic Lectionary - CopticChurch.net",Saturday of the first week of the holy fifty days,9
2022-05-01,"Readings for Sunday, May 1st - Thomas Sunday - Coptic Lectionary - CopticChurch.net",Thomas Sunday,9
2022-05-02,"Readings for Monday, May 2nd - Monday of the second week of the holy fifty days - Coptic Lectionary - CopticChurch.net",Monday of the second week of the holy fifty days,9
2022-05-03,"Readings for Tuesday, May 3rd - Tuesday of the second week of the holy fifty days - Coptic Lectionary - CopticChurch.net",Tuesday of the second week of the holy fifty days,9
2022-05-04,"Readings for Wednesday, May 4th - Wednesday of the second week of the holy fifty days - Coptic Lectionary - CopticChurch.net",Wednesday of the second week of the holy fifty days,9
2022-05-05,"Readings for Thursday, May 5th - Thursday of the second week of the holy fifty days - Coptic Lectionary - CopticChurch.net",Thursday of the second week of the holy fifty days,9
2022-05-06,"Readings for Friday, May 6th - Friday of the second week of the holy fifty days - Coptic Lectionary - CopticChurch.net",Friday of the second week of the holy fifty days,9
2022-05-07,"Readings for Saturday, May 7th - Saturday of the second week of the holy fifty days - Coptic Lectionary - CopticChurch.net",Saturday of the second week of the holy fifty days,9
2022-05-08,"Readings for Sunday, May 8th - Sunday of the second week of the holy fifty days - Coptic Lectionary - CopticChurch.net",Sunday of the second week of the holy fifty days,9
2022-05-09,"Readings for Monday, May 9th - Monday of the third week of the holy fifty days - Coptic Lectionary - CopticChurch.net",Monday of the third week of the holy fifty days,9
2022-05-10,"Readings for Tuesday, May 10th - Tuesday of the third week of the holy fifty days - Coptic Lectionary - CopticChurch.net",Tuesday of the third week of the holy fifty days,9
2022-05-11,"Readings for Wednesday, May 11th - Wednesday of the third week of the holy fifty days - Coptic Lectionary - CopticChurch.net",Wednesday of the third week of the holy fifty days,9
2022-05-12,"Readings for Thursday, May 12th - Thursday of the third week of the holy fifty days - Coptic Lectionary - CopticChurch.net",Thursday of the third week of the holy fifty days,9
2022-05-13,"Readings for Friday, May 13th - Friday of the third week of the holy fifty days - Coptic Lectionary - CopticChurch.net",Friday of the third week of the holy fifty days,9
2022-05-14,"Readings for Saturday, May 14th - Saturday of the third week of the holy fifty days - Coptic Lectionary - CopticChurch.net",Saturday of the third week of the holy fifty days,9
2022-05-15,"Readings for Sunday, May 15th - Sunday of the third week of the holy fifty days - Coptic Lectionary - CopticChurch.net",Sunday of the third week of the holy fifty days,9
2022-05-16,"Readings for Monday, May 16th - Monday of the fourth week of the holy fifty days - Coptic Lectionary - CopticChurch.net",Monday of the fourth week of the holy fifty days,9
2022-05-17,"Readings for Tuesday, May 17th - Tuesday of the fourth week of the holy fifty days - Coptic Lectionary - CopticChurch.net",Tuesday of the fourth week of the holy fifty days,9
2022-05-18,"Readings for Wednesday, May 18th - Wednesday of the fourth week of the holy fifty days - Coptic Lectionary - CopticChurch.net",Wednesday of the fourth week of the holy fifty days,9
2022-05-19,"Readings for Thursday, May 19th - Thursday of the fourth week of the holy fifty days - Coptic Lectionary - CopticChurch.net",Thursday of the fourth week of the holy fifty days,9
2022-05-20,"Readings for Friday, May 20th - Friday of the fourth week of the holy fifty days - Coptic Lectionary - CopticChurch.net",Friday of the fourth week of the holy fifty days,9
2022-05-21,"Readings for Saturday, May 21st - Saturday of the fourth week of the holy fifty days - Coptic Lectionary - CopticChurch.net",Saturday of the fourth week of the holy fifty days,9
2022-05-22,"Readings for Sunday, May 22nd - Sunday of the fourth week of the holy fifty days - Coptic Lectionary - CopticChurch.net",Sunday of the fourth week of the holy fifty days,9
2022-05-23,"Readings for Monday, May 23rd - Monday of the fifth week of the holy fifty days - Coptic Lectionary - CopticChurch.net",Monday of the fifth week of the holy fifty days,9
2022-05-24,"Readings for Tuesday, May 24th - Tuesday of the fifth week of the holy fifty days - Coptic Lectionary - CopticChurch.net",Tuesday of the fifth week of the holy fifty days,9
2022-05-25,"Readings for Wednesday, May 25th - Wednesday of the fifth week of the holy fifty days - Coptic Lectionary - CopticChurch.net",Wednesday of the fifth week of the holy fifty days,9
2022-05-26,"Readings for Thursday, May 26th - Thursday of the fifth week of the holy fifty days - Coptic Lectionary - CopticChurch.net",Thursday of the fifth week of the holy fifty days,9
2022-05-27,"Readings for Friday, May 27th - Friday of the fifth week of the holy fifty days - Coptic Lectionary - CopticChurch.net",Friday of the fifth week of the holy fifty days,9
2022-05-28,"Readings for Saturday, May 28th - Saturday of the fifth week of the holy fifty days - Coptic Lectionary - CopticChurch.net",Saturday of the fifth week of the holy fifty days,9
2022-05-29,"Readings for Sunday, May 29th - Sunday of the fifth week of the holy fifty days - Coptic Lectionary - CopticChurch.net",Sunday of the fifth week of the holy fifty days,9
2022-05-30,"Readings for Monday, May 30th - Monday of the sixth week of the holy fifty days - Coptic Lectionary - CopticChurch.net",Monday of the sixth week of the holy fifty days,9
2022-05-31,"Readings for Tuesday, May 31st - Tuesday of the sixth week of the holy fifty days - Coptic Lectionary - CopticChurch.net",Tuesday of the sixth week of the holy fifty days,9
2022-06-01,"Readings for Wednesday, June 1st - Wednesday of the sixth week of the holy fifty days and the Feast of Entry into Egypt - Coptic Lectionary - CopticChurch.net",Wednesday of the sixth week of the holy fifty days and the Feast of Entry into Egypt,9
2022-06-02,"Readings for Thursday, June 2nd - The Feast of the Ascension - Coptic Lectionary - CopticChurch.net",The Feast of the Ascension,9
2022-06-03,"Readings for Friday, June 3rd - Friday of the sixth week of the holy fifty days - Coptic Lectionary - CopticChurch.net",Friday of the sixth week of the holy fifty days,9
2022-06-04,"Readings for Saturday, June 4th - Saturday of the sixth week of the holy fifty days - Coptic Lectionary - CopticChurch.net",Saturday of the sixth week of the holy fifty days,9
2022-06-05,"Readings for Sunday, June 5th - Sunday of the sixth week of the holy fifty days - Coptic Lectionary - CopticChurch.net",Sunday of the sixth week of the holy fifty days,9
2022-06-06,"Readings for Monday, June 6th - Monday of the seventh week of the holy fifty days - Coptic Lectionary - CopticChurch.net",Monday of the seventh week of the holy fifty days,9
2022-06-07,"Readings for Tuesday, June 7th - Tuesday of the seventh week of the holy fifty days - Coptic Lectionary - CopticChurch.net",Tuesday of the seventh week of the holy fifty days,9
2022-06-08,"Readings for Wednesday, June 8th - Wednesday of the seventh week of the holy fifty days - Coptic Lectionary - CopticChurch.net",Wednesday of the seventh week of the holy fifty days,9
2022-06-09,"Readings for Thursday, June 9th - Thursday of the seventh week of the holy fifty days - Coptic Lectionary - CopticChurch.net",Thursday of the seventh week of the holy fifty days,9
2022-06-10,"Readings for Friday, June 10th - Friday of the seventh week of the holy fifty days - Coptic Lectionary - CopticChurch.net",Friday of the seventh week of the holy fifty days,9
2022-06-11,"Readings for Saturday, June 11th - Saturday of the seventh week of the holy fifty days - Coptic Lectionary - CopticChurch.net",Saturday of the seventh week of the holy fifty days,9
2022-06-12,"Readings for Sunday, June 12th - Pentecost - Coptic Lectionary - CopticChurch.net",Pentecost,9
2022-06-13,"Readings for Monday, June 13th - Paona 6 - Coptic Lectionary - CopticChurch.net",Paona 6,9
2022-06-14,"Readings for Tuesday, June 14th - Paona 7 - Coptic Lectionary - CopticChurch.net",Paona 7,9
2022-06-15,"Readings for Wednesday, June 15th - Paona 8 - Coptic Lectionary - CopticChurch.net",Paona 8,9
2022-06-16,"Readings for Thursday, June 16th - Paona 9 - Coptic Lectionary - CopticChurch.net",Paona 9,9
2022-06-17,"Readings for Friday, June 17th - Paona 10 - Coptic Lectionary - CopticChurch.net",Paona 10,9
2022-06-18,"Readings for Saturday, June 18th - Paona 11 - Coptic Lectionary - CopticChurch.net",Paona 11,9
2022-06-19,"Readings for Sunday, June 19th - The second Sunday of Paona - Coptic Lectionary - CopticChurch.net",The second Sunday of Paona,9
2022-06-20,"Readings for Monday, June 20th - Paona 13 - Coptic Lectionary - CopticChurch.net",Paona 13,9
2022-06-21,"Readings for Tuesday, June 21st - Paona 14 - Coptic Lectionary - CopticChurch.net",Paona 14,9
2022-06-22,"Readings for Wednesday, June 22nd - Paona 15 - Coptic Lectionary - CopticChurch.net",Paona 15,9
2022-06-23,"Readings for Thursday, June 23rd - Paona 16 - Coptic Lectionary - CopticChurch.net",Paona 16,9
2022-06-24,"Readings for Friday, June 24th - Paona 17 - Coptic Lectionary - CopticChurch.net",Paona 17,9
2022-06-25,"Readings for Saturday, June 25th - Paona 18 - Coptic Lectionary - CopticChurch.net",Paona 18,9
2022-06-26,"Readings for Sunday, June 26th - The third Sunday of Paona - Coptic Lectionary - CopticChurch.net",The third Sunday of Paona,9
2022-06-27,"Readings for Monday, June 27th - Paona 20 - Coptic Lectionary - CopticChurch.net",Paona 20,9
2022-06-28,"Readings for Tuesday, June 28th - Paona 21 - Coptic Lectionary - CopticChurch.net",Paona 21,9
2022-06-29,"Readings for Wednesday, June 29th - Paona 22 - Coptic Lectionary - CopticChurch.net",Paona 22,9
2022-06-30,"Readings for Thursday, June 30th - Paona 23 - Coptic Lectionary - CopticChurch.net",Paona 23,9
2022-07-01,"Readings for Friday, July 1st - Paona 24 - Coptic Lectionary - CopticChurch.net",Paona 24,9
2022-07-02,"Readings for Saturday, July 2nd - Paona 25 - Coptic Lectionary - CopticChurch.net",Paona 25,9
2022-07-03,"Readings for Sunday, July 3rd - The fourth Sunday of Paona - Coptic Lectionary - CopticChurch.net",The fourth Sunday of Paona,9
2022-07-04,"Readings for Monday, July 4th - Paona 27 - Coptic Lectionary - CopticChurch.net",Paona 27,9
2022-07-05,"Readings for Tuesday, July 5th - Paona 28 - Coptic Lectionary - CopticChurch.net",Paona 28,9
2022-07-06,"Readings for Wednesday, July 6th - Paona 29 - Coptic Lectionary - CopticChurch.net",Paona 29,9
2022-07-07,"Readings for Thursday, July 7th - Paona 30 - Coptic Lectionary - CopticChurch.net",Paona 30,9
2022-07-08,"Readings for Friday, July 8th - Abib 1 - Coptic Lectionary - CopticChurch.net",Abib 1,9
2022-07-09,"Readings for Saturday, July 9th - Abib 2 - Coptic Lectionary - CopticChurch.net",Abib 2,9
2022-07-10,"Readings for Sunday, July 10th - The first Sunday of Abib - Coptic Lectionary - CopticChurch.net",The first Sunday of Abib,9
2022-07-11,"Readings for Monday, July 11th - Abib 4 - Coptic Lectionary - CopticChurch.net",Abib 4,9
2022-07-12,"Readings for Tuesday, July 12th - Abib 5 (Apostle's Feast) - Coptic Lectionary - CopticChurch.net",Abib 5 (Apostle's Feast),9
2022-07-13,"Readings for Wednesday, July 13th - Abib 6 - Coptic Lectionary - CopticChurch.net",Abib 6,9
2022-07-14,"Readings for Thursday, July 14th - Abib 7 - Coptic Lectionary - CopticChurch.net",Abib 7,9
2022-07-15,"Readings for Friday, July 15th - Abib 8 - Coptic Lectionary - CopticChurch.net",Abib 8,9
2022-07-16,"Readings for Saturday, July 16th - Abib 9 - Coptic Lectionary - CopticChurch.net",Abib 9,9
2022-07-17,"Readings for Sunday, July 17th - The second Sunday of Abib - Coptic Lectionary - CopticChurch.net",The second Sunday of Abib,9
2022-07-18,"Readings for Monday, July 18th - Abib 11 - Coptic Lectionary - CopticChurch.net",Abib 11,9
2022-07-19,"Readings for Tuesday, July 19th - Abib 12 - Coptic Lectionary - CopticChurch.net",Abib 12,9
2022-07-20,"Readings for Wednesday, July 20th - Abib 13 - Coptic Lectionary - CopticChurch.net",Abib 13,9
2022-07-21,"Readings for Thursday, July 21st - Abib 14 - Coptic Lectionary - CopticChurch.net",Abib 14,9
2022-07-22,"Readings for Friday, July 22nd - Abib 15 - Coptic Lectionary - CopticChurch.net",Abib 15,9
2022-07-23,"Readings for Saturday, July 23rd - Abib 16 - Coptic Lectionary - CopticChurch.net",Abib 16,9
2022-07-24,"Readings for Sunday, July 24th - The third Sunday of Abib - Coptic Lectionary - CopticChurch.net",The third Sunday of Abib,9
2022-07-25,"Readings for Monday, July 25th - Abib 18 - Coptic Lectionary - CopticChurch.net",Abib 18,9
2022-07-26,"Readings for Tuesday, July 26th - Abib 19 - Coptic Lectionary - CopticChurch.net",Abib 19,9
2022-07-27,"Readings for Wednesday, July 27th - Abib 20 - Coptic Lectionary - CopticChurch.net",Abib 20,9
2022-07-28,"Readings for Thursday, July 28th - Abib 21 - Coptic Lectionary - CopticChurch.net",Abib 21,9
2022-07-29,"Readings for Friday, July 29th - Abib 22 - Coptic Lectionary - CopticChurch.net",Abib 22,9
2022-07-30,"Readings for Saturday, July 30th - Abib 23 - Coptic Lectionary - CopticChurch.net",Abib 23,9
2022-07-31,"Readings for Sunday, July 31st - The fourth Sunday of Abib - Coptic Lectionary - CopticChurch.net",The fourth Sunday of Abib,9
2022-08-01,"Readings for Monday, August 1st - Abib 25 - Coptic Lectionary - CopticChurch.net",Abib 25,9
2022-08-02,"Readings for Tuesday, August 2nd - Abib 26 - Coptic Lectionary - CopticChurch.net",Abib 26,9
2022-08-03,"Readings for Wednesday, August 3rd - Abib 27 - Coptic Lectionary - CopticChurch.net",Abib 27,9
2022-08-04,"Readings for Thursday, August 4th - Abib 28 - Coptic Lectionary - CopticChurch.net",Abib 28,9
2022-08-05,"Readings for Friday, August 5th - Abib 29 - Coptic Lectionary - CopticChurch.net",Abib 29,9
2022-08-06,"Readings for Saturday, August 6th - Abib 30 - Coptic Lectionary - CopticChurch.net",Abib 30,9
2022-08-07,"Readings for Sunday, August 7th - St Mary's Fast - Coptic Lectionary - CopticChurch.net",St Mary's Fast,9
2022-08-08,"Readings for Monday, August 8th - Mesra 2 - Coptic Lectionary - CopticChurch.net",Mesra 2,9
2022-08-09,"Readings for Tuesday, August 9th - Mesra 3 - Coptic Lectionary - CopticChurch.net",Mesra 3,9
2022-08-10,"Readings for Wednesday, August 10th - Mesra 4 - Coptic Lectionary - CopticChurch.net",Mesra 4,9
2022-08-11,"Readings for Thursday, August 11th - Mesra 5 - Coptic Lectionary - CopticChurch.net",Mesra 5,9
2022-08-12,"Readings for Friday, August 12th - Mesra 6 - Coptic Lectionary - CopticChurch.net",Mesra 6,9
2022-08-13,"Readings for Saturday, August 13th - Mesra 7 - Coptic Lectionary - CopticChurch.net",Mesra 7,9
2022-08-14,"Readings for Sunday, August 14th - The second Sunday of Mesra - Coptic Lectionary - CopticChurch.net",The second Sunday of Mesra,9
2022-08-15,"Readings for Monday, August 15th - Mesra 9 - Coptic Lectionary - CopticChurch.net",Mesra 9,9
2022-08-16,"Readings for Tuesday, August 16th - Mesra 10 - Coptic Lectionary - CopticChurch.net",Mesra 10,9
2022-08-17,"Readings for Wednesday, August 17th - Mesra 11 - Coptic Lectionary - CopticChurch.net",Mesra 11,9
2022-08-18,"Readings for Thursday, August 18th - Mesra 12 - Coptic Lectionary - CopticChurch.net",Mesra 12,9
2022-08-19,"Readings for Friday, August 19th - Transfiguration - Coptic Lectionary - CopticChurch.net",Transfiguration,9
2022-08-20,"Readings for Saturday, August 20th - Mesra 14 - Coptic Lectionary - CopticChurch.net",Mesra 14,9
2022-08-21,"Readings for Sunday, August 21st - The third Sunday of Mesra - Coptic Lectionary - CopticChurch.net",The third Sunday of Mesra,9
2022-08-22,"Readings for Monday, August 22nd - Mesra 16 (St Mary's Feast) - Coptic Lectionary - CopticChurch.net",Mesra 16 (St Mary's Feast),9
2022-08-23,"Readings for Tuesday, August 23rd - Mesra 17 - Coptic Lectionary - CopticChurch.net",Mesra 17,9
2022-08-24,"Readings for Wednesday, August 24th - Mesra 18 - Coptic Lectionary - CopticChurch.net",Mesra 18,9
2022-08-25,"Readings for Thursday, August 25th - Mesra 19 - Coptic Lectionary - CopticChurch.net",Mesra 19,9
2022-08-26,"Readings for Friday, August 26th - Mesra 20 - Coptic Lectionary - CopticChurch.net",Mesra 20,9
2022-08-27,"Readings for Saturday, August 27th - Mesra 21 - Coptic Lectionary - CopticChurch.net",Mesra 21,9
2022-08-28,"Readings for Sunday, August 28th - The fourth Sunday of Mesra - Coptic Lectionary - CopticChurch.net",The fourth Sunday of Mesra,9
2022-08-29,"Readings for Monday, August 29th - Mesra 23 - Coptic Lectionary - CopticChurch.net",Mesra 23,9
2022-08-30,"Readings for Tuesday, August 30th - Mesra 24 - Coptic Lectionary - CopticChurch.net",Mesra 24,9
2022-08-31,"Readings for Wednesday, August 31st - Mesra 25 - Coptic Lectionary - CopticChurch.net",Mesra 25,9
2022-09-01,"Readings for Thursday, September 1st - Mesra 26 - Coptic Lectionary - CopticChurch.net",Mesra 26,9
2022-09-02,"Readings for Friday, September 2nd - Mesra 27 - Coptic Lectionary - CopticChurch.net",Mesra 27,9
2022-09-03,"Readings for Saturday, September 3rd - Mesra 28 - Coptic Lectionary - CopticChurch.net",Mesra 28,9
2022-09-04,"Readings for Sunday, September 4th - The fifth Sunday of Mesra (Readings of 29th Baramhat) - Coptic Lectionary - CopticChurch.net",The fifth Sunday of Mesra (Readings of 29th Baramhat),9
2022-09-05,"Readings for Monday, September 5th - Mesra 30 - Coptic Lectionary - CopticChurch.net",Mesra 30,9
2022-09-06,"Readings for Tuesday, September 6th - Nasie 1 - Coptic Lectionary - CopticChurch.net",Nasie 1,9
2022-09-07,"Readings for Wednesday, September 7th - Nasie 2 - Coptic Lectionary - CopticChurch.net",Nasie 2,9
2022-09-08,"Readings for Thursday, September 8th - Nasie 3 - Coptic Lectionary - CopticChurch.net",Nasie 3,9
2022-09-09,"Readings for Friday, September 9th - Nasie 4 - Coptic Lectionary - CopticChurch.net",Nasie 4,9
2022-09-10,"Readings for Saturday, September 10th - Nasie 5 - Coptic Lectionary - CopticChurch.net",Nasie 5,9
2022-09-11,"Readings for Sunday, September 11th -  Feast of Nayrouz - (Readings of the First of Tut) - Coptic Lectionary - CopticChurch.net",Feast of Nayrouz - (Readings of the First of Tut),9
2022-09-12,"Readings for Monday, September 12th - Tout 2 - Coptic Lectionary - CopticChurch.net",Tout 2,9
2022-09-13,"Readings for Tuesday, September 13th - Tout 3 - Coptic Lectionary - CopticChurch.net",Tout 3,9
2022-09-14,"Readings for Wednesday, September 14th - Tout 4 - Coptic Lectionary - CopticChurch.net",Tout 4,9
2022-09-15,"Readings for Thursday, September 15th - Tout 5 - Coptic Lectionary - CopticChurch.net",Tout 5,9
2022-09-16,"Readings for Friday, September 16th - Tout 6 - Coptic Lectionary - CopticChurch.net",Tout 6,9
2022-09-17,"Readings for Saturday, September 17th - Tout 7 - Coptic Lectionary - CopticChurch.net",Tout 7,9
2022-09-18,"Readings for Sunday, September 18th - The first Sunday of Tout - Coptic Lectionary - CopticChurch.net",The first Sunday of Tout,9
2022-09-19,"Readings for Monday, September 19th - Tout 9 - Coptic Lectionary - CopticChurch.net",Tout 9,9
2022-09-20,"Readings for Tuesday, September 20th - Tout 10 - Coptic Lectionary - CopticChurch.net",Tout 10,9
2022-09-21,"Readings for Wednesday, September 21st - Tout 11 - Coptic Lectionary - CopticChurch.net",Tout 11,9
2022-09-22,"Readings for Thursday, September 22nd - Tout 12 - Coptic Lectionary - CopticChurch.net",Tout 12,9
2022-09-23,"Readings for Friday, September 23rd - Tout 13 - Coptic Lectionary - CopticChurch.net",Tout 13,9
2022-09-24,"Readings for Saturday, September 24th - Tout 14 - Coptic Lectionary - CopticChurch.net",Tout 14,9
2022-09-25,"Readings for Sunday, September 25th - The second Sunday of Tout - Coptic Lectionary - CopticChurch.net",The second Sunday of Tout,9
2022-09-26,"Readings for Monday, September 26th - Tout 16 - Coptic Lectionary - CopticChurch.net",Tout 16,9
2022-09-27,"Readings for Tuesday, September 27th - Tout 17 (Feast of the Cross) - Coptic Lectionary - CopticChurch.net",Tout 17 (Feast of the Cross),9
2022-09-28,"Readings for Wednesday, September 28th - Tout 18 (Feast of the Cross) - Coptic Lectionary - CopticChurch.net",Tout 18 (Feast of the Cross),9
2022-09-29,"Readings for Thursday, September 29th - Tout 19 (Feast of the Cross) - Coptic Lectionary - CopticChurch.net",Tout 19 (Feast of the Cross),9
2022-09-30,"Readings for Friday, September 30th - Tout 20 - Coptic Lectionary - CopticChurch.net",Tout 20,9
2022-10-01,"Readings for Saturday, October 1st - Tout 21 - Coptic Lectionary - CopticChurch.net",Tout 21,9
2022-10-02,"Readings for Sunday, October 2nd - The third Sunday of Tout - Coptic Lectionary - CopticChurch.net",The third Sunday of Tout,9
2022-10-03,"Readings for Monday, October 3rd - Tout 23 - Coptic Lectionary - CopticChurch.net",Tout 23,9
2022-10-04,"Readings for Tuesday, October 4th - Tout 24 - Coptic Lectionary - CopticChurch.net",Tout 24,9
2022-10-05,"Readings for Wednesday, October 5th - Tout 25 - Coptic Lectionary - CopticChurch.net",Tout 25,9
2022-10-06,"Readings for Thursday, October 6th - Tout 26 - Coptic Lectionary - CopticChurch.net",Tout 26,9
2022-10-07,"Readings for Friday, October 7th - Tout 27 - Coptic Lectionary - CopticChurch.net",Tout 27,9
2022-10-08,"Readings for Saturday, October 8th - Tout 28 - Coptic Lectionary - CopticChurch.net",Tout 28,9
2022-10-09,"Readings for Sunday, October 9th - The fourth Sunday of Tout - Coptic Lectionary - CopticChurch.net",The fourth Sunday of Tout,9
2022-10-10,"Readings for Monday, October 10th - Tout 30 - Coptic Lectionary - CopticChurch.net",Tout 30,9
2022-10-11,"Readings for Tuesday, October 11th - Baba 1 - Coptic Lectionary - CopticChurch.net",Baba 1,9
2022-10-12,"Readings for Wednesday, October 12th - Baba 2 - Coptic Lectionary - CopticChurch.net",Baba 2,9
2022-10-13,"Readings for Thursday, October 13th - Baba 3 - Coptic Lectionary - CopticChurch.net",Baba 3,9
2022-10-14,"Readings for Friday, October 14th - Baba 4 - Coptic Lectionary - CopticChurch.net",Baba 4,9
2022-10-15,"Readings for Saturday, October 15th - Baba 5 - Coptic Lectionary - CopticChurch.net",Baba 5,9
2022-10-16,"Readings for Sunday, October 16th - The first Sunday of Baba - Coptic Lectionary - CopticChurch.net",The first Sunday of Baba,9
2022-10-17,"Readings for Monday, October 17th - Baba 7 - Coptic Lectionary - CopticChurch.net",Baba 7,9
2022-10-18,"Readings for Tuesday, October 18th - Baba 8 - Coptic Lectionary - CopticChurch.net",Baba 8,9
2022-10-19,"Readings for Wednesday, October 19th - Baba 9 - Coptic Lectionary - CopticChurch.net",Baba 9,9
2022-10-20,"Readings for Thursday, October 20th - Baba 10 - Coptic Lectionary - CopticChurch.net",Baba 10,9
2022-10-21,"Readings for Friday, October 21st - Baba 11 - Coptic Lectionary - CopticChurch.net",Baba 11,9
2022-10-22,"Readings for Saturday, October 22nd - Baba 12 - Coptic Lectionary - CopticChurch.net",Baba 12,9
2022-10-23,"Readings for Sunday, October 23rd - The second Sunday of Baba - Coptic Lectionary - CopticChurch.net",The second Sunday of Baba,9
2022-10-24,"Readings for Monday, October 24th - Baba 14 - Coptic Lectionary - CopticChurch.net",Baba 14,9
2022-10-25,"Readings for Tuesday, October 25th - Baba 15 - Coptic Lectionary - CopticChurch.net",Baba 15,9
2022-10-26,"Readings for Wednesday, October 26th - Baba 16 - Coptic Lectionary - CopticChurch.net",Baba 16,9
2022-10-27,"Readings for Thursday, October 27th - Baba 17 - Coptic Lectionary - CopticChurch.net",Baba 17,9
2022-10-28,"Readings for Friday, October 28th - Baba 18 - Coptic Lectionary - CopticChurch.net",Baba 18,9
2022-10-29,"Readings for Saturday, October 29th - Baba 19 - Coptic Lectionary - CopticChurch.net",Baba 19,9
2022-10-30,"Readings for Sunday, October 30th - The third Sunday of Baba - Coptic Lectionary - CopticChurch.net",The third Sunday of Baba,9
2022-10-31,"Readings for Monday, October 31st - Baba 21 - Coptic Lectionary - CopticChurch.net",Baba 21,9
2022-11-01,"Readings for Tuesday, November 1st - Baba 22 - Coptic Lectionary - CopticChurch.net",Baba 22,9
2022-11-02,"Readings for Wednesday, November 2nd - Baba 23 - Coptic Lectionary - CopticChurch.net",Baba 23,9
2022-11-03,"Readings for Thursday, November 3rd - Baba 24 - Coptic Lectionary - CopticChurch.net",Baba 24,9
2022-11-04,"Readings for Friday, November 4th - Baba 25 - Coptic Lectionary - CopticChurch.net",Baba 25,9
2022-11-05,"Readings for Saturday, November 5th - Baba 26 - Coptic Lectionary - CopticChurch.net",Baba 26,9
2022-11-06,"Readings for Sunday, November 6th - The fourth Sunday of Baba - Coptic Lectionary - CopticChurch.net",The fourth Sunday of Baba,9
2022-11-07,"Readings for Monday, November 7th - Baba 28 - Coptic Lectionary - CopticChurch.net",Baba 28,9
2022-11-08,"Readings for Tuesday, November 8th - Baba 29 - Coptic Lectionary - CopticChurch.net",Baba 29,9
2022-11-09,"Readings for Wednesday, November 9th - Baba 30 - Coptic Lectionary - CopticChurch.net",Baba 30,9
2022-11-10,"Readings for Thursday, November 10th - Hator 1 - Coptic Lectionary - CopticChurch.net",Hator 1,9
2022-11-11,"Readings for Friday, November 11th - Hator 2 - Coptic Lectionary - CopticChurch.net",Hator 2,9
2022-11-12,"Readings for Saturday, November 12th - Hator 3 - Coptic Lectionary - CopticChurch.net",Hator 3,9
2022-11-13,"Readings for Sunday, November 13th - The first Sunday of Hator - Coptic Lectionary - CopticChurch.net",The first Sunday of Hator,9
2022-11-14,"Readings for Monday, November 14th - Hator 5 - Coptic Lectionary - CopticChurch.net",Hator 5,9
2022-11-15,"Readings for Tuesday, November 15th - Hator 6 - Coptic Lectionary - CopticChurch.net",Hator 6,9
2022-11-16,"Readings for Wednesday, November 16th - Hator 7 - Coptic Lectionary - CopticChurch.net",Hator 7,9
2022-11-17,"Readings for Thursday, November 17th - Hator 8 - Coptic Lectionary - CopticChurch.net",Hator 8,9
2022-11-18,"Readings for Friday, November 18th - Hator 9 - Coptic Lectionary - CopticChurch.net",Hator 9,9
2022-11-19,"Readings for Saturday, November 19th - Hator 10 - Coptic Lectionary - CopticChurch.net",Hator 10,9
2022-11-20,"Readings for Sunday, November 20th - The second Sunday of Hator - Coptic Lectionary - CopticChurch.net",The second Sunday of Hator,9
2022-11-21,"Readings for Monday, November 21st - Hator 12 - Coptic Lectionary - CopticChurch.net",Hator 12,9
2022-11-22,"Readings for Tuesday, November 22nd - Hator 13 - Coptic Lectionary - CopticChurch.net",Hator 13,9
2022-11-23,"Readings for Wednesday, November 23rd - Hator 14 - Coptic Lectionary - CopticChurch.net",Hator 14,9
2022-11-24,"Readings for Thursday, November 24th - Hator 15 - Coptic Lectionary - CopticChurch.net",Hator 15,9
2022-11-25,"Readings for Friday, November 25th - Hator 16 of Christmas Fast - Coptic Lectionary - CopticChurch.net",Hator 16 of Christmas Fast,9
2022-11-26,"Readings for Saturday, November 26th - Hator 17 - Coptic Lectionary - CopticChurch.net",Hator 17,9
2022-11-27,"Readings for Sunday, November 27th - The third Sunday of Hator - Coptic Lectionary - CopticChurch.net",The third Sunday of Hator,9
2022-11-28,"Readings for Monday, November 28th - Hator 19 - Coptic Lectionary - CopticChurch.net",Hator 19,9
2022-11-29,"Readings for Tuesday, November 29th - Hator 20 - Coptic Lectionary - CopticChurch.net",Hator 20,9
2022-11-30,"Readings for Wednesday, November 30th - Hator 21 - Coptic Lectionary - CopticChurch.net",Hator 21,9
2022-12-01,"Readings for Thursday, December 1st - Hator 22 - Coptic Lectionary - CopticChurch.net",Hator 22,9
2022-12-02,"Readings for Friday, December 2nd - Hator 23 - Coptic Lectionary - CopticChurch.net",Hator 23,9
2022-12-03,"Readings for Saturday, December 3rd - Hator 24 - Coptic Lectionary - CopticChurch.net",Hator 24,9
2022-12-04,"Readings for Sunday, December 4th - The fourth Sunday of Hator - Coptic Lectionary - CopticChurch.net",The fourth Sunday of Hator,9
2022-12-05,"Readings for Monday, December 5th - Hator 26 - Coptic Lectionary - CopticChurch.net",Hator 26,9
2022-12-06,"Readings for Tuesday, December 6th - Hator 27 - Coptic Lectionary - CopticChurch.net",Hator 27,9
2022-12-07,"Readings for Wednesday, December 7th - Hator 28 - Coptic Lectionary - CopticChurch.net",Hator 28,9
2022-12-08,"Readings for Thursday, December 8th - Hator 29 - Coptic Lectionary - CopticChurch.net",Hator 29,9
2022-12-09,"Readings for Friday, December 9th - Hator 30 - Coptic Lectionary - CopticChurch.net",Hator 30,9
2022-12-10,"Readings for Saturday, December 10th - Kiak 1 - Coptic Lectionary - CopticChurch.net",Kiak 1,9
2022-12-11,"Readings for Sunday, December 11th - The first Sunday of Kiak - Coptic Lectionary - CopticChurch.net",The first Sunday of Kiak,9
2022-12-12,"Readings for Monday, December 12th - Kiak 3 - Coptic Lectionary - CopticChurch.net",Kiak 3,9
2022-12-13,"Readings for Tuesday, December 13th - Kiak 4 - Coptic Lectionary - CopticChurch.net",Kiak 4,9
2022-12-14,"Readings for Wednesday, December 14th - Kiak 5 - Coptic Lectionary - CopticChurch.net",Kiak 5,9
2022-12-15,"Readings for Thursday, December 15th - Kiak 6 - Coptic Lectionary - CopticChurch.net",Kiak 6,9
2022-12-16,"Readings for Friday, December 16th - Kiak 7 - Coptic Lectionary - CopticChurch.net",Kiak 7,9
2022-12-17,"Readings for Saturday, December 17th - Kiak 8 - Coptic Lectionary - CopticChurch.net",Kiak 8,9
2022-12-18,"Readings for Sunday, December 18th - The second Sunday of Kiak - Coptic Lectionary - CopticChurch.net",The second Sunday of Kiak,9
2022-12-19,"Readings for Monday, December 19th - Kiak 10 - Coptic Lectionary - CopticChurch.net",Kiak 10,9
2022-12-20,"Readings for Tuesday, December 20th - Kiak 11 - Coptic Lectionary - CopticChurch.net",Kiak 11,9
2022-12-21,"Readings for Wednesday, December 21st - Kiak 12 - Coptic Lectionary - CopticChurch.net",Kiak 12,9
2022-12-22,"Readings for Thursday, December 22nd - Kiak 13 - Coptic Lectionary - CopticChurch.net",Kiak 13,9
2022-12-23,"Readings for Friday, December 23rd - Kiak 14 - Coptic Lectionary - CopticChurch.net",Kiak 14,9
2022-12-24,"Readings for Saturday, December 24th - Kiak 15 - Coptic Lectionary - CopticChurch.net",Kiak 15,9
2022-12-25,"Readings for Sunday, December 25th - The third Sunday of Kiak - Coptic Lectionary - CopticChurch.net",The third Sunday of Kiak,9
2022-12-26,"Readings for Monday, December 26th - Kiak 17 - Coptic Lectionary - CopticChurch.net",Kiak 17,9
2022-12-27,"Readings for Tuesday, December 27th - Kiak 18 - Coptic Lectionary - CopticChurch.net",Kiak 18,9
2022-12-28,"Readings for Wednesday, December 28th - Kiak 19 - Coptic Lectionary - CopticChurch.net",Kiak 19,9
2022-12-29,"Readings for Thursday, December 29th - Kiak 20 - Coptic Lectionary - CopticChurch.net",Kiak 20,9
2022-12-30,"Readings for Friday, December 30th - Kiak 21 - Coptic Lectionary - CopticChurch.net",Kiak 21,9
2022-12-31,"Readings for Saturday, December 31st - Kiak 22 - Coptic Lectionary - CopticChurch.net",Kiak 22,9
2023-01-01,"Readings for Sunday, January 1st - The fourth Sunday of Kiak - Coptic Lectionary - CopticChurch.net",The fourth Sunday of Kiak,9
2023-01-02,"Readings for Monday, January 2nd - Kiak 24 - Coptic Lectionary - CopticChurch.net",Kiak 24,9
2023-01-03,"Readings for Tuesday, January 3rd - Kiak 25 - Coptic Lectionary - CopticChurch.net",Kiak 25,9
2023-01-04,"Readings for Wednesday, January 4th - Kiak 26 - Coptic Lectionary - CopticChurch.net",Kiak 26,9
2023-01-05,"Readings for Thursday, January 5th - Kiak 27 - Coptic Lectionary - CopticChurch.net",Kiak 27,9
2023-01-06,"Readings for Friday, January 6th - Christmas Paramoune - Coptic Lectionary - CopticChurch.net",Christmas Paramoune,9
2023-01-07,"Readings for Saturday, January 7th - Christmas - Coptic Lectionary - CopticChurch.net",Christmas,9
2023-01-08,"Readings for Sunday, January 8th - The fifth Sunday of Kiak - Coptic Lectionary - CopticChurch.net",The fifth Sunday of Kiak,9
2023-01-09,"Readings for Monday, January 9th - Toba 1 - Coptic Lectionary - CopticChurch.net",Toba 1,9
2023-01-10,"Readings for Tuesday, January 10th - Toba 2 - Coptic Lectionary - CopticChurch.net",Toba 2,9
2023-01-11,"Readings for Wednesday, January 11th - Toba 3 - Coptic Lectionary - CopticChurch.net",Toba 3,9
2023-01-12,"Readings for Thursday, January 12th - Toba 4 - Coptic Lectionary - CopticChurch.net",Toba 4,9
2023-01-13,"Readings for Friday, January 13th - Toba 5 - Coptic Lectionary - CopticChurch.net",Toba 5,9
2023-01-14,"Readings for Saturday, January 14th - Circumcision of our Lord - Coptic Lectionary - CopticChurch.net",Circumcision of our Lord,9
2023-01-15,"Readings for Sunday, January 15th - The first Sunday of Toba - Coptic Lectionary - CopticChurch.net",The first Sunday of Toba,9
2023-01-16,"Readings for Monday, January 16th - Toba 8 - Coptic Lectionary - CopticChurch.net",Toba 8,9
2023-01-17,"Readings for Tuesday, January 17th - Toba 9 - Coptic Lectionary - CopticChurch.net",Toba 9,9
2023-01-18,"Readings for Wednesday, January 18th - Epiphany Paramoune - Coptic Lectionary - CopticChurch.net",Epiphany Paramoune,9
2023-01-19,"Readings for Thursday, January 19th - The Feast of Epiphany - Coptic Lectionary - CopticChurch.net",The Feast of Epiphany,9
2023-01-20,"Readings for Friday, January 20th - The Second Day of Feast of Epiphany - Coptic Lectionary - CopticChurch.net",The Second Day of Feast of Epiphany,9
2023-01-21,"Readings for Saturday, January 21st - Wedding of Cana - Coptic Lectionary - CopticChurch.net",Wedding of Cana,9
2023-01-22,"Readings for Sunday, January 22nd - The second Sunday of Toba - Coptic Lectionary - CopticChurch.net",The second Sunday of Toba,9
2023-01-23,"Readings for Monday, January 23rd - Toba 15 - Coptic Lectionary - CopticChurch.net",Toba 15,9
2023-01-24,"Readings for Tuesday, January 24th - Toba 16 - Coptic Lectionary - CopticChurch.net",Toba 16,9
2023-01-25,"Readings for Wednesday, January 25th - Toba 17 - Coptic Lectionary - CopticChurch.net",Toba 17,9
2023-01-26,"Readings for Thursday, January 26th - Toba 18 - Coptic Lectionary - CopticChurch.net",Toba 18,9
2023-01-27,"Readings for Friday, January 27th - Toba 19 - Coptic Lectionary - CopticChurch.net",Toba 19,9
2023-01-28,"Readings for Saturday, January 28th - Toba 20 - Coptic Lectionary - CopticChurch.net",Toba 20,9
2023-01-29,"Readings for Sunday, January 29th - The third Sunday of Toba - Coptic Lectionary - CopticChurch.net",The third Sunday of Toba,9
2023-01-30,"Readings for Monday, January 30th - Toba 22 - Coptic Lectionary - CopticChurch.net",Toba 22,9
2023-01-31,"Readings for Tuesday, January 31st - Toba 23 - Coptic Lectionary - CopticChurch.net",Toba 23,9
2023-02-01,"Readings for Wednesday, February 1st - Toba 24 - Coptic Lectionary - CopticChurch.net",Toba 24,9
2023-02-02,"Readings for Thursday, February 2nd - Toba 25 - Coptic Lectionary - CopticChurch.net",Toba 25,9
2023-02-03,"Readings for Friday, February 3rd - Toba 26 - Coptic Lectionary - CopticChurch.net",Toba 26,9
2023-02-04,"Readings for Saturday, February 4th - Toba 27 - Coptic Lectionary - CopticChurch.net",Toba 27,9
2023-02-05,"Readings for Sunday, February 5th - The fourth Sunday of Toba - Coptic Lectionary - CopticChurch.net",The fourth Sunday of Toba,9
2023-02-06,"Readings for Monday, February 6th - Fast of Ninevah - Coptic Lectionary - CopticChurch.net",Fast of Ninevah,9
2023-02-07,"Readings for Tuesday, February 7th - Tuesday of Ninevah's Fast - Coptic Lectionary - CopticChurch.net",Tuesday of Ninevah's Fast,7
2023-02-08,"Readings for Wednesday, February 8th - Wednesday of Ninevah's Fast - Coptic Lectionary - CopticChurch.net",Wednesday of Ninevah's Fast,7
2023-02-09,"Readings for Thursday, February 9th - Jonah's Feast - Coptic Lectionary - CopticChurch.net",Jonah's Feast,7
2023-02-10,"Readings for Friday, February 10th - Amshir 3 - Coptic Lectionary - CopticChurch.net",Amshir 3,9
2023-02-11,"Readings for Saturday, February 11th - Amshir 4 - Coptic Lectionary - CopticChurch.net",Amshir 4,9
2023-02-12,"Readings for Sunday, February 12th - The first Sunday of Amshir - Coptic Lectionary - CopticChurch.net",The first Sunday of Amshir,9
2023-02-13,"Readings for Monday, February 13th - Amshir 6 - Coptic Lectionary - CopticChurch.net",Amshir 6,9
2023-02-14,"Readings for Tuesday, February 14th - Amshir 7 - Coptic Lectionary - CopticChurch.net",Amshir 7,9
2023-02-15,"Readings for Wednesday, February 15th - Entrance into the Temple - Coptic Lectionary - CopticChurch.net",Entrance into the Temple,9
2023-02-16,"Readings for Thursday, February 16th - Amshir 9 - Coptic Lectionary - CopticChurch.net",Amshir 9,9
2023-02-17,"Readings for Friday, February 17th - Amshir 10 - Coptic Lectionary - CopticChurch.net",Amshir 10,9
2023-02-18,"Readings for Saturday, February 18th - Saturday of the week before Great Lent - Coptic Lectionary - CopticChurch.net",Saturday of the week before Great Lent,9
2023-02-19,"Readings for Sunday, February 19th - Sunday of the week before Great Lent - Coptic Lectionary - CopticChurch.net",Sunday of the week before Great Lent,9
2023-02-20,"Readings for Monday, February 20th - Great Lent - Coptic Lectionary - CopticChurch.net",Great Lent,9
2023-02-21,"Readings for Tuesday, February 21st - Tuesday of the first week of Great Lent - Coptic Lectionary - CopticChurch.net",Tuesday of the first week of Great Lent,7
2023-02-22,"Readings for Wednesday, February 22nd - Wednesday of the first week of Great Lent - Coptic Lectionary - CopticChurch.net",Wednesday of the first week of Great Lent,7
2023-02-23,"Readings for Thursday, February 23rd - Thursday of the first week of Great Lent - Coptic Lectionary - CopticChurch.net",Thursday of the first week of Great Lent,7
2023-02-24,"Readings for Friday, February 24th - Friday of the first week of Great Lent - Coptic Lectionary - CopticChurch.net",Friday of the first week of Great Lent,7
2023-02-25,"Readings for Saturday, February 25th - Saturday of the first week of Great Lent - Coptic Lectionary - CopticChurch.net",Saturday of the first week of Great Lent,7
2023-02-26,"Readings for Sunday, February 26th - Sunday of the first week of Great Lent - Coptic Lectionary - CopticChurch.net",Sunday of the first week of Great Lent,9
2023-02-27,"Readings for Monday, February 27th - Monday of the second week of Great Lent - Coptic Lectionary - CopticChurch.net",Monday of the second week of Great Lent,7
2023-02-28,"Readings for Tuesday, February 28th - Tuesday of the second week of Great Lent - Coptic Lectionary - CopticChurch.net",Tuesday of the second week of Great Lent,7
2023-03-01,"Readings for Wednesday, March 1st - Wednesday of the second week of Great Lent - Coptic Lectionary - CopticChurch.net",Wednesday of the second week of Great Lent,7
2023-03-02,"Readings for Thursday, March 2nd - Thursday of the second week of Great Lent - Coptic Lectionary - CopticChurch.net",Thursday of the second week of Great Lent,7
2023-03-03,"Readings for Friday, March 3rd - Friday of the second week of Great Lent - Coptic Lectionary - CopticChurch.net",Friday of the second week of Great Lent,7
2023-03-04,"Readings for Saturday, March 4th - Saturday of the second week of Great Lent - Coptic Lectionary - CopticChurch.net",Saturday of the second week of Great Lent,7
2023-03-05,"Readings for Sunday, March 5th - Sunday of the second week of Great Lent - Coptic Lectionary - CopticChurch.net",Sunday of the second week of Great Lent,9
2023-03-06,"Readings for Monday, March 6th - Monday of the third week of Great Lent - Coptic Lectionary - CopticChurch.net",Monday of the third week of Great Lent,7
2023-03-07,"Readings for Tuesday, March 7th - Tuesday of the third week of Great Lent - Coptic Lectionary - CopticChurch.net",Tuesday of the third week of Great Lent,7
2023-03-08,"Readings for Wednesday, March 8th - Wednesday of the third week of Great Lent - Coptic Lectionary - CopticChurch.net",Wednesday of the third week of Great Lent,7
2023-03-09,"Readings for Thursday, March 9th - Thursday of the third week of Great Lent - Coptic Lectionary - CopticChurch.net",Thursday of the third week of Great Lent,7
2023-03-10,"Readings for Friday, March 10th - Friday of the third week of Great Lent - Coptic Lectionary - CopticChurch.net",Friday of the third week of Great Lent,7
2023-03-11,"Readings for Saturday, March 11th - Saturday of the third week of Great Lent - Coptic Lectionary - CopticChurch.net",Saturday of the third week of Great Lent,7
2023-03-12,"Readings for Sunday, March 12th - Sunday of the third week of Great Lent - Coptic Lectionary - CopticChurch.net",Sunday of the third week of Great Lent,9
2023-03-13,"Readings for Monday, March 13th - Monday of the fourth week of Great Lent - Coptic Lectionary - CopticChurch.net",Monday of the fourth week of Great Lent,7
2023-03-14,"Readings for Tuesday, March 14th - Tuesday of the fourth week of Great Lent - Coptic Lectionary - CopticChurch.net",Tuesday of the fourth week of Great Lent,7
2023-03-15,"Readings for Wednesday, March 15th - Wednesday of the fourth week of Great Lent - Coptic Lectionary - CopticChurch.net",Wednesday of the fourth week of Great Lent,7
2023-03-16,"Readings for Thursday, March 16th - Thursday of the fourth week of Great Lent - Coptic Lectionary - CopticChurch.net",Thursday of the fourth week of Great Lent,7
2023-03-17,"Readings for Friday, March 17th - Friday of the fourth week of Great Lent - Coptic Lectionary - CopticChurch.net",Friday of the fourth week of Great Lent,7
2023-03-18,"Readings for Saturday, March 18th - Saturday of the fourth week of Great Lent - Coptic Lectionary - CopticChurch.net",Saturday of the fourth week of Great Lent,7
2023-03-19,"Readings for Sunday, March 19th - Sunday of the fourth week of Great Lent <br>(Feast of the Cross - Readings of 10th Baramhat) - Coptic Lectionary - CopticChurch.net",Sunday of the fourth week of Great Lent <br>(Feast of the Cross - Readings of 10th Baramhat),9
2023-03-20,"Readings for Monday, March 20th - Monday of the fifth week of Great Lent - Coptic Lectionary - CopticChurch.net",Monday of the fifth week of Great Lent,7
2023-03-21,"Readings for Tuesday, March 21st - Tuesday of the fifth week of Great Lent - Coptic Lectionary - CopticChurch.net",Tuesday of the fifth week of Great Lent,7
2023-03-22,"Readings for Wednesday, March 22nd - Wednesday of the fifth week of Great Lent - Coptic Lectionary - CopticChurch.net",Wednesday of the fifth week of Great Lent,7
2023-03-23,"Readings for Thursday, March 23rd - Thursday of the fifth week of Great Lent - Coptic Lectionary - CopticChurch.net",Thursday of the fifth week of Great Lent,7
2023-03-24,"Readings for Friday, March 24th - Friday of the fifth week of Great Lent - Coptic Lectionary - CopticChurch.net",Friday of the fifth week of Great Lent,7
2023-03-25,"Readings for Saturday, March 25th - Saturday of the fifth week of Great Lent - Coptic Lectionary - CopticChurch.net",Saturday of the fifth week of Great Lent,7
2023-03-26,"Readings for Sunday, March 26th - Sunday of the fifth week of Great Lent - Coptic Lectionary - CopticChurch.net",Sunday of the fifth week of Great Lent,9
2023-03-27,"Readings for Monday, March 27th - Monday of the sixth week of Great Lent - Coptic Lectionary - CopticChurch.net",Monday of the sixth week of Great Lent,7
2023-03-28,"Readings for Tuesday, March 28th - Tuesday of the sixth week of Great Lent - Coptic Lectionary - CopticChurch.net",Tuesday of the sixth week of Great Lent,7
2023-03-29,"Readings for Wednesday, March 29th - Wednesday of the sixth week of Great Lent - Coptic Lectionary - CopticChurch.net",Wednesday of the sixth week of Great Lent,7
2023-03-30,"Readings for Thursday, March 30th - Thursday of the sixth week of Great Lent - Coptic Lectionary - CopticChurch.net",Thursday of the sixth week of Great Lent,7
2023-03-31,"Readings for Friday, March 31st - Friday of the sixth week of Great Lent - Coptic Lectionary - CopticChurch.net",Friday of the sixth week of Great Lent,7
2023-04-01,"Readings for Saturday, April 1st - Saturday of the sixth week of Great Lent - Coptic Lectionary - CopticChurch.net",Saturday of the sixth week of Great Lent,7
2023-04-02,"Readings for Sunday, April 2nd - Sunday of the sixth week of Great Lent - Coptic Lectionary - CopticChurch.net",Sunday of the sixth week of Great Lent,9
2023-04-03,"Readings for Monday, April 3rd - Monday of the seventh week of Great Lent - Coptic Lectionary - CopticChurch.net",Monday of the seventh week of Great Lent,7
2023-04-04,"Readings for Tuesday, April 4th - Tuesday of the seventh week of Great Lent - Coptic Lectionary - CopticChurch.net",Tuesday of the seventh week of Great Lent,7
2023-04-05,"Readings for Wednesday, April 5th - Wednesday of the seventh week of Great Lent - Coptic Lectionary - CopticChurch.net",Wednesday of the seventh week of Great Lent,7
2023-04-06,"Readings for Thursday, April 6th - Thursday of the seventh week of Great Lent - Coptic Lectionary - CopticChurch.net",Thursday of the seventh week of Great Lent,7
2023-04-07,"Readings for Friday, April 7th - Annunciation - Coptic Lectionary - CopticChurch.net",Annunciation,9
2023-04-08,"Readings for Saturday, April 8th - Lazarus Saturday of Great Lent - Coptic Lectionary - CopticChurch.net",Lazarus Saturday of Great Lent,7
2023-04-09,"Readings for Sunday, April 9th - Palm Sunday - Coptic Lectionary - CopticChurch.net",Palm Sunday,9
2023-04-10,"Readings for Monday, April 10th - Monday of Holy Week - Coptic Lectionary - CopticChurch.net",Monday of Holy Week,0
2023-04-11,"Readings for Tuesday, April 11th - Tuesday of Holy Week - Coptic Lectionary - CopticChurch.net",Tuesday of Holy Week,0
2023-04-12,"Readings for Wednesday, April 12th - Wednesday of Holy Week - Coptic Lectionary - CopticChurch.net",Wednesday of Holy Week,0
2023-04-13,"Readings for Thursday, April 13th - Holy Thursday - Coptic Lectionary - CopticChurch.net",Holy Thursday,0
2023-04-14,"Readings for Friday, April 14th - Good Friday - Coptic Lectionary - CopticChurch.net",Good Friday,0
2023-04-15,"Readings for Saturday, April 15th - Bright Saturday - Coptic Lectionary - CopticChurch.net",Bright Saturday,0
2023-04-16,"Readings for Sunday, April 16th - The Feast of Resurrection - Coptic Lectionary - CopticChurch.net",The Feast of Resurrection,7
2023-04-17,"Readings for Monday, April 17th - Monday of the first week of the holy fifty days - Coptic Lectionary - CopticChurch.net",Monday of the first week of the holy fifty days,9
2023-04-18,"Readings for Tuesday, April 18th - Tuesday of the first week of the holy fifty days - Coptic Lectionary - CopticChurch.net",Tuesday of the first week of the holy fifty days,9
2023-04-19,"Readings for Wednesday, April 19th - Wednesday of the first week of the holy fifty days - Coptic Lectionary - CopticChurch.net",Wednesday of the first week of the holy fifty days,9
2023-04-20,"Readings for Thursday, April 20th - Thursday of the first week of the holy fifty days - Coptic Lectionary - CopticChurch.net",Thursday of the first week of the holy fifty days,9
2023-04-21,"Readings for Friday, April 21st - Friday of the first week of the holy fifty days - Coptic Lectionary - CopticChurch.net",Friday of the first week of the holy fifty days,9
2023-04-22,"Readings for Saturday, April 22nd - Saturday of the first week of the holy fifty days - Coptic Lectionary - CopticChurch.net",Saturday of the first week of the holy fifty days,9
2023-04-23,"Readings for Sunday, April 23rd - Thomas Sunday - Coptic Lectionary - CopticChurch.net",Thomas Sunday,9
2023-04-24,"Readings for Monday, April 24th - Monday of the second week of the holy fifty days - Coptic Lectionary - CopticChurch.net",Monday of the second week of the holy fifty days,9
2023-04-25,"Readings for Tuesday, April 25th - Tuesday of the second week of the holy fifty days - Coptic Lectionary - CopticChurch.net",Tuesday of the second week of the holy fifty days,9
2023-04-26,"Readings for Wednesday, April 26th - Wednesday of the second week of the holy fifty days - Coptic Lectionary - CopticChurch.net",Wednesday of the second week of the holy fifty days,9
2023-04-27,"Readings for Thursday, April 27th - Thursday of the second week of the holy fifty days - Coptic Lectionary - CopticChurch.net",Thursday of the second week of the holy fifty days,9
2023-04-28,"Readings for Friday, April 28th - Friday of the second week of the holy fifty days - Coptic Lectionary - CopticChurch.net",Friday of the second week of the holy fifty days,9
2023-04-29,"Readings for Saturday, April 29th - Saturday of the second week of the holy fifty days - Coptic Lectionary - CopticChurch.net",Saturday of the second week of the holy fifty days,9
2023-04-30,"Readings for Sunday, April 30th - Sunday of the second week of the holy fifty days - Coptic Lectionary - CopticChurch.net",Sunday of the second week of the holy fifty days,9
2023-05-01,"Readings for Monday, May 1st - Monday of the third week of the holy fifty days - Coptic Lectionary - CopticChurch.net",Monday of the third week of the holy fifty days,9
2023-05-02,"Readings for Tuesday, May 2nd - Tuesday of the third week of the holy fifty days - Coptic Lectionary - CopticChurch.net",Tuesday of the third week of the holy fifty days,9
2023-05-03,"Readings for Wednesday, May 3rd - Wednesday of the third week of the holy fifty days - Coptic Lectionary - CopticChurch.net",Wednesday of the third week of the holy fifty days,9
2023-05-04,"Readings for Thursday, May 4th - Thursday of the third week of the holy fifty days - Coptic Lectionary - CopticChurch.net",Thursday of the third week of the holy fifty days,9
2023-05-05,"Readings for Friday, May 5th - Friday of the third week of the holy fifty days - Coptic Lectionary - CopticChurch.net",Friday of the third week of the holy fifty days,9
2023-05-06,"Readings for Saturday, May 6th - Saturday of the third week of the holy fifty days - Coptic Lectionary - CopticChurch.net",Saturday of the third week of the holy fifty days,9
2023-05-07,"Readings for Sunday, May 7th - Sunday of the third week of the holy fifty days - Coptic Lectionary - CopticChurch.net",Sunday of the third week of the holy fifty days,9
2023-05-08,"Readings for Monday, May 8th - Monday of the fourth week of the holy fifty days - Coptic Lectionary - CopticChurch.net",Monday of the fourth week of the holy fifty days,9
2023-05-09,"Readings for Tuesday, May 9th - Tuesday of the fourth week of the holy fifty days - Coptic Lectionary - CopticChurch.net",Tuesday of the fourth week of the holy fifty days,9
2023-05-10,"Readings for Wednesday, May 10th - Wednesday of the fourth week of the holy fifty days - Coptic Lectionary - CopticChurch.net",Wednesday of the fourth week of the holy fifty days,9
2023-05-11,"Readings for Thursday, May 11th - Thursday of the fourth week of the holy fifty days - Coptic Lectionary - CopticChurch.net",Thursday of the fourth week of the holy fifty days,9
2023-05-12,"Readings for Friday, May 12th - Friday of the fourth week of the holy fifty days - Coptic Lectionary - CopticChurch.net",Friday of the fourth week of the holy fifty days,9
2023-05-13,"Readings for Saturday, May 13th - Saturday of the fourth week of the holy fifty days - Coptic Lectionary - CopticChurch.net",Saturday of the fourth week of the holy fifty days,9
2023-05-14,"Readings for Sunday, May 14th - Sunday of the fourth week of the holy fifty days - Coptic Lectionary - CopticChurch.net",Sunday of the fourth week of the holy fifty days,9
2023-05-15,"Readings for Monday, May 15th - Monday of the fifth week of the holy fifty days - Coptic Lectionary - CopticChurch.net",Monday of the fifth week of the holy fifty days,9
2023-05-16,"Readings for Tuesday, May 16th - Tuesday of the fifth week of the holy fifty days - Coptic Lectionary - CopticChurch.net",Tuesday of the fifth week of the holy fifty days,9
2023-05-17,"Readings for Wednesday, May 17th - Wednesday of the fifth week of the holy fifty days - Coptic Lectionary - CopticChurch.net",Wednesday of the fifth week of the holy fifty days,9
2023-05-18,"Readings for Thursday, May 18th - Thursday of the fifth week of the holy fifty days - Coptic Lectionary - CopticChurch.net",Thursday of the fifth week of the holy fifty days,9
2023-05-19,"Readings for Friday, May 19th - Friday of the fifth week of the holy fifty days - Coptic Lectionary - CopticChurch.net",Friday of the fifth week of the holy fifty days,9
2023-05-20,"Readings for Saturday, May 20th - Saturday of the fifth week of the holy fifty days - Coptic Lectionary - CopticChurch.net",Saturday of the fifth week of the holy fifty days,9
2023-05-21,"Readings for Sunday, May 21st - Sunday of the fifth week of the holy fifty days - Coptic Lectionary - CopticChurch.net",Sunday of the fifth week of the holy fifty days,9
2023-05-22,"Readings for Monday, May 22nd - Monday of the sixth week of the holy fifty days - Coptic Lectionary - CopticChurch.net",Monday of the sixth week of the holy fifty days,9
2023-05-23,"Readings for Tuesday, May 23rd - Tuesday of the sixth week of the holy fifty days - Coptic Lectionary - CopticChurch.net",Tuesday of the sixth week of the holy fifty days,9
2023-05-24,"Readings for Wednesday, May 24th - Wednesday of the sixth week of the holy fifty days - Coptic Lectionary - CopticChurch.net",Wednesday of the sixth week of the holy fifty days,9
2023-05-25,"Readings for Thursday, May 25th - The Feast of the Ascension - Coptic Lectionary - CopticChurch.net",The Feast of the Ascension,9
2023-05-26,"Readings for Friday, May 26th - Friday of the sixth week of the holy fifty days - Coptic Lectionary - CopticChurch.net",Friday of the sixth week of the holy fifty days,9
2023-05-27,"Readings for Saturday, May 27th - Saturday of the sixth week of the holy fifty days - Coptic Lectionary - CopticChurch.net",Saturday of the sixth week of the holy fifty days,9
2023-05-28,"Readings for Sunday, May 28th - Sunday of the sixth week of the holy fifty days - Coptic Lectionary - CopticChurch.net",Sunday of the sixth week of the holy fifty days,9
2023-05-29,"Readings for Monday, May 29th - Monday of the seventh week of the holy fifty days - Coptic Lectionary - CopticChurch.net",Monday of the seventh week of the holy fifty days,9
2023-05-30,"Readings for Tuesday, May 30th - Tuesday of the seventh week of the holy fifty days - Coptic Lectionary - CopticChurch.net",Tuesday of the seventh week of the holy fifty days,9
2023-05-31,"Readings for Wednesday, May 31st - Wednesday of the seventh week of the holy fifty days - Coptic Lectionary - CopticChurch.net",Wednesday of the seventh week of the holy fifty days,9
2023-06-01,"Readings for Thursday, June 1st - Thursday of the seventh week of the holy fifty days and the Feast of Entry into Egypt - Coptic Lectionary - CopticChurch.net",Thursday of the seventh week of the holy fifty days and the Feast of Entry into Egypt,9
2023-06-02,"Readings for Friday, June 2nd - Friday of the seventh week of the holy fifty days - Coptic Lectionary - CopticChurch.net",Friday of the seventh week of the holy fifty days,9
2023-06-03,"Readings for Saturday, June 3rd - Saturday of the seventh week of the holy fifty days - Coptic Lectionary - CopticChurch.net",Saturday of the seventh week of the holy fifty days,9
2023-06-04,"Readings for Sunday, June 4th - Pentecost - Coptic Lectionary - CopticChurch.net",Pentecost,9
2023-06-05,"Readings for Monday, June 5th - Bashons 28 - Coptic Lectionary - CopticChurch.net",Bashons 28,9
2023-06-06,"Readings for Tuesday, June 6th - Bashons 29 - Coptic Lectionary - CopticChurch.net",Bashons 29,9
2023-06-07,"Readings for Wednesday, June 7th - Bashons 30 - Coptic Lectionary - CopticChurch.net",Bashons 30,9
2023-06-08,"Readings for Thursday, June 8th - Paona 1 - Coptic Lectionary - CopticChurch.net",Paona 1,9
2023-06-09,"Readings for Friday, June 9th - Paona 2 - Coptic Lectionary - CopticChurch.net",Paona 2,9
2023-06-10,"Readings for Saturday, June 10th - Paona 3 - Coptic Lectionary - CopticChurch.net",Paona 3,9
2023-06-11,"Readings for Sunday, June 11th - The first Sunday of Paona - Coptic Lectionary - CopticChurch.net",The first Sunday of Paona,9
2023-06-12,"Readings for Monday, June 12th - Paona 5 - Coptic Lectionary - CopticChurch.net",Paona 5,9
2023-06-13,"Readings for Tuesday, June 13th - Paona 6 - Coptic Lectionary - CopticChurch.net",Paona 6,9
2023-06-14,"Readings for Wednesday, June 14th - Paona 7 - Coptic Lectionary - CopticChurch.net",Paona 7,9
2023-06-15,"Readings for Thursday, June 15th - Paona 8 - Coptic Lectionary - CopticChurch.net",Paona 8,9
2023-06-16,"Readings for Friday, June 16th - Paona 9 - Coptic Lectionary - CopticChurch.net",Paona 9,9
2023-06-17,"Readings for Saturday, June 17th - Paona 10 - Coptic Lectionary - CopticChurch.net",Paona 10,9
2023-06-18,"Readings for Sunday, June 18th - The second Sunday of Paona - Coptic Lectionary - CopticChurch.net",The second Sunday of Paona,9
2023-06-19,"Readings for Monday, June 19th - Paona 12 - Coptic Lectionary - CopticChurch.net",Paona 12,9
2023-06-20,"Readings for Tuesday, June 20th - Paona 13 - Coptic Lectionary - CopticChurch.net",Paona 13,9
2023-06-21,"Readings for Wednesday, June 21st - Paona 14 - Coptic Lectionary - CopticChurch.net",Paona 14,9
2023-06-22,"Readings for Thursday, June 22nd - Paona 15 - Coptic Lectionary - CopticChurch.net",Paona 15,9
2023-06-23,"Readings for Friday, June 23rd - Paona 16 - Coptic Lectionary - CopticChurch.net",Paona 16,9
2023-06-24,"Readings for Saturday, June 24th - Paona 17 - Coptic Lectionary - CopticChurch.net",Paona 17,9
2023-06-25,"Readings for Sunday, June 25th - The third Sunday of Paona - Coptic Lectionary - CopticChurch.net",The third Sunday of Paona,9
2023-06-26,"Readings for Monday, June 26th - Paona 19 - Coptic Lectionary - CopticChurch.net",Paona 19,9
2023-06-27,"Readings for Tuesday, June 27th - Paona 20 - Coptic Lectionary - CopticChurch.net",Paona 20,9
2023-06-28,"Readings for Wednesday, June 28th - Paona 21 - Coptic Lectionary - CopticChurch.net",Paona 21,9
2023-06-29,"Readings for Thursday, June 29th - Paona 22 - Coptic Lectionary - CopticChurch.net",Paona 22,9
2023-06-30,"Readings for Friday, June 30th - Paona 23 - Coptic Lectionary - CopticChurch.net",Paona 23,9
2023-07-01,"Readings for Saturday, July 1st - Paona 24 - Coptic Lectionary - CopticChurch.net",Paona 24,9
2023-07-02,"Readings for Sunday, July 2nd - The fourth Sunday of Paona - Coptic Lectionary - CopticChurch.net",The fourth Sunday of Paona,9
2023-07-03,"Readings for Monday, July 3rd - Paona 26 - Coptic Lectionary - CopticChurch.net",Paona 26,9
2023-07-04,"Readings for Tuesday, July 4th - Paona 27 - Coptic Lectionary - CopticChurch.net",Paona 27,9
2023-07-05,"Readings for Wednesday, July 5th - Paona 28 - Coptic Lectionary - CopticChurch.net",Paona 28,9
2023-07-06,"Readings for Thursday, July 6th - Paona 29 - Coptic Lectionary - CopticChurch.net",Paona 29,9
2023-07-07,"Readings for Friday, July 7th - Paona 30 - Coptic Lectionary - CopticChurch.net",Paona 30,9
2023-07-08,"Readings for Saturday, July 8th - Abib 1 - Coptic Lectionary - CopticChurch.net",Abib 1,9
2023-07-09,"Readings for Sunday, July 9th - The first Sunday of Abib - Coptic Lectionary - CopticChurch.net",The first Sunday of Abib,9
2023-07-10,"Readings for Monday, July 10th - Abib 3 - Coptic Lectionary - CopticChurch.net",Abib 3,9
2023-07-11,"Readings for Tuesday, July 11th - Abib 4 - Coptic Lectionary - CopticChurch.net",Abib 4,9
2023-07-12,"Readings for Wednesday, July 12th - Abib 5 (Apostle's Feast) - Coptic Lectionary - CopticChurch.net",Abib 5 (Apostle's Feast),9
2023-07-13,"Readings for Thursday, July 13th - Abib 6 - Coptic Lectionary - CopticChurch.net",Abib 6,9
2023-07-14,"Readings for Friday, July 14th - Abib 7 - Coptic Lectionary - CopticChurch.net",Abib 7,9
2023-07-15,"Readings for Saturday, July 15th - Abib 8 - Coptic Lectionary - CopticChurch.net",Abib 8,9
2023-07-16,"Readings for Sunday, July 16th - The second Sunday of Abib - Coptic Lectionary - CopticChurch.net",The second Sunday of Abib,9
2023-07-17,"Readings for Monday, July 17th - Abib 10 - Coptic Lectionary - CopticChurch.net",Abib 10,9
2023-07-18,"Readings for Tuesday, July 18th - Abib 11 - Coptic Lectionary - CopticChurch.net",Abib 11,9
2023-07-19,"Readings for Wednesday, July 19th - Abib 12 - Coptic Lectionary - CopticChurch.net",Abib 12,9
2023-07-20,"Readings for Thursday, July 20th - Abib 13 - Coptic Lectionary - CopticChurch.net",Abib 13,9
2023-07-21,"Readings for Friday, July 21st - Abib 14 - Coptic Lectionary - CopticChurch.net",Abib 14,9
2023-07-22,"Readings for Saturday, July 22nd - Abib 15 - Coptic Lectionary - CopticChurch.net",Abib 15,9
2023-07-23,"Readings for Sunday, July 23rd - The third Sunday of Abib - Coptic Lectionary - CopticChurch.net",The third Sunday of Abib,9
2023-07-24,"Readings for Monday, July 24th - Abib 17 - Coptic Lectionary - CopticChurch.net",Abib 17,9
2023-07-25,"Readings for Tuesday, July 25th - Abib 18 - Coptic Lectionary - CopticChurch.net",Abib 18,9
2023-07-26,"Readings for Wednesday, July 26th - Abib 19 - Coptic Lectionary - CopticChurch.net",Abib 19,9
2023-07-27,"Readings for Thursday, July 27th - Abib 20 - Coptic Lectionary - CopticChurch.net",Abib 20,9
2023-07-28,"Readings for Friday, July 28th - Abib 21 - Coptic Lectionary - CopticChurch.net",Abib 21,9
2023-07-29,"Readings for Saturday, July 29th - Abib 22 - Coptic Lectionary - CopticChurch.net",Abib 22,9
2023-07-30,"Readings for Sunday, July 30th - The fourth Sunday of Abib - Coptic Lectionary - CopticChurch.net",The fourth Sunday of Abib,9
2023-07-31,"Readings for Monday, July 31st - Abib 24 - Coptic Lectionary - CopticChurch.net",Abib 24,9
2023-08-01,"Readings for Tuesday, August 1st - Abib 25 - Coptic Lectionary - CopticChurch.net",Abib 25,9
2023-08-02,"Readings for Wednesday, August 2nd - Abib 26 - Coptic Lectionary - CopticChurch.net",Abib 26,9
2023-08-03,"Readings for Thursday, August 3rd - Abib 27 - Coptic Lectionary - CopticChurch.net",Abib 27,9
2023-08-04,"Readings for Friday, August 4th - Abib 28 - Coptic Lectionary - CopticChurch.net",Abib 28,9
2023-08-05,"Readings for Saturday, August 5th - Abib 29 - Coptic Lectionary - CopticChurch.net",Abib 29,9
2023-08-06,"Readings for Sunday, August 6th - The fifth Sunday of Abib - Coptic Lectionary - CopticChurch.net",The fifth Sunday of Abib,9
2023-08-07,"Readings for Monday, August 7th - St Mary's Fast - Coptic Lectionary - CopticChurch.net",St Mary's Fast,9
2023-08-08,"Readings for Tuesday, August 8th - Mesra 2 - Coptic Lectionary - CopticChurch.net",Mesra 2,9
2023-08-09,"Readings for Wednesday, August 9th - Mesra 3 - Coptic Lectionary - CopticChurch.net",Mesra 3,9
2023-08-10,"Readings for Thursday, August 10th - Mesra 4 - Coptic Lectionary - CopticChurch.net",Mesra 4,9
2023-08-11,"Readings for Friday, August 11th - Mesra 5 - Coptic Lectionary - CopticChurch.net",Mesra 5,9
2023-08-12,"Readings for Saturday, August 12th - Mesra 6 - Coptic Lectionary - CopticChurch.net",Mesra 6,9
2023-08-13,"Readings for Sunday, August 13th - The first Sunday of Mesra - Coptic Lectionary - CopticChurch.net",The first Sunday of Mesra,9
2023-08-14,"Readings for Monday, August 14th - Mesra 8 - Coptic Lectionary - CopticChurch.net",Mesra 8,9
2023-08-15,"Readings for Tuesday, August 15th - Mesra 9 - Coptic Lectionary - CopticChurch.net",Mesra 9,9
2023-08-16,"Readings for Wednesday, August 16th - Mesra 10 - Coptic Lectionary - CopticChurch.net",Mesra 10,9
2023-08-17,"Readings for Thursday, August 17th - Mesra 11 - Coptic Lectionary - CopticChurch.net",Mesra 11,9
2023-08-18,"Readings for Friday, August 18th - Mesra 12 - Coptic Lectionary - CopticChurch.net",Mesra 12,9
2023-08-19,"Readings for Saturday, August 19th - Transfiguration - Coptic Lectionary - CopticChurch.net",Transfiguration,9
2023-08-20,"Readings for Sunday, August 20th - The second Sunday of Mesra - Coptic Lectionary - CopticChurch.net",The second Sunday of Mesra,9
2023-08-21,"Readings for Monday, August 21st - Mesra 15 - Coptic Lectionary - CopticChurch.net",Mesra 15,9
2023-08-22,"Readings for Tuesday, August 22nd - Mesra 16 (St Mary's Feast) - Coptic Lectionary - CopticChurch.net",Mesra 16 (St Mary's Feast),9
2023-08-23,"Readings for Wednesday, August 23rd - Mesra 17 - Coptic Lectionary - CopticChurch.net",Mesra 17,9
2023-08-24,"Readings for Thursday, August 24th - Mesra 18 - Coptic Lectionary - CopticChurch.net",Mesra 18,9
2023-08-25,"Readings for Friday, August 25th - Mesra 19 - Coptic Lectionary - CopticChurch.net",Mesra 19,9
2023-08-26,"Readings for Saturday, August 26th - Mesra 20 - Coptic Lectionary - CopticChurch.net",Mesra 20,9
2023-08-27,"Readings for Sunday, August 27th - The third Sunday of Mesra - Coptic Lectionary - CopticChurch.net",The third Sunday of Mesra,9
2023-08-28,"Readings for Monday, August 28th - Mesra 22 - Coptic Lectionary - CopticChurch.net",Mesra 22,9
2023-08-29,"Readings for Tuesday, August 29th - Mesra 23 - Coptic Lectionary - CopticChurch.net",Mesra 23,9
2023-08-30,"Readings for Wednesday, August 30th - Mesra 24 - Coptic Lectionary - CopticChurch.net",Mesra 24,9
2023-08-31,"Readings for Thursday, August 31st - Mesra 25 - Coptic Lectionary - CopticChurch.net",Mesra 25,9
2023-09-01,"Readings for Friday, September 1st - Mesra 26 - Coptic Lectionary - CopticChurch.net",Mesra 26,9
2023-09-02,"Readings for Saturday, September 2nd - Mesra 27 - Coptic Lectionary - CopticChurch.net",Mesra 27,9
2023-09-03,"Readings for Sunday, September 3rd - The fourth Sunday of Mesra - Coptic Lectionary - CopticChurch.net",The fourth Sunday of Mesra,9
2023-09-04,"Readings for Monday, September 4th - Mesra 29 - Coptic Lectionary - CopticChurch.net",Mesra 29,9
2023-09-05,"Readings for Tuesday, September 5th - Mesra 30 - Coptic Lectionary - CopticChurch.net",Mesra 30,9
2023-09-06,"Readings for Wednesday, September 6th - Nasie 1 - Coptic Lectionary - CopticChurch.net",Nasie 1,9
2023-09-07,"Readings for Thursday, September 7th - Nasie 2 - Coptic Lectionary - CopticChurch.net",Nasie 2,9
2023-09-08,"Readings for Friday, September 8th - Nasie 3 - Coptic Lectionary - CopticChurch.net",Nasie 3,9
2023-09-09,"Readings for Saturday, September 9th - Nasie 4 - Coptic Lectionary - CopticChurch.net",Nasie 4,9
2023-09-10,"Readings for Sunday, September 10th - The first Sunday of Nasie - Coptic Lectionary - CopticChurch.net",The first Sunday of Nasie,9
2023-09-11,"Readings for Monday, September 11th - Nasie 6 - Coptic Lectionary - CopticChurch.net",Nasie 6,9
2023-09-12,"Readings for Tuesday, September 12th - Tout 1 - Coptic Lectionary - CopticChurch.net",Tout 1,9
2023-09-13,"Readings for Wednesday, September 13th - Tout 2 - Coptic Lectionary - CopticChurch.net",Tout 2,9
2023-09-14,"Readings for Thursday, September 14th - Tout 3 - Coptic Lectionary - CopticChurch.net",Tout 3,9
2023-09-15,"Readings for Friday, September 15th - Tout 4 - Coptic Lectionary - CopticChurch.net",Tout 4,9
2023-09-16,"Readings for Saturday, September 16th - Tout 5 - Coptic Lectionary - CopticChurch.net",Tout 5,9
2023-09-17,"Readings for Sunday, September 17th - The first Sunday of Tout - Coptic Lectionary - CopticChurch.net",The first Sunday of Tout,9
2023-09-18,"Readings for Monday, September 18th - Tout 7 - Coptic Lectionary - CopticChurch.net",Tout 7,9
2023-09-19,"Readings for Tuesday, September 19th - Tout 8 - Coptic Lectionary - CopticChurch.net",Tout 8,9
2023-09-20,"Readings for Wednesday, September 20th - Tout 9 - Coptic Lectionary - CopticChurch.net",Tout 9,9
2023-09-21,"Readings for Thursday, September 21st - Tout 10 - Coptic Lectionary - CopticChurch.net",Tout 10,9
2023-09-22,"Readings for Friday, September 22nd - Tout 11 - Coptic Lectionary - CopticChurch.net",Tout 11,9
2023-09-23,"Readings for Saturday, September 23rd - Tout 12 - Coptic Lectionary - CopticChurch.net",Tout 12,9
2023-09-24,"Readings for Sunday, September 24th - The second Sunday of Tout - Coptic Lectionary - CopticChurch.net",The second Sunday of Tout,9
2023-09-25,"Readings for Monday, September 25th - Tout 14 - Coptic Lectionary - CopticChurch.net",Tout 14,9
2023-09-26,"Readings for Tuesday, September 26th - Tout 15 - Coptic Lectionary - CopticChurch.net",Tout 15,9
2023-09-27,"Readings for Wednesday, September 27th - Tout 16 - Coptic Lectionary - CopticChurch.net",Tout 16,9
2023-09-28,"Readings for Thursday, September 28th - Tout 17 (Feast of the Cross) - Coptic Lectionary - CopticChurch.net",Tout 17 (Feast of the Cross),9
2023-09-29,"Readings for Friday, September 29th - Tout 18 (Feast of the Cross) - Coptic Lectionary - CopticChurch.net",Tout 18 (Feast of the Cross),9
2023-09-30,"Readings for Saturday, September 30th - Tout 19 (Feast of the Cross) - Coptic Lectionary - CopticChurch.net",Tout 19 (Feast of the Cross),9
2023-10-01,"Readings for Sunday, October 1st - The third Sunday of Tout - Coptic Lectionary - CopticChurch.net",The third Sunday of Tout,9
2023-10-02,"Readings for Monday, October 2nd - Tout 21 - Coptic Lectionary - CopticChurch.net",Tout 21,9
2023-10-03,"Readings for Tuesday, October 3rd - Tout 22 - Coptic Lectionary - CopticChurch.net",Tout 22,9
2023-10-04,"Readings for Wednesday, October 4th - Tout 23 - Coptic Lectionary - CopticChurch.net",Tout 23,9
2023-10-05,"Readings for Thursday, October 5th - Tout 24 - Coptic Lectionary - CopticChurch.net",Tout 24,9
2023-10-06,"Readings for Friday, October 6th - Tout 25 - Coptic Lectionary - CopticChurch.net",Tout 25,9
2023-10-07,"Readings for Saturday, October 7th - Tout 26 - Coptic Lectionary - CopticChurch.net",Tout 26,9
2023-10-08,"Readings for Sunday, October 8th - The fourth Sunday of Tout - Coptic Lectionary - CopticChurch.net",The fourth Sunday of Tout,9
2023-10-09,"Readings for Monday, October 9th - Tout 28 - Coptic Lectionary - CopticChurch.net",Tout 28,9
2023-10-10,"Readings for Tuesday, October 10th - Tout 29 - Coptic Lectionary - CopticChurch.net",Tout 29,9
2023-10-11,"Readings for Wednesday, October 11th - Tout 30 - Coptic Lectionary - CopticChurch.net",Tout 30,9
2023-10-12,"Readings for Thursday, October 12th - Baba 1 - Coptic Lectionary - CopticChurch.net",Baba 1,9
2023-10-13,"Readings for Friday, October 13th - Baba 2 - Coptic Lectionary - CopticChurch.net",Baba 2,9
2023-10-14,"Readings for Saturday, October 14th - Baba 3 - Coptic Lectionary - CopticChurch.net",Baba 3,9
2023-10-15,"Readings for Sunday, October 15th - The first Sunday of Baba - Coptic Lectionary - CopticChurch.net",The first Sunday of Baba,9
2023-10-16,"Readings for Monday, October 16th - Baba 5 - Coptic Lectionary - CopticChurch.net",Baba 5,9
2023-10-17,"Readings for Tuesday, October 17th - Baba 6 - Coptic Lectionary - CopticChurch.net",Baba 6,9
2023-10-18,"Readings for Wednesday, October 18th - Baba 7 - Coptic Lectionary - CopticChurch.net",Baba 7,9
2023-10-19,"Readings for Thursday, October 19th - Baba 8 - Coptic Lectionary - CopticChurch.net",Baba 8,9
2023-10-20,"Readings for Friday, October 20th - Baba 9 - Coptic Lectionary - CopticChurch.net",Baba 9,9
2023-10-21,"Readings for Saturday, October 21st - Baba 10 - Coptic Lectionary - CopticChurch.net",Baba 10,9
2023-10-22,"Readings for Sunday, October 22nd - The second Sunday of Baba - Coptic Lectionary - CopticChurch.net",The second Sunday of Baba,9
2023-10-23,"Readings for Monday, October 23rd - Baba 12 - Coptic Lectionary - CopticChurch.net",Baba 12,9
2023-10-24,"Readings for Tuesday, October 24th - Baba 13 - Coptic Lectionary - CopticChurch.net",Baba 13,9
2023-10-25,"Readings for Wednesday, October 25th - Baba 14 - Coptic Lectionary - CopticChurch.net",Baba 14,9
2023-10-26,"Readings for Thursday, October 26th - Baba 15 - Coptic Lectionary - CopticChurch.net",Baba 15,9
2023-10-27,"Readings for Friday, October 27th - Baba 16 - Coptic Lectionary - CopticChurch.net",Baba 16,9
2023-10-28,"Readings for Saturday, October 28th - Baba 17 - Coptic Lectionary - CopticChurch.net",Baba 17,9
2023-10-29,"Readings for Sunday, October 29th - The third Sunday of Baba - Coptic Lectionary - CopticChurch.net",The third Sunday of Baba,9
2023-10-30,"Readings for Monday, October 30th - Baba 19 - Coptic Lectionary - CopticChurch.net",Baba 19,9
2023-10-31,"Readings for Tuesday, October 31st - Baba 20 - Coptic Lectionary - CopticChurch.net",Baba 20,9
2023-11-01,"Readings for Wednesday, November 1st - Baba 21 - Coptic Lectionary - CopticChurch.net",Baba 21,9
2023-11-02,"Readings for Thursday, November 2nd - Baba 22 - Coptic Lectionary - CopticChurch.net",Baba 22,9
2023-11-03,"Readings for Friday, November 3rd - Baba 23 - Coptic Lectionary - CopticChurch.net",Baba 23,9
2023-11-04,"Readings for Saturday, November 4th - Baba 24 - Coptic Lectionary - CopticChurch.net",Baba 24,9
2023-11-05,"Readings for Sunday, November 5th - The fourth Sunday of Baba - Coptic Lectionary - CopticChurch.net",The fourth Sunday of Baba,9
2023-11-06,"Readings for Monday, November 6th - Baba 26 - Coptic Lectionary - CopticChurch.net",Baba 26,9
2023-11-07,"Readings for Tuesday, November 7th - Baba 27 - Coptic Lectionary - CopticChurch.net",Baba 27,9
2023-11-08,"Readings for Wednesday, November 8th - Baba 28 - Coptic Lectionary - CopticChurch.net",Baba 28,9
2023-11-09,"Readings for Thursday, November 9th - Baba 29 - Coptic Lectionary - CopticChurch.net",Baba 29,9
2023-11-10,"Readings for Friday, November 10th - Baba 30 - Coptic Lectionary - CopticChurch.net",Baba 30,9
2023-11-11,"Readings for Saturday, November 11th - Hator 1 - Coptic Lectionary - CopticChurch.net",Hator 1,9
2023-11-12,"Readings for Sunday, November 12th - The first Sunday of Hator - Coptic Lectionary - CopticChurch.net",The first Sunday of Hator,9
2023-11-13,"Readings for Monday, November 13th - Hator 3 - Coptic Lectionary - CopticChurch.net",Hator 3,9
2023-11-14,"Readings for Tuesday, November 14th - Hator 4 - Coptic Lectionary - CopticChurch.net",Hator 4,9
2023-11-15,"Readings for Wednesday, November 15th - Hator 5 - Coptic Lectionary - CopticChurch.net",Hator 5,9
2023-11-16,"Readings for Thursday, November 16th - Hator 6 - Coptic Lectionary - CopticChurch.net",Hator 6,9
2023-11-17,"Readings for Friday, November 17th - Hator 7 - Coptic Lectionary - CopticChurch.net",Hator 7,9
2023-11-18,"Readings for Saturday, November 18th - Hator 8 - Coptic Lectionary - CopticChurch.net",Hator 8,9
2023-11-19,"Readings for Sunday, November 19th - The second Sunday of Hator - Coptic Lectionary - CopticChurch.net",The second Sunday of Hator,9
2023-11-20,"Readings for Monday, November 20th - Hator 10 - Coptic Lectionary - CopticChurch.net",Hator 10,9
2023-11-21,"Readings for Tuesday, November 21st - Hator 11 - Coptic Lectionary - CopticChurch.net",Hator 11,9
2023-11-22,"Readings for Wednesday, November 22nd - Hator 12 - Coptic Lectionary - CopticChurch.net",Hator 12,9
2023-11-23,"Readings for Thursday, November 23rd - Hator 13 - Coptic Lectionary - CopticChurch.net",Hator 13,9
2023-11-24,"Readings for Friday, November 24th - Hator 14 - Coptic Lectionary - CopticChurch.net",Hator 14,9
2023-11-25,"Readings for Saturday, November 25th - Hator 15 - Coptic Lectionary - CopticChurch.net",Hator 15,9
2023-11-26,"Readings for Sunday, November 26th - The third Sunday of Hator of Christmas Fast - Coptic Lectionary - CopticChurch.net",The third Sunday of Hator of Christmas Fast,9
2023-11-27,"Readings for Monday, November 27th - Hator 17 - Coptic Lectionary - CopticChurch.net",Hator 17,9
2023-11-28,"Readings for Tuesday, November 28th - Hator 18 - Coptic Lectionary - CopticChurch.net",Hator 18,9
2023-11-29,"Readings for Wednesday, November 29th - Hator 19 - Coptic Lectionary - CopticChurch.net",Hator 19,9
2023-11-30,"Readings for Thursday, November 30th - Hator 20 - Coptic Lectionary - CopticChurch.net",Hator 20,9
2023-12-01,"Readings for Friday, December 1st - Hator 21 - Coptic Lectionary - CopticChurch.net",Hator 21,9
2023-12-02,"Readings for Saturday, December 2nd - Hator 22 - Coptic Lectionary - CopticChurch.net",Hator 22,9
2023-12-03,"Readings for Sunday, December 3rd - The fourth Sunday of Hator - Coptic Lectionary - CopticChurch.net",The fourth Sunday of Hator,9
2023-12-04,"Readings for Monday, December 4th - Hator 24 - Coptic Lectionary - CopticChurch.net",Hator 24,9
2023-12-05,"Readings for Tuesday, December 5th - Hator 25 - Coptic Lectionary - CopticChurch.net",Hator 25,9
2023-12-06,"Readings for Wednesday, December 6th - Hator 26 - Coptic Lectionary - CopticChurch.net",Hator 26,9
2023-12-07,"Readings for Thursday, December 7th - Hator 27 - Coptic Lectionary - CopticChurch.net",Hator 27,9
2023-12-08,"Readings for Friday, December 8th - Hator 28 - Coptic Lectionary - CopticChurch.net",Hator 28,9
2023-12-09,"Readings for Saturday, December 9th - Hator 29 - Coptic Lectionary - CopticChurch.net",Hator 29,9
2023-12-10,"Readings for Sunday, December 10th - first Sunday of Christmas Fast - Coptic Lectionary - CopticChurch.net",first Sunday of Christmas Fast,9
2023-12-11,"Readings for Monday, December 11th - Kiak 1 - Coptic Lectionary - CopticChurch.net",Kiak 1,9
2023-12-12,"Readings for Tuesday, December 12th - Kiak 2 - Coptic Lectionary - CopticChurch.net",Kiak 2,9
2023-12-13,"Readings for Wednesday, December 13th - Kiak 3 - Coptic Lectionary - CopticChurch.net",Kiak 3,9
2023-12-14,"Readings for Thursday, December 14th - Kiak 4 - Coptic Lectionary - CopticChurch.net",Kiak 4,9
2023-12-15,"Readings for Friday, December 15th - Kiak 5 - Coptic Lectionary - CopticChurch.net",Kiak 5,9
2023-12-16,"Readings for Saturday, December 16th - Kiak 6 - Coptic Lectionary - CopticChurch.net",Kiak 6,9
2023-12-17,"Readings for Sunday, December 17th - second Sunday of Christmas Fast - Coptic Lectionary - CopticChurch.net",second Sunday of Christmas Fast,9
2023-12-18,"Readings for Monday, December 18th - Kiak 8 - Coptic Lectionary - CopticChurch.net",Kiak 8,9
2023-12-19,"Readings for Tuesday, December 19th - Kiak 9 - Coptic Lectionary - CopticChurch.net",Kiak 9,9
2023-12-20,"Readings for Wednesday, December 20th - Kiak 10 - Coptic Lectionary - CopticChurch.net",Kiak 10,9
2023-12-21,"Readings for Thursday, December 21st - Kiak 11 - Coptic Lectionary - CopticChurch.net",Kiak 11,9
2023-12-22,"Readings for Friday, December 22nd - Kiak 12 - Coptic Lectionary - CopticChurch.net",Kiak 12,9
2023-12-23,"Readings for Saturday, December 23rd - Kiak 13 - Coptic Lectionary - CopticChurch.net",Kiak 13,9
2023-12-24,"Readings for Sunday, December 24th - third Sunday of Christmas Fast - Coptic Lectionary - CopticChurch.net",third Sunday of Christmas Fast,9
2023-12-25,"Readings for Monday, December 25th - Kiak 15 - Coptic Lectionary - CopticChurch.net",Kiak 15,9
2023-12-26,"Readings for Tuesday, December 26th - Kiak 16 - Coptic Lectionary - CopticChurch.net",Kiak 16,9
2023-12-27,"Readings for Wednesday, December 27th - Kiak 17 - Coptic Lectionary - CopticChurch.net",Kiak 17,9
2023-12-28,"Readings for Thursday, December 28th - Kiak 18 - Coptic Lectionary - CopticChurch.net",Kiak 18,9
2023-12-29,"Readings for Friday, December 29th - Kiak 19 - Coptic Lectionary - CopticChurch.net",Kiak 19,9
2023-12-30,"Readings for Saturday, December 30th - Kiak 20 - Coptic Lectionary - CopticChurch.net",Kiak 20,9
2023-12-31,"Readings for Sunday, December 31st - fourth Sunday of Christmas Fast - Coptic Lectionary - CopticChurch.net",fourth Sunday of Christmas Fast,9
2024-01-01,"Readings for Monday, January 1st - Kiak 22 - Coptic Lectionary - CopticChurch.net",Kiak 22,9
2024-01-02,"Readings for Tuesday, January 2nd - Kiak 23 - Coptic Lectionary - CopticChurch.net",Kiak 23,9
2024-01-03,"Readings for Wednesday, January 3rd - Kiak 24 - Coptic Lectionary - CopticChurch.net",Kiak 24,9
2024-01-04,"Readings for Thursday, January 4th - Kiak 25 - Coptic Lectionary - CopticChurch.net",Kiak 25,9
2024-01-05,"Readings for Friday, January 5th - Christmas Paramoune - Coptic Lectionary - CopticChurch.net",Christmas Paramoune,9
2024-01-06,"Readings for Saturday, January 6th - Christmas Paramoune - Coptic Lectionary - CopticChurch.net",Christmas Paramoune,9
2024-01-07,"Readings for Sunday, January 7th - Christmas - Coptic Lectionary - CopticChurch.net",Christmas,9
2024-01-08,"Readings for Monday, January 8th - Christmas - Coptic Lectionary - CopticChurch.net",Christmas,9
2024-01-09,"Readings for Tuesday, January 9th - Kiak 30 - Coptic Lectionary - CopticChurch.net",Kiak 30,9
2024-01-10,"Readings for Wednesday, January 10th - Toba 1 - Coptic Lectionary - CopticChurch.net",Toba 1,9
2024-01-11,"Readings for Thursday, January 11th - Toba 2 - Coptic Lectionary - CopticChurch.net",Toba 2,9
2024-01-12,"Readings for Friday, January 12th - Toba 3 - Coptic Lectionary - CopticChurch.net",Toba 3,9
2024-01-13,"Readings for Saturday, January 13th - Toba 4 - Coptic Lectionary - CopticChurch.net",Toba 4,9
2024-01-14,"Readings for Sunday, January 14th - The first Sunday of Toba - Coptic Lectionary - CopticChurch.net",The first Sunday of Toba,9
2024-01-15,"Readings for Monday, January 15th - Circumcision of our Lord - Coptic Lectionary - CopticChurch.net",Circumcision of our Lord,9
2024-01-16,"Readings for Tuesday, January 16th - Toba 7 - Coptic Lectionary - CopticChurch.net",Toba 7,9
2024-01-17,"Readings for Wednesday, January 17th - Toba 8 - Coptic Lectionary - CopticChurch.net",Toba 8,9
2024-01-18,"Readings for Thursday, January 18th - Toba 9 - Coptic Lectionary - CopticChurch.net",Toba 9,9
2024-01-19,"Readings for Friday, January 19th - Epiphany Paramoune - Coptic Lectionary - CopticChurch.net",Epiphany Paramoune,9
2024-01-20,"Readings for Saturday, January 20th - The Feast of Epiphany - Coptic Lectionary - CopticChurch.net",The Feast of Epiphany,9
2024-01-21,"Readings for Sunday, January 21st - The Second Day of Feast of Epiphany - Coptic Lectionary - CopticChurch.net",The Second Day of Feast of Epiphany,9
2024-01-22,"Readings for Monday, January 22nd - Wedding of Cana - Coptic Lectionary - CopticChurch.net",Wedding of Cana,9
2024-01-23,"Readings for Tuesday, January 23rd - Toba 14 - Coptic Lectionary - CopticChurch.net",Toba 14,9
2024-01-24,"Readings for Wednesday, January 24th - Toba 15 - Coptic Lectionary - CopticChurch.net",Toba 15,9
2024-01-25,"Readings for Thursday, January 25th - Toba 16 - Coptic Lectionary - CopticChurch.net",Toba 16,9
2024-01-26,"Readings for Friday, January 26th - Toba 17 - Coptic Lectionary - CopticChurch.net",Toba 17,9
2024-01-27,"Readings for Saturday, January 27th - Toba 18 - Coptic Lectionary - CopticChurch.net",Toba 18,9
2024-01-28,"Readings for Sunday, January 28th - The third Sunday of Toba - Coptic Lectionary - CopticChurch.net",The third Sunday of Toba,9
2024-01-29,"Readings for Monday, January 29th - Toba 20 - Coptic Lectionary - CopticChurch.net",Toba 20,9
2024-01-30,"Readings for Tuesday, January 30th - Toba 21 - Coptic Lectionary - CopticChurch.net",Toba 21,9
2024-01-31,"Readings for Wednesday, January 31st - Toba 22 - Coptic Lectionary - CopticChurch.net",Toba 22,9
2024-02-01,"Readings for Thursday, February 1st - Toba 23 - Coptic Lectionary - CopticChurch.net",Toba 23,9
2024-02-02,"Readings for Friday, February 2nd - Toba 24 - Coptic Lectionary - CopticChurch.net",Toba 24,9
2024-02-03,"Readings for Saturday, February 3rd - Toba 25 - Coptic Lectionary - CopticChurch.net",Toba 25,9
2024-02-04,"Readings for Sunday, February 4th - The fourth Sunday of Toba - Coptic Lectionary - CopticChurch.net",The fourth Sunday of Toba,9
2024-02-05,"Readings for Monday, February 5th - Toba 27 - Coptic Lectionary - CopticChurch.net",Toba 27,9
2024-02-06,"Readings for Tuesday, February 6th - Toba 28 - Coptic Lectionary - CopticChurch.net",Toba 28,9
2024-02-07,"Readings for Wednesday, February 7th - Toba 29 - Coptic Lectionary - CopticChurch.net",Toba 29,9
2024-02-08,"Readings for Thursday, February 8th - Toba 30 - Coptic Lectionary - CopticChurch.net",Toba 30,9
2024-02-09,"Readings for Friday, February 9th - Amshir 1 - Coptic Lectionary - CopticChurch.net",Amshir 1,9
2024-02-10,"Readings for Saturday, February 10th - Amshir 2 - Coptic Lectionary - CopticChurch.net",Amshir 2,9
2024-02-11,"Readings for Sunday, February 11th - The first Sunday of Amshir - Coptic Lectionary - CopticChurch.net",The first Sunday of Amshir,9
2024-02-12,"Readings for Monday, February 12th - Amshir 4 - Coptic Lectionary - CopticChurch.net",Amshir 4,9
2024-02-13,"Readings for Tuesday, February 13th - Amshir 5 - Coptic Lectionary - CopticChurch.net",Amshir 5,9
2024-02-14,"Readings for Wednesday, February 14th - Amshir 6 - Coptic Lectionary - CopticChurch.net",Amshir 6,9
2024-02-15,"Readings for Thursday, February 15th - Amshir 7 - Coptic Lectionary - CopticChurch.net",Amshir 7,9
2024-02-16,"Readings for Friday, February 16th - Entrance into the Temple - Coptic Lectionary - CopticChurch.net",Entrance into the Temple,9
2024-02-17,"Readings for Saturday, February 17th - Amshir 9 - Coptic Lectionary - CopticChurch.net",Amshir 9,9
2024-02-18,"Readings for Sunday, February 18th - The second Sunday of Amshir - Coptic Lectionary - CopticChurch.net",The second Sunday of Amshir,9
2024-02-19,"Readings for Monday, February 19th - Amshir 11 - Coptic Lectionary - CopticChurch.net",Amshir 11,9
2024-02-20,"Readings for Tuesday, February 20th - Amshir 12 - Coptic Lectionary - CopticChurch.net",Amshir 12,9
2024-02-21,"Readings for Wednesday, February 21st - Amshir 13 - Coptic Lectionary - CopticChurch.net",Amshir 13,9
2024-02-22,"Readings for Thursday, February 22nd - Amshir 14 - Coptic Lectionary - CopticChurch.net",Amshir 14,9
2024-02-23,"Readings for Friday, February 23rd - Amshir 15 - Coptic Lectionary - CopticChurch.net",Amshir 15,9
2024-02-24,"Readings for Saturday, February 24th - Amshir 16 - Coptic Lectionary - CopticChurch.net",Amshir 16,9
2024-02-25,"Readings for Sunday, February 25th - The third Sunday of Amshir - Coptic Lectionary - CopticChurch.net",The third Sunday of Amshir,9
2024-02-26,"Readings for Monday, February 26th - Fast of Ninevah - Coptic Lectionary - CopticChurch.net",Fast of Ninevah,9
2024-02-27,"Readings for Tuesday, February 27th - Tuesday of Ninevah's Fast - Coptic Lectionary - CopticChurch.net",Tuesday of Ninevah's Fast,7
2024-02-28,"Readings for Wednesday, February 28th - Wednesday of Ninevah's Fast - Coptic Lectionary - CopticChurch.net",Wednesday of Ninevah's Fast,7
2024-02-29,"Readings for Thursday, February 29th - Jonah's Feast - Coptic Lectionary - CopticChurch.net",Jonah's Feast,7
2024-03-01,"Readings for Friday, March 1st - Amshir 22 - Coptic Lectionary - CopticChurch.net",Amshir 22,9
2024-03-02,"Readings for Saturday, March 2nd - Amshir 23 - Coptic Lectionary - CopticChurch.net",Amshir 23,9
2024-03-03,"Readings for Sunday, March 3rd - The fourth Sunday of Amshir - Coptic Lectionary - CopticChurch.net",The fourth Sunday of Amshir,9
2024-03-04,"Readings for Monday, March 4th - Amshir 25 - Coptic Lectionary - CopticChurch.net",Amshir 25,9
2024-03-05,"Readings for Tuesday, March 5th - Amshir 26 - Coptic Lectionary - CopticChurch.net",Amshir 26,9
2024-03-06,"Readings for Wednesday, March 6th - Amshir 27 - Coptic Lectionary - CopticChurch.net",Amshir 27,9
2024-03-07,"Readings for Thursday, March 7th - Amshir 28 - Coptic Lectionary - CopticChurch.net",Amshir 28,9
2024-03-08,"Readings for Friday, March 8th - Amshir 29 - Coptic Lectionary - CopticChurch.net",Amshir 29,9
2024-03-09,"Readings for Saturday, March 9th - Saturday of the week before Great Lent - Coptic Lectionary - CopticChurch.net",Saturday of the week before Great Lent,9
2024-03-10,"Readings for Sunday, March 10th - Sunday of the week before Great Lent - Coptic Lectionary - CopticChurch.net",Sunday of the week before Great Lent,9
2024-03-11,"Readings for Monday, March 11th - Great Lent - Coptic Lectionary - CopticChurch.net",Great Lent,9
2024-03-12,"Readings for Tuesday, March 12th - Tuesday of the first week of Great Lent - Coptic Lectionary - CopticChurch.net",Tuesday of the first week of Great Lent,7
2024-03-13,"Readings for Wednesday, March 13th - Wednesday of the first week of Great Lent - Coptic Lectionary - CopticChurch.net",Wednesday of the first week of Great Lent,7
2024-03-14,"Readings for Thursday, March 14th - Thursday of the first week of Great Lent - Coptic Lectionary - CopticChurch.net",Thursday of the first week of Great Lent,7
2024-03-15,"Readings for Friday, March 15th - Friday of the first week of Great Lent - Coptic Lectionary - CopticChurch.net",Friday of the first week of Great Lent,7
2024-03-16,"Readings for Saturday, March 16th - Saturday of the first week of Great Lent - Coptic Lectionary - CopticChurch.net",Saturday of the first week of Great Lent,7
2024-03-17,"Readings for Sunday, March 17th - Sunday of the first week of Great Lent - Coptic Lectionary - CopticChurch.net",Sunday of the first week of Great Lent,9
2024-03-18,"Readings for Monday, March 18th - Monday of the second week of Great Lent - Coptic Lectionary - CopticChurch.net",Monday of the second week of Great Lent,7
2024-03-19,"Readings for Tuesday, March 19th - Tuesday of the second week of Great Lent <br>(Feast of the Cross - Readings of 10th Baramhat) - Coptic Lectionary - CopticChurch.net",Tuesday of the second week of Great Lent <br>(Feast of the Cross - Readings of 10th Baramhat),9
2024-03-20,"Readings for Wednesday, March 20th - Wednesday of the second week of Great Lent - Coptic Lectionary - CopticChurch.net",Wednesday of the second week of Great Lent,7
2024-03-21,"Readings for Thursday, March 21st - Thursday of the second week of Great Lent - Coptic Lectionary - CopticChurch.net",Thursday of the second week of Great Lent,7
2024-03-22,"Readings for Friday, March 22nd - Friday of the second week of Great Lent - Coptic Lectionary - CopticChurch.net",Friday of the second week of Great Lent,7
2024-03-23,"Readings for Saturday, March 23rd - Saturday of the second week of Great Lent - Coptic Lectionary - CopticChurch.net",Saturday of the second week of Great Lent,7
2024-03-24,"Readings for Sunday, March 24th - Sunday of the second week of Great Lent - Coptic Lectionary - CopticChurch.net",Sunday of the second week of Great Lent,9
2024-03-25,"Readings for Monday, March 25th - Monday of the third week of Great Lent - Coptic Lectionary - CopticChurch.net",Monday of the third week of Great Lent,7
2024-03-26,"Readings for Tuesday, March 26th - Tuesday of the third week of Great Lent - Coptic Lectionary - CopticChurch.net",Tuesday of the third week of Great Lent,7
2024-03-27,"Readings for Wednesday, March 27th - Wednesday of the third week of Great Lent - Coptic Lectionary - CopticChurch.net",Wednesday of the third week of Great Lent,7
2024-03-28,"Readings for Thursday, March 28th - Thursday of the third week of Great Lent - Coptic Lectionary - CopticChurch.net",Thursday of the third week of Great Lent,7
2024-03-29,"Readings for Friday, March 29th - Friday of the third week of Great Lent - Coptic Lectionary - CopticChurch.net",Friday of the third week of Great Lent,7
2024-03-30,"Readings for Saturday, March 30th - Saturday of the third week of Great Lent - Coptic Lectionary - CopticChurch.net",Saturday of the third week of Great Lent,7
2024-03-31,"Readings for Sunday, March 31st - Sunday of the third week of Great Lent - Coptic Lectionary - CopticChurch.net",Sunday of the third week of Great Lent,9
2024-04-01,"Readings for Monday, April 1st - Monday of the fourth week of Great Lent - Coptic Lectionary - CopticChurch.net",Monday of the fourth week of Great Lent,7
2024-04-02,"Readings for Tuesday, April 2nd - Tuesday of the fourth week of Great Lent - Coptic Lectionary - CopticChurch.net",Tuesday of the fourth week of Great Lent,7
2024-04-03,"Readings for Wednesday, April 3rd - Wednesday of the fourth week of Great Lent - Coptic Lectionary - CopticChurch.net",Wednesday of the fourth week of Great Lent,7
2024-04-04,"Readings for Thursday, April 4th - Thursday of the fourth week of Great Lent - Coptic Lectionary - CopticChurch.net",Thursday of the fourth week of Great Lent,7
2024-04-05,"Readings for Friday, April 5th - Friday of the fourth week of Great Lent - Coptic Lectionary - CopticChurch.net",Friday of the fourth week of Great Lent,7
2024-04-06,"Readings for Saturday, April 6th - Saturday of the fourth week of Great Lent - Coptic Lectionary - CopticChurch.net",Saturday of the fourth week of Great Lent,7
2024-04-07,"Readings for Sunday, April 7th - Annunciation - Coptic Lectionary - CopticChurch.net",Annunciation,9
2024-04-08,"Readings for Monday, April 8th - Monday of the fifth week of Great Lent - Coptic Lectionary - CopticChurch.net",Monday of the fifth week of Great Lent,7
2024-04-09,"Readings for Tuesday, April 9th - Tuesday of the fifth week of Great Lent - Coptic Lectionary - CopticChurch.net",Tuesday of the fifth week of Great Lent,7
2024-04-10,"Readings for Wednesday, April 10th - Wednesday of the fifth week of Great Lent - Coptic Lectionary - CopticChurch.net",Wednesday of the fifth week of Great Lent,7
2024-04-11,"Readings for Thursday, April 11th - Thursday of the fifth week of Great Lent - Coptic Lectionary - CopticChurch.net",Thursday of the fifth week of Great Lent,7
2024-04-12,"Readings for Friday, April 12th - Friday of the fifth week of Great Lent - Coptic Lectionary - CopticChurch.net",Friday of the fifth week of Great Lent,7
2024-04-13,"Readings for Saturday, April 13th - Saturday of the fifth week of Great Lent - Coptic Lectionary - CopticChurch.net",Saturday of the fifth week of Great Lent,7
2024-04-14,"Readings for Sunday, April 14th - Sunday of the fifth week of Great Lent - Coptic Lectionary - CopticChurch.net",Sunday of the fifth week of Great Lent,9
2024-04-15,"Readings for Monday, April 15th - Monday of the sixth week of Great Lent - Coptic Lectionary - CopticChurch.net",Monday of the sixth week of Great Lent,7
2024-04-16,"Readings for Tuesday, April 16th - Tuesday of the sixth week of Great Lent - Coptic Lectionary - CopticChurch.net",Tuesday of the sixth week of Great Lent,7
2024-04-17,"Readings for Wednesday, April 17th - Wednesday of the sixth week of Great Lent - Coptic Lectionary - CopticChurch.net",Wednesday of the sixth week of Great Lent,7
2024-04-18,"Readings for Thursday, April 18th - Thursday of the sixth week of Great Lent - Coptic Lectionary - CopticChurch.net",Thursday of the sixth week of Great Lent,7
2024-04-19,"Readings for Friday, April 19th - Friday of the sixth week of Great Lent - Coptic Lectionary - CopticChurch.net",Friday of the sixth week of Great Lent,7
2024-04-20,"Readings for Saturday, April 20th - Saturday of the sixth week of Great Lent - Coptic Lectionary - CopticChurch.net",Saturday of the sixth week of Great Lent,7
2024-04-21,"Readings for Sunday, April 21st - Sunday of the sixth week of Great Lent - Coptic Lectionary - CopticChurch.net",Sunday of the sixth week of Great Lent,9
2024-04-22,"Readings for Monday, April 22nd - Monday of the seventh week of Great Lent - Coptic Lectionary - CopticChurch.net",Monday of the seventh week of Great Lent,7
2024-04-23,"Readings for Tuesday, April 23rd - Tuesday of the seventh week of Great Lent - Coptic Lectionary - CopticChurch.net",Tuesday of the seventh week of Great Lent,7
2024-04-24,"Readings for Wednesday, April 24th - Wednesday of the seventh week of Great Lent - Coptic Lectionary - CopticChurch.net",Wednesday of the seventh week of Great Lent,7
2024-04-25,"Readings for Thursday, April 25th - Thursday of the seventh week of Great Lent - Coptic Lectionary - CopticChurch.net",Thursday of the seventh week of Great Lent,7
2024-04-26,"Readings for Friday, April 26th - Friday of the seventh week of Great Lent - Coptic Lectionary - CopticChurch.net",Friday of the seventh week of Great Lent,7
2024-04-27,"Readings for Saturday, April 27th - Lazarus Saturday of Great Lent - Coptic Lectionary - CopticChurch.net",Lazarus Saturday of Great Lent,7
2024-04-28,"Readings for Sunday, April 28th - Palm Sunday - Coptic Lectionary - CopticChurch.net",Palm Sunday,9
2024-04-29,"Readings for Monday, April 29th - Monday of Holy Week - Coptic Lectionary - CopticChurch.net",Monday of Holy Week,0
2024-04-30,"Readings for Tuesday, April 30th - Tuesday of Holy Week - Coptic Lectionary - CopticChurch.net",Tuesday of Holy Week,0
2024-05-01,"Readings for Wednesday, May 1st - Wednesday of Holy Week - Coptic Lectionary - CopticChurch.net",Wednesday of Holy Week,0
2024-05-02,"Readings for Thursday, May 2nd - Holy Thursday - Coptic Lectionary - CopticChurch.net",Holy Thursday,0
2024-05-03,"Readings for Friday, May 3rd - Good Friday - Coptic Lectionary - CopticChurch.net",Good Friday,0
2024-05-04,"Readings for Saturday, May 4th - Bright Saturday - Coptic Lectionary - CopticChurch.net",Bright Saturday,0
2024-05-05,"Readings for Sunday, May 5th - The Feast of Resurrection - Coptic Lectionary - CopticChurch.net",The Feast of Resurrection,7
2024-05-06,"Readings for Monday, May 6th - Monday of the first week of the holy fifty days - Coptic Lectionary - CopticChurch.net",Monday of the first week of the holy fifty days,9
2024-05-07,"Readings for Tuesday, May 7th - Tuesday of the first week of the holy fifty days - Coptic Lectionary - CopticChurch.net",Tuesday of the first week of the holy fifty days,9
2024-05-08,"Readings for Wednesday, May 8th - Wednesday of the first week of the holy fifty days - Coptic Lectionary - CopticChurch.net",Wednesday of the first week of the holy fifty days,9
2024-05-09,"Readings for Thursday, May 9th - Thursday of the first week of the holy fifty days - Coptic Lectionary - CopticChurch.net",Thursday of the first week of the holy fifty days,9
2024-05-10,"Readings for Friday, May 10th - Friday of the first week of the holy fifty days - Coptic Lectionary - CopticChurch.net",Friday of the first week of the holy fifty days,9
2024-05-11,"Readings for Saturday, May 11th - Saturday of the first week of the holy fifty days - Coptic Lectionary - CopticChurch.net",Saturday of the first week of the holy fifty days,9
2024-05-12,"Readings for Sunday, May 12th - Thomas Sunday - Coptic Lectionary - CopticChurch.net",Thomas Sunday,9
2024-05-13,"Readings for Monday, May 13th - Monday of the second week of the holy fifty days - Coptic Lectionary - CopticChurch.net",Monday of the second week of the holy fifty days,9
2024-05-14,"Readings for Tuesday, May 14th - Tuesday of the second week of the holy fifty days - Coptic Lectionary - CopticChurch.net",Tuesday of the second week of the holy fifty days,9
2024-05-15,"Readings for Wednesday, May 15th - Wednesday of the second week of the holy fifty days - Coptic Lectionary - CopticChurch.net",Wednesday of the second week of the holy fifty days,9
2024-05-16,"Readings for Thursday, May 16th - Thursday of the second week of the holy fifty days - Coptic Lectionary - CopticChurch.net",Thursday of the second week of the holy fifty days,9
2024-05-17,"Readings for Friday, May 17th - Friday of the second week of the holy fifty days - Coptic Lectionary - CopticChurch.net",Friday of the second week of the holy fifty days,9
2024-05-18,"Readings for Saturday, May 18th - Saturday of the second week of the holy fifty days - Coptic Lectionary - CopticChurch.net",Saturday of the second week of the holy fifty days,9
2024-05-19,"Readings for Sunday, May 19th - Sunday of the second week of the holy fifty days - Coptic Lectionary - CopticChurch.net",Sunday of the second week of the holy fifty days,9
2024-05-20,"Readings for Monday, May 20th - Monday of the third week of the holy fifty days - Coptic Lectionary - CopticChurch.net",Monday of the third week of the holy fifty days,9
2024-05-21,"Readings for Tuesday, May 21st - Tuesday of the third week of the holy fifty days - Coptic Lectionary - CopticChurch.net",Tuesday of the third week of the holy fifty days,9
2024-05-22,"Readings for Wednesday, May 22nd - Wednesday of the third week of the holy fifty days - Coptic Lectionary - CopticChurch.net",Wednesday of the third week of the holy fifty days,9
2024-05-23,"Readings for Thursday, May 23rd - Thursday of the third week of the holy fifty days - Coptic Lectionary - CopticChurch.net",Thursday of the third week of the holy fifty days,9
2024-05-24,"Readings for Friday, May 24th - Friday of the third week of the holy fifty days - Coptic Lectionary - CopticChurch.net",Friday of the third week of the holy fifty days,9
2024-05-25,"Readings for Saturday, May 25th - Saturday of the third week of the holy fifty days - Coptic Lectionary - CopticChurch.net",Saturday of the third week of the holy fifty days,9
2024-05-26,"Readings for Sunday, May 26th - Sunday of the third week of the holy fifty days - Coptic Lectionary - CopticChurch.net",Sunday of the third week of the holy fifty days,9
2024-05-27,"Readings for Monday, May 27th - Monday of the fourth week of the holy fifty days - Coptic Lectionary - CopticChurch.net",Monday of the fourth week of the holy fifty days,9
2024-05-28,"Readings for Tuesday, May 28th - Tuesday of the fourth week of the holy fifty days - Coptic Lectionary - CopticChurch.net",Tuesday of the fourth week of the holy fifty days,9
2024-05-29,"Readings for Wednesday, May 29th - Wednesday of the fourth week of the holy fifty days - Coptic Lectionary - CopticChurch.net",Wednesday of the fourth week of the holy fifty days,9
2024-05-30,"Readings for Thursday, May 30th - Thursday of the fourth week of the holy fifty days - Coptic Lectionary - CopticChurch.net",Thursday of the fourth week of the holy fifty days,9
2024-05-31,"Readings for Friday, May 31st - Friday of the fourth week of the holy fifty days - Coptic Lectionary - CopticChurch.net",Friday of the fourth week of the holy fifty days,9
2024-06-01,"Readings for Saturday, June 1st - Saturday of the fourth week of the holy fifty days and the Feast of Entry into Egypt - Coptic Lectionary - CopticChurch.net",Saturday of the fourth week of the holy fifty days and the Feast of Entry into Egypt,9
2024-06-02,"Readings for Sunday, June 2nd - Sunday of the fourth week of the holy fifty days - Coptic Lectionary - CopticChurch.net",Sunday of the fourth week of the holy fifty days,9
2024-06-03,"Readings for Monday, June 3rd - Monday of the fifth week of the holy fifty days - Coptic Lectionary - CopticChurch.net",Monday of the fifth week of the holy fifty days,9
2024-06-04,"Readings for Tuesday, June 4th - Tuesday of the fifth week of the holy fifty days - Coptic Lectionary - CopticChurch.net",Tuesday of the fifth week of the holy fifty days,9
2024-06-05,"Readings for Wednesday, June 5th - Wednesday of the fifth week of the holy fifty days - Coptic Lectionary - CopticChurch.net",Wednesday of the fifth week of the holy fifty days,9
2024-06-06,"Readings for Thursday, June 6th - Thursday of the fifth week of the holy fifty days - Coptic Lectionary - CopticChurch.net",Thursday of the fifth week of the holy fifty days,9
2024-06-07,"Readings for Friday, June 7th - Friday of the fifth week of the holy fifty days - Coptic Lectionary - CopticChurch.net",Friday of the fifth week of the holy fifty days,9
2024-06-08,"Readings for Saturday, June 8th - Saturday of the fifth week of the holy fifty days - Coptic Lectionary - CopticChurch.net",Saturday of the fifth week of the holy fifty days,9
2024-06-09,"Readings for Sunday, June 9th - Sunday of the fifth week of the holy fifty days - Coptic Lectionary - CopticChurch.net",Sunday of the fifth week of the holy fifty days,9
2024-06-10,"Readings for Monday, June 10th - Monday of the sixth week of the holy fifty days - Coptic Lectionary - CopticChurch.net",Monday of the sixth week of the holy fifty days,9
2024-06-11,"Readings for Tuesday, June 11th - Tuesday of the sixth week of the holy fifty days - Coptic Lectionary - CopticChurch.net",Tuesday of the sixth week of the holy fifty days,9
2024-06-12,"Readings for Wednesday, June 12th - Wednesday of the sixth week of the holy fifty days - Coptic Lectionary - CopticChurch.net",Wednesday of the sixth week of the holy fifty days,9
2024-06-13,"Readings for Thursday, June 13th - The Feast of the Ascension - Coptic Lectionary - CopticChurch.net",The Feast of the Ascension,9
2024-06-14,"Readings for Friday, June 14th - Friday of the sixth week of the holy fifty days - Coptic Lectionary - CopticChurch.net",Friday of the sixth week of the holy fifty days,9
2024-06-15,"Readings for Saturday, June 15th - Saturday of the sixth week of the holy fifty days - Coptic Lectionary - CopticChurch.net",Saturday of the sixth week of the holy fifty days,9
2024-06-16,"Readings for Sunday, June 16th - Sunday of the sixth week of the holy fifty days - Coptic Lectionary - CopticChurch.net",Sunday of the sixth week of the holy fifty days,9
2024-06-17,"Readings for Monday, June 17th - Monday of the seventh week of the holy fifty days - Coptic Lectionary - CopticChurch.net",Monday of the seventh week of the holy fifty days,9
2024-06-18,"Readings for Tuesday, June 18th - Tuesday of the seventh week of the holy fifty days - Coptic Lectionary - CopticChurch.net",Tuesday of the seventh week of the holy fifty days,9
2024-06-19,"Readings for Wednesday, June 19th - Wednesday of the seventh week of the holy fifty days - Coptic Lectionary - CopticChurch.net",Wednesday of the seventh week of the holy fifty days,9
2024-06-20,"Readings for Thursday, June 20th - Thursday of the seventh week of the holy fifty days - Coptic Lectionary - CopticChurch.net",Thursday of the seventh week of the holy fifty days,9
2024-06-21,"Readings for Friday, June 21st - Friday of the seventh week of the holy fifty days - Coptic Lectionary - CopticChurch.net",Friday of the seventh week of the holy fifty days,9
2024-06-22,"Readings for Saturday, June 22nd - Saturday of the seventh week of the holy fifty days - Coptic Lectionary - CopticChurch.net",Saturday of the seventh week of the holy fifty days,9
2024-06-23,"Readings for Sunday, June 23rd - Pentecost - Coptic Lectionary - CopticChurch.net",Pentecost,9
2024-06-24,"Readings for Monday, June 24th - Paona 17 - Coptic Lectionary - CopticChurch.net",Paona 17,9
2024-06-25,"Readings for Tuesday, June 25th - Paona 18 - Coptic Lectionary - CopticChurch.net",Paona 18,9
2024-06-26,"Readings for Wednesday, June 26th - Paona 19 - Coptic Lectionary - CopticChurch.net",Paona 19,9
2024-06-27,"Readings for Thursday, June 27th - Paona 20 - Coptic Lectionary - CopticChurch.net",Paona 20,9
2024-06-28,"Readings for Friday, June 28th - Paona 21 - Coptic Lectionary - CopticChurch.net",Paona 21,9
2024-06-29,"Readings for Saturday, June 29th - Paona 22 - Coptic Lectionary - CopticChurch.net",Paona 22,9
2024-06-30,"Readings for Sunday, June 30th - The fourth Sunday of Paona - Coptic Lectionary - CopticChurch.net",The fourth Sunday of Paona,9
2024-07-01,"Readings for Monday, July 1st - Paona 24 - Coptic Lectionary - CopticChurch.net",Paona 24,9
2024-07-02,"Readings for Tuesday, July 2nd - Paona 25 - Coptic Lectionary - CopticChurch.net",Paona 25,9
2024-07-03,"Readings for Wednesday, July 3rd - Paona 26 - Coptic Lectionary - CopticChurch.net",Paona 26,9
2024-07-04,"Readings for Thursday, July 4th - Paona 27 - Coptic Lectionary - CopticChurch.net",Paona 27,9
2024-07-05,"Readings for Friday, July 5th - Paona 28 - Coptic Lectionary - CopticChurch.net",Paona 28,9
2024-07-06,"Readings for Saturday, July 6th - Paona 29 - Coptic Lectionary - CopticChurch.net",Paona 29,9
2024-07-07,"Readings for Sunday, July 7th - The fifth Sunday of Paona - Coptic Lectionary - CopticChurch.net",The fifth Sunday of Paona,9
2024-07-08,"Readings for Monday, July 8th - Abib 1 - Coptic Lectionary - CopticChurch.net",Abib 1,9
2024-07-09,"Readings for Tuesday, July 9th - Abib 2 - Coptic Lectionary - CopticChurch.net",Abib 2,9
2024-07-10,"Readings for Wednesday, July 10th - Abib 3 - Coptic Lectionary - CopticChurch.net",Abib 3,9
2024-07-11,"Readings for Thursday, July 11th - Abib 4 - Coptic Lectionary - CopticChurch.net",Abib 4,9
2024-07-12,"Readings for Friday, July 12th - Abib 5 (Apostle's Feast) - Coptic Lectionary - CopticChurch.net",Abib 5 (Apostle's Feast),9
2024-07-13,"Readings for Saturday, July 13th - Abib 6 - Coptic Lectionary - CopticChurch.net",Abib 6,9
2024-07-14,"Readings for Sunday, July 14th - The first Sunday of Abib - Coptic Lectionary - CopticChurch.net",The first Sunday of Abib,9
2024-07-15,"Readings for Monday, July 15th - Abib 8 - Coptic Lectionary - CopticChurch.net",Abib 8,9
2024-07-16,"Readings for Tuesday, July 16th - Abib 9 - Coptic Lectionary - CopticChurch.net",Abib 9,9
2024-07-17,"Readings for Wednesday, July 17th - Abib 10 - Coptic Lectionary - CopticChurch.net",Abib 10,9
2024-07-18,"Readings for Thursday, July 18th - Abib 11 - Coptic Lectionary - CopticChurch.net",Abib 11,9
2024-07-19,"Readings for Friday, July 19th - Abib 12 - Coptic Lectionary - CopticChurch.net",Abib 12,9
2024-07-20,"Readings for Saturday, July 20th - Abib 13 - Coptic Lectionary - CopticChurch.net",Abib 13,9
2024-07-21,"Readings for Sunday, July 21st - The second Sunday of Abib - Coptic Lectionary - CopticChurch.net",The second Sunday of Abib,9
2024-07-22,"Readings for Monday, July 22nd - Abib 15 - Coptic Lectionary - CopticChurch.net",Abib 15,9
2024-07-23,"Readings for Tuesday, July 23rd - Abib 16 - Coptic Lectionary - CopticChurch.net",Abib 16,9
2024-07-24,"Readings for Wednesday, July 24th - Abib 17 - Coptic Lectionary - CopticChurch.net",Abib 17,9
2024-07-25,"Readings for Thursday, July 25th - Abib 18 - Coptic Lectionary - CopticChurch.net",Abib 18,9
2024-07-26,"Readings for Friday, July 26th - Abib 19 - Coptic Lectionary - CopticChurch.net",Abib 19,9
2024-07-27,"Readings for Saturday, July 27th - Abib 20 - Coptic Lectionary - CopticChurch.net",Abib 20,9
2024-07-28,"Readings for Sunday, July 28th - The third Sunday of Abib - Coptic Lectionary - CopticChurch.net",The third Sunday of Abib,9
2024-07-29,"Readings for Monday, July 29th - Abib 22 - Coptic Lectionary - CopticChurch.net",Abib 22,9
2024-07-30,"Readings for Tuesday, July 30th - Abib 23 - Coptic Lectionary - CopticChurch.net",Abib 23,9
2024-07-31,"Readings for Wednesday, July 31st - Abib 24 - Coptic Lectionary - CopticChurch.net",Abib 24,9
2024-08-01,"Readings for Thursday, August 1st - Abib 25 - Coptic Lectionary - CopticChurch.net",Abib 25,9
2024-08-02,"Readings for Friday, August 2nd - Abib 26 - Coptic Lectionary - CopticChurch.net",Abib 26,9
2024-08-03,"Readings for Saturday, August 3rd - Abib 27 - Coptic Lectionary - CopticChurch.net",Abib 27,9
2024-08-04,"Readings for Sunday, August 4th - The fourth Sunday of Abib - Coptic Lectionary - CopticChurch.net",The fourth Sunday of Abib,9
2024-08-05,"Readings for Monday, August 5th - Abib 29 - Coptic Lectionary - CopticChurch.net",Abib 29,9
2024-08-06,"Readings for Tuesday, August 6th - Abib 30 - Coptic Lectionary - CopticChurch.net",Abib 30,9
2024-08-07,"Readings for Wednesday, August 7th - St Mary's Fast - Coptic Lectionary - CopticChurch.net",St Mary's Fast,9
2024-08-08,"Readings for Thursday, August 8th - Mesra 2 - Coptic Lectionary - CopticChurch.net",Mesra 2,9
2024-08-09,"Readings for Friday, August 9th - Mesra 3 - Coptic Lectionary - CopticChurch.net",Mesra 3,9
2024-08-10,"Readings for Saturday, August 10th - Mesra 4 - Coptic Lectionary - CopticChurch.net",Mesra 4,9
2024-08-11,"Readings for Sunday, August 11th - The first Sunday of Mesra - Coptic Lectionary - CopticChurch.net",The first Sunday of Mesra,9
2024-08-12,"Readings for Monday, August 12th - Mesra 6 - Coptic Lectionary - CopticChurch.net",Mesra 6,9
2024-08-13,"Readings for Tuesday, August 13th - Mesra 7 - Coptic Lectionary - CopticChurch.net",Mesra 7,9
2024-08-14,"Readings for Wednesday, August 14th - Mesra 8 - Coptic Lectionary - CopticChurch.net",Mesra 8,9
2024-08-15,"Readings for Thursday, August 15th - Mesra 9 - Coptic Lectionary - CopticChurch.net",Mesra 9,9
2024-08-16,"Readings for Friday, August 16th - Mesra 10 - Coptic Lectionary - CopticChurch.net",Mesra 10,9
2024-08-17,"Readings for Saturday, August 17th - Mesra 11 - Coptic Lectionary - CopticChurch.net",Mesra 11,9
2024-08-18,"Readings for Sunday, August 18th - The second Sunday of Mesra - Coptic Lectionary - CopticChurch.net",The second Sunday of Mesra,9
2024-08-19,"Readings for Monday, August 19th - Transfiguration - Coptic Lectionary - CopticChurch.net",Transfiguration,9
2024-08-20,"Readings for Tuesday, August 20th - Mesra 14 - Coptic Lectionary - CopticChurch.net",Mesra 14,9
2024-08-21,"Readings for Wednesday, August 21st - Mesra 15 - Coptic Lectionary - CopticChurch.net",Mesra 15,9
2024-08-22,"Readings for Thursday, August 22nd - Mesra 16 (St Mary's Feast) - Coptic Lectionary - CopticChurch.net",Mesra 16 (St Mary's Feast),9
2024-08-23,"Readings for Friday, August 23rd - Mesra 17 - Coptic Lectionary - CopticChurch.net",Mesra 17,9
2024-08-24,"Readings for Saturday, August 24th - Mesra 18 - Coptic Lectionary - CopticChurch.net",Mesra 18,9
2024-08-25,"Readings for Sunday, August 25th - The third Sunday of Mesra - Coptic Lectionary - CopticChurch.net",The third Sunday of Mesra,9
2024-08-26,"Readings for Monday, August 26th - Mesra 20 - Coptic Lectionary - CopticChurch.net",Mesra 20,9
2024-08-27,"Readings for Tuesday, August 27th - Mesra 21 - Coptic Lectionary - CopticChurch.net",Mesra 21,9
2024-08-28,"Readings for Wednesday, August 28th - Mesra 22 - Coptic Lectionary - CopticChurch.net",Mesra 22,9
2024-08-29,"Readings for Thursday, August 29th - Mesra 23 - Coptic Lectionary - CopticChurch.net",Mesra 23,9
2024-08-30,"Readings for Friday, August 30th - Mesra 24 - Coptic Lectionary - CopticChurch.net",Mesra 24,9
2024-08-31,"Readings for Saturday, August 31st - Mesra 25 - Coptic Lectionary - CopticChurch.net",Mesra 25,9
2024-09-01,"Readings for Sunday, September 1st - The fourth Sunday of Mesra - Coptic Lectionary - CopticChurch.net",The fourth Sunday of Mesra,9
2024-09-02,"Readings for Monday, September 2nd - Mesra 27 - Coptic Lectionary - CopticChurch.net",Mesra 27,9
2024-09-03,"Readings for Tuesday, September 3rd - Mesra 28 - Coptic Lectionary - CopticChurch.net",Mesra 28,9
2024-09-04,"Readings for Wednesday, September 4th - Mesra 29 - Coptic Lectionary - CopticChurch.net",Mesra 29,9
2024-09-05,"Readings for Thursday, September 5th - Mesra 30 - Coptic Lectionary - CopticChurch.net",Mesra 30,9
2024-09-06,"Readings for Friday, September 6th - Nasie 1 - Coptic Lectionary - CopticChurch.net",Nasie 1,9
2024-09-07,"Readings for Saturday, September 7th - Nasie 2 - Coptic Lectionary - CopticChurch.net",Nasie 2,9
2024-09-08,"Readings for Sunday, September 8th - The first Sunday of Nasie - Coptic Lectionary - CopticChurch.net",The first Sunday of Nasie,9
2024-09-09,"Readings for Monday, September 9th - Nasie 4 - Coptic Lectionary - CopticChurch.net",Nasie 4,9
2024-09-10,"Readings for Tuesday, September 10th - Nasie 5 - Coptic Lectionary - CopticChurch.net",Nasie 5,9
2024-09-11,"Readings for Wednesday, September 11th - Tout 1 - Coptic Lectionary - CopticChurch.net",Tout 1,9
2024-09-12,"Readings for Thursday, September 12th - Tout 2 - Coptic Lectionary - CopticChurch.net",Tout 2,9
2024-09-13,"Readings for Friday, September 13th - Tout 3 - Coptic Lectionary - CopticChurch.net",Tout 3,9
2024-09-14,"Readings for Saturday, September 14th - Tout 4 - Coptic Lectionary - CopticChurch.net",Tout 4,9
2024-09-15,"Readings for Sunday, September 15th - The first Sunday of Tout - Coptic Lectionary - CopticChurch.net",The first Sunday of Tout,9
2024-09-16,"Readings for Monday, September 16th - Tout 6 - Coptic Lectionary - CopticChurch.net",Tout 6,9
2024-09-17,"Readings for Tuesday, September 17th - Tout 7 - Coptic Lectionary - CopticChurch.net",Tout 7,9
2024-09-18,"Readings for Wednesday, September 18th - Tout 8 - Coptic Lectionary - CopticChurch.net",Tout 8,9
2024-09-19,"Readings for Thursday, September 19th - Tout 9 - Coptic Lectionary - CopticChurch.net",Tout 9,9
2024-09-20,"Readings for Friday, September 20th - Tout 10 - Coptic Lectionary - CopticChurch.net",Tout 10,9
2024-09-21,"Readings for Saturday, September 21st - Tout 11 - Coptic Lectionary - CopticChurch.net",Tout 11,9
2024-09-22,"Readings for Sunday, September 22nd - The second Sunday of Tout - Coptic Lectionary - CopticChurch.net",The second Sunday of Tout,9
2024-09-23,"Readings for Monday, September 23rd - Tout 13 - Coptic Lectionary - CopticChurch.net",Tout 13,9
2024-09-24,"Readings for Tuesday, September 24th - Tout 14 - Coptic Lectionary - CopticChurch.net",Tout 14,9
2024-09-25,"Readings for Wednesday, September 25th - Tout 15 - Coptic Lectionary - CopticChurch.net",Tout 15,9
2024-09-26,"Readings for Thursday, September 26th - Tout 16 - Coptic Lectionary - CopticChurch.net",Tout 16,9
2024-09-27,"Readings for Friday, September 27th - Tout 17 (Feast of the Cross) - Coptic Lectionary - CopticChurch.net",Tout 17 (Feast of the Cross),9
2024-09-28,"Readings for Saturday, September 28th - Tout 18 (Feast of the Cross) - Coptic Lectionary - CopticChurch.net",Tout 18 (Feast of the Cross),9
2024-09-29,"Readings for Sunday, September 29th - Sunday, Tout 19 (Feast of the Cross) - Coptic Lectionary - CopticChurch.net","Sunday, Tout 19 (Feast of the Cross)",9
2024-09-30,"Readings for Monday, September 30th - Tout 20 - Coptic Lectionary - CopticChurch.net",Tout 20,9
2024-10-01,"Readings for Tuesday, October 1st - Tout 21 - Coptic Lectionary - CopticChurch.net",Tout 21,9
2024-10-02,"Readings for Wednesday, October 2nd - Tout 22 - Coptic Lectionary - CopticChurch.net",Tout 22,9
2024-10-03,"Readings for Thursday, October 3rd - Tout 23 - Coptic Lectionary - CopticChurch.net",Tout 23,9
2024-10-04,"Readings for Friday, October 4th - Tout 24 - Coptic Lectionary - CopticChurch.net",Tout 24,9
2024-10-05,"Readings for Saturday, October 5th - Tout 25 - Coptic Lectionary - CopticChurch.net",Tout 25,9
2024-10-06,"Readings for Sunday, October 6th - The fourth Sunday of Tout - Coptic Lectionary - CopticChurch.net",The fourth Sunday of Tout,9
2024-10-07,"Readings for Monday, October 7th - Tout 27 - Coptic Lectionary - CopticChurch.net",Tout 27,9
2024-10-08,"Readings for Tuesday, October 8th - Tout 28 - Coptic Lectionary - CopticChurch.net",Tout 28,9
2024-10-09,"Readings for Wednesday, October 9th - Tout 29 - Coptic Lectionary - CopticChurch.net",Tout 29,9
2024-10-10,"Readings for Thursday, October 10th - Tout 30 - Coptic Lectionary - CopticChurch.net",Tout 30,9
2024-10-11,"Readings for Friday, October 11th - Baba 1 - Coptic Lectionary - CopticChurch.net",Baba 1,9
2024-10-12,"Readings for Saturday, October 12th - Baba 2 - Coptic Lectionary - CopticChurch.net",Baba 2,9
2024-10-13,"Readings for Sunday, October 13th - The first Sunday of Baba - Coptic Lectionary - CopticChurch.net",The first Sunday of Baba,9
2024-10-14,"Readings for Monday, October 14th - Baba 4 - Coptic Lectionary - CopticChurch.net",Baba 4,9
2024-10-15,"Readings for Tuesday, October 15th - Baba 5 - Coptic Lectionary - CopticChurch.net",Baba 5,9
2024-10-16,"Readings for Wednesday, October 16th - Baba 6 - Coptic Lectionary - CopticChurch.net",Baba 6,9
2024-10-17,"Readings for Thursday, October 17th - Baba 7 - Coptic Lectionary - CopticChurch.net",Baba 7,9
2024-10-18,"Readings for Friday, October 18th - Baba 8 - Coptic Lectionary - CopticChurch.net",Baba 8,9
2024-10-19,"Readings for Saturday, October 19th - Baba 9 - Coptic Lectionary - CopticChurch.net",Baba 9,9
2024-10-20,"Readings for Sunday, October 20th - The second Sunday of Baba - Coptic Lectionary - CopticChurch.net",The second Sunday of Baba,9
2024-10-21,"Readings for Monday, October 21st - Baba 11 - Coptic Lectionary - CopticChurch.net",Baba 11,9
2024-10-22,"Readings for Tuesday, October 22nd - Baba 12 - Coptic Lectionary - CopticChurch.net",Baba 12,9
2024-10-23,"Readings for Wednesday, October 23rd - Baba 13 - Coptic Lectionary - CopticChurch.net",Baba 13,9
2024-10-24,"Readings for Thursday, October 24th - Baba 14 - Coptic Lectionary - CopticChurch.net",Baba 14,9
2024-10-25,"Readings for Friday, October 25th - Baba 15 - Coptic Lectionary - CopticChurch.net",Baba 15,9
2024-10-26,"Readings for Saturday, October 26th - Baba 16 - Coptic Lectionary - CopticChurch.net",Baba 16,9
2024-10-27,"Readings for Sunday, October 27th - The third Sunday of Baba - Coptic Lectionary - CopticChurch.net",The third Sunday of Baba,9
2024-10-28,"Readings for Monday, October 28th - Baba 18 - Coptic Lectionary - CopticChurch.net",Baba 18,9
2024-10-29,"Readings for Tuesday, October 29th - Baba 19 - Coptic Lectionary - CopticChurch.net",Baba 19,9
2024-10-30,"Readings for Wednesday, October 30th - Baba 20 - Coptic Lectionary - CopticChurch.net",Baba 20,9
2024-10-31,"Readings for Thursday, October 31st - Baba 21 - Coptic Lectionary - CopticChurch.net",Baba 21,9
2024-11-01,"Readings for Friday, November 1st - Baba 22 - Coptic Lectionary - CopticChurch.net",Baba 22,9
2024-11-02,"Readings for Saturday, November 2nd - Baba 23 - Coptic Lectionary - CopticChurch.net",Baba 23,9
2024-11-03,"Readings for Sunday, November 3rd - The fourth Sunday of Baba - Coptic Lectionary - CopticChurch.net",The fourth Sunday of Baba,9
2024-11-04,"Readings for Monday, November 4th - Baba 25 - Coptic Lectionary - CopticChurch.net",Baba 25,9
2024-11-05,"Readings for Tuesday, November 5th - Baba 26 - Coptic Lectionary - CopticChurch.net",Baba 26,9
2024-11-06,"Readings for Wednesday, November 6th - Baba 27 - Coptic Lectionary - CopticChurch.net",Baba 27,9
2024-11-07,"Readings for Thursday, November 7th - Baba 28 - Coptic Lectionary - CopticChurch.net",Baba 28,9
2024-11-08,"Readings for Friday, November 8th - Baba 29 - Coptic Lectionary - CopticChurch.net",Baba 29,9
2024-11-09,"Readings for Saturday, November 9th - Baba 30 - Coptic Lectionary - CopticChurch.net",Baba 30,9
2024-11-10,"Readings for Sunday, November 10th - The first Sunday of Hator - Coptic Lectionary - CopticChurch.net",The first Sunday of Hator,9
2024-11-11,"Readings for Monday, November 11th - Hator 2 - Coptic Lectionary - CopticChurch.net",Hator 2,9
2024-11-12,"Readings for Tuesday, November 12th - Hator 3 - Coptic Lectionary - CopticChurch.net",Hator 3,9
2024-11-13,"Readings for Wednesday, November 13th - Hator 4 - Coptic Lectionary - CopticChurch.net",Hator 4,9
2024-11-14,"Readings for Thursday, November 14th - Hator 5 - Coptic Lectionary - CopticChurch.net",Hator 5,9
2024-11-15,"Readings for Friday, November 15th - Hator 6 - Coptic Lectionary - CopticChurch.net",Hator 6,9
2024-11-16,"Readings for Saturday, November 16th - Hator 7 - Coptic Lectionary - CopticChurch.net",Hator 7,9
2024-11-17,"Readings for Sunday, November 17th - The second Sunday of Hator - Coptic Lectionary - CopticChurch.net",The second Sunday of Hator,9
2024-11-18,"Readings for Monday, November 18th - Hator 9 - Coptic Lectionary - CopticChurch.net",Hator 9,9
2024-11-19,"Readings for Tuesday, November 19th - Hator 10 - Coptic Lectionary - CopticChurch.net",Hator 10,9
2024-11-20,"Readings for Wednesday, November 20th - Hator 11 - Coptic Lectionary - CopticChurch.net",Hator 11,9
2024-11-21,"Readings for Thursday, November 21st - Hator 12 - Coptic Lectionary - CopticChurch.net",Hator 12,9
2024-11-22,"Readings for Friday, November 22nd - Hator 13 - Coptic Lectionary - CopticChurch.net",Hator 13,9
2024-11-23,"Readings for Saturday, November 23rd - Hator 14 - Coptic Lectionary - CopticChurch.net",Hator 14,9
2024-11-24,"Readings for Sunday, November 24th - The third Sunday of Hator - Coptic Lectionary - CopticChurch.net",The third Sunday of Hator,9
2024-11-25,"Readings for Monday, November 25th - Hator 16 of Christmas Fast - Coptic Lectionary - CopticChurch.net",Hator 16 of Christmas Fast,9
2024-11-26,"Readings for Tuesday, November 26th - Hator 17 - Coptic Lectionary - CopticChurch.net",Hator 17,9
2024-11-27,"Readings for Wednesday, November 27th - Hator 18 - Coptic Lectionary - CopticChurch.net",Hator 18,9
2024-11-28,"Readings for Thursday, November 28th - Hator 19 - Coptic Lectionary - CopticChurch.net",Hator 19,9
2024-11-29,"Readings for Friday, November 29th - Hator 20 - Coptic Lectionary - CopticChurch.net",Hator 20,9
2024-11-30,"Readings for Saturday, November 30th - Hator 21 - Coptic Lectionary - CopticChurch.net",Hator 21,9
2024-12-01,"Readings for Sunday, December 1st - The fourth Sunday of Hator - Coptic Lectionary - CopticChurch.net",The fourth Sunday of Hator,9
2024-12-02,"Readings for Monday, December 2nd - Hator 23 - Coptic Lectionary - CopticChurch.net",Hator 23,9
2024-12-03,"Readings for Tuesday, December 3rd - Hator 24 - Coptic Lectionary - CopticChurch.net",Hator 24,9
2024-12-04,"Readings for Wednesday, December 4th - Hator 25 - Coptic Lectionary - CopticChurch.net",Hator 25,9
2024-12-05,"Readings for Thursday, December 5th - Hator 26 - Coptic Lectionary - CopticChurch.net",Hator 26,9
2024-12-06,"Readings for Friday, December 6th - Hator 27 - Coptic Lectionary - CopticChurch.net",Hator 27,9
2024-12-07,"Readings for Saturday, December 7th - Hator 28 - Coptic Lectionary - CopticChurch.net",Hator 28,9
2024-12-08,"Readings for Sunday, December 8th - The fifth Sunday of Hator (Readings of 29th Baramhat) - Coptic Lectionary - CopticChurch.net",The fifth Sunday of Hator (Readings of 29th Baramhat),9
2024-12-09,"Readings for Monday, December 9th - Hator 30 - Coptic Lectionary - CopticChurch.net",Hator 30,9
2024-12-10,"Readings for Tuesday, December 10th - Kiak 1 - Coptic Lectionary - CopticChurch.net",Kiak 1,9
2024-12-11,"Readings for Wednesday, December 11th - Kiak 2 - Coptic Lectionary - CopticChurch.net",Kiak 2,9
2024-12-12,"Readings for Thursday, December 12th - Kiak 3 - Coptic Lectionary - CopticChurch.net",Kiak 3,9
2024-12-13,"Readings for Friday, December 13th - Kiak 4 - Coptic Lectionary - CopticChurch.net",Kiak 4,9
2024-12-14,"Readings for Saturday, December 14th - Kiak 5 - Coptic Lectionary - CopticChurch.net",Kiak 5,9
2024-12-15,"Readings for Sunday, December 15th - The first Sunday of Kiak - Coptic Lectionary - CopticChurch.net",The first Sunday of Kiak,9
2024-12-16,"Readings for Monday, December 16th - Kiak 7 - Coptic Lectionary - CopticChurch.net",Kiak 7,9
2024-12-17,"Readings for Tuesday, December 17th - Kiak 8 - Coptic Lectionary - CopticChurch.net",Kiak 8,9
2024-12-18,"Readings for Wednesday, December 18th - Kiak 9 - Coptic Lectionary - CopticChurch.net",Kiak 9,9
2024-12-19,"Readings for Thursday, December 19th - Kiak 10 - Coptic Lectionary - CopticChurch.net",Kiak 10,9
2024-12-20,"Readings for Friday, December 20th - Kiak 11 - Coptic Lectionary - CopticChurch.net",Kiak 11,9
2024-12-21,"Readings for Saturday, December 21st - Kiak 12 - Coptic Lectionary - CopticChurch.net",Kiak 12,9
2024-12-22,"Readings for Sunday, December 22nd - The second Sunday of Kiak - Coptic Lectionary - CopticChurch.net",The second Sunday of Kiak,9
2024-12-23,"Readings for Monday, December 23rd - Kiak 14 - Coptic Lectionary - CopticChurch.net",Kiak 14,9
2024-12-24,"Readings for Tuesday, December 24th - Kiak 15 - Coptic Lectionary - CopticChurch.net",Kiak 15,9
2024-12-25,"Readings for Wednesday, December 25th - Kiak 16 - Coptic Lectionary - CopticChurch.net",Kiak 16,9
2024-12-26,"Readings for Thursday, December 26th - Kiak 17 - Coptic Lectionary - CopticChurch.net",Kiak 17,9
2024-12-27,"Readings for Friday, December 27th - Kiak 18 - Coptic Lectionary - CopticChurch.net",Kiak 18,9
2024-12-28,"Readings for Saturday, December 28th - Kiak 19 - Coptic Lectionary - CopticChurch.net",Kiak 19,9
2024-12-29,"Readings for Sunday, December 29th - The third Sunday of Kiak - Coptic Lectionary - CopticChurch.net",The third Sunday of Kiak,9
2024-12-30,"Readings for Monday, December 30th - Kiak 21 - Coptic Lectionary - CopticChurch.net",Kiak 21,9
2024-12-31,"Readings for Tuesday, December 31st - Kiak 22 - Coptic Lectionary - CopticChurch.net",Kiak 22,9
2025-01-01,"Readings for Wednesday, January 1st - Kiak 23 - Coptic Lectionary - CopticChurch.net",Kiak 23,9
2025-01-02,"Readings for Thursday, January 2nd - Kiak 24 - Coptic Lectionary - CopticChurch.net",Kiak 24,9
2025-01-03,"Readings for Friday, January 3rd - Kiak 25 - Coptic Lectionary - CopticChurch.net",Kiak 25,9
2025-01-04,"Readings for Saturday, January 4th - Kiak 26 - Coptic Lectionary - CopticChurch.net",Kiak 26,9
2025-01-05,"Readings for Sunday, January 5th - The fourth Sunday of Kiak - Coptic Lectionary - CopticChurch.net",The fourth Sunday of Kiak,9
2025-01-06,"Readings for Monday, January 6th - Christmas Paramoune - Coptic Lectionary - CopticChurch.net",Christmas Paramoune,9
2025-01-07,"Readings for Tuesday, January 7th - Christmas - Coptic Lectionary - CopticChurch.net",Christmas,9
2025-01-08,"Readings for Wednesday, January 8th - Kiak 30 - Coptic Lectionary - CopticChurch.net",Kiak 30,9
2025-01-09,"Readings for Thursday, January 9th - Toba 1 - Coptic Lectionary - CopticChurch.net",Toba 1,9
2025-01-10,"Readings for Friday, January 10th - Toba 2 - Coptic Lectionary - CopticChurch.net",Toba 2,9
2025-01-11,"Readings for Saturday, January 11th - Toba 3 - Coptic Lectionary - CopticChurch.net",Toba 3,9
2025-01-12,"Readings for Sunday, January 12th - The first Sunday of Toba - Coptic Lectionary - CopticChurch.net",The first Sunday of Toba,9
2025-01-13,"Readings for Monday, January 13th - Toba 5 - Coptic Lectionary - CopticChurch.net",Toba 5,9
2025-01-14,"Readings for Tuesday, January 14th - Circumcision of our Lord - Coptic Lectionary - CopticChurch.net",Circumcision of our Lord,9
2025-01-15,"Readings for Wednesday, January 15th - Toba 7 - Coptic Lectionary - CopticChurch.net",Toba 7,9
2025-01-16,"Readings for Thursday, January 16th - Toba 8 - Coptic Lectionary - CopticChurch.net",Toba 8,9
2025-01-17,"Readings for Friday, January 17th - Epiphany Paramoune - Coptic Lectionary - CopticChurch.net",Epiphany Paramoune,9
2025-01-18,"Readings for Saturday, January 18th - Epiphany Paramoune - Coptic Lectionary - CopticChurch.net",Epiphany Paramoune,9
2025-01-19,"Readings for Sunday, January 19th - The Feast of Epiphany - Coptic Lectionary - CopticChurch.net",The Feast of Epiphany,9
2025-01-20,"Readings for Monday, January 20th - The Second Day of Feast of Epiphany - Coptic Lectionary - CopticChurch.net",The Second Day of Feast of Epiphany,9
2025-01-21,"Readings for Tuesday, January 21st - Wedding of Cana - Coptic Lectionary - CopticChurch.net",Wedding of Cana,9
2025-01-22,"Readings for Wednesday, January 22nd - Toba 14 - Coptic Lectionary - CopticChurch.net",Toba 14,9
2025-01-23,"Readings for Thursday, January 23rd - Toba 15 - Coptic Lectionary - CopticChurch.net",Toba 15,9
2025-01-24,"Readings for Friday, January 24th - Toba 16 - Coptic Lectionary - CopticChurch.net",Toba 16,9
2025-01-25,"Readings for Saturday, January 25th - Toba 17 - Coptic Lectionary - CopticChurch.net",Toba 17,9
2025-01-26,"Readings for Sunday, January 26th - The third Sunday of Toba - Coptic Lectionary - CopticChurch.net",The third Sunday of Toba,9
2025-01-27,"Readings for Monday, January 27th - Toba 19 - Coptic Lectionary - CopticChurch.net",Toba 19,9
2025-01-28,"Readings for Tuesday, January 28th - Toba 20 - Coptic Lectionary - CopticChurch.net",Toba 20,9
2025-01-29,"Readings for Wednesday, January 29th - Toba 21 - Coptic Lectionary - CopticChurch.net",Toba 21,9
2025-01-30,"Readings for Thursday, January 30th - Toba 22 - Coptic Lectionary - CopticChurch.net",Toba 22,9
2025-01-31,"Readings for Friday, January 31st - Toba 23 - Coptic Lectionary - CopticChurch.net",Toba 23,9
2025-02-01,"Readings for Saturday, February 1st - Toba 24 - Coptic Lectionary - CopticChurch.net",Toba 24,9
2025-02-02,"Readings for Sunday, February 2nd - The fourth Sunday of Toba - Coptic Lectionary - CopticChurch.net",The fourth Sunday of Toba,9
2025-02-03,"Readings for Monday, February 3rd - Toba 26 - Coptic Lectionary - CopticChurch.net",Toba 26,9
2025-02-04,"Readings for Tuesday, February 4th - Toba 27 - Coptic Lectionary - CopticChurch.net",Toba 27,9
2025-02-05,"Readings for Wednesday, February 5th - Toba 28 - Coptic Lectionary - CopticChurch.net",Toba 28,9
2025-02-06,"Readings for Thursday, February 6th - Toba 29 - Coptic Lectionary - CopticChurch.net",Toba 29,9
2025-02-07,"Readings for Friday, February 7th - Toba 30 - Coptic Lectionary - CopticChurch.net",Toba 30,9
2025-02-08,"Readings for Saturday, February 8th - Amshir 1 - Coptic Lectionary - CopticChurch.net",Amshir 1,9
2025-02-09,"Readings for Sunday, February 9th - The first Sunday of Amshir - Coptic Lectionary - CopticChurch.net",The first Sunday of Amshir,9
2025-02-10,"Readings for Monday, February 10th - Fast of Ninevah - Coptic Lectionary - CopticChurch.net",Fast of Ninevah,9
2025-02-11,"Readings for Tuesday, February 11th - Tuesday of Ninevah's Fast - Coptic Lectionary - CopticChurch.net",Tuesday of Ninevah's Fast,7
2025-02-12,"Readings for Wednesday, February 12th - Wednesday of Ninevah's Fast - Coptic Lectionary - CopticChurch.net",Wednesday of Ninevah's Fast,7
2025-02-13,"Readings for Thursday, February 13th - Jonah's Feast - Coptic Lectionary - CopticChurch.net",Jonah's Feast,7
2025-02-14,"Readings for Friday, February 14th - Amshir 7 - Coptic Lectionary - CopticChurch.net",Amshir 7,9
2025-02-15,"Readings for Saturday, February 15th - Entrance into the Temple - Coptic Lectionary - CopticChurch.net",Entrance into the Temple,9
2025-02-16,"Readings for Sunday, February 16th - The second Sunday of Amshir - Coptic Lectionary - CopticChurch.net",The second Sunday of Amshir,9
2025-02-17,"Readings for Monday, February 17th - Amshir 10 - Coptic Lectionary - CopticChurch.net",Amshir 10,9
2025-02-18,"Readings for Tuesday, February 18th - Amshir 11 - Coptic Lectionary - CopticChurch.net",Amshir 11,9
2025-02-19,"Readings for Wednesday, February 19th - Amshir 12 - Coptic Lectionary - CopticChurch.net",Amshir 12,9
2025-02-20,"Readings for Thursday, February 20th - Amshir 13 - Coptic Lectionary - CopticChurch.net",Amshir 13,9
2025-02-21,"Readings for Friday, February 21st - Amshir 14 - Coptic Lectionary - CopticChurch.net",Amshir 14,9
2025-02-22,"Readings for Saturday, February 22nd - Saturday of the week before Great Lent - Coptic Lectionary - CopticChurch.net",Saturday of the week before Great Lent,9
2025-02-23,"Readings for Sunday, February 23rd - Sunday of the week before Great Lent - Coptic Lectionary - CopticChurch.net",Sunday of the week before Great Lent,9
2025-02-24,"Readings for Monday, February 24th - Great Lent - Coptic Lectionary - CopticChurch.net",Great Lent,9
2025-02-25,"Readings for Tuesday, February 25th - Tuesday of the first week of Great Lent - Coptic Lectionary - CopticChurch.net",Tuesday of the first week of Great Lent,7
2025-02-26,"Readings for Wednesday, February 26th - Wednesday of the first week of Great Lent - Coptic Lectionary - CopticChurch.net",Wednesday of the first week of Great Lent,7
2025-02-27,"Readings for Thursday, February 27th - Thursday of the first week of Great Lent - Coptic Lectionary - CopticChurch.net",Thursday of the first week of Great Lent,7
2025-02-28,"Readings for Friday, February 28th - Friday of the first week of Great Lent - Coptic Lectionary - CopticChurch.net",Friday of the first week of Great Lent,7
2025-03-01,"Readings for Saturday, March 1st - Saturday of the first week of Great Lent - Coptic Lectionary - CopticChurch.net",Saturday of the first week of Great Lent,7
2025-03-02,"Readings for Sunday, March 2nd - Sunday of the first week of Great Lent - Coptic Lectionary - CopticChurch.net",Sunday of the first week of Great Lent,9
2025-03-03,"Readings for Monday, March 3rd - Monday of the second week of Great Lent - Coptic Lectionary - CopticChurch.net",Monday of the second week of Great Lent,7
2025-03-04,"Readings for Tuesday, March 4th - Tuesday of the second week of Great Lent - Coptic Lectionary - CopticChurch.net",Tuesday of the second week of Great Lent,7
2025-03-05,"Readings for Wednesday, March 5th - Wednesday of the second week of Great Lent - Coptic Lectionary - CopticChurch.net",Wednesday of the second week of Great Lent,7
2025-03-06,"Readings for Thursday, March 6th - Thursday of the second week of Great Lent - Coptic Lectionary - CopticChurch.net",Thursday of the second week of Great Lent,7
2025-03-07,"Readings for Friday, March 7th - Friday of the second week of Great Lent - Coptic Lectionary - CopticChurch.net",Friday of the second week of Great Lent,7
2025-03-08,"Readings for Saturday, March 8th - Saturday of the second week of Great Lent - Coptic Lectionary - CopticChurch.net",Saturday of the second week of Great Lent,7
2025-03-09,"Readings for Sunday, March 9th - Sunday of the second week of Great Lent - Coptic Lectionary - CopticChurch.net",Sunday of the second week of Great Lent,9
2025-03-10,"Readings for Monday, March 10th - Monday of the third week of Great Lent - Coptic Lectionary - CopticChurch.net",Monday of the third week of Great Lent,7
2025-03-11,"Readings for Tuesday, March 11th - Tuesday of the third week of Great Lent - Coptic Lectionary - CopticChurch.net",Tuesday of the third week of Great Lent,7
2025-03-12,"Readings for Wednesday, March 12th - Wednesday of the third week of Great Lent - Coptic Lectionary - CopticChurch.net",Wednesday of the third week of Great Lent,7
2025-03-13,"Readings for Thursday, March 13th - Thursday of the third week of Great Lent - Coptic Lectionary - CopticChurch.net",Thursday of the third week of Great Lent,7
2025-03-14,"Readings for Friday, March 14th - Friday of the third week of Great Lent - Coptic Lectionary - CopticChurch.net",Friday of the third week of Great Lent,7
2025-03-15,"Readings for Saturday, March 15th - Saturday of the third week of Great Lent - Coptic Lectionary - CopticChurch.net",Saturday of the third week of Great Lent,7
2025-03-16,"Readings for Sunday, March 16th - Sunday of the third week of Great Lent - Coptic Lectionary - CopticChurch.net",Sunday of the third week of Great Lent,9
2025-03-17,"Readings for Monday, March 17th - Monday of the fourth week of Great Lent - Coptic Lectionary - CopticChurch.net",Monday of the fourth week of Great Lent,7
2025-03-18,"Readings for Tuesday, March 18th - Tuesday of the fourth week of Great Lent - Coptic Lectionary - CopticChurch.net",Tuesday of the fourth week of Great Lent,7
2025-03-19,"Readings for Wednesday, March 19th - Wednesday of the fourth week of Great Lent <br>(Feast of the Cross - Readings of 10th Baramhat) - Coptic Lectionary - CopticChurch.net",Wednesday of the fourth week of Great Lent <br>(Feast of the Cross - Readings of 10th Baramhat),9
2025-03-20,"Readings for Thursday, March 20th - Thursday of the fourth week of Great Lent - Coptic Lectionary - CopticChurch.net",Thursday of the fourth week of Great Lent,7
2025-03-21,"Readings for Friday, March 21st - Friday of the fourth week of Great Lent - Coptic Lectionary - CopticChurch.net",Friday of the fourth week of Great Lent,7
2025-03-22,"Readings for Saturday, March 22nd - Saturday of the fourth week of Great Lent - Coptic Lectionary - CopticChurch.net",Saturday of the fourth week of Great Lent,7
2025-03-23,"Readings for Sunday, March 23rd - Sunday of the fourth week of Great Lent - Coptic Lectionary - CopticChurch.net",Sunday of the fourth week of Great Lent,9
2025-03-24,"Readings for Monday, March 24th - Monday of the fifth week of Great Lent - Coptic Lectionary - CopticChurch.net",Monday of the fifth week of Great Lent,7
2025-03-25,"Readings for Tuesday, March 25th - Tuesday of the fifth week of Great Lent - Coptic Lectionary - CopticChurch.net",Tuesday of the fifth week of Great Lent,7
2025-03-26,"Readings for Wednesday, March 26th - Wednesday of the fifth week of Great Lent - Coptic Lectionary - CopticChurch.net",Wednesday of the fifth week of Great Lent,7
2025-03-27,"Readings for Thursday, March 27th - Thursday of the fifth week of Great Lent - Coptic Lectionary - CopticChurch.net",Thursday of the fifth week of Great Lent,7
2025-03-28,"Readings for Friday, March 28th - Friday of the fifth week of Great Lent - Coptic Lectionary - CopticChurch.net",Friday of the fifth week of Great Lent,7
2025-03-29,"Readings for Saturday, March 29th - Saturday of the fifth week of Great Lent - Coptic Lectionary - CopticChurch.net",Saturday of the fifth week of Great Lent,7
2025-03-30,"Readings for Sunday, March 30th - Sunday of the fifth week of Great Lent - Coptic Lectionary - CopticChurch.net",Sunday of the fifth week of Great Lent,9
2025-03-31,"Readings for Monday, March 31st - Monday of the sixth week of Great Lent - Coptic Lectionary - CopticChurch.net",Monday of the sixth week of Great Lent,7
2025-04-01,"Readings for Tuesday, April 1st - Tuesday of the sixth week of Great Lent - Coptic Lectionary - CopticChurch.net",Tuesday of the sixth week of Great Lent,7
2025-04-02,"Readings for Wednesday, April 2nd - Wednesday of the sixth week of Great Lent - Coptic Lectionary - CopticChurch.net",Wednesday of the sixth week of Great Lent,7
2025-04-03,"Readings for Thursday, April 3rd - Thursday of the sixth week of Great Lent - Coptic Lectionary - CopticChurch.net",Thursday of the sixth week of Great Lent,7
2025-04-04,"Readings for Friday, April 4th - Friday of the sixth week of Great Lent - Coptic Lectionary - CopticChurch.net",Friday of the sixth week of Great Lent,7
2025-04-05,"Readings for Saturday, April 5th - Saturday of the sixth week of Great Lent - Coptic Lectionary - CopticChurch.net",Saturday of the sixth week of Great Lent,7
2025-04-06,"Readings for Sunday, April 6th - Sunday of the sixth week of Great Lent - Coptic Lectionary - CopticChurch.net",Sunday of the sixth week of Great Lent,9
2025-04-07,"Readings for Monday, April 7th - Annunciation - Coptic Lectionary - CopticChurch.net",Annunciation,9
2025-04-08,"Readings for Tuesday, April 8th - Tuesday of the seventh week of Great Lent - Coptic Lectionary - CopticChurch.net",Tuesday of the seventh week of Great Lent,7
2025-04-09,"Readings for Wednesday, April 9th - Wednesday of the seventh week of Great Lent - Coptic Lectionary - CopticChurch.net",Wednesday of the seventh week of Great Lent,7
2025-04-10,"Readings for Thursday, April 10th - Thursday of the seventh week of Great Lent - Coptic Lectionary - CopticChurch.net",Thursday of the seventh week of Great Lent,7
2025-04-11,"Readings for Friday, April 11th - Friday of the seventh week of Great Lent - Coptic Lectionary - CopticChurch.net",Friday of the seventh week of Great Lent,7
2025-04-12,"Readings for Saturday, April 12th - Lazarus Saturday of Great Lent - Coptic Lectionary - CopticChurch.net",Lazarus Saturday of Great Lent,7
2025-04-13,"Readings for Sunday, April 13th - Palm Sunday - Coptic Lectionary - CopticChurch.net",Palm Sunday,9
2025-04-14,"Readings for Monday, April 14th - Monday of Holy Week - Coptic Lectionary - CopticChurch.net",Monday of Holy Week,0
2025-04-15,"Readings for Tuesday, April 15th - Tuesday of Holy Week - Coptic Lectionary - CopticChurch.net",Tuesday of Holy Week,0
2025-04-16,"Readings for Wednesday, April 16th - Wednesday of Holy Week - Coptic Lectionary - CopticChurch.net",Wednesday of Holy Week,0
2025-04-17,"Readings for Thursday, April 17th - Holy Thursday - Coptic Lectionary - CopticChurch.net",Holy Thursday,0
2025-04-18,"Readings for Friday, April 18th - Good Friday - Coptic Lectionary - CopticChurch.net",Good Friday,0
2025-04-19,"Readings for Saturday, April 19th - Bright Saturday - Coptic Lectionary - CopticChurch.net",Bright Saturday,0
2025-04-20,"Readings for Sunday, April 20th - The Feast of Resurrection - Coptic Lectionary - CopticChurch.net",The Feast of Resurrection,7
2025-04-21,"Readings for Monday, April 21st - Monday of the first week of the holy fifty days - Coptic Lectionary - CopticChurch.net",Monday of the first week of the holy fifty days,9
2025-04-22,"Readings for Tuesday, April 22nd - Tuesday of the first week of the holy fifty days - Coptic Lectionary - CopticChurch.net",Tuesday of the first week of the holy fifty days,9
2025-04-23,"Readings for Wednesday, April 23rd - Wednesday of the first week of the holy fifty days - Coptic Lectionary - CopticChurch.net",Wednesday of the first week of the holy fifty days,9
2025-04-24,"Readings for Thursday, April 24th - Thursday of the first week of the holy fifty days - Coptic Lectionary - CopticChurch.net",Thursday of the first week of the holy fifty days,9
2025-04-25,"Readings for Friday, April 25th - Friday of the first week of the holy fifty days - Coptic Lectionary - CopticChurch.net",Friday of the first week of the holy fifty days,9
2025-04-26,"Readings for Saturday, April 26th - Saturday of the first week of the holy fifty days - Coptic Lectionary - CopticChurch.net",Saturday of the first week of the holy fifty days,9
2025-04-27,"Readings for Sunday, April 27th - Thomas Sunday - Coptic Lectionary - CopticChurch.net",Thomas Sunday,9
2025-04-28,"Readings for Monday, April 28th - Monday of the second week of the holy fifty days - Coptic Lectionary - CopticChurch.net",Monday of the second week of the holy fifty days,9
2025-04-29,"Readings for Tuesday, April 29th - Tuesday of the second week of the holy fifty days - Coptic Lectionary - CopticChurch.net",Tuesday of the second week of the holy fifty days,9
2025-04-30,"Readings for Wednesday, April 30th - Wednesday of the second week of the holy fifty days - Coptic Lectionary - CopticChurch.net",Wednesday of the second week of the holy fifty days,9
2025-05-01,"Readings for Thursday, May 1st - Thursday of the second week of the holy fifty days - Coptic Lectionary - CopticChurch.net",Thursday of the second week of the holy fifty days,9
2025-05-02,"Readings for Friday, May 2nd - Friday of the second week of the holy fifty days - Coptic Lectionary - CopticChurch.net",Friday of the second week of the holy fifty days,9
2025-05-03,"Readings for Saturday, May 3rd - Saturday of the second week of the holy fifty days - Coptic Lectionary - CopticChurch.net",Saturday of the second week of the holy fifty days,9
2025-05-04,"Readings for Sunday, May 4th - Sunday of the second week of the holy fifty days - Coptic Lectionary - CopticChurch.net",Sunday of the second week of the holy fifty days,9
2025-05-05,"Readings for Monday, May 5th - Monday of the third week of the holy fifty days - Coptic Lectionary - CopticChurch.net",Monday of the third week of the holy fifty days,9
2025-05-06,"Readings for Tuesday, May 6th - Tuesday of the third week of the holy fifty days - Coptic Lectionary - CopticChurch.net",Tuesday of the third week of the holy fifty days,9
2025-05-07,"Readings for Wednesday, May 7th - Wednesday of the third week of the holy fifty days - Coptic Lectionary - CopticChurch.net",Wednesday of the third week of the holy fifty days,9
2025-05-08,"Readings for Thursday, May 8th - Thursday of the third week of the holy fifty days - Coptic Lectionary - CopticChurch.net",Thursday of the third week of the holy fifty days,9
2025-05-09,"Readings for Friday, May 9th - Friday of the third week of the holy fifty days - Coptic Lectionary - CopticChurch.net",Friday of the third week of the holy fifty days,9
2025-05-10,"Readings for Saturday, May 10th - Saturday of the third week of the holy fifty days - Coptic Lectionary - CopticChurch.net",Saturday of the third week of the holy fifty days,9
2025-05-11,"Readings for Sunday, May 11th - Sunday of the third week of the holy fifty days - Coptic Lectionary - CopticChurch.net",Sunday of the third week of the holy fifty days,9
2025-05-12,"Readings for Monday, May 12th - Monday of the fourth week of the holy fifty days - Coptic Lectionary - CopticChurch.net",Monday of the fourth week of the holy fifty days,9
2025-05-13,"Readings for Tuesday, May 13th - Tuesday of the fourth week of the holy fifty days - Coptic Lectionary - CopticChurch.net",Tuesday of the fourth week of the holy fifty days,9
2025-05-14,"Readings for Wednesday, May 14th - Wednesday of the fourth week of the holy fifty days - Coptic Lectionary - CopticChurch.net",Wednesday of the fourth week of the holy fifty days,9
2025-05-15,"Readings for Thursday, May 15th - Thursday of the fourth week of the holy fifty days - Coptic Lectionary - CopticChurch.net",Thursday of the fourth week of the holy fifty days,9
2025-05-16,"Readings for Friday, May 16th - Friday of the fourth week of the holy fifty days - Coptic Lectionary - CopticChurch.net",Friday of the fourth week of the holy fifty days,9
2025-05-17,"Readings for Saturday, May 17th - Saturday of the fourth week of the holy fifty days - Coptic Lectionary - CopticChurch.net",Saturday of the fourth week of the holy fifty days,9
2025-05-18,"Readings for Sunday, May 18th - Sunday of the fourth week of the holy fifty days - Coptic Lectionary - CopticChurch.net",Sunday of the fourth week of the holy fifty days,9
2025-05-19,"Readings for Monday, May 19th - Monday of the fifth week of the holy fifty days - Coptic Lectionary - CopticChurch.net",Monday of the fifth week of the holy fifty days,9
2025-05-20,"Readings for Tuesday, May 20th - Tuesday of the fifth week of the holy fifty days - Coptic Lectionary - CopticChurch.net",Tuesday of the fifth week of the holy fifty days,9
2025-05-21,"Readings for Wednesday, May 21st - Wednesday of the fifth week of the holy fifty days - Coptic Lectionary - CopticChurch.net",Wednesday of the fifth week of the holy fifty days,9
2025-05-22,"Readings for Thursday, May 22nd - Thursday of the fifth week of the holy fifty days - Coptic Lectionary - CopticChurch.net",Thursday of the fifth week of the holy fifty days,9
2025-05-23,"Readings for Friday, May 23rd - Friday of the fifth week of the holy fifty days - Coptic Lectionary - CopticChurch.net",Friday of the fifth week of the holy fifty days,9
2025-05-24,"Readings for Saturday, May 24th - Saturday of the fifth week of the holy fifty days - Coptic Lectionary - CopticChurch.net",Saturday of the fifth week of the holy fifty days,9
2025-05-25,"Readings for Sunday, May 25th - Sunday of the fifth week of the holy fifty days - Coptic Lectionary - CopticChurch.net",Sunday of the fifth week of the holy fifty days,9
2025-05-26,"Readings for Monday, May 26th - Monday of the sixth week of the holy fifty days - Coptic Lectionary - CopticChurch.net",Monday of the sixth week of the holy fifty days,9
2025-05-27,"Readings for Tuesday, May 27th - Tuesday of the sixth week of the holy fifty days - Coptic Lectionary - CopticChurch.net",Tuesday of the sixth week of the holy fifty days,9
2025-05-28,"Readings for Wednesday, May 28th - Wednesday of the sixth week of the holy fifty days - Coptic Lectionary - CopticChurch.net",Wednesday of the sixth week of the holy fifty days,9
2025-05-29,"Readings for Thursday, May 29th - The Feast of the Ascension - Coptic Lectionary - CopticChurch.net",The Feast of the Ascension,9
2025-05-30,"Readings for Friday, May 30th - Friday of the sixth week of the holy fifty days - Coptic Lectionary - CopticChurch.net",Friday of the sixth week of the holy fifty days,9
2025-05-31,"Readings for Saturday, May 31st - Saturday of the sixth week of the holy fifty days - Coptic Lectionary - CopticChurch.net",Saturday of the sixth week of the holy fifty days,9
2025-06-01,"Readings for Sunday, June 1st - Sunday of the sixth week of the holy fifty days and the Feast of Entry into Egypt - Coptic Lectionary - CopticChurch.net",Sunday of the sixth week of the holy fifty days and the Feast of Entry into Egypt,9
2025-06-02,"Readings for Monday, June 2nd - Monday of the seventh week of the holy fifty days - Coptic Lectionary - CopticChurch.net",Monday of the seventh week of the holy fifty days,9
2025-06-03,"Readings for Tuesday, June 3rd - Tuesday of the seventh week of the holy fifty days - Coptic Lectionary - CopticChurch.net",Tuesday of the seventh week of the holy fifty days,9
2025-06-04,"Readings for Wednesday, June 4th - Wednesday of the seventh week of the holy fifty days - Coptic Lectionary - CopticChurch.net",Wednesday of the seventh week of the holy fifty days,9
2025-06-05,"Readings for Thursday, June 5th - Thursday of the seventh week of the holy fifty days - Coptic Lectionary - CopticChurch.net",Thursday of the seventh week of the holy fifty days,9
2025-06-06,"Readings for Friday, June 6th - Friday of the seventh week of the holy fifty days - Coptic Lectionary - CopticChurch.net",Friday of the seventh week of the holy fifty days,9
2025-06-07,"Readings for Saturday, June 7th - Saturday of the seventh week of the holy fifty days - Coptic Lectionary - CopticChurch.net",Saturday of the seventh week of the holy fifty days,9
2025-06-08,"Readings for Sunday, June 8th - Pentecost - Coptic Lectionary - CopticChurch.net",Pentecost,9
2025-06-09,"Readings for Monday, June 9th - Paona 2 - Coptic Lectionary - CopticChurch.net",Paona 2,9
2025-06-10,"Readings for Tuesday, June 10th - Paona 3 - Coptic Lectionary - CopticChurch.net",Paona 3,9
2025-06-11,"Readings for Wednesday, June 11th - Paona 4 - Coptic Lectionary - CopticChurch.net",Paona 4,9
2025-06-12,"Readings for Thursday, June 12th - Paona 5 - Coptic Lectionary - CopticChurch.net",Paona 5,9
2025-06-13,"Readings for Friday, June 13th - Paona 6 - Coptic Lectionary - CopticChurch.net",Paona 6,9
2025-06-14,"Readings for Saturday, June 14th - Paona 7 - Coptic Lectionary - CopticChurch.net",Paona 7,9
2025-06-15,"Readings for Sunday, June 15th - The second Sunday of Paona - Coptic Lectionary - CopticChurch.net",The second Sunday of Paona,9
2025-06-16,"Readings for Monday, June 16th - Paona 9 - Coptic Lectionary - CopticChurch.net",Paona 9,9
2025-06-17,"Readings for Tuesday, June 17th - Paona 10 - Coptic Lectionary - CopticChurch.net",Paona 10,9
2025-06-18,"Readings for Wednesday, June 18th - Paona 11 - Coptic Lectionary - CopticChurch.net",Paona 11,9
2025-06-19,"Readings for Thursday, June 19th - Paona 12 - Coptic Lectionary - CopticChurch.net",Paona 12,9
2025-06-20,"Readings for Friday, June 20th - Paona 13 - Coptic Lectionary - CopticChurch.net",Paona 13,9
2025-06-21,"Readings for Saturday, June 21st - Paona 14 - Coptic Lectionary - CopticChurch.net",Paona 14,9
2025-06-22,"Readings for Sunday, June 22nd - The third Sunday of Paona - Coptic Lectionary - CopticChurch.net",The third Sunday of Paona,9
2025-06-23,"Readings for Monday, June 23rd - Paona 16 - Coptic Lectionary - CopticChurch.net",Paona 16,9
2025-06-24,"Readings for Tuesday, June 24th - Paona 17 - Coptic Lectionary - CopticChurch.net",Paona 17,9
2025-06-25,"Readings for Wednesday, June 25th - Paona 18 - Coptic Lectionary - CopticChurch.net",Paona 18,9
2025-06-26,"Readings for Thursday, June 26th - Paona 19 - Coptic Lectionary - CopticChurch.net",Paona 19,9
2025-06-27,"Readings for Friday, June 27th - Paona 20 - Coptic Lectionary - CopticChurch.net",Paona 20,9
2025-06-28,"Readings for Saturday, June 28th - Paona 21 - Coptic Lectionary - CopticChurch.net",Paona 21,9
2025-06-29,"Readings for Sunday, June 29th - The fourth Sunday of Paona - Coptic Lectionary - CopticChurch.net",The fourth Sunday of Paona,9
2025-06-30,"Readings for Monday, June 30th - Paona 23 - Coptic Lectionary - CopticChurch.net",Paona 23,9
2025-07-01,"Readings for Tuesday, July 1st - Paona 24 - Coptic Lectionary - CopticChurch.net",Paona 24,9
2025-07-02,"Readings for Wednesday, July 2nd - Paona 25 - Coptic Lectionary - CopticChurch.net",Paona 25,9
2025-07-03,"Readings for Thursday, July 3rd - Paona 26 - Coptic Lectionary - CopticChurch.net",Paona 26,9
2025-07-04,"Readings for Friday, July 4th - Paona 27 - Coptic Lectionary - CopticChurch.net",Paona 27,9
2025-07-05,"Readings for Saturday, July 5th - Paona 28 - Coptic Lectionary - CopticChurch.net",Paona 28,9
2025-07-06,"Readings for Sunday, July 6th - The fifth Sunday of Paona (Readings of 29th Baramhat) - Coptic Lectionary - CopticChurch.net",The fifth Sunday of Paona (Readings of 29th Baramhat),9
2025-07-07,"Readings for Monday, July 7th - Paona 30 - Coptic Lectionary - CopticChurch.net",Paona 30,9
2025-07-08,"Readings for Tuesday, July 8th - Abib 1 - Coptic Lectionary - CopticChurch.net",Abib 1,9
2025-07-09,"Readings for Wednesday, July 9th - Abib 2 - Coptic Lectionary - CopticChurch.net",Abib 2,9
2025-07-10,"Readings for Thursday, July 10th - Abib 3 - Coptic Lectionary - CopticChurch.net",Abib 3,9
2025-07-11,"Readings for Friday, July 11th - Abib 4 - Coptic Lectionary - CopticChurch.net",Abib 4,9
2025-07-12,"Readings for Saturday, July 12th - Abib 5 (Apostle's Feast) - Coptic Lectionary - CopticChurch.net",Abib 5 (Apostle's Feast),9
2025-07-13,"Readings for Sunday, July 13th - The first Sunday of Abib - Coptic Lectionary - CopticChurch.net",The first Sunday of Abib,9
2025-07-14,"Readings for Monday, July 14th - Abib 7 - Coptic Lectionary - CopticChurch.net",Abib 7,9
2025-07-15,"Readings for Tuesday, July 15th - Abib 8 - Coptic Lectionary - CopticChurch.net",Abib 8,9
2025-07-16,"Readings for Wednesday, July 16th - Abib 9 - Coptic Lectionary - CopticChurch.net",Abib 9,9
2025-07-17,"Readings for Thursday, July 17th - Abib 10 - Coptic Lectionary - CopticChurch.net",Abib 10,9
2025-07-18,"Readings for Friday, July 18th - Abib 11 - Coptic Lectionary - CopticChurch.net",Abib 11,9
2025-07-19,"Readings for Saturday, July 19th - Abib 12 - Coptic Lectionary - CopticChurch.net",Abib 12,9
2025-07-20,"Readings for Sunday, July 20th - The second Sunday of Abib - Coptic Lectionary - CopticChurch.net",The second Sunday of Abib,9
2025-07-21,"Readings for Monday, July 21st - Abib 14 - Coptic Lectionary - CopticChurch.net",Abib 14,9
2025-07-22,"Readings for Tuesday, July 22nd - Abib 15 - Coptic Lectionary - CopticChurch.net",Abib 15,9
2025-07-23,"Readings for Wednesday, July 23rd - Abib 16 - Coptic Lectionary - CopticChurch.net",Abib 16,9
2025-07-24,"Readings for Thursday, July 24th - Abib 17 - Coptic Lectionary - CopticChurch.net",Abib 17,9
2025-07-25,"Readings for Friday, July 25th - Abib 18 - Coptic Lectionary - CopticChurch.net",Abib 18,9
2025-07-26,"Readings for Saturday, July 26th - Abib 19 - Coptic Lectionary - CopticChurch.net",Abib 19,9
2025-07-27,"Readings for Sunday, July 27th - The third Sunday of Abib - Coptic Lectionary - CopticChurch.net",The third Sunday of Abib,9
2025-07-28,"Readings for Monday, July 28th - Abib 21 - Coptic Lectionary - CopticChurch.net",Abib 21,9
2025-07-29,"Readings for Tuesday, July 29th - Abib 22 - Coptic Lectionary - CopticChurch.net",Abib 22,9
2025-07-30,"Readings for Wednesday, July 30th - Abib 23 - Coptic Lectionary - CopticChurch.net",Abib 23,9
2025-07-31,"Readings for Thursday, July 31st - Abib 24 - Coptic Lectionary - CopticChurch.net",Abib 24,9
2025-08-01,"Readings for Friday, August 1st - Abib 25 - Coptic Lectionary - CopticChurch.net",Abib 25,9
2025-08-02,"Readings for Saturday, August 2nd - Abib 26 - Coptic Lectionary - CopticChurch.net",Abib 26,9
2025-08-03,"Readings for Sunday, August 3rd - The fourth Sunday of Abib - Coptic Lectionary - CopticChurch.net",The fourth Sunday of Abib,9
2025-08-04,"Readings for Monday, August 4th - Abib 28 - Coptic Lectionary - CopticChurch.net",Abib 28,9
2025-08-05,"Readings for Tuesday, August 5th - Abib 29 - Coptic Lectionary - CopticChurch.net",Abib 29,9
2025-08-06,"Readings for Wednesday, August 6th - Abib 30 - Coptic Lectionary - CopticChurch.net",Abib 30,9
2025-08-07,"Readings for Thursday, August 7th - St Mary's Fast - Coptic Lectionary - CopticChurch.net",St Mary's Fast,9
2025-08-08,"Readings for Friday, August 8th - Mesra 2 - Coptic Lectionary - CopticChurch.net",Mesra 2,9
2025-08-09,"Readings for Saturday, August 9th - Mesra 3 - Coptic Lectionary - CopticChurch.net",Mesra 3,9
2025-08-10,"Readings for Sunday, August 10th - The first Sunday of Mesra - Coptic Lectionary - CopticChurch.net",The first Sunday of Mesra,9
2025-08-11,"Readings for Monday, August 11th - Mesra 5 - Coptic Lectionary - CopticChurch.net",Mesra 5,9
2025-08-12,"Readings for Tuesday, August 12th - Mesra 6 - Coptic Lectionary - CopticChurch.net",Mesra 6,9
2025-08-13,"Readings for Wednesday, August 13th - Mesra 7 - Coptic Lectionary - CopticChurch.net",Mesra 7,9
2025-08-14,"Readings for Thursday, August 14th - Mesra 8 - Coptic Lectionary - CopticChurch.net",Mesra 8,9
2025-08-15,"Readings for Friday, August 15th - Mesra 9 - Coptic Lectionary - CopticChurch.net",Mesra 9,9
2025-08-16,"Readings for Saturday, August 16th - Mesra 10 - Coptic Lectionary - CopticChurch.net",Mesra 10,9
2025-08-17,"Readings for Sunday, August 17th - The second Sunday of Mesra - Coptic Lectionary - CopticChurch.net",The second Sunday of Mesra,9
2025-08-18,"Readings for Monday, August 18th - Mesra 12 - Coptic Lectionary - CopticChurch.net",Mesra 12,9
2025-08-19,"Readings for Tuesday, August 19th - Transfiguration - Coptic Lectionary - CopticChurch.net",Transfiguration,9
2025-08-20,"Readings for Wednesday, August 20th - Mesra 14 - Coptic Lectionary - CopticChurch.net",Mesra 14,9
2025-08-21,"Readings for Thursday, August 21st - Mesra 15 - Coptic Lectionary - CopticChurch.net",Mesra 15,9
2025-08-22,"Readings for Friday, August 22nd - Mesra 16 (St Mary's Feast) - Coptic Lectionary - CopticChurch.net",Mesra 16 (St Mary's Feast),9
2025-08-23,"Readings for Saturday, August 23rd - Mesra 17 - Coptic Lectionary - CopticChurch.net",Mesra 17,9
2025-08-24,"Readings for Sunday, August 24th - The third Sunday of Mesra - Coptic Lectionary - CopticChurch.net",The third Sunday of Mesra,9
2025-08-25,"Readings for Monday, August 25th - Mesra 19 - Coptic Lectionary - CopticChurch.net",Mesra 19,9
2025-08-26,"Readings for Tuesday, August 26th - Mesra 20 - Coptic Lectionary - CopticChurch.net",Mesra 20,9
2025-08-27,"Readings for Wednesday, August 27th - Mesra 21 - Coptic Lectionary - CopticChurch.net",Mesra 21,9
2025-08-28,"Readings for Thursday, August 28th - Mesra 22 - Coptic Lectionary - CopticChurch.net",Mesra 22,9
2025-08-29,"Readings for Friday, August 29th - Mesra 23 - Coptic Lectionary - CopticChurch.net",Mesra 23,9
2025-08-30,"Readings for Saturday, August 30th - Mesra 24 - Coptic Lectionary - CopticChurch.net",Mesra 24,9
2025-08-31,"Readings for Sunday, August 31st - The fourth Sunday of Mesra - Coptic Lectionary - CopticChurch.net",The fourth Sunday of Mesra,9
2025-09-01,"Readings for Monday, September 1st - Mesra 26 - Coptic Lectionary - CopticChurch.net",Mesra 26,9
2025-09-02,"Readings for Tuesday, September 2nd - Mesra 27 - Coptic Lectionary - CopticChurch.net",Mesra 27,9
2025-09-03,"Readings for Wednesday, September 3rd - Mesra 28 - Coptic Lectionary - CopticChurch.net",Mesra 28,9
2025-09-04,"Readings for Thursday, September 4th - Mesra 29 - Coptic Lectionary - CopticChurch.net",Mesra 29,9
2025-09-05,"Readings for Friday, September 5th - Mesra 30 - Coptic Lectionary - CopticChurch.net",Mesra 30,9
2025-09-06,"Readings for Saturday, September 6th - Nasie 1 - Coptic Lectionary - CopticChurch.net",Nasie 1,9
2025-09-07,"Readings for Sunday, September 7th - The first Sunday of Nasie - Coptic Lectionary - CopticChurch.net",The first Sunday of Nasie,9
2025-09-08,"Readings for Monday, September 8th - Nasie 3 - Coptic Lectionary - CopticChurch.net",Nasie 3,9
2025-09-09,"Readings for Tuesday, September 9th - Nasie 4 - Coptic Lectionary - CopticChurch.net",Nasie 4,9
2025-09-10,"Readings for Wednesday, September 10th - Nasie 5 - Coptic Lectionary - CopticChurch.net",Nasie 5,9
2025-09-11,"Readings for Thursday, September 11th - Tout 1 - Coptic Lectionary - CopticChurch.net",Tout 1,9
2025-09-12,"Readings for Friday, September 12th - Tout 2 - Coptic Lectionary - CopticChurch.net",Tout 2,9
2025-09-13,"Readings for Saturday, September 13th - Tout 3 - Coptic Lectionary - CopticChurch.net",Tout 3,9
2025-09-14,"Readings for Sunday, September 14th - The first Sunday of Tout - Coptic Lectionary - CopticChurch.net",The first Sunday of Tout,9
2025-09-15,"Readings for Monday, September 15th - Tout 5 - Coptic Lectionary - CopticChurch.net",Tout 5,9
2025-09-16,"Readings for Tuesday, September 16th - Tout 6 - Coptic Lectionary - CopticChurch.net",Tout 6,9
2025-09-17,"Readings for Wednesday, September 17th - Tout 7 - Coptic Lectionary - CopticChurch.net",Tout 7,9
2025-09-18,"Readings for Thursday, September 18th - Tout 8 - Coptic Lectionary - CopticChurch.net",Tout 8,9
2025-09-19,"Readings for Friday, September 19th - Tout 9 - Coptic Lectionary - CopticChurch.net",Tout 9,9
2025-09-20,"Readings for Saturday, September 20th - Tout 10 - Coptic Lectionary - CopticChurch.net",Tout 10,9
2025-09-21,"Readings for Sunday, September 21st - The second Sunday of Tout - Coptic Lectionary - CopticChurch.net",The second Sunday of Tout,9
2025-09-22,"Readings for Monday, September 22nd - Tout 12 - Coptic Lectionary - CopticChurch.net",Tout 12,9
2025-09-23,"Readings for Tuesday, September 23rd - Tout 13 - Coptic Lectionary - CopticChurch.net",Tout 13,9
2025-09-24,"Readings for Wednesday, September 24th - Tout 14 - Coptic Lectionary - CopticChurch.net",Tout 14,9
2025-09-25,"Readings for Thursday, September 25th - Tout 15 - Coptic Lectionary - CopticChurch.net",Tout 15,9
2025-09-26,"Readings for Friday, September 26th - Tout 16 - Coptic Lectionary - CopticChurch.net",Tout 16,9
2025-09-27,"Readings for Saturday, September 27th - Tout 17 (Feast of the Cross) - Coptic Lectionary - CopticChurch.net",Tout 17 (Feast of the Cross),9
2025-09-28,"Readings for Sunday, September 28th - Sunday, Tout 18 (Feast of the Cross) - Coptic Lectionary - CopticChurch.net","Sunday, Tout 18 (Feast of the Cross)",9
2025-09-29,"Readings for Monday, September 29th - Tout 19 (Feast of the Cross) - Coptic Lectionary - CopticChurch.net",Tout 19 (Feast of the Cross),9
2025-09-30,"Readings for Tuesday, September 30th - Tout 20 - Coptic Lectionary - CopticChurch.net",Tout 20,9
2025-10-01,"Readings for Wednesday, October 1st - Tout 21 - Coptic Lectionary - CopticChurch.net",Tout 21,9
2025-10-02,"Readings for Thursday, October 2nd - Tout 22 - Coptic Lectionary - CopticChurch.net",Tout 22,9
2025-10-03,"Readings for Friday, October 3rd - Tout 23 - Coptic Lectionary - CopticChurch.net",Tout 23,9
2025-10-04,"Readings for Saturday, October 4th - Tout 24 - Coptic Lectionary - CopticChurch.net",Tout 24,9
2025-10-05,"Readings for Sunday, October 5th - The fourth Sunday of Tout - Coptic Lectionary - CopticChurch.net",The fourth Sunday of Tout,9
2025-10-06,"Readings for Monday, October 6th - Tout 26 - Coptic Lectionary - CopticChurch.net",Tout 26,9
2025-10-07,"Readings for Tuesday, October 7th - Tout 27 - Coptic Lectionary - CopticChurch.net",Tout 27,9
2025-10-08,"Readings for Wednesday, October 8th - Tout 28 - Coptic Lectionary - CopticChurch.net",Tout 28,9
2025-10-09,"Readings for Thursday, October 9th - Tout 29 - Coptic Lectionary - CopticChurch.net",Tout 29,9
2025-10-10,"Readings for Friday, October 10th - Tout 30 - Coptic Lectionary - CopticChurch.net",Tout 30,9
2025-10-11,"Readings for Saturday, October 11th - Baba 1 - Coptic Lectionary - CopticChurch.net",Baba 1,9
2025-10-12,"Readings for Sunday, October 12th - The first Sunday of Baba - Coptic Lectionary - CopticChurch.net",The first Sunday of Baba,9
2025-10-13,"Readings for Monday, October 13th - Baba 3 - Coptic Lectionary - CopticChurch.net",Baba 3,9
2025-10-14,"Readings for Tuesday, October 14th - Baba 4 - Coptic Lectionary - CopticChurch.net",Baba 4,9
2025-10-15,"Readings for Wednesday, October 15th - Baba 5 - Coptic Lectionary - CopticChurch.net",Baba 5,9
2025-10-16,"Readings for Thursday, October 16th - Baba 6 - Coptic Lectionary - CopticChurch.net",Baba 6,9
2025-10-17,"Readings for Friday, October 17th - Baba 7 - Coptic Lectionary - CopticChurch.net",Baba 7,9
2025-10-18,"Readings for Saturday, October 18th - Baba 8 - Coptic Lectionary - CopticChurch.net",Baba 8,9
2025-10-19,"Readings for Sunday, October 19th - The second Sunday of Baba - Coptic Lectionary - CopticChurch.net",The second Sunday of Baba,9
2025-10-20,"Readings for Monday, October 20th - Baba 10 - Coptic Lectionary - CopticChurch.net",Baba 10,9
2025-10-21,"Readings for Tuesday, October 21st - Baba 11 - Coptic Lectionary - CopticChurch.net",Baba 11,9
2025-10-22,"Readings for Wednesday, October 22nd - Baba 12 - Coptic Lectionary - CopticChurch.net",Baba 12,9
2025-10-23,"Readings for Thursday, October 23rd - Baba 13 - Coptic Lectionary - CopticChurch.net",Baba 13,9
2025-10-24,"Readings for Friday, October 24th - Baba 14 - Coptic Lectionary - CopticChurch.net",Baba 14,9
2025-10-25,"Readings for Saturday, October 25th - Baba 15 - Coptic Lectionary - CopticChurch.net",Baba 15,9
2025-10-26,"Readings for Sunday, October 26th - The third Sunday of Baba - Coptic Lectionary - CopticChurch.net",The third Sunday of Baba,9
2025-10-27,"Readings for Monday, October 27th - Baba 17 - Coptic Lectionary - CopticChurch.net",Baba 17,9
2025-10-28,"Readings for Tuesday, October 28th - Baba 18 - Coptic Lectionary - CopticChurch.net",Baba 18,9
2025-10-29,"Readings for Wednesday, October 29th - Baba 19 - Coptic Lectionary - CopticChurch.net",Baba 19,9
2025-10-30,"Readings for Thursday, October 30th - Baba 20 - Coptic Lectionary - CopticChurch.net",Baba 20,9
2025-10-31,"Readings for Friday, October 31st - Baba 21 - Coptic Lectionary - CopticChurch.net",Baba 21,9
2025-11-01,"Readings for Saturday, November 1st - Baba 22 - Coptic Lectionary - CopticChurch.net",Baba 22,9
2025-11-02,"Readings for Sunday, November 2nd - The fourth Sunday of Baba - Coptic Lectionary - CopticChurch.net",The fourth Sunday of Baba,9
2025-11-03,"Readings for Monday, November 3rd - Baba 24 - Coptic Lectionary - CopticChurch.net",Baba 24,9
2025-11-04,"Readings for Tuesday, November 4th - Baba 25 - Coptic Lectionary - CopticChurch.net",Baba 25,9
2025-11-05,"Readings for Wednesday, November 5th - Baba 26 - Coptic Lectionary - CopticChurch.net",Baba 26,9
2025-11-06,"Readings for Thursday, November 6th - Baba 27 - Coptic Lectionary - CopticChurch.net",Baba 27,9
2025-11-07,"Readings for Friday, November 7th - Baba 28 - Coptic Lectionary - CopticChurch.net",Baba 28,9
2025-11-08,"Readings for Saturday, November 8th - Baba 29 - Coptic Lectionary - CopticChurch.net",Baba 29,9
2025-11-09,"Readings for Sunday, November 9th - The fifth Sunday of Baba - Coptic Lectionary - CopticChurch.net",The fifth Sunday of Baba,9
2025-11-10,"Readings for Monday, November 10th - Hator 1 - Coptic Lectionary - CopticChurch.net",Hator 1,9
2025-11-11,"Readings for Tuesday, November 11th - Hator 2 - Coptic Lectionary - CopticChurch.net",Hator 2,9
2025-11-12,"Readings for Wednesday, November 12th - Hator 3 - Coptic Lectionary - CopticChurch.net",Hator 3,9
2025-11-13,"Readings for Thursday, November 13th - Hator 4 - Coptic Lectionary - CopticChurch.net",Hator 4,9
2025-11-14,"Readings for Friday, November 14th - Hator 5 - Coptic Lectionary - CopticChurch.net",Hator 5,9
2025-11-15,"Readings for Saturday, November 15th - Hator 6 - Coptic Lectionary - CopticChurch.net",Hator 6,9
2025-11-16,"Readings for Sunday, November 16th - The first Sunday of Hator - Coptic Lectionary - CopticChurch.net",The first Sunday of Hator,9
2025-11-17,"Readings for Monday, November 17th - Hator 8 - Coptic Lectionary - CopticChurch.net",Hator 8,9
2025-11-18,"Readings for Tuesday, November 18th - Hator 9 - Coptic Lectionary - CopticChurch.net",Hator 9,9
2025-11-19,"Readings for Wednesday, November 19th - Hator 10 - Coptic Lectionary - CopticChurch.net",Hator 10,9
2025-11-20,"Readings for Thursday, November 20th - Hator 11 - Coptic Lectionary - CopticChurch.net",Hator 11,9
2025-11-21,"Readings for Friday, November 21st - Hator 12 - Coptic Lectionary - CopticChurch.net",Hator 12,9
2025-11-22,"Readings for Saturday, November 22nd - Hator 13 - Coptic Lectionary - CopticChurch.net",Hator 13,9
2025-11-23,"Readings for Sunday, November 23rd - The second Sunday of Hator - Coptic Lectionary - CopticChurch.net",The second Sunday of Hator,9
2025-11-24,"Readings for Monday, November 24th - Hator 15 - Coptic Lectionary - CopticChurch.net",Hator 15,9
2025-11-25,"Readings for Tuesday, November 25th - Hator 16 of Christmas Fast - Coptic Lectionary - CopticChurch.net",Hator 16 of Christmas Fast,9
2025-11-26,"Readings for Wednesday, November 26th - Hator 17 - Coptic Lectionary - CopticChurch.net",Hator 17,9
2025-11-27,"Readings for Thursday, November 27th - Hator 18 - Coptic Lectionary - CopticChurch.net",Hator 18,9
2025-11-28,"Readings for Friday, November 28th - Hator 19 - Coptic Lectionary - CopticChurch.net",Hator 19,9
2025-11-29,"Readings for Saturday, November 29th - Hator 20 - Coptic Lectionary - CopticChurch.net",Hator 20,9
2025-11-30,"Readings for Sunday, November 30th - The third Sunday of Hator - Coptic Lectionary - CopticChurch.net",The third Sunday of Hator,9
2025-12-01,"Readings for Monday, December 1st - Hator 22 - Coptic Lectionary - CopticChurch.net",Hator 22,9
2025-12-02,"Readings for Tuesday, December 2nd - Hator 23 - Coptic Lectionary - CopticChurch.net",Hator 23,9
2025-12-03,"Readings for Wednesday, December 3rd - Hator 24 - Coptic Lectionary - CopticChurch.net",Hator 24,9
2025-12-04,"Readings for Thursday, December 4th - Hator 25 - Coptic Lectionary - CopticChurch.net",Hator 25,9
2025-12-05,"Readings for Friday, December 5th - Hator 26 - Coptic Lectionary - CopticChurch.net",Hator 26,9
2025-12-06,"Readings for Saturday, December 6th - Hator 27 - Coptic Lectionary - CopticChurch.net",Hator 27,9
2025-12-07,"Readings for Sunday, December 7th - The fourth Sunday of Hator - Coptic Lectionary - CopticChurch.net",The fourth Sunday of Hator,9
2025-12-08,"Readings for Monday, December 8th - Hator 29 - Coptic Lectionary - CopticChurch.net",Hator 29,9
2025-12-09,"Readings for Tuesday, December 9th - Hator 30 - Coptic Lectionary - CopticChurch.net",Hator 30,9
2025-12-10,"Readings for Wednesday, December 10th - Kiak 1 - Coptic Lectionary - CopticChurch.net",Kiak 1,9
2025-12-11,"Readings for Thursday, December 11th - Kiak 2 - Coptic Lectionary - CopticChurch.net",Kiak 2,9
2025-12-12,"Readings for Friday, December 12th - Kiak 3 - Coptic Lectionary - CopticChurch.net",Kiak 3,9
2025-12-13,"Readings for Saturday, December 13th - Kiak 4 - Coptic Lectionary - CopticChurch.net",Kiak 4,9
2025-12-14,"Readings for Sunday, December 14th - The first Sunday of Kiak - Coptic Lectionary - CopticChurch.net",The first Sunday of Kiak,9
2025-12-15,"Readings for Monday, December 15th - Kiak 6 - Coptic Lectionary - CopticChurch.net",Kiak 6,9
2025-12-16,"Readings for Tuesday, December 16th - Kiak 7 - Coptic Lectionary - CopticChurch.net",Kiak 7,9
2025-12-17,"Readings for Wednesday, December 17th - Kiak 8 - Coptic Lectionary - CopticChurch.net",Kiak 8,9
2025-12-18,"Readings for Thursday, December 18th - Kiak 9 - Coptic Lectionary - CopticChurch.net",Kiak 9,9
2025-12-19,"Readings for Friday, December 19th - Kiak 10 - Coptic Lectionary - CopticChurch.net",Kiak 10,9
2025-12-20,"Readings for Saturday, December 20th - Kiak 11 - Coptic Lectionary - CopticChurch.net",Kiak 11,9
2025-12-21,"Readings for Sunday, December 21st - The second Sunday of Kiak - Coptic Lectionary - CopticChurch.net",The second Sunday of Kiak,9
2025-12-22,"Readings for Monday, December 22nd - Kiak 13 - Coptic Lectionary - CopticChurch.net",Kiak 13,9
2025-12-23,"Readings for Tuesday, December 23rd - Kiak 14 - Coptic Lectionary - CopticChurch.net",Kiak 14,9
2025-12-24,"Readings for Wednesday, December 24th - Kiak 15 - Coptic Lectionary - CopticChurch.net",Kiak 15,9
2025-12-25,"Readings for Thursday, December 25th - Kiak 16 - Coptic Lectionary - CopticChurch.net",Kiak 16,9
2025-12-26,"Readings for Friday, December 26th - Kiak 17 - Coptic Lectionary - CopticChurch.net",Kiak 17,9
2025-12-27,"Readings for Saturday, December 27th - Kiak 18 - Coptic Lectionary - CopticChurch.net",Kiak 18,9
2025-12-28,"Readings for Sunday, December 28th - The third Sunday of Kiak - Coptic Lectionary - CopticChurch.net",The third Sunday of Kiak,9
2025-12-29,"Readings for Monday, December 29th - Kiak 20 - Coptic Lectionary - CopticChurch.net",Kiak 20,9
2025-12-30,"Readings for Tuesday, December 30th - Kiak 21 - Coptic Lectionary - CopticChurch.net",Kiak 21,9
2025-12-31,"Readings for Wednesday, December 31st - Kiak 22 - Coptic Lectionary - CopticChurch.net",Kiak 22,9
2026-01-01,"Readings for Thursday, January 1st - Kiak 23 - Coptic Lectionary - CopticChurch.net",Kiak 23,9
2026-01-02,"Readings for Friday, January 2nd - Kiak 24 - Coptic Lectionary - CopticChurch.net",Kiak 24,9
2026-01-03,"Readings for Saturday, January 3rd - Kiak 25 - Coptic Lectionary - CopticChurch.net",Kiak 25,9
2026-01-04,"Readings for Sunday, January 4th - The fourth Sunday of Kiak - Coptic Lectionary - CopticChurch.net",The fourth Sunday of Kiak,9
2026-01-05,"Readings for Monday, January 5th - Kiak 27 - Coptic Lectionary - CopticChurch.net",Kiak 27,9
2026-01-06,"Readings for Tuesday, January 6th - Christmas Paramoune - Coptic Lectionary - CopticChurch.net",Christmas Paramoune,9
2026-01-07,"Readings for Wednesday, January 7th - Christmas - Coptic Lectionary - CopticChurch.net",Christmas,9
2026-01-08,"Readings for Thursday, January 8th - Kiak 30 - Coptic Lectionary - CopticChurch.net",Kiak 30,9
2026-01-09,"Readings for Friday, January 9th - Toba 1 - Coptic Lectionary - CopticChurch.net",Toba 1,9
2026-01-10,"Readings for Saturday, January 10th - Toba 2 - Coptic Lectionary - CopticChurch.net",Toba 2,9
2026-01-11,"Readings for Sunday, January 11th - The first Sunday of Toba - Coptic Lectionary - CopticChurch.net",The first Sunday of Toba,9
2026-01-12,"Readings for Monday, January 12th - Toba 4 - Coptic Lectionary - CopticChurch.net",Toba 4,9
2026-01-13,"Readings for Tuesday, January 13th - Toba 5 - Coptic Lectionary - CopticChurch.net",Toba 5,9
2026-01-14,"Readings for Wednesday, January 14th - Circumcision of our Lord - Coptic Lectionary - CopticChurch.net",Circumcision of our Lord,9
2026-01-15,"Readings for Thursday, January 15th - Toba 7 - Coptic Lectionary - CopticChurch.net",Toba 7,9
2026-01-16,"Readings for Friday, January 16th - Toba 8 - Coptic Lectionary - CopticChurch.net",Toba 8,9
2026-01-17,"Readings for Saturday, January 17th - Epiphany Paramoune - Coptic Lectionary - CopticChurch.net",Epiphany Paramoune,9
2026-01-18,"Readings for Sunday, January 18th - Epiphany Paramoune - Coptic Lectionary - CopticChurch.net",Epiphany Paramoune,9
2026-01-19,"Readings for Monday, January 19th - The Feast of Epiphany - Coptic Lectionary - CopticChurch.net",The Feast of Epiphany,9
2026-01-20,"Readings for Tuesday, January 20th - The Second Day of Feast of Epiphany - Coptic Lectionary - CopticChurch.net",The Second Day of Feast of Epiphany,9
2026-01-21,"Readings for Wednesday, January 21st - Wedding of Cana - Coptic Lectionary - CopticChurch.net",Wedding of Cana,9
2026-01-22,"Readings for Thursday, January 22nd - Toba 14 - Coptic Lectionary - CopticChurch.net",Toba 14,9
2026-01-23,"Readings for Friday, January 23rd - Toba 15 - Coptic Lectionary - CopticChurch.net",Toba 15,9
2026-01-24,"Readings for Saturday, January 24th - Toba 16 - Coptic Lectionary - CopticChurch.net",Toba 16,9
2026-01-25,"Readings for Sunday, January 25th - The third Sunday of Toba - Coptic Lectionary - CopticChurch.net",The third Sunday of Toba,9
2026-01-26,"Readings for Monday, January 26th - Toba 18 - Coptic Lectionary - CopticChurch.net",Toba 18,9
2026-01-27,"Readings for Tuesday, January 27th - Toba 19 - Coptic Lectionary - CopticChurch.net",Toba 19,9
2026-01-28,"Readings for Wednesday, January 28th - Toba 20 - Coptic Lectionary - CopticChurch.net",Toba 20,9
2026-01-29,"Readings for Thursday, January 29th - Toba 21 - Coptic Lectionary - CopticChurch.net",Toba 21,9
2026-01-30,"Readings for Friday, January 30th - Toba 22 - Coptic Lectionary - CopticChurch.net",Toba 22,9
2026-01-31,"Readings for Saturday, January 31st - Toba 23 - Coptic Lectionary - CopticChurch.net",Toba 23,9
2026-02-01,"Readings for Sunday, February 1st - The fourth Sunday of Toba - Coptic Lectionary - CopticChurch.net",The fourth Sunday of Toba,9
2026-02-02,"Readings for Monday, February 2nd - Fast of Ninevah - Coptic Lectionary - CopticChurch.net",Fast of Ninevah,9
2026-02-03,"Readings for Tuesday, February 3rd - Tuesday of Ninevah's Fast - Coptic Lectionary - CopticChurch.net",Tuesday of Ninevah's Fast,7
2026-02-04,"Readings for Wednesday, February 4th - Wednesday of Ninevah's Fast - Coptic Lectionary - CopticChurch.net",Wednesday of Ninevah's Fast,7
2026-02-05,"Readings for Thursday, February 5th - Jonah's Feast - Coptic Lectionary - CopticChurch.net",Jonah's Feast,7
2026-02-06,"Readings for Friday, February 6th - Toba 29 - Coptic Lectionary - CopticChurch.net",Toba 29,9
2026-02-07,"Readings for Saturday, February 7th - Toba 30 - Coptic Lectionary - CopticChurch.net",Toba 30,9
2026-02-08,"Readings for Sunday, February 8th - The first Sunday of Amshir - Coptic Lectionary - CopticChurch.net",The first Sunday of Amshir,9
2026-02-09,"Readings for Monday, February 9th - Amshir 2 - Coptic Lectionary - CopticChurch.net",Amshir 2,9
2026-02-10,"Readings for Tuesday, February 10th - Amshir 3 - Coptic Lectionary - CopticChurch.net",Amshir 3,9
2026-02-11,"Readings for Wednesday, February 11th - Amshir 4 - Coptic Lectionary - CopticChurch.net",Amshir 4,9
2026-02-12,"Readings for Thursday, February 12th - Amshir 5 - Coptic Lectionary - CopticChurch.net",Amshir 5,9
2026-02-13,"Readings for Friday, February 13th - Amshir 6 - Coptic Lectionary - CopticChurch.net",Amshir 6,9
2026-02-14,"Readings for Saturday, February 14th - Saturday of the week before Great Lent - Coptic Lectionary - CopticChurch.net",Saturday of the week before Great Lent,9
2026-02-15,"Readings for Sunday, February 15th - Entrance into the Temple - Coptic Lectionary - CopticChurch.net",Entrance into the Temple,9
2026-02-16,"Readings for Monday, February 16th - Great Lent - Coptic Lectionary - CopticChurch.net",Great Lent,9
2026-02-17,"Readings for Tuesday, February 17th - Tuesday of the first week of Great Lent - Coptic Lectionary - CopticChurch.net",Tuesday of the first week of Great Lent,7
2026-02-18,"Readings for Wednesday, February 18th - Wednesday of the first week of Great Lent - Coptic Lectionary - CopticChurch.net",Wednesday of the first week of Great Lent,7
2026-02-19,"Readings for Thursday, February 19th - Thursday of the first week of Great Lent - Coptic Lectionary - CopticChurch.net",Thursday of the first week of Great Lent,7
2026-02-20,"Readings for Friday, February 20th - Friday of the first week of Great Lent - Coptic Lectionary - CopticChurch.net",Friday of the first week of Great Lent,7
2026-02-21,"Readings for Saturday, February 21st - Saturday of the first week of Great Lent - Coptic Lectionary - CopticChurch.net",Saturday of the first week of Great Lent,7
2026-02-22,"Readings for Sunday, February 22nd - Sunday of the first week of Great Lent - Coptic Lectionary - CopticChurch.net",Sunday of the first week of Great Lent,9
2026-02-23,"Readings for Monday, February 23rd - Monday of the second week of Great Lent - Coptic Lectionary - CopticChurch.net",Monday of the second week of Great Lent,7
2026-02-24,"Readings for Tuesday, February 24th - Tuesday of the second week of Great Lent - Coptic Lectionary - CopticChurch.net",Tuesday of the second week of Great Lent,7
2026-02-25,"Readings for Wednesday, February 25th - Wednesday of the second week of Great Lent - Coptic Lectionary - CopticChurch.net",Wednesday of the second week of Great Lent,7
2026-02-26,"Readings for Thursday, February 26th - Thursday of the second week of Great Lent - Coptic Lectionary - CopticChurch.net",Thursday of the second week of Great Lent,7
2026-02-27,"Readings for Friday, February 27th - Friday of the second week of Great Lent - Coptic Lectionary - CopticChurch.net",Friday of the second week of Great Lent,7
2026-02-28,"Readings for Saturday, February 28th - Saturday of the second week of Great Lent - Coptic Lectionary - CopticChurch.net",Saturday of the second week of Great Lent,7
2026-03-01,"Readings for Sunday, March 1st - Sunday of the second week of Great Lent - Coptic Lectionary - CopticChurch.net",Sunday of the second week of Great Lent,9
2026-03-02,"Readings for Monday, March 2nd - Monday of the third week of Great Lent - Coptic Lectionary - CopticChurch.net",Monday of the third week of Great Lent,7
2026-03-03,"Readings for Tuesday, March 3rd - Tuesday of the third week of Great Lent - Coptic Lectionary - CopticChurch.net",Tuesday of the third week of Great Lent,7
2026-03-04,"Readings for Wednesday, March 4th - Wednesday of the third week of Great Lent - Coptic Lectionary - CopticChurch.net",Wednesday of the third week of Great Lent,7
2026-03-05,"Readings for Thursday, March 5th - Thursday of the third week of Great Lent - Coptic Lectionary - CopticChurch.net",Thursday of the third week of Great Lent,7
2026-03-06,"Readings for Friday, March 6th - Friday of the third week of Great Lent - Coptic Lectionary - CopticChurch.net",Friday of the third week of Great Lent,7
2026-03-07,"Readings for Saturday, March 7th - Saturday of the third week of Great Lent - Coptic Lectionary - CopticChurch.net",Saturday of the third week of Great Lent,7
2026-03-08,"Readings for Sunday, March 8th - Sunday of the third week of Great Lent - Coptic Lectionary - CopticChurch.net",Sunday of the third week of Great Lent,9
2026-03-09,"Readings for Monday, March 9th - Monday of the fourth week of Great Lent - Coptic Lectionary - CopticChurch.net",Monday of the fourth week of Great Lent,7
2026-03-10,"Readings for Tuesday, March 10th - Tuesday of the fourth week of Great Lent - Coptic Lectionary - CopticChurch.net",Tuesday of the fourth week of Great Lent,7
2026-03-11,"Readings for Wednesday, March 11th - Wednesday of the fourth week of Great Lent - Coptic Lectionary - CopticChurch.net",Wednesday of the fourth week of Great Lent,7
2026-03-12,"Readings for Thursday, March 12th - Thursday of the fourth week of Great Lent - Coptic Lectionary - CopticChurch.net",Thursday of the fourth week of Great Lent,7
2026-03-13,"Readings for Friday, March 13th - Friday of the fourth week of Great Lent - Coptic Lectionary - CopticChurch.net",Friday of the fourth week of Great Lent,7
2026-03-14,"Readings for Saturday, March 14th - Saturday of the fourth week of Great Lent - Coptic Lectionary - CopticChurch.net",Saturday of the fourth week of Great Lent,7
2026-03-15,"Readings for Sunday, March 15th - Sunday of the fourth week of Great Lent - Coptic Lectionary - CopticChurch.net",Sunday of the fourth week of Great Lent,9
2026-03-16,"Readings for Monday, March 16th - Monday of the fifth week of Great Lent - Coptic Lectionary - CopticChurch.net",Monday of the fifth week of Great Lent,7
2026-03-17,"Readings for Tuesday, March 17th - Tuesday of the fifth week of Great Lent - Coptic Lectionary - CopticChurch.net",Tuesday of the fifth week of Great Lent,7
2026-03-18,"Readings for Wednesday, March 18th - Wednesday of the fifth week of Great Lent - Coptic Lectionary - CopticChurch.net",Wednesday of the fifth week of Great Lent,7
2026-03-19,"Readings for Thursday, March 19th - Thursday of the fifth week of Great Lent <br>(Feast of the Cross - Readings of 10th Baramhat) - Coptic Lectionary - CopticChurch.net",Thursday of the fifth week of Great Lent <br>(Feast of the Cross - Readings of 10th Baramhat),9
2026-03-20,"Readings for Friday, March 20th - Friday of the fifth week of Great Lent - Coptic Lectionary - CopticChurch.net",Friday of the fifth week of Great Lent,7
2026-03-21,"Readings for Saturday, March 21st - Saturday of the fifth week of Great Lent - Coptic Lectionary - CopticChurch.net",Saturday of the fifth week of Great Lent,7
2026-03-22,"Readings for Sunday, March 22nd - Sunday of the fifth week of Great Lent - Coptic Lectionary - CopticChurch.net",Sunday of the fifth week of Great Lent,9
2026-03-23,"Readings for Monday, March 23rd - Monday of the sixth week of Great Lent - Coptic Lectionary - CopticChurch.net",Monday of the sixth week of Great Lent,7
2026-03-24,"Readings for Tuesday, March 24th - Tuesday of the sixth week of Great Lent - Coptic Lectionary - CopticChurch.net",Tuesday of the sixth week of Great Lent,7
2026-03-25,"Readings for Wednesday, March 25th - Wednesday of the sixth week of Great Lent - Coptic Lectionary - CopticChurch.net",Wednesday of the sixth week of Great Lent,7
2026-03-26,"Readings for Thursday, March 26th - Thursday of the sixth week of Great Lent - Coptic Lectionary - CopticChurch.net",Thursday of the sixth week of Great Lent,7
2026-03-27,"Readings for Friday, March 27th - Friday of the sixth week of Great Lent - Coptic Lectionary - CopticChurch.net",Friday of the sixth week of Great Lent,7
2026-03-28,"Readings for Saturday, March 28th - Saturday of the sixth week of Great Lent - Coptic Lectionary - CopticChurch.net",Saturday of the sixth week of Great Lent,7
2026-03-29,"Readings for Sunday, March 29th - Sunday of the sixth week of Great Lent - Coptic Lectionary - CopticChurch.net",Sunday of the sixth week of Great Lent,9
2026-03-30,"Readings for Monday, March 30th - Monday of the seventh week of Great Lent - Coptic Lectionary - CopticChurch.net",Monday of the seventh week of Great Lent,7
2026-03-31,"Readings for Tuesday, March 31st - Tuesday of the seventh week of Great Lent - Coptic Lectionary - CopticChurch.net",Tuesday of the seventh week of Great Lent,7
2026-04-01,"Readings for Wednesday, April 1st - Wednesday of the seventh week of Great Lent - Coptic Lectionary - CopticChurch.net",Wednesday of the seventh week of Great Lent,7
2026-04-02,"Readings for Thursday, April 2nd - Thursday of the seventh week of Great Lent - Coptic Lectionary - CopticChurch.net",Thursday of the seventh week of Great Lent,7
2026-04-03,"Readings for Friday, April 3rd - Friday of the seventh week of Great Lent - Coptic Lectionary - CopticChurch.net",Friday of the seventh week of Great Lent,7
2026-04-04,"Readings for Saturday, April 4th - Lazarus Saturday of Great Lent - Coptic Lectionary - CopticChurch.net",Lazarus Saturday of Great Lent,7
2026-04-05,"Readings for Sunday, April 5th - Palm Sunday - Coptic Lectionary - CopticChurch.net",Palm Sunday,9
2026-04-06,"Readings for Monday, April 6th - Monday of Holy Week - Coptic Lectionary - CopticChurch.net",Monday of Holy Week,0
2026-04-07,"Readings for Tuesday, April 7th - Annunciation - Coptic Lectionary - CopticChurch.net",Annunciation,9
2026-04-08,"Readings for Wednesday, April 8th - Wednesday of Holy Week - Coptic Lectionary - CopticChurch.net",Wednesday of Holy Week,0
2026-04-09,"Readings for Thursday, April 9th - Holy Thursday - Coptic Lectionary - CopticChurch.net",Holy Thursday,0
2026-04-10,"Readings for Friday, April 10th - Good Friday - Coptic Lectionary - CopticChurch.net",Good Friday,0
2026-04-11,"Readings for Saturday, April 11th - Bright Saturday - Coptic Lectionary - CopticChurch.net",Bright Saturday,0
2026-04-12,"Readings for Sunday, April 12th - The Feast of Resurrection - Coptic Lectionary - CopticChurch.net",The Feast of Resurrection,7
2026-04-13,"Readings for Monday, April 13th - Monday of the first week of the holy fifty days - Coptic Lectionary - CopticChurch.net",Monday of the first week of the holy fifty days,9
2026-04-14,"Readings for Tuesday, April 14th - Tuesday of the first week of the holy fifty days - Coptic Lectionary - CopticChurch.net",Tuesday of the first week of the holy fifty days,9
2026-04-15,"Readings for Wednesday, April 15th - Wednesday of the first week of the holy fifty days - Coptic Lectionary - CopticChurch.net",Wednesday of the first week of the holy fifty days,9
2026-04-16,"Readings for Thursday, April 16th - Thursday of the first week of the holy fifty days - Coptic Lectionary - CopticChurch.net",Thursday of the first week of the holy fifty days,9
2026-04-17,"Readings for Friday, April 17th - Friday of the first week of the holy fifty days - Coptic Lectionary - CopticChurch.net",Friday of the first week of the holy fifty days,9
2026-04-18,"Readings for Saturday, April 18th - Saturday of the first week of the holy fifty days - Coptic Lectionary - CopticChurch.net",Saturday of the first week of the holy fifty days,9
2026-04-19,"Readings for Sunday, April 19th - Thomas Sunday - Coptic Lectionary - CopticChurch.net",Thomas Sunday,9
2026-04-20,"Readings for Monday, April 20th - Monday of the second week of the holy fifty days - Coptic Lectionary - CopticChurch.net",Monday of the second week of the holy fifty days,9
2026-04-21,"Readings for Tuesday, April 21st - Tuesday of the second week of the holy fifty days - Coptic Lectionary - CopticChurch.net",Tuesday of the second week of the holy fifty days,9
2026-04-22,"Readings for Wednesday, April 22nd - Wednesday of the second week of the holy fifty days - Coptic Lectionary - CopticChurch.net",Wednesday of the second week of the holy fifty days,9
2026-04-23,"Readings for Thursday, April 23rd - Thursday of the second week of the holy fifty days - Coptic Lectionary - CopticChurch.net",Thursday of the second week of the holy fifty days,9
2026-04-24,"Readings for Friday, April 24th - Friday of the second week of the holy fifty days - Coptic Lectionary - CopticChurch.net",Friday of the second week of the holy fifty days,9
2026-04-25,"Readings for Saturday, April 25th - Saturday of the second week of the holy fifty days - Coptic Lectionary - CopticChurch.net",Saturday of the second week of the holy fifty days,9
2026-04-26,"Readings for Sunday, April 26th - Sunday of the second week of the holy fifty days - Coptic Lectionary - CopticChurch.net",Sunday of the second week of the holy fifty days,9
2026-04-27,"Readings for Monday, April 27th - Monday of the third week of the holy fifty days - Coptic Lectionary - CopticChurch.net",Monday of the third week of the holy fifty days,9
2026-04-28,"Readings for Tuesday, April 28th - Tuesday of the third week of the holy fifty days - Coptic Lectionary - CopticChurch.net",Tuesday of the third week of the holy fifty days,9
2026-04-29,"Readings for Wednesday, April 29th - Wednesday of the third week of the holy fifty days - Coptic Lectionary - CopticChurch.net",Wednesday of the third week of the holy fifty days,9
2026-04-30,"Readings for Thursday, April 30th - Thursday of the third week of the holy fifty days - Coptic Lectionary - CopticChurch.net",Thursday of the third week of the holy fifty days,9
2026-05-01,"Readings for Friday, May 1st - Friday of the third week of the holy fifty days - Coptic Lectionary - CopticChurch.net",Friday of the third week of the holy fifty days,9
2026-05-02,"Readings for Saturday, May 2nd - Saturday of the third week of the holy fifty days - Coptic Lectionary - CopticChurch.net",Saturday of the third week of the holy fifty days,9
2026-05-03,"Readings for Sunday, May 3rd - Sunday of the third week of the holy fifty days - Coptic Lectionary - CopticChurch.net",Sunday of the third week of the holy fifty days,9
2026-05-04,"Readings for Monday, May 4th - Monday of the fourth week of the holy fifty days - Coptic Lectionary - CopticChurch.net",Monday of the fourth week of the holy fifty days,9
2026-05-05,"Readings for Tuesday, May 5th - Tuesday of the fourth week of the holy fifty days - Coptic Lectionary - CopticChurch.net",Tuesday of the fourth week of the holy fifty days,9
2026-05-06,"Readings for Wednesday, May 6th - Wednesday of the fourth week of the holy fifty days - Coptic Lectionary - CopticChurch.net",Wednesday of the fourth week of the holy fifty days,9
2026-05-07,"Readings for Thursday, May 7th - Thursday of the fourth week of the holy fifty days - Coptic Lectionary - CopticChurch.net",Thursday of the fourth week of the holy fifty days,9
2026-05-08,"Readings for Friday, May 8th - Friday of the fourth week of the holy fifty days - Coptic Lectionary - CopticChurch.net",Friday of the fourth week of the holy fifty days,9
2026-05-09,"Readings for Saturday, May 9th - Saturday of the fourth week of the holy fifty days - Coptic Lectionary - CopticChurch.net",Saturday of the fourth week of the holy fifty days,9
2026-05-10,"Readings for Sunday, May 10th - Sunday of the fourth week of the holy fifty days - Coptic Lectionary - CopticChurch.net",Sunday of the fourth week of the holy fifty days,9
2026-05-11,"Readings for Monday, May 11th - Monday of the fifth week of the holy fifty days - Coptic Lectionary - CopticChurch.net",Monday of the fifth week of the holy fifty days,9
2026-05-12,"Readings for Tuesday, May 12th - Tuesday of the fifth week of the holy fifty days - Coptic Lectionary - CopticChurch.net",Tuesday of the fifth week of the holy fifty days,9
2026-05-13,"Readings for Wednesday, May 13th - Wednesday of the fifth week of the holy fifty days - Coptic Lectionary - CopticChurch.net",Wednesday of the fifth week of the holy fifty days,9
2026-05-14,"Readings for Thursday, May 14th - Thursday of the fifth week of the holy fifty days - Coptic Lectionary - CopticChurch.net",Thursday of the fifth week of the holy fifty days,9
2026-05-15,"Readings for Friday, May 15th - Friday of the fifth week of the holy fifty days - Coptic Lectionary - CopticChurch.net",Friday of the fifth week of the holy fifty days,9
2026-05-16,"Readings for Saturday, May 16th - Saturday of the fifth week of the holy fifty days - Coptic Lectionary - CopticChurch.net",Saturday of the fifth week of the holy fifty days,9
2026-05-17,"Readings for Sunday, May 17th - Sunday of the fifth week of the holy fifty days - Coptic Lectionary - CopticChurch.net",Sunday of the fifth week of the holy fifty days,9
2026-05-18,"Readings for Monday, May 18th - Monday of the sixth week of the holy fifty days - Coptic Lectionary - CopticChurch.net",Monday of the sixth week of the holy fifty days,9
2026-05-19,"Readings for Tuesday, May 19th - Tuesday of the sixth week of the holy fifty days - Coptic Lectionary - CopticChurch.net",Tuesday of the sixth week of the holy fifty days,9
2026-05-20,"Readings for Wednesday, May 20th - Wednesday of the sixth week of the holy fifty days - Coptic Lectionary - CopticChurch.net",Wednesday of the sixth week of the holy fifty days,9
2026-05-21,"Readings for Thursday, May 21st - The Feast of the Ascension - Coptic Lectionary - CopticChurch.net",The Feast of the Ascension,9
2026-05-22,"Readings for Friday, May 22nd - Friday of the sixth week of the holy fifty days - Coptic Lectionary - CopticChurch.net",Friday of the sixth week of the holy fifty days,9
2026-05-23,"Readings for Saturday, May 23rd - Saturday of the sixth week of the holy fifty days - Coptic Lectionary - CopticChurch.net",Saturday of the sixth week of the holy fifty days,9
2026-05-24,"Readings for Sunday, May 24th - Sunday of the sixth week of the holy fifty days - Coptic Lectionary - CopticChurch.net",Sunday of the sixth week of the holy fifty days,9
2026-05-25,"Readings for Monday, May 25th - Monday of the seventh week of the holy fifty days - Coptic Lectionary - CopticChurch.net",Monday of the seventh week of the holy fifty days,9
2026-05-26,"Readings for Tuesday, May 26th - Tuesday of the seventh week of the holy fifty days - Coptic Lectionary - CopticChurch.net",Tuesday of the seventh week of the holy fifty days,9
2026-05-27,"Readings for Wednesday, May 27th - Wednesday of the seventh week of the holy fifty days - Coptic Lectionary - CopticChurch.net",Wednesday of the seventh week of the holy fifty days,9
2026-05-28,"Readings for Thursday, May 28th - Thursday of the seventh week of the holy fifty days - Coptic Lectionary - CopticChurch.net",Thursday of the seventh week of the holy fifty days,9
2026-05-29,"Readings for Friday, May 29th - Friday of the seventh week of the holy fifty days - Coptic Lectionary - CopticChurch.net",Friday of the seventh week of the holy fifty days,9
2026-05-30,"Readings for Saturday, May 30th - Saturday of the seventh week of the holy fifty days - Coptic Lectionary - CopticChurch.net",Saturday of the seventh week of the holy fifty days,9
2026-05-31,"Readings for Sunday, May 31st - Pentecost - Coptic Lectionary - CopticChurch.net",Pentecost,9
2026-06-01,"Readings for Monday, June 1st - Entrance into Egypt - Coptic Lectionary - CopticChurch.net",Entrance into Egypt,9
2026-06-02,"Readings for Tuesday, June 2nd - Bashons 25 - Coptic Lectionary - CopticChurch.net",Bashons 25,9
2026-06-03,"Readings for Wednesday, June 3rd - Bashons 26 - Coptic Lectionary - CopticChurch.net",Bashons 26,9
2026-06-04,"Readings for Thursday, June 4th - Bashons 27 - Coptic Lectionary - CopticChurch.net",Bashons 27,9
2026-06-05,"Readings for Friday, June 5th - Bashons 28 - Coptic Lectionary - CopticChurch.net",Bashons 28,9
2026-06-06,"Readings for Saturday, June 6th - Bashons 29 - Coptic Lectionary - CopticChurch.net",Bashons 29,9
2026-06-07,"Readings for Sunday, June 7th - The fifth Sunday of Bashons - Coptic Lectionary - CopticChurch.net",The fifth Sunday of Bashons,9
2026-06-08,"Readings for Monday, June 8th - Paona 1 - Coptic Lectionary - CopticChurch.net",Paona 1,9
2026-06-09,"Readings for Tuesday, June 9th - Paona 2 - Coptic Lectionary - CopticChurch.net",Paona 2,9
2026-06-10,"Readings for Wednesday, June 10th - Paona 3 - Coptic Lectionary - CopticChurch.net",Paona 3,9
2026-06-11,"Readings for Thursday, June 11th - Paona 4 - Coptic Lectionary - CopticChurch.net",Paona 4,9
2026-06-12,"Readings for Friday, June 12th - Paona 5 - Coptic Lectionary - CopticChurch.net",Paona 5,9
2026-06-13,"Readings for Saturday, June 13th - Paona 6 - Coptic Lectionary - CopticChurch.net",Paona 6,9
2026-06-14,"Readings for Sunday, June 14th - The first Sunday of Paona - Coptic Lectionary - CopticChurch.net",The first Sunday of Paona,9
2026-06-15,"Readings for Monday, June 15th - Paona 8 - Coptic Lectionary - CopticChurch.net",Paona 8,9
2026-06-16,"Readings for Tuesday, June 16th - Paona 9 - Coptic Lectionary - CopticChurch.net",Paona 9,9
2026-06-17,"Readings for Wednesday, June 17th - Paona 10 - Coptic Lectionary - CopticChurch.net",Paona 10,9
2026-06-18,"Readings for Thursday, June 18th - Paona 11 - Coptic Lectionary - CopticChurch.net",Paona 11,9
2026-06-19,"Readings for Friday, June 19th - Paona 12 - Coptic Lectionary - CopticChurch.net",Paona 12,9
2026-06-20,"Readings for Saturday, June 20th - Paona 13 - Coptic Lectionary - CopticChurch.net",Paona 13,9
2026-06-21,"Readings for Sunday, June 21st - The second Sunday of Paona - Coptic Lectionary - CopticChurch.net",The second Sunday of Paona,9
2026-06-22,"Readings for Monday, June 22nd - Paona 15 - Coptic Lectionary - CopticChurch.net",Paona 15,9
2026-06-23,"Readings for Tuesday, June 23rd - Paona 16 - Coptic Lectionary - CopticChurch.net",Paona 16,9
2026-06-24,"Readings for Wednesday, June 24th - Paona 17 - Coptic Lectionary - CopticChurch.net",Paona 17,9
2026-06-25,"Readings for Thursday, June 25th - Paona 18 - Coptic Lectionary - CopticChurch.net",Paona 18,9
2026-06-26,"Readings for Friday, June 26th - Paona 19 - Coptic Lectionary - CopticChurch.net",Paona 19,9
2026-06-27,"Readings for Saturday, June 27th - Paona 20 - Coptic Lectionary - CopticChurch.net",Paona 20,9
2026-06-28,"Readings for Sunday, June 28th - The third Sunday of Paona - Coptic Lectionary - CopticChurch.net",The third Sunday of Paona,9
2026-06-29,"Readings for Monday, June 29th - Paona 22 - Coptic Lectionary - CopticChurch.net",Paona 22,9
2026-06-30,"Readings for Tuesday, June 30th - Paona 23 - Coptic Lectionary - CopticChurch.net",Paona 23,9
2026-07-01,"Readings for Wednesday, July 1st - Paona 24 - Coptic Lectionary - CopticChurch.net",Paona 24,9
2026-07-02,"Readings for Thursday, July 2nd - Paona 25 - Coptic Lectionary - CopticChurch.net",Paona 25,9
2026-07-03,"Readings for Friday, July 3rd - Paona 26 - Coptic Lectionary - CopticChurch.net",Paona 26,9
2026-07-04,"Readings for Saturday, July 4th - Paona 27 - Coptic Lectionary - CopticChurch.net",Paona 27,9
2026-07-05,"Readings for Sunday, July 5th - The fourth Sunday of Paona - Coptic Lectionary - CopticChurch.net",The fourth Sunday of Paona,9
2026-07-06,"Readings for Monday, July 6th - Paona 29 - Coptic Lectionary - CopticChurch.net",Paona 29,9
2026-07-07,"Readings for Tuesday, July 7th - Paona 30 - Coptic Lectionary - CopticChurch.net",Paona 30,9
2026-07-08,"Readings for Wednesday, July 8th - Abib 1 - Coptic Lectionary - CopticChurch.net",Abib 1,9
2026-07-09,"Readings for Thursday, July 9th - Abib 2 - Coptic Lectionary - CopticChurch.net",Abib 2,9
2026-07-10,"Readings for Friday, July 10th - Abib 3 - Coptic Lectionary - CopticChurch.net",Abib 3,9
2026-07-11,"Readings for Saturday, July 11th - Abib 4 - Coptic Lectionary - CopticChurch.net",Abib 4,9
2026-07-12,"Readings for Sunday, July 12th - The first Sunday of Abib (Apostle's Feast) - Coptic Lectionary - CopticChurch.net",The first Sunday of Abib (Apostle's Feast),9
2026-07-13,"Readings for Monday, July 13th - Abib 6 - Coptic Lectionary - CopticChurch.net",Abib 6,9
2026-07-14,"Readings for Tuesday, July 14th - Abib 7 - Coptic Lectionary - CopticChurch.net",Abib 7,9
2026-07-15,"Readings for Wednesday, July 15th - Abib 8 - Coptic Lectionary - CopticChurch.net",Abib 8,9
2026-07-16,"Readings for Thursday, July 16th - Abib 9 - Coptic Lectionary - CopticChurch.net",Abib 9,9
2026-07-17,"Readings for Friday, July 17th - Abib 10 - Coptic Lectionary - CopticChurch.net",Abib 10,9
2026-07-18,"Readings for Saturday, July 18th - Abib 11 - Coptic Lectionary - CopticChurch.net",Abib 11,9
2026-07-19,"Readings for Sunday, July 19th - The second Sunday of Abib - Coptic Lectionary - CopticChurch.net",The second Sunday of Abib,9
2026-07-20,"Readings for Monday, July 20th - Abib 13 - Coptic Lectionary - CopticChurch.net",Abib 13,9
2026-07-21,"Readings for Tuesday, July 21st - Abib 14 - Coptic Lectionary - CopticChurch.net",Abib 14,9
2026-07-22,"Readings for Wednesday, July 22nd - Abib 15 - Coptic Lectionary - CopticChurch.net",Abib 15,9
2026-07-23,"Readings for Thursday, July 23rd - Abib 16 - Coptic Lectionary - CopticChurch.net",Abib 16,9
2026-07-24,"Readings for Friday, July 24th - Abib 17 - Coptic Lectionary - CopticChurch.net",Abib 17,9
2026-07-25,"Readings for Saturday, July 25th - Abib 18 - Coptic Lectionary - CopticChurch.net",Abib 18,9
2026-07-26,"Readings for Sunday, July 26th - The third Sunday of Abib - Coptic Lectionary - CopticChurch.net",The third Sunday of Abib,9
2026-07-27,"Readings for Monday, July 27th - Abib 20 - Coptic Lectionary - CopticChurch.net",Abib 20,9
2026-07-28,"Readings for Tuesday, July 28th - Abib 21 - Coptic Lectionary - CopticChurch.net",Abib 21,9
2026-07-29,"Readings for Wednesday, July 29th - Abib 22 - Coptic Lectionary - CopticChurch.net",Abib 22,9
2026-07-30,"Readings for Thursday, July 30th - Abib 23 - Coptic Lectionary - CopticChurch.net",Abib 23,9
2026-07-31,"Readings for Friday, July 31st - Abib 24 - Coptic Lectionary - CopticChurch.net",Abib 24,9
2026-08-01,"Readings for Saturday, August 1st - Abib 25 - Coptic Lectionary - CopticChurch.net",Abib 25,9
2026-08-02,"Readings for Sunday, August 2nd - The fourth Sunday of Abib - Coptic Lectionary - CopticChurch.net",The fourth Sunday of Abib,9
2026-08-03,"Readings for Monday, August 3rd - Abib 27 - Coptic Lectionary - CopticChurch.net",Abib 27,9
2026-08-04,"Readings for Tuesday, August 4th - Abib 28 - Coptic Lectionary - CopticChurch.net",Abib 28,9
2026-08-05,"Readings for Wednesday, August 5th - Abib 29 - Coptic Lectionary - CopticChurch.net",Abib 29,9
2026-08-06,"Readings for Thursday, August 6th - Abib 30 - Coptic Lectionary - CopticChurch.net",Abib 30,9
2026-08-07,"Readings for Friday, August 7th - St Mary's Fast - Coptic Lectionary - CopticChurch.net",St Mary's Fast,9
2026-08-08,"Readings for Saturday, August 8th - Mesra 2 - Coptic Lectionary - CopticChurch.net",Mesra 2,9
2026-08-09,"Readings for Sunday, August 9th - The first Sunday of Mesra - Coptic Lectionary - CopticChurch.net",The first Sunday of Mesra,9
2026-08-10,"Readings for Monday, August 10th - Mesra 4 - Coptic Lectionary - CopticChurch.net",Mesra 4,9
2026-08-11,"Readings for Tuesday, August 11th - Mesra 5 - Coptic Lectionary - CopticChurch.net",Mesra 5,9
2026-08-12,"Readings for Wednesday, August 12th - Mesra 6 - Coptic Lectionary - CopticChurch.net",Mesra 6,9
2026-08-13,"Readings for Thursday, August 13th - Mesra 7 - Coptic Lectionary - CopticChurch.net",Mesra 7,9
2026-08-14,"Readings for Friday, August 14th - Mesra 8 - Coptic Lectionary - CopticChurch.net",Mesra 8,9
2026-08-15,"Readings for Saturday, August 15th - Mesra 9 - Coptic Lectionary - CopticChurch.net",Mesra 9,9
2026-08-16,"Readings for Sunday, August 16th - The second Sunday of Mesra - Coptic Lectionary - CopticChurch.net",The second Sunday of Mesra,9
2026-08-17,"Readings for Monday, August 17th - Mesra 11 - Coptic Lectionary - CopticChurch.net",Mesra 11,9
2026-08-18,"Readings for Tuesday, August 18th - Mesra 12 - Coptic Lectionary - CopticChurch.net",Mesra 12,9
2026-08-19,"Readings for Wednesday, August 19th - Transfiguration - Coptic Lectionary - CopticChurch.net",Transfiguration,9
2026-08-20,"Readings for Thursday, August 20th - Mesra 14 - Coptic Lectionary - CopticChurch.net",Mesra 14,9
2026-08-21,"Readings for Friday, August 21st - Mesra 15 - Coptic Lectionary - CopticChurch.net",Mesra 15,9
2026-08-22,"Readings for Saturday, August 22nd - Mesra 16 (St Mary's Feast) - Coptic Lectionary - CopticChurch.net",Mesra 16 (St Mary's Feast),9
2026-08-23,"Readings for Sunday, August 23rd - The third Sunday of Mesra - Coptic Lectionary - CopticChurch.net",The third Sunday of Mesra,9
2026-08-24,"Readings for Monday, August 24th - Mesra 18 - Coptic Lectionary - CopticChurch.net",Mesra 18,9
2026-08-25,"Readings for Tuesday, August 25th - Mesra 19 - Coptic Lectionary - CopticChurch.net",Mesra 19,9
2026-08-26,"Readings for Wednesday, August 26th - Mesra 20 - Coptic Lectionary - CopticChurch.net",Mesra 20,9
2026-08-27,"Readings for Thursday, August 27th - Mesra 21 - Coptic Lectionary - CopticChurch.net",Mesra 21,9
2026-08-28,"Readings for Friday, August 28th - Mesra 22 - Coptic Lectionary - CopticChurch.net",Mesra 22,9
2026-08-29,"Readings for Saturday, August 29th - Mesra 23 - Coptic Lectionary - CopticChurch.net",Mesra 23,9
2026-08-30,"Readings for Sunday, August 30th - The fourth Sunday of Mesra - Coptic Lectionary - CopticChurch.net",The fourth Sunday of Mesra,9
2026-08-31,"Readings for Monday, August 31st - Mesra 25 - Coptic Lectionary - CopticChurch.net",Mesra 25,9
2026-09-01,"Readings for Tuesday, September 1st - Mesra 26 - Coptic Lectionary - CopticChurch.net",Mesra 26,9
2026-09-02,"Readings for Wednesday, September 2nd - Mesra 27 - Coptic Lectionary - CopticChurch.net",Mesra 27,9
2026-09-03,"Readings for Thursday, September 3rd - Mesra 28 - Coptic Lectionary - CopticChurch.net",Mesra 28,9
2026-09-04,"Readings for Friday, September 4th - Mesra 29 - Coptic Lectionary - CopticChurch.net",Mesra 29,9
2026-09-05,"Readings for Saturday, September 5th - Mesra 30 - Coptic Lectionary - CopticChurch.net",Mesra 30,9
2026-09-06,"Readings for Sunday, September 6th - The first Sunday of Nasie - Coptic Lectionary - CopticChurch.net",The first Sunday of Nasie,9
2026-09-07,"Readings for Monday, September 7th - Nasie 2 - Coptic Lectionary - CopticChurch.net",Nasie 2,9
2026-09-08,"Readings for Tuesday, September 8th - Nasie 3 - Coptic Lectionary - CopticChurch.net",Nasie 3,9
2026-09-09,"Readings for Wednesday, September 9th - Nasie 4 - Coptic Lectionary - CopticChurch.net",Nasie 4,9
2026-09-10,"Readings for Thursday, September 10th - Nasie 5 - Coptic Lectionary - CopticChurch.net",Nasie 5,9
2026-09-11,"Readings for Friday, September 11th - Tout 1 - Coptic Lectionary - CopticChurch.net",Tout 1,9
2026-09-12,"Readings for Saturday, September 12th - Tout 2 - Coptic Lectionary - CopticChurch.net",Tout 2,9
2026-09-13,"Readings for Sunday, September 13th - The first Sunday of Tout - Coptic Lectionary - CopticChurch.net",The first Sunday of Tout,9
2026-09-14,"Readings for Monday, September 14th - Tout 4 - Coptic Lectionary - CopticChurch.net",Tout 4,9
2026-09-15,"Readings for Tuesday, September 15th - Tout 5 - Coptic Lectionary - CopticChurch.net",Tout 5,9
2026-09-16,"Readings for Wednesday, September 16th - Tout 6 - Coptic Lectionary - CopticChurch.net",Tout 6,9
2026-09-17,"Readings for Thursday, September 17th - Tout 7 - Coptic Lectionary - CopticChurch.net",Tout 7,9
2026-09-18,"Readings for Friday, September 18th - Tout 8 - Coptic Lectionary - CopticChurch.net",Tout 8,9
2026-09-19,"Readings for Saturday, September 19th - Tout 9 - Coptic Lectionary - CopticChurch.net",Tout 9,9
2026-09-20,"Readings for Sunday, September 20th - The second Sunday of Tout - Coptic Lectionary - CopticChurch.net",The second Sunday of Tout,9
2026-09-21,"Readings for Monday, September 21st - Tout 11 - Coptic Lectionary - CopticChurch.net",Tout 11,9
2026-09-22,"Readings for Tuesday, September 22nd - Tout 12 - Coptic Lectionary - CopticChurch.net",Tout 12,9
2026-09-23,"Readings for Wednesday, September 23rd - Tout 13 - Coptic Lectionary - CopticChurch.net",Tout 13,9
2026-09-24,"Readings for Thursday, September 24th - Tout 14 - Coptic Lectionary - CopticChurch.net",Tout 14,9
2026-09-25,"Readings for Friday, September 25th - Tout 15 - Coptic Lectionary - CopticChurch.net",Tout 15,9
2026-09-26,"Readings for Saturday, September 26th - Tout 16 - Coptic Lectionary - CopticChurch.net",Tout 16,9
2026-09-27,"Readings for Sunday, September 27th - Sunday, Tout 17 (Feast of the Cross) - Coptic Lectionary - CopticChurch.net","Sunday, Tout 17 (Feast of the Cross)",9
2026-09-28,"Readings for Monday, September 28th - Tout 18 (Feast of the Cross) - Coptic Lectionary - CopticChurch.net",Tout 18 (Feast of the Cross),9
2026-09-29,"Readings for Tuesday, September 29th - Tout 19 (Feast of the Cross) - Coptic Lectionary - CopticChurch.net",Tout 19 (Feast of the Cross),9
2026-09-30,"Readings for Wednesday, September 30th - Tout 20 - Coptic Lectionary - CopticChurch.net",Tout 20,9
2026-10-01,"Readings for Thursday, October 1st - Tout 21 - Coptic Lectionary - CopticChurch.net",Tout 21,9
2026-10-02,"Readings for Friday, October 2nd - Tout 22 - Coptic Lectionary - CopticChurch.net",Tout 22,9
2026-10-03,"Readings for Saturday, October 3rd - Tout 23 - Coptic Lectionary - CopticChurch.net",Tout 23,9
2026-10-04,"Readings for Sunday, October 4th - The fourth Sunday of Tout - Coptic Lectionary - CopticChurch.net",The fourth Sunday of Tout,9
2026-10-05,"Readings for Monday, October 5th - Tout 25 - Coptic Lectionary - CopticChurch.net",Tout 25,9
2026-10-06,"Readings for Tuesday, October 6th - Tout 26 - Coptic Lectionary - CopticChurch.net",Tout 26,9
2026-10-07,"Readings for Wednesday, October 7th - Tout 27 - Coptic Lectionary - CopticChurch.net",Tout 27,9
2026-10-08,"Readings for Thursday, October 8th - Tout 28 - Coptic Lectionary - CopticChurch.net",Tout 28,9
2026-10-09,"Readings for Friday, October 9th - Tout 29 - Coptic Lectionary - CopticChurch.net",Tout 29,9
2026-10-10,"Readings for Saturday, October 10th - Tout 30 - Coptic Lectionary - CopticChurch.net",Tout 30,9
2026-10-11,"Readings for Sunday, October 11th - The first Sunday of Baba - Coptic Lectionary - CopticChurch.net",The first Sunday of Baba,9
2026-10-12,"Readings for Monday, October 12th - Baba 2 - Coptic Lectionary - CopticChurch.net",Baba 2,9
2026-10-13,"Readings for Tuesday, October 13th - Baba 3 - Coptic Lectionary - CopticChurch.net",Baba 3,9
2026-10-14,"Readings for Wednesday, October 14th - Baba 4 - Coptic Lectionary - CopticChurch.net",Baba 4,9
2026-10-15,"Readings for Thursday, October 15th - Baba 5 - Coptic Lectionary - CopticChurch.net",Baba 5,9
2026-10-16,"Readings for Friday, October 16th - Baba 6 - Coptic Lectionary - CopticChurch.net",Baba 6,9
2026-10-17,"Readings for Saturday, October 17th - Baba 7 - Coptic Lectionary - CopticChurch.net",Baba 7,9
2026-10-18,"Readings for Sunday, October 18th - The second Sunday of Baba - Coptic Lectionary - CopticChurch.net",The second Sunday of Baba,9
2026-10-19,"Readings for Monday, October 19th - Baba 9 - Coptic Lectionary - CopticChurch.net",Baba 9,9
2026-10-20,"Readings for Tuesday, October 20th - Baba 10 - Coptic Lectionary - CopticChurch.net",Baba 10,9
2026-10-21,"Readings for Wednesday, October 21st - Baba 11 - Coptic Lectionary - CopticChurch.net",Baba 11,9
2026-10-22,"Readings for Thursday, October 22nd - Baba 12 - Coptic Lectionary - CopticChurch.net",Baba 12,9
2026-10-23,"Readings for Friday, October 23rd - Baba 13 - Coptic Lectionary - CopticChurch.net",Baba 13,9
2026-10-24,"Readings for Saturday, October 24th - Baba 14 - Coptic Lectionary - CopticChurch.net",Baba 14,9
2026-10-25,"Readings for Sunday, October 25th - The third Sunday of Baba - Coptic Lectionary - CopticChurch.net",The third Sunday of Baba,9
2026-10-26,"Readings for Monday, October 26th - Baba 16 - Coptic Lectionary - CopticChurch.net",Baba 16,9
2026-10-27,"Readings for Tuesday, October 27th - Baba 17 - Coptic Lectionary - CopticChurch.net",Baba 17,9
2026-10-28,"Readings for Wednesday, October 28th - Baba 18 - Coptic Lectionary - CopticChurch.net",Baba 18,9
2026-10-29,"Readings for Thursday, October 29th - Baba 19 - Coptic Lectionary - CopticChurch.net",Baba 19,9
2026-10-30,"Readings for Friday, October 30th - Baba 20 - Coptic Lectionary - CopticChurch.net",Baba 20,9
2026-10-31,"Readings for Saturday, October 31st - Baba 21 - Coptic Lectionary - CopticChurch.net",Baba 21,9
2026-11-01,"Readings for Sunday, November 1st - The fourth Sunday of Baba - Coptic Lectionary - CopticChurch.net",The fourth Sunday of Baba,9
2026-11-02,"Readings for Monday, November 2nd - Baba 23 - Coptic Lectionary - CopticChurch.net",Baba 23,9
2026-11-03,"Readings for Tuesday, November 3rd - Baba 24 - Coptic Lectionary - CopticChurch.net",Baba 24,9
2026-11-04,"Readings for Wednesday, November 4th - Baba 25 - Coptic Lectionary - CopticChurch.net",Baba 25,9
2026-11-05,"Readings for Thursday, November 5th - Baba 26 - Coptic Lectionary - CopticChurch.net",Baba 26,9
2026-11-06,"Readings for Friday, November 6th - Baba 27 - Coptic Lectionary - CopticChurch.net",Baba 27,9
2026-11-07,"Readings for Saturday, November 7th - Baba 28 - Coptic Lectionary - CopticChurch.net",Baba 28,9
2026-11-08,"Readings for Sunday, November 8th - The fifth Sunday of Baba (Readings of 29th Baramhat) - Coptic Lectionary - CopticChurch.net",The fifth Sunday of Baba (Readings of 29th Baramhat),9
2026-11-09,"Readings for Monday, November 9th - Baba 30 - Coptic Lectionary - CopticChurch.net",Baba 30,9
2026-11-10,"Readings for Tuesday, November 10th - Hator 1 - Coptic Lectionary - CopticChurch.net",Hator 1,9
2026-11-11,"Readings for Wednesday, November 11th - Hator 2 - Coptic Lectionary - CopticChurch.net",Hator 2,9
2026-11-12,"Readings for Thursday, November 12th - Hator 3 - Coptic Lectionary - CopticChurch.net",Hator 3,9
2026-11-13,"Readings for Friday, November 13th - Hator 4 - Coptic Lectionary - CopticChurch.net",Hator 4,9
2026-11-14,"Readings for Saturday, November 14th - Hator 5 - Coptic Lectionary - CopticChurch.net",Hator 5,9
2026-11-15,"Readings for Sunday, November 15th - The first Sunday of Hator - Coptic Lectionary - CopticChurch.net",The first Sunday of Hator,9
2026-11-16,"Readings for Monday, November 16th - Hator 7 - Coptic Lectionary - CopticChurch.net",Hator 7,9
2026-11-17,"Readings for Tuesday, November 17th - Hator 8 - Coptic Lectionary - CopticChurch.net",Hator 8,9
2026-11-18,"Readings for Wednesday, November 18th - Hator 9 - Coptic Lectionary - CopticChurch.net",Hator 9,9
2026-11-19,"Readings for Thursday, November 19th - Hator 10 - Coptic Lectionary - CopticChurch.net",Hator 10,9
2026-11-20,"Readings for Friday, November 20th - Hator 11 - Coptic Lectionary - CopticChurch.net",Hator 11,9
2026-11-21,"Readings for Saturday, November 21st - Hator 12 - Coptic Lectionary - CopticChurch.net",Hator 12,9
2026-11-22,"Readings for Sunday, November 22nd - The second Sunday of Hator - Coptic Lectionary - CopticChurch.net",The second Sunday of Hator,9
2026-11-23,"Readings for Monday, November 23rd - Hator 14 - Coptic Lectionary - CopticChurch.net",Hator 14,9
2026-11-24,"Readings for Tuesday, November 24th - Hator 15 - Coptic Lectionary - CopticChurch.net",Hator 15,9
2026-11-25,"Readings for Wednesday, November 25th - Hator 16 of Christmas Fast - Coptic Lectionary - CopticChurch.net",Hator 16 of Christmas Fast,9
2026-11-26,"Readings for Thursday, November 26th - Hator 17 - Coptic Lectionary - CopticChurch.net",Hator 17,9
2026-11-27,"Readings for Friday, November 27th - Hator 18 - Coptic Lectionary - CopticChurch.net",Hator 18,9
2026-11-28,"Readings for Saturday, November 28th - Hator 19 - Coptic Lectionary - CopticChurch.net",Hator 19,9
2026-11-29,"Readings for Sunday, November 29th - The third Sunday of Hator - Coptic Lectionary - CopticChurch.net",The third Sunday of Hator,9
2026-11-30,"Readings for Monday, November 30th - Hator 21 - Coptic Lectionary - CopticChurch.net",Hator 21,9
2026-12-01,"Readings for Tuesday, December 1st - Hator 22 - Coptic Lectionary - CopticChurch.net",Hator 22,9
2026-12-02,"Readings for Wednesday, December 2nd - Hator 23 - Coptic Lectionary - CopticChurch.net",Hator 23,9
2026-12-03,"Readings for Thursday, December 3rd - Hator 24 - Coptic Lectionary - CopticChurch.net",Hator 24,9
2026-12-04,"Readings for Friday, December 4th - Hator 25 - Coptic Lectionary - CopticChurch.net",Hator 25,9
2026-12-05,"Readings for Saturday, December 5th - Hator 26 - Coptic Lectionary - CopticChurch.net",Hator 26,9
2026-12-06,"Readings for Sunday, December 6th - The fourth Sunday of Hator - Coptic Lectionary - CopticChurch.net",The fourth Sunday of Hator,9
2026-12-07,"Readings for Monday, December 7th - Hator 28 - Coptic Lectionary - CopticChurch.net",Hator 28,9
2026-12-08,"Readings for Tuesday, December 8th - Hator 29 - Coptic Lectionary - CopticChurch.net",Hator 29,9
2026-12-09,"Readings for Wednesday, December 9th - Hator 30 - Coptic Lectionary - CopticChurch.net",Hator 30,9
2026-12-10,"Readings for Thursday, December 10th - Kiak 1 - Coptic Lectionary - CopticChurch.net",Kiak 1,9
2026-12-11,"Readings for Friday, December 11th - Kiak 2 - Coptic Lectionary - CopticChurch.net",Kiak 2,9
2026-12-12,"Readings for Saturday, December 12th - Kiak 3 - Coptic Lectionary - CopticChurch.net",Kiak 3,9
2026-12-13,"Readings for Sunday, December 13th - The first Sunday of Kiak - Coptic Lectionary - CopticChurch.net",The first Sunday of Kiak,9
2026-12-14,"Readings for Monday, December 14th - Kiak 5 - Coptic Lectionary - CopticChurch.net",Kiak 5,9
2026-12-15,"Readings for Tuesday, December 15th - Kiak 6 - Coptic Lectionary - CopticChurch.net",Kiak 6,9
2026-12-16,"Readings for Wednesday, December 16th - Kiak 7 - Coptic Lectionary - CopticChurch.net",Kiak 7,9
2026-12-17,"Readings for Thursday, December 17th - Kiak 8 - Coptic Lectionary - CopticChurch.net",Kiak 8,9
2026-12-18,"Readings for Friday, December 18th - Kiak 9 - Coptic Lectionary - CopticChurch.net",Kiak 9,9
2026-12-19,"Readings for Saturday, December 19th - Kiak 10 - Coptic Lectionary - CopticChurch.net",Kiak 10,9
2026-12-20,"Readings for Sunday, December 20th - The second Sunday of Kiak - Coptic Lectionary - CopticChurch.net",The second Sunday of Kiak,9
2026-12-21,"Readings for Monday, December 21st - Kiak 12 - Coptic Lectionary - CopticChurch.net",Kiak 12,9
2026-12-22,"Readings for Tuesday, December 22nd - Kiak 13 - Coptic Lectionary - CopticChurch.net",Kiak 13,9
2026-12-23,"Readings for Wednesday, December 23rd - Kiak 14 - Coptic Lectionary - CopticChurch.net",Kiak 14,9
2026-12-24,"Readings for Thursday, December 24th - Kiak 15 - Coptic Lectionary - CopticChurch.net",Kiak 15,9
2026-12-25,"Readings for Friday, December 25th - Kiak 16 - Coptic Lectionary - CopticChurch.net",Kiak 16,9
2026-12-26,"Readings for Saturday, December 26th - Kiak 17 - Coptic Lectionary - CopticChurch.net",Kiak 17,9
2026-12-27,"Readings for Sunday, December 27th - The third Sunday of Kiak - Coptic Lectionary - CopticChurch.net",The third Sunday of Kiak,9
2026-12-28,"Readings for Monday, December 28th - Kiak 19 - Coptic Lectionary - CopticChurch.net",Kiak 19,9
2026-12-29,"Readings for Tuesday, December 29th - Kiak 20 - Coptic Lectionary - CopticChurch.net",Kiak 20,9
2026-12-30,"Readings for Wednesday, December 30th - Kiak 21 - Coptic Lectionary - CopticChurch.net",Kiak 21,9
2026-12-31,"Readings for Thursday, December 31st - Kiak 22 - Coptic Lectionary - CopticChurch.net",Kiak 22,9
2027-01-01,"Readings for Friday, January 1st - Kiak 23 - Coptic Lectionary - CopticChurch.net",Kiak 23,9
2027-01-02,"Readings for Saturday, January 2nd - Kiak 24 - Coptic Lectionary - CopticChurch.net",Kiak 24,9
2027-01-03,"Readings for Sunday, January 3rd - The fourth Sunday of Kiak - Coptic Lectionary - CopticChurch.net",The fourth Sunday of Kiak,9
2027-01-04,"Readings for Monday, January 4th - Kiak 26 - Coptic Lectionary - CopticChurch.net",Kiak 26,9
2027-01-05,"Readings for Tuesday, January 5th - Kiak 27 - Coptic Lectionary - CopticChurch.net",Kiak 27,9
2027-01-06,"Readings for Wednesday, January 6th - Christmas Paramoune - Coptic Lectionary - CopticChurch.net",Christmas Paramoune,9
2027-01-07,"Readings for Thursday, January 7th - Christmas - Coptic Lectionary - CopticChurch.net",Christmas,9
2027-01-08,"Readings for Friday, January 8th - Kiak 30 - Coptic Lectionary - CopticChurch.net",Kiak 30,9
2027-01-09,"Readings for Saturday, January 9th - Toba 1 - Coptic Lectionary - CopticChurch.net",Toba 1,9
2027-01-10,"Readings for Sunday, January 10th - The first Sunday of Toba - Coptic Lectionary - CopticChurch.net",The first Sunday of Toba,9
2027-01-11,"Readings for Monday, January 11th - Toba 3 - Coptic Lectionary - CopticChurch.net",Toba 3,9
2027-01-12,"Readings for Tuesday, January 12th - Toba 4 - Coptic Lectionary - CopticChurch.net",Toba 4,9
2027-01-13,"Readings for Wednesday, January 13th - Toba 5 - Coptic Lectionary - CopticChurch.net",Toba 5,9
2027-01-14,"Readings for Thursday, January 14th - Circumcision of our Lord - Coptic Lectionary - CopticChurch.net",Circumcision of our Lord,9
2027-01-15,"Readings for Friday, January 15th - Toba 7 - Coptic Lectionary - CopticChurch.net",Toba 7,9
2027-01-16,"Readings for Saturday, January 16th - Toba 8 - Coptic Lectionary - CopticChurch.net",Toba 8,9
2027-01-17,"Readings for Sunday, January 17th - The second Sunday of Toba - Coptic Lectionary - CopticChurch.net",The second Sunday of Toba,9
2027-01-18,"Readings for Monday, January 18th - Epiphany Paramoune - Coptic Lectionary - CopticChurch.net",Epiphany Paramoune,9
2027-01-19,"Readings for Tuesday, January 19th - The Feast of Epiphany - Coptic Lectionary - CopticChurch.net",The Feast of Epiphany,9
2027-01-20,"Readings for Wednesday, January 20th - The Second Day of Feast of Epiphany - Coptic Lectionary - CopticChurch.net",The Second Day of Feast of Epiphany,9
2027-01-21,"Readings for Thursday, January 21st - Wedding of Cana - Coptic Lectionary - CopticChurch.net",Wedding of Cana,9
2027-01-22,"Readings for Friday, January 22nd - Toba 14 - Coptic Lectionary - CopticChurch.net",Toba 14,9
2027-01-23,"Readings for Saturday, January 23rd - Toba 15 - Coptic Lectionary - CopticChurch.net",Toba 15,9
2027-01-24,"Readings for Sunday, January 24th - The third Sunday of Toba - Coptic Lectionary - CopticChurch.net",The third Sunday of Toba,9
2027-01-25,"Readings for Monday, January 25th - Toba 17 - Coptic Lectionary - CopticChurch.net",Toba 17,9
2027-01-26,"Readings for Tuesday, January 26th - Toba 18 - Coptic Lectionary - CopticChurch.net",Toba 18,9
2027-01-27,"Readings for Wednesday, January 27th - Toba 19 - Coptic Lectionary - CopticChurch.net",Toba 19,9
2027-01-28,"Readings for Thursday, January 28th - Toba 20 - Coptic Lectionary - CopticChurch.net",Toba 20,9
2027-01-29,"Readings for Friday, January 29th - Toba 21 - Coptic Lectionary - CopticChurch.net",Toba 21,9
2027-01-30,"Readings for Saturday, January 30th - Toba 22 - Coptic Lectionary - CopticChurch.net",Toba 22,9
2027-01-31,"Readings for Sunday, January 31st - The fourth Sunday of Toba - Coptic Lectionary - CopticChurch.net",The fourth Sunday of Toba,9
2027-02-01,"Readings for Monday, February 1st - Toba 24 - Coptic Lectionary - CopticChurch.net",Toba 24,9
2027-02-02,"Readings for Tuesday, February 2nd - Toba 25 - Coptic Lectionary - CopticChurch.net",Toba 25,9
2027-02-03,"Readings for Wednesday, February 3rd - Toba 26 - Coptic Lectionary - CopticChurch.net",Toba 26,9
2027-02-04,"Readings for Thursday, February 4th - Toba 27 - Coptic Lectionary - CopticChurch.net",Toba 27,9
2027-02-05,"Readings for Friday, February 5th - Toba 28 - Coptic Lectionary - CopticChurch.net",Toba 28,9
2027-02-06,"Readings for Saturday, February 6th - Toba 29 - Coptic Lectionary - CopticChurch.net",Toba 29,9
2027-02-07,"Readings for Sunday, February 7th - The fifth Sunday of Toba - Coptic Lectionary - CopticChurch.net",The fifth Sunday of Toba,9
2027-02-08,"Readings for Monday, February 8th - Amshir 1 - Coptic Lectionary - CopticChurch.net",Amshir 1,9
2027-02-09,"Readings for Tuesday, February 9th - Amshir 2 - Coptic Lectionary - CopticChurch.net",Amshir 2,9
2027-02-10,"Readings for Wednesday, February 10th - Amshir 3 - Coptic Lectionary - CopticChurch.net",Amshir 3,9
2027-02-11,"Readings for Thursday, February 11th - Amshir 4 - Coptic Lectionary - CopticChurch.net",Amshir 4,9
2027-02-12,"Readings for Friday, February 12th - Amshir 5 - Coptic Lectionary - CopticChurch.net",Amshir 5,9
2027-02-13,"Readings for Saturday, February 13th - Amshir 6 - Coptic Lectionary - CopticChurch.net",Amshir 6,9
2027-02-14,"Readings for Sunday, February 14th - The first Sunday of Amshir - Coptic Lectionary - CopticChurch.net",The first Sunday of Amshir,9
2027-02-15,"Readings for Monday, February 15th - Entrance into the Temple - Coptic Lectionary - CopticChurch.net",Entrance into the Temple,9
2027-02-16,"Readings for Tuesday, February 16th - Amshir 9 - Coptic Lectionary - CopticChurch.net",Amshir 9,9
2027-02-17,"Readings for Wednesday, February 17th - Amshir 10 - Coptic Lectionary - CopticChurch.net",Amshir 10,9
2027-02-18,"Readings for Thursday, February 18th - Amshir 11 - Coptic Lectionary - CopticChurch.net",Amshir 11,9
2027-02-19,"Readings for Friday, February 19th - Amshir 12 - Coptic Lectionary - CopticChurch.net",Amshir 12,9
2027-02-20,"Readings for Saturday, February 20th - Amshir 13 - Coptic Lectionary - CopticChurch.net",Amshir 13,9
2027-02-21,"Readings for Sunday, February 21st - The second Sunday of Amshir - Coptic Lectionary - CopticChurch.net",The second Sunday of Amshir,9
2027-02-22,"Readings for Monday, February 22nd - Fast of Ninevah - Coptic Lectionary - CopticChurch.net",Fast of Ninevah,9
2027-02-23,"Readings for Tuesday, February 23rd - Tuesday of Ninevah's Fast - Coptic Lectionary - CopticChurch.net",Tuesday of Ninevah's Fast,7
2027-02-24,"Readings for Wednesday, February 24th - Wednesday of Ninevah's Fast - Coptic Lectionary - CopticChurch.net",Wednesday of Ninevah's Fast,7
2027-02-25,"Readings for Thursday, February 25th - Jonah's Feast - Coptic Lectionary - CopticChurch.net",Jonah's Feast,7
2027-02-26,"Readings for Friday, February 26th - Amshir 19 - Coptic Lectionary - CopticChurch.net",Amshir 19,9
2027-02-27,"Readings for Saturday, February 27th - Amshir 20 - Coptic Lectionary - CopticChurch.net",Amshir 20,9
2027-02-28,"Readings for Sunday, February 28th - The third Sunday of Amshir - Coptic Lectionary - CopticChurch.net",The third Sunday of Amshir,9
2027-03-01,"Readings for Monday, March 1st - Amshir 22 - Coptic Lectionary - CopticChurch.net",Amshir 22,9
2027-03-02,"Readings for Tuesday, March 2nd - Amshir 23 - Coptic Lectionary - CopticChurch.net",Amshir 23,9
2027-03-03,"Readings for Wednesday, March 3rd - Amshir 24 - Coptic Lectionary - CopticChurch.net",Amshir 24,9
2027-03-04,"Readings for Thursday, March 4th - Amshir 25 - Coptic Lectionary - CopticChurch.net",Amshir 25,9
2027-03-05,"Readings for Friday, March 5th - Amshir 26 - Coptic Lectionary - CopticChurch.net",Amshir 26,9
2027-03-06,"Readings for Saturday, March 6th - Saturday of the week before Great Lent - Coptic Lectionary - CopticChurch.net",Saturday of the week before Great Lent,9
2027-03-07,"Readings for Sunday, March 7th - Sunday of the week before Great Lent - Coptic Lectionary - CopticChurch.net",Sunday of the week before Great Lent,9
2027-03-08,"Readings for Monday, March 8th - Great Lent - Coptic Lectionary - CopticChurch.net",Great Lent,9
2027-03-09,"Readings for Tuesday, March 9th - Tuesday of the first week of Great Lent - Coptic Lectionary - CopticChurch.net",Tuesday of the first week of Great Lent,7
2027-03-10,"Readings for Wednesday, March 10th - Wednesday of the first week of Great Lent - Coptic Lectionary - CopticChurch.net",Wednesday of the first week of Great Lent,7
2027-03-11,"Readings for Thursday, March 11th - Thursday of the first week of Great Lent - Coptic Lectionary - CopticChurch.net",Thursday of the first week of Great Lent,7
2027-03-12,"Readings for Friday, March 12th - Friday of the first week of Great Lent - Coptic Lectionary - CopticChurch.net",Friday of the first week of Great Lent,7
2027-03-13,"Readings for Saturday, March 13th - Saturday of the first week of Great Lent - Coptic Lectionary - CopticChurch.net",Saturday of the first week of Great Lent,7
2027-03-14,"Readings for Sunday, March 14th - Sunday of the first week of Great Lent - Coptic Lectionary - CopticChurch.net",Sunday of the first week of Great Lent,9
2027-03-15,"Readings for Monday, March 15th - Monday of the second week of Great Lent - Coptic Lectionary - CopticChurch.net",Monday of the second week of Great Lent,7
2027-03-16,"Readings for Tuesday, March 16th - Tuesday of the second week of Great Lent - Coptic Lectionary - CopticChurch.net",Tuesday of the second week of Great Lent,7
2027-03-17,"Readings for Wednesday, March 17th - Wednesday of the second week of Great Lent - Coptic Lectionary - CopticChurch.net",Wednesday of the second week of Great Lent,7
2027-03-18,"Readings for Thursday, March 18th - Thursday of the second week of Great Lent - Coptic Lectionary - CopticChurch.net",Thursday of the second week of Great Lent,7
2027-03-19,"Readings for Friday, March 19th - Friday of the second week of Great Lent <br>(Feast of the Cross - Readings of 10th Baramhat) - Coptic Lectionary - CopticChurch.net",Friday of the second week of Great Lent <br>(Feast of the Cross - Readings of 10th Baramhat),9
2027-03-20,"Readings for Saturday, March 20th - Saturday of the second week of Great Lent - Coptic Lectionary - CopticChurch.net",Saturday of the second week of Great Lent,7
2027-03-21,"Readings for Sunday, March 21st - Sunday of the second week of Great Lent - Coptic Lectionary - CopticChurch.net",Sunday of the second week of Great Lent,9
2027-03-22,"Readings for Monday, March 22nd - Monday of the third week of Great Lent - Coptic Lectionary - CopticChurch.net",Monday of the third week of Great Lent,7
2027-03-23,"Readings for Tuesday, March 23rd - Tuesday of the third week of Great Lent - Coptic Lectionary - CopticChurch.net",Tuesday of the third week of Great Lent,7
2027-03-24,"Readings for Wednesday, March 24th - Wednesday of the third week of Great Lent - Coptic Lectionary - CopticChurch.net",Wednesday of the third week of Great Lent,7
2027-03-25,"Readings for Thursday, March 25th - Thursday of the third week of Great Lent - Coptic Lectionary - CopticChurch.net",Thursday of the third week of Great Lent,7
2027-03-26,"Readings for Friday, March 26th - Friday of the third week of Great Lent - Coptic Lectionary - CopticChurch.net",Friday of the third week of Great Lent,7
2027-03-27,"Readings for Saturday, March 27th - Saturday of the third week of Great Lent - Coptic Lectionary - CopticChurch.net",Saturday of the third week of Great Lent,7
2027-03-28,"Readings for Sunday, March 28th - Sunday of the third week of Great Lent - Coptic Lectionary - CopticChurch.net",Sunday of the third week of Great Lent,9
2027-03-29,"Readings for Monday, March 29th - Monday of the fourth week of Great Lent - Coptic Lectionary - CopticChurch.net",Monday of the fourth week of Great Lent,7
2027-03-30,"Readings for Tuesday, March 30th - Tuesday of the fourth week of Great Lent - Coptic Lectionary - CopticChurch.net",Tuesday of the fourth week of Great Lent,7
2027-03-31,"Readings for Wednesday, March 31st - Wednesday of the fourth week of Great Lent - Coptic Lectionary - CopticChurch.net",Wednesday of the fourth week of Great Lent,7
2027-04-01,"Readings for Thursday, April 1st - Thursday of the fourth week of Great Lent - Coptic Lectionary - CopticChurch.net",Thursday of the fourth week of Great Lent,7
2027-04-02,"Readings for Friday, April 2nd - Friday of the fourth week of Great Lent - Coptic Lectionary - CopticChurch.net",Friday of the fourth week of Great Lent,7
2027-04-03,"Readings for Saturday, April 3rd - Saturday of the fourth week of Great Lent - Coptic Lectionary - CopticChurch.net",Saturday of the fourth week of Great Lent,7
2027-04-04,"Readings for Sunday, April 4th - Sunday of the fourth week of Great Lent - Coptic Lectionary - CopticChurch.net",Sunday of the fourth week of Great Lent,9
2027-04-05,"Readings for Monday, April 5th - Monday of the fifth week of Great Lent - Coptic Lectionary - CopticChurch.net",Monday of the fifth week of Great Lent,7
2027-04-06,"Readings for Tuesday, April 6th - Tuesday of the fifth week of Great Lent - Coptic Lectionary - CopticChurch.net",Tuesday of the fifth week of Great Lent,7
2027-04-07,"Readings for Wednesday, April 7th - Annunciation - Coptic Lectionary - CopticChurch.net",Annunciation,9
2027-04-08,"Readings for Thursday, April 8th - Thursday of the fifth week of Great Lent - Coptic Lectionary - CopticChurch.net",Thursday of the fifth week of Great Lent,7
2027-04-09,"Readings for Friday, April 9th - Friday of the fifth week of Great Lent - Coptic Lectionary - CopticChurch.net",Friday of the fifth week of Great Lent,7
2027-04-10,"Readings for Saturday, April 10th - Saturday of the fifth week of Great Lent - Coptic Lectionary - CopticChurch.net",Saturday of the fifth week of Great Lent,7
2027-04-11,"Readings for Sunday, April 11th - Sunday of the fifth week of Great Lent - Coptic Lectionary - CopticChurch.net",Sunday of the fifth week of Great Lent,9
2027-04-12,"Readings for Monday, April 12th - Monday of the sixth week of Great Lent - Coptic Lectionary - CopticChurch.net",Monday of the sixth week of Great Lent,7
2027-04-13,"Readings for Tuesday, April 13th - Tuesday of the sixth week of Great Lent - Coptic Lectionary - CopticChurch.net",Tuesday of the sixth week of Great Lent,7
2027-04-14,"Readings for Wednesday, April 14th - Wednesday of the sixth week of Great Lent - Coptic Lectionary - CopticChurch.net",Wednesday of the sixth week of Great Lent,7
2027-04-15,"Readings for Thursday, April 15th - Thursday of the sixth week of Great Lent - Coptic Lectionary - CopticChurch.net",Thursday of the sixth week of Great Lent,7
2027-04-16,"Readings for Friday, April 16th - Friday of the sixth week of Great Lent - Coptic Lectionary - CopticChurch.net",Friday of the sixth week of Great Lent,7
2027-04-17,"Readings for Saturday, April 17th - Saturday of the sixth week of Great Lent - Coptic Lectionary - CopticChurch.net",Saturday of the sixth week of Great Lent,7
2027-04-18,"Readings for Sunday, April 18th - Sunday of the sixth week of Great Lent - Coptic Lectionary - CopticChurch.net",Sunday of the sixth week of Great Lent,9
2027-04-19,"Readings for Monday, April 19th - Monday of the seventh week of Great Lent - Coptic Lectionary - CopticChurch.net",Monday of the seventh week of Great Lent,7
2027-04-20,"Readings for Tuesday, April 20th - Tuesday of the seventh week of Great Lent - Coptic Lectionary - CopticChurch.net",Tuesday of the seventh week of Great Lent,7
2027-04-21,"Readings for Wednesday, April 21st - Wednesday of the seventh week of Great Lent - Coptic Lectionary - CopticChurch.net",Wednesday of the seventh week of Great Lent,7
2027-04-22,"Readings for Thursday, April 22nd - Thursday of the seventh week of Great Lent - Coptic Lectionary - CopticChurch.net",Thursday of the seventh week of Great Lent,7
2027-04-23,"Readings for Friday, April 23rd - Friday of the seventh week of Great Lent - Coptic Lectionary - CopticChurch.net",Friday of the seventh week of Great Lent,7
2027-04-24,"Readings for Saturday, April 24th - Lazarus Saturday of Great Lent - Coptic Lectionary - CopticChurch.net",Lazarus Saturday of Great Lent,7
2027-04-25,"Readings for Sunday, April 25th - Palm Sunday - Coptic Lectionary - CopticChurch.net",Palm Sunday,9
2027-04-26,"Readings for Monday, April 26th - Monday of Holy Week - Coptic Lectionary - CopticChurch.net",Monday of Holy Week,0
2027-04-27,"Readings for Tuesday, April 27th - Tuesday of Holy Week - Coptic Lectionary - CopticChurch.net",Tuesday of Holy Week,0
2027-04-28,"Readings for Wednesday, April 28th - Wednesday of Holy Week - Coptic Lectionary - CopticChurch.net",Wednesday of Holy Week,0
2027-04-29,"Readings for Thursday, April 29th - Holy Thursday - Coptic Lectionary - CopticChurch.net",Holy Thursday,0
2027-04-30,"Readings for Friday, April 30th - Good Friday - Coptic Lectionary - CopticChurch.net",Good Friday,0
2027-05-01,"Readings for Saturday, May 1st - Bright Saturday - Coptic Lectionary - CopticChurch.net",Bright Saturday,0
2027-05-02,"Readings for Sunday, May 2nd - The Feast of Resurrection - Coptic Lectionary - CopticChurch.net",The Feast of Resurrection,7
2027-05-03,"Readings for Monday, May 3rd - Monday of the first week of the holy fifty days - Coptic Lectionary - CopticChurch.net",Monday of the first week of the holy fifty days,9
2027-05-04,"Readings for Tuesday, May 4th - Tuesday of the first week of the holy fifty days - Coptic Lectionary - CopticChurch.net",Tuesday of the first week of the holy fifty days,9
2027-05-05,"Readings for Wednesday, May 5th - Wednesday of the first week of the holy fifty days - Coptic Lectionary - CopticChurch.net",Wednesday of the first week of the holy fifty days,9
2027-05-06,"Readings for Thursday, May 6th - Thursday of the first week of the holy fifty days - Coptic Lectionary - CopticChurch.net",Thursday of the first week of the holy fifty days,9
2027-05-07,"Readings for Friday, May 7th - Friday of the first week of the holy fifty days - Coptic Lectionary - CopticChurch.net",Friday of the first week of the holy fifty days,9
2027-05-08,"Readings for Saturday, May 8th - Saturday of the first week of the holy fifty days - Coptic Lectionary - CopticChurch.net",Saturday of the first week of the holy fifty days,9
2027-05-09,"Readings for Sunday, May 9th - Thomas Sunday - Coptic Lectionary - CopticChurch.net",Thomas Sunday,9
2027-05-10,"Readings for Monday, May 10th - Monday of the second week of the holy fifty days - Coptic Lectionary - CopticChurch.net",Monday of the second week of the holy fifty days,9
2027-05-11,"Readings for Tuesday, May 11th - Tuesday of the second week of the holy fifty days - Coptic Lectionary - CopticChurch.net",Tuesday of the second week of the holy fifty days,9
2027-05-12,"Readings for Wednesday, May 12th - Wednesday of the second week of the holy fifty days - Coptic Lectionary - CopticChurch.net",Wednesday of the second week of the holy fifty days,9
2027-05-13,"Readings for Thursday, May 13th - Thursday of the second week of the holy fifty days - Coptic Lectionary - CopticChurch.net",Thursday of the second week of the holy fifty days,9
2027-05-14,"Readings for Friday, May 14th - Friday of the second week of the holy fifty days - Coptic Lectionary - CopticChurch.net",Friday of the second week of the holy fifty days,9
2027-05-15,"Readings for Saturday, May 15th - Saturday of the second week of the holy fifty days - Coptic Lectionary - CopticChurch.net",Saturday of the second week of the holy fifty days,9
2027-05-16,"Readings for Sunday, May 16th - Sunday of the second week of the holy fifty days - Coptic Lectionary - CopticChurch.net",Sunday of the second week of the holy fifty days,9
2027-05-17,"Readings for Monday, May 17th - Monday of the third week of the holy fifty days - Coptic Lectionary - CopticChurch.net",Monday of the third week of the holy fifty days,9
2027-05-18,"Readings for Tuesday, May 18th - Tuesday of the third week of the holy fifty days - Coptic Lectionary - CopticChurch.net",Tuesday of the third week of the holy fifty days,9
2027-05-19,"Readings for Wednesday, May 19th - Wednesday of the third week of the holy fifty days - Coptic Lectionary - CopticChurch.net",Wednesday of the third week of the holy fifty days,9
2027-05-20,"Readings for Thursday, May 20th - Thursday of the third week of the holy fifty days - Coptic Lectionary - CopticChurch.net",Thursday of the third week of the holy fifty days,9
2027-05-21,"Readings for Friday, May 21st - Friday of the third week of the holy fifty days - Coptic Lectionary - CopticChurch.net",Friday of the third week of the holy fifty days,9
2027-05-22,"Readings for Saturday, May 22nd - Saturday of the third week of the holy fifty days - Coptic Lectionary - CopticChurch.net",Saturday of the third week of the holy fifty days,9
2027-05-23,"Readings for Sunday, May 23rd - Sunday of the third week of the holy fifty days - Coptic Lectionary - CopticChurch.net",Sunday of the third week of the holy fifty days,9
2027-05-24,"Readings for Monday, May 24th - Monday of the fourth week of the holy fifty days - Coptic Lectionary - CopticChurch.net",Monday of the fourth week of the holy fifty days,9
2027-05-25,"Readings for Tuesday, May 25th - Tuesday of the fourth week of the holy fifty days - Coptic Lectionary - CopticChurch.net",Tuesday of the fourth week of the holy fifty days,9
2027-05-26,"Readings for Wednesday, May 26th - Wednesday of the fourth week of the holy fifty days - Coptic Lectionary - CopticChurch.net",Wednesday of the fourth week of the holy fifty days,9
2027-05-27,"Readings for Thursday, May 27th - Thursday of the fourth week of the holy fifty days - Coptic Lectionary - CopticChurch.net",Thursday of the fourth week of the holy fifty days,9
2027-05-28,"Readings for Friday, May 28th - Friday of the fourth week of the holy fifty days - Coptic Lectionary - CopticChurch.net",Friday of the fourth week of the holy fifty days,9
2027-05-29,"Readings for Saturday, May 29th - Saturday of the fourth week of the holy fifty days - Coptic Lectionary - CopticChurch.net",Saturday of the fourth week of the holy fifty days,9
2027-05-30,"Readings for Sunday, May 30th - Sunday of the fourth week of the holy fifty days - Coptic Lectionary - CopticChurch.net",Sunday of the fourth week of the holy fifty days,9
2027-05-31,"Readings for Monday, May 31st - Monday of the fifth week of the holy fifty days - Coptic Lectionary - CopticChurch.net",Monday of the fifth week of the holy fifty days,9
2027-06-01,"Readings for Tuesday, June 1st - Tuesday of the fifth week of the holy fifty days and the Feast of Entry into Egypt - Coptic Lectionary - CopticChurch.net",Tuesday of the fifth week of the holy fifty days and the Feast of Entry into Egypt,9
2027-06-02,"Readings for Wednesday, June 2nd - Wednesday of the fifth week of the holy fifty days - Coptic Lectionary - CopticChurch.net",Wednesday of the fifth week of the holy fifty days,9
2027-06-03,"Readings for Thursday, June 3rd - Thursday of the fifth week of the holy fifty days - Coptic Lectionary - CopticChurch.net",Thursday of the fifth week of the holy fifty days,9
2027-06-04,"Readings for Friday, June 4th - Friday of the fifth week of the holy fifty days - Coptic Lectionary - CopticChurch.net",Friday of the fifth week of the holy fifty days,9
2027-06-05,"Readings for Saturday, June 5th - Saturday of the fifth week of the holy fifty days - Coptic Lectionary - CopticChurch.net",Saturday of the fifth week of the holy fifty days,9
2027-06-06,"Readings for Sunday, June 6th - Sunday of the fifth week of the holy fifty days - Coptic Lectionary - CopticChurch.net",Sunday of the fifth week of the holy fifty days,9
2027-06-07,"Readings for Monday, June 7th - Monday of the sixth week of the holy fifty days - Coptic Lectionary - CopticChurch.net",Monday of the sixth week of the holy fifty days,9
2027-06-08,"Readings for Tuesday, June 8th - Tuesday of the sixth week of the holy fifty days - Coptic Lectionary - CopticChurch.net",Tuesday of the sixth week of the holy fifty days,9
2027-06-09,"Readings for Wednesday, June 9th - Wednesday of the sixth week of the holy fifty days - Coptic Lectionary - CopticChurch.net",Wednesday of the sixth week of the holy fifty days,9
2027-06-10,"Readings for Thursday, June 10th - The Feast of the Ascension - Coptic Lectionary - CopticChurch.net",The Feast of the Ascension,9
2027-06-11,"Readings for Friday, June 11th - Friday of the sixth week of the holy fifty days - Coptic Lectionary - CopticChurch.net",Friday of the sixth week of the holy fifty days,9
2027-06-12,"Readings for Saturday, June 12th - Saturday of the sixth week of the holy fifty days - Coptic Lectionary - CopticChurch.net",Saturday of the sixth week of the holy fifty days,9
2027-06-13,"Readings for Sunday, June 13th - Sunday of the sixth week of the holy fifty days - Coptic Lectionary - CopticChurch.net",Sunday of the sixth week of the holy fifty days,9
2027-06-14,"Readings for Monday, June 14th - Monday of the seventh week of the holy fifty days - Coptic Lectionary - CopticChurch.net",Monday of the seventh week of the holy fifty days,9
2027-06-15,"Readings for Tuesday, June 15th - Tuesday of the seventh week of the holy fifty days - Coptic Lectionary - CopticChurch.net",Tuesday of the seventh week of the holy fifty days,9
2027-06-16,"Readings for Wednesday, June 16th - Wednesday of the seventh week of the holy fifty days - Coptic Lectionary - CopticChurch.net",Wednesday of the seventh week of the holy fifty days,9
2027-06-17,"Readings for Thursday, June 17th - Thursday of the seventh week of the holy fifty days - Coptic Lectionary - CopticChurch.net",Thursday of the seventh week of the holy fifty days,9
2027-06-18,"Readings for Friday, June 18th - Friday of the seventh week of the holy fifty days - Coptic Lectionary - CopticChurch.net",Friday of the seventh week of the holy fifty days,9
2027-06-19,"Readings for Saturday, June 19th - Saturday of the seventh week of the holy fifty days - Coptic Lectionary - CopticChurch.net",Saturday of the seventh week of the holy fifty days,9
2027-06-20,"Readings for Sunday, June 20th - Pentecost - Coptic Lectionary - CopticChurch.net",Pentecost,9
2027-06-21,"Readings for Monday, June 21st - Paona 14 - Coptic Lectionary - CopticChurch.net",Paona 14,9
2027-06-22,"Readings for Tuesday, June 22nd - Paona 15 - Coptic Lectionary - CopticChurch.net",Paona 15,9
2027-06-23,"Readings for Wednesday, June 23rd - Paona 16 - Coptic Lectionary - CopticChurch.net",Paona 16,9
2027-06-24,"Readings for Thursday, June 24th - Paona 17 - Coptic Lectionary - CopticChurch.net",Paona 17,9
2027-06-25,"Readings for Friday, June 25th - Paona 18 - Coptic Lectionary - CopticChurch.net",Paona 18,9
2027-06-26,"Readings for Saturday, June 26th - Paona 19 - Coptic Lectionary - CopticChurch.net",Paona 19,9
2027-06-27,"Readings for Sunday, June 27th - The third Sunday of Paona - Coptic Lectionary - CopticChurch.net",The third Sunday of Paona,9
2027-06-28,"Readings for Monday, June 28th - Paona 21 - Coptic Lectionary - CopticChurch.net",Paona 21,9
2027-06-29,"Readings for Tuesday, June 29th - Paona 22 - Coptic Lectionary - CopticChurch.net",Paona 22,9
2027-06-30,"Readings for Wednesday, June 30th - Paona 23 - Coptic Lectionary - CopticChurch.net",Paona 23,9
2027-07-01,"Readings for Thursday, July 1st - Paona 24 - Coptic Lectionary - CopticChurch.net",Paona 24,9
2027-07-02,"Readings for Friday, July 2nd - Paona 25 - Coptic Lectionary - CopticChurch.net",Paona 25,9
2027-07-03,"Readings for Saturday, July 3rd - Paona 26 - Coptic Lectionary - CopticChurch.net",Paona 26,9
2027-07-04,"Readings for Sunday, July 4th - The fourth Sunday of Paona - Coptic Lectionary - CopticChurch.net",The fourth Sunday of Paona,9
2027-07-05,"Readings for Monday, July 5th - Paona 28 - Coptic Lectionary - CopticChurch.net",Paona 28,9
2027-07-06,"Readings for Tuesday, July 6th - Paona 29 - Coptic Lectionary - CopticChurch.net",Paona 29,9
2027-07-07,"Readings for Wednesday, July 7th - Paona 30 - Coptic Lectionary - CopticChurch.net",Paona 30,9
2027-07-08,"Readings for Thursday, July 8th - Abib 1 - Coptic Lectionary - CopticChurch.net",Abib 1,9
2027-07-09,"Readings for Friday, July 9th - Abib 2 - Coptic Lectionary - CopticChurch.net",Abib 2,9
2027-07-10,"Readings for Saturday, July 10th - Abib 3 - Coptic Lectionary - CopticChurch.net",Abib 3,9
2027-07-11,"Readings for Sunday, July 11th - The first Sunday of Abib - Coptic Lectionary - CopticChurch.net",The first Sunday of Abib,9
2027-07-12,"Readings for Monday, July 12th - Abib 5 (Apostle's Feast) - Coptic Lectionary - CopticChurch.net",Abib 5 (Apostle's Feast),9
2027-07-13,"Readings for Tuesday, July 13th - Abib 6 - Coptic Lectionary - CopticChurch.net",Abib 6,9
2027-07-14,"Readings for Wednesday, July 14th - Abib 7 - Coptic Lectionary - CopticChurch.net",Abib 7,9
2027-07-15,"Readings for Thursday, July 15th - Abib 8 - Coptic Lectionary - CopticChurch.net",Abib 8,9
2027-07-16,"Readings for Friday, July 16th - Abib 9 - Coptic Lectionary - CopticChurch.net",Abib 9,9
2027-07-17,"Readings for Saturday, July 17th - Abib 10 - Coptic Lectionary - CopticChurch.net",Abib 10,9
2027-07-18,"Readings for Sunday, July 18th - The second Sunday of Abib - Coptic Lectionary - CopticChurch.net",The second Sunday of Abib,9
2027-07-19,"Readings for Monday, July 19th - Abib 12 - Coptic Lectionary - CopticChurch.net",Abib 12,9
2027-07-20,"Readings for Tuesday, July 20th - Abib 13 - Coptic Lectionary - CopticChurch.net",Abib 13,9
2027-07-21,"Readings for Wednesday, July 21st - Abib 14 - Coptic Lectionary - CopticChurch.net",Abib 14,9
2027-07-22,"Readings for Thursday, July 22nd - Abib 15 - Coptic Lectionary - CopticChurch.net",Abib 15,9
2027-07-23,"Readings for Friday, July 23rd - Abib 16 - Coptic Lectionary - CopticChurch.net",Abib 16,9
2027-07-24,"Readings for Saturday, July 24th - Abib 17 - Coptic Lectionary - CopticChurch.net",Abib 17,9
2027-07-25,"Readings for Sunday, July 25th - The third Sunday of Abib - Coptic Lectionary - CopticChurch.net",The third Sunday of Abib,9
2027-07-26,"Readings for Monday, July 26th - Abib 19 - Coptic Lectionary - CopticChurch.net",Abib 19,9
2027-07-27,"Readings for Tuesday, July 27th - Abib 20 - Coptic Lectionary - CopticChurch.net",Abib 20,9
2027-07-28,"Readings for Wednesday, July 28th - Abib 21 - Coptic Lectionary - CopticChurch.net",Abib 21,9
2027-07-29,"Readings for Thursday, July 29th - Abib 22 - Coptic Lectionary - CopticChurch.net",Abib 22,9
2027-07-30,"Readings for Friday, July 30th - Abib 23 - Coptic Lectionary - CopticChurch.net",Abib 23,9
2027-07-31,"Readings for Saturday, July 31st - Abib 24 - Coptic Lectionary - CopticChurch.net",Abib 24,9
2027-08-01,"Readings for Sunday, August 1st - The fourth Sunday of Abib - Coptic Lectionary - CopticChurch.net",The fourth Sunday of Abib,9
2027-08-02,"Readings for Monday, August 2nd - Abib 26 - Coptic Lectionary - CopticChurch.net",Abib 26,9
2027-08-03,"Readings for Tuesday, August 3rd - Abib 27 - Coptic Lectionary - CopticChurch.net",Abib 27,9
2027-08-04,"Readings for Wednesday, August 4th - Abib 28 - Coptic Lectionary - CopticChurch.net",Abib 28,9
2027-08-05,"Readings for Thursday, August 5th - Abib 29 - Coptic Lectionary - CopticChurch.net",Abib 29,9
2027-08-06,"Readings for Friday, August 6th - Abib 30 - Coptic Lectionary - CopticChurch.net",Abib 30,9
2027-08-07,"Readings for Saturday, August 7th - St Mary's Fast - Coptic Lectionary - CopticChurch.net",St Mary's Fast,9
2027-08-08,"Readings for Sunday, August 8th - The first Sunday of Mesra - Coptic Lectionary - CopticChurch.net",The first Sunday of Mesra,9
2027-08-09,"Readings for Monday, August 9th - Mesra 3 - Coptic Lectionary - CopticChurch.net",Mesra 3,9
2027-08-10,"Readings for Tuesday, August 10th - Mesra 4 - Coptic Lectionary - CopticChurch.net",Mesra 4,9
2027-08-11,"Readings for Wednesday, August 11th - Mesra 5 - Coptic Lectionary - CopticChurch.net",Mesra 5,9
2027-08-12,"Readings for Thursday, August 12th - Mesra 6 - Coptic Lectionary - CopticChurch.net",Mesra 6,9
2027-08-13,"Readings for Friday, August 13th - Mesra 7 - Coptic Lectionary - CopticChurch.net",Mesra 7,9
2027-08-14,"Readings for Saturday, August 14th - Mesra 8 - Coptic Lectionary - CopticChurch.net",Mesra 8,9
2027-08-15,"Readings for Sunday, August 15th - The second Sunday of Mesra - Coptic Lectionary - CopticChurch.net",The second Sunday of Mesra,9
2027-08-16,"Readings for Monday, August 16th - Mesra 10 - Coptic Lectionary - CopticChurch.net",Mesra 10,9
2027-08-17,"Readings for Tuesday, August 17th - Mesra 11 - Coptic Lectionary - CopticChurch.net",Mesra 11,9
2027-08-18,"Readings for Wednesday, August 18th - Mesra 12 - Coptic Lectionary - CopticChurch.net",Mesra 12,9
2027-08-19,"Readings for Thursday, August 19th - Transfiguration - Coptic Lectionary - CopticChurch.net",Transfiguration,9
2027-08-20,"Readings for Friday, August 20th - Mesra 14 - Coptic Lectionary - CopticChurch.net",Mesra 14,9
2027-08-21,"Readings for Saturday, August 21st - Mesra 15 - Coptic Lectionary - CopticChurch.net",Mesra 15,9
2027-08-22,"Readings for Sunday, August 22nd - Mesra 16 (St Mary's Feast) - Coptic Lectionary - CopticChurch.net",Mesra 16 (St Mary's Feast),9
2027-08-23,"Readings for Monday, August 23rd - Mesra 17 - Coptic Lectionary - CopticChurch.net",Mesra 17,9
2027-08-24,"Readings for Tuesday, August 24th - Mesra 18 - Coptic Lectionary - CopticChurch.net",Mesra 18,9
2027-08-25,"Readings for Wednesday, August 25th - Mesra 19 - Coptic Lectionary - CopticChurch.net",Mesra 19,9
2027-08-26,"Readings for Thursday, August 26th - Mesra 20 - Coptic Lectionary - CopticChurch.net",Mesra 20,9
2027-08-27,"Readings for Friday, August 27th - Mesra 21 - Coptic Lectionary - CopticChurch.net",Mesra 21,9
2027-08-28,"Readings for Saturday, August 28th - Mesra 22 - Coptic Lectionary - CopticChurch.net",Mesra 22,9
2027-08-29,"Readings for Sunday, August 29th - The fourth Sunday of Mesra - Coptic Lectionary - CopticChurch.net",The fourth Sunday of Mesra,9
2027-08-30,"Readings for Monday, August 30th - Mesra 24 - Coptic Lectionary - CopticChurch.net",Mesra 24,9
2027-08-31,"Readings for Tuesday, August 31st - Mesra 25 - Coptic Lectionary - CopticChurch.net",Mesra 25,9
2027-09-01,"Readings for Wednesday, September 1st - Mesra 26 - Coptic Lectionary - CopticChurch.net",Mesra 26,9
2027-09-02,"Readings for Thursday, September 2nd - Mesra 27 - Coptic Lectionary - CopticChurch.net",Mesra 27,9
2027-09-03,"Readings for Friday, September 3rd - Mesra 28 - Coptic Lectionary - CopticChurch.net",Mesra 28,9
2027-09-04,"Readings for Saturday, September 4th - Mesra 29 - Coptic Lectionary - CopticChurch.net",Mesra 29,9
2027-09-05,"Readings for Sunday, September 5th - The fifth Sunday of Mesra - Coptic Lectionary - CopticChurch.net",The fifth Sunday of Mesra,9
2027-09-06,"Readings for Monday, September 6th - Nasie 1 - Coptic Lectionary - CopticChurch.net",Nasie 1,9
2027-09-07,"Readings for Tuesday, September 7th - Nasie 2 - Coptic Lectionary - CopticChurch.net",Nasie 2,9
2027-09-08,"Readings for Wednesday, September 8th - Nasie 3 - Coptic Lectionary - CopticChurch.net",Nasie 3,9
2027-09-09,"Readings for Thursday, September 9th - Nasie 4 - Coptic Lectionary - CopticChurch.net",Nasie 4,9
2027-09-10,"Readings for Friday, September 10th - Nasie 5 - Coptic Lectionary - CopticChurch.net",Nasie 5,9
2027-09-11,"Readings for Saturday, September 11th - Nasie 6 - Coptic Lectionary - CopticChurch.net",Nasie 6,9
2027-09-12,"Readings for Sunday, September 12th -  Feast of Nayrouz - (Readings of the First of Tut) - Coptic Lectionary - CopticChurch.net",Feast of Nayrouz - (Readings of the First of Tut),9
2027-09-13,"Readings for Monday, September 13th - Tout 2 - Coptic Lectionary - CopticChurch.net",Tout 2,9
2027-09-14,"Readings for Tuesday, September 14th - Tout 3 - Coptic Lectionary - CopticChurch.net",Tout 3,9
2027-09-15,"Readings for Wednesday, September 15th - Tout 4 - Coptic Lectionary - CopticChurch.net",Tout 4,9
2027-09-16,"Readings for Thursday, September 16th - Tout 5 - Coptic Lectionary - CopticChurch.net",Tout 5,9
2027-09-17,"Readings for Friday, September 17th - Tout 6 - Coptic Lectionary - CopticChurch.net",Tout 6,9
2027-09-18,"Readings for Saturday, September 18th - Tout 7 - Coptic Lectionary - CopticChurch.net",Tout 7,9
2027-09-19,"Readings for Sunday, September 19th - The first Sunday of Tout - Coptic Lectionary - CopticChurch.net",The first Sunday of Tout,9
2027-09-20,"Readings for Monday, September 20th - Tout 9 - Coptic Lectionary - CopticChurch.net",Tout 9,9
2027-09-21,"Readings for Tuesday, September 21st - Tout 10 - Coptic Lectionary - CopticChurch.net",Tout 10,9
2027-09-22,"Readings for Wednesday, September 22nd - Tout 11 - Coptic Lectionary - CopticChurch.net",Tout 11,9
2027-09-23,"Readings for Thursday, September 23rd - Tout 12 - Coptic Lectionary - CopticChurch.net",Tout 12,9
2027-09-24,"Readings for Friday, September 24th - Tout 13 - Coptic Lectionary - CopticChurch.net",Tout 13,9
2027-09-25,"Readings for Saturday, September 25th - Tout 14 - Coptic Lectionary - CopticChurch.net",Tout 14,9
2027-09-26,"Readings for Sunday, September 26th - The second Sunday of Tout - Coptic Lectionary - CopticChurch.net",The second Sunday of Tout,9
2027-09-27,"Readings for Monday, September 27th - Tout 16 - Coptic Lectionary - CopticChurch.net",Tout 16,9
2027-09-28,"Readings for Tuesday, September 28th - Tout 17 (Feast of the Cross) - Coptic Lectionary - CopticChurch.net",Tout 17 (Feast of the Cross),9
2027-09-29,"Readings for Wednesday, September 29th - Tout 18 (Feast of the Cross) - Coptic Lectionary - CopticChurch.net",Tout 18 (Feast of the Cross),9
2027-09-30,"Readings for Thursday, September 30th - Tout 19 (Feast of the Cross) - Coptic Lectionary - CopticChurch.net",Tout 19 (Feast of the Cross),9
2027-10-01,"Readings for Friday, October 1st - Tout 20 - Coptic Lectionary - CopticChurch.net",Tout 20,9
2027-10-02,"Readings for Saturday, October 2nd - Tout 21 - Coptic Lectionary - CopticChurch.net",Tout 21,9
2027-10-03,"Readings for Sunday, October 3rd - The third Sunday of Tout - Coptic Lectionary - CopticChurch.net",The third Sunday of Tout,9
2027-10-04,"Readings for Monday, October 4th - Tout 23 - Coptic Lectionary - CopticChurch.net",Tout 23,9
2027-10-05,"Readings for Tuesday, October 5th - Tout 24 - Coptic Lectionary - CopticChurch.net",Tout 24,9
2027-10-06,"Readings for Wednesday, October 6th - Tout 25 - Coptic Lectionary - CopticChurch.net",Tout 25,9
2027-10-07,"Readings for Thursday, October 7th - Tout 26 - Coptic Lectionary - CopticChurch.net",Tout 26,9
2027-10-08,"Readings for Friday, October 8th - Tout 27 - Coptic Lectionary - CopticChurch.net",Tout 27,9
2027-10-09,"Readings for Saturday, October 9th - Tout 28 - Coptic Lectionary - CopticChurch.net",Tout 28,9
2027-10-10,"Readings for Sunday, October 10th - The fourth Sunday of Tout - Coptic Lectionary - CopticChurch.net",The fourth Sunday of Tout,9
2027-10-11,"Readings for Monday, October 11th - Tout 30 - Coptic Lectionary - CopticChurch.net",Tout 30,9
2027-10-12,"Readings for Tuesday, October 12th - Baba 1 - Coptic Lectionary - CopticChurch.net",Baba 1,9
2027-10-13,"Readings for Wednesday, October 13th - Baba 2 - Coptic Lectionary - CopticChurch.net",Baba 2,9
2027-10-14,"Readings for Thursday, October 14th - Baba 3 - Coptic Lectionary - CopticChurch.net",Baba 3,9
2027-10-15,"Readings for Friday, October 15th - Baba 4 - Coptic Lectionary - CopticChurch.net",Baba 4,9
2027-10-16,"Readings for Saturday, October 16th - Baba 5 - Coptic Lectionary - CopticChurch.net",Baba 5,9
2027-10-17,"Readings for Sunday, October 17th - The first Sunday of Baba - Coptic Lectionary - CopticChurch.net",The first Sunday of Baba,9
2027-10-18,"Readings for Monday, October 18th - Baba 7 - Coptic Lectionary - CopticChurch.net",Baba 7,9
2027-10-19,"Readings for Tuesday, October 19th - Baba 8 - Coptic Lectionary - CopticChurch.net",Baba 8,9
2027-10-20,"Readings for Wednesday, October 20th - Baba 9 - Coptic Lectionary - CopticChurch.net",Baba 9,9
2027-10-21,"Readings for Thursday, October 21st - Baba 10 - Coptic Lectionary - CopticChurch.net",Baba 10,9
2027-10-22,"Readings for Friday, October 22nd - Baba 11 - Coptic Lectionary - CopticChurch.net",Baba 11,9
2027-10-23,"Readings for Saturday, October 23rd - Baba 12 - Coptic Lectionary - CopticChurch.net",Baba 12,9
2027-10-24,"Readings for Sunday, October 24th - The second Sunday of Baba - Coptic Lectionary - CopticChurch.net",The second Sunday of Baba,9
2027-10-25,"Readings for Monday, October 25th - Baba 14 - Coptic Lectionary - CopticChurch.net",Baba 14,9
2027-10-26,"Readings for Tuesday, October 26th - Baba 15 - Coptic Lectionary - CopticChurch.net",Baba 15,9
2027-10-27,"Readings for Wednesday, October 27th - Baba 16 - Coptic Lectionary - CopticChurch.net",Baba 16,9
2027-10-28,"Readings for Thursday, October 28th - Baba 17 - Coptic Lectionary - CopticChurch.net",Baba 17,9
2027-10-29,"Readings for Friday, October 29th - Baba 18 - Coptic Lectionary - CopticChurch.net",Baba 18,9
2027-10-30,"Readings for Saturday, October 30th - Baba 19 - Coptic Lectionary - CopticChurch.net",Baba 19,9
2027-10-31,"Readings for Sunday, October 31st - The third Sunday of Baba - Coptic Lectionary - CopticChurch.net",The third Sunday of Baba,9
2027-11-01,"Readings for Monday, November 1st - Baba 21 - Coptic Lectionary - CopticChurch.net",Baba 21,9
2027-11-02,"Readings for Tuesday, November 2nd - Baba 22 - Coptic Lectionary - CopticChurch.net",Baba 22,9
2027-11-03,"Readings for Wednesday, November 3rd - Baba 23 - Coptic Lectionary - CopticChurch.net",Baba 23,9
2027-11-04,"Readings for Thursday, November 4th - Baba 24 - Coptic Lectionary - CopticChurch.net",Baba 24,9
2027-11-05,"Readings for Friday, November 5th - Baba 25 - Coptic Lectionary - CopticChurch.net",Baba 25,9
2027-11-06,"Readings for Saturday, November 6th - Baba 26 - Coptic Lectionary - CopticChurch.net",Baba 26,9
2027-11-07,"Readings for Sunday, November 7th - The fourth Sunday of Baba - Coptic Lectionary - CopticChurch.net",The fourth Sunday of Baba,9
2027-11-08,"Readings for Monday, November 8th - Baba 28 - Coptic Lectionary - CopticChurch.net",Baba 28,9
2027-11-09,"Readings for Tuesday, November 9th - Baba 29 - Coptic Lectionary - CopticChurch.net",Baba 29,9
2027-11-10,"Readings for Wednesday, November 10th - Baba 30 - Coptic Lectionary - CopticChurch.net",Baba 30,9
2027-11-11,"Readings for Thursday, November 11th - Hator 1 - Coptic Lectionary - CopticChurch.net",Hator 1,9
2027-11-12,"Readings for Friday, November 12th - Hator 2 - Coptic Lectionary - CopticChurch.net",Hator 2,9
2027-11-13,"Readings for Saturday, November 13th - Hator 3 - Coptic Lectionary - CopticChurch.net",Hator 3,9
2027-11-14,"Readings for Sunday, November 14th - The first Sunday of Hator - Coptic Lectionary - CopticChurch.net",The first Sunday of Hator,9
2027-11-15,"Readings for Monday, November 15th - Hator 5 - Coptic Lectionary - CopticChurch.net",Hator 5,9
2027-11-16,"Readings for Tuesday, November 16th - Hator 6 - Coptic Lectionary - CopticChurch.net",Hator 6,9
2027-11-17,"Readings for Wednesday, November 17th - Hator 7 - Coptic Lectionary - CopticChurch.net",Hator 7,9
2027-11-18,"Readings for Thursday, November 18th - Hator 8 - Coptic Lectionary - CopticChurch.net",Hator 8,9
2027-11-19,"Readings for Friday, November 19th - Hator 9 - Coptic Lectionary - CopticChurch.net",Hator 9,9
2027-11-20,"Readings for Saturday, November 20th - Hator 10 - Coptic Lectionary - CopticChurch.net",Hator 10,9
2027-11-21,"Readings for Sunday, November 21st - The second Sunday of Hator - Coptic Lectionary - CopticChurch.net",The second Sunday of Hator,9
2027-11-22,"Readings for Monday, November 22nd - Hator 12 - Coptic Lectionary - CopticChurch.net",Hator 12,9
2027-11-23,"Readings for Tuesday, November 23rd - Hator 13 - Coptic Lectionary - CopticChurch.net",Hator 13,9
2027-11-24,"Readings for Wednesday, November 24th - Hator 14 - Coptic Lectionary - CopticChurch.net",Hator 14,9
2027-11-25,"Readings for Thursday, November 25th - Hator 15 - Coptic Lectionary - CopticChurch.net",Hator 15,9
2027-11-26,"Readings for Friday, November 26th - Hator 16 of Christmas Fast - Coptic Lectionary - CopticChurch.net",Hator 16 of Christmas Fast,9
2027-11-27,"Readings for Saturday, November 27th - Hator 17 - Coptic Lectionary - CopticChurch.net",Hator 17,9
2027-11-28,"Readings for Sunday, November 28th - The third Sunday of Hator - Coptic Lectionary - CopticChurch.net",The third Sunday of Hator,9
2027-11-29,"Readings for Monday, November 29th - Hator 19 - Coptic Lectionary - CopticChurch.net",Hator 19,9
2027-11-30,"Readings for Tuesday, November 30th - Hator 20 - Coptic Lectionary - CopticChurch.net",Hator 20,9
2027-12-01,"Readings for Wednesday, December 1st - Hator 21 - Coptic Lectionary - CopticChurch.net",Hator 21,9
2027-12-02,"Readings for Thursday, December 2nd - Hator 22 - Coptic Lectionary - CopticChurch.net",Hator 22,9
2027-12-03,"Readings for Friday, December 3rd - Hator 23 - Coptic Lectionary - CopticChurch.net",Hator 23,9
2027-12-04,"Readings for Saturday, December 4th - Hator 24 - Coptic Lectionary - CopticChurch.net",Hator 24,9
2027-12-05,"Readings for Sunday, December 5th - The fourth Sunday of Hator - Coptic Lectionary - CopticChurch.net",The fourth Sunday of Hator,9
2027-12-06,"Readings for Monday, December 6th - Hator 26 - Coptic Lectionary - CopticChurch.net",Hator 26,9
2027-12-07,"Readings for Tuesday, December 7th - Hator 27 - Coptic Lectionary - CopticChurch.net",Hator 27,9
2027-12-08,"Readings for Wednesday, December 8th - Hator 28 - Coptic Lectionary - CopticChurch.net",Hator 28,9
2027-12-09,"Readings for Thursday, December 9th - Hator 29 - Coptic Lectionary - CopticChurch.net",Hator 29,9
2027-12-10,"Readings for Friday, December 10th - Hator 30 - Coptic Lectionary - CopticChurch.net",Hator 30,9
2027-12-11,"Readings for Saturday, December 11th - Kiak 1 - Coptic Lectionary - CopticChurch.net",Kiak 1,9
2027-12-12,"Readings for Sunday, December 12th - The first Sunday of Kiak - Coptic Lectionary - CopticChurch.net",The first Sunday of Kiak,9
2027-12-13,"Readings for Monday, December 13th - Kiak 3 - Coptic Lectionary - CopticChurch.net",Kiak 3,9
2027-12-14,"Readings for Tuesday, December 14th - Kiak 4 - Coptic Lectionary - CopticChurch.net",Kiak 4,9
2027-12-15,"Readings for Wednesday, December 15th - Kiak 5 - Coptic Lectionary - CopticChurch.net",Kiak 5,9
2027-12-16,"Readings for Thursday, December 16th - Kiak 6 - Coptic Lectionary - CopticChurch.net",Kiak 6,9
2027-12-17,"Readings for Friday, December 17th - Kiak 7 - Coptic Lectionary - CopticChurch.net",Kiak 7,9
2027-12-18,"Readings for Saturday, December 18th - Kiak 8 - Coptic Lectionary - CopticChurch.net",Kiak 8,9
2027-12-19,"Readings for Sunday, December 19th - The second Sunday of Kiak - Coptic Lectionary - CopticChurch.net",The second Sunday of Kiak,9
2027-12-20,"Readings for Monday, December 20th - Kiak 10 - Coptic Lectionary - CopticChurch.net",Kiak 10,9
2027-12-21,"Readings for Tuesday, December 21st - Kiak 11 - Coptic Lectionary - CopticChurch.net",Kiak 11,9
2027-12-22,"Readings for Wednesday, December 22nd - Kiak 12 - Coptic Lectionary - CopticChurch.net",Kiak 12,9
2027-12-23,"Readings for Thursday, December 23rd - Kiak 13 - Coptic Lectionary - CopticChurch.net",Kiak 13,9
2027-12-24,"Readings for Friday, December 24th - Kiak 14 - Coptic Lectionary - CopticChurch.net",Kiak 14,9
2027-12-25,"Readings for Saturday, December 25th - Kiak 15 - Coptic Lectionary - CopticChurch.net",Kiak 15,9
2027-12-26,"Readings for Sunday, December 26th - The third Sunday of Kiak - Coptic Lectionary - CopticChurch.net",The third Sunday of Kiak,9
2027-12-27,"Readings for Monday, December 27th - Kiak 17 - Coptic Lectionary - CopticChurch.net",Kiak 17,9
2027-12-28,"Readings for Tuesday, December 28th - Kiak 18 - Coptic Lectionary - CopticChurch.net",Kiak 18,9
2027-12-29,"Readings for Wednesday, December 29th - Kiak 19 - Coptic Lectionary - CopticChurch.net",Kiak 19,9
2027-12-30,"Readings for Thursday, December 30th - Kiak 20 - Coptic Lectionary - CopticChurch.net",Kiak 20,9
2027-12-31,"Readings for Friday, December 31st - Kiak 21 - Coptic Lectionary - CopticChurch.net",Kiak 21,9
2028-01-01,"Readings for Saturday, January 1st - Kiak 22 - Coptic Lectionary - CopticChurch.net",Kiak 22,9
2028-01-02,"Readings for Sunday, January 2nd - The fourth Sunday of Kiak - Coptic Lectionary - CopticChurch.net",The fourth Sunday of Kiak,9
2028-01-03,"Readings for Monday, January 3rd - Kiak 24 - Coptic Lectionary - CopticChurch.net",Kiak 24,9
2028-01-04,"Readings for Tuesday, January 4th - Kiak 25 - Coptic Lectionary - CopticChurch.net",Kiak 25,9
2028-01-05,"Readings for Wednesday, January 5th - Kiak 26 - Coptic Lectionary - CopticChurch.net",Kiak 26,9
2028-01-06,"Readings for Thursday, January 6th - Christmas Paramoune - Coptic Lectionary - CopticChurch.net",Christmas Paramoune,9
2028-01-07,"Readings for Friday, January 7th - Christmas - Coptic Lectionary - CopticChurch.net",Christmas,9
2028-01-08,"Readings for Saturday, January 8th - Christmas - Coptic Lectionary - CopticChurch.net",Christmas,9
2028-01-09,"Readings for Sunday, January 9th - The fifth Sunday of Kiak - Coptic Lectionary - CopticChurch.net",The fifth Sunday of Kiak,9
2028-01-10,"Readings for Monday, January 10th - Toba 1 - Coptic Lectionary - CopticChurch.net",Toba 1,9
2028-01-11,"Readings for Tuesday, January 11th - Toba 2 - Coptic Lectionary - CopticChurch.net",Toba 2,9
2028-01-12,"Readings for Wednesday, January 12th - Toba 3 - Coptic Lectionary - CopticChurch.net",Toba 3,9
2028-01-13,"Readings for Thursday, January 13th - Toba 4 - Coptic Lectionary - CopticChurch.net",Toba 4,9
2028-01-14,"Readings for Friday, January 14th - Toba 5 - Coptic Lectionary - CopticChurch.net",Toba 5,9
2028-01-15,"Readings for Saturday, January 15th - Circumcision of our Lord - Coptic Lectionary - CopticChurch.net",Circumcision of our Lord,9
2028-01-16,"Readings for Sunday, January 16th - The first Sunday of Toba - Coptic Lectionary - CopticChurch.net",The first Sunday of Toba,9
2028-01-17,"Readings for Monday, January 17th - Toba 8 - Coptic Lectionary - CopticChurch.net",Toba 8,9
2028-01-18,"Readings for Tuesday, January 18th - Toba 9 - Coptic Lectionary - CopticChurch.net",Toba 9,9
2028-01-19,"Readings for Wednesday, January 19th - Epiphany Paramoune - Coptic Lectionary - CopticChurch.net",Epiphany Paramoune,9
2028-01-20,"Readings for Thursday, January 20th - The Feast of Epiphany - Coptic Lectionary - CopticChurch.net",The Feast of Epiphany,9
2028-01-21,"Readings for Friday, January 21st - The Second Day of Feast of Epiphany - Coptic Lectionary - CopticChurch.net",The Second Day of Feast of Epiphany,9
2028-01-22,"Readings for Saturday, January 22nd - Wedding of Cana - Coptic Lectionary - CopticChurch.net",Wedding of Cana,9
2028-01-23,"Readings for Sunday, January 23rd - The second Sunday of Toba - Coptic Lectionary - CopticChurch.net",The second Sunday of Toba,9
2028-01-24,"Readings for Monday, January 24th - Toba 15 - Coptic Lectionary - CopticChurch.net",Toba 15,9
2028-01-25,"Readings for Tuesday, January 25th - Toba 16 - Coptic Lectionary - CopticChurch.net",Toba 16,9
2028-01-26,"Readings for Wednesday, January 26th - Toba 17 - Coptic Lectionary - CopticChurch.net",Toba 17,9
2028-01-27,"Readings for Thursday, January 27th - Toba 18 - Coptic Lectionary - CopticChurch.net",Toba 18,9
2028-01-28,"Readings for Friday, January 28th - Toba 19 - Coptic Lectionary - CopticChurch.net",Toba 19,9
2028-01-29,"Readings for Saturday, January 29th - Toba 20 - Coptic Lectionary - CopticChurch.net",Toba 20,9
2028-01-30,"Readings for Sunday, January 30th - The third Sunday of Toba - Coptic Lectionary - CopticChurch.net",The third Sunday of Toba,9
2028-01-31,"Readings for Monday, January 31st - Toba 22 - Coptic Lectionary - CopticChurch.net",Toba 22,9
2028-02-01,"Readings for Tuesday, February 1st - Toba 23 - Coptic Lectionary - CopticChurch.net",Toba 23,9
2028-02-02,"Readings for Wednesday, February 2nd - Toba 24 - Coptic Lectionary - CopticChurch.net",Toba 24,9
2028-02-03,"Readings for Thursday, February 3rd - Toba 25 - Coptic Lectionary - CopticChurch.net",Toba 25,9
2028-02-04,"Readings for Friday, February 4th - Toba 26 - Coptic Lectionary - CopticChurch.net",Toba 26,9
2028-02-05,"Readings for Saturday, February 5th - Toba 27 - Coptic Lectionary - CopticChurch.net",Toba 27,9
2028-02-06,"Readings for Sunday, February 6th - The fourth Sunday of Toba - Coptic Lectionary - CopticChurch.net",The fourth Sunday of Toba,9
2028-02-07,"Readings for Monday, February 7th - Fast of Ninevah - Coptic Lectionary - CopticChurch.net",Fast of Ninevah,9
2028-02-08,"Readings for Tuesday, February 8th - Tuesday of Ninevah's Fast - Coptic Lectionary - CopticChurch.net",Tuesday of Ninevah's Fast,7
2028-02-09,"Readings for Wednesday, February 9th - Wednesday of Ninevah's Fast - Coptic Lectionary - CopticChurch.net",Wednesday of Ninevah's Fast,7
2028-02-10,"Readings for Thursday, February 10th - Jonah's Feast - Coptic Lectionary - CopticChurch.net",Jonah's Feast,7
2028-02-11,"Readings for Friday, February 11th - Amshir 3 - Coptic Lectionary - CopticChurch.net",Amshir 3,9
2028-02-12,"Readings for Saturday, February 12th - Amshir 4 - Coptic Lectionary - CopticChurch.net",Amshir 4,9
2028-02-13,"Readings for Sunday, February 13th - The first Sunday of Amshir - Coptic Lectionary - CopticChurch.net",The first Sunday of Amshir,9
2028-02-14,"Readings for Monday, February 14th - Amshir 6 - Coptic Lectionary - CopticChurch.net",Amshir 6,9
2028-02-15,"Readings for Tuesday, February 15th - Amshir 7 - Coptic Lectionary - CopticChurch.net",Amshir 7,9
2028-02-16,"Readings for Wednesday, February 16th - Entrance into the Temple - Coptic Lectionary - CopticChurch.net",Entrance into the Temple,9
2028-02-17,"Readings for Thursday, February 17th - Amshir 9 - Coptic Lectionary - CopticChurch.net",Amshir 9,9
2028-02-18,"Readings for Friday, February 18th - Amshir 10 - Coptic Lectionary - CopticChurch.net",Amshir 10,9
2028-02-19,"Readings for Saturday, February 19th - Saturday of the week before Great Lent - Coptic Lectionary - CopticChurch.net",Saturday of the week before Great Lent,9
2028-02-20,"Readings for Sunday, February 20th - Sunday of the week before Great Lent - Coptic Lectionary - CopticChurch.net",Sunday of the week before Great Lent,9
2028-02-21,"Readings for Monday, February 21st - Great Lent - Coptic Lectionary - CopticChurch.net",Great Lent,9
2028-02-22,"Readings for Tuesday, February 22nd - Tuesday of the first week of Great Lent - Coptic Lectionary - CopticChurch.net",Tuesday of the first week of Great Lent,7
2028-02-23,"Readings for Wednesday, February 23rd - Wednesday of the first week of Great Lent - Coptic Lectionary - CopticChurch.net",Wednesday of the first week of Great Lent,7
2028-02-24,"Readings for Thursday, February 24th - Thursday of the first week of Great Lent - Coptic Lectionary - CopticChurch.net",Thursday of the first week of Great Lent,7
2028-02-25,"Readings for Friday, February 25th - Friday of the first week of Great Lent - Coptic Lectionary - CopticChurch.net",Friday of the first week of Great Lent,7
2028-02-26,"Readings for Saturday, February 26th - Saturday of the first week of Great Lent - Coptic Lectionary - CopticChurch.net",Saturday of the first week of Great Lent,7
2028-02-27,"Readings for Sunday, February 27th - Sunday of the first week of Great Lent - Coptic Lectionary - CopticChurch.net",Sunday of the first week of Great Lent,9
2028-02-28,"Readings for Monday, February 28th - Monday of the second week of Great Lent - Coptic Lectionary - CopticChurch.net",Monday of the second week of Great Lent,7
2028-02-29,"Readings for Tuesday, February 29th - Tuesday of the second week of Great Lent - Coptic Lectionary - CopticChurch.net",Tuesday of the second week of Great Lent,7
2028-03-01,"Readings for Wednesday, March 1st - Wednesday of the second week of Great Lent - Coptic Lectionary - CopticChurch.net",Wednesday of the second week of Great Lent,7
2028-03-02,"Readings for Thursday, March 2nd - Thursday of the second week of Great Lent - Coptic Lectionary - CopticChurch.net",Thursday of the second week of Great Lent,7
2028-03-03,"Readings for Friday, March 3rd - Friday of the second week of Great Lent - Coptic Lectionary - CopticChurch.net",Friday of the second week of Great Lent,7
2028-03-04,"Readings for Saturday, March 4th - Saturday of the second week of Great Lent - Coptic Lectionary - CopticChurch.net",Saturday of the second week of Great Lent,7
2028-03-05,"Readings for Sunday, March 5th - Sunday of the second week of Great Lent - Coptic Lectionary - CopticChurch.net",Sunday of the second week of Great Lent,9
2028-03-06,"Readings for Monday, March 6th - Monday of the third week of Great Lent - Coptic Lectionary - CopticChurch.net",Monday of the third week of Great Lent,7
2028-03-07,"Readings for Tuesday, March 7th - Tuesday of the third week of Great Lent - Coptic Lectionary - CopticChurch.net",Tuesday of the third week of Great Lent,7
2028-03-08,"Readings for Wednesday, March 8th - Wednesday of the third week of Great Lent - Coptic Lectionary - CopticChurch.net",Wednesday of the third week of Great Lent,7
2028-03-09,"Readings for Thursday, March 9th - Thursday of the third week of Great Lent - Coptic Lectionary - CopticChurch.net",Thursday of the third week of Great Lent,7
2028-03-10,"Readings for Friday, March 10th - Friday of the third week of Great Lent - Coptic Lectionary - CopticChurch.net",Friday of the third week of Great Lent,7
2028-03-11,"Readings for Saturday, March 11th - Saturday of the third week of Great Lent - Coptic Lectionary - CopticChurch.net",Saturday of the third week of Great Lent,7
2028-03-12,"Readings for Sunday, March 12th - Sunday of the third week of Great Lent - Coptic Lectionary - CopticChurch.net",Sunday of the third week of Great Lent,9
2028-03-13,"Readings for Monday, March 13th - Monday of the fourth week of Great Lent - Coptic Lectionary - CopticChurch.net",Monday of the fourth week of Great Lent,7
2028-03-14,"Readings for Tuesday, March 14th - Tuesday of the fourth week of Great Lent - Coptic Lectionary - CopticChurch.net",Tuesday of the fourth week of Great Lent,7
2028-03-15,"Readings for Wednesday, March 15th - Wednesday of the fourth week of Great Lent - Coptic Lectionary - CopticChurch.net",Wednesday of the fourth week of Great Lent,7
2028-03-16,"Readings for Thursday, March 16th - Thursday of the fourth week of Great Lent - Coptic Lectionary - CopticChurch.net",Thursday of the fourth week of Great Lent,7
2028-03-17,"Readings for Friday, March 17th - Friday of the fourth week of Great Lent - Coptic Lectionary - CopticChurch.net",Friday of the fourth week of Great Lent,7
2028-03-18,"Readings for Saturday, March 18th - Saturday of the fourth week of Great Lent - Coptic Lectionary - CopticChurch.net",Saturday of the fourth week of Great Lent,7
2028-03-19,"Readings for Sunday, March 19th - Sunday of the fourth week of Great Lent <br>(Feast of the Cross - Readings of 10th Baramhat) - Coptic Lectionary - CopticChurch.net",Sunday of the fourth week of Great Lent <br>(Feast of the Cross - Readings of 10th Baramhat),9
2028-03-20,"Readings for Monday, March 20th - Monday of the fifth week of Great Lent - Coptic Lectionary - CopticChurch.net",Monday of the fifth week of Great Lent,7
2028-03-21,"Readings for Tuesday, March 21st - Tuesday of the fifth week of Great Lent - Coptic Lectionary - CopticChurch.net",Tuesday of the fifth week of Great Lent,7
2028-03-22,"Readings for Wednesday, March 22nd - Wednesday of the fifth week of Great Lent - Coptic Lectionary - CopticChurch.net",Wednesday of the fifth week of Great Lent,7
2028-03-23,"Readings for Thursday, March 23rd - Thursday of the fifth week of Great Lent - Coptic Lectionary - CopticChurch.net",Thursday of the fifth week of Great Lent,7
2028-03-24,"Readings for Friday, March 24th - Friday of the fifth week of Great Lent - Coptic Lectionary - CopticChurch.net",Friday of the fifth week of Great Lent,7
2028-03-25,"Readings for Saturday, March 25th - Saturday of the fifth week of Great Lent - Coptic Lectionary - CopticChurch.net",Saturday of the fifth week of Great Lent,7
2028-03-26,"Readings for Sunday, March 26th - Sunday of the fifth week of Great Lent - Coptic Lectionary - CopticChurch.net",Sunday of the fifth week of Great Lent,9
2028-03-27,"Readings for Monday, March 27th - Monday of the sixth week of Great Lent - Coptic Lectionary - CopticChurch.net",Monday of the sixth week of Great Lent,7
2028-03-28,"Readings for Tuesday, March 28th - Tuesday of the sixth week of Great Lent - Coptic Lectionary - CopticChurch.net",Tuesday of the sixth week of Great Lent,7
2028-03-29,"Readings for Wednesday, March 29th - Wednesday of the sixth week of Great Lent - Coptic Lectionary - CopticChurch.net",Wednesday of the sixth week of Great Lent,7
2028-03-30,"Readings for Thursday, March 30th - Thursday of the sixth week of Great Lent - Coptic Lectionary - CopticChurch.net",Thursday of the sixth week of Great Lent,7
2028-03-31,"Readings for Friday, March 31st - Friday of the sixth week of Great Lent - Coptic Lectionary - CopticChurch.net",Friday of the sixth week of Great Lent,7
2028-04-01,"Readings for Saturday, April 1st - Saturday of the sixth week of Great Lent - Coptic Lectionary - CopticChurch.net",Saturday of the sixth week of Great Lent,7
2028-04-02,"Readings for Sunday, April 2nd - Sunday of the sixth week of Great Lent - Coptic Lectionary - CopticChurch.net",Sunday of the sixth week of Great Lent,9
2028-04-03,"Readings for Monday, April 3rd - Monday of the seventh week of Great Lent - Coptic Lectionary - CopticChurch.net",Monday of the seventh week of Great Lent,7
2028-04-04,"Readings for Tuesday, April 4th - Tuesday of the seventh week of Great Lent - Coptic Lectionary - CopticChurch.net",Tuesday of the seventh week of Great Lent,7
2028-04-05,"Readings for Wednesday, April 5th - Wednesday of the seventh week of Great Lent - Coptic Lectionary - CopticChurch.net",Wednesday of the seventh week of Great Lent,7
2028-04-06,"Readings for Thursday, April 6th - Thursday of the seventh week of Great Lent - Coptic Lectionary - CopticChurch.net",Thursday of the seventh week of Great Lent,7
2028-04-07,"Readings for Friday, April 7th - Annunciation - Coptic Lectionary - CopticChurch.net",Annunciation,9
2028-04-08,"Readings for Saturday, April 8th - Lazarus Saturday of Great Lent - Coptic Lectionary - CopticChurch.net",Lazarus Saturday of Great Lent,7
2028-04-09,"Readings for Sunday, April 9th - Palm Sunday - Coptic Lectionary - CopticChurch.net",Palm Sunday,9
2028-04-10,"Readings for Monday, April 10th - Monday of Holy Week - Coptic Lectionary - CopticChurch.net",Monday of Holy Week,0
2028-04-11,"Readings for Tuesday, April 11th - Tuesday of Holy Week - Coptic Lectionary - CopticChurch.net",Tuesday of Holy Week,0
2028-04-12,"Readings for Wednesday, April 12th - Wednesday of Holy Week - Coptic Lectionary - CopticChurch.net",Wednesday of Holy Week,0
2028-04-13,"Readings for Thursday, April 13th - Holy Thursday - Coptic Lectionary - CopticChurch.net",Holy Thursday,0
2028-04-14,"Readings for Friday, April 14th - Good Friday - Coptic Lectionary - CopticChurch.net",Good Friday,0
2028-04-15,"Readings for Saturday, April 15th - Bright Saturday - Coptic Lectionary - CopticChurch.net",Bright Saturday,0
2028-04-16,"Readings for Sunday, April 16th - The Feast of Resurrection - Coptic Lectionary - CopticChurch.net",The Feast of Resurrection,7
2028-04-17,"Readings for Monday, April 17th - Monday of the first week of the holy fifty days - Coptic Lectionary - CopticChurch.net",Monday of the first week of the holy fifty days,9
2028-04-18,"Readings for Tuesday, April 18th - Tuesday of the first week of the holy fifty days - Coptic Lectionary - CopticChurch.net",Tuesday of the first week of the holy fifty days,9
2028-04-19,"Readings for Wednesday, April 19th - Wednesday of the first week of the holy fifty days - Coptic Lectionary - CopticChurch.net",Wednesday of the first week of the holy fifty days,9
2028-04-20,"Readings for Thursday, April 20th - Thursday of the first week of the holy fifty days - Coptic Lectionary - CopticChurch.net",Thursday of the first week of the holy fifty days,9
2028-04-21,"Readings for Friday, April 21st - Friday of the first week of the holy fifty days - Coptic Lectionary - CopticChurch.net",Friday of the first week of the holy fifty days,9
2028-04-22,"Readings for Saturday, April 22nd - Saturday of the first week of the holy fifty days - Coptic Lectionary - CopticChurch.net",Saturday of the first week of the holy fifty days,9
2028-04-23,"Readings for Sunday, April 23rd - Thomas Sunday - Coptic Lectionary - CopticChurch.net",Thomas Sunday,9
2028-04-24,"Readings for Monday, April 24th - Monday of the second week of the holy fifty days - Coptic Lectionary - CopticChurch.net",Monday of the second week of the holy fifty days,9
2028-04-25,"Readings for Tuesday, April 25th - Tuesday of the second week of the holy fifty days - Coptic Lectionary - CopticChurch.net",Tuesday of the second week of the holy fifty days,9
2028-04-26,"Readings for Wednesday, April 26th - Wednesday of the second week of the holy fifty days - Coptic Lectionary - CopticChurch.net",Wednesday of the second week of the holy fifty days,9
2028-04-27,"Readings for Thursday, April 27th - Thursday of the second week of the holy fifty days - Coptic Lectionary - CopticChurch.net",Thursday of the second week of the holy fifty days,9
2028-04-28,"Readings for Friday, April 28th - Friday of the second week of the holy fifty days - Coptic Lectionary - CopticChurch.net",Friday of the second week of the holy fifty days,9
2028-04-29,"Readings for Saturday, April 29th - Saturday of the second week of the holy fifty days - Coptic Lectionary - CopticChurch.net",Saturday of the second week of the holy fifty days,9
2028-04-30,"Readings for Sunday, April 30th - Sunday of the second week of the holy fifty days - Coptic Lectionary - CopticChurch.net",Sunday of the second week of the holy fifty days,9
2028-05-01,"Readings for Monday, May 1st - Monday of the third week of the holy fifty days - Coptic Lectionary - CopticChurch.net",Monday of the third week of the holy fifty days,9
2028-05-02,"Readings for Tuesday, May 2nd - Tuesday of the third week of the holy fifty days - Coptic Lectionary - CopticChurch.net",Tuesday of the third week of the holy fifty days,9
2028-05-03,"Readings for Wednesday, May 3rd - Wednesday of the third week of the holy fifty days - Coptic Lectionary - CopticChurch.net",Wednesday of the third week of the holy fifty days,9
2028-05-04,"Readings for Thursday, May 4th - Thursday of the third week of the holy fifty days - Coptic Lectionary - CopticChurch.net",Thursday of the third week of the holy fifty days,9
2028-05-05,"Readings for Friday, May 5th - Friday of the third week of the holy fifty days - Coptic Lectionary - CopticChurch.net",Friday of the third week of the holy fifty days,9
2028-05-06,"Readings for Saturday, May 6th - Saturday of the third week of the holy fifty days - Coptic Lectionary - CopticChurch.net",Saturday of the third week of the holy fifty days,9
2028-05-07,"Readings for Sunday, May 7th - Sunday of the third week of the holy fifty days - Coptic Lectionary - CopticChurch.net",Sunday of the third week of the holy fifty days,9
2028-05-08,"Readings for Monday, May 8th - Monday of the fourth week of the holy fifty days - Coptic Lectionary - CopticChurch.net",Monday of the fourth week of the holy fifty days,9
2028-05-09,"Readings for Tuesday, May 9th - Tuesday of the fourth week of the holy fifty days - Coptic Lectionary - CopticChurch.net",Tuesday of the fourth week of the holy fifty days,9
2028-05-10,"Readings for Wednesday, May 10th - Wednesday of the fourth week of the holy fifty days - Coptic Lectionary - CopticChurch.net",Wednesday of the fourth week of the holy fifty days,9
2028-05-11,"Readings for Thursday, May 11th - Thursday of the fourth week of the holy fifty days - Coptic Lectionary - CopticChurch.net",Thursday of the fourth week of the holy fifty days,9
2028-05-12,"Readings for Friday, May 12th - Friday of the fourth week of the holy fifty days - Coptic Lectionary - CopticChurch.net",Friday of the fourth week of the holy fifty days,9
2028-05-13,"Readings for Saturday, May 13th - Saturday of the fourth week of the holy fifty days - Coptic Lectionary - CopticChurch.net",Saturday of the fourth week of the holy fifty days,9
2028-05-14,"Readings for Sunday, May 14th - Sunday of the fourth week of the holy fifty days - Coptic Lectionary - CopticChurch.net",Sunday of the fourth week of the holy fifty days,9
2028-05-15,"Readings for Monday, May 15th - Monday of the fifth week of the holy fifty days - Coptic Lectionary - CopticChurch.net",Monday of the fifth week of the holy fifty days,9
2028-05-16,"Readings for Tuesday, May 16th - Tuesday of the fifth week of the holy fifty days - Coptic Lectionary - CopticChurch.net",Tuesday of the fifth week of the holy fifty days,9
2028-05-17,"Readings for Wednesday, May 17th - Wednesday of the fifth week of the holy fifty days - Coptic Lectionary - CopticChurch.net",Wednesday of the fifth week of the holy fifty days,9
2028-05-18,"Readings for Thursday, May 18th - Thursday of the fifth week of the holy fifty days - Coptic Lectionary - CopticChurch.net",Thursday of the fifth week of the holy fifty days,9
2028-05-19,"Readings for Friday, May 19th - Friday of the fifth week of the holy fifty days - Coptic Lectionary - CopticChurch.net",Friday of the fifth week of the holy fifty days,9
2028-05-20,"Readings for Saturday, May 20th - Saturday of the fifth week of the holy fifty days - Coptic Lectionary - CopticChurch.net",Saturday of the fifth week of the holy fifty days,9
2028-05-21,"Readings for Sunday, May 21st - Sunday of the fifth week of the holy fifty days - Coptic Lectionary - CopticChurch.net",Sunday of the fifth week of the holy fifty days,9
2028-05-22,"Readings for Monday, May 22nd - Monday of the sixth week of the holy fifty days - Coptic Lectionary - CopticChurch.net",Monday of the sixth week of the holy fifty days,9
2028-05-23,"Readings for Tuesday, May 23rd - Tuesday of the sixth week of the holy fifty days - Coptic Lectionary - CopticChurch.net",Tuesday of the sixth week of the holy fifty days,9
2028-05-24,"Readings for Wednesday, May 24th - Wednesday of the sixth week of the holy fifty days - Coptic Lectionary - CopticChurch.net",Wednesday of the sixth week of the holy fifty days,9
2028-05-25,"Readings for Thursday, May 25th - The Feast of the Ascension - Coptic Lectionary - CopticChurch.net",The Feast of the Ascension,9
2028-05-26,"Readings for Friday, May 26th - Friday of the sixth week of the holy fifty days - Coptic Lectionary - CopticChurch.net",Friday of the sixth week of the holy fifty days,9
2028-05-27,"Readings for Saturday, May 27th - Saturday of the sixth week of the holy fifty days - Coptic Lectionary - CopticChurch.net",Saturday of the sixth week of the holy fifty days,9
2028-05-28,"Readings for Sunday, May 28th - Sunday of the sixth week of the holy fifty days - Coptic Lectionary - CopticChurch.net",Sunday of the sixth week of the holy fifty days,9
2028-05-29,"Readings for Monday, May 29th - Monday of the seventh week of the holy fifty days - Coptic Lectionary - CopticChurch.net",Monday of the seventh week of the holy fifty days,9
2028-05-30,"Readings for Tuesday, May 30th - Tuesday of the seventh week of the holy fifty days - Coptic Lectionary - CopticChurch.net",Tuesday of the seventh week of the holy fifty days,9
2028-05-31,"Readings for Wednesday, May 31st - Wednesday of the seventh week of the holy fifty days - Coptic Lectionary - CopticChurch.net",Wednesday of the seventh week of the holy fifty days,9
2028-06-01,"Readings for Thursday, June 1st - Thursday of the seventh week of the holy fifty days and the Feast of Entry into Egypt - Coptic Lectionary - CopticChurch.net",Thursday of the seventh week of the holy fifty days and the Feast of Entry into Egypt,9
2028-06-02,"Readings for Friday, June 2nd - Friday of the seventh week of the holy fifty days - Coptic Lectionary - CopticChurch.net",Friday of the seventh week of the holy fifty days,9
2028-06-03,"Readings for Saturday, June 3rd - Saturday of the seventh week of the holy fifty days - Coptic Lectionary - CopticChurch.net",Saturday of the seventh week of the holy fifty days,9
2028-06-04,"Readings for Sunday, June 4th - Pentecost - Coptic Lectionary - CopticChurch.net",Pentecost,9
2028-06-05,"Readings for Monday, June 5th - Bashons 28 - Coptic Lectionary - CopticChurch.net",Bashons 28,9
2028-06-06,"Readings for Tuesday, June 6th - Bashons 29 - Coptic Lectionary - CopticChurch.net",Bashons 29,9
2028-06-07,"Readings for Wednesday, June 7th - Bashons 30 - Coptic Lectionary - CopticChurch.net",Bashons 30,9
2028-06-08,"Readings for Thursday, June 8th - Paona 1 - Coptic Lectionary - CopticChurch.net",Paona 1,9
2028-06-09,"Readings for Friday, June 9th - Paona 2 - Coptic Lectionary - CopticChurch.net",Paona 2,9
2028-06-10,"Readings for Saturday, June 10th - Paona 3 - Coptic Lectionary - CopticChurch.net",Paona 3,9
2028-06-11,"Readings for Sunday, June 11th - The first Sunday of Paona - Coptic Lectionary - CopticChurch.net",The first Sunday of Paona,9
2028-06-12,"Readings for Monday, June 12th - Paona 5 - Coptic Lectionary - CopticChurch.net",Paona 5,9
2028-06-13,"Readings for Tuesday, June 13th - Paona 6 - Coptic Lectionary - CopticChurch.net",Paona 6,9
2028-06-14,"Readings for Wednesday, June 14th - Paona 7 - Coptic Lectionary - CopticChurch.net",Paona 7,9
2028-06-15,"Readings for Thursday, June 15th - Paona 8 - Coptic Lectionary - CopticChurch.net",Paona 8,9
2028-06-16,"Readings for Friday, June 16th - Paona 9 - Coptic Lectionary - CopticChurch.net",Paona 9,9
2028-06-17,"Readings for Saturday, June 17th - Paona 10 - Coptic Lectionary - CopticChurch.net",Paona 10,9
2028-06-18,"Readings for Sunday, June 18th - The second Sunday of Paona - Coptic Lectionary - CopticChurch.net",The second Sunday of Paona,9
2028-06-19,"Readings for Monday, June 19th - Paona 12 - Coptic Lectionary - CopticChurch.net",Paona 12,9
2028-06-20,"Readings for Tuesday, June 20th - Paona 13 - Coptic Lectionary - CopticChurch.net",Paona 13,9
2028-06-21,"Readings for Wednesday, June 21st - Paona 14 - Coptic Lectionary - CopticChurch.net",Paona 14,9
2028-06-22,"Readings for Thursday, June 22nd - Paona 15 - Coptic Lectionary - CopticChurch.net",Paona 15,9
2028-06-23,"Readings for Friday, June 23rd - Paona 16 - Coptic Lectionary - CopticChurch.net",Paona 16,9
2028-06-24,"Readings for Saturday, June 24th - Paona 17 - Coptic Lectionary - CopticChurch.net",Paona 17,9
2028-06-25,"Readings for Sunday, June 25th - The third Sunday of Paona - Coptic Lectionary - CopticChurch.net",The third Sunday of Paona,9
2028-06-26,"Readings for Monday, June 26th - Paona 19 - Coptic Lectionary - CopticChurch.net",Paona 19,9
2028-06-27,"Readings for Tuesday, June 27th - Paona 20 - Coptic Lectionary - CopticChurch.net",Paona 20,9
2028-06-28,"Readings for Wednesday, June 28th - Paona 21 - Coptic Lectionary - CopticChurch.net",Paona 21,9
2028-06-29,"Readings for Thursday, June 29th - Paona 22 - Coptic Lectionary - CopticChurch.net",Paona 22,9
2028-06-30,"Readings for Friday, June 30th - Paona 23 - Coptic Lectionary - CopticChurch.net",Paona 23,9
2028-07-01,"Readings for Saturday, July 1st - Paona 24 - Coptic Lectionary - CopticChurch.net",Paona 24,9
2028-07-02,"Readings for Sunday, July 2nd - The fourth Sunday of Paona - Coptic Lectionary - CopticChurch.net",The fourth Sunday of Paona,9
2028-07-03,"Readings for Monday, July 3rd - Paona 26 - Coptic Lectionary - CopticChurch.net",Paona 26,9
2028-07-04,"Readings for Tuesday, July 4th - Paona 27 - Coptic Lectionary - CopticChurch.net",Paona 27,9
2028-07-05,"Readings for Wednesday, July 5th - Paona 28 - Coptic Lectionary - CopticChurch.net",Paona 28,9
2028-07-06,"Readings for Thursday, July 6th - Paona 29 - Coptic Lectionary - CopticChurch.net",Paona 29,9
2028-07-07,"Readings for Friday, July 7th - Paona 30 - Coptic Lectionary - CopticChurch.net",Paona 30,9
2028-07-08,"Readings for Saturday, July 8th - Abib 1 - Coptic Lectionary - CopticChurch.net",Abib 1,9
2028-07-09,"Readings for Sunday, July 9th - The first Sunday of Abib - Coptic Lectionary - CopticChurch.net",The first Sunday of Abib,9
2028-07-10,"Readings for Monday, July 10th - Abib 3 - Coptic Lectionary - CopticChurch.net",Abib 3,9
2028-07-11,"Readings for Tuesday, July 11th - Abib 4 - Coptic Lectionary - CopticChurch.net",Abib 4,9
2028-07-12,"Readings for Wednesday, July 12th - Abib 5 (Apostle's Feast) - Coptic Lectionary - CopticChurch.net",Abib 5 (Apostle's Feast),9
2028-07-13,"Readings for Thursday, July 13th - Abib 6 - Coptic Lectionary - CopticChurch.net",Abib 6,9
2028-07-14,"Readings for Friday, July 14th - Abib 7 - Coptic Lectionary - CopticChurch.net",Abib 7,9
2028-07-15,"Readings for Saturday, July 15th - Abib 8 - Coptic Lectionary - CopticChurch.net",Abib 8,9
2028-07-16,"Readings for Sunday, July 16th - The second Sunday of Abib - Coptic Lectionary - CopticChurch.net",The second Sunday of Abib,9
2028-07-17,"Readings for Monday, July 17th - Abib 10 - Coptic Lectionary - CopticChurch.net",Abib 10,9
2028-07-18,"Readings for Tuesday, July 18th - Abib 11 - Coptic Lectionary - CopticChurch.net",Abib 11,9
2028-07-19,"Readings for Wednesday, July 19th - Abib 12 - Coptic Lectionary - CopticChurch.net",Abib 12,9
2028-07-20,"Readings for Thursday, July 20th - Abib 13 - Coptic Lectionary - CopticChurch.net",Abib 13,9
2028-07-21,"Readings for Friday, July 21st - Abib 14 - Coptic Lectionary - CopticChurch.net",Abib 14,9
2028-07-22,"Readings for Saturday, July 22nd - Abib 15 - Coptic Lectionary - CopticChurch.net",Abib 15,9
2028-07-23,"Readings for Sunday, July 23rd - The third Sunday of Abib - Coptic Lectionary - CopticChurch.net",The third Sunday of Abib,9
2028-07-24,"Readings for Monday, July 24th - Abib 17 - Coptic Lectionary - CopticChurch.net",Abib 17,9
2028-07-25,"Readings for Tuesday, July 25th - Abib 18 - Coptic Lectionary - CopticChurch.net",Abib 18,9
2028-07-26,"Readings for Wednesday, July 26th - Abib 19 - Coptic Lectionary - CopticChurch.net",Abib 19,9
2028-07-27,"Readings for Thursday, July 27th - Abib 20 - Coptic Lectionary - CopticChurch.net",Abib 20,9
2028-07-28,"Readings for Friday, July 28th - Abib 21 - Coptic Lectionary - CopticChurch.net",Abib 21,9
2028-07-29,"Readings for Saturday, July 29th - Abib 22 - Coptic Lectionary - CopticChurch.net",Abib 22,9
2028-07-30,"Readings for Sunday, July 30th - The fourth Sunday of Abib - Coptic Lectionary - CopticChurch.net",The fourth Sunday of Abib,9
2028-07-31,"Readings for Monday, July 31st - Abib 24 - Coptic Lectionary - CopticChurch.net",Abib 24,9
2028-08-01,"Readings for Tuesday, August 1st - Abib 25 - Coptic Lectionary - CopticChurch.net",Abib 25,9
2028-08-02,"Readings for Wednesday, August 2nd - Abib 26 - Coptic Lectionary - CopticChurch.net",Abib 26,9
2028-08-03,"Readings for Thursday, August 3rd - Abib 27 - Coptic Lectionary - CopticChurch.net",Abib 27,9
2028-08-04,"Readings for Friday, August 4th - Abib 28 - Coptic Lectionary - CopticChurch.net",Abib 28,9
2028-08-05,"Readings for Saturday, August 5th - Abib 29 - Coptic Lectionary - CopticChurch.net",Abib 29,9
2028-08-06,"Readings for Sunday, August 6th - The fifth Sunday of Abib - Coptic Lectionary - CopticChurch.net",The fifth Sunday of Abib,9
2028-08-07,"Readings for Monday, August 7th - St Mary's Fast - Coptic Lectionary - CopticChurch.net",St Mary's Fast,9
2028-08-08,"Readings for Tuesday, August 8th - Mesra 2 - Coptic Lectionary - CopticChurch.net",Mesra 2,9
2028-08-09,"Readings for Wednesday, August 9th - Mesra 3 - Coptic Lectionary - CopticChurch.net",Mesra 3,9
2028-08-10,"Readings for Thursday, August 10th - Mesra 4 - Coptic Lectionary - CopticChurch.net",Mesra 4,9
2028-08-11,"Readings for Friday, August 11th - Mesra 5 - Coptic Lectionary - CopticChurch.net",Mesra 5,9
2028-08-12,"Readings for Saturday, August 12th - Mesra 6 - Coptic Lectionary - CopticChurch.net",Mesra 6,9
2028-08-13,"Readings for Sunday, August 13th - The first Sunday of Mesra - Coptic Lectionary - CopticChurch.net",The first Sunday of Mesra,9
2028-08-14,"Readings for Monday, August 14th - Mesra 8 - Coptic Lectionary - CopticChurch.net",Mesra 8,9
2028-08-15,"Readings for Tuesday, August 15th - Mesra 9 - Coptic Lectionary - CopticChurch.net",Mesra 9,9
2028-08-16,"Readings for Wednesday, August 16th - Mesra 10 - Coptic Lectionary - CopticChurch.net",Mesra 10,9
2028-08-17,"Readings for Thursday, August 17th - Mesra 11 - Coptic Lectionary - CopticChurch.net",Mesra 11,9
2028-08-18,"Readings for Friday, August 18th - Mesra 12 - Coptic Lectionary - CopticChurch.net",Mesra 12,9
2028-08-19,"Readings for Saturday, August 19th - Transfiguration - Coptic Lectionary - CopticChurch.net",Transfiguration,9
2028-08-20,"Readings for Sunday, August 20th - The second Sunday of Mesra - Coptic Lectionary - CopticChurch.net",The second Sunday of Mesra,9
2028-08-21,"Readings for Monday, August 21st - Mesra 15 - Coptic Lectionary - CopticChurch.net",Mesra 15,9
2028-08-22,"Readings for Tuesday, August 22nd - Mesra 16 (St Mary's Feast) - Coptic Lectionary - CopticChurch.net",Mesra 16 (St Mary's Feast),9
2028-08-23,"Readings for Wednesday, August 23rd - Mesra 17 - Coptic Lectionary - CopticChurch.net",Mesra 17,9
2028-08-24,"Readings for Thursday, August 24th - Mesra 18 - Coptic Lectionary - CopticChurch.net",Mesra 18,9
2028-08-25,"Readings for Friday, August 25th - Mesra 19 - Coptic Lectionary - CopticChurch.net",Mesra 19,9
2028-08-26,"Readings for Saturday, August 26th - Mesra 20 - Coptic Lectionary - CopticChurch.net",Mesra 20,9
2028-08-27,"Readings for Sunday, August 27th - The third Sunday of Mesra - Coptic Lectionary - CopticChurch.net",The third Sunday of Mesra,9
2028-08-28,"Readings for Monday, August 28th - Mesra 22 - Coptic Lectionary - CopticChurch.net",Mesra 22,9
2028-08-29,"Readings for Tuesday, August 29th - Mesra 23 - Coptic Lectionary - CopticChurch.net",Mesra 23,9
2028-08-30,"Readings for Wednesday, August 30th - Mesra 24 - Coptic Lectionary - CopticChurch.net",Mesra 24,9
2028-08-31,"Readings for Thursday, August 31st - Mesra 25 - Coptic Lectionary - CopticChurch.net",Mesra 25,9
2028-09-01,"Readings for Friday, September 1st - Mesra 26 - Coptic Lectionary - CopticChurch.net",Mesra 26,9
2028-09-02,"Readings for Saturday, September 2nd - Mesra 27 - Coptic Lectionary - CopticChurch.net",Mesra 27,9
2028-09-03,"Readings for Sunday, September 3rd - The fourth Sunday of Mesra - Coptic Lectionary - CopticChurch.net",The fourth Sunday of Mesra,9
2028-09-04,"Readings for Monday, September 4th - Mesra 29 - Coptic Lectionary - CopticChurch.net",Mesra 29,9
2028-09-05,"Readings for Tuesday, September 5th - Mesra 30 - Coptic Lectionary - CopticChurch.net",Mesra 30,9
2028-09-06,"Readings for Wednesday, September 6th - Nasie 1 - Coptic Lectionary - CopticChurch.net",Nasie 1,9
2028-09-07,"Readings for Thursday, September 7th - Nasie 2 - Coptic Lectionary - CopticChurch.net",Nasie 2,9
2028-09-08,"Readings for Friday, September 8th - Nasie 3 - Coptic Lectionary - CopticChurch.net",Nasie 3,9
2028-09-09,"Readings for Saturday, September 9th - Nasie 4 - Coptic Lectionary - CopticChurch.net",Nasie 4,9
2028-09-10,"Readings for Sunday, September 10th - The first Sunday of Nasie - Coptic Lectionary - CopticChurch.net",The first Sunday of Nasie,9
2028-09-11,"Readings for Monday, September 11th - Tout 1 - Coptic Lectionary - CopticChurch.net",Tout 1,9
2028-09-12,"Readings for Tuesday, September 12th - Tout 2 - Coptic Lectionary - CopticChurch.net",Tout 2,9
2028-09-13,"Readings for Wednesday, September 13th - Tout 3 - Coptic Lectionary - CopticChurch.net",Tout 3,9
2028-09-14,"Readings for Thursday, September 14th - Tout 4 - Coptic Lectionary - CopticChurch.net",Tout 4,9
2028-09-15,"Readings for Friday, September 15th - Tout 5 - Coptic Lectionary - CopticChurch.net",Tout 5,9
2028-09-16,"Readings for Saturday, September 16th - Tout 6 - Coptic Lectionary - CopticChurch.net",Tout 6,9
2028-09-17,"Readings for Sunday, September 17th - The first Sunday of Tout - Coptic Lectionary - CopticChurch.net",The first Sunday of Tout,9
2028-09-18,"Readings for Monday, September 18th - Tout 8 - Coptic Lectionary - CopticChurch.net",Tout 8,9
2028-09-19,"Readings for Tuesday, September 19th - Tout 9 - Coptic Lectionary - CopticChurch.net",Tout 9,9
2028-09-20,"Readings for Wednesday, September 20th - Tout 10 - Coptic Lectionary - CopticChurch.net",Tout 10,9
2028-09-21,"Readings for Thursday, September 21st - Tout 11 - Coptic Lectionary - CopticChurch.net",Tout 11,9
2028-09-22,"Readings for Friday, September 22nd - Tout 12 - Coptic Lectionary - CopticChurch.net",Tout 12,9
2028-09-23,"Readings for Saturday, September 23rd - Tout 13 - Coptic Lectionary - CopticChurch.net",Tout 13,9
2028-09-24,"Readings for Sunday, September 24th - The second Sunday of Tout - Coptic Lectionary - CopticChurch.net",The second Sunday of Tout,9
2028-09-25,"Readings for Monday, September 25th - Tout 15 - Coptic Lectionary - CopticChurch.net",Tout 15,9
2028-09-26,"Readings for Tuesday, September 26th - Tout 16 - Coptic Lectionary - CopticChurch.net",Tout 16,9
2028-09-27,"Readings for Wednesday, September 27th - Tout 17 (Feast of the Cross) - Coptic Lectionary - CopticChurch.net",Tout 17 (Feast of the Cross),9
2028-09-28,"Readings for Thursday, September 28th - Tout 18 (Feast of the Cross) - Coptic Lectionary - CopticChurch.net",Tout 18 (Feast of the Cross),9
2028-09-29,"Readings for Friday, September 29th - Tout 19 (Feast of the Cross) - Coptic Lectionary - CopticChurch.net",Tout 19 (Feast of the Cross),9
2028-09-30,"Readings for Saturday, September 30th - Tout 20 - Coptic Lectionary - CopticChurch.net",Tout 20,9
2028-10-01,"Readings for Sunday, October 1st - The third Sunday of Tout - Coptic Lectionary - CopticChurch.net",The third Sunday of Tout,9
2028-10-02,"Readings for Monday, October 2nd - Tout 22 - Coptic Lectionary - CopticChurch.net",Tout 22,9
2028-10-03,"Readings for Tuesday, October 3rd - Tout 23 - Coptic Lectionary - CopticChurch.net",Tout 23,9
2028-10-04,"Readings for Wednesday, October 4th - Tout 24 - Coptic Lectionary - CopticChurch.net",Tout 24,9
2028-10-05,"Readings for Thursday, October 5th - Tout 25 - Coptic Lectionary - CopticChurch.net",Tout 25,9
2028-10-06,"Readings for Friday, October 6th - Tout 26 - Coptic Lectionary - CopticChurch.net",Tout 26,9
2028-10-07,"Readings for Saturday, October 7th - Tout 27 - Coptic Lectionary - CopticChurch.net",Tout 27,9
2028-10-08,"Readings for Sunday, October 8th - The fourth Sunday of Tout - Coptic Lectionary - CopticChurch.net",The fourth Sunday of Tout,9
2028-10-09,"Readings for Monday, October 9th - Tout 29 - Coptic Lectionary - CopticChurch.net",Tout 29,9
2028-10-10,"Readings for Tuesday, October 10th - Tout 30 - Coptic Lectionary - CopticChurch.net",Tout 30,9
2028-10-11,"Readings for Wednesday, October 11th - Baba 1 - Coptic Lectionary - CopticChurch.net",Baba 1,9
2028-10-12,"Readings for Thursday, October 12th - Baba 2 - Coptic Lectionary - CopticChurch.net",Baba 2,9
2028-10-13,"Readings for Friday, October 13th - Baba 3 - Coptic Lectionary - CopticChurch.net",Baba 3,9
2028-10-14,"Readings for Saturday, October 14th - Baba 4 - Coptic Lectionary - CopticChurch.net",Baba 4,9
2028-10-15,"Readings for Sunday, October 15th - The first Sunday of Baba - Coptic Lectionary - CopticChurch.net",The first Sunday of Baba,9
2028-10-16,"Readings for Monday, October 16th - Baba 6 - Coptic Lectionary - CopticChurch.net",Baba 6,9
2028-10-17,"Readings for Tuesday, October 17th - Baba 7 - Coptic Lectionary - CopticChurch.net",Baba 7,9
2028-10-18,"Readings for Wednesday, October 18th - Baba 8 - Coptic Lectionary - CopticChurch.net",Baba 8,9
2028-10-19,"Readings for Thursday, October 19th - Baba 9 - Coptic Lectionary - CopticChurch.net",Baba 9,9
2028-10-20,"Readings for Friday, October 20th - Baba 10 - Coptic Lectionary - CopticChurch.net",Baba 10,9
2028-10-21,"Readings for Saturday, October 21st - Baba 11 - Coptic Lectionary - CopticChurch.net",Baba 11,9
2028-10-22,"Readings for Sunday, October 22nd - The second Sunday of Baba - Coptic Lectionary - CopticChurch.net",The second Sunday of Baba,9
2028-10-23,"Readings for Monday, October 23rd - Baba 13 - Coptic Lectionary - CopticChurch.net",Baba 13,9
2028-10-24,"Readings for Tuesday, October 24th - Baba 14 - Coptic Lectionary - CopticChurch.net",Baba 14,9
2028-10-25,"Readings for Wednesday, October 25th - Baba 15 - Coptic Lectionary - CopticChurch.net",Baba 15,9
2028-10-26,"Readings for Thursday, October 26th - Baba 16 - Coptic Lectionary - CopticChurch.net",Baba 16,9
2028-10-27,"Readings for Friday, October 27th - Baba 17 - Coptic Lectionary - CopticChurch.net",Baba 17,9
2028-10-28,"Readings for Saturday, October 28th - Baba 18 - Coptic Lectionary - CopticChurch.net",Baba 18,9
2028-10-29,"Readings for Sunday, October 29th - The third Sunday of Baba - Coptic Lectionary - CopticChurch.net",The third Sunday of Baba,9
2028-10-30,"Readings for Monday, October 30th - Baba 20 - Coptic Lectionary - CopticChurch.net",Baba 20,9
2028-10-31,"Readings for Tuesday, October 31st - Baba 21 - Coptic Lectionary - CopticChurch.net",Baba 21,9
2028-11-01,"Readings for Wednesday, November 1st - Baba 22 - Coptic Lectionary - CopticChurch.net",Baba 22,9
2028-11-02,"Readings for Thursday, November 2nd - Baba 23 - Coptic Lectionary - CopticChurch.net",Baba 23,9
2028-11-03,"Readings for Friday, November 3rd - Baba 24 - Coptic Lectionary - CopticChurch.net",Baba 24,9
2028-11-04,"Readings for Saturday, November 4th - Baba 25 - Coptic Lectionary - CopticChurch.net",Baba 25,9
2028-11-05,"Readings for Sunday, November 5th - The fourth Sunday of Baba - Coptic Lectionary - CopticChurch.net",The fourth Sunday of Baba,9
2028-11-06,"Readings for Monday, November 6th - Baba 27 - Coptic Lectionary - CopticChurch.net",Baba 27,9
2028-11-07,"Readings for Tuesday, November 7th - Baba 28 - Coptic Lectionary - CopticChurch.net",Baba 28,9
2028-11-08,"Readings for Wednesday, November 8th - Baba 29 - Coptic Lectionary - CopticChurch.net",Baba 29,9
2028-11-09,"Readings for Thursday, November 9th - Baba 30 - Coptic Lectionary - CopticChurch.net",Baba 30,9
2028-11-10,"Readings for Friday, November 10th - Hator 1 - Coptic Lectionary - CopticChurch.net",Hator 1,9
2028-11-11,"Readings for Saturday, November 11th - Hator 2 - Coptic Lectionary - CopticChurch.net",Hator 2,9
2028-11-12,"Readings for Sunday, November 12th - The first Sunday of Hator - Coptic Lectionary - CopticChurch.net",The first Sunday of Hator,9
2028-11-13,"Readings for Monday, November 13th - Hator 4 - Coptic Lectionary - CopticChurch.net",Hator 4,9
2028-11-14,"Readings for Tuesday, November 14th - Hator 5 - Coptic Lectionary - CopticChurch.net",Hator 5,9
2028-11-15,"Readings for Wednesday, November 15th - Hator 6 - Coptic Lectionary - CopticChurch.net",Hator 6,9
2028-11-16,"Readings for Thursday, November 16th - Hator 7 - Coptic Lectionary - CopticChurch.net",Hator 7,9
2028-11-17,"Readings for Friday, November 17th - Hator 8 - Coptic Lectionary - CopticChurch.net",Hator 8,9
2028-11-18,"Readings for Saturday, November 18th - Hator 9 - Coptic Lectionary - CopticChurch.net",Hator 9,9
2028-11-19,"Readings for Sunday, November 19th - The second Sunday of Hator - Coptic Lectionary - CopticChurch.net",The second Sunday of Hator,9
2028-11-20,"Readings for Monday, November 20th - Hator 11 - Coptic Lectionary - CopticChurch.net",Hator 11,9
2028-11-21,"Readings for Tuesday, November 21st - Hator 12 - Coptic Lectionary - CopticChurch.net",Hator 12,9
2028-11-22,"Readings for Wednesday, November 22nd - Hator 13 - Coptic Lectionary - CopticChurch.net",Hator 13,9
2028-11-23,"Readings for Thursday, November 23rd - Hator 14 - Coptic Lectionary - CopticChurch.net",Hator 14,9
2028-11-24,"Readings for Friday, November 24th - Hator 15 - Coptic Lectionary - CopticChurch.net",Hator 15,9
2028-11-25,"Readings for Saturday, November 25th - Hator 16 of Christmas Fast - Coptic Lectionary - CopticChurch.net",Hator 16 of Christmas Fast,9
2028-11-26,"Readings for Sunday, November 26th - The third Sunday of Hator - Coptic Lectionary - CopticChurch.net",The third Sunday of Hator,9
2028-11-27,"Readings for Monday, November 27th - Hator 18 - Coptic Lectionary - CopticChurch.net",Hator 18,9
2028-11-28,"Readings for Tuesday, November 28th - Hator 19 - Coptic Lectionary - CopticChurch.net",Hator 19,9
2028-11-29,"Readings for Wednesday, November 29th - Hator 20 - Coptic Lectionary - CopticChurch.net",Hator 20,9
2028-11-30,"Readings for Thursday, November 30th - Hator 21 - Coptic Lectionary - CopticChurch.net",Hator 21,9
2028-12-01,"Readings for Friday, December 1st - Hator 22 - Coptic Lectionary - CopticChurch.net",Hator 22,9
2028-12-02,"Readings for Saturday, December 2nd - Hator 23 - Coptic Lectionary - CopticChurch.net",Hator 23,9
2028-12-03,"Readings for Sunday, December 3rd - The fourth Sunday of Hator - Coptic Lectionary - CopticChurch.net",The fourth Sunday of Hator,9
2028-12-04,"Readings for Monday, December 4th - Hator 25 - Coptic Lectionary - CopticChurch.net",Hator 25,9
2028-12-05,"Readings for Tuesday, December 5th - Hator 26 - Coptic Lectionary - CopticChurch.net",Hator 26,9
2028-12-06,"Readings for Wednesday, December 6th - Hator 27 - Coptic Lectionary - CopticChurch.net",Hator 27,9
2028-12-07,"Readings for Thursday, December 7th - Hator 28 - Coptic Lectionary - CopticChurch.net",Hator 28,9
2028-12-08,"Readings for Friday, December 8th - Hator 29 - Coptic Lectionary - CopticChurch.net",Hator 29,9
2028-12-09,"Readings for Saturday, December 9th - Hator 30 - Coptic Lectionary - CopticChurch.net",Hator 30,9
2028-12-10,"Readings for Sunday, December 10th - The first Sunday of Kiak - Coptic Lectionary - CopticChurch.net",The first Sunday of Kiak,9
2028-12-11,"Readings for Monday, December 11th - Kiak 2 - Coptic Lectionary - CopticChurch.net",Kiak 2,9
2028-12-12,"Readings for Tuesday, December 12th - Kiak 3 - Coptic Lectionary - CopticChurch.net",Kiak 3,9
2028-12-13,"Readings for Wednesday, December 13th - Kiak 4 - Coptic Lectionary - CopticChurch.net",Kiak 4,9
2028-12-14,"Readings for Thursday, December 14th - Kiak 5 - Coptic Lectionary - CopticChurch.net",Kiak 5,9
2028-12-15,"Readings for Friday, December 15th - Kiak 6 - Coptic Lectionary - CopticChurch.net",Kiak 6,9
2028-12-16,"Readings for Saturday, December 16th - Kiak 7 - Coptic Lectionary - CopticChurch.net",Kiak 7,9
2028-12-17,"Readings for Sunday, December 17th - The second Sunday of Kiak - Coptic Lectionary - CopticChurch.net",The second Sunday of Kiak,9
2028-12-18,"Readings for Monday, December 18th - Kiak 9 - Coptic Lectionary - CopticChurch.net",Kiak 9,9
2028-12-19,"Readings for Tuesday, December 19th - Kiak 10 - Coptic Lectionary - CopticChurch.net",Kiak 10,9
2028-12-20,"Readings for Wednesday, December 20th - Kiak 11 - Coptic Lectionary - CopticChurch.net",Kiak 11,9
2028-12-21,"Readings for Thursday, December 21st - Kiak 12 - Coptic Lectionary - CopticChurch.net",Kiak 12,9
2028-12-22,"Readings for Friday, December 22nd - Kiak 13 - Coptic Lectionary - CopticChurch.net",Kiak 13,9
2028-12-23,"Readings for Saturday, December 23rd - Kiak 14 - Coptic Lectionary - CopticChurch.net",Kiak 14,9
2028-12-24,"Readings for Sunday, December 24th - The third Sunday of Kiak - Coptic Lectionary - CopticChurch.net",The third Sunday of Kiak,9
2028-12-25,"Readings for Monday, December 25th - Kiak 16 - Coptic Lectionary - CopticChurch.net",Kiak 16,9
2028-12-26,"Readings for Tuesday, December 26th - Kiak 17 - Coptic Lectionary - CopticChurch.net",Kiak 17,9
2028-12-27,"Readings for Wednesday, December 27th - Kiak 18 - Coptic Lectionary - CopticChurch.net",Kiak 18,9
2028-12-28,"Readings for Thursday, December 28th - Kiak 19 - Coptic Lectionary - CopticChurch.net",Kiak 19,9
2028-12-29,"Readings for Friday, December 29th - Kiak 20 - Coptic Lectionary - CopticChurch.net",Kiak 20,9
2028-12-30,"Readings for Saturday, December 30th - Kiak 21 - Coptic Lectionary - CopticChurch.net",Kiak 21,9
2028-12-31,"Readings for Sunday, December 31st - The fourth Sunday of Kiak - Coptic Lectionary - CopticChurch.net",The fourth Sunday of Kiak,9
2029-01-01,"Readings for Monday, January 1st - Kiak 23 - Coptic Lectionary - CopticChurch.net",Kiak 23,9
2029-01-02,"Readings for Tuesday, January 2nd - Kiak 24 - Coptic Lectionary - CopticChurch.net",Kiak 24,9
2029-01-03,"Readings for Wednesday, January 3rd - Kiak 25 - Coptic Lectionary - CopticChurch.net",Kiak 25,9
2029-01-04,"Readings for Thursday, January 4th - Kiak 26 - Coptic Lectionary - CopticChurch.net",Kiak 26,9
2029-01-05,"Readings for Friday, January 5th - Christmas Paramoune - Coptic Lectionary - CopticChurch.net",Christmas Paramoune,9
2029-01-06,"Readings for Saturday, January 6th - Christmas Paramoune - Coptic Lectionary - CopticChurch.net",Christmas Paramoune,9
2029-01-07,"Readings for Sunday, January 7th - Christmas - Coptic Lectionary - CopticChurch.net",Christmas,9
2029-01-08,"Readings for Monday, January 8th - Kiak 30 - Coptic Lectionary - CopticChurch.net",Kiak 30,9
2029-01-09,"Readings for Tuesday, January 9th - Toba 1 - Coptic Lectionary - CopticChurch.net",Toba 1,9
2029-01-10,"Readings for Wednesday, January 10th - Toba 2 - Coptic Lectionary - CopticChurch.net",Toba 2,9
2029-01-11,"Readings for Thursday, January 11th - Toba 3 - Coptic Lectionary - CopticChurch.net",Toba 3,9
2029-01-12,"Readings for Friday, January 12th - Toba 4 - Coptic Lectionary - CopticChurch.net",Toba 4,9
2029-01-13,"Readings for Saturday, January 13th - Toba 5 - Coptic Lectionary - CopticChurch.net",Toba 5,9
2029-01-14,"Readings for Sunday, January 14th - Circumcision of our Lord - Coptic Lectionary - CopticChurch.net",Circumcision of our Lord,9
2029-01-15,"Readings for Monday, January 15th - Toba 7 - Coptic Lectionary - CopticChurch.net",Toba 7,9
2029-01-16,"Readings for Tuesday, January 16th - Toba 8 - Coptic Lectionary - CopticChurch.net",Toba 8,9
2029-01-17,"Readings for Wednesday, January 17th - Toba 9 - Coptic Lectionary - CopticChurch.net",Toba 9,9
2029-01-18,"Readings for Thursday, January 18th - Epiphany Paramoune - Coptic Lectionary - CopticChurch.net",Epiphany Paramoune,9
2029-01-19,"Readings for Friday, January 19th - The Feast of Epiphany - Coptic Lectionary - CopticChurch.net",The Feast of Epiphany,9
2029-01-20,"Readings for Saturday, January 20th - The Second Day of Feast of Epiphany - Coptic Lectionary - CopticChurch.net",The Second Day of Feast of Epiphany,9
2029-01-21,"Readings for Sunday, January 21st - Wedding of Cana - Coptic Lectionary - CopticChurch.net",Wedding of Cana,9
2029-01-22,"Readings for Monday, January 22nd - Toba 14 - Coptic Lectionary - CopticChurch.net",Toba 14,9
2029-01-23,"Readings for Tuesday, January 23rd - Toba 15 - Coptic Lectionary - CopticChurch.net",Toba 15,9
2029-01-24,"Readings for Wednesday, January 24th - Toba 16 - Coptic Lectionary - CopticChurch.net",Toba 16,9
2029-01-25,"Readings for Thursday, January 25th - Toba 17 - Coptic Lectionary - CopticChurch.net",Toba 17,9
2029-01-26,"Readings for Friday, January 26th - Toba 18 - Coptic Lectionary - CopticChurch.net",Toba 18,9
2029-01-27,"Readings for Saturday, January 27th - Toba 19 - Coptic Lectionary - CopticChurch.net",Toba 19,9
2029-01-28,"Readings for Sunday, January 28th - The third Sunday of Toba - Coptic Lectionary - CopticChurch.net",The third Sunday of Toba,9
2029-01-29,"Readings for Monday, January 29th - Fast of Ninevah - Coptic Lectionary - CopticChurch.net",Fast of Ninevah,9
2029-01-30,"Readings for Tuesday, January 30th - Tuesday of Ninevah's Fast - Coptic Lectionary - CopticChurch.net",Tuesday of Ninevah's Fast,7
2029-01-31,"Readings for Wednesday, January 31st - Wednesday of Ninevah's Fast - Coptic Lectionary - CopticChurch.net",Wednesday of Ninevah's Fast,7
2029-02-01,"Readings for Thursday, February 1st - Jonah's Feast - Coptic Lectionary - CopticChurch.net",Jonah's Feast,7
2029-02-02,"Readings for Friday, February 2nd - Toba 25 - Coptic Lectionary - CopticChurch.net",Toba 25,9
2029-02-03,"Readings for Saturday, February 3rd - Toba 26 - Coptic Lectionary - CopticChurch.net",Toba 26,9
2029-02-04,"Readings for Sunday, February 4th - The fourth Sunday of Toba - Coptic Lectionary - CopticChurch.net",The fourth Sunday of Toba,9
2029-02-05,"Readings for Monday, February 5th - Toba 28 - Coptic Lectionary - CopticChurch.net",Toba 28,9
2029-02-06,"Readings for Tuesday, February 6th - Toba 29 - Coptic Lectionary - CopticChurch.net",Toba 29,9
2029-02-07,"Readings for Wednesday, February 7th - Toba 30 - Coptic Lectionary - CopticChurch.net",Toba 30,9
2029-02-08,"Readings for Thursday, February 8th - Amshir 1 - Coptic Lectionary - CopticChurch.net",Amshir 1,9
2029-02-09,"Readings for Friday, February 9th - Amshir 2 - Coptic Lectionary - CopticChurch.net",Amshir 2,9
2029-02-10,"Readings for Saturday, February 10th - Saturday of the week before Great Lent - Coptic Lectionary - CopticChurch.net",Saturday of the week before Great Lent,9
2029-02-11,"Readings for Sunday, February 11th - Sunday of the week before Great Lent - Coptic Lectionary - CopticChurch.net",Sunday of the week before Great Lent,9
2029-02-12,"Readings for Monday, February 12th - Great Lent - Coptic Lectionary - CopticChurch.net",Great Lent,9
2029-02-13,"Readings for Tuesday, February 13th - Tuesday of the first week of Great Lent - Coptic Lectionary - CopticChurch.net",Tuesday of the first week of Great Lent,7
2029-02-14,"Readings for Wednesday, February 14th - Wednesday of the first week of Great Lent - Coptic Lectionary - CopticChurch.net",Wednesday of the first week of Great Lent,7
2029-02-15,"Readings for Thursday, February 15th - Entrance into the Temple - Coptic Lectionary - CopticChurch.net",Entrance into the Temple,9
2029-02-16,"Readings for Friday, February 16th - Friday of the first week of Great Lent - Coptic Lectionary - CopticChurch.net",Friday of the first week of Great Lent,7
2029-02-17,"Readings for Saturday, February 17th - Saturday of the first week of Great Lent - Coptic Lectionary - CopticChurch.net",Saturday of the first week of Great Lent,7
2029-02-18,"Readings for Sunday, February 18th - Sunday of the first week of Great Lent - Coptic Lectionary - CopticChurch.net",Sunday of the first week of Great Lent,9
2029-02-19,"Readings for Monday, February 19th - Monday of the second week of Great Lent - Coptic Lectionary - CopticChurch.net",Monday of the second week of Great Lent,7
2029-02-20,"Readings for Tuesday, February 20th - Tuesday of the second week of Great Lent - Coptic Lectionary - CopticChurch.net",Tuesday of the second week of Great Lent,7
2029-02-21,"Readings for Wednesday, February 21st - Wednesday of the second week of Great Lent - Coptic Lectionary - CopticChurch.net",Wednesday of the second week of Great Lent,7
2029-02-22,"Readings for Thursday, February 22nd - Thursday of the second week of Great Lent - Coptic Lectionary - CopticChurch.net",Thursday of the second week of Great Lent,7
2029-02-23,"Readings for Friday, February 23rd - Friday of the second week of Great Lent - Coptic Lectionary - CopticChurch.net",Friday of the second week of Great Lent,7
2029-02-24,"Readings for Saturday, February 24th - Saturday of the second week of Great Lent - Coptic Lectionary - CopticChurch.net",Saturday of the second week of Great Lent,7
2029-02-25,"Readings for Sunday, February 25th - Sunday of the second week of Great Lent - Coptic Lectionary - CopticChurch.net",Sunday of the second week of Great Lent,9
2029-02-26,"Readings for Monday, February 26th - Monday of the third week of Great Lent - Coptic Lectionary - CopticChurch.net",Monday of the third week of Great Lent,7
2029-02-27,"Readings for Tuesday, February 27th - Tuesday of the third week of Great Lent - Coptic Lectionary - CopticChurch.net",Tuesday of the third week of Great Lent,7
2029-02-28,"Readings for Wednesday, February 28th - Wednesday of the third week of Great Lent - Coptic Lectionary - CopticChurch.net",Wednesday of the third week of Great Lent,7
2029-03-01,"Readings for Thursday, March 1st - Thursday of the third week of Great Lent - Coptic Lectionary - CopticChurch.net",Thursday of the third week of Great Lent,7
2029-03-02,"Readings for Friday, March 2nd - Friday of the third week of Great Lent - Coptic Lectionary - CopticChurch.net",Friday of the third week of Great Lent,7
2029-03-03,"Readings for Saturday, March 3rd - Saturday of the third week of Great Lent - Coptic Lectionary - CopticChurch.net",Saturday of the third week of Great Lent,7
2029-03-04,"Readings for Sunday, March 4th - Sunday of the third week of Great Lent - Coptic Lectionary - CopticChurch.net",Sunday of the third week of Great Lent,9
2029-03-05,"Readings for Monday, March 5th - Monday of the fourth week of Great Lent - Coptic Lectionary - CopticChurch.net",Monday of the fourth week of Great Lent,7
2029-03-06,"Readings for Tuesday, March 6th - Tuesday of the fourth week of Great Lent - Coptic Lectionary - CopticChurch.net",Tuesday of the fourth week of Great Lent,7
2029-03-07,"Readings for Wednesday, March 7th - Wednesday of the fourth week of Great Lent - Coptic Lectionary - CopticChurch.net",Wednesday of the fourth week of Great Lent,7
2029-03-08,"Readings for Thursday, March 8th - Thursday of the fourth week of Great Lent - Coptic Lectionary - CopticChurch.net",Thursday of the fourth week of Great Lent,7
2029-03-09,"Readings for Friday, March 9th - Friday of the fourth week of Great Lent - Coptic Lectionary - CopticChurch.net",Friday of the fourth week of Great Lent,7
2029-03-10,"Readings for Saturday, March 10th - Saturday of the fourth week of Great Lent - Coptic Lectionary - CopticChurch.net",Saturday of the fourth week of Great Lent,7
2029-03-11,"Readings for Sunday, March 11th - Sunday of the fourth week of Great Lent - Coptic Lectionary - CopticChurch.net",Sunday of the fourth week of Great Lent,9
2029-03-12,"Readings for Monday, March 12th - Monday of the fifth week of Great Lent - Coptic Lectionary - CopticChurch.net",Monday of the fifth week of Great Lent,7
2029-03-13,"Readings for Tuesday, March 13th - Tuesday of the fifth week of Great Lent - Coptic Lectionary - CopticChurch.net",Tuesday of the fifth week of Great Lent,7
2029-03-14,"Readings for Wednesday, March 14th - Wednesday of the fifth week of Great Lent - Coptic Lectionary - CopticChurch.net",Wednesday of the fifth week of Great Lent,7
2029-03-15,"Readings for Thursday, March 15th - Thursday of the fifth week of Great Lent - Coptic Lectionary - CopticChurch.net",Thursday of the fifth week of Great Lent,7
2029-03-16,"Readings for Friday, March 16th - Friday of the fifth week of Great Lent - Coptic Lectionary - CopticChurch.net",Friday of the fifth week of Great Lent,7
2029-03-17,"Readings for Saturday, March 17th - Saturday of the fifth week of Great Lent - Coptic Lectionary - CopticChurch.net",Saturday of the fifth week of Great Lent,7
2029-03-18,"Readings for Sunday, March 18th - Sunday of the fifth week of Great Lent - Coptic Lectionary - CopticChurch.net",Sunday of the fifth week of Great Lent,9
2029-03-19,"Readings for Monday, March 19th - Monday of the sixth week of Great Lent <br>(Feast of the Cross - Readings of 10th Baramhat) - Coptic Lectionary - CopticChurch.net",Monday of the sixth week of Great Lent <br>(Feast of the Cross - Readings of 10th Baramhat),9
2029-03-20,"Readings for Tuesday, March 20th - Tuesday of the sixth week of Great Lent - Coptic Lectionary - CopticChurch.net",Tuesday of the sixth week of Great Lent,7
2029-03-21,"Readings for Wednesday, March 21st - Wednesday of the sixth week of Great Lent - Coptic Lectionary - CopticChurch.net",Wednesday of the sixth week of Great Lent,7
2029-03-22,"Readings for Thursday, March 22nd - Thursday of the sixth week of Great Lent - Coptic Lectionary - CopticChurch.net",Thursday of the sixth week of Great Lent,7
2029-03-23,"Readings for Friday, March 23rd - Friday of the sixth week of Great Lent - Coptic Lectionary - CopticChurch.net",Friday of the sixth week of Great Lent,7
2029-03-24,"Readings for Saturday, March 24th - Saturday of the sixth week of Great Lent - Coptic Lectionary - CopticChurch.net",Saturday of the sixth week of Great Lent,7
2029-03-25,"Readings for Sunday, March 25th - Sunday of the sixth week of Great Lent - Coptic Lectionary - CopticChurch.net",Sunday of the sixth week of Great Lent,9
2029-03-26,"Readings for Monday, March 26th - Monday of the seventh week of Great Lent - Coptic Lectionary - CopticChurch.net",Monday of the seventh week of Great Lent,7
2029-03-27,"Readings for Tuesday, March 27th - Tuesday of the seventh week of Great Lent - Coptic Lectionary - CopticChurch.net",Tuesday of the seventh week of Great Lent,7
2029-03-28,"Readings for Wednesday, March 28th - Wednesday of the seventh week of Great Lent - Coptic Lectionary - CopticChurch.net",Wednesday of the seventh week of Great Lent,7
2029-03-29,"Readings for Thursday, March 29th - Thursday of the seventh week of Great Lent - Coptic Lectionary - CopticChurch.net",Thursday of the seventh week of Great Lent,7
2029-03-30,"Readings for Friday, March 30th - Friday of the seventh week of Great Lent - Coptic Lectionary - CopticChurch.net",Friday of the seventh week of Great Lent,7
2029-03-31,"Readings for Saturday, March 31st - Lazarus Saturday of Great Lent - Coptic Lectionary - CopticChurch.net",Lazarus Saturday of Great Lent,7
2029-04-01,"Readings for Sunday, April 1st - Palm Sunday - Coptic Lectionary - CopticChurch.net",Palm Sunday,9
2029-04-02,"Readings for Monday, April 2nd - Monday of Holy Week - Coptic Lectionary - CopticChurch.net",Monday of Holy Week,0
2029-04-03,"Readings for Tuesday, April 3rd - Tuesday of Holy Week - Coptic Lectionary - CopticChurch.net",Tuesday of Holy Week,0
2029-04-04,"Readings for Wednesday, April 4th - Wednesday of Holy Week - Coptic Lectionary - CopticChurch.net",Wednesday of Holy Week,0
2029-04-05,"Readings for Thursday, April 5th - Holy Thursday - Coptic Lectionary - CopticChurch.net",Holy Thursday,0
2029-04-06,"Readings for Friday, April 6th - Good Friday - Coptic Lectionary - CopticChurch.net",Good Friday,0
2029-04-07,"Readings for Saturday, April 7th - Annunciation - Coptic Lectionary - CopticChurch.net",Annunciation,9
2029-04-08,"Readings for Sunday, April 8th - The Feast of Resurrection - Coptic Lectionary - CopticChurch.net",The Feast of Resurrection,7
2029-04-09,"Readings for Monday, April 9th - Monday of the first week of the holy fifty days - Coptic Lectionary - CopticChurch.net",Monday of the first week of the holy fifty days,9
2029-04-10,"Readings for Tuesday, April 10th - Tuesday of the first week of the holy fifty days - Coptic Lectionary - CopticChurch.net",Tuesday of the first week of the holy fifty days,9
2029-04-11,"Readings for Wednesday, April 11th - Wednesday of the first week of the holy fifty days - Coptic Lectionary - CopticChurch.net",Wednesday of the first week of the holy fifty days,9
2029-04-12,"Readings for Thursday, April 12th - Thursday of the first week of the holy fifty days - Coptic Lectionary - CopticChurch.net",Thursday of the first week of the holy fifty days,9
2029-04-13,"Readings for Friday, April 13th - Friday of the first week of the holy fifty days - Coptic Lectionary - CopticChurch.net",Friday of the first week of the holy fifty days,9
2029-04-14,"Readings for Saturday, April 14th - Saturday of the first week of the holy fifty days - Coptic Lectionary - CopticChurch.net",Saturday of the first week of the holy fifty days,9
2029-04-15,"Readings for Sunday, April 15th - Thomas Sunday - Coptic Lectionary - CopticChurch.net",Thomas Sunday,9
2029-04-16,"Readings for Monday, April 16th - Monday of the second week of the holy fifty days - Coptic Lectionary - CopticChurch.net",Monday of the second week of the holy fifty days,9
2029-04-17,"Readings for Tuesday, April 17th - Tuesday of the second week of the holy fifty days - Coptic Lectionary - CopticChurch.net",Tuesday of the second week of the holy fifty days,9
2029-04-18,"Readings for Wednesday, April 18th - Wednesday of the second week of the holy fifty days - Coptic Lectionary - CopticChurch.net",Wednesday of the second week of the holy fifty days,9
2029-04-19,"Readings for Thursday, April 19th - Thursday of the second week of the holy fifty days - Coptic Lectionary - CopticChurch.net",Thursday of the second week of the holy fifty days,9
2029-04-20,"Readings for Friday, April 20th - Friday of the second week of the holy fifty days - Coptic Lectionary - CopticChurch.net",Friday of the second week of the holy fifty days,9
2029-04-21,"Readings for Saturday, April 21st - Saturday of the second week of the holy fifty days - Coptic Lectionary - CopticChurch.net",Saturday of the second week of the holy fifty days,9
2029-04-22,"Readings for Sunday, April 22nd - Sunday of the second week of the holy fifty days - Coptic Lectionary - CopticChurch.net",Sunday of the second week of the holy fifty days,9
2029-04-23,"Readings for Monday, April 23rd - Monday of the third week of the holy fifty days - Coptic Lectionary - CopticChurch.net",Monday of the third week of the holy fifty days,9
2029-04-24,"Readings for Tuesday, April 24th - Tuesday of the third week of the holy fifty days - Coptic Lectionary - CopticChurch.net",Tuesday of the third week of the holy fifty days,9
2029-04-25,"Readings for Wednesday, April 25th - Wednesday of the third week of the holy fifty days - Coptic Lectionary - CopticChurch.net",Wednesday of the third week of the holy fifty days,9
2029-04-26,"Readings for Thursday, April 26th - Thursday of the third week of the holy fifty days - Coptic Lectionary - CopticChurch.net",Thursday of the third week of the holy fifty days,9
2029-04-27,"Readings for Friday, April 27th - Friday of the third week of the holy fifty days - Coptic Lectionary - CopticChurch.net",Friday of the third week of the holy fifty days,9
2029-04-28,"Readings for Saturday, April 28th - Saturday of the third week of the holy fifty days - Coptic Lectionary - CopticChurch.net",Saturday of the third week of the holy fifty days,9
2029-04-29,"Readings for Sunday, April 29th - Sunday of the third week of the holy fifty days - Coptic Lectionary - CopticChurch.net",Sunday of the third week of the holy fifty days,9
2029-04-30,"Readings for Monday, April 30th - Monday of the fourth week of the holy fifty days - Coptic Lectionary - CopticChurch.net",Monday of the fourth week of the holy fifty days,9
2029-05-01,"Readings for Tuesday, May 1st - Tuesday of the fourth week of the holy fifty days - Coptic Lectionary - CopticChurch.net",Tuesday of the fourth week of the holy fifty days,9
2029-05-02,"Readings for Wednesday, May 2nd - Wednesday of the fourth week of the holy fifty days - Coptic Lectionary - CopticChurch.net",Wednesday of the fourth week of the holy fifty days,9
2029-05-03,"Readings for Thursday, May 3rd - Thursday of the fourth week of the holy fifty days - Coptic Lectionary - CopticChurch.net",Thursday of the fourth week of the holy fifty days,9
2029-05-04,"Readings for Friday, May 4th - Friday of the fourth week of the holy fifty days - Coptic Lectionary - CopticChurch.net",Friday of the fourth week of the holy fifty days,9
2029-05-05,"Readings for Saturday, May 5th - Saturday of the fourth week of the holy fifty days - Coptic Lectionary - CopticChurch.net",Saturday of the fourth week of the holy fifty days,9
2029-05-06,"Readings for Sunday, May 6th - Sunday of the fourth week of the holy fifty days - Coptic Lectionary - CopticChurch.net",Sunday of the fourth week of the holy fifty days,9
2029-05-07,"Readings for Monday, May 7th - Monday of the fifth week of the holy fifty days - Coptic Lectionary - CopticChurch.net",Monday of the fifth week of the holy fifty days,9
2029-05-08,"Readings for Tuesday, May 8th - Tuesday of the fifth week of the holy fifty days - Coptic Lectionary - CopticChurch.net",Tuesday of the fifth week of the holy fifty days,9
2029-05-09,"Readings for Wednesday, May 9th - Wednesday of the fifth week of the holy fifty days - Coptic Lectionary - CopticChurch.net",Wednesday of the fifth week of the holy fifty days,9
2029-05-10,"Readings for Thursday, May 10th - Thursday of the fifth week of the holy fifty days - Coptic Lectionary - CopticChurch.net",Thursday of the fifth week of the holy fifty days,9
2029-05-11,"Readings for Friday, May 11th - Friday of the fifth week of the holy fifty days - Coptic Lectionary - CopticChurch.net",Friday of the fifth week of the holy fifty days,9
2029-05-12,"Readings for Saturday, May 12th - Saturday of the fifth week of the holy fifty days - Coptic Lectionary - CopticChurch.net",Saturday of the fifth week of the holy fifty days,9
2029-05-13,"Readings for Sunday, May 13th - Sunday of the fifth week of the holy fifty days - Coptic Lectionary - CopticChurch.net",Sunday of the fifth week of the holy fifty days,9
2029-05-14,"Readings for Monday, May 14th - Monday of the sixth week of the holy fifty days - Coptic Lectionary - CopticChurch.net",Monday of the sixth week of the holy fifty days,9
2029-05-15,"Readings for Tuesday, May 15th - Tuesday of the sixth week of the holy fifty days - Coptic Lectionary - CopticChurch.net",Tuesday of the sixth week of the holy fifty days,9
2029-05-16,"Readings for Wednesday, May 16th - Wednesday of the sixth week of the holy fifty days - Coptic Lectionary - CopticChurch.net",Wednesday of the sixth week of the holy fifty days,9
2029-05-17,"Readings for Thursday, May 17th - The Feast of the Ascension - Coptic Lectionary - CopticChurch.net",The Feast of the Ascension,9
2029-05-18,"Readings for Friday, May 18th - Friday of the sixth week of the holy fifty days - Coptic Lectionary - CopticChurch.net",Friday of the sixth week of the holy fifty days,9
2029-05-19,"Readings for Saturday, May 19th - Saturday of the sixth week of the holy fifty days - Coptic Lectionary - CopticChurch.net",Saturday of the sixth week of the holy fifty days,9
2029-05-20,"Readings for Sunday, May 20th - Sunday of the sixth week of the holy fifty days - Coptic Lectionary - CopticChurch.net",Sunday of the sixth week of the holy fifty days,9
2029-05-21,"Readings for Monday, May 21st - Monday of the seventh week of the holy fifty days - Coptic Lectionary - CopticChurch.net",Monday of the seventh week of the holy fifty days,9
2029-05-22,"Readings for Tuesday, May 22nd - Tuesday of the seventh week of the holy fifty days - Coptic Lectionary - CopticChurch.net",Tuesday of the seventh week of the holy fifty days,9
2029-05-23,"Readings for Wednesday, May 23rd - Wednesday of the seventh week of the holy fifty days - Coptic Lectionary - CopticChurch.net",Wednesday of the seventh week of the holy fifty days,9
2029-05-24,"Readings for Thursday, May 24th - Thursday of the seventh week of the holy fifty days - Coptic Lectionary - CopticChurch.net",Thursday of the seventh week of the holy fifty days,9
2029-05-25,"Readings for Friday, May 25th - Friday of the seventh week of the holy fifty days - Coptic Lectionary - CopticChurch.net",Friday of the seventh week of the holy fifty days,9
2029-05-26,"Readings for Saturday, May 26th - Saturday of the seventh week of the holy fifty days - Coptic Lectionary - CopticChurch.net",Saturday of the seventh week of the holy fifty days,9
2029-05-27,"Readings for Sunday, May 27th - Pentecost - Coptic Lectionary - CopticChurch.net",Pentecost,9
2029-05-28,"Readings for Monday, May 28th - Bashons 20 - Coptic Lectionary - CopticChurch.net",Bashons 20,9
2029-05-29,"Readings for Tuesday, May 29th - Bashons 21 - Coptic Lectionary - CopticChurch.net",Bashons 21,9
2029-05-30,"Readings for Wednesday, May 30th - Bashons 22 - Coptic Lectionary - CopticChurch.net",Bashons 22,9
2029-05-31,"Readings for Thursday, May 31st - Bashons 23 - Coptic Lectionary - CopticChurch.net",Bashons 23,9
2029-06-01,"Readings for Friday, June 1st - Entrance into Egypt - Coptic Lectionary - CopticChurch.net",Entrance into Egypt,9
2029-06-02,"Readings for Saturday, June 2nd - Bashons 25 - Coptic Lectionary - CopticChurch.net",Bashons 25,9
2029-06-03,"Readings for Sunday, June 3rd - The fourth Sunday of Bashons - Coptic Lectionary - CopticChurch.net",The fourth Sunday of Bashons,9
2029-06-04,"Readings for Monday, June 4th - Bashons 27 - Coptic Lectionary - CopticChurch.net",Bashons 27,9
2029-06-05,"Readings for Tuesday, June 5th - Bashons 28 - Coptic Lectionary - CopticChurch.net",Bashons 28,9
2029-06-06,"Readings for Wednesday, June 6th - Bashons 29 - Coptic Lectionary - CopticChurch.net",Bashons 29,9
2029-06-07,"Readings for Thursday, June 7th - Bashons 30 - Coptic Lectionary - CopticChurch.net",Bashons 30,9
2029-06-08,"Readings for Friday, June 8th - Paona 1 - Coptic Lectionary - CopticChurch.net",Paona 1,9
2029-06-09,"Readings for Saturday, June 9th - Paona 2 - Coptic Lectionary - CopticChurch.net",Paona 2,9
2029-06-10,"Readings for Sunday, June 10th - The first Sunday of Paona - Coptic Lectionary - CopticChurch.net",The first Sunday of Paona,9
2029-06-11,"Readings for Monday, June 11th - Paona 4 - Coptic Lectionary - CopticChurch.net",Paona 4,9
2029-06-12,"Readings for Tuesday, June 12th - Paona 5 - Coptic Lectionary - CopticChurch.net",Paona 5,9
2029-06-13,"Readings for Wednesday, June 13th - Paona 6 - Coptic Lectionary - CopticChurch.net",Paona 6,9
2029-06-14,"Readings for Thursday, June 14th - Paona 7 - Coptic Lectionary - CopticChurch.net",Paona 7,9
2029-06-15,"Readings for Friday, June 15th - Paona 8 - Coptic Lectionary - CopticChurch.net",Paona 8,9
2029-06-16,"Readings for Saturday, June 16th - Paona 9 - Coptic Lectionary - CopticChurch.net",Paona 9,9
2029-06-17,"Readings for Sunday, June 17th - The second Sunday of Paona - Coptic Lectionary - CopticChurch.net",The second Sunday of Paona,9
2029-06-18,"Readings for Monday, June 18th - Paona 11 - Coptic Lectionary - CopticChurch.net",Paona 11,9
2029-06-19,"Readings for Tuesday, June 19th - Paona 12 - Coptic Lectionary - CopticChurch.net",Paona 12,9
2029-06-20,"Readings for Wednesday, June 20th - Paona 13 - Coptic Lectionary - CopticChurch.net",Paona 13,9
2029-06-21,"Readings for Thursday, June 21st - Paona 14 - Coptic Lectionary - CopticChurch.net",Paona 14,9
2029-06-22,"Readings for Friday, June 22nd - Paona 15 - Coptic Lectionary - CopticChurch.net",Paona 15,9
2029-06-23,"Readings for Saturday, June 23rd - Paona 16 - Coptic Lectionary - CopticChurch.net",Paona 16,9
2029-06-24,"Readings for Sunday, June 24th - The third Sunday of Paona - Coptic Lectionary - CopticChurch.net",The third Sunday of Paona,9
2029-06-25,"Readings for Monday, June 25th - Paona 18 - Coptic Lectionary - CopticChurch.net",Paona 18,9
2029-06-26,"Readings for Tuesday, June 26th - Paona 19 - Coptic Lectionary - CopticChurch.net",Paona 19,9
2029-06-27,"Readings for Wednesday, June 27th - Paona 20 - Coptic Lectionary - CopticChurch.net",Paona 20,9
2029-06-28,"Readings for Thursday, June 28th - Paona 21 - Coptic Lectionary - CopticChurch.net",Paona 21,9
2029-06-29,"Readings for Friday, June 29th - Paona 22 - Coptic Lectionary - CopticChurch.net",Paona 22,9
2029-06-30,"Readings for Saturday, June 30th - Paona 23 - Coptic Lectionary - CopticChurch.net",Paona 23,9
2029-07-01,"Readings for Sunday, July 1st - The fourth Sunday of Paona - Coptic Lectionary - CopticChurch.net",The fourth Sunday of Paona,9
2029-07-02,"Readings for Monday, July 2nd - Paona 25 - Coptic Lectionary - CopticChurch.net",Paona 25,9
2029-07-03,"Readings for Tuesday, July 3rd - Paona 26 - Coptic Lectionary - CopticChurch.net",Paona 26,9
2029-07-04,"Readings for Wednesday, July 4th - Paona 27 - Coptic Lectionary - CopticChurch.net",Paona 27,9
2029-07-05,"Readings for Thursday, July 5th - Paona 28 - Coptic Lectionary - CopticChurch.net",Paona 28,9
2029-07-06,"Readings for Friday, July 6th - Paona 29 - Coptic Lectionary - CopticChurch.net",Paona 29,9
2029-07-07,"Readings for Saturday, July 7th - Paona 30 - Coptic Lectionary - CopticChurch.net",Paona 30,9
2029-07-08,"Readings for Sunday, July 8th - The first Sunday of Abib - Coptic Lectionary - CopticChurch.net",The first Sunday of Abib,9
2029-07-09,"Readings for Monday, July 9th - Abib 2 - Coptic Lectionary - CopticChurch.net",Abib 2,9
2029-07-10,"Readings for Tuesday, July 10th - Abib 3 - Coptic Lectionary - CopticChurch.net",Abib 3,9
2029-07-11,"Readings for Wednesday, July 11th - Abib 4 - Coptic Lectionary - CopticChurch.net",Abib 4,9
2029-07-12,"Readings for Thursday, July 12th - Abib 5 (Apostle's Feast) - Coptic Lectionary - CopticChurch.net",Abib 5 (Apostle's Feast),9
2029-07-13,"Readings for Friday, July 13th - Abib 6 - Coptic Lectionary - CopticChurch.net",Abib 6,9
2029-07-14,"Readings for Saturday, July 14th - Abib 7 - Coptic Lectionary - CopticChurch.net",Abib 7,9
2029-07-15,"Readings for Sunday, July 15th - The second Sunday of Abib - Coptic Lectionary - CopticChurch.net",The second Sunday of Abib,9
2029-07-16,"Readings for Monday, July 16th - Abib 9 - Coptic Lectionary - CopticChurch.net",Abib 9,9
2029-07-17,"Readings for Tuesday, July 17th - Abib 10 - Coptic Lectionary - CopticChurch.net",Abib 10,9
2029-07-18,"Readings for Wednesday, July 18th - Abib 11 - Coptic Lectionary - CopticChurch.net",Abib 11,9
2029-07-19,"Readings for Thursday, July 19th - Abib 12 - Coptic Lectionary - CopticChurch.net",Abib 12,9
2029-07-20,"Readings for Friday, July 20th - Abib 13 - Coptic Lectionary - CopticChurch.net",Abib 13,9
2029-07-21,"Readings for Saturday, July 21st - Abib 14 - Coptic Lectionary - CopticChurch.net",Abib 14,9
2029-07-22,"Readings for Sunday, July 22nd - The third Sunday of Abib - Coptic Lectionary - CopticChurch.net",The third Sunday of Abib,9
2029-07-23,"Readings for Monday, July 23rd - Abib 16 - Coptic Lectionary - CopticChurch.net",Abib 16,9
2029-07-24,"Readings for Tuesday, July 24th - Abib 17 - Coptic Lectionary - CopticChurch.net",Abib 17,9
2029-07-25,"Readings for Wednesday, July 25th - Abib 18 - Coptic Lectionary - CopticChurch.net",Abib 18,9
2029-07-26,"Readings for Thursday, July 26th - Abib 19 - Coptic Lectionary - CopticChurch.net",Abib 19,9
2029-07-27,"Readings for Friday, July 27th - Abib 20 - Coptic Lectionary - CopticChurch.net",Abib 20,9
2029-07-28,"Readings for Saturday, July 28th - Abib 21 - Coptic Lectionary - CopticChurch.net",Abib 21,9
2029-07-29,"Readings for Sunday, July 29th - The fourth Sunday of Abib - Coptic Lectionary - CopticChurch.net",The fourth Sunday of Abib,9
2029-07-30,"Readings for Monday, July 30th - Abib 23 - Coptic Lectionary - CopticChurch.net",Abib 23,9
2029-07-31,"Readings for Tuesday, July 31st - Abib 24 - Coptic Lectionary - CopticChurch.net",Abib 24,9
2029-08-01,"Readings for Wednesday, August 1st - Abib 25 - Coptic Lectionary - CopticChurch.net",Abib 25,9
2029-08-02,"Readings for Thursday, August 2nd - Abib 26 - Coptic Lectionary - CopticChurch.net",Abib 26,9
2029-08-03,"Readings for Friday, August 3rd - Abib 27 - Coptic Lectionary - CopticChurch.net",Abib 27,9
2029-08-04,"Readings for Saturday, August 4th - Abib 28 - Coptic Lectionary - CopticChurch.net",Abib 28,9
2029-08-05,"Readings for Sunday, August 5th - The fifth Sunday of Abib (Readings of 29th Baramhat) - Coptic Lectionary - CopticChurch.net",The fifth Sunday of Abib (Readings of 29th Baramhat),9
2029-08-06,"Readings for Monday, August 6th - Abib 30 - Coptic Lectionary - CopticChurch.net",Abib 30,9
2029-08-07,"Readings for Tuesday, August 7th - St Mary's Fast - Coptic Lectionary - CopticChurch.net",St Mary's Fast,9
2029-08-08,"Readings for Wednesday, August 8th - Mesra 2 - Coptic Lectionary - CopticChurch.net",Mesra 2,9
2029-08-09,"Readings for Thursday, August 9th - Mesra 3 - Coptic Lectionary - CopticChurch.net",Mesra 3,9
2029-08-10,"Readings for Friday, August 10th - Mesra 4 - Coptic Lectionary - CopticChurch.net",Mesra 4,9
2029-08-11,"Readings for Saturday, August 11th - Mesra 5 - Coptic Lectionary - CopticChurch.net",Mesra 5,9
2029-08-12,"Readings for Sunday, August 12th - The first Sunday of Mesra - Coptic Lectionary - CopticChurch.net",The first Sunday of Mesra,9
2029-08-13,"Readings for Monday, August 13th - Mesra 7 - Coptic Lectionary - CopticChurch.net",Mesra 7,9
2029-08-14,"Readings for Tuesday, August 14th - Mesra 8 - Coptic Lectionary - CopticChurch.net",Mesra 8,9
2029-08-15,"Readings for Wednesday, August 15th - Mesra 9 - Coptic Lectionary - CopticChurch.net",Mesra 9,9
2029-08-16,"Readings for Thursday, August 16th - Mesra 10 - Coptic Lectionary - CopticChurch.net",Mesra 10,9
2029-08-17,"Readings for Friday, August 17th - Mesra 11 - Coptic Lectionary - CopticChurch.net",Mesra 11,9
2029-08-18,"Readings for Saturday, August 18th - Mesra 12 - Coptic Lectionary - CopticChurch.net",Mesra 12,9
2029-08-19,"Readings for Sunday, August 19th - Transfiguration - Coptic Lectionary - CopticChurch.net",Transfiguration,9
2029-08-20,"Readings for Monday, August 20th - Mesra 14 - Coptic Lectionary - CopticChurch.net",Mesra 14,9
2029-08-21,"Readings for Tuesday, August 21st - Mesra 15 - Coptic Lectionary - CopticChurch.net",Mesra 15,9
2029-08-22,"Readings for Wednesday, August 22nd - Mesra 16 (St Mary's Feast) - Coptic Lectionary - CopticChurch.net",Mesra 16 (St Mary's Feast),9
2029-08-23,"Readings for Thursday, August 23rd - Mesra 17 - Coptic Lectionary - CopticChurch.net",Mesra 17,9
2029-08-24,"Readings for Friday, August 24th - Mesra 18 - Coptic Lectionary - CopticChurch.net",Mesra 18,9
2029-08-25,"Readings for Saturday, August 25th - Mesra 19 - Coptic Lectionary - CopticChurch.net",Mesra 19,9
2029-08-26,"Readings for Sunday, August 26th - The third Sunday of Mesra - Coptic Lectionary - CopticChurch.net",The third Sunday of Mesra,9
2029-08-27,"Readings for Monday, August 27th - Mesra 21 - Coptic Lectionary - CopticChurch.net",Mesra 21,9
2029-08-28,"Readings for Tuesday, August 28th - Mesra 22 - Coptic Lectionary - CopticChurch.net",Mesra 22,9
2029-08-29,"Readings for Wednesday, August 29th - Mesra 23 - Coptic Lectionary - CopticChurch.net",Mesra 23,9
2029-08-30,"Readings for Thursday, August 30th - Mesra 24 - Coptic Lectionary - CopticChurch.net",Mesra 24,9
2029-08-31,"Readings for Friday, August 31st - Mesra 25 - Coptic Lectionary - CopticChurch.net",Mesra 25,9
2029-09-01,"Readings for Saturday, September 1st - Mesra 26 - Coptic Lectionary - CopticChurch.net",Mesra 26,9
2029-09-02,"Readings for Sunday, September 2nd - The fourth Sunday of Mesra - Coptic Lectionary - CopticChurch.net",The fourth Sunday of Mesra,9
2029-09-03,"Readings for Monday, September 3rd - Mesra 28 - Coptic Lectionary - CopticChurch.net",Mesra 28,9
2029-09-04,"Readings for Tuesday, September 4th - Mesra 29 - Coptic Lectionary - CopticChurch.net",Mesra 29,9
2029-09-05,"Readings for Wednesday, September 5th - Mesra 30 - Coptic Lectionary - CopticChurch.net",Mesra 30,9
2029-09-06,"Readings for Thursday, September 6th - Nasie 1 - Coptic Lectionary - CopticChurch.net",Nasie 1,9
2029-09-07,"Readings for Friday, September 7th - Nasie 2 - Coptic Lectionary - CopticChurch.net",Nasie 2,9
2029-09-08,"Readings for Saturday, September 8th - Nasie 3 - Coptic Lectionary - CopticChurch.net",Nasie 3,9
2029-09-09,"Readings for Sunday, September 9th - The first Sunday of Nasie - Coptic Lectionary - CopticChurch.net",The first Sunday of Nasie,9
2029-09-10,"Readings for Monday, September 10th - Nasie 5 - Coptic Lectionary - CopticChurch.net",Nasie 5,9
2029-09-11,"Readings for Tuesday, September 11th - Tout 1 - Coptic Lectionary - CopticChurch.net",Tout 1,9
2029-09-12,"Readings for Wednesday, September 12th - Tout 2 - Coptic Lectionary - CopticChurch.net",Tout 2,9
2029-09-13,"Readings for Thursday, September 13th - Tout 3 - Coptic Lectionary - CopticChurch.net",Tout 3,9
2029-09-14,"Readings for Friday, September 14th - Tout 4 - Coptic Lectionary - CopticChurch.net",Tout 4,9
2029-09-15,"Readings for Saturday, September 15th - Tout 5 - Coptic Lectionary - CopticChurch.net",Tout 5,9
2029-09-16,"Readings for Sunday, September 16th - The first Sunday of Tout - Coptic Lectionary - CopticChurch.net",The first Sunday of Tout,9
2029-09-17,"Readings for Monday, September 17th - Tout 7 - Coptic Lectionary - CopticChurch.net",Tout 7,9
2029-09-18,"Readings for Tuesday, September 18th - Tout 8 - Coptic Lectionary - CopticChurch.net",Tout 8,9
2029-09-19,"Readings for Wednesday, September 19th - Tout 9 - Coptic Lectionary - CopticChurch.net",Tout 9,9
2029-09-20,"Readings for Thursday, September 20th - Tout 10 - Coptic Lectionary - CopticChurch.net",Tout 10,9
2029-09-21,"Readings for Friday, September 21st - Tout 11 - Coptic Lectionary - CopticChurch.net",Tout 11,9
2029-09-22,"Readings for Saturday, September 22nd - Tout 12 - Coptic Lectionary - CopticChurch.net",Tout 12,9
2029-09-23,"Readings for Sunday, September 23rd - The second Sunday of Tout - Coptic Lectionary - CopticChurch.net",The second Sunday of Tout,9
2029-09-24,"Readings for Monday, September 24th - Tout 14 - Coptic Lectionary - CopticChurch.net",Tout 14,9
2029-09-25,"Readings for Tuesday, September 25th - Tout 15 - Coptic Lectionary - CopticChurch.net",Tout 15,9
2029-09-26,"Readings for Wednesday, September 26th - Tout 16 - Coptic Lectionary - CopticChurch.net",Tout 16,9
2029-09-27,"Readings for Thursday, September 27th - Tout 17 (Feast of the Cross) - Coptic Lectionary - CopticChurch.net",Tout 17 (Feast of the Cross),9
2029-09-28,"Readings for Friday, September 28th - Tout 18 (Feast of the Cross) - Coptic Lectionary - CopticChurch.net",Tout 18 (Feast of the Cross),9
2029-09-29,"Readings for Saturday, September 29th - Tout 19 (Feast of the Cross) - Coptic Lectionary - CopticChurch.net",Tout 19 (Feast of the Cross),9
2029-09-30,"Readings for Sunday, September 30th - The third Sunday of Tout - Coptic Lectionary - CopticChurch.net",The third Sunday of Tout,9
2029-10-01,"Readings for Monday, October 1st - Tout 21 - Coptic Lectionary - CopticChurch.net",Tout 21,9
2029-10-02,"Readings for Tuesday, October 2nd - Tout 22 - Coptic Lectionary - CopticChurch.net",Tout 22,9
2029-10-03,"Readings for Wednesday, October 3rd - Tout 23 - Coptic Lectionary - CopticChurch.net",Tout 23,9
2029-10-04,"Readings for Thursday, October 4th - Tout 24 - Coptic Lectionary - CopticChurch.net",Tout 24,9
2029-10-05,"Readings for Friday, October 5th - Tout 25 - Coptic Lectionary - CopticChurch.net",Tout 25,9
2029-10-06,"Readings for Saturday, October 6th - Tout 26 - Coptic Lectionary - CopticChurch.net",Tout 26,9
2029-10-07,"Readings for Sunday, October 7th - The fourth Sunday of Tout - Coptic Lectionary - CopticChurch.net",The fourth Sunday of Tout,9
2029-10-08,"Readings for Monday, October 8th - Tout 28 - Coptic Lectionary - CopticChurch.net",Tout 28,9
2029-10-09,"Readings for Tuesday, October 9th - Tout 29 - Coptic Lectionary - CopticChurch.net",Tout 29,9
2029-10-10,"Readings for Wednesday, October 10th - Tout 30 - Coptic Lectionary - CopticChurch.net",Tout 30,9
2029-10-11,"Readings for Thursday, October 11th - Baba 1 - Coptic Lectionary - CopticChurch.net",Baba 1,9
2029-10-12,"Readings for Friday, October 12th - Baba 2 - Coptic Lectionary - CopticChurch.net",Baba 2,9
2029-10-13,"Readings for Saturday, October 13th - Baba 3 - Coptic Lectionary - CopticChurch.net",Baba 3,9
2029-10-14,"Readings for Sunday, October 14th - The first Sunday of Baba - Coptic Lectionary - CopticChurch.net",The first Sunday of Baba,9
2029-10-15,"Readings for Monday, October 15th - Baba 5 - Coptic Lectionary - CopticChurch.net",Baba 5,9
2029-10-16,"Readings for Tuesday, October 16th - Baba 6 - Coptic Lectionary - CopticChurch.net",Baba 6,9
2029-10-17,"Readings for Wednesday, October 17th - Baba 7 - Coptic Lectionary - CopticChurch.net",Baba 7,9
2029-10-18,"Readings for Thursday, October 18th - Baba 8 - Coptic Lectionary - CopticChurch.net",Baba 8,9
2029-10-19,"Readings for Friday, October 19th - Baba 9 - Coptic Lectionary - CopticChurch.net",Baba 9,9
2029-10-20,"Readings for Saturday, October 20th - Baba 10 - Coptic Lectionary - CopticChurch.net",Baba 10,9
2029-10-21,"Readings for Sunday, October 21st - The second Sunday of Baba - Coptic Lectionary - CopticChurch.net",The second Sunday of Baba,9
2029-10-22,"Readings for Monday, October 22nd - Baba 12 - Coptic Lectionary - CopticChurch.net",Baba 12,9
2029-10-23,"Readings for Tuesday, October 23rd - Baba 13 - Coptic Lectionary - CopticChurch.net",Baba 13,9
2029-10-24,"Readings for Wednesday, October 24th - Baba 14 - Coptic Lectionary - CopticChurch.net",Baba 14,9
2029-10-25,"Readings for Thursday, October 25th - Baba 15 - Coptic Lectionary - CopticChurch.net",Baba 15,9
2029-10-26,"Readings for Friday, October 26th - Baba 16 - Coptic Lectionary - CopticChurch.net",Baba 16,9
2029-10-27,"Readings for Saturday, October 27th - Baba 17 - Coptic Lectionary - CopticChurch.net",Baba 17,9
2029-10-28,"Readings for Sunday, October 28th - The third Sunday of Baba - Coptic Lectionary - CopticChurch.net",The third Sunday of Baba,9
2029-10-29,"Readings for Monday, October 29th - Baba 19 - Coptic Lectionary - CopticChurch.net",Baba 19,9
2029-10-30,"Readings for Tuesday, October 30th - Baba 20 - Coptic Lectionary - CopticChurch.net",Baba 20,9
2029-10-31,"Readings for Wednesday, October 31st - Baba 21 - Coptic Lectionary - CopticChurch.net",Baba 21,9
2029-11-01,"Readings for Thursday, November 1st - Baba 22 - Coptic Lectionary - CopticChurch.net",Baba 22,9
2029-11-02,"Readings for Friday, November 2nd - Baba 23 - Coptic Lectionary - CopticChurch.net",Baba 23,9
2029-11-03,"Readings for Saturday, November 3rd - Baba 24 - Coptic Lectionary - CopticChurch.net",Baba 24,9
2029-11-04,"Readings for Sunday, November 4th - The fourth Sunday of Baba - Coptic Lectionary - CopticChurch.net",The fourth Sunday of Baba,9
2029-11-05,"Readings for Monday, November 5th - Baba 26 - Coptic Lectionary - CopticChurch.net",Baba 26,9
2029-11-06,"Readings for Tuesday, November 6th - Baba 27 - Coptic Lectionary - CopticChurch.net",Baba 27,9
2029-11-07,"Readings for Wednesday, November 7th - Baba 28 - Coptic Lectionary - CopticChurch.net",Baba 28,9
2029-11-08,"Readings for Thursday, November 8th - Baba 29 - Coptic Lectionary - CopticChurch.net",Baba 29,9
2029-11-09,"Readings for Friday, November 9th - Baba 30 - Coptic Lectionary - CopticChurch.net",Baba 30,9
2029-11-10,"Readings for Saturday, November 10th - Hator 1 - Coptic Lectionary - CopticChurch.net",Hator 1,9
2029-11-11,"Readings for Sunday, November 11th - The first Sunday of Hator - Coptic Lectionary - CopticChurch.net",The first Sunday of Hator,9
2029-11-12,"Readings for Monday, November 12th - Hator 3 - Coptic Lectionary - CopticChurch.net",Hator 3,9
2029-11-13,"Readings for Tuesday, November 13th - Hator 4 - Coptic Lectionary - CopticChurch.net",Hator 4,9
2029-11-14,"Readings for Wednesday, November 14th - Hator 5 - Coptic Lectionary - CopticChurch.net",Hator 5,9
2029-11-15,"Readings for Thursday, November 15th - Hator 6 - Coptic Lectionary - CopticChurch.net",Hator 6,9
2029-11-16,"Readings for Friday, November 16th - Hator 7 - Coptic Lectionary - CopticChurch.net",Hator 7,9
2029-11-17,"Readings for Saturday, November 17th - Hator 8 - Coptic Lectionary - CopticChurch.net",Hator 8,9
2029-11-18,"Readings for Sunday, November 18th - The second Sunday of Hator - Coptic Lectionary - CopticChurch.net",The second Sunday of Hator,9
2029-11-19,"Readings for Monday, November 19th - Hator 10 - Coptic Lectionary - CopticChurch.net",Hator 10,9
2029-11-20,"Readings for Tuesday, November 20th - Hator 11 - Coptic Lectionary - CopticChurch.net",Hator 11,9
2029-11-21,"Readings for Wednesday, November 21st - Hator 12 - Coptic Lectionary - CopticChurch.net",Hator 12,9
2029-11-22,"Readings for Thursday, November 22nd - Hator 13 - Coptic Lectionary - CopticChurch.net",Hator 13,9
2029-11-23,"Readings for Friday, November 23rd - Hator 14 - Coptic Lectionary - CopticChurch.net",Hator 14,9
2029-11-24,"Readings for Saturday, November 24th - Hator 15 - Coptic Lectionary - CopticChurch.net",Hator 15,9
2029-11-25,"Readings for Sunday, November 25th - The third Sunday of Hator of Christmas Fast - Coptic Lectionary - CopticChurch.net",The third Sunday of Hator of Christmas Fast,9
2029-11-26,"Readings for Monday, November 26th - Hator 17 - Coptic Lectionary - CopticChurch.net",Hator 17,9
2029-11-27,"Readings for Tuesday, November 27th - Hator 18 - Coptic Lectionary - CopticChurch.net",Hator 18,9
2029-11-28,"Readings for Wednesday, November 28th - Hator 19 - Coptic Lectionary - CopticChurch.net",Hator 19,9
2029-11-29,"Readings for Thursday, November 29th - Hator 20 - Coptic Lectionary - CopticChurch.net",Hator 20,9
2029-11-30,"Readings for Friday, November 30th - Hator 21 - Coptic Lectionary - CopticChurch.net",Hator 21,9
2029-12-01,"Readings for Saturday, December 1st - Hator 22 - Coptic Lectionary - CopticChurch.net",Hator 22,9
2029-12-02,"Readings for Sunday, December 2nd - The fourth Sunday of Hator - Coptic Lectionary - CopticChurch.net",The fourth Sunday of Hator,9
2029-12-03,"Readings for Monday, December 3rd - Hator 24 - Coptic Lectionary - CopticChurch.net",Hator 24,9
2029-12-04,"Readings for Tuesday, December 4th - Hator 25 - Coptic Lectionary - CopticChurch.net",Hator 25,9
2029-12-05,"Readings for Wednesday, December 5th - Hator 26 - Coptic Lectionary - CopticChurch.net",Hator 26,9
2029-12-06,"Readings for Thursday, December 6th - Hator 27 - Coptic Lectionary - CopticChurch.net",Hator 27,9
2029-12-07,"Readings for Friday, December 7th - Hator 28 - Coptic Lectionary - CopticChurch.net",Hator 28,9
2029-12-08,"Readings for Saturday, December 8th - Hator 29 - Coptic Lectionary - CopticChurch.net",Hator 29,9
2029-12-09,"Readings for Sunday, December 9th - first Sunday of Christmas Fast - Coptic Lectionary - CopticChurch.net",first Sunday of Christmas Fast,9
2029-12-10,"Readings for Monday, December 10th - Kiak 1 - Coptic Lectionary - CopticChurch.net",Kiak 1,9
2029-12-11,"Readings for Tuesday, December 11th - Kiak 2 - Coptic Lectionary - CopticChurch.net",Kiak 2,9
2029-12-12,"Readings for Wednesday, December 12th - Kiak 3 - Coptic Lectionary - CopticChurch.net",Kiak 3,9
2029-12-13,"Readings for Thursday, December 13th - Kiak 4 - Coptic Lectionary - CopticChurch.net",Kiak 4,9
2029-12-14,"Readings for Friday, December 14th - Kiak 5 - Coptic Lectionary - CopticChurch.net",Kiak 5,9
2029-12-15,"Readings for Saturday, December 15th - Kiak 6 - Coptic Lectionary - CopticChurch.net",Kiak 6,9
2029-12-16,"Readings for Sunday, December 16th - second Sunday of Christmas Fast - Coptic Lectionary - CopticChurch.net",second Sunday of Christmas Fast,9
2029-12-17,"Readings for Monday, December 17th - Kiak 8 - Coptic Lectionary - CopticChurch.net",Kiak 8,9
2029-12-18,"Readings for Tuesday, December 18th - Kiak 9 - Coptic Lectionary - CopticChurch.net",Kiak 9,9
2029-12-19,"Readings for Wednesday, December 19th - Kiak 10 - Coptic Lectionary - CopticChurch.net",Kiak 10,9
2029-12-20,"Readings for Thursday, December 20th - Kiak 11 - Coptic Lectionary - CopticChurch.net",Kiak 11,9
2029-12-21,"Readings for Friday, December 21st - Kiak 12 - Coptic Lectionary - CopticChurch.net",Kiak 12,9
2029-12-22,"Readings for Saturday, December 22nd - Kiak 13 - Coptic Lectionary - CopticChurch.net",Kiak 13,9
2029-12-23,"Readings for Sunday, December 23rd - third Sunday of Christmas Fast - Coptic Lectionary - CopticChurch.net",third Sunday of Christmas Fast,9
2029-12-24,"Readings for Monday, December 24th - Kiak 15 - Coptic Lectionary - CopticChurch.net",Kiak 15,9
2029-12-25,"Readings for Tuesday, December 25th - Kiak 16 - Coptic Lectionary - CopticChurch.net",Kiak 16,9
2029-12-26,"Readings for Wednesday, December 26th - Kiak 17 - Coptic Lectionary - CopticChurch.net",Kiak 17,9
2029-12-27,"Readings for Thursday, December 27th - Kiak 18 - Coptic Lectionary - CopticChurch.net",Kiak 18,9
2029-12-28,"Readings for Friday, December 28th - Kiak 19 - Coptic Lectionary - CopticChurch.net",Kiak 19,9
2029-12-29,"Readings for Saturday, December 29th - Kiak 20 - Coptic Lectionary - CopticChurch.net",Kiak 20,9
2029-12-30,"Readings for Sunday, December 30th - fourth Sunday of Christmas Fast - Coptic Lectionary - CopticChurch.net",fourth Sunday of Christmas Fast,9
2029-12-31,"Readings for Monday, December 31st - Kiak 22 - Coptic Lectionary - CopticChurch.net",Kiak 22,9
2030-01-01,"Readings for Tuesday, January 1st - Kiak 23 - Coptic Lectionary - CopticChurch.net",Kiak 23,9
2030-01-02,"Readings for Wednesday, January 2nd - Kiak 24 - Coptic Lectionary - CopticChurch.net",Kiak 24,9
2030-01-03,"Readings for Thursday, January 3rd - Kiak 25 - Coptic Lectionary - CopticChurch.net",Kiak 25,9
2030-01-04,"Readings for Friday, January 4th - Kiak 26 - Coptic Lectionary - CopticChurch.net",Kiak 26,9
2030-01-05,"Readings for Saturday, January 5th - Christmas Paramoune - Coptic Lectionary - CopticChurch.net",Christmas Paramoune,9
2030-01-06,"Readings for Sunday, January 6th - Christmas Paramoune - Coptic Lectionary - CopticChurch.net",Christmas Paramoune,9
2030-01-07,"Readings for Monday, January 7th - Christmas - Coptic Lectionary - CopticChurch.net",Christmas,9
2030-01-08,"Readings for Tuesday, January 8th - Kiak 30 - Coptic Lectionary - CopticChurch.net",Kiak 30,9
2030-01-09,"Readings for Wednesday, January 9th - Toba 1 - Coptic Lectionary - CopticChurch.net",Toba 1,9
2030-01-10,"Readings for Thursday, January 10th - Toba 2 - Coptic Lectionary - CopticChurch.net",Toba 2,9
2030-01-11,"Readings for Friday, January 11th - Toba 3 - Coptic Lectionary - CopticChurch.net",Toba 3,9
2030-01-12,"Readings for Saturday, January 12th - Toba 4 - Coptic Lectionary - CopticChurch.net",Toba 4,9
2030-01-13,"Readings for Sunday, January 13th - The first Sunday of Toba - Coptic Lectionary - CopticChurch.net",The first Sunday of Toba,9
2030-01-14,"Readings for Monday, January 14th - Circumcision of our Lord - Coptic Lectionary - CopticChurch.net",Circumcision of our Lord,9
2030-01-15,"Readings for Tuesday, January 15th - Toba 7 - Coptic Lectionary - CopticChurch.net",Toba 7,9
2030-01-16,"Readings for Wednesday, January 16th - Toba 8 - Coptic Lectionary - CopticChurch.net",Toba 8,9
2030-01-17,"Readings for Thursday, January 17th - Toba 9 - Coptic Lectionary - CopticChurch.net",Toba 9,9
2030-01-18,"Readings for Friday, January 18th - Epiphany Paramoune - Coptic Lectionary - CopticChurch.net",Epiphany Paramoune,9
2030-01-19,"Readings for Saturday, January 19th - The Feast of Epiphany - Coptic Lectionary - CopticChurch.net",The Feast of Epiphany,9
2030-01-20,"Readings for Sunday, January 20th - The Second Day of Feast of Epiphany - Coptic Lectionary - CopticChurch.net",The Second Day of Feast of Epiphany,9
2030-01-21,"Readings for Monday, January 21st - Wedding of Cana - Coptic Lectionary - CopticChurch.net",Wedding of Cana,9
2030-01-22,"Readings for Tuesday, January 22nd - Toba 14 - Coptic Lectionary - CopticChurch.net",Toba 14,9
2030-01-23,"Readings for Wednesday, January 23rd - Toba 15 - Coptic Lectionary - CopticChurch.net",Toba 15,9
2030-01-24,"Readings for Thursday, January 24th - Toba 16 - Coptic Lectionary - CopticChurch.net",Toba 16,9
2030-01-25,"Readings for Friday, January 25th - Toba 17 - Coptic Lectionary - CopticChurch.net",Toba 17,9
2030-01-26,"Readings for Saturday, January 26th - Toba 18 - Coptic Lectionary - CopticChurch.net",Toba 18,9
2030-01-27,"Readings for Sunday, January 27th - The third Sunday of Toba - Coptic Lectionary - CopticChurch.net",The third Sunday of Toba,9
2030-01-28,"Readings for Monday, January 28th - Toba 20 - Coptic Lectionary - CopticChurch.net",Toba 20,9
2030-01-29,"Readings for Tuesday, January 29th - Toba 21 - Coptic Lectionary - CopticChurch.net",Toba 21,9
2030-01-30,"Readings for Wednesday, January 30th - Toba 22 - Coptic Lectionary - CopticChurch.net",Toba 22,9
2030-01-31,"Readings for Thursday, January 31st - Toba 23 - Coptic Lectionary - CopticChurch.net",Toba 23,9
2030-02-01,"Readings for Friday, February 1st - Toba 24 - Coptic Lectionary - CopticChurch.net",Toba 24,9
2030-02-02,"Readings for Saturday, February 2nd - Toba 25 - Coptic Lectionary - CopticChurch.net",Toba 25,9
2030-02-03,"Readings for Sunday, February 3rd - The fourth Sunday of Toba - Coptic Lectionary - CopticChurch.net",The fourth Sunday of Toba,9
2030-02-04,"Readings for Monday, February 4th - Toba 27 - Coptic Lectionary - CopticChurch.net",Toba 27,9
2030-02-05,"Readings for Tuesday, February 5th - Toba 28 - Coptic Lectionary - CopticChurch.net",Toba 28,9
2030-02-06,"Readings for Wednesday, February 6th - Toba 29 - Coptic Lectionary - CopticChurch.net",Toba 29,9
2030-02-07,"Readings for Thursday, February 7th - Toba 30 - Coptic Lectionary - CopticChurch.net",Toba 30,9
2030-02-08,"Readings for Friday, February 8th - Amshir 1 - Coptic Lectionary - CopticChurch.net",Amshir 1,9
2030-02-09,"Readings for Saturday, February 9th - Amshir 2 - Coptic Lectionary - CopticChurch.net",Amshir 2,9
2030-02-10,"Readings for Sunday, February 10th - The first Sunday of Amshir - Coptic Lectionary - CopticChurch.net",The first Sunday of Amshir,9
2030-02-11,"Readings for Monday, February 11th - Amshir 4 - Coptic Lectionary - CopticChurch.net",Amshir 4,9
2030-02-12,"Readings for Tuesday, February 12th - Amshir 5 - Coptic Lectionary - CopticChurch.net",Amshir 5,9
2030-02-13,"Readings for Wednesday, February 13th - Amshir 6 - Coptic Lectionary - CopticChurch.net",Amshir 6,9
2030-02-14,"Readings for Thursday, February 14th - Amshir 7 - Coptic Lectionary - CopticChurch.net",Amshir 7,9
2030-02-15,"Readings for Friday, February 15th - Entrance into the Temple - Coptic Lectionary - CopticChurch.net",Entrance into the Temple,9
2030-02-16,"Readings for Saturday, February 16th - Amshir 9 - Coptic Lectionary - CopticChurch.net",Amshir 9,9
2030-02-17,"Readings for Sunday, February 17th - The second Sunday of Amshir - Coptic Lectionary - CopticChurch.net",The second Sunday of Amshir,9
2030-02-18,"Readings for Monday, February 18th - Fast of Ninevah - Coptic Lectionary - CopticChurch.net",Fast of Ninevah,9
2030-02-19,"Readings for Tuesday, February 19th - Tuesday of Ninevah's Fast - Coptic Lectionary - CopticChurch.net",Tuesday of Ninevah's Fast,7
2030-02-20,"Readings for Wednesday, February 20th - Wednesday of Ninevah's Fast - Coptic Lectionary - CopticChurch.net",Wednesday of Ninevah's Fast,7
2030-02-21,"Readings for Thursday, February 21st - Jonah's Feast - Coptic Lectionary - CopticChurch.net",Jonah's Feast,7
2030-02-22,"Readings for Friday, February 22nd - Amshir 15 - Coptic Lectionary - CopticChurch.net",Amshir 15,9
2030-02-23,"Readings for Saturday, February 23rd - Amshir 16 - Coptic Lectionary - CopticChurch.net",Amshir 16,9
2030-02-24,"Readings for Sunday, February 24th - The third Sunday of Amshir - Coptic Lectionary - CopticChurch.net",The third Sunday of Amshir,9
2030-02-25,"Readings for Monday, February 25th - Amshir 18 - Coptic Lectionary - CopticChurch.net",Amshir 18,9
2030-02-26,"Readings for Tuesday, February 26th - Amshir 19 - Coptic Lectionary - CopticChurch.net",Amshir 19,9
2030-02-27,"Readings for Wednesday, February 27th - Amshir 20 - Coptic Lectionary - CopticChurch.net",Amshir 20,9
2030-02-28,"Readings for Thursday, February 28th - Amshir 21 - Coptic Lectionary - CopticChurch.net",Amshir 21,9
2030-03-01,"Readings for Friday, March 1st - Amshir 22 - Coptic Lectionary - CopticChurch.net",Amshir 22,9
2030-03-02,"Readings for Saturday, March 2nd - Saturday of the week before Great Lent - Coptic Lectionary - CopticChurch.net",Saturday of the week before Great Lent,9
2030-03-03,"Readings for Sunday, March 3rd - Sunday of the week before Great Lent - Coptic Lectionary - CopticChurch.net",Sunday of the week before Great Lent,9
2030-03-04,"Readings for Monday, March 4th - Great Lent - Coptic Lectionary - CopticChurch.net",Great Lent,9
2030-03-05,"Readings for Tuesday, March 5th - Tuesday of the first week of Great Lent - Coptic Lectionary - CopticChurch.net",Tuesday of the first week of Great Lent,7
2030-03-06,"Readings for Wednesday, March 6th - Wednesday of the first week of Great Lent - Coptic Lectionary - CopticChurch.net",Wednesday of the first week of Great Lent,7
2030-03-07,"Readings for Thursday, March 7th - Thursday of the first week of Great Lent - Coptic Lectionary - CopticChurch.net",Thursday of the first week of Great Lent,7
2030-03-08,"Readings for Friday, March 8th - Friday of the first week of Great Lent - Coptic Lectionary - CopticChurch.net",Friday of the first week of Great Lent,7
2030-03-09,"Readings for Saturday, March 9th - Saturday of the first week of Great Lent - Coptic Lectionary - CopticChurch.net",Saturday of the first week of Great Lent,7
2030-03-10,"Readings for Sunday, March 10th - Sunday of the first week of Great Lent - Coptic Lectionary - CopticChurch.net",Sunday of the first week of Great Lent,9
2030-03-11,"Readings for Monday, March 11th - Monday of the second week of Great Lent - Coptic Lectionary - CopticChurch.net",Monday of the second week of Great Lent,7
2030-03-12,"Readings for Tuesday, March 12th - Tuesday of the second week of Great Lent - Coptic Lectionary - CopticChurch.net",Tuesday of the second week of Great Lent,7
2030-03-13,"Readings for Wednesday, March 13th - Wednesday of the second week of Great Lent - Coptic Lectionary - CopticChurch.net",Wednesday of the second week of Great Lent,7
2030-03-14,"Readings for Thursday, March 14th - Thursday of the second week of Great Lent - Coptic Lectionary - CopticChurch.net",Thursday of the second week of Great Lent,7
2030-03-15,"Readings for Friday, March 15th - Friday of the second week of Great Lent - Coptic Lectionary - CopticChurch.net",Friday of the second week of Great Lent,7
2030-03-16,"Readings for Saturday, March 16th - Saturday of the second week of Great Lent - Coptic Lectionary - CopticChurch.net",Saturday of the second week of Great Lent,7
2030-03-17,"Readings for Sunday, March 17th - Sunday of the second week of Great Lent - Coptic Lectionary - CopticChurch.net",Sunday of the second week of Great Lent,9
2030-03-18,"Readings for Monday, March 18th - Monday of the third week of Great Lent - Coptic Lectionary - CopticChurch.net",Monday of the third week of Great Lent,7
2030-03-19,"Readings for Tuesday, March 19th - Tuesday of the third week of Great Lent <br>(Feast of the Cross - Readings of 10th Baramhat) - Coptic Lectionary - CopticChurch.net",Tuesday of the third week of Great Lent <br>(Feast of the Cross - Readings of 10th Baramhat),9
2030-03-20,"Readings for Wednesday, March 20th - Wednesday of the third week of Great Lent - Coptic Lectionary - CopticChurch.net",Wednesday of the third week of Great Lent,7
2030-03-21,"Readings for Thursday, March 21st - Thursday of the third week of Great Lent - Coptic Lectionary - CopticChurch.net",Thursday of the third week of Great Lent,7
2030-03-22,"Readings for Friday, March 22nd - Friday of the third week of Great Lent - Coptic Lectionary - CopticChurch.net",Friday of the third week of Great Lent,7
2030-03-23,"Readings for Saturday, March 23rd - Saturday of the third week of Great Lent - Coptic Lectionary - CopticChurch.net",Saturday of the third week of Great Lent,7
2030-03-24,"Readings for Sunday, March 24th - Sunday of the third week of Great Lent - Coptic Lectionary - CopticChurch.net",Sunday of the third week of Great Lent,9
2030-03-25,"Readings for Monday, March 25th - Monday of the fourth week of Great Lent - Coptic Lectionary - CopticChurch.net",Monday of the fourth week of Great Lent,7
2030-03-26,"Readings for Tuesday, March 26th - Tuesday of the fourth week of Great Lent - Coptic Lectionary - CopticChurch.net",Tuesday of the fourth week of Great Lent,7
2030-03-27,"Readings for Wednesday, March 27th - Wednesday of the fourth week of Great Lent - Coptic Lectionary - CopticChurch.net",Wednesday of the fourth week of Great Lent,7
2030-03-28,"Readings for Thursday, March 28th - Thursday of the fourth week of Great Lent - Coptic Lectionary - CopticChurch.net",Thursday of the fourth week of Great Lent,7
2030-03-29,"Readings for Friday, March 29th - Friday of the fourth week of Great Lent - Coptic Lectionary - CopticChurch.net",Friday of the fourth week of Great Lent,7
2030-03-30,"Readings for Saturday, March 30th - Saturday of the fourth week of Great Lent - Coptic Lectionary - CopticChurch.net",Saturday of the fourth week of Great Lent,7
2030-03-31,"Readings for Sunday, March 31st - Sunday of the fourth week of Great Lent - Coptic Lectionary - CopticChurch.net",Sunday of the fourth week of Great Lent,9
2030-04-01,"Readings for Monday, April 1st - Monday of the fifth week of Great Lent - Coptic Lectionary - CopticChurch.net",Monday of the fifth week of Great Lent,7
2030-04-02,"Readings for Tuesday, April 2nd - Tuesday of the fifth week of Great Lent - Coptic Lectionary - CopticChurch.net",Tuesday of the fifth week of Great Lent,7
2030-04-03,"Readings for Wednesday, April 3rd - Wednesday of the fifth week of Great Lent - Coptic Lectionary - CopticChurch.net",Wednesday of the fifth week of Great Lent,7
2030-04-04,"Readings for Thursday, April 4th - Thursday of the fifth week of Great Lent - Coptic Lectionary - CopticChurch.net",Thursday of the fifth week of Great Lent,7
2030-04-05,"Readings for Friday, April 5th - Friday of the fifth week of Great Lent - Coptic Lectionary - CopticChurch.net",Friday of the fifth week of Great Lent,7
2030-04-06,"Readings for Saturday, April 6th - Saturday of the fifth week of Great Lent - Coptic Lectionary - CopticChurch.net",Saturday of the fifth week of Great Lent,7
2030-04-07,"Readings for Sunday, April 7th - Annunciation - Coptic Lectionary - CopticChurch.net",Annunciation,9
2030-04-08,"Readings for Monday, April 8th - Monday of the sixth week of Great Lent - Coptic Lectionary - CopticChurch.net",Monday of the sixth week of Great Lent,7
2030-04-09,"Readings for Tuesday, April 9th - Tuesday of the sixth week of Great Lent - Coptic Lectionary - CopticChurch.net",Tuesday of the sixth week of Great Lent,7
2030-04-10,"Readings for Wednesday, April 10th - Wednesday of the sixth week of Great Lent - Coptic Lectionary - CopticChurch.net",Wednesday of the sixth week of Great Lent,7
2030-04-11,"Readings for Thursday, April 11th - Thursday of the sixth week of Great Lent - Coptic Lectionary - CopticChurch.net",Thursday of the sixth week of Great Lent,7
2030-04-12,"Readings for Friday, April 12th - Friday of the sixth week of Great Lent - Coptic Lectionary - CopticChurch.net",Friday of the sixth week of Great Lent,7
2030-04-13,"Readings for Saturday, April 13th - Saturday of the sixth week of Great Lent - Coptic Lectionary - CopticChurch.net",Saturday of the sixth week of Great Lent,7
2030-04-14,"Readings for Sunday, April 14th - Sunday of the sixth week of Great Lent - Coptic Lectionary - CopticChurch.net",Sunday of the sixth week of Great Lent,9
2030-04-15,"Readings for Monday, April 15th - Monday of the seventh week of Great Lent - Coptic Lectionary - CopticChurch.net",Monday of the seventh week of Great Lent,7
2030-04-16,"Readings for Tuesday, April 16th - Tuesday of the seventh week of Great Lent - Coptic Lectionary - CopticChurch.net",Tuesday of the seventh week of Great Lent,7
2030-04-17,"Readings for Wednesday, April 17th - Wednesday of the seventh week of Great Lent - Coptic Lectionary - CopticChurch.net",Wednesday of the seventh week of Great Lent,7
2030-04-18,"Readings for Thursday, April 18th - Thursday of the seventh week of Great Lent - Coptic Lectionary - CopticChurch.net",Thursday of the seventh week of Great Lent,7
2030-04-19,"Readings for Friday, April 19th - Friday of the seventh week of Great Lent - Coptic Lectionary - CopticChurch.net",Friday of the seventh week of Great Lent,7
2030-04-20,"Readings for Saturday, April 20th - Lazarus Saturday of Great Lent - Coptic Lectionary - CopticChurch.net",Lazarus Saturday of Great Lent,7
2030-04-21,"Readings for Sunday, April 21st - Palm Sunday - Coptic Lectionary - CopticChurch.net",Palm Sunday,9
2030-04-22,"Readings for Monday, April 22nd - Monday of Holy Week - Coptic Lectionary - CopticChurch.net",Monday of Holy Week,0
2030-04-23,"Readings for Tuesday, April 23rd - Tuesday of Holy Week - Coptic Lectionary - CopticChurch.net",Tuesday of Holy Week,0
2030-04-24,"Readings for Wednesday, April 24th - Wednesday of Holy Week - Coptic Lectionary - CopticChurch.net",Wednesday of Holy Week,0
2030-04-25,"Readings for Thursday, April 25th - Holy Thursday - Coptic Lectionary - CopticChurch.net",Holy Thursday,0
2030-04-26,"Readings for Friday, April 26th - Good Friday - Coptic Lectionary - CopticChurch.net",Good Friday,0
2030-04-27,"Readings for Saturday, April 27th - Bright Saturday - Coptic Lectionary - CopticChurch.net",Bright Saturday,0
2030-04-28,"Readings for Sunday, April 28th - The Feast of Resurrection - Coptic Lectionary - CopticChurch.net",The Feast of Resurrection,7
2030-04-29,"Readings for Monday, April 29th - Monday of the first week of the holy fifty days - Coptic Lectionary - CopticChurch.net",Monday of the first week of the holy fifty days,9
2030-04-30,"Readings for Tuesday, April 30th - Tuesday of the first week of the holy fifty days - Coptic Lectionary - CopticChurch.net",Tuesday of the first week of the holy fifty days,9
2030-05-01,"Readings for Wednesday, May 1st - Wednesday of the first week of the holy fifty days - Coptic Lectionary - CopticChurch.net",Wednesday of the first week of the holy fifty days,9
2030-05-02,"Readings for Thursday, May 2nd - Thursday of the first week of the holy fifty days - Coptic Lectionary - CopticChurch.net",Thursday of the first week of the holy fifty days,9
2030-05-03,"Readings for Friday, May 3rd - Friday of the first week of the holy fifty days - Coptic Lectionary - CopticChurch.net",Friday of the first week of the holy fifty days,9
2030-05-04,"Readings for Saturday, May 4th - Saturday of the first week of the holy fifty days - Coptic Lectionary - CopticChurch.net",Saturday of the first week of the holy fifty days,9
2030-05-05,"Readings for Sunday, May 5th - Thomas Sunday - Coptic Lectionary - CopticChurch.net",Thomas Sunday,9
2030-05-06,"Readings for Monday, May 6th - Monday of the second week of the holy fifty days - Coptic Lectionary - CopticChurch.net",Monday of the second week of the holy fifty days,9
2030-05-07,"Readings for Tuesday, May 7th - Tuesday of the second week of the holy fifty days - Coptic Lectionary - CopticChurch.net",Tuesday of the second week of the holy fifty days,9
2030-05-08,"Readings for Wednesday, May 8th - Wednesday of the second week of the holy fifty days - Coptic Lectionary - CopticChurch.net",Wednesday of the second week of the holy fifty days,9
2030-05-09,"Readings for Thursday, May 9th - Thursday of the second week of the holy fifty days - Coptic Lectionary - CopticChurch.net",Thursday of the second week of the holy fifty days,9
2030-05-10,"Readings for Friday, May 10th - Friday of the second week of the holy fifty days - Coptic Lectionary - CopticChurch.net",Friday of the second week of the holy fifty days,9
2030-05-11,"Readings for Saturday, May 11th - Saturday of the second week of the holy fifty days - Coptic Lectionary - CopticChurch.net",Saturday of the second week of the holy fifty days,9
2030-05-12,"Readings for Sunday, May 12th - Sunday of the second week of the holy fifty days - Coptic Lectionary - CopticChurch.net",Sunday of the second week of the holy fifty days,9
2030-05-13,"Readings for Monday, May 13th - Monday of the third week of the holy fifty days - Coptic Lectionary - CopticChurch.net",Monday of the third week of the holy fifty days,9
2030-05-14,"Readings for Tuesday, May 14th - Tuesday of the third week of the holy fifty days - Coptic Lectionary - CopticChurch.net",Tuesday of the third week of the holy fifty days,9
2030-05-15,"Readings for Wednesday, May 15th - Wednesday of the third week of the holy fifty days - Coptic Lectionary - CopticChurch.net",Wednesday of the third week of the holy fifty days,9
2030-05-16,"Readings for Thursday, May 16th - Thursday of the third week of the holy fifty days - Coptic Lectionary - CopticChurch.net",Thursday of the third week of the holy fifty days,9
2030-05-17,"Readings for Friday, May 17th - Friday of the third week of the holy fifty days - Coptic Lectionary - CopticChurch.net",Friday of the third week of the holy fifty days,9
2030-05-18,"Readings for Saturday, May 18th - Saturday of the third week of the holy fifty days - Coptic Lectionary - CopticChurch.net",Saturday of the third week of the holy fifty days,9
2030-05-19,"Readings for Sunday, May 19th - Sunday of the third week of the holy fifty days - Coptic Lectionary - CopticChurch.net",Sunday of the third week of the holy fifty days,9
2030-05-20,"Readings for Monday, May 20th - Monday of the fourth week of the holy fifty days - Coptic Lectionary - CopticChurch.net",Monday of the fourth week of the holy fifty days,9
2030-05-21,"Readings for Tuesday, May 21st - Tuesday of the fourth week of the holy fifty days - Coptic Lectionary - CopticChurch.net",Tuesday of the fourth week of the holy fifty days,9
2030-05-22,"Readings for Wednesday, May 22nd - Wednesday of the fourth week of the holy fifty days - Coptic Lectionary - CopticChurch.net",Wednesday of the fourth week of the holy fifty days,9
2030-05-23,"Readings for Thursday, May 23rd - Thursday of the fourth week of the holy fifty days - Coptic Lectionary - CopticChurch.net",Thursday of the fourth week of the holy fifty days,9
2030-05-24,"Readings for Friday, May 24th - Friday of the fourth week of the holy fifty days - Coptic Lectionary - CopticChurch.net",Friday of the fourth week of the holy fifty days,9
2030-05-25,"Readings for Saturday, May 25th - Saturday of the fourth week of the holy fifty days - Coptic Lectionary - CopticChurch.net",Saturday of the fourth week of the holy fifty days,9
2030-05-26,"Readings for Sunday, May 26th - Sunday of the fourth week of the holy fifty days - Coptic Lectionary - CopticChurch.net",Sunday of the fourth week of the holy fifty days,9
2030-05-27,"Readings for Monday, May 27th - Monday of the fifth week of the holy fifty days - Coptic Lectionary - CopticChurch.net",Monday of the fifth week of the holy fifty days,9
2030-05-28,"Readings for Tuesday, May 28th - Tuesday of the fifth week of the holy fifty days - Coptic Lectionary - CopticChurch.net",Tuesday of the fifth week of the holy fifty days,9
2030-05-29,"Readings for Wednesday, May 29th - Wednesday of the fifth week of the holy fifty days - Coptic Lectionary - CopticChurch.net",Wednesday of the fifth week of the holy fifty days,9
2030-05-30,"Readings for Thursday, May 30th - Thursday of the fifth week of the holy fifty days - Coptic Lectionary - CopticChurch.net",Thursday of the fifth week of the holy fifty days,9
2030-05-31,"Readings for Friday, May 31st - Friday of the fifth week of the holy fifty days - Coptic Lectionary - CopticChurch.net",Friday of the fifth week of the holy fifty days,9
2030-06-01,"Readings for Saturday, June 1st - Saturday of the fifth week of the holy fifty days and the Feast of Entry into Egypt - Coptic Lectionary - CopticChurch.net",Saturday of the fifth week of the holy fifty days and the Feast of Entry into Egypt,9
2030-06-02,"Readings for Sunday, June 2nd - Sunday of the fifth week of the holy fifty days - Coptic Lectionary - CopticChurch.net",Sunday of the fifth week of the holy fifty days,9
2030-06-03,"Readings for Monday, June 3rd - Monday of the sixth week of the holy fifty days - Coptic Lectionary - CopticChurch.net",Monday of the sixth week of the holy fifty days,9
2030-06-04,"Readings for Tuesday, June 4th - Tuesday of the sixth week of the holy fifty days - Coptic Lectionary - CopticChurch.net",Tuesday of the sixth week of the holy fifty days,9
2030-06-05,"Readings for Wednesday, June 5th - Wednesday of the sixth week of the holy fifty days - Coptic Lectionary - CopticChurch.net",Wednesday of the sixth week of the holy fifty days,9
2030-06-06,"Readings for Thursday, June 6th - The Feast of the Ascension - Coptic Lectionary - CopticChurch.net",The Feast of the Ascension,9
2030-06-07,"Readings for Friday, June 7th - Friday of the sixth week of the holy fifty days - Coptic Lectionary - CopticChurch.net",Friday of the sixth week of the holy fifty days,9
2030-06-08,"Readings for Saturday, June 8th - Saturday of the sixth week of the holy fifty days - Coptic Lectionary - CopticChurch.net",Saturday of the sixth week of the holy fifty days,9
2030-06-09,"Readings for Sunday, June 9th - Sunday of the sixth week of the holy fifty days - Coptic Lectionary - CopticChurch.net",Sunday of the sixth week of the holy fifty days,9
2030-06-10,"Readings for Monday, June 10th - Monday of the seventh week of the holy fifty days - Coptic Lectionary - CopticChurch.net",Monday of the seventh week of the holy fifty days,9
2030-06-11,"Readings for Tuesday, June 11th - Tuesday of the seventh week of the holy fifty days - Coptic Lectionary - CopticChurch.net",Tuesday of the seventh week of the holy fifty days,9
2030-06-12,"Readings for Wednesday, June 12th - Wednesday of the seventh week of the holy fifty days - Coptic Lectionary - CopticChurch.net",Wednesday of the seventh week of the holy fifty days,9
2030-06-13,"Readings for Thursday, June 13th - Thursday of the seventh week of the holy fifty days - Coptic Lectionary - CopticChurch.net",Thursday of the seventh week of the holy fifty days,9
2030-06-14,"Readings for Friday, June 14th - Friday of the seventh week of the holy fifty days - Coptic Lectionary - CopticChurch.net",Friday of the seventh week of the holy fifty days,9
2030-06-15,"Readings for Saturday, June 15th - Saturday of the seventh week of the holy fifty days - Coptic Lectionary - CopticChurch.net",Saturday of the seventh week of the holy fifty days,9
2030-06-16,"Readings for Sunday, June 16th - Pentecost - Coptic Lectionary - CopticChurch.net",Pentecost,9
2030-06-17,"Readings for Monday, June 17th - Paona 10 - Coptic Lectionary - CopticChurch.net",Paona 10,9
2030-06-18,"Readings for Tuesday, June 18th - Paona 11 - Coptic Lectionary - CopticChurch.net",Paona 11,9
2030-06-19,"Readings for Wednesday, June 19th - Paona 12 - Coptic Lectionary - CopticChurch.net",Paona 12,9
2030-06-20,"Readings for Thursday, June 20th - Paona 13 - Coptic Lectionary - CopticChurch.net",Paona 13,9
2030-06-21,"Readings for Friday, June 21st - Paona 14 - Coptic Lectionary - CopticChurch.net",Paona 14,9
2030-06-22,"Readings for Saturday, June 22nd - Paona 15 - Coptic Lectionary - CopticChurch.net",Paona 15,9
2030-06-23,"Readings for Sunday, June 23rd - The third Sunday of Paona - Coptic Lectionary - CopticChurch.net",The third Sunday of Paona,9
2030-06-24,"Readings for Monday, June 24th - Paona 17 - Coptic Lectionary - CopticChurch.net",Paona 17,9
2030-06-25,"Readings for Tuesday, June 25th - Paona 18 - Coptic Lectionary - CopticChurch.net",Paona 18,9
2030-06-26,"Readings for Wednesday, June 26th - Paona 19 - Coptic Lectionary - CopticChurch.net",Paona 19,9
2030-06-27,"Readings for Thursday, June 27th - Paona 20 - Coptic Lectionary - CopticChurch.net",Paona 20,9
2030-06-28,"Readings for Friday, June 28th - Paona 21 - Coptic Lectionary - CopticChurch.net",Paona 21,9
2030-06-29,"Readings for Saturday, June 29th - Paona 22 - Coptic Lectionary - CopticChurch.net",Paona 22,9
2030-06-30,"Readings for Sunday, June 30th - The fourth Sunday of Paona - Coptic Lectionary - CopticChurch.net",The fourth Sunday of Paona,9
2030-07-01,"Readings for Monday, July 1st - Paona 24 - Coptic Lectionary - CopticChurch.net",Paona 24,9
2030-07-02,"Readings for Tuesday, July 2nd - Paona 25 - Coptic Lectionary - CopticChurch.net",Paona 25,9
2030-07-03,"Readings for Wednesday, July 3rd - Paona 26 - Coptic Lectionary - CopticChurch.net",Paona 26,9
2030-07-04,"Readings for Thursday, July 4th - Paona 27 - Coptic Lectionary - CopticChurch.net",Paona 27,9
2030-07-05,"Readings for Friday, July 5th - Paona 28 - Coptic Lectionary - CopticChurch.net",Paona 28,9
2030-07-06,"Readings for Saturday, July 6th - Paona 29 - Coptic Lectionary - CopticChurch.net",Paona 29,9
2030-07-07,"Readings for Sunday, July 7th - The fifth Sunday of Paona - Coptic Lectionary - CopticChurch.net",The fifth Sunday of Paona,9
2030-07-08,"Readings for Monday, July 8th - Abib 1 - Coptic Lectionary - CopticChurch.net",Abib 1,9
2030-07-09,"Readings for Tuesday, July 9th - Abib 2 - Coptic Lectionary - CopticChurch.net",Abib 2,9
2030-07-10,"Readings for Wednesday, July 10th - Abib 3 - Coptic Lectionary - CopticChurch.net",Abib 3,9
2030-07-11,"Readings for Thursday, July 11th - Abib 4 - Coptic Lectionary - CopticChurch.net",Abib 4,9
2030-07-12,"Readings for Friday, July 12th - Abib 5 (Apostle's Feast) - Coptic Lectionary - CopticChurch.net",Abib 5 (Apostle's Feast),9
2030-07-13,"Readings for Saturday, July 13th - Abib 6 - Coptic Lectionary - CopticChurch.net",Abib 6,9
2030-07-14,"Readings for Sunday, July 14th - The first Sunday of Abib - Coptic Lectionary - CopticChurch.net",The first Sunday of Abib,9
2030-07-15,"Readings for Monday, July 15th - Abib 8 - Coptic Lectionary - CopticChurch.net",Abib 8,9
2030-07-16,"Readings for Tuesday, July 16th - Abib 9 - Coptic Lectionary - CopticChurch.net",Abib 9,9
2030-07-17,"Readings for Wednesday, July 17th - Abib 10 - Coptic Lectionary - CopticChurch.net",Abib 10,9
2030-07-18,"Readings for Thursday, July 18th - Abib 11 - Coptic Lectionary - CopticChurch.net",Abib 11,9
2030-07-19,"Readings for Friday, July 19th - Abib 12 - Coptic Lectionary - CopticChurch.net",Abib 12,9
2030-07-20,"Readings for Saturday, July 20th - Abib 13 - Coptic Lectionary - CopticChurch.net",Abib 13,9
2030-07-21,"Readings for Sunday, July 21st - The second Sunday of Abib - Coptic Lectionary - CopticChurch.net",The second Sunday of Abib,9
2030-07-22,"Readings for Monday, July 22nd - Abib 15 - Coptic Lectionary - CopticChurch.net",Abib 15,9
2030-07-23,"Readings for Tuesday, July 23rd - Abib 16 - Coptic Lectionary - CopticChurch.net",Abib 16,9
2030-07-24,"Readings for Wednesday, July 24th - Abib 17 - Coptic Lectionary - CopticChurch.net",Abib 17,9
2030-07-25,"Readings for Thursday, July 25th - Abib 18 - Coptic Lectionary - CopticChurch.net",Abib 18,9
2030-07-26,"Readings for Friday, July 26th - Abib 19 - Coptic Lectionary - CopticChurch.net",Abib 19,9
2030-07-27,"Readings for Saturday, July 27th - Abib 20 - Coptic Lectionary - CopticChurch.net",Abib 20,9
2030-07-28,"Readings for Sunday, July 28th - The third Sunday of Abib - Coptic Lectionary - CopticChurch.net",The third Sunday of Abib,9
2030-07-29,"Readings for Monday, July 29th - Abib 22 - Coptic Lectionary - CopticChurch.net",Abib 22,9
2030-07-30,"Readings for Tuesday, July 30th - Abib 23 - Coptic Lectionary - CopticChurch.net",Abib 23,9
2030-07-31,"Readings for Wednesday, July 31st - Abib 24 - Coptic Lectionary - CopticChurch.net",Abib 24,9
2030-08-01,"Readings for Thursday, August 1st - Abib 25 - Coptic Lectionary - CopticChurch.net",Abib 25,9
2030-08-02,"Readings for Friday, August 2nd - Abib 26 - Coptic Lectionary - CopticChurch.net",Abib 26,9
2030-08-03,"Readings for Saturday, August 3rd - Abib 27 - Coptic Lectionary - CopticChurch.net",Abib 27,9
2030-08-04,"Readings for Sunday, August 4th - The fourth Sunday of Abib - Coptic Lectionary - CopticChurch.net",The fourth Sunday of Abib,9
2030-08-05,"Readings for Monday, August 5th - Abib 29 - Coptic Lectionary - CopticChurch.net",Abib 29,9
2030-08-06,"Readings for Tuesday, August 6th - Abib 30 - Coptic Lectionary - CopticChurch.net",Abib 30,9
2030-08-07,"Readings for Wednesday, August 7th - St Mary's Fast - Coptic Lectionary - CopticChurch.net",St Mary's Fast,9
2030-08-08,"Readings for Thursday, August 8th - Mesra 2 - Coptic Lectionary - CopticChurch.net",Mesra 2,9
2030-08-09,"Readings for Friday, August 9th - Mesra 3 - Coptic Lectionary - CopticChurch.net",Mesra 3,9
2030-08-10,"Readings for Saturday, August 10th - Mesra 4 - Coptic Lectionary - CopticChurch.net",Mesra 4,9
2030-08-11,"Readings for Sunday, August 11th - The first Sunday of Mesra - Coptic Lectionary - CopticChurch.net",The first Sunday of Mesra,9
2030-08-12,"Readings for Monday, August 12th - Mesra 6 - Coptic Lectionary - CopticChurch.net",Mesra 6,9
2030-08-13,"Readings for Tuesday, August 13th - Mesra 7 - Coptic Lectionary - CopticChurch.net",Mesra 7,9
2030-08-14,"Readings for Wednesday, August 14th - Mesra 8 - Coptic Lectionary - CopticChurch.net",Mesra 8,9
2030-08-15,"Readings for Thursday, August 15th - Mesra 9 - Coptic Lectionary - CopticChurch.net",Mesra 9,9
2030-08-16,"Readings for Friday, August 16th - Mesra 10 - Coptic Lectionary - CopticChurch.net",Mesra 10,9
2030-08-17,"Readings for Saturday, August 17th - Mesra 11 - Coptic Lectionary - CopticChurch.net",Mesra 11,9
2030-08-18,"Readings for Sunday, August 18th - The second Sunday of Mesra - Coptic Lectionary - CopticChurch.net",The second Sunday of Mesra,9
2030-08-19,"Readings for Monday, August 19th - Transfiguration - Coptic Lectionary - CopticChurch.net",Transfiguration,9
2030-08-20,"Readings for Tuesday, August 20th - Mesra 14 - Coptic Lectionary - CopticChurch.net",Mesra 14,9
2030-08-21,"Readings for Wednesday, August 21st - Mesra 15 - Coptic Lectionary - CopticChurch.net",Mesra 15,9
2030-08-22,"Readings for Thursday, August 22nd - Mesra 16 (St Mary's Feast) - Coptic Lectionary - CopticChurch.net",Mesra 16 (St Mary's Feast),9
2030-08-23,"Readings for Friday, August 23rd - Mesra 17 - Coptic Lectionary - CopticChurch.net",Mesra 17,9
2030-08-24,"Readings for Saturday, August 24th - Mesra 18 - Coptic Lectionary - CopticChurch.net",Mesra 18,9
2030-08-25,"Readings for Sunday, August 25th - The third Sunday of Mesra - Coptic Lectionary - CopticChurch.net",The third Sunday of Mesra,9
2030-08-26,"Readings for Monday, August 26th - Mesra 20 - Coptic Lectionary - CopticChurch.net",Mesra 20,9
2030-08-27,"Readings for Tuesday, August 27th - Mesra 21 - Coptic Lectionary - CopticChurch.net",Mesra 21,9
2030-08-28,"Readings for Wednesday, August 28th - Mesra 22 - Coptic Lectionary - CopticChurch.net",Mesra 22,9
2030-08-29,"Readings for Thursday, August 29th - Mesra 23 - Coptic Lectionary - CopticChurch.net",Mesra 23,9
2030-08-30,"Readings for Friday, August 30th - Mesra 24 - Coptic Lectionary - CopticChurch.net",Mesra 24,9
2030-08-31,"Readings for Saturday, August 31st - Mesra 25 - Coptic Lectionary - CopticChurch.net",Mesra 25,9
2030-09-01,"Readings for Sunday, September 1st - The fourth Sunday of Mesra - Coptic Lectionary - CopticChurch.net",The fourth Sunday of Mesra,9
2030-09-02,"Readings for Monday, September 2nd - Mesra 27 - Coptic Lectionary - CopticChurch.net",Mesra 27,9
2030-09-03,"Readings for Tuesday, September 3rd - Mesra 28 - Coptic Lectionary - CopticChurch.net",Mesra 28,9
2030-09-04,"Readings for Wednesday, September 4th - Mesra 29 - Coptic Lectionary - CopticChurch.net",Mesra 29,9
2030-09-05,"Readings for Thursday, September 5th - Mesra 30 - Coptic Lectionary - CopticChurch.net",Mesra 30,9
2030-09-06,"Readings for Friday, September 6th - Nasie 1 - Coptic Lectionary - CopticChurch.net",Nasie 1,9
2030-09-07,"Readings for Saturday, September 7th - Nasie 2 - Coptic Lectionary - CopticChurch.net",Nasie 2,9
2030-09-08,"Readings for Sunday, September 8th - The first Sunday of Nasie - Coptic Lectionary - CopticChurch.net",The first Sunday of Nasie,9
2030-09-09,"Readings for Monday, September 9th - Nasie 4 - Coptic Lectionary - CopticChurch.net",Nasie 4,9
2030-09-10,"Readings for Tuesday, September 10th - Nasie 5 - Coptic Lectionary - CopticChurch.net",Nasie 5,9
2030-09-11,"Readings for Wednesday, September 11th - Tout 1 - Coptic Lectionary - CopticChurch.net",Tout 1,9
2030-09-12,"Readings for Thursday, September 12th - Tout 2 - Coptic Lectionary - CopticChurch.net",Tout 2,9
2030-09-13,"Readings for Friday, September 13th - Tout 3 - Coptic Lectionary - CopticChurch.net",Tout 3,9
2030-09-14,"Readings for Saturday, September 14th - Tout 4 - Coptic Lectionary - CopticChurch.net",Tout 4,9
2030-09-15,"Readings for Sunday, September 15th - The first Sunday of Tout - Coptic Lectionary - CopticChurch.net",The first Sunday of Tout,9
2030-09-16,"Readings for Monday, September 16th - Tout 6 - Coptic Lectionary - CopticChurch.net",Tout 6,9
2030-09-17,"Readings for Tuesday, September 17th - Tout 7 - Coptic Lectionary - CopticChurch.net",Tout 7,9
2030-09-18,"Readings for Wednesday, September 18th - Tout 8 - Coptic Lectionary - CopticChurch.net",Tout 8,9
2030-09-19,"Readings for Thursday, September 19th - Tout 9 - Coptic Lectionary - CopticChurch.net",Tout 9,9
2030-09-20,"Readings for Friday, September 20th - Tout 10 - Coptic Lectionary - CopticChurch.net",Tout 10,9
2030-09-21,"Readings for Saturday, September 21st - Tout 11 - Coptic Lectionary - CopticChurch.net",Tout 11,9
2030-09-22,"Readings for Sunday, September 22nd - The second Sunday of Tout - Coptic Lectionary - CopticChurch.net",The second Sunday of Tout,9
2030-09-23,"Readings for Monday, September 23rd - Tout 13 - Coptic Lectionary - CopticChurch.net",Tout 13,9
2030-09-24,"Readings for Tuesday, September 24th - Tout 14 - Coptic Lectionary - CopticChurch.net",Tout 14,9
2030-09-25,"Readings for Wednesday, September 25th - Tout 15 - Coptic Lectionary - CopticChurch.net",Tout 15,9
2030-09-26,"Readings for Thursday, September 26th - Tout 16 - Coptic Lectionary - CopticChurch.net",Tout 16,9
2030-09-27,"Readings for Friday, September 27th - Tout 17 (Feast of the Cross) - Coptic Lectionary - CopticChurch.net",Tout 17 (Feast of the Cross),9
2030-09-28,"Readings for Saturday, September 28th - Tout 18 (Feast of the Cross) - Coptic Lectionary - CopticChurch.net",Tout 18 (Feast of the Cross),9
2030-09-29,"Readings for Sunday, September 29th - Sunday, Tout 19 (Feast of the Cross) - Coptic Lectionary - CopticChurch.net","Sunday, Tout 19 (Feast of the Cross)",9
2030-09-30,"Readings for Monday, September 30th - Tout 20 - Coptic Lectionary - CopticChurch.net",Tout 20,9
2030-10-01,"Readings for Tuesday, October 1st - Tout 21 - Coptic Lectionary - CopticChurch.net",Tout 21,9
2030-10-02,"Readings for Wednesday, October 2nd - Tout 22 - Coptic Lectionary - CopticChurch.net",Tout 22,9
2030-10-03,"Readings for Thursday, October 3rd - Tout 23 - Coptic Lectionary - CopticChurch.net",Tout 23,9
2030-10-04,"Readings for Friday, October 4th - Tout 24 - Coptic Lectionary - CopticChurch.net",Tout 24,9
2030-10-05,"Readings for Saturday, October 5th - Tout 25 - Coptic Lectionary - CopticChurch.net",Tout 25,9
2030-10-06,"Readings for Sunday, October 6th - The fourth Sunday of Tout - Coptic Lectionary - CopticChurch.net",The fourth Sunday of Tout,9
2030-10-07,"Readings for Monday, October 7th - Tout 27 - Coptic Lectionary - CopticChurch.net",Tout 27,9
2030-10-08,"Readings for Tuesday, October 8th - Tout 28 - Coptic Lectionary - CopticChurch.net",Tout 28,9
2030-10-09,"Readings for Wednesday, October 9th - Tout 29 - Coptic Lectionary - CopticChurch.net",Tout 29,9
2030-10-10,"Readings for Thursday, October 10th - Tout 30 - Coptic Lectionary - CopticChurch.net",Tout 30,9
2030-10-11,"Readings for Friday, October 11th - Baba 1 - Coptic Lectionary - CopticChurch.net",Baba 1,9
2030-10-12,"Readings for Saturday, October 12th - Baba 2 - Coptic Lectionary - CopticChurch.net",Baba 2,9
2030-10-13,"Readings for Sunday, October 13th - The first Sunday of Baba - Coptic Lectionary - CopticChurch.net",The first Sunday of Baba,9
2030-10-14,"Readings for Monday, October 14th - Baba 4 - Coptic Lectionary - CopticChurch.net",Baba 4,9
2030-10-15,"Readings for Tuesday, October 15th - Baba 5 - Coptic Lectionary - CopticChurch.net",Baba 5,9
2030-10-16,"Readings for Wednesday, October 16th - Baba 6 - Coptic Lectionary - CopticChurch.net",Baba 6,9
2030-10-17,"Readings for Thursday, October 17th - Baba 7 - Coptic Lectionary - CopticChurch.net",Baba 7,9
2030-10-18,"Readings for Friday, October 18th - Baba 8 - Coptic Lectionary - CopticChurch.net",Baba 8,9
2030-10-19,"Readings for Saturday, October 19th - Baba 9 - Coptic Lectionary - CopticChurch.net",Baba 9,9
2030-10-20,"Readings for Sunday, October 20th - The second Sunday of Baba - Coptic Lectionary - CopticChurch.net",The second Sunday of Baba,9
2030-10-21,"Readings for Monday, October 21st - Baba 11 - Coptic Lectionary - CopticChurch.net",Baba 11,9
2030-10-22,"Readings for Tuesday, October 22nd - Baba 12 - Coptic Lectionary - CopticChurch.net",Baba 12,9
2030-10-23,"Readings for Wednesday, October 23rd - Baba 13 - Coptic Lectionary - CopticChurch.net",Baba 13,9
2030-10-24,"Readings for Thursday, October 24th - Baba 14 - Coptic Lectionary - CopticChurch.net",Baba 14,9
2030-10-25,"Readings for Friday, October 25th - Baba 15 - Coptic Lectionary - CopticChurch.net",Baba 15,9
2030-10-26,"Readings for Saturday, October 26th - Baba 16 - Coptic Lectionary - CopticChurch.net",Baba 16,9
2030-10-27,"Readings for Sunday, October 27th - The third Sunday of Baba - Coptic Lectionary - CopticChurch.net",The third Sunday of Baba,9
2030-10-28,"Readings for Monday, October 28th - Baba 18 - Coptic Lectionary - CopticChurch.net",Baba 18,9
2030-10-29,"Readings for Tuesday, October 29th - Baba 19 - Coptic Lectionary - CopticChurch.net",Baba 19,9
2030-10-30,"Readings for Wednesday, October 30th - Baba 20 - Coptic Lectionary - CopticChurch.net",Baba 20,9
2030-10-31,"Readings for Thursday, October 31st - Baba 21 - Coptic Lectionary - CopticChurch.net",Baba 21,9
2030-11-01,"Readings for Friday, November 1st - Baba 22 - Coptic Lectionary - CopticChurch.net",Baba 22,9
2030-11-02,"Readings for Saturday, November 2nd - Baba 23 - Coptic Lectionary - CopticChurch.net",Baba 23,9
2030-11-03,"Readings for Sunday, November 3rd - The fourth Sunday of Baba - Coptic Lectionary - CopticChurch.net",The fourth Sunday of Baba,9
2030-11-04,"Readings for Monday, November 4th - Baba 25 - Coptic Lectionary - CopticChurch.net",Baba 25,9
2030-11-05,"Readings for Tuesday, November 5th - Baba 26 - Coptic Lectionary - CopticChurch.net",Baba 26,9
2030-11-06,"Readings for Wednesday, November 6th - Baba 27 - Coptic Lectionary - CopticChurch.net",Baba 27,9
2030-11-07,"Readings for Thursday, November 7th - Baba 28 - Coptic Lectionary - CopticChurch.net",Baba 28,9
2030-11-08,"Readings for Friday, November 8th - Baba 29 - Coptic Lectionary - CopticChurch.net",Baba 29,9
2030-11-09,"Readings for Saturday, November 9th - Baba 30 - Coptic Lectionary - CopticChurch.net",Baba 30,9
2030-11-10,"Readings for Sunday, November 10th - The first Sunday of Hator - Coptic Lectionary - CopticChurch.net",The first Sunday of Hator,9
2030-11-11,"Readings for Monday, November 11th - Hator 2 - Coptic Lectionary - CopticChurch.net",Hator 2,9
2030-11-12,"Readings for Tuesday, November 12th - Hator 3 - Coptic Lectionary - CopticChurch.net",Hator 3,9
2030-11-13,"Readings for Wednesday, November 13th - Hator 4 - Coptic Lectionary - CopticChurch.net",Hator 4,9
2030-11-14,"Readings for Thursday, November 14th - Hator 5 - Coptic Lectionary - CopticChurch.net",Hator 5,9
2030-11-15,"Readings for Friday, November 15th - Hator 6 - Coptic Lectionary - CopticChurch.net",Hator 6,9
2030-11-16,"Readings for Saturday, November 16th - Hator 7 - Coptic Lectionary - CopticChurch.net",Hator 7,9
2030-11-17,"Readings for Sunday, November 17th - The second Sunday of Hator - Coptic Lectionary - CopticChurch.net",The second Sunday of Hator,9
2030-11-18,"Readings for Monday, November 18th - Hator 9 - Coptic Lectionary - CopticChurch.net",Hator 9,9
2030-11-19,"Readings for Tuesday, November 19th - Hator 10 - Coptic Lectionary - CopticChurch.net",Hator 10,9
2030-11-20,"Readings for Wednesday, November 20th - Hator 11 - Coptic Lectionary - CopticChurch.net",Hator 11,9
2030-11-21,"Readings for Thursday, November 21st - Hator 12 - Coptic Lectionary - CopticChurch.net",Hator 12,9
2030-11-22,"Readings for Friday, November 22nd - Hator 13 - Coptic Lectionary - CopticChurch.net",Hator 13,9
2030-11-23,"Readings for Saturday, November 23rd - Hator 14 - Coptic Lectionary - CopticChurch.net",Hator 14,9
2030-11-24,"Readings for Sunday, November 24th - The third Sunday of Hator - Coptic Lectionary - CopticChurch.net",The third Sunday of Hator,9
2030-11-25,"Readings for Monday, November 25th - Hator 16 of Christmas Fast - Coptic Lectionary - CopticChurch.net",Hator 16 of Christmas Fast,9
2030-11-26,"Readings for Tuesday, November 26th - Hator 17 - Coptic Lectionary - CopticChurch.net",Hator 17,9
2030-11-27,"Readings for Wednesday, November 27th - Hator 18 - Coptic Lectionary - CopticChurch.net",Hator 18,9
2030-11-28,"Readings for Thursday, November 28th - Hator 19 - Coptic Lectionary - CopticChurch.net",Hator 19,9
2030-11-29,"Readings for Friday, November 29th - Hator 20 - Coptic Lectionary - CopticChurch.net",Hator 20,9
2030-11-30,"Readings for Saturday, November 30th - Hator 21 - Coptic Lectionary - CopticChurch.net",Hator 21,9
2030-12-01,"Readings for Sunday, December 1st - The fourth Sunday of Hator - Coptic Lectionary - CopticChurch.net",The fourth Sunday of Hator,9
2030-12-02,"Readings for Monday, December 2nd - Hator 23 - Coptic Lectionary - CopticChurch.net",Hator 23,9
2030-12-03,"Readings for Tuesday, December 3rd - Hator 24 - Coptic Lectionary - CopticChurch.net",Hator 24,9
2030-12-04,"Readings for Wednesday, December 4th - Hator 25 - Coptic Lectionary - CopticChurch.net",Hator 25,9
2030-12-05,"Readings for Thursday, December 5th - Hator 26 - Coptic Lectionary - CopticChurch.net",Hator 26,9
2030-12-06,"Readings for Friday, December 6th - Hator 27 - Coptic Lectionary - CopticChurch.net",Hator 27,9
2030-12-07,"Readings for Saturday, December 7th - Hator 28 - Coptic Lectionary - CopticChurch.net",Hator 28,9
2030-12-08,"Readings for Sunday, December 8th - The fifth Sunday of Hator (Readings of 29th Baramhat) - Coptic Lectionary - CopticChurch.net",The fifth Sunday of Hator (Readings of 29th Baramhat),9
2030-12-09,"Readings for Monday, December 9th - Hator 30 - Coptic Lectionary - CopticChurch.net",Hator 30,9
2030-12-10,"Readings for Tuesday, December 10th - Kiak 1 - Coptic Lectionary - CopticChurch.net",Kiak 1,9
2030-12-11,"Readings for Wednesday, December 11th - Kiak 2 - Coptic Lectionary - CopticChurch.net",Kiak 2,9
2030-12-12,"Readings for Thursday, December 12th - Kiak 3 - Coptic Lectionary - CopticChurch.net",Kiak 3,9
2030-12-13,"Readings for Friday, December 13th - Kiak 4 - Coptic Lectionary - CopticChurch.net",Kiak 4,9
2030-12-14,"Readings for Saturday, December 14th - Kiak 5 - Coptic Lectionary - CopticChurch.net",Kiak 5,9
2030-12-15,"Readings for Sunday, December 15th - The first Sunday of Kiak - Coptic Lectionary - CopticChurch.net",The first Sunday of Kiak,9
2030-12-16,"Readings for Monday, December 16th - Kiak 7 - Coptic Lectionary - CopticChurch.net",Kiak 7,9
2030-12-17,"Readings for Tuesday, December 17th - Kiak 8 - Coptic Lectionary - CopticChurch.net",Kiak 8,9
2030-12-18,"Readings for Wednesday, December 18th - Kiak 9 - Coptic Lectionary - CopticChurch.net",Kiak 9,9
2030-12-19,"Readings for Thursday, December 19th - Kiak 10 - Coptic Lectionary - CopticChurch.net",Kiak 10,9
2030-12-20,"Readings for Friday, December 20th - Kiak 11 - Coptic Lectionary - CopticChurch.net",Kiak 11,9
2030-12-21,"Readings for Saturday, December 21st - Kiak 12 - Coptic Lectionary - CopticChurch.net",Kiak 12,9
2030-12-22,"Readings for Sunday, December 22nd - The second Sunday of Kiak - Coptic Lectionary - CopticChurch.net",The second Sunday of Kiak,9
2030-12-23,"Readings for Monday, December 23rd - Kiak 14 - Coptic Lectionary - CopticChurch.net",Kiak 14,9
2030-12-24,"Readings for Tuesday, December 24th - Kiak 15 - Coptic Lectionary - CopticChurch.net",Kiak 15,9
2030-12-25,"Readings for Wednesday, December 25th - Kiak 16 - Coptic Lectionary - CopticChurch.net",Kiak 16,9
2030-12-26,"Readings for Thursday, December 26th - Kiak 17 - Coptic Lectionary - CopticChurch.net",Kiak 17,9
2030-12-27,"Readings for Friday, December 27th - Kiak 18 - Coptic Lectionary - CopticChurch.net",Kiak 18,9
2030-12-28,"Readings for Saturday, December 28th - Kiak 19 - Coptic Lectionary - CopticChurch.net",Kiak 19,9
2030-12-29,"Readings for Sunday, December 29th - The third Sunday of Kiak - Coptic Lectionary - CopticChurch.net",The third Sunday of Kiak,9
2030-12-30,"Readings for Monday, December 30th - Kiak 21 - Coptic Lectionary - CopticChurch.net",Kiak 21,9
2030-12-31,"Readings for Tuesday, December 31st - Kiak 22 - Coptic Lectionary - CopticChurch.net",Kiak 22,9
2031-01-01,"Readings for Wednesday, January 1st - Kiak 23 - Coptic Lectionary - CopticChurch.net",Kiak 23,9
2031-01-02,"Readings for Thursday, January 2nd - Kiak 24 - Coptic Lectionary - CopticChurch.net",Kiak 24,9
2031-01-03,"Readings for Friday, January 3rd - Kiak 25 - Coptic Lectionary - CopticChurch.net",Kiak 25,9
2031-01-04,"Readings for Saturday, January 4th - Kiak 26 - Coptic Lectionary - CopticChurch.net",Kiak 26,9
2031-01-05,"Readings for Sunday, January 5th - The fourth Sunday of Kiak - Coptic Lectionary - CopticChurch.net",The fourth Sunday of Kiak,9
2031-01-06,"Readings for Monday, January 6th - Christmas Paramoune - Coptic Lectionary - CopticChurch.net",Christmas Paramoune,9
2031-01-07,"Readings for Tuesday, January 7th - Christmas - Coptic Lectionary - CopticChurch.net",Christmas,9
2031-01-08,"Readings for Wednesday, January 8th - Kiak 30 - Coptic Lectionary - CopticChurch.net",Kiak 30,9
2031-01-09,"Readings for Thursday, January 9th - Toba 1 - Coptic Lectionary - CopticChurch.net",Toba 1,9
2031-01-10,"Readings for Friday, January 10th - Toba 2 - Coptic Lectionary - CopticChurch.net",Toba 2,9
2031-01-11,"Readings for Saturday, January 11th - Toba 3 - Coptic Lectionary - CopticChurch.net",Toba 3,9
2031-01-12,"Readings for Sunday, January 12th - The first Sunday of Toba - Coptic Lectionary - CopticChurch.net",The first Sunday of Toba,9
2031-01-13,"Readings for Monday, January 13th - Toba 5 - Coptic Lectionary - CopticChurch.net",Toba 5,9
2031-01-14,"Readings for Tuesday, January 14th - Circumcision of our Lord - Coptic Lectionary - CopticChurch.net",Circumcision of our Lord,9
2031-01-15,"Readings for Wednesday, January 15th - Toba 7 - Coptic Lectionary - CopticChurch.net",Toba 7,9
2031-01-16,"Readings for Thursday, January 16th - Toba 8 - Coptic Lectionary - CopticChurch.net",Toba 8,9
2031-01-17,"Readings for Friday, January 17th - Epiphany Paramoune - Coptic Lectionary - CopticChurch.net",Epiphany Paramoune,9
2031-01-18,"Readings for Saturday, January 18th - Epiphany Paramoune - Coptic Lectionary - CopticChurch.net",Epiphany Paramoune,9
2031-01-19,"Readings for Sunday, January 19th - The Feast of Epiphany - Coptic Lectionary - CopticChurch.net",The Feast of Epiphany,9
2031-01-20,"Readings for Monday, January 20th - The Second Day of Feast of Epiphany - Coptic Lectionary - CopticChurch.net",The Second Day of Feast of Epiphany,9
2031-01-21,"Readings for Tuesday, January 21st - Wedding of Cana - Coptic Lectionary - CopticChurch.net",Wedding of Cana,9
2031-01-22,"Readings for Wednesday, January 22nd - Toba 14 - Coptic Lectionary - CopticChurch.net",Toba 14,9
2031-01-23,"Readings for Thursday, January 23rd - Toba 15 - Coptic Lectionary - CopticChurch.net",Toba 15,9
2031-01-24,"Readings for Friday, January 24th - Toba 16 - Coptic Lectionary - CopticChurch.net",Toba 16,9
2031-01-25,"Readings for Saturday, January 25th - Toba 17 - Coptic Lectionary - CopticChurch.net",Toba 17,9
2031-01-26,"Readings for Sunday, January 26th - The third Sunday of Toba - Coptic Lectionary - CopticChurch.net",The third Sunday of Toba,9
2031-01-27,"Readings for Monday, January 27th - Toba 19 - Coptic Lectionary - CopticChurch.net",Toba 19,9
2031-01-28,"Readings for Tuesday, January 28th - Toba 20 - Coptic Lectionary - CopticChurch.net",Toba 20,9
2031-01-29,"Readings for Wednesday, January 29th - Toba 21 - Coptic Lectionary - CopticChurch.net",Toba 21,9
2031-01-30,"Readings for Thursday, January 30th - Toba 22 - Coptic Lectionary - CopticChurch.net",Toba 22,9
2031-01-31,"Readings for Friday, January 31st - Toba 23 - Coptic Lectionary - CopticChurch.net",Toba 23,9
2031-02-01,"Readings for Saturday, February 1st - Toba 24 - Coptic Lectionary - CopticChurch.net",Toba 24,9
2031-02-02,"Readings for Sunday, February 2nd - The fourth Sunday of Toba - Coptic Lectionary - CopticChurch.net",The fourth Sunday of Toba,9
2031-02-03,"Readings for Monday, February 3rd - Fast of Ninevah - Coptic Lectionary - CopticChurch.net",Fast of Ninevah,9
2031-02-04,"Readings for Tuesday, February 4th - Tuesday of Ninevah's Fast - Coptic Lectionary - CopticChurch.net",Tuesday of Ninevah's Fast,7
2031-02-05,"Readings for Wednesday, February 5th - Wednesday of Ninevah's Fast - Coptic Lectionary - CopticChurch.net",Wednesday of Ninevah's Fast,7
2031-02-06,"Readings for Thursday, February 6th - Jonah's Feast - Coptic Lectionary - CopticChurch.net",Jonah's Feast,7
2031-02-07,"Readings for Friday, February 7th - Toba 30 - Coptic Lectionary - CopticChurch.net",Toba 30,9
2031-02-08,"Readings for Saturday, February 8th - Amshir 1 - Coptic Lectionary - CopticChurch.net",Amshir 1,9
2031-02-09,"Readings for Sunday, February 9th - The first Sunday of Amshir - Coptic Lectionary - CopticChurch.net",The first Sunday of Amshir,9
2031-02-10,"Readings for Monday, February 10th - Amshir 3 - Coptic Lectionary - CopticChurch.net",Amshir 3,9
2031-02-11,"Readings for Tuesday, February 11th - Amshir 4 - Coptic Lectionary - CopticChurch.net",Amshir 4,9
2031-02-12,"Readings for Wednesday, February 12th - Amshir 5 - Coptic Lectionary - CopticChurch.net",Amshir 5,9
2031-02-13,"Readings for Thursday, February 13th - Amshir 6 - Coptic Lectionary - CopticChurch.net",Amshir 6,9
2031-02-14,"Readings for Friday, February 14th - Amshir 7 - Coptic Lectionary - CopticChurch.net",Amshir 7,9
2031-02-15,"Readings for Saturday, February 15th - Entrance into the Temple - Coptic Lectionary - CopticChurch.net",Entrance into the Temple,9
2031-02-16,"Readings for Sunday, February 16th - Sunday of the week before Great Lent - Coptic Lectionary - CopticChurch.net",Sunday of the week before Great Lent,9
2031-02-17,"Readings for Monday, February 17th - Great Lent - Coptic Lectionary - CopticChurch.net",Great Lent,9
2031-02-18,"Readings for Tuesday, February 18th - Tuesday of the first week of Great Lent - Coptic Lectionary - CopticChurch.net",Tuesday of the first week of Great Lent,7
2031-02-19,"Readings for Wednesday, February 19th - Wednesday of the first week of Great Lent - Coptic Lectionary - CopticChurch.net",Wednesday of the first week of Great Lent,7
2031-02-20,"Readings for Thursday, February 20th - Thursday of the first week of Great Lent - Coptic Lectionary - CopticChurch.net",Thursday of the first week of Great Lent,7
2031-02-21,"Readings for Friday, February 21st - Friday of the first week of Great Lent - Coptic Lectionary - CopticChurch.net",Friday of the first week of Great Lent,7
2031-02-22,"Readings for Saturday, February 22nd - Saturday of the first week of Great Lent - Coptic Lectionary - CopticChurch.net",Saturday of the first week of Great Lent,7
2031-02-23,"Readings for Sunday, February 23rd - Sunday of the first week of Great Lent - Coptic Lectionary - CopticChurch.net",Sunday of the first week of Great Lent,9
2031-02-24,"Readings for Monday, February 24th - Monday of the second week of Great Lent - Coptic Lectionary - CopticChurch.net",Monday of the second week of Great Lent,7
2031-02-25,"Readings for Tuesday, February 25th - Tuesday of the second week of Great Lent - Coptic Lectionary - CopticChurch.net",Tuesday of the second week of Great Lent,7
2031-02-26,"Readings for Wednesday, February 26th - Wednesday of the second week of Great Lent - Coptic Lectionary - CopticChurch.net",Wednesday of the second week of Great Lent,7
2031-02-27,"Readings for Thursday, February 27th - Thursday of the second week of Great Lent - Coptic Lectionary - CopticChurch.net",Thursday of the second week of Great Lent,7
2031-02-28,"Readings for Friday, February 28th - Friday of the second week of Great Lent - Coptic Lectionary - CopticChurch.net",Friday of the second week of Great Lent,7
2031-03-01,"Readings for Saturday, March 1st - Saturday of the second week of Great Lent - Coptic Lectionary - CopticChurch.net",Saturday of the second week of Great Lent,7
2031-03-02,"Readings for Sunday, March 2nd - Sunday of the second week of Great Lent - Coptic Lectionary - CopticChurch.net",Sunday of the second week of Great Lent,9
2031-03-03,"Readings for Monday, March 3rd - Monday of the third week of Great Lent - Coptic Lectionary - CopticChurch.net",Monday of the third week of Great Lent,7
2031-03-04,"Readings for Tuesday, March 4th - Tuesday of the third week of Great Lent - Coptic Lectionary - CopticChurch.net",Tuesday of the third week of Great Lent,7
2031-03-05,"Readings for Wednesday, March 5th - Wednesday of the third week of Great Lent - Coptic Lectionary - CopticChurch.net",Wednesday of the third week of Great Lent,7
2031-03-06,"Readings for Thursday, March 6th - Thursday of the third week of Great Lent - Coptic Lectionary - CopticChurch.net",Thursday of the third week of Great Lent,7
2031-03-07,"Readings for Friday, March 7th - Friday of the third week of Great Lent - Coptic Lectionary - CopticChurch.net",Friday of the third week of Great Lent,7
2031-03-08,"Readings for Saturday, March 8th - Saturday of the third week of Great Lent - Coptic Lectionary - CopticChurch.net",Saturday of the third week of Great Lent,7
2031-03-09,"Readings for Sunday, March 9th - Sunday of the third week of Great Lent - Coptic Lectionary - CopticChurch.net",Sunday of the third week of Great Lent,9
2031-03-10,"Readings for Monday, March 10th - Monday of the fourth week of Great Lent - Coptic Lectionary - CopticChurch.net",Monday of the fourth week of Great Lent,7
2031-03-11,"Readings for Tuesday, March 11th - Tuesday of the fourth week of Great Lent - Coptic Lectionary - CopticChurch.net",Tuesday of the fourth week of Great Lent,7
2031-03-12,"Readings for Wednesday, March 12th - Wednesday of the fourth week of Great Lent - Coptic Lectionary - CopticChurch.net",Wednesday of the fourth week of Great Lent,7
2031-03-13,"Readings for Thursday, March 13th - Thursday of the fourth week of Great Lent - Coptic Lectionary - CopticChurch.net",Thursday of the fourth week of Great Lent,7
2031-03-14,"Readings for Friday, March 14th - Friday of the fourth week of Great Lent - Coptic Lectionary - CopticChurch.net",Friday of the fourth week of Great Lent,7
2031-03-15,"Readings for Saturday, March 15th - Saturday of the fourth week of Great Lent - Coptic Lectionary - CopticChurch.net",Saturday of the fourth week of Great Lent,7
2031-03-16,"Readings for Sunday, March 16th - Sunday of the fourth week of Great Lent - Coptic Lectionary - CopticChurch.net",Sunday of the fourth week of Great Lent,9
2031-03-17,"Readings for Monday, March 17th - Monday of the fifth week of Great Lent - Coptic Lectionary - CopticChurch.net",Monday of the fifth week of Great Lent,7
2031-03-18,"Readings for Tuesday, March 18th - Tuesday of the fifth week of Great Lent - Coptic Lectionary - CopticChurch.net",Tuesday of the fifth week of Great Lent,7
2031-03-19,"Readings for Wednesday, March 19th - Wednesday of the fifth week of Great Lent <br>(Feast of the Cross - Readings of 10th Baramhat) - Coptic Lectionary - CopticChurch.net",Wednesday of the fifth week of Great Lent <br>(Feast of the Cross - Readings of 10th Baramhat),9
2031-03-20,"Readings for Thursday, March 20th - Thursday of the fifth week of Great Lent - Coptic Lectionary - CopticChurch.net",Thursday of the fifth week of Great Lent,7
2031-03-21,"Readings for Friday, March 21st - Friday of the fifth week of Great Lent - Coptic Lectionary - CopticChurch.net",Friday of the fifth week of Great Lent,7
2031-03-22,"Readings for Saturday, March 22nd - Saturday of the fifth week of Great Lent - Coptic Lectionary - CopticChurch.net",Saturday of the fifth week of Great Lent,7
2031-03-23,"Readings for Sunday, March 23rd - Sunday of the fifth week of Great Lent - Coptic Lectionary - CopticChurch.net",Sunday of the fifth week of Great Lent,9
2031-03-24,"Readings for Monday, March 24th - Monday of the sixth week of Great Lent - Coptic Lectionary - CopticChurch.net",Monday of the sixth week of Great Lent,7
2031-03-25,"Readings for Tuesday, March 25th - Tuesday of the sixth week of Great Lent - Coptic Lectionary - CopticChurch.net",Tuesday of the sixth week of Great Lent,7
2031-03-26,"Readings for Wednesday, March 26th - Wednesday of the sixth week of Great Lent - Coptic Lectionary - CopticChurch.net",Wednesday of the sixth week of Great Lent,7
2031-03-27,"Readings for Thursday, March 27th - Thursday of the sixth week of Great Lent - Coptic Lectionary - CopticChurch.net",Thursday of the sixth week of Great Lent,7
2031-03-28,"Readings for Friday, March 28th - Friday of the sixth week of Great Lent - Coptic Lectionary - CopticChurch.net",Friday of the sixth week of Great Lent,7
2031-03-29,"Readings for Saturday, March 29th - Saturday of the sixth week of Great Lent - Coptic Lectionary - CopticChurch.net",Saturday of the sixth week of Great Lent,7
2031-03-30,"Readings for Sunday, March 30th - Sunday of the sixth week of Great Lent - Coptic Lectionary - CopticChurch.net",Sunday of the sixth week of Great Lent,9
2031-03-31,"Readings for Monday, March 31st - Monday of the seventh week of Great Lent - Coptic Lectionary - CopticChurch.net",Monday of the seventh week of Great Lent,7
2031-04-01,"Readings for Tuesday, April 1st - Tuesday of the seventh week of Great Lent - Coptic Lectionary - CopticChurch.net",Tuesday of the seventh week of Great Lent,7
2031-04-02,"Readings for Wednesday, April 2nd - Wednesday of the seventh week of Great Lent - Coptic Lectionary - CopticChurch.net",Wednesday of the seventh week of Great Lent,7
2031-04-03,"Readings for Thursday, April 3rd - Thursday of the seventh week of Great Lent - Coptic Lectionary - CopticChurch.net",Thursday of the seventh week of Great Lent,7
2031-04-04,"Readings for Friday, April 4th - Friday of the seventh week of Great Lent - Coptic Lectionary - CopticChurch.net",Friday of the seventh week of Great Lent,7
2031-04-05,"Readings for Saturday, April 5th - Lazarus Saturday of Great Lent - Coptic Lectionary - CopticChurch.net",Lazarus Saturday of Great Lent,7
2031-04-06,"Readings for Sunday, April 6th - Palm Sunday - Coptic Lectionary - CopticChurch.net",Palm Sunday,9
2031-04-07,"Readings for Monday, April 7th - Annunciation - Coptic Lectionary - CopticChurch.net",Annunciation,9
2031-04-08,"Readings for Tuesday, April 8th - Tuesday of Holy Week - Coptic Lectionary - CopticChurch.net",Tuesday of Holy Week,0
2031-04-09,"Readings for Wednesday, April 9th - Wednesday of Holy Week - Coptic Lectionary - CopticChurch.net",Wednesday of Holy Week,0
2031-04-10,"Readings for Thursday, April 10th - Holy Thursday - Coptic Lectionary - CopticChurch.net",Holy Thursday,0
2031-04-11,"Readings for Friday, April 11th - Good Friday - Coptic Lectionary - CopticChurch.net",Good Friday,0
2031-04-12,"Readings for Saturday, April 12th - Bright Saturday - Coptic Lectionary - CopticChurch.net",Bright Saturday,0
2031-04-13,"Readings for Sunday, April 13th - The Feast of Resurrection - Coptic Lectionary - CopticChurch.net",The Feast of Resurrection,7
2031-04-14,"Readings for Monday, April 14th - Monday of the first week of the holy fifty days - Coptic Lectionary - CopticChurch.net",Monday of the first week of the holy fifty days,9
2031-04-15,"Readings for Tuesday, April 15th - Tuesday of the first week of the holy fifty days - Coptic Lectionary - CopticChurch.net",Tuesday of the first week of the holy fifty days,9
2031-04-16,"Readings for Wednesday, April 16th - Wednesday of the first week of the holy fifty days - Coptic Lectionary - CopticChurch.net",Wednesday of the first week of the holy fifty days,9
2031-04-17,"Readings for Thursday, April 17th - Thursday of the first week of the holy fifty days - Coptic Lectionary - CopticChurch.net",Thursday of the first week of the holy fifty days,9
2031-04-18,"Readings for Friday, April 18th - Friday of the first week of the holy fifty days - Coptic Lectionary - CopticChurch.net",Friday of the first week of the holy fifty days,9
2031-04-19,"Readings for Saturday, April 19th - Saturday of the first week of the holy fifty days - Coptic Lectionary - CopticChurch.net",Saturday of the first week of the holy fifty days,9
2031-04-20,"Readings for Sunday, April 20th - Thomas Sunday - Coptic Lectionary - CopticChurch.net",Thomas Sunday,9
2031-04-21,"Readings for Monday, April 21st - Monday of the second week of the holy fifty days - Coptic Lectionary - CopticChurch.net",Monday of the second week of the holy fifty days,9
2031-04-22,"Readings for Tuesday, April 22nd - Tuesday of the second week of the holy fifty days - Coptic Lectionary - CopticChurch.net",Tuesday of the second week of the holy fifty days,9
2031-04-23,"Readings for Wednesday, April 23rd - Wednesday of the second week of the holy fifty days - Coptic Lectionary - CopticChurch.net",Wednesday of the second week of the holy fifty days,9
2031-04-24,"Readings for Thursday, April 24th - Thursday of the second week of the holy fifty days - Coptic Lectionary - CopticChurch.net",Thursday of the second week of the holy fifty days,9
2031-04-25,"Readings for Friday, April 25th - Friday of the second week of the holy fifty days - Coptic Lectionary - CopticChurch.net",Friday of the second week of the holy fifty days,9
2031-04-26,"Readings for Saturday, April 26th - Saturday of the second week of the holy fifty days - Coptic Lectionary - CopticChurch.net",Saturday of the second week of the holy fifty days,9
2031-04-27,"Readings for Sunday, April 27th - Sunday of the second week of the holy fifty days - Coptic Lectionary - CopticChurch.net",Sunday of the second week of the holy fifty days,9
2031-04-28,"Readings for Monday, April 28th - Monday of the third week of the holy fifty days - Coptic Lectionary - CopticChurch.net",Monday of the third week of the holy fifty days,9
2031-04-29,"Readings for Tuesday, April 29th - Tuesday of the third week of the holy fifty days - Coptic Lectionary - CopticChurch.net",Tuesday of the third week of the holy fifty days,9
2031-04-30,"Readings for Wednesday, April 30th - Wednesday of the third week of the holy fifty days - Coptic Lectionary - CopticChurch.net",Wednesday of the third week of the holy fifty days,9
2031-05-01,"Readings for Thursday, May 1st - Thursday of the third week of the holy fifty days - Coptic Lectionary - CopticChurch.net",Thursday of the third week of the holy fifty days,9
2031-05-02,"Readings for Friday, May 2nd - Friday of the third week of the holy fifty days - Coptic Lectionary - CopticChurch.net",Friday of the third week of the holy fifty days,9
2031-05-03,"Readings for Saturday, May 3rd - Saturday of the third week of the holy fifty days - Coptic Lectionary - CopticChurch.net",Saturday of the third week of the holy fifty days,9
2031-05-04,"Readings for Sunday, May 4th - Sunday of the third week of the holy fifty days - Coptic Lectionary - CopticChurch.net",Sunday of the third week of the holy fifty days,9
2031-05-05,"Readings for Monday, May 5th - Monday of the fourth week of the holy fifty days - Coptic Lectionary - CopticChurch.net",Monday of the fourth week of the holy fifty days,9
2031-05-06,"Readings for Tuesday, May 6th - Tuesday of the fourth week of the holy fifty days - Coptic Lectionary - CopticChurch.net",Tuesday of the fourth week of the holy fifty days,9
2031-05-07,"Readings for Wednesday, May 7th - Wednesday of the fourth week of the holy fifty days - Coptic Lectionary - CopticChurch.net",Wednesday of the fourth week of the holy fifty days,9
2031-05-08,"Readings for Thursday, May 8th - Thursday of the fourth week of the holy fifty days - Coptic Lectionary - CopticChurch.net",Thursday of the fourth week of the holy fifty days,9
2031-05-09,"Readings for Friday, May 9th - Friday of the fourth week of the holy fifty days - Coptic Lectionary - CopticChurch.net",Friday of the fourth week of the holy fifty days,9
2031-05-10,"Readings for Saturday, May 10th - Saturday of the fourth week of the holy fifty days - Coptic Lectionary - CopticChurch.net",Saturday of the fourth week of the holy fifty days,9
2031-05-11,"Readings for Sunday, May 11th - Sunday of the fourth week of the holy fifty days - Coptic Lectionary - CopticChurch.net",Sunday of the fourth week of the holy fifty days,9
2031-05-12,"Readings for Monday, May 12th - Monday of the fifth week of the holy fifty days - Coptic Lectionary - CopticChurch.net",Monday of the fifth week of the holy fifty days,9
2031-05-13,"Readings for Tuesday, May 13th - Tuesday of the fifth week of the holy fifty days - Coptic Lectionary - CopticChurch.net",Tuesday of the fifth week of the holy fifty days,9
2031-05-14,"Readings for Wednesday, May 14th - Wednesday of the fifth week of the holy fifty days - Coptic Lectionary - CopticChurch.net",Wednesday of the fifth week of the holy fifty days,9
2031-05-15,"Readings for Thursday, May 15th - Thursday of the fifth week of the holy fifty days - Coptic Lectionary - CopticChurch.net",Thursday of the fifth week of the holy fifty days,9
2031-05-16,"Readings for Friday, May 16th - Friday of the fifth week of the holy fifty days - Coptic Lectionary - CopticChurch.net",Friday of the fifth week of the holy fifty days,9
2031-05-17,"Readings for Saturday, May 17th - Saturday of the fifth week of the holy fifty days - Coptic Lectionary - CopticChurch.net",Saturday of the fifth week of the holy fifty days,9
2031-05-18,"Readings for Sunday, May 18th - Sunday of the fifth week of the holy fifty days - Coptic Lectionary - CopticChurch.net",Sunday of the fifth week of the holy fifty days,9
2031-05-19,"Readings for Monday, May 19th - Monday of the sixth week of the holy fifty days - Coptic Lectionary - CopticChurch.net",Monday of the sixth week of the holy fifty days,9
2031-05-20,"Readings for Tuesday, May 20th - Tuesday of the sixth week of the holy fifty days - Coptic Lectionary - CopticChurch.net",Tuesday of the sixth week of the holy fifty days,9
2031-05-21,"Readings for Wednesday, May 21st - Wednesday of the sixth week of the holy fifty days - Coptic Lectionary - CopticChurch.net",Wednesday of the sixth week of the holy fifty days,9
2031-05-22,"Readings for Thursday, May 22nd - The Feast of the Ascension - Coptic Lectionary - CopticChurch.net",The Feast of the Ascension,9
2031-05-23,"Readings for Friday, May 23rd - Friday of the sixth week of the holy fifty days - Coptic Lectionary - CopticChurch.net",Friday of the sixth week of the holy fifty days,9
2031-05-24,"Readings for Saturday, May 24th - Saturday of the sixth week of the holy fifty days - Coptic Lectionary - CopticChurch.net",Saturday of the sixth week of the holy fifty days,9
2031-05-25,"Readings for Sunday, May 25th - Sunday of the sixth week of the holy fifty days - Coptic Lectionary - CopticChurch.net",Sunday of the sixth week of the holy fifty days,9
2031-05-26,"Readings for Monday, May 26th - Monday of the seventh week of the holy fifty days - Coptic Lectionary - CopticChurch.net",Monday of the seventh week of the holy fifty days,9
2031-05-27,"Readings for Tuesday, May 27th - Tuesday of the seventh week of the holy fifty days - Coptic Lectionary - CopticChurch.net",Tuesday of the seventh week of the holy fifty days,9
2031-05-28,"Readings for Wednesday, May 28th - Wednesday of the seventh week of the holy fifty days - Coptic Lectionary - CopticChurch.net",Wednesday of the seventh week of the holy fifty days,9
2031-05-29,"Readings for Thursday, May 29th - Thursday of the seventh week of the holy fifty days - Coptic Lectionary - CopticChurch.net",Thursday of the seventh week of the holy fifty days,9
2031-05-30,"Readings for Friday, May 30th - Friday of the seventh week of the holy fifty days - Coptic Lectionary - CopticChurch.net",Friday of the seventh week of the holy fifty days,9
2031-05-31,"Readings for Saturday, May 31st - Saturday of the seventh week of the holy fifty days - Coptic Lectionary - CopticChurch.net",Saturday of the seventh week of the holy fifty days,9
2031-06-01,"Readings for Sunday, June 1st - Pentecost - Coptic Lectionary - CopticChurch.net",Pentecost,9
2031-06-02,"Readings for Monday, June 2nd - Bashons 25 - Coptic Lectionary - CopticChurch.net",Bashons 25,9
2031-06-03,"Readings for Tuesday, June 3rd - Bashons 26 - Coptic Lectionary - CopticChurch.net",Bashons 26,9
2031-06-04,"Readings for Wednesday, June 4th - Bashons 27 - Coptic Lectionary - CopticChurch.net",Bashons 27,9
2031-06-05,"Readings for Thursday, June 5th - Bashons 28 - Coptic Lectionary - CopticChurch.net",Bashons 28,9
2031-06-06,"Readings for Friday, June 6th - Bashons 29 - Coptic Lectionary - CopticChurch.net",Bashons 29,9
2031-06-07,"Readings for Saturday, June 7th - Bashons 30 - Coptic Lectionary - CopticChurch.net",Bashons 30,9
2031-06-08,"Readings for Sunday, June 8th - The first Sunday of Paona - Coptic Lectionary - CopticChurch.net",The first Sunday of Paona,9
2031-06-09,"Readings for Monday, June 9th - Paona 2 - Coptic Lectionary - CopticChurch.net",Paona 2,9
2031-06-10,"Readings for Tuesday, June 10th - Paona 3 - Coptic Lectionary - CopticChurch.net",Paona 3,9
2031-06-11,"Readings for Wednesday, June 11th - Paona 4 - Coptic Lectionary - CopticChurch.net",Paona 4,9
2031-06-12,"Readings for Thursday, June 12th - Paona 5 - Coptic Lectionary - CopticChurch.net",Paona 5,9
2031-06-13,"Readings for Friday, June 13th - Paona 6 - Coptic Lectionary - CopticChurch.net",Paona 6,9
2031-06-14,"Readings for Saturday, June 14th - Paona 7 - Coptic Lectionary - CopticChurch.net",Paona 7,9
2031-06-15,"Readings for Sunday, June 15th - The second Sunday of Paona - Coptic Lectionary - CopticChurch.net",The second Sunday of Paona,9
2031-06-16,"Readings for Monday, June 16th - Paona 9 - Coptic Lectionary - CopticChurch.net",Paona 9,9
2031-06-17,"Readings for Tuesday, June 17th - Paona 10 - Coptic Lectionary - CopticChurch.net",Paona 10,9
2031-06-18,"Readings for Wednesday, June 18th - Paona 11 - Coptic Lectionary - CopticChurch.net",Paona 11,9
2031-06-19,"Readings for Thursday, June 19th - Paona 12 - Coptic Lectionary - CopticChurch.net",Paona 12,9
2031-06-20,"Readings for Friday, June 20th - Paona 13 - Coptic Lectionary - CopticChurch.net",Paona 13,9
2031-06-21,"Readings for Saturday, June 21st - Paona 14 - Coptic Lectionary - CopticChurch.net",Paona 14,9
2031-06-22,"Readings for Sunday, June 22nd - The third Sunday of Paona - Coptic Lectionary - CopticChurch.net",The third Sunday of Paona,9
2031-06-23,"Readings for Monday, June 23rd - Paona 16 - Coptic Lectionary - CopticChurch.net",Paona 16,9
2031-06-24,"Readings for Tuesday, June 24th - Paona 17 - Coptic Lectionary - CopticChurch.net",Paona 17,9
2031-06-25,"Readings for Wednesday, June 25th - Paona 18 - Coptic Lectionary - CopticChurch.net",Paona 18,9
2031-06-26,"Readings for Thursday, June 26th - Paona 19 - Coptic Lectionary - CopticChurch.net",Paona 19,9
2031-06-27,"Readings for Friday, June 27th - Paona 20 - Coptic Lectionary - CopticChurch.net",Paona 20,9
2031-06-28,"Readings for Saturday, June 28th - Paona 21 - Coptic Lectionary - CopticChurch.net",Paona 21,9
2031-06-29,"Readings for Sunday, June 29th - The fourth Sunday of Paona - Coptic Lectionary - CopticChurch.net",The fourth Sunday of Paona,9
2031-06-30,"Readings for Monday, June 30th - Paona 23 - Coptic Lectionary - CopticChurch.net",Paona 23,9
2031-07-01,"Readings for Tuesday, July 1st - Paona 24 - Coptic Lectionary - CopticChurch.net",Paona 24,9
2031-07-02,"Readings for Wednesday, July 2nd - Paona 25 - Coptic Lectionary - CopticChurch.net",Paona 25,9
2031-07-03,"Readings for Thursday, July 3rd - Paona 26 - Coptic Lectionary - CopticChurch.net",Paona 26,9
2031-07-04,"Readings for Friday, July 4th - Paona 27 - Coptic Lectionary - CopticChurch.net",Paona 27,9
2031-07-05,"Readings for Saturday, July 5th - Paona 28 - Coptic Lectionary - CopticChurch.net",Paona 28,9
2031-07-06,"Readings for Sunday, July 6th - The fifth Sunday of Paona (Readings of 29th Baramhat) - Coptic Lectionary - CopticChurch.net",The fifth Sunday of Paona (Readings of 29th Baramhat),9
2031-07-07,"Readings for Monday, July 7th - Paona 30 - Coptic Lectionary - CopticChurch.net",Paona 30,9
2031-07-08,"Readings for Tuesday, July 8th - Abib 1 - Coptic Lectionary - CopticChurch.net",Abib 1,9
2031-07-09,"Readings for Wednesday, July 9th - Abib 2 - Coptic Lectionary - CopticChurch.net",Abib 2,9
2031-07-10,"Readings for Thursday, July 10th - Abib 3 - Coptic Lectionary - CopticChurch.net",Abib 3,9
2031-07-11,"Readings for Friday, July 11th - Abib 4 - Coptic Lectionary - CopticChurch.net",Abib 4,9
2031-07-12,"Readings for Saturday, July 12th - Abib 5 (Apostle's Feast) - Coptic Lectionary - CopticChurch.net",Abib 5 (Apostle's Feast),9
2031-07-13,"Readings for Sunday, July 13th - The first Sunday of Abib - Coptic Lectionary - CopticChurch.net",The first Sunday of Abib,9
2031-07-14,"Readings for Monday, July 14th - Abib 7 - Coptic Lectionary - CopticChurch.net",Abib 7,9
2031-07-15,"Readings for Tuesday, July 15th - Abib 8 - Coptic Lectionary - CopticChurch.net",Abib 8,9
2031-07-16,"Readings for Wednesday, July 16th - Abib 9 - Coptic Lectionary - CopticChurch.net",Abib 9,9
2031-07-17,"Readings for Thursday, July 17th - Abib 10 - Coptic Lectionary - CopticChurch.net",Abib 10,9
2031-07-18,"Readings for Friday, July 18th - Abib 11 - Coptic Lectionary - CopticChurch.net",Abib 11,9
2031-07-19,"Readings for Saturday, July 19th - Abib 12 - Coptic Lectionary - CopticChurch.net",Abib 12,9
2031-07-20,"Readings for Sunday, July 20th - The second Sunday of Abib - Coptic Lectionary - CopticChurch.net",The second Sunday of Abib,9
2031-07-21,"Readings for Monday, July 21st - Abib 14 - Coptic Lectionary - CopticChurch.net",Abib 14,9
2031-07-22,"Readings for Tuesday, July 22nd - Abib 15 - Coptic Lectionary - CopticChurch.net",Abib 15,9
2031-07-23,"Readings for Wednesday, July 23rd - Abib 16 - Coptic Lectionary - CopticChurch.net",Abib 16,9
2031-07-24,"Readings for Thursday, July 24th - Abib 17 - Coptic Lectionary - CopticChurch.net",Abib 17,9
2031-07-25,"Readings for Friday, July 25th - Abib 18 - Coptic Lectionary - CopticChurch.net",Abib 18,9
2031-07-26,"Readings for Saturday, July 26th - Abib 19 - Coptic Lectionary - CopticChurch.net",Abib 19,9
2031-07-27,"Readings for Sunday, July 27th - The third Sunday of Abib - Coptic Lectionary - CopticChurch.net",The third Sunday of Abib,9
2031-07-28,"Readings for Monday, July 28th - Abib 21 - Coptic Lectionary - CopticChurch.net",Abib 21,9
2031-07-29,"Readings for Tuesday, July 29th - Abib 22 - Coptic Lectionary - CopticChurch.net",Abib 22,9
2031-07-30,"Readings for Wednesday, July 30th - Abib 23 - Coptic Lectionary - CopticChurch.net",Abib 23,9
2031-07-31,"Readings for Thursday, July 31st - Abib 24 - Coptic Lectionary - CopticChurch.net",Abib 24,9
2031-08-01,"Readings for Friday, August 1st - Abib 25 - Coptic Lectionary - CopticChurch.net",Abib 25,9
2031-08-02,"Readings for Saturday, August 2nd - Abib 26 - Coptic Lectionary - CopticChurch.net",Abib 26,9
2031-08-03,"Readings for Sunday, August 3rd - The fourth Sunday of Abib - Coptic Lectionary - CopticChurch.net",The fourth Sunday of Abib,9
2031-08-04,"Readings for Monday, August 4th - Abib 28 - Coptic Lectionary - CopticChurch.net",Abib 28,9
2031-08-05,"Readings for Tuesday, August 5th - Abib 29 - Coptic Lectionary - CopticChurch.net",Abib 29,9
2031-08-06,"Readings for Wednesday, August 6th - Abib 30 - Coptic Lectionary - CopticChurch.net",Abib 30,9
2031-08-07,"Readings for Thursday, August 7th - St Mary's Fast - Coptic Lectionary - CopticChurch.net",St Mary's Fast,9
2031-08-08,"Readings for Friday, August 8th - Mesra 2 - Coptic Lectionary - CopticChurch.net",Mesra 2,9
2031-08-09,"Readings for Saturday, August 9th - Mesra 3 - Coptic Lectionary - CopticChurch.net",Mesra 3,9
2031-08-10,"Readings for Sunday, August 10th - The first Sunday of Mesra - Coptic Lectionary - CopticChurch.net",The first Sunday of Mesra,9
2031-08-11,"Readings for Monday, August 11th - Mesra 5 - Coptic Lectionary - CopticChurch.net",Mesra 5,9
2031-08-12,"Readings for Tuesday, August 12th - Mesra 6 - Coptic Lectionary - CopticChurch.net",Mesra 6,9
2031-08-13,"Readings for Wednesday, August 13th - Mesra 7 - Coptic Lectionary - CopticChurch.net",Mesra 7,9
2031-08-14,"Readings for Thursday, August 14th - Mesra 8 - Coptic Lectionary - CopticChurch.net",Mesra 8,9
2031-08-15,"Readings for Friday, August 15th - Mesra 9 - Coptic Lectionary - CopticChurch.net",Mesra 9,9
2031-08-16,"Readings for Saturday, August 16th - Mesra 10 - Coptic Lectionary - CopticChurch.net",Mesra 10,9
2031-08-17,"Readings for Sunday, August 17th - The second Sunday of Mesra - Coptic Lectionary - CopticChurch.net",The second Sunday of Mesra,9
2031-08-18,"Readings for Monday, August 18th - Mesra 12 - Coptic Lectionary - CopticChurch.net",Mesra 12,9
2031-08-19,"Readings for Tuesday, August 19th - Transfiguration - Coptic Lectionary - CopticChurch.net",Transfiguration,9
2031-08-20,"Readings for Wednesday, August 20th - Mesra 14 - Coptic Lectionary - CopticChurch.net",Mesra 14,9
2031-08-21,"Readings for Thursday, August 21st - Mesra 15 - Coptic Lectionary - CopticChurch.net",Mesra 15,9
2031-08-22,"Readings for Friday, August 22nd - Mesra 16 (St Mary's Feast) - Coptic Lectionary - CopticChurch.net",Mesra 16 (St Mary's Feast),9
2031-08-23,"Readings for Saturday, August 23rd - Mesra 17 - Coptic Lectionary - CopticChurch.net",Mesra 17,9
2031-08-24,"Readings for Sunday, August 24th - The third Sunday of Mesra - Coptic Lectionary - CopticChurch.net",The third Sunday of Mesra,9
2031-08-25,"Readings for Monday, August 25th - Mesra 19 - Coptic Lectionary - CopticChurch.net",Mesra 19,9
2031-08-26,"Readings for Tuesday, August 26th - Mesra 20 - Coptic Lectionary - CopticChurch.net",Mesra 20,9
2031-08-27,"Readings for Wednesday, August 27th - Mesra 21 - Coptic Lectionary - CopticChurch.net",Mesra 21,9
2031-08-28,"Readings for Thursday, August 28th - Mesra 22 - Coptic Lectionary - CopticChurch.net",Mesra 22,9
2031-08-29,"Readings for Friday, August 29th - Mesra 23 - Coptic Lectionary - CopticChurch.net",Mesra 23,9
2031-08-30,"Readings for Saturday, August 30th - Mesra 24 - Coptic Lectionary - CopticChurch.net",Mesra 24,9
2031-08-31,"Readings for Sunday, August 31st - The fourth Sunday of Mesra - Coptic Lectionary - CopticChurch.net",The fourth Sunday of Mesra,9
2031-09-01,"Readings for Monday, September 1st - Mesra 26 - Coptic Lectionary - CopticChurch.net",Mesra 26,9
2031-09-02,"Readings for Tuesday, September 2nd - Mesra 27 - Coptic Lectionary - CopticChurch.net",Mesra 27,9
2031-09-03,"Readings for Wednesday, September 3rd - Mesra 28 - Coptic Lectionary - CopticChurch.net",Mesra 28,9
2031-09-04,"Readings for Thursday, September 4th - Mesra 29 - Coptic Lectionary - CopticChurch.net",Mesra 29,9
2031-09-05,"Readings for Friday, September 5th - Mesra 30 - Coptic Lectionary - CopticChurch.net",Mesra 30,9
2031-09-06,"Readings for Saturday, September 6th - Nasie 1 - Coptic Lectionary - CopticChurch.net",Nasie 1,9
2031-09-07,"Readings for Sunday, September 7th - The first Sunday of Nasie - Coptic Lectionary - CopticChurch.net",The first Sunday of Nasie,9
2031-09-08,"Readings for Monday, September 8th - Nasie 3 - Coptic Lectionary - CopticChurch.net",Nasie 3,9
2031-09-09,"Readings for Tuesday, September 9th - Nasie 4 - Coptic Lectionary - CopticChurch.net",Nasie 4,9
2031-09-10,"Readings for Wednesday, September 10th - Nasie 5 - Coptic Lectionary - CopticChurch.net",Nasie 5,9
2031-09-11,"Readings for Thursday, September 11th - Nasie 6 - Coptic Lectionary - CopticChurch.net",Nasie 6,9
2031-09-12,"Readings for Friday, September 12th - Tout 1 - Coptic Lectionary - CopticChurch.net",Tout 1,9
2031-09-13,"Readings for Saturday, September 13th - Tout 2 - Coptic Lectionary - CopticChurch.net",Tout 2,9
2031-09-14,"Readings for Sunday, September 14th - The first Sunday of Tout - Coptic Lectionary - CopticChurch.net",The first Sunday of Tout,9
2031-09-15,"Readings for Monday, September 15th - Tout 4 - Coptic Lectionary - CopticChurch.net",Tout 4,9
2031-09-16,"Readings for Tuesday, September 16th - Tout 5 - Coptic Lectionary - CopticChurch.net",Tout 5,9
2031-09-17,"Readings for Wednesday, September 17th - Tout 6 - Coptic Lectionary - CopticChurch.net",Tout 6,9
2031-09-18,"Readings for Thursday, September 18th - Tout 7 - Coptic Lectionary - CopticChurch.net",Tout 7,9
2031-09-19,"Readings for Friday, September 19th - Tout 8 - Coptic Lectionary - CopticChurch.net",Tout 8,9
2031-09-20,"Readings for Saturday, September 20th - Tout 9 - Coptic Lectionary - CopticChurch.net",Tout 9,9
2031-09-21,"Readings for Sunday, September 21st - The second Sunday of Tout - Coptic Lectionary - CopticChurch.net",The second Sunday of Tout,9
2031-09-22,"Readings for Monday, September 22nd - Tout 11 - Coptic Lectionary - CopticChurch.net",Tout 11,9
2031-09-23,"Readings for Tuesday, September 23rd - Tout 12 - Coptic Lectionary - CopticChurch.net",Tout 12,9
2031-09-24,"Readings for Wednesday, September 24th - Tout 13 - Coptic Lectionary - CopticChurch.net",Tout 13,9
2031-09-25,"Readings for Thursday, September 25th - Tout 14 - Coptic Lectionary - CopticChurch.net",Tout 14,9
2031-09-26,"Readings for Friday, September 26th - Tout 15 - Coptic Lectionary - CopticChurch.net",Tout 15,9
2031-09-27,"Readings for Saturday, September 27th - Tout 16 - Coptic Lectionary - CopticChurch.net",Tout 16,9
2031-09-28,"Readings for Sunday, September 28th - Sunday, Tout 17 (Feast of the Cross) - Coptic Lectionary - CopticChurch.net","Sunday, Tout 17 (Feast of the Cross)",9
2031-09-29,"Readings for Monday, September 29th - Tout 18 (Feast of the Cross) - Coptic Lectionary - CopticChurch.net",Tout 18 (Feast of the Cross),9
2031-09-30,"Readings for Tuesday, September 30th - Tout 19 (Feast of the Cross) - Coptic Lectionary - CopticChurch.net",Tout 19 (Feast of the Cross),9
2031-10-01,"Readings for Wednesday, October 1st - Tout 20 - Coptic Lectionary - CopticChurch.net",Tout 20,9
2031-10-02,"Readings for Thursday, October 2nd - Tout 21 - Coptic Lectionary - CopticChurch.net",Tout 21,9
2031-10-03,"Readings for Friday, October 3rd - Tout 22 - Coptic Lectionary - CopticChurch.net",Tout 22,9
2031-10-04,"Readings for Saturday, October 4th - Tout 23 - Coptic Lectionary - CopticChurch.net",Tout 23,9
2031-10-05,"Readings for Sunday, October 5th - The fourth Sunday of Tout - Coptic Lectionary - CopticChurch.net",The fourth Sunday of Tout,9
2031-10-06,"Readings for Monday, October 6th - Tout 25 - Coptic Lectionary - CopticChurch.net",Tout 25,9
2031-10-07,"Readings for Tuesday, October 7th - Tout 26 - Coptic Lectionary - CopticChurch.net",Tout 26,9
2031-10-08,"Readings for Wednesday, October 8th - Tout 27 - Coptic Lectionary - CopticChurch.net",Tout 27,9
2031-10-09,"Readings for Thursday, October 9th - Tout 28 - Coptic Lectionary - CopticChurch.net",Tout 28,9
2031-10-10,"Readings for Friday, October 10th - Tout 29 - Coptic Lectionary - CopticChurch.net",Tout 29,9
2031-10-11,"Readings for Saturday, October 11th - Tout 30 - Coptic Lectionary - CopticChurch.net",Tout 30,9
2031-10-12,"Readings for Sunday, October 12th - The first Sunday of Baba - Coptic Lectionary - CopticChurch.net",The first Sunday of Baba,9
2031-10-13,"Readings for Monday, October 13th - Baba 2 - Coptic Lectionary - CopticChurch.net",Baba 2,9
2031-10-14,"Readings for Tuesday, October 14th - Baba 3 - Coptic Lectionary - CopticChurch.net",Baba 3,9
2031-10-15,"Readings for Wednesday, October 15th - Baba 4 - Coptic Lectionary - CopticChurch.net",Baba 4,9
2031-10-16,"Readings for Thursday, October 16th - Baba 5 - Coptic Lectionary - CopticChurch.net",Baba 5,9
2031-10-17,"Readings for Friday, October 17th - Baba 6 - Coptic Lectionary - CopticChurch.net",Baba 6,9
2031-10-18,"Readings for Saturday, October 18th - Baba 7 - Coptic Lectionary - CopticChurch.net",Baba 7,9
2031-10-19,"Readings for Sunday, October 19th - The second Sunday of Baba - Coptic Lectionary - CopticChurch.net",The second Sunday of Baba,9
2031-10-20,"Readings for Monday, October 20th - Baba 9 - Coptic Lectionary - CopticChurch.net",Baba 9,9
2031-10-21,"Readings for Tuesday, October 21st - Baba 10 - Coptic Lectionary - CopticChurch.net",Baba 10,9
2031-10-22,"Readings for Wednesday, October 22nd - Baba 11 - Coptic Lectionary - CopticChurch.net",Baba 11,9
2031-10-23,"Readings for Thursday, October 23rd - Baba 12 - Coptic Lectionary - CopticChurch.net",Baba 12,9
2031-10-24,"Readings for Friday, October 24th - Baba 13 - Coptic Lectionary - CopticChurch.net",Baba 13,9
2031-10-25,"Readings for Saturday, October 25th - Baba 14 - Coptic Lectionary - CopticChurch.net",Baba 14,9
2031-10-26,"Readings for Sunday, October 26th - The third Sunday of Baba - Coptic Lectionary - CopticChurch.net",The third Sunday of Baba,9
2031-10-27,"Readings for Monday, October 27th - Baba 16 - Coptic Lectionary - CopticChurch.net",Baba 16,9
2031-10-28,"Readings for Tuesday, October 28th - Baba 17 - Coptic Lectionary - CopticChurch.net",Baba 17,9
2031-10-29,"Readings for Wednesday, October 29th - Baba 18 - Coptic Lectionary - CopticChurch.net",Baba 18,9
2031-10-30,"Readings for Thursday, October 30th - Baba 19 - Coptic Lectionary - CopticChurch.net",Baba 19,9
2031-10-31,"Readings for Friday, October 31st - Baba 20 - Coptic Lectionary - CopticChurch.net",Baba 20,9
2031-11-01,"Readings for Saturday, November 1st - Baba 21 - Coptic Lectionary - CopticChurch.net",Baba 21,9
2031-11-02,"Readings for Sunday, November 2nd - The fourth Sunday of Baba - Coptic Lectionary - CopticChurch.net",The fourth Sunday of Baba,9
2031-11-03,"Readings for Monday, November 3rd - Baba 23 - Coptic Lectionary - CopticChurch.net",Baba 23,9
2031-11-04,"Readings for Tuesday, November 4th - Baba 24 - Coptic Lectionary - CopticChurch.net",Baba 24,9
2031-11-05,"Readings for Wednesday, November 5th - Baba 25 - Coptic Lectionary - CopticChurch.net",Baba 25,9
2031-11-06,"Readings for Thursday, November 6th - Baba 26 - Coptic Lectionary - CopticChurch.net",Baba 26,9
2031-11-07,"Readings for Friday, November 7th - Baba 27 - Coptic Lectionary - CopticChurch.net",Baba 27,9
2031-11-08,"Readings for Saturday, November 8th - Baba 28 - Coptic Lectionary - CopticChurch.net",Baba 28,9
2031-11-09,"Readings for Sunday, November 9th - The fifth Sunday of Baba (Readings of 29th Baramhat) - Coptic Lectionary - CopticChurch.net",The fifth Sunday of Baba (Readings of 29th Baramhat),9
2031-11-10,"Readings for Monday, November 10th - Baba 30 - Coptic Lectionary - CopticChurch.net",Baba 30,9
2031-11-11,"Readings for Tuesday, November 11th - Hator 1 - Coptic Lectionary - CopticChurch.net",Hator 1,9
2031-11-12,"Readings for Wednesday, November 12th - Hator 2 - Coptic Lectionary - CopticChurch.net",Hator 2,9
2031-11-13,"Readings for Thursday, November 13th - Hator 3 - Coptic Lectionary - CopticChurch.net",Hator 3,9
2031-11-14,"Readings for Friday, November 14th - Hator 4 - Coptic Lectionary - CopticChurch.net",Hator 4,9
2031-11-15,"Readings for Saturday, November 15th - Hator 5 - Coptic Lectionary - CopticChurch.net",Hator 5,9
2031-11-16,"Readings for Sunday, November 16th - The first Sunday of Hator - Coptic Lectionary - CopticChurch.net",The first Sunday of Hator,9
2031-11-17,"Readings for Monday, November 17th - Hator 7 - Coptic Lectionary - CopticChurch.net",Hator 7,9
2031-11-18,"Readings for Tuesday, November 18th - Hator 8 - Coptic Lectionary - CopticChurch.net",Hator 8,9
2031-11-19,"Readings for Wednesday, November 19th - Hator 9 - Coptic Lectionary - CopticChurch.net",Hator 9,9
2031-11-20,"Readings for Thursday, November 20th - Hator 10 - Coptic Lectionary - CopticChurch.net",Hator 10,9
2031-11-21,"Readings for Friday, November 21st - Hator 11 - Coptic Lectionary - CopticChurch.net",Hator 11,9
2031-11-22,"Readings for Saturday, November 22nd - Hator 12 - Coptic Lectionary - CopticChurch.net",Hator 12,9
2031-11-23,"Readings for Sunday, November 23rd - The second Sunday of Hator - Coptic Lectionary - CopticChurch.net",The second Sunday of Hator,9
2031-11-24,"Readings for Monday, November 24th - Hator 14 - Coptic Lectionary - CopticChurch.net",Hator 14,9
2031-11-25,"Readings for Tuesday, November 25th - Hator 15 - Coptic Lectionary - CopticChurch.net",Hator 15,9
2031-11-26,"Readings for Wednesday, November 26th - Hator 16 of Christmas Fast - Coptic Lectionary - CopticChurch.net",Hator 16 of Christmas Fast,9
2031-11-27,"Readings for Thursday, November 27th - Hator 17 - Coptic Lectionary - CopticChurch.net",Hator 17,9
2031-11-28,"Readings for Friday, November 28th - Hator 18 - Coptic Lectionary - CopticChurch.net",Hator 18,9
2031-11-29,"Readings for Saturday, November 29th - Hator 19 - Coptic Lectionary - CopticChurch.net",Hator 19,9
2031-11-30,"Readings for Sunday, November 30th - The third Sunday of Hator - Coptic Lectionary - CopticChurch.net",The third Sunday of Hator,9
2031-12-01,"Readings for Monday, December 1st - Hator 21 - Coptic Lectionary - CopticChurch.net",Hator 21,9
2031-12-02,"Readings for Tuesday, December 2nd - Hator 22 - Coptic Lectionary - CopticChurch.net",Hator 22,9
2031-12-03,"Readings for Wednesday, December 3rd - Hator 23 - Coptic Lectionary - CopticChurch.net",Hator 23,9
2031-12-04,"Readings for Thursday, December 4th - Hator 24 - Coptic Lectionary - CopticChurch.net",Hator 24,9
2031-12-05,"Readings for Friday, December 5th - Hator 25 - Coptic Lectionary - CopticChurch.net",Hator 25,9
2031-12-06,"Readings for Saturday, December 6th - Hator 26 - Coptic Lectionary - CopticChurch.net",Hator 26,9
2031-12-07,"Readings for Sunday, December 7th - The fourth Sunday of Hator - Coptic Lectionary - CopticChurch.net",The fourth Sunday of Hator,9
2031-12-08,"Readings for Monday, December 8th - Hator 28 - Coptic Lectionary - CopticChurch.net",Hator 28,9
2031-12-09,"Readings for Tuesday, December 9th - Hator 29 - Coptic Lectionary - CopticChurch.net",Hator 29,9
2031-12-10,"Readings for Wednesday, December 10th - Hator 30 - Coptic Lectionary - CopticChurch.net",Hator 30,9
2031-12-11,"Readings for Thursday, December 11th - Kiak 1 - Coptic Lectionary - CopticChurch.net",Kiak 1,9
2031-12-12,"Readings for Friday, December 12th - Kiak 2 - Coptic Lectionary - CopticChurch.net",Kiak 2,9
2031-12-13,"Readings for Saturday, December 13th - Kiak 3 - Coptic Lectionary - CopticChurch.net",Kiak 3,9
2031-12-14,"Readings for Sunday, December 14th - The first Sunday of Kiak - Coptic Lectionary - CopticChurch.net",The first Sunday of Kiak,9
2031-12-15,"Readings for Monday, December 15th - Kiak 5 - Coptic Lectionary - CopticChurch.net",Kiak 5,9
2031-12-16,"Readings for Tuesday, December 16th - Kiak 6 - Coptic Lectionary - CopticChurch.net",Kiak 6,9
2031-12-17,"Readings for Wednesday, December 17th - Kiak 7 - Coptic Lectionary - CopticChurch.net",Kiak 7,9
2031-12-18,"Readings for Thursday, December 18th - Kiak 8 - Coptic Lectionary - CopticChurch.net",Kiak 8,9
2031-12-19,"Readings for Friday, December 19th - Kiak 9 - Coptic Lectionary - CopticChurch.net",Kiak 9,9
2031-12-20,"Readings for Saturday, December 20th - Kiak 10 - Coptic Lectionary - CopticChurch.net",Kiak 10,9
2031-12-21,"Readings for Sunday, December 21st - The second Sunday of Kiak - Coptic Lectionary - CopticChurch.net",The second Sunday of Kiak,9
2031-12-22,"Readings for Monday, December 22nd - Kiak 12 - Coptic Lectionary - CopticChurch.net",Kiak 12,9
2031-12-23,"Readings for Tuesday, December 23rd - Kiak 13 - Coptic Lectionary - CopticChurch.net",Kiak 13,9
2031-12-24,"Readings for Wednesday, December 24th - Kiak 14 - Coptic Lectionary - CopticChurch.net",Kiak 14,9
2031-12-25,"Readings for Thursday, December 25th - Kiak 15 - Coptic Lectionary - CopticChurch.net",Kiak 15,9
2031-12-26,"Readings for Friday, December 26th - Kiak 16 - Coptic Lectionary - CopticChurch.net",Kiak 16,9
2031-12-27,"Readings for Saturday, December 27th - Kiak 17 - Coptic Lectionary - CopticChurch.net",Kiak 17,9
2031-12-28,"Readings for Sunday, December 28th - The third Sunday of Kiak - Coptic Lectionary - CopticChurch.net",The third Sunday of Kiak,9
2031-12-29,"Readings for Monday, December 29th - Kiak 19 - Coptic Lectionary - CopticChurch.net",Kiak 19,9
2031-12-30,"Readings for Tuesday, December 30th - Kiak 20 - Coptic Lectionary - CopticChurch.net",Kiak 20,9
2031-12-31,"Readings for Wednesday, December 31st - Kiak 21 - Coptic Lectionary - CopticChurch.net",Kiak 21,9
2032-01-01,"Readings for Thursday, January 1st - Kiak 22 - Coptic Lectionary - CopticChurch.net",Kiak 22,9
2032-01-02,"Readings for Friday, January 2nd - Kiak 23 - Coptic Lectionary - CopticChurch.net",Kiak 23,9
2032-01-03,"Readings for Saturday, January 3rd - Kiak 24 - Coptic Lectionary - CopticChurch.net",Kiak 24,9
2032-01-04,"Readings for Sunday, January 4th - The fourth Sunday of Kiak - Coptic Lectionary - CopticChurch.net",The fourth Sunday of Kiak,9
2032-01-05,"Readings for Monday, January 5th - Kiak 26 - Coptic Lectionary - CopticChurch.net",Kiak 26,9
2032-01-06,"Readings for Tuesday, January 6th - Christmas Paramoune - Coptic Lectionary - CopticChurch.net",Christmas Paramoune,9
2032-01-07,"Readings for Wednesday, January 7th - Christmas - Coptic Lectionary - CopticChurch.net",Christmas,9
2032-01-08,"Readings for Thursday, January 8th - Christmas - Coptic Lectionary - CopticChurch.net",Christmas,9
2032-01-09,"Readings for Friday, January 9th - Kiak 30 - Coptic Lectionary - CopticChurch.net",Kiak 30,9
2032-01-10,"Readings for Saturday, January 10th - Toba 1 - Coptic Lectionary - CopticChurch.net",Toba 1,9
2032-01-11,"Readings for Sunday, January 11th - The first Sunday of Toba - Coptic Lectionary - CopticChurch.net",The first Sunday of Toba,9
2032-01-12,"Readings for Monday, January 12th - Toba 3 - Coptic Lectionary - CopticChurch.net",Toba 3,9
2032-01-13,"Readings for Tuesday, January 13th - Toba 4 - Coptic Lectionary - CopticChurch.net",Toba 4,9
2032-01-14,"Readings for Wednesday, January 14th - Toba 5 - Coptic Lectionary - CopticChurch.net",Toba 5,9
2032-01-15,"Readings for Thursday, January 15th - Circumcision of our Lord - Coptic Lectionary - CopticChurch.net",Circumcision of our Lord,9
2032-01-16,"Readings for Friday, January 16th - Toba 7 - Coptic Lectionary - CopticChurch.net",Toba 7,9
2032-01-17,"Readings for Saturday, January 17th - Toba 8 - Coptic Lectionary - CopticChurch.net",Toba 8,9
2032-01-18,"Readings for Sunday, January 18th - The second Sunday of Toba - Coptic Lectionary - CopticChurch.net",The second Sunday of Toba,9
2032-01-19,"Readings for Monday, January 19th - Epiphany Paramoune - Coptic Lectionary - CopticChurch.net",Epiphany Paramoune,9
2032-01-20,"Readings for Tuesday, January 20th - The Feast of Epiphany - Coptic Lectionary - CopticChurch.net",The Feast of Epiphany,9
2032-01-21,"Readings for Wednesday, January 21st - The Second Day of Feast of Epiphany - Coptic Lectionary - CopticChurch.net",The Second Day of Feast of Epiphany,9
2032-01-22,"Readings for Thursday, January 22nd - Wedding of Cana - Coptic Lectionary - CopticChurch.net",Wedding of Cana,9
2032-01-23,"Readings for Friday, January 23rd - Toba 14 - Coptic Lectionary - CopticChurch.net",Toba 14,9
2032-01-24,"Readings for Saturday, January 24th - Toba 15 - Coptic Lectionary - CopticChurch.net",Toba 15,9
2032-01-25,"Readings for Sunday, January 25th - The third Sunday of Toba - Coptic Lectionary - CopticChurch.net",The third Sunday of Toba,9
2032-01-26,"Readings for Monday, January 26th - Toba 17 - Coptic Lectionary - CopticChurch.net",Toba 17,9
2032-01-27,"Readings for Tuesday, January 27th - Toba 18 - Coptic Lectionary - CopticChurch.net",Toba 18,9
2032-01-28,"Readings for Wednesday, January 28th - Toba 19 - Coptic Lectionary - CopticChurch.net",Toba 19,9
2032-01-29,"Readings for Thursday, January 29th - Toba 20 - Coptic Lectionary - CopticChurch.net",Toba 20,9
2032-01-30,"Readings for Friday, January 30th - Toba 21 - Coptic Lectionary - CopticChurch.net",Toba 21,9
2032-01-31,"Readings for Saturday, January 31st - Toba 22 - Coptic Lectionary - CopticChurch.net",Toba 22,9
2032-02-01,"Readings for Sunday, February 1st - The fourth Sunday of Toba - Coptic Lectionary - CopticChurch.net",The fourth Sunday of Toba,9
2032-02-02,"Readings for Monday, February 2nd - Toba 24 - Coptic Lectionary - CopticChurch.net",Toba 24,9
2032-02-03,"Readings for Tuesday, February 3rd - Toba 25 - Coptic Lectionary - CopticChurch.net",Toba 25,9
2032-02-04,"Readings for Wednesday, February 4th - Toba 26 - Coptic Lectionary - CopticChurch.net",Toba 26,9
2032-02-05,"Readings for Thursday, February 5th - Toba 27 - Coptic Lectionary - CopticChurch.net",Toba 27,9
2032-02-06,"Readings for Friday, February 6th - Toba 28 - Coptic Lectionary - CopticChurch.net",Toba 28,9
2032-02-07,"Readings for Saturday, February 7th - Toba 29 - Coptic Lectionary - CopticChurch.net",Toba 29,9
2032-02-08,"Readings for Sunday, February 8th - The fifth Sunday of Toba - Coptic Lectionary - CopticChurch.net",The fifth Sunday of Toba,9
2032-02-09,"Readings for Monday, February 9th - Amshir 1 - Coptic Lectionary - CopticChurch.net",Amshir 1,9
2032-02-10,"Readings for Tuesday, February 10th - Amshir 2 - Coptic Lectionary - CopticChurch.net",Amshir 2,9
2032-02-11,"Readings for Wednesday, February 11th - Amshir 3 - Coptic Lectionary - CopticChurch.net",Amshir 3,9
2032-02-12,"Readings for Thursday, February 12th - Amshir 4 - Coptic Lectionary - CopticChurch.net",Amshir 4,9
2032-02-13,"Readings for Friday, February 13th - Amshir 5 - Coptic Lectionary - CopticChurch.net",Amshir 5,9
2032-02-14,"Readings for Saturday, February 14th - Amshir 6 - Coptic Lectionary - CopticChurch.net",Amshir 6,9
2032-02-15,"Readings for Sunday, February 15th - The first Sunday of Amshir - Coptic Lectionary - CopticChurch.net",The first Sunday of Amshir,9
2032-02-16,"Readings for Monday, February 16th - Entrance into the Temple - Coptic Lectionary - CopticChurch.net",Entrance into the Temple,9
2032-02-17,"Readings for Tuesday, February 17th - Amshir 9 - Coptic Lectionary - CopticChurch.net",Amshir 9,9
2032-02-18,"Readings for Wednesday, February 18th - Amshir 10 - Coptic Lectionary - CopticChurch.net",Amshir 10,9
2032-02-19,"Readings for Thursday, February 19th - Amshir 11 - Coptic Lectionary - CopticChurch.net",Amshir 11,9
2032-02-20,"Readings for Friday, February 20th - Amshir 12 - Coptic Lectionary - CopticChurch.net",Amshir 12,9
2032-02-21,"Readings for Saturday, February 21st - Amshir 13 - Coptic Lectionary - CopticChurch.net",Amshir 13,9
2032-02-22,"Readings for Sunday, February 22nd - The second Sunday of Amshir - Coptic Lectionary - CopticChurch.net",The second Sunday of Amshir,9
2032-02-23,"Readings for Monday, February 23rd - Fast of Ninevah - Coptic Lectionary - CopticChurch.net",Fast of Ninevah,9
2032-02-24,"Readings for Tuesday, February 24th - Tuesday of Ninevah's Fast - Coptic Lectionary - CopticChurch.net",Tuesday of Ninevah's Fast,7
2032-02-25,"Readings for Wednesday, February 25th - Wednesday of Ninevah's Fast - Coptic Lectionary - CopticChurch.net",Wednesday of Ninevah's Fast,7
2032-02-26,"Readings for Thursday, February 26th - Jonah's Feast - Coptic Lectionary - CopticChurch.net",Jonah's Feast,7
2032-02-27,"Readings for Friday, February 27th - Amshir 19 - Coptic Lectionary - CopticChurch.net",Amshir 19,9
2032-02-28,"Readings for Saturday, February 28th - Amshir 20 - Coptic Lectionary - CopticChurch.net",Amshir 20,9
2032-02-29,"Readings for Sunday, February 29th - The third Sunday of Amshir - Coptic Lectionary - CopticChurch.net",The third Sunday of Amshir,9
2032-03-01,"Readings for Monday, March 1st - Amshir 22 - Coptic Lectionary - CopticChurch.net",Amshir 22,9
2032-03-02,"Readings for Tuesday, March 2nd - Amshir 23 - Coptic Lectionary - CopticChurch.net",Amshir 23,9
2032-03-03,"Readings for Wednesday, March 3rd - Amshir 24 - Coptic Lectionary - CopticChurch.net",Amshir 24,9
2032-03-04,"Readings for Thursday, March 4th - Amshir 25 - Coptic Lectionary - CopticChurch.net",Amshir 25,9
2032-03-05,"Readings for Friday, March 5th - Amshir 26 - Coptic Lectionary - CopticChurch.net",Amshir 26,9
2032-03-06,"Readings for Saturday, March 6th - Saturday of the week before Great Lent - Coptic Lectionary - CopticChurch.net",Saturday of the week before Great Lent,9
2032-03-07,"Readings for Sunday, March 7th - Sunday of the week before Great Lent - Coptic Lectionary - CopticChurch.net",Sunday of the week before Great Lent,9
2032-03-08,"Readings for Monday, March 8th - Great Lent - Coptic Lectionary - CopticChurch.net",Great Lent,9
2032-03-09,"Readings for Tuesday, March 9th - Tuesday of the first week of Great Lent - Coptic Lectionary - CopticChurch.net",Tuesday of the first week of Great Lent,7
2032-03-10,"Readings for Wednesday, March 10th - Wednesday of the first week of Great Lent - Coptic Lectionary - CopticChurch.net",Wednesday of the first week of Great Lent,7
2032-03-11,"Readings for Thursday, March 11th - Thursday of the first week of Great Lent - Coptic Lectionary - CopticChurch.net",Thursday of the first week of Great Lent,7
2032-03-12,"Readings for Friday, March 12th - Friday of the first week of Great Lent - Coptic Lectionary - CopticChurch.net",Friday of the first week of Great Lent,7
2032-03-13,"Readings for Saturday, March 13th - Saturday of the first week of Great Lent - Coptic Lectionary - CopticChurch.net",Saturday of the first week of Great Lent,7
2032-03-14,"Readings for Sunday, March 14th - Sunday of the first week of Great Lent - Coptic Lectionary - CopticChurch.net",Sunday of the first week of Great Lent,9
2032-03-15,"Readings for Monday, March 15th - Monday of the second week of Great Lent - Coptic Lectionary - CopticChurch.net",Monday of the second week of Great Lent,7
2032-03-16,"Readings for Tuesday, March 16th - Tuesday of the second week of Great Lent - Coptic Lectionary - CopticChurch.net",Tuesday of the second week of Great Lent,7
2032-03-17,"Readings for Wednesday, March 17th - Wednesday of the second week of Great Lent - Coptic Lectionary - CopticChurch.net",Wednesday of the second week of Great Lent,7
2032-03-18,"Readings for Thursday, March 18th - Thursday of the second week of Great Lent - Coptic Lectionary - CopticChurch.net",Thursday of the second week of Great Lent,7
2032-03-19,"Readings for Friday, March 19th - Friday of the second week of Great Lent <br>(Feast of the Cross - Readings of 10th Baramhat) - Coptic Lectionary - CopticChurch.net",Friday of the second week of Great Lent <br>(Feast of the Cross - Readings of 10th Baramhat),9
2032-03-20,"Readings for Saturday, March 20th - Saturday of the second week of Great Lent - Coptic Lectionary - CopticChurch.net",Saturday of the second week of Great Lent,7
2032-03-21,"Readings for Sunday, March 21st - Sunday of the second week of Great Lent - Coptic Lectionary - CopticChurch.net",Sunday of the second week of Great Lent,9
2032-03-22,"Readings for Monday, March 22nd - Monday of the third week of Great Lent - Coptic Lectionary - CopticChurch.net",Monday of the third week of Great Lent,7
2032-03-23,"Readings for Tuesday, March 23rd - Tuesday of the third week of Great Lent - Coptic Lectionary - CopticChurch.net",Tuesday of the third week of Great Lent,7
2032-03-24,"Readings for Wednesday, March 24th - Wednesday of the third week of Great Lent - Coptic Lectionary - CopticChurch.net",Wednesday of the third week of Great Lent,7
2032-03-25,"Readings for Thursday, March 25th - Thursday of the third week of Great Lent - Coptic Lectionary - CopticChurch.net",Thursday of the third week of Great Lent,7
2032-03-26,"Readings for Friday, March 26th - Friday of the third week of Great Lent - Coptic Lectionary - CopticChurch.net",Friday of the third week of Great Lent,7
2032-03-27,"Readings for Saturday, March 27th - Saturday of the third week of Great Lent - Coptic Lectionary - CopticChurch.net",Saturday of the third week of Great Lent,7
2032-03-28,"Readings for Sunday, March 28th - Sunday of the third week of Great Lent - Coptic Lectionary - CopticChurch.net",Sunday of the third week of Great Lent,9
2032-03-29,"Readings for Monday, March 29th - Monday of the fourth week of Great Lent - Coptic Lectionary - CopticChurch.net",Monday of the fourth week of Great Lent,7
2032-03-30,"Readings for Tuesday, March 30th - Tuesday of the fourth week of Great Lent - Coptic Lectionary - CopticChurch.net",Tuesday of the fourth week of Great Lent,7
2032-03-31,"Readings for Wednesday, March 31st - Wednesday of the fourth week of Great Lent - Coptic Lectionary - CopticChurch.net",Wednesday of the fourth week of Great Lent,7
2032-04-01,"Readings for Thursday, April 1st - Thursday of the fourth week of Great Lent - Coptic Lectionary - CopticChurch.net",Thursday of the fourth week of Great Lent,7
2032-04-02,"Readings for Friday, April 2nd - Friday of the fourth week of Great Lent - Coptic Lectionary - CopticChurch.net",Friday of the fourth week of Great Lent,7
2032-04-03,"Readings for Saturday, April 3rd - Saturday of the fourth week of Great Lent - Coptic Lectionary - CopticChurch.net",Saturday of the fourth week of Great Lent,7
2032-04-04,"Readings for Sunday, April 4th - Sunday of the fourth week of Great Lent - Coptic Lectionary - CopticChurch.net",Sunday of the fourth week of Great Lent,9
2032-04-05,"Readings for Monday, April 5th - Monday of the fifth week of Great Lent - Coptic Lectionary - CopticChurch.net",Monday of the fifth week of Great Lent,7
2032-04-06,"Readings for Tuesday, April 6th - Tuesday of the fifth week of Great Lent - Coptic Lectionary - CopticChurch.net",Tuesday of the fifth week of Great Lent,7
2032-04-07,"Readings for Wednesday, April 7th - Annunciation - Coptic Lectionary - CopticChurch.net",Annunciation,9
2032-04-08,"Readings for Thursday, April 8th - Thursday of the fifth week of Great Lent - Coptic Lectionary - CopticChurch.net",Thursday of the fifth week of Great Lent,7
2032-04-09,"Readings for Friday, April 9th - Friday of the fifth week of Great Lent - Coptic Lectionary - CopticChurch.net",Friday of the fifth week of Great Lent,7
2032-04-10,"Readings for Saturday, April 10th - Saturday of the fifth week of Great Lent - Coptic Lectionary - CopticChurch.net",Saturday of the fifth week of Great Lent,7
2032-04-11,"Readings for Sunday, April 11th - Sunday of the fifth week of Great Lent - Coptic Lectionary - CopticChurch.net",Sunday of the fifth week of Great Lent,9
2032-04-12,"Readings for Monday, April 12th - Monday of the sixth week of Great Lent - Coptic Lectionary - CopticChurch.net",Monday of the sixth week of Great Lent,7
2032-04-13,"Readings for Tuesday, April 13th - Tuesday of the sixth week of Great Lent - Coptic Lectionary - CopticChurch.net",Tuesday of the sixth week of Great Lent,7
2032-04-14,"Readings for Wednesday, April 14th - Wednesday of the sixth week of Great Lent - Coptic Lectionary - CopticChurch.net",Wednesday of the sixth week of Great Lent,7
2032-04-15,"Readings for Thursday, April 15th - Thursday of the sixth week of Great Lent - Coptic Lectionary - CopticChurch.net",Thursday of the sixth week of Great Lent,7
2032-04-16,"Readings for Friday, April 16th - Friday of the sixth week of Great Lent - Coptic Lectionary - CopticChurch.net",Friday of the sixth week of Great Lent,7
2032-04-17,"Readings for Saturday, April 17th - Saturday of the sixth week of Great Lent - Coptic Lectionary - CopticChurch.net",Saturday of the sixth week of Great Lent,7
2032-04-18,"Readings for Sunday, April 18th - Sunday of the sixth week of Great Lent - Coptic Lectionary - CopticChurch.net",Sunday of the sixth week of Great Lent,9
2032-04-19,"Readings for Monday, April 19th - Monday of the seventh week of Great Lent - Coptic Lectionary - CopticChurch.net",Monday of the seventh week of Great Lent,7
2032-04-20,"Readings for Tuesday, April 20th - Tuesday of the seventh week of Great Lent - Coptic Lectionary - CopticChurch.net",Tuesday of the seventh week of Great Lent,7
2032-04-21,"Readings for Wednesday, April 21st - Wednesday of the seventh week of Great Lent - Coptic Lectionary - CopticChurch.net",Wednesday of the seventh week of Great Lent,7
2032-04-22,"Readings for Thursday, April 22nd - Thursday of the seventh week of Great Lent - Coptic Lectionary - CopticChurch.net",Thursday of the seventh week of Great Lent,7
2032-04-23,"Readings for Friday, April 23rd - Friday of the seventh week of Great Lent - Coptic Lectionary - CopticChurch.net",Friday of the seventh week of Great Lent,7
2032-04-24,"Readings for Saturday, April 24th - Lazarus Saturday of Great Lent - Coptic Lectionary - CopticChurch.net",Lazarus Saturday of Great Lent,7
2032-04-25,"Readings for Sunday, April 25th - Palm Sunday - Coptic Lectionary - CopticChurch.net",Palm Sunday,9
2032-04-26,"Readings for Monday, April 26th - Monday of Holy Week - Coptic Lectionary - CopticChurch.net",Monday of Holy Week,0
2032-04-27,"Readings for Tuesday, April 27th - Tuesday of Holy Week - Coptic Lectionary - CopticChurch.net",Tuesday of Holy Week,0
2032-04-28,"Readings for Wednesday, April 28th - Wednesday of Holy Week - Coptic Lectionary - CopticChurch.net",Wednesday of Holy Week,0
2032-04-29,"Readings for Thursday, April 29th - Holy Thursday - Coptic Lectionary - CopticChurch.net",Holy Thursday,0
2032-04-30,"Readings for Friday, April 30th - Good Friday - Coptic Lectionary - CopticChurch.net",Good Friday,0
2032-05-01,"Readings for Saturday, May 1st - Bright Saturday - Coptic Lectionary - CopticChurch.net",Bright Saturday,0
2032-05-02,"Readings for Sunday, May 2nd - The Feast of Resurrection - Coptic Lectionary - CopticChurch.net",The Feast of Resurrection,7
2032-05-03,"Readings for Monday, May 3rd - Monday of the first week of the holy fifty days - Coptic Lectionary - CopticChurch.net",Monday of the first week of the holy fifty days,9
2032-05-04,"Readings for Tuesday, May 4th - Tuesday of the first week of the holy fifty days - Coptic Lectionary - CopticChurch.net",Tuesday of the first week of the holy fifty days,9
2032-05-05,"Readings for Wednesday, May 5th - Wednesday of the first week of the holy fifty days - Coptic Lectionary - CopticChurch.net",Wednesday of the first week of the holy fifty days,9
2032-05-06,"Readings for Thursday, May 6th - Thursday of the first week of the holy fifty days - Coptic Lectionary - CopticChurch.net",Thursday of the first week of the holy fifty days,9
2032-05-07,"Readings for Friday, May 7th - Friday of the first week of the holy fifty days - Coptic Lectionary - CopticChurch.net",Friday of the first week of the holy fifty days,9
2032-05-08,"Readings for Saturday, May 8th - Saturday of the first week of the holy fifty days - Coptic Lectionary - CopticChurch.net",Saturday of the first week of the holy fifty days,9
2032-05-09,"Readings for Sunday, May 9th - Thomas Sunday - Coptic Lectionary - CopticChurch.net",Thomas Sunday,9
2032-05-10,"Readings for Monday, May 10th - Monday of the second week of the holy fifty days - Coptic Lectionary - CopticChurch.net",Monday of the second week of the holy fifty days,9
2032-05-11,"Readings for Tuesday, May 11th - Tuesday of the second week of the holy fifty days - Coptic Lectionary - CopticChurch.net",Tuesday of the second week of the holy fifty days,9
2032-05-12,"Readings for Wednesday, May 12th - Wednesday of the second week of the holy fifty days - Coptic Lectionary - CopticChurch.net",Wednesday of the second week of the holy fifty days,9
2032-05-13,"Readings for Thursday, May 13th - Thursday of the second week of the holy fifty days - Coptic Lectionary - CopticChurch.net",Thursday of the second week of the holy fifty days,9
2032-05-14,"Readings for Friday, May 14th - Friday of the second week of the holy fifty days - Coptic Lectionary - CopticChurch.net",Friday of the second week of the holy fifty days,9
2032-05-15,"Readings for Saturday, May 15th - Saturday of the second week of the holy fifty days - Coptic Lectionary - CopticChurch.net",Saturday of the second week of the holy fifty days,9
2032-05-16,"Readings for Sunday, May 16th - Sunday of the second week of the holy fifty days - Coptic Lectionary - CopticChurch.net",Sunday of the second week of the holy fifty days,9
2032-05-17,"Readings for Monday, May 17th - Monday of the third week of the holy fifty days - Coptic Lectionary - CopticChurch.net",Monday of the third week of the holy fifty days,9
2032-05-18,"Readings for Tuesday, May 18th - Tuesday of the third week of the holy fifty days - Coptic Lectionary - CopticChurch.net",Tuesday of the third week of the holy fifty days,9
2032-05-19,"Readings for Wednesday, May 19th - Wednesday of the third week of the holy fifty days - Coptic Lectionary - CopticChurch.net",Wednesday of the third week of the holy fifty days,9
2032-05-20,"Readings for Thursday, May 20th - Thursday of the third week of the holy fifty days - Coptic Lectionary - CopticChurch.net",Thursday of the third week of the holy fifty days,9
2032-05-21,"Readings for Friday, May 21st - Friday of the third week of the holy fifty days - Coptic Lectionary - CopticChurch.net",Friday of the third week of the holy fifty days,9
2032-05-22,"Readings for Saturday, May 22nd - Saturday of the third week of the holy fifty days - Coptic Lectionary - CopticChurch.net",Saturday of the third week of the holy fifty days,9
2032-05-23,"Readings for Sunday, May 23rd - Sunday of the third week of the holy fifty days - Coptic Lectionary - CopticChurch.net",Sunday of the third week of the holy fifty days,9
2032-05-24,"Readings for Monday, May 24th - Monday of the fourth week of the holy fifty days - Coptic Lectionary - CopticChurch.net",Monday of the fourth week of the holy fifty days,9
2032-05-25,"Readings for Tuesday, May 25th - Tuesday of the fourth week of the holy fifty days - Coptic Lectionary - CopticChurch.net",Tuesday of the fourth week of the holy fifty days,9
2032-05-26,"Readings for Wednesday, May 26th - Wednesday of the fourth week of the holy fifty days - Coptic Lectionary - CopticChurch.net",Wednesday of the fourth week of the holy fifty days,9
2032-05-27,"Readings for Thursday, May 27th - Thursday of the fourth week of the holy fifty days - Coptic Lectionary - CopticChurch.net",Thursday of the fourth week of the holy fifty days,9
2032-05-28,"Readings for Friday, May 28th - Friday of the fourth week of the holy fifty days - Coptic Lectionary - CopticChurch.net",Friday of the fourth week of the holy fifty days,9
2032-05-29,"Readings for Saturday, May 29th - Saturday of the fourth week of the holy fifty days - Coptic Lectionary - CopticChurch.net",Saturday of the fourth week of the holy fifty days,9
2032-05-30,"Readings for Sunday, May 30th - Sunday of the fourth week of the holy fifty days - Coptic Lectionary - CopticChurch.net",Sunday of the fourth week of the holy fifty days,9
2032-05-31,"Readings for Monday, May 31st - Monday of the fifth week of the holy fifty days - Coptic Lectionary - CopticChurch.net",Monday of the fifth week of the holy fifty days,9
2032-06-01,"Readings for Tuesday, June 1st - Tuesday of the fifth week of the holy fifty days and the Feast of Entry into Egypt - Coptic Lectionary - CopticChurch.net",Tuesday of the fifth week of the holy fifty days and the Feast of Entry into Egypt,9
2032-06-02,"Readings for Wednesday, June 2nd - Wednesday of the fifth week of the holy fifty days - Coptic Lectionary - CopticChurch.net",Wednesday of the fifth week of the holy fifty days,9
2032-06-03,"Readings for Thursday, June 3rd - Thursday of the fifth week of the holy fifty days - Coptic Lectionary - CopticChurch.net",Thursday of the fifth week of the holy fifty days,9
2032-06-04,"Readings for Friday, June 4th - Friday of the fifth week of the holy fifty days - Coptic Lectionary - CopticChurch.net",Friday of the fifth week of the holy fifty days,9
2032-06-05,"Readings for Saturday, June 5th - Saturday of the fifth week of the holy fifty days - Coptic Lectionary - CopticChurch.net",Saturday of the fifth week of the holy fifty days,9
2032-06-06,"Readings for Sunday, June 6th - Sunday of the fifth week of the holy fifty days - Coptic Lectionary - CopticChurch.net",Sunday of the fifth week of the holy fifty days,9
2032-06-07,"Readings for Monday, June 7th - Monday of the sixth week of the holy fifty days - Coptic Lectionary - CopticChurch.net",Monday of the sixth week of the holy fifty days,9
2032-06-08,"Readings for Tuesday, June 8th - Tuesday of the sixth week of the holy fifty days - Coptic Lectionary - CopticChurch.net",Tuesday of the sixth week of the holy fifty days,9
2032-06-09,"Readings for Wednesday, June 9th - Wednesday of the sixth week of the holy fifty days - Coptic Lectionary - CopticChurch.net",Wednesday of the sixth week of the holy fifty days,9
2032-06-10,"Readings for Thursday, June 10th - The Feast of the Ascension - Coptic Lectionary - CopticChurch.net",The Feast of the Ascension,9
2032-06-11,"Readings for Friday, June 11th - Friday of the sixth week of the holy fifty days - Coptic Lectionary - CopticChurch.net",Friday of the sixth week of the holy fifty days,9
2032-06-12,"Readings for Saturday, June 12th - Saturday of the sixth week of the holy fifty days - Coptic Lectionary - CopticChurch.net",Saturday of the sixth week of the holy fifty days,9
2032-06-13,"Readings for Sunday, June 13th - Sunday of the sixth week of the holy fifty days - Coptic Lectionary - CopticChurch.net",Sunday of the sixth week of the holy fifty days,9
2032-06-14,"Readings for Monday, June 14th - Monday of the seventh week of the holy fifty days - Coptic Lectionary - CopticChurch.net",Monday of the seventh week of the holy fifty days,9
2032-06-15,"Readings for Tuesday, June 15th - Tuesday of the seventh week of the holy fifty days - Coptic Lectionary - CopticChurch.net",Tuesday of the seventh week of the holy fifty days,9
2032-06-16,"Readings for Wednesday, June 16th - Wednesday of the seventh week of the holy fifty days - Coptic Lectionary - CopticChurch.net",Wednesday of the seventh week of the holy fifty days,9
2032-06-17,"Readings for Thursday, June 17th - Thursday of the seventh week of the holy fifty days - Coptic Lectionary - CopticChurch.net",Thursday of the seventh week of the holy fifty days,9
2032-06-18,"Readings for Friday, June 18th - Friday of the seventh week of the holy fifty days - Coptic Lectionary - CopticChurch.net",Friday of the seventh week of the holy fifty days,9
2032-06-19,"Readings for Saturday, June 19th - Saturday of the seventh week of the holy fifty days - Coptic Lectionary - CopticChurch.net",Saturday of the seventh week of the holy fifty days,9
2032-06-20,"Readings for Sunday, June 20th - Pentecost - Coptic Lectionary - CopticChurch.net",Pentecost,9
2032-06-21,"Readings for Monday, June 21st - Paona 14 - Coptic Lectionary - CopticChurch.net",Paona 14,9
2032-06-22,"Readings for Tuesday, June 22nd - Paona 15 - Coptic Lectionary - CopticChurch.net",Paona 15,9
2032-06-23,"Readings for Wednesday, June 23rd - Paona 16 - Coptic Lectionary - CopticChurch.net",Paona 16,9
2032-06-24,"Readings for Thursday, June 24th - Paona 17 - Coptic Lectionary - CopticChurch.net",Paona 17,9
2032-06-25,"Readings for Friday, June 25th - Paona 18 - Coptic Lectionary - CopticChurch.net",Paona 18,9
2032-06-26,"Readings for Saturday, June 26th - Paona 19 - Coptic Lectionary - CopticChurch.net",Paona 19,9
2032-06-27,"Readings for Sunday, June 27th - The third Sunday of Paona - Coptic Lectionary - CopticChurch.net",The third Sunday of Paona,9
2032-06-28,"Readings for Monday, June 28th - Paona 21 - Coptic Lectionary - CopticChurch.net",Paona 21,9
2032-06-29,"Readings for Tuesday, June 29th - Paona 22 - Coptic Lectionary - CopticChurch.net",Paona 22,9
2032-06-30,"Readings for Wednesday, June 30th - Paona 23 - Coptic Lectionary - CopticChurch.net",Paona 23,9
2032-07-01,"Readings for Thursday, July 1st - Paona 24 - Coptic Lectionary - CopticChurch.net",Paona 24,9
2032-07-02,"Readings for Friday, July 2nd - Paona 25 - Coptic Lectionary - CopticChurch.net",Paona 25,9
2032-07-03,"Readings for Saturday, July 3rd - Paona 26 - Coptic Lectionary - CopticChurch.net",Paona 26,9
2032-07-04,"Readings for Sunday, July 4th - The fourth Sunday of Paona - Coptic Lectionary - CopticChurch.net",The fourth Sunday of Paona,9
2032-07-05,"Readings for Monday, July 5th - Paona 28 - Coptic Lectionary - CopticChurch.net",Paona 28,9
2032-07-06,"Readings for Tuesday, July 6th - Paona 29 - Coptic Lectionary - CopticChurch.net",Paona 29,9
2032-07-07,"Readings for Wednesday, July 7th - Paona 30 - Coptic Lectionary - CopticChurch.net",Paona 30,9
2032-07-08,"Readings for Thursday, July 8th - Abib 1 - Coptic Lectionary - CopticChurch.net",Abib 1,9
2032-07-09,"Readings for Friday, July 9th - Abib 2 - Coptic Lectionary - CopticChurch.net",Abib 2,9
2032-07-10,"Readings for Saturday, July 10th - Abib 3 - Coptic Lectionary - CopticChurch.net",Abib 3,9
2032-07-11,"Readings for Sunday, July 11th - The first Sunday of Abib - Coptic Lectionary - CopticChurch.net",The first Sunday of Abib,9
2032-07-12,"Readings for Monday, July 12th - Abib 5 (Apostle's Feast) - Coptic Lectionary - CopticChurch.net",Abib 5 (Apostle's Feast),9
2032-07-13,"Readings for Tuesday, July 13th - Abib 6 - Coptic Lectionary - CopticChurch.net",Abib 6,9
2032-07-14,"Readings for Wednesday, July 14th - Abib 7 - Coptic Lectionary - CopticChurch.net",Abib 7,9
2032-07-15,"Readings for Thursday, July 15th - Abib 8 - Coptic Lectionary - CopticChurch.net",Abib 8,9
2032-07-16,"Readings for Friday, July 16th - Abib 9 - Coptic Lectionary - CopticChurch.net",Abib 9,9
2032-07-17,"Readings for Saturday, July 17th - Abib 10 - Coptic Lectionary - CopticChurch.net",Abib 10,9
2032-07-18,"Readings for Sunday, July 18th - The second Sunday of Abib - Coptic Lectionary - CopticChurch.net",The second Sunday of Abib,9
2032-07-19,"Readings for Monday, July 19th - Abib 12 - Coptic Lectionary - CopticChurch.net",Abib 12,9
2032-07-20,"Readings for Tuesday, July 20th - Abib 13 - Coptic Lectionary - CopticChurch.net",Abib 13,9
2032-07-21,"Readings for Wednesday, July 21st - Abib 14 - Coptic Lectionary - CopticChurch.net",Abib 14,9
2032-07-22,"Readings for Thursday, July 22nd - Abib 15 - Coptic Lectionary - CopticChurch.net",Abib 15,9
2032-07-23,"Readings for Friday, July 23rd - Abib 16 - Coptic Lectionary - CopticChurch.net",Abib 16,9
2032-07-24,"Readings for Saturday, July 24th - Abib 17 - Coptic Lectionary - CopticChurch.net",Abib 17,9
2032-07-25,"Readings for Sunday, July 25th - The third Sunday of Abib - Coptic Lectionary - CopticChurch.net",The third Sunday of Abib,9
2032-07-26,"Readings for Monday, July 26th - Abib 19 - Coptic Lectionary - CopticChurch.net",Abib 19,9
2032-07-27,"Readings for Tuesday, July 27th - Abib 20 - Coptic Lectionary - CopticChurch.net",Abib 20,9
2032-07-28,"Readings for Wednesday, July 28th - Abib 21 - Coptic Lectionary - CopticChurch.net",Abib 21,9
2032-07-29,"Readings for Thursday, July 29th - Abib 22 - Coptic Lectionary - CopticChurch.net",Abib 22,9
2032-07-30,"Readings for Friday, July 30th - Abib 23 - Coptic Lectionary - CopticChurch.net",Abib 23,9
2032-07-31,"Readings for Saturday, July 31st - Abib 24 - Coptic Lectionary - CopticChurch.net",Abib 24,9
2032-08-01,"Readings for Sunday, August 1st - The fourth Sunday of Abib - Coptic Lectionary - CopticChurch.net",The fourth Sunday of Abib,9
2032-08-02,"Readings for Monday, August 2nd - Abib 26 - Coptic Lectionary - CopticChurch.net",Abib 26,9
2032-08-03,"Readings for Tuesday, August 3rd - Abib 27 - Coptic Lectionary - CopticChurch.net",Abib 27,9
2032-08-04,"Readings for Wednesday, August 4th - Abib 28 - Coptic Lectionary - CopticChurch.net",Abib 28,9
2032-08-05,"Readings for Thursday, August 5th - Abib 29 - Coptic Lectionary - CopticChurch.net",Abib 29,9
2032-08-06,"Readings for Friday, August 6th - Abib 30 - Coptic Lectionary - CopticChurch.net",Abib 30,9
2032-08-07,"Readings for Saturday, August 7th - St Mary's Fast - Coptic Lectionary - CopticChurch.net",St Mary's Fast,9
2032-08-08,"Readings for Sunday, August 8th - The first Sunday of Mesra - Coptic Lectionary - CopticChurch.net",The first Sunday of Mesra,9
2032-08-09,"Readings for Monday, August 9th - Mesra 3 - Coptic Lectionary - CopticChurch.net",Mesra 3,9
2032-08-10,"Readings for Tuesday, August 10th - Mesra 4 - Coptic Lectionary - CopticChurch.net",Mesra 4,9
2032-08-11,"Readings for Wednesday, August 11th - Mesra 5 - Coptic Lectionary - CopticChurch.net",Mesra 5,9
2032-08-12,"Readings for Thursday, August 12th - Mesra 6 - Coptic Lectionary - CopticChurch.net",Mesra 6,9
2032-08-13,"Readings for Friday, August 13th - Mesra 7 - Coptic Lectionary - CopticChurch.net",Mesra 7,9
2032-08-14,"Readings for Saturday, August 14th - Mesra 8 - Coptic Lectionary - CopticChurch.net",Mesra 8,9
2032-08-15,"Readings for Sunday, August 15th - The second Sunday of Mesra - Coptic Lectionary - CopticChurch.net",The second Sunday of Mesra,9
2032-08-16,"Readings for Monday, August 16th - Mesra 10 - Coptic Lectionary - CopticChurch.net",Mesra 10,9
2032-08-17,"Readings for Tuesday, August 17th - Mesra 11 - Coptic Lectionary - CopticChurch.net",Mesra 11,9
2032-08-18,"Readings for Wednesday, August 18th - Mesra 12 - Coptic Lectionary - CopticChurch.net",Mesra 12,9
2032-08-19,"Readings for Thursday, August 19th - Transfiguration - Coptic Lectionary - CopticChurch.net",Transfiguration,9
2032-08-20,"Readings for Friday, August 20th - Mesra 14 - Coptic Lectionary - CopticChurch.net",Mesra 14,9
2032-08-21,"Readings for Saturday, August 21st - Mesra 15 - Coptic Lectionary - CopticChurch.net",Mesra 15,9
2032-08-22,"Readings for Sunday, August 22nd - Mesra 16 (St Mary's Feast) - Coptic Lectionary - CopticChurch.net",Mesra 16 (St Mary's Feast),9
2032-08-23,"Readings for Monday, August 23rd - Mesra 17 - Coptic Lectionary - CopticChurch.net",Mesra 17,9
2032-08-24,"Readings for Tuesday, August 24th - Mesra 18 - Coptic Lectionary - CopticChurch.net",Mesra 18,9
2032-08-25,"Readings for Wednesday, August 25th - Mesra 19 - Coptic Lectionary - CopticChurch.net",Mesra 19,9
2032-08-26,"Readings for Thursday, August 26th - Mesra 20 - Coptic Lectionary - CopticChurch.net",Mesra 20,9
2032-08-27,"Readings for Friday, August 27th - Mesra 21 - Coptic Lectionary - CopticChurch.net",Mesra 21,9
2032-08-28,"Readings for Saturday, August 28th - Mesra 22 - Coptic Lectionary - CopticChurch.net",Mesra 22,9
2032-08-29,"Readings for Sunday, August 29th - The fourth Sunday of Mesra - Coptic Lectionary - CopticChurch.net",The fourth Sunday of Mesra,9
2032-08-30,"Readings for Monday, August 30th - Mesra 24 - Coptic Lectionary - CopticChurch.net",Mesra 24,9
2032-08-31,"Readings for Tuesday, August 31st - Mesra 25 - Coptic Lectionary - CopticChurch.net",Mesra 25,9
2032-09-01,"Readings for Wednesday, September 1st - Mesra 26 - Coptic Lectionary - CopticChurch.net",Mesra 26,9
2032-09-02,"Readings for Thursday, September 2nd - Mesra 27 - Coptic Lectionary - CopticChurch.net",Mesra 27,9
2032-09-03,"Readings for Friday, September 3rd - Mesra 28 - Coptic Lectionary - CopticChurch.net",Mesra 28,9
2032-09-04,"Readings for Saturday, September 4th - Mesra 29 - Coptic Lectionary - CopticChurch.net",Mesra 29,9
2032-09-05,"Readings for Sunday, September 5th - The fifth Sunday of Mesra - Coptic Lectionary - CopticChurch.net",The fifth Sunday of Mesra,9
2032-09-06,"Readings for Monday, September 6th - Nasie 1 - Coptic Lectionary - CopticChurch.net",Nasie 1,9
2032-09-07,"Readings for Tuesday, September 7th - Nasie 2 - Coptic Lectionary - CopticChurch.net",Nasie 2,9
2032-09-08,"Readings for Wednesday, September 8th - Nasie 3 - Coptic Lectionary - CopticChurch.net",Nasie 3,9
2032-09-09,"Readings for Thursday, September 9th - Nasie 4 - Coptic Lectionary - CopticChurch.net",Nasie 4,9
2032-09-10,"Readings for Friday, September 10th - Nasie 5 - Coptic Lectionary - CopticChurch.net",Nasie 5,9
2032-09-11,"Readings for Saturday, September 11th - Tout 1 - Coptic Lectionary - CopticChurch.net",Tout 1,9
2032-09-12,"Readings for Sunday, September 12th - The first Sunday of Tout - Coptic Lectionary - CopticChurch.net",The first Sunday of Tout,9
2032-09-13,"Readings for Monday, September 13th - Tout 3 - Coptic Lectionary - CopticChurch.net",Tout 3,9
2032-09-14,"Readings for Tuesday, September 14th - Tout 4 - Coptic Lectionary - CopticChurch.net",Tout 4,9
2032-09-15,"Readings for Wednesday, September 15th - Tout 5 - Coptic Lectionary - CopticChurch.net",Tout 5,9
2032-09-16,"Readings for Thursday, September 16th - Tout 6 - Coptic Lectionary - CopticChurch.net",Tout 6,9
2032-09-17,"Readings for Friday, September 17th - Tout 7 - Coptic Lectionary - CopticChurch.net",Tout 7,9
2032-09-18,"Readings for Saturday, September 18th - Tout 8 - Coptic Lectionary - CopticChurch.net",Tout 8,9
2032-09-19,"Readings for Sunday, September 19th - The second Sunday of Tout - Coptic Lectionary - CopticChurch.net",The second Sunday of Tout,9
2032-09-20,"Readings for Monday, September 20th - Tout 10 - Coptic Lectionary - CopticChurch.net",Tout 10,9
2032-09-21,"Readings for Tuesday, September 21st - Tout 11 - Coptic Lectionary - CopticChurch.net",Tout 11,9
2032-09-22,"Readings for Wednesday, September 22nd - Tout 12 - Coptic Lectionary - CopticChurch.net",Tout 12,9
2032-09-23,"Readings for Thursday, September 23rd - Tout 13 - Coptic Lectionary - CopticChurch.net",Tout 13,9
2032-09-24,"Readings for Friday, September 24th - Tout 14 - Coptic Lectionary - CopticChurch.net",Tout 14,9
2032-09-25,"Readings for Saturday, September 25th - Tout 15 - Coptic Lectionary - CopticChurch.net",Tout 15,9
2032-09-26,"Readings for Sunday, September 26th - The third Sunday of Tout - Coptic Lectionary - CopticChurch.net",The third Sunday of Tout,9
2032-09-27,"Readings for Monday, September 27th - Tout 17 (Feast of the Cross) - Coptic Lectionary - CopticChurch.net",Tout 17 (Feast of the Cross),9
2032-09-28,"Readings for Tuesday, September 28th - Tout 18 (Feast of the Cross) - Coptic Lectionary - CopticChurch.net",Tout 18 (Feast of the Cross),9
2032-09-29,"Readings for Wednesday, September 29th - Tout 19 (Feast of the Cross) - Coptic Lectionary - CopticChurch.net",Tout 19 (Feast of the Cross),9
2032-09-30,"Readings for Thursday, September 30th - Tout 20 - Coptic Lectionary - CopticChurch.net",Tout 20,9
2032-10-01,"Readings for Friday, October 1st - Tout 21 - Coptic Lectionary - CopticChurch.net",Tout 21,9
2032-10-02,"Readings for Saturday, October 2nd - Tout 22 - Coptic Lectionary - CopticChurch.net",Tout 22,9
2032-10-03,"Readings for Sunday, October 3rd - The fourth Sunday of Tout - Coptic Lectionary - CopticChurch.net",The fourth Sunday of Tout,9
2032-10-04,"Readings for Monday, October 4th - Tout 24 - Coptic Lectionary - CopticChurch.net",Tout 24,9
2032-10-05,"Readings for Tuesday, October 5th - Tout 25 - Coptic Lectionary - CopticChurch.net",Tout 25,9
2032-10-06,"Readings for Wednesday, October 6th - Tout 26 - Coptic Lectionary - CopticChurch.net",Tout 26,9
2032-10-07,"Readings for Thursday, October 7th - Tout 27 - Coptic Lectionary - CopticChurch.net",Tout 27,9
2032-10-08,"Readings for Friday, October 8th - Tout 28 - Coptic Lectionary - CopticChurch.net",Tout 28,9
2032-10-09,"Readings for Saturday, October 9th - Tout 29 - Coptic Lectionary - CopticChurch.net",Tout 29,9
2032-10-10,"Readings for Sunday, October 10th - The fifth Sunday of Tout - Coptic Lectionary - CopticChurch.net",The fifth Sunday of Tout,9
2032-10-11,"Readings for Monday, October 11th - Baba 1 - Coptic Lectionary - CopticChurch.net",Baba 1,9
2032-10-12,"Readings for Tuesday, October 12th - Baba 2 - Coptic Lectionary - CopticChurch.net",Baba 2,9
2032-10-13,"Readings for Wednesday, October 13th - Baba 3 - Coptic Lectionary - CopticChurch.net",Baba 3,9
2032-10-14,"Readings for Thursday, October 14th - Baba 4 - Coptic Lectionary - CopticChurch.net",Baba 4,9
2032-10-15,"Readings for Friday, October 15th - Baba 5 - Coptic Lectionary - CopticChurch.net",Baba 5,9
2032-10-16,"Readings for Saturday, October 16th - Baba 6 - Coptic Lectionary - CopticChurch.net",Baba 6,9
2032-10-17,"Readings for Sunday, October 17th - The first Sunday of Baba - Coptic Lectionary - CopticChurch.net",The first Sunday of Baba,9
2032-10-18,"Readings for Monday, October 18th - Baba 8 - Coptic Lectionary - CopticChurch.net",Baba 8,9
2032-10-19,"Readings for Tuesday, October 19th - Baba 9 - Coptic Lectionary - CopticChurch.net",Baba 9,9
2032-10-20,"Readings for Wednesday, October 20th - Baba 10 - Coptic Lectionary - CopticChurch.net",Baba 10,9
2032-10-21,"Readings for Thursday, October 21st - Baba 11 - Coptic Lectionary - CopticChurch.net",Baba 11,9
2032-10-22,"Readings for Friday, October 22nd - Baba 12 - Coptic Lectionary - CopticChurch.net",Baba 12,9
2032-10-23,"Readings for Saturday, October 23rd - Baba 13 - Coptic Lectionary - CopticChurch.net",Baba 13,9
2032-10-24,"Readings for Sunday, October 24th - The second Sunday of Baba - Coptic Lectionary - CopticChurch.net",The second Sunday of Baba,9
2032-10-25,"Readings for Monday, October 25th - Baba 15 - Coptic Lectionary - CopticChurch.net",Baba 15,9
2032-10-26,"Readings for Tuesday, October 26th - Baba 16 - Coptic Lectionary - CopticChurch.net",Baba 16,9
2032-10-27,"Readings for Wednesday, October 27th - Baba 17 - Coptic Lectionary - CopticChurch.net",Baba 17,9
2032-10-28,"Readings for Thursday, October 28th - Baba 18 - Coptic Lectionary - CopticChurch.net",Baba 18,9
2032-10-29,"Readings for Friday, October 29th - Baba 19 - Coptic Lectionary - CopticChurch.net",Baba 19,9
2032-10-30,"Readings for Saturday, October 30th - Baba 20 - Coptic Lectionary - CopticChurch.net",Baba 20,9
2032-10-31,"Readings for Sunday, October 31st - The third Sunday of Baba - Coptic Lectionary - CopticChurch.net",The third Sunday of Baba,9
2032-11-01,"Readings for Monday, November 1st - Baba 22 - Coptic Lectionary - CopticChurch.net",Baba 22,9
2032-11-02,"Readings for Tuesday, November 2nd - Baba 23 - Coptic Lectionary - CopticChurch.net",Baba 23,9
2032-11-03,"Readings for Wednesday, November 3rd - Baba 24 - Coptic Lectionary - CopticChurch.net",Baba 24,9
2032-11-04,"Readings for Thursday, November 4th - Baba 25 - Coptic Lectionary - CopticChurch.net",Baba 25,9
2032-11-05,"Readings for Friday, November 5th - Baba 26 - Coptic Lectionary - CopticChurch.net",Baba 26,9
2032-11-06,"Readings for Saturday, November 6th - Baba 27 - Coptic Lectionary - CopticChurch.net",Baba 27,9
2032-11-07,"Readings for Sunday, November 7th - The fourth Sunday of Baba - Coptic Lectionary - CopticChurch.net",The fourth Sunday of Baba,9
2032-11-08,"Readings for Monday, November 8th - Baba 29 - Coptic Lectionary - CopticChurch.net",Baba 29,9
2032-11-09,"Readings for Tuesday, November 9th - Baba 30 - Coptic Lectionary - CopticChurch.net",Baba 30,9
2032-11-10,"Readings for Wednesday, November 10th - Hator 1 - Coptic Lectionary - CopticChurch.net",Hator 1,9
2032-11-11,"Readings for Thursday, November 11th - Hator 2 - Coptic Lectionary - CopticChurch.net",Hator 2,9
2032-11-12,"Readings for Friday, November 12th - Hator 3 - Coptic Lectionary - CopticChurch.net",Hator 3,9
2032-11-13,"Readings for Saturday, November 13th - Hator 4 - Coptic Lectionary - CopticChurch.net",Hator 4,9
2032-11-14,"Readings for Sunday, November 14th - The first Sunday of Hator - Coptic Lectionary - CopticChurch.net",The first Sunday of Hator,9
2032-11-15,"Readings for Monday, November 15th - Hator 6 - Coptic Lectionary - CopticChurch.net",Hator 6,9
2032-11-16,"Readings for Tuesday, November 16th - Hator 7 - Coptic Lectionary - CopticChurch.net",Hator 7,9
2032-11-17,"Readings for Wednesday, November 17th - Hator 8 - Coptic Lectionary - CopticChurch.net",Hator 8,9
2032-11-18,"Readings for Thursday, November 18th - Hator 9 - Coptic Lectionary - CopticChurch.net",Hator 9,9
2032-11-19,"Readings for Friday, November 19th - Hator 10 - Coptic Lectionary - CopticChurch.net",Hator 10,9
2032-11-20,"Readings for Saturday, November 20th - Hator 11 - Coptic Lectionary - CopticChurch.net",Hator 11,9
2032-11-21,"Readings for Sunday, November 21st - The second Sunday of Hator - Coptic Lectionary - CopticChurch.net",The second Sunday of Hator,9
2032-11-22,"Readings for Monday, November 22nd - Hator 13 - Coptic Lectionary - CopticChurch.net",Hator 13,9
2032-11-23,"Readings for Tuesday, November 23rd - Hator 14 - Coptic Lectionary - CopticChurch.net",Hator 14,9
2032-11-24,"Readings for Wednesday, November 24th - Hator 15 - Coptic Lectionary - CopticChurch.net",Hator 15,9
2032-11-25,"Readings for Thursday, November 25th - Hator 16 of Christmas Fast - Coptic Lectionary - CopticChurch.net",Hator 16 of Christmas Fast,9
2032-11-26,"Readings for Friday, November 26th - Hator 17 - Coptic Lectionary - CopticChurch.net",Hator 17,9
2032-11-27,"Readings for Saturday, November 27th - Hator 18 - Coptic Lectionary - CopticChurch.net",Hator 18,9
2032-11-28,"Readings for Sunday, November 28th - The third Sunday of Hator - Coptic Lectionary - CopticChurch.net",The third Sunday of Hator,9
2032-11-29,"Readings for Monday, November 29th - Hator 20 - Coptic Lectionary - CopticChurch.net",Hator 20,9
2032-11-30,"Readings for Tuesday, November 30th - Hator 21 - Coptic Lectionary - CopticChurch.net",Hator 21,9
2032-12-01,"Readings for Wednesday, December 1st - Hator 22 - Coptic Lectionary - CopticChurch.net",Hator 22,9
2032-12-02,"Readings for Thursday, December 2nd - Hator 23 - Coptic Lectionary - CopticChurch.net",Hator 23,9
2032-12-03,"Readings for Friday, December 3rd - Hator 24 - Coptic Lectionary - CopticChurch.net",Hator 24,9
2032-12-04,"Readings for Saturday, December 4th - Hator 25 - Coptic Lectionary - CopticChurch.net",Hator 25,9
2032-12-05,"Readings for Sunday, December 5th - The fourth Sunday of Hator - Coptic Lectionary - CopticChurch.net",The fourth Sunday of Hator,9
2032-12-06,"Readings for Monday, December 6th - Hator 27 - Coptic Lectionary - CopticChurch.net",Hator 27,9
2032-12-07,"Readings for Tuesday, December 7th - Hator 28 - Coptic Lectionary - CopticChurch.net",Hator 28,9
2032-12-08,"Readings for Wednesday, December 8th - Hator 29 - Coptic Lectionary - CopticChurch.net",Hator 29,9
2032-12-09,"Readings for Thursday, December 9th - Hator 30 - Coptic Lectionary - CopticChurch.net",Hator 30,9
2032-12-10,"Readings for Friday, December 10th - Kiak 1 - Coptic Lectionary - CopticChurch.net",Kiak 1,9
2032-12-11,"Readings for Saturday, December 11th - Kiak 2 - Coptic Lectionary - CopticChurch.net",Kiak 2,9
2032-12-12,"Readings for Sunday, December 12th - The first Sunday of Kiak - Coptic Lectionary - CopticChurch.net",The first Sunday of Kiak,9
2032-12-13,"Readings for Monday, December 13th - Kiak 4 - Coptic Lectionary - CopticChurch.net",Kiak 4,9
2032-12-14,"Readings for Tuesday, December 14th - Kiak 5 - Coptic Lectionary - CopticChurch.net",Kiak 5,9
2032-12-15,"Readings for Wednesday, December 15th - Kiak 6 - Coptic Lectionary - CopticChurch.net",Kiak 6,9
2032-12-16,"Readings for Thursday, December 16th - Kiak 7 - Coptic Lectionary - CopticChurch.net",Kiak 7,9
2032-12-17,"Readings for Friday, December 17th - Kiak 8 - Coptic Lectionary - CopticChurch.net",Kiak 8,9
2032-12-18,"Readings for Saturday, December 18th - Kiak 9 - Coptic Lectionary - CopticChurch.net",Kiak 9,9
2032-12-19,"Readings for Sunday, December 19th - The second Sunday of Kiak - Coptic Lectionary - CopticChurch.net",The second Sunday of Kiak,9
2032-12-20,"Readings for Monday, December 20th - Kiak 11 - Coptic Lectionary - CopticChurch.net",Kiak 11,9
2032-12-21,"Readings for Tuesday, December 21st - Kiak 12 - Coptic Lectionary - CopticChurch.net",Kiak 12,9
2032-12-22,"Readings for Wednesday, December 22nd - Kiak 13 - Coptic Lectionary - CopticChurch.net",Kiak 13,9
2032-12-23,"Readings for Thursday, December 23rd - Kiak 14 - Coptic Lectionary - CopticChurch.net",Kiak 14,9
2032-12-24,"Readings for Friday, December 24th - Kiak 15 - Coptic Lectionary - CopticChurch.net",Kiak 15,9
2032-12-25,"Readings for Saturday, December 25th - Kiak 16 - Coptic Lectionary - CopticChurch.net",Kiak 16,9
2032-12-26,"Readings for Sunday, December 26th - The third Sunday of Kiak - Coptic Lectionary - CopticChurch.net",The third Sunday of Kiak,9
2032-12-27,"Readings for Monday, December 27th - Kiak 18 - Coptic Lectionary - CopticChurch.net",Kiak 18,9
2032-12-28,"Readings for Tuesday, December 28th - Kiak 19 - Coptic Lectionary - CopticChurch.net",Kiak 19,9
2032-12-29,"Readings for Wednesday, December 29th - Kiak 20 - Coptic Lectionary - CopticChurch.net",Kiak 20,9
2032-12-30,"Readings for Thursday, December 30th - Kiak 21 - Coptic Lectionary - CopticChurch.net",Kiak 21,9
2032-12-31,"Readings for Friday, December 31st - Kiak 22 - Coptic Lectionary - CopticChurch.net",Kiak 22,9
2033-01-01,"Readings for Saturday, January 1st - Kiak 23 - Coptic Lectionary - CopticChurch.net",Kiak 23,9
2033-01-02,"Readings for Sunday, January 2nd - The fourth Sunday of Kiak - Coptic Lectionary - CopticChurch.net",The fourth Sunday of Kiak,9
2033-01-03,"Readings for Monday, January 3rd - Kiak 25 - Coptic Lectionary - CopticChurch.net",Kiak 25,9
2033-01-04,"Readings for Tuesday, January 4th - Kiak 26 - Coptic Lectionary - CopticChurch.net",Kiak 26,9
2033-01-05,"Readings for Wednesday, January 5th - Kiak 27 - Coptic Lectionary - CopticChurch.net",Kiak 27,9
2033-01-06,"Readings for Thursday, January 6th - Christmas Paramoune - Coptic Lectionary - CopticChurch.net",Christmas Paramoune,9
2033-01-07,"Readings for Friday, January 7th - Christmas - Coptic Lectionary - CopticChurch.net",Christmas,9
2033-01-08,"Readings for Saturday, January 8th - Kiak 30 - Coptic Lectionary - CopticChurch.net",Kiak 30,9
2033-01-09,"Readings for Sunday, January 9th - The first Sunday of Toba - Coptic Lectionary - CopticChurch.net",The first Sunday of Toba,9
2033-01-10,"Readings for Monday, January 10th - Toba 2 - Coptic Lectionary - CopticChurch.net",Toba 2,9
2033-01-11,"Readings for Tuesday, January 11th - Toba 3 - Coptic Lectionary - CopticChurch.net",Toba 3,9
2033-01-12,"Readings for Wednesday, January 12th - Toba 4 - Coptic Lectionary - CopticChurch.net",Toba 4,9
2033-01-13,"Readings for Thursday, January 13th - Toba 5 - Coptic Lectionary - CopticChurch.net",Toba 5,9
2033-01-14,"Readings for Friday, January 14th - Circumcision of our Lord - Coptic Lectionary - CopticChurch.net",Circumcision of our Lord,9
2033-01-15,"Readings for Saturday, January 15th - Toba 7 - Coptic Lectionary - CopticChurch.net",Toba 7,9
2033-01-16,"Readings for Sunday, January 16th - The second Sunday of Toba - Coptic Lectionary - CopticChurch.net",The second Sunday of Toba,9
2033-01-17,"Readings for Monday, January 17th - Toba 9 - Coptic Lectionary - CopticChurch.net",Toba 9,9
2033-01-18,"Readings for Tuesday, January 18th - Epiphany Paramoune - Coptic Lectionary - CopticChurch.net",Epiphany Paramoune,9
2033-01-19,"Readings for Wednesday, January 19th - The Feast of Epiphany - Coptic Lectionary - CopticChurch.net",The Feast of Epiphany,9
2033-01-20,"Readings for Thursday, January 20th - The Second Day of Feast of Epiphany - Coptic Lectionary - CopticChurch.net",The Second Day of Feast of Epiphany,9
2033-01-21,"Readings for Friday, January 21st - Wedding of Cana - Coptic Lectionary - CopticChurch.net",Wedding of Cana,9
2033-01-22,"Readings for Saturday, January 22nd - Toba 14 - Coptic Lectionary - CopticChurch.net",Toba 14,9
2033-01-23,"Readings for Sunday, January 23rd - The third Sunday of Toba - Coptic Lectionary - CopticChurch.net",The third Sunday of Toba,9
2033-01-24,"Readings for Monday, January 24th - Toba 16 - Coptic Lectionary - CopticChurch.net",Toba 16,9
2033-01-25,"Readings for Tuesday, January 25th - Toba 17 - Coptic Lectionary - CopticChurch.net",Toba 17,9
2033-01-26,"Readings for Wednesday, January 26th - Toba 18 - Coptic Lectionary - CopticChurch.net",Toba 18,9
2033-01-27,"Readings for Thursday, January 27th - Toba 19 - Coptic Lectionary - CopticChurch.net",Toba 19,9
2033-01-28,"Readings for Friday, January 28th - Toba 20 - Coptic Lectionary - CopticChurch.net",Toba 20,9
2033-01-29,"Readings for Saturday, January 29th - Toba 21 - Coptic Lectionary - CopticChurch.net",Toba 21,9
2033-01-30,"Readings for Sunday, January 30th - The fourth Sunday of Toba - Coptic Lectionary - CopticChurch.net",The fourth Sunday of Toba,9
2033-01-31,"Readings for Monday, January 31st - Toba 23 - Coptic Lectionary - CopticChurch.net",Toba 23,9
2033-02-01,"Readings for Tuesday, February 1st - Toba 24 - Coptic Lectionary - CopticChurch.net",Toba 24,9
2033-02-02,"Readings for Wednesday, February 2nd - Toba 25 - Coptic Lectionary - CopticChurch.net",Toba 25,9
2033-02-03,"Readings for Thursday, February 3rd - Toba 26 - Coptic Lectionary - CopticChurch.net",Toba 26,9
2033-02-04,"Readings for Friday, February 4th - Toba 27 - Coptic Lectionary - CopticChurch.net",Toba 27,9
2033-02-05,"Readings for Saturday, February 5th - Toba 28 - Coptic Lectionary - CopticChurch.net",Toba 28,9
2033-02-06,"Readings for Sunday, February 6th - The fifth Sunday of Toba - Coptic Lectionary - CopticChurch.net",The fifth Sunday of Toba,9
2033-02-07,"Readings for Monday, February 7th - Toba 30 - Coptic Lectionary - CopticChurch.net",Toba 30,9
2033-02-08,"Readings for Tuesday, February 8th - Amshir 1 - Coptic Lectionary - CopticChurch.net",Amshir 1,9
2033-02-09,"Readings for Wednesday, February 9th - Amshir 2 - Coptic Lectionary - CopticChurch.net",Amshir 2,9
2033-02-10,"Readings for Thursday, February 10th - Amshir 3 - Coptic Lectionary - CopticChurch.net",Amshir 3,9
2033-02-11,"Readings for Friday, February 11th - Amshir 4 - Coptic Lectionary - CopticChurch.net",Amshir 4,9
2033-02-12,"Readings for Saturday, February 12th - Amshir 5 - Coptic Lectionary - CopticChurch.net",Amshir 5,9
2033-02-13,"Readings for Sunday, February 13th - The first Sunday of Amshir - Coptic Lectionary - CopticChurch.net",The first Sunday of Amshir,9
2033-02-14,"Readings for Monday, February 14th - Fast of Ninevah - Coptic Lectionary - CopticChurch.net",Fast of Ninevah,9
2033-02-15,"Readings for Tuesday, February 15th - Entrance into the Temple - Coptic Lectionary - CopticChurch.net",Entrance into the Temple,9
2033-02-16,"Readings for Wednesday, February 16th - Wednesday of Ninevah's Fast - Coptic Lectionary - CopticChurch.net",Wednesday of Ninevah's Fast,7
2033-02-17,"Readings for Thursday, February 17th - Jonah's Feast - Coptic Lectionary - CopticChurch.net",Jonah's Feast,7
2033-02-18,"Readings for Friday, February 18th - Amshir 11 - Coptic Lectionary - CopticChurch.net",Amshir 11,9
2033-02-19,"Readings for Saturday, February 19th - Amshir 12 - Coptic Lectionary - CopticChurch.net",Amshir 12,9
2033-02-20,"Readings for Sunday, February 20th - The second Sunday of Amshir - Coptic Lectionary - CopticChurch.net",The second Sunday of Amshir,9
2033-02-21,"Readings for Monday, February 21st - Amshir 14 - Coptic Lectionary - CopticChurch.net",Amshir 14,9
2033-02-22,"Readings for Tuesday, February 22nd - Amshir 15 - Coptic Lectionary - CopticChurch.net",Amshir 15,9
2033-02-23,"Readings for Wednesday, February 23rd - Amshir 16 - Coptic Lectionary - CopticChurch.net",Amshir 16,9
2033-02-24,"Readings for Thursday, February 24th - Amshir 17 - Coptic Lectionary - CopticChurch.net",Amshir 17,9
2033-02-25,"Readings for Friday, February 25th - Amshir 18 - Coptic Lectionary - CopticChurch.net",Amshir 18,9
2033-02-26,"Readings for Saturday, February 26th - Saturday of the week before Great Lent - Coptic Lectionary - CopticChurch.net",Saturday of the week before Great Lent,9
2033-02-27,"Readings for Sunday, February 27th - Sunday of the week before Great Lent - Coptic Lectionary - CopticChurch.net",Sunday of the week before Great Lent,9
2033-02-28,"Readings for Monday, February 28th - Great Lent - Coptic Lectionary - CopticChurch.net",Great Lent,9
2033-03-01,"Readings for Tuesday, March 1st - Tuesday of the first week of Great Lent - Coptic Lectionary - CopticChurch.net",Tuesday of the first week of Great Lent,7
2033-03-02,"Readings for Wednesday, March 2nd - Wednesday of the first week of Great Lent - Coptic Lectionary - CopticChurch.net",Wednesday of the first week of Great Lent,7
2033-03-03,"Readings for Thursday, March 3rd - Thursday of the first week of Great Lent - Coptic Lectionary - CopticChurch.net",Thursday of the first week of Great Lent,7
2033-03-04,"Readings for Friday, March 4th - Friday of the first week of Great Lent - Coptic Lectionary - CopticChurch.net",Friday of the first week of Great Lent,7
2033-03-05,"Readings for Saturday, March 5th - Saturday of the first week of Great Lent - Coptic Lectionary - CopticChurch.net",Saturday of the first week of Great Lent,7
2033-03-06,"Readings for Sunday, March 6th - Sunday of the first week of Great Lent - Coptic Lectionary - CopticChurch.net",Sunday of the first week of Great Lent,9
2033-03-07,"Readings for Monday, March 7th - Monday of the second week of Great Lent - Coptic Lectionary - CopticChurch.net",Monday of the second week of Great Lent,7
2033-03-08,"Readings for Tuesday, March 8th - Tuesday of the second week of Great Lent - Coptic Lectionary - CopticChurch.net",Tuesday of the second week of Great Lent,7
2033-03-09,"Readings for Wednesday, March 9th - Wednesday of the second week of Great Lent - Coptic Lectionary - CopticChurch.net",Wednesday of the second week of Great Lent,7
2033-03-10,"Readings for Thursday, March 10th - Thursday of the second week of Great Lent - Coptic Lectionary - CopticChurch.net",Thursday of the second week of Great Lent,7
2033-03-11,"Readings for Friday, March 11th - Friday of the second week of Great Lent - Coptic Lectionary - CopticChurch.net",Friday of the second week of Great Lent,7
2033-03-12,"Readings for Saturday, March 12th - Saturday of the second week of Great Lent - Coptic Lectionary - CopticChurch.net",Saturday of the second week of Great Lent,7
2033-03-13,"Readings for Sunday, March 13th - Sunday of the second week of Great Lent - Coptic Lectionary - CopticChurch.net",Sunday of the second week of Great Lent,9
2033-03-14,"Readings for Monday, March 14th - Monday of the third week of Great Lent - Coptic Lectionary - CopticChurch.net",Monday of the third week of Great Lent,7
2033-03-15,"Readings for Tuesday, March 15th - Tuesday of the third week of Great Lent - Coptic Lectionary - CopticChurch.net",Tuesday of the third week of Great Lent,7
2033-03-16,"Readings for Wednesday, March 16th - Wednesday of the third week of Great Lent - Coptic Lectionary - CopticChurch.net",Wednesday of the third week of Great Lent,7
2033-03-17,"Readings for Thursday, March 17th - Thursday of the third week of Great Lent - Coptic Lectionary - CopticChurch.net",Thursday of the third week of Great Lent,7
2033-03-18,"Readings for Friday, March 18th - Friday of the third week of Great Lent - Coptic Lectionary - CopticChurch.net",Friday of the third week of Great Lent,7
2033-03-19,"Readings for Saturday, March 19th - Saturday of the third week of Great Lent <br>(Feast of the Cross - Readings of 10th Baramhat) - Coptic Lectionary - CopticChurch.net",Saturday of the third week of Great Lent <br>(Feast of the Cross - Readings of 10th Baramhat),9
2033-03-20,"Readings for Sunday, March 20th - Sunday of the third week of Great Lent - Coptic Lectionary - CopticChurch.net",Sunday of the third week of Great Lent,9
2033-03-21,"Readings for Monday, March 21st - Monday of the fourth week of Great Lent - Coptic Lectionary - CopticChurch.net",Monday of the fourth week of Great Lent,7
2033-03-22,"Readings for Tuesday, March 22nd - Tuesday of the fourth week of Great Lent - Coptic Lectionary - CopticChurch.net",Tuesday of the fourth week of Great Lent,7
2033-03-23,"Readings for Wednesday, March 23rd - Wednesday of the fourth week of Great Lent - Coptic Lectionary - CopticChurch.net",Wednesday of the fourth week of Great Lent,7
2033-03-24,"Readings for Thursday, March 24th - Thursday of the fourth week of Great Lent - Coptic Lectionary - CopticChurch.net",Thursday of the fourth week of Great Lent,7
2033-03-25,"Readings for Friday, March 25th - Friday of the fourth week of Great Lent - Coptic Lectionary - CopticChurch.net",Friday of the fourth week of Great Lent,7
2033-03-26,"Readings for Saturday, March 26th - Saturday of the fourth week of Great Lent - Coptic Lectionary - CopticChurch.net",Saturday of the fourth week of Great Lent,7
2033-03-27,"Readings for Sunday, March 27th - Sunday of the fourth week of Great Lent - Coptic Lectionary - CopticChurch.net",Sunday of the fourth week of Great Lent,9
2033-03-28,"Readings for Monday, March 28th - Monday of the fifth week of Great Lent - Coptic Lectionary - CopticChurch.net",Monday of the fifth week of Great Lent,7
2033-03-29,"Readings for Tuesday, March 29th - Tuesday of the fifth week of Great Lent - Coptic Lectionary - CopticChurch.net",Tuesday of the fifth week of Great Lent,7
2033-03-30,"Readings for Wednesday, March 30th - Wednesday of the fifth week of Great Lent - Coptic Lectionary - CopticChurch.net",Wednesday of the fifth week of Great Lent,7
2033-03-31,"Readings for Thursday, March 31st - Thursday of the fifth week of Great Lent - Coptic Lectionary - CopticChurch.net",Thursday of the fifth week of Great Lent,7
2033-04-01,"Readings for Friday, April 1st - Friday of the fifth week of Great Lent - Coptic Lectionary - CopticChurch.net",Friday of the fifth week of Great Lent,7
2033-04-02,"Readings for Saturday, April 2nd - Saturday of the fifth week of Great Lent - Coptic Lectionary - CopticChurch.net",Saturday of the fifth week of Great Lent,7
2033-04-03,"Readings for Sunday, April 3rd - Sunday of the fifth week of Great Lent - Coptic Lectionary - CopticChurch.net",Sunday of the fifth week of Great Lent,9
2033-04-04,"Readings for Monday, April 4th - Monday of the sixth week of Great Lent - Coptic Lectionary - CopticChurch.net",Monday of the sixth week of Great Lent,7
2033-04-05,"Readings for Tuesday, April 5th - Tuesday of the sixth week of Great Lent - Coptic Lectionary - CopticChurch.net",Tuesday of the sixth week of Great Lent,7
2033-04-06,"Readings for Wednesday, April 6th - Wednesday of the sixth week of Great Lent - Coptic Lectionary - CopticChurch.net",Wednesday of the sixth week of Great Lent,7
2033-04-07,"Readings for Thursday, April 7th - Annunciation - Coptic Lectionary - CopticChurch.net",Annunciation,9
2033-04-08,"Readings for Friday, April 8th - Friday of the sixth week of Great Lent - Coptic Lectionary - CopticChurch.net",Friday of the sixth week of Great Lent,7
2033-04-09,"Readings for Saturday, April 9th - Saturday of the sixth week of Great Lent - Coptic Lectionary - CopticChurch.net",Saturday of the sixth week of Great Lent,7
2033-04-10,"Readings for Sunday, April 10th - Sunday of the sixth week of Great Lent - Coptic Lectionary - CopticChurch.net",Sunday of the sixth week of Great Lent,9
2033-04-11,"Readings for Monday, April 11th - Monday of the seventh week of Great Lent - Coptic Lectionary - CopticChurch.net",Monday of the seventh week of Great Lent,7
2033-04-12,"Readings for Tuesday, April 12th - Tuesday of the seventh week of Great Lent - Coptic Lectionary - CopticChurch.net",Tuesday of the seventh week of Great Lent,7
2033-04-13,"Readings for Wednesday, April 13th - Wednesday of the seventh week of Great Lent - Coptic Lectionary - CopticChurch.net",Wednesday of the seventh week of Great Lent,7
2033-04-14,"Readings for Thursday, April 14th - Thursday of the seventh week of Great Lent - Coptic Lectionary - CopticChurch.net",Thursday of the seventh week of Great Lent,7
2033-04-15,"Readings for Friday, April 15th - Friday of the seventh week of Great Lent - Coptic Lectionary - CopticChurch.net",Friday of the seventh week of Great Lent,7
2033-04-16,"Readings for Saturday, April 16th - Lazarus Saturday of Great Lent - Coptic Lectionary - CopticChurch.net",Lazarus Saturday of Great Lent,7
2033-04-17,"Readings for Sunday, April 17th - Palm Sunday - Coptic Lectionary - CopticChurch.net",Palm Sunday,9
2033-04-18,"Readings for Monday, April 18th - Monday of Holy Week - Coptic Lectionary - CopticChurch.net",Monday of Holy Week,0
2033-04-19,"Readings for Tuesday, April 19th - Tuesday of Holy Week - Coptic Lectionary - CopticChurch.net",Tuesday of Holy Week,0
2033-04-20,"Readings for Wednesday, April 20th - Wednesday of Holy Week - Coptic Lectionary - CopticChurch.net",Wednesday of Holy Week,0
2033-04-21,"Readings for Thursday, April 21st - Holy Thursday - Coptic Lectionary - CopticChurch.net",Holy Thursday,0
2033-04-22,"Readings for Friday, April 22nd - Good Friday - Coptic Lectionary - CopticChurch.net",Good Friday,0
2033-04-23,"Readings for Saturday, April 23rd - Bright Saturday - Coptic Lectionary - CopticChurch.net",Bright Saturday,0
2033-04-24,"Readings for Sunday, April 24th - The Feast of Resurrection - Coptic Lectionary - CopticChurch.net",The Feast of Resurrection,7
2033-04-25,"Readings for Monday, April 25th - Monday of the first week of the holy fifty days - Coptic Lectionary - CopticChurch.net",Monday of the first week of the holy fifty days,9
2033-04-26,"Readings for Tuesday, April 26th - Tuesday of the first week of the holy fifty days - Coptic Lectionary - CopticChurch.net",Tuesday of the first week of the holy fifty days,9
2033-04-27,"Readings for Wednesday, April 27th - Wednesday of the first week of the holy fifty days - Coptic Lectionary - CopticChurch.net",Wednesday of the first week of the holy fifty days,9
2033-04-28,"Readings for Thursday, April 28th - Thursday of the first week of the holy fifty days - Coptic Lectionary - CopticChurch.net",Thursday of the first week of the holy fifty days,9
2033-04-29,"Readings for Friday, April 29th - Friday of the first week of the holy fifty days - Coptic Lectionary - CopticChurch.net",Friday of the first week of the holy fifty days,9
2033-04-30,"Readings for Saturday, April 30th - Saturday of the first week of the holy fifty days - Coptic Lectionary - CopticChurch.net",Saturday of the first week of the holy fifty days,9
2033-05-01,"Readings for Sunday, May 1st - Thomas Sunday - Coptic Lectionary - CopticChurch.net",Thomas Sunday,9
2033-05-02,"Readings for Monday, May 2nd - Monday of the second week of the holy fifty days - Coptic Lectionary - CopticChurch.net",Monday of the second week of the holy fifty days,9
2033-05-03,"Readings for Tuesday, May 3rd - Tuesday of the second week of the holy fifty days - Coptic Lectionary - CopticChurch.net",Tuesday of the second week of the holy fifty days,9
2033-05-04,"Readings for Wednesday, May 4th - Wednesday of the second week of the holy fifty days - Coptic Lectionary - CopticChurch.net",Wednesday of the second week of the holy fifty days,9
2033-05-05,"Readings for Thursday, May 5th - Thursday of the second week of the holy fifty days - Coptic Lectionary - CopticChurch.net",Thursday of the second week of the holy fifty days,9
2033-05-06,"Readings for Friday, May 6th - Friday of the second week of the holy fifty days - Coptic Lectionary - CopticChurch.net",Friday of the second week of the holy fifty days,9
2033-05-07,"Readings for Saturday, May 7th - Saturday of the second week of the holy fifty days - Coptic Lectionary - CopticChurch.net",Saturday of the second week of the holy fifty days,9
2033-05-08,"Readings for Sunday, May 8th - Sunday of the second week of the holy fifty days - Coptic Lectionary - CopticChurch.net",Sunday of the second week of the holy fifty days,9
2033-05-09,"Readings for Monday, May 9th - Monday of the third week of the holy fifty days - Coptic Lectionary - CopticChurch.net",Monday of the third week of the holy fifty days,9
2033-05-10,"Readings for Tuesday, May 10th - Tuesday of the third week of the holy fifty days - Coptic Lectionary - CopticChurch.net",Tuesday of the third week of the holy fifty days,9
2033-05-11,"Readings for Wednesday, May 11th - Wednesday of the third week of the holy fifty days - Coptic Lectionary - CopticChurch.net",Wednesday of the third week of the holy fifty days,9
2033-05-12,"Readings for Thursday, May 12th - Thursday of the third week of the holy fifty days - Coptic Lectionary - CopticChurch.net",Thursday of the third week of the holy fifty days,9
2033-05-13,"Readings for Friday, May 13th - Friday of the third week of the holy fifty days - Coptic Lectionary - CopticChurch.net",Friday of the third week of the holy fifty days,9
2033-05-14,"Readings for Saturday, May 14th - Saturday of the third week of the holy fifty days - Coptic Lectionary - CopticChurch.net",Saturday of the third week of the holy fifty days,9
2033-05-15,"Readings for Sunday, May 15th - Sunday of the third week of the holy fifty days - Coptic Lectionary - CopticChurch.net",Sunday of the third week of the holy fifty days,9
2033-05-16,"Readings for Monday, May 16th - Monday of the fourth week of the holy fifty days - Coptic Lectionary - CopticChurch.net",Monday of the fourth week of the holy fifty days,9
2033-05-17,"Readings for Tuesday, May 17th - Tuesday of the fourth week of the holy fifty days - Coptic Lectionary - CopticChurch.net",Tuesday of the fourth week of the holy fifty days,9
2033-05-18,"Readings for Wednesday, May 18th - Wednesday of the fourth week of the holy fifty days - Coptic Lectionary - CopticChurch.net",Wednesday of the fourth week of the holy fifty days,9
2033-05-19,"Readings for Thursday, May 19th - Thursday of the fourth week of the holy fifty days - Coptic Lectionary - CopticChurch.net",Thursday of the fourth week of the holy fifty days,9
2033-05-20,"Readings for Friday, May 20th - Friday of the fourth week of the holy fifty days - Coptic Lectionary - CopticChurch.net",Friday of the fourth week of the holy fifty days,9
2033-05-21,"Readings for Saturday, May 21st - Saturday of the fourth week of the holy fifty days - Coptic Lectionary - CopticChurch.net",Saturday of the fourth week of the holy fifty days,9
2033-05-22,"Readings for Sunday, May 22nd - Sunday of the fourth week of the holy fifty days - Coptic Lectionary - CopticChurch.net",Sunday of the fourth week of the holy fifty days,9
2033-05-23,"Readings for Monday, May 23rd - Monday of the fifth week of the holy fifty days - Coptic Lectionary - CopticChurch.net",Monday of the fifth week of the holy fifty days,9
2033-05-24,"Readings for Tuesday, May 24th - Tuesday of the fifth week of the holy fifty days - Coptic Lectionary - CopticChurch.net",Tuesday of the fifth week of the holy fifty days,9
2033-05-25,"Readings for Wednesday, May 25th - Wednesday of the fifth week of the holy fifty days - Coptic Lectionary - CopticChurch.net",Wednesday of the fifth week of the holy fifty days,9
2033-05-26,"Readings for Thursday, May 26th - Thursday of the fifth week of the holy fifty days - Coptic Lectionary - CopticChurch.net",Thursday of the fifth week of the holy fifty days,9
2033-05-27,"Readings for Friday, May 27th - Friday of the fifth week of the holy fifty days - Coptic Lectionary - CopticChurch.net",Friday of the fifth week of the holy fifty days,9
2033-05-28,"Readings for Saturday, May 28th - Saturday of the fifth week of the holy fifty days - Coptic Lectionary - CopticChurch.net",Saturday of the fifth week of the holy fifty days,9
2033-05-29,"Readings for Sunday, May 29th - Sunday of the fifth week of the holy fifty days - Coptic Lectionary - CopticChurch.net",Sunday of the fifth week of the holy fifty days,9
2033-05-30,"Readings for Monday, May 30th - Monday of the sixth week of the holy fifty days - Coptic Lectionary - CopticChurch.net",Monday of the sixth week of the holy fifty days,9
2033-05-31,"Readings for Tuesday, May 31st - Tuesday of the sixth week of the holy fifty days - Coptic Lectionary - CopticChurch.net",Tuesday of the sixth week of the holy fifty days,9
2033-06-01,"Readings for Wednesday, June 1st - Wednesday of the sixth week of the holy fifty days and the Feast of Entry into Egypt - Coptic Lectionary - CopticChurch.net",Wednesday of the sixth week of the holy fifty days and the Feast of Entry into Egypt,9
2033-06-02,"Readings for Thursday, June 2nd - The Feast of the Ascension - Coptic Lectionary - CopticChurch.net",The Feast of the Ascension,9
2033-06-03,"Readings for Friday, June 3rd - Friday of the sixth week of the holy fifty days - Coptic Lectionary - CopticChurch.net",Friday of the sixth week of the holy fifty days,9
2033-06-04,"Readings for Saturday, June 4th - Saturday of the sixth week of the holy fifty days - Coptic Lectionary - CopticChurch.net",Saturday of the sixth week of the holy fifty days,9
2033-06-05,"Readings for Sunday, June 5th - Sunday of the sixth week of the holy fifty days - Coptic Lectionary - CopticChurch.net",Sunday of the sixth week of the holy fifty days,9
2033-06-06,"Readings for Monday, June 6th - Monday of the seventh week of the holy fifty days - Coptic Lectionary - CopticChurch.net",Monday of the seventh week of the holy fifty days,9
2033-06-07,"Readings for Tuesday, June 7th - Tuesday of the seventh week of the holy fifty days - Coptic Lectionary - CopticChurch.net",Tuesday of the seventh week of the holy fifty days,9
2033-06-08,"Readings for Wednesday, June 8th - Wednesday of the seventh week of the holy fifty days - Coptic Lectionary - CopticChurch.net",Wednesday of the seventh week of the holy fifty days,9
2033-06-09,"Readings for Thursday, June 9th - Thursday of the seventh week of the holy fifty days - Coptic Lectionary - CopticChurch.net",Thursday of the seventh week of the holy fifty days,9
2033-06-10,"Readings for Friday, June 10th - Friday of the seventh week of the holy fifty days - Coptic Lectionary - CopticChurch.net",Friday of the seventh week of the holy fifty days,9
2033-06-11,"Readings for Saturday, June 11th - Saturday of the seventh week of the holy fifty days - Coptic Lectionary - CopticChurch.net",Saturday of the seventh week of the holy fifty days,9
2033-06-12,"Readings for Sunday, June 12th - Pentecost - Coptic Lectionary - CopticChurch.net",Pentecost,9
2033-06-13,"Readings for Monday, June 13th - Paona 6 - Coptic Lectionary - CopticChurch.net",Paona 6,9
2033-06-14,"Readings for Tuesday, June 14th - Paona 7 - Coptic Lectionary - CopticChurch.net",Paona 7,9
2033-06-15,"Readings for Wednesday, June 15th - Paona 8 - Coptic Lectionary - CopticChurch.net",Paona 8,9
2033-06-16,"Readings for Thursday, June 16th - Paona 9 - Coptic Lectionary - CopticChurch.net",Paona 9,9
2033-06-17,"Readings for Friday, June 17th - Paona 10 - Coptic Lectionary - CopticChurch.net",Paona 10,9
2033-06-18,"Readings for Saturday, June 18th - Paona 11 - Coptic Lectionary - CopticChurch.net",Paona 11,9
2033-06-19,"Readings for Sunday, June 19th - The second Sunday of Paona - Coptic Lectionary - CopticChurch.net",The second Sunday of Paona,9
2033-06-20,"Readings for Monday, June 20th - Paona 13 - Coptic Lectionary - CopticChurch.net",Paona 13,9
2033-06-21,"Readings for Tuesday, June 21st - Paona 14 - Coptic Lectionary - CopticChurch.net",Paona 14,9
2033-06-22,"Readings for Wednesday, June 22nd - Paona 15 - Coptic Lectionary - CopticChurch.net",Paona 15,9
2033-06-23,"Readings for Thursday, June 23rd - Paona 16 - Coptic Lectionary - CopticChurch.net",Paona 16,9
2033-06-24,"Readings for Friday, June 24th - Paona 17 - Coptic Lectionary - CopticChurch.net",Paona 17,9
2033-06-25,"Readings for Saturday, June 25th - Paona 18 - Coptic Lectionary - CopticChurch.net",Paona 18,9
2033-06-26,"Readings for Sunday, June 26th - The third Sunday of Paona - Coptic Lectionary - CopticChurch.net",The third Sunday of Paona,9
2033-06-27,"Readings for Monday, June 27th - Paona 20 - Coptic Lectionary - CopticChurch.net",Paona 20,9
2033-06-28,"Readings for Tuesday, June 28th - Paona 21 - Coptic Lectionary - CopticChurch.net",Paona 21,9
2033-06-29,"Readings for Wednesday, June 29th - Paona 22 - Coptic Lectionary - CopticChurch.net",Paona 22,9
2033-06-30,"Readings for Thursday, June 30th - Paona 23 - Coptic Lectionary - CopticChurch.net",Paona 23,9
2033-07-01,"Readings for Friday, July 1st - Paona 24 - Coptic Lectionary - CopticChurch.net",Paona 24,9
2033-07-02,"Readings for Saturday, July 2nd - Paona 25 - Coptic Lectionary - CopticChurch.net",Paona 25,9
2033-07-03,"Readings for Sunday, July 3rd - The fourth Sunday of Paona - Coptic Lectionary - CopticChurch.net",The fourth Sunday of Paona,9
2033-07-04,"Readings for Monday, July 4th - Paona 27 - Coptic Lectionary - CopticChurch.net",Paona 27,9
2033-07-05,"Readings for Tuesday, July 5th - Paona 28 - Coptic Lectionary - CopticChurch.net",Paona 28,9
2033-07-06,"Readings for Wednesday, July 6th - Paona 29 - Coptic Lectionary - CopticChurch.net",Paona 29,9
2033-07-07,"Readings for Thursday, July 7th - Paona 30 - Coptic Lectionary - CopticChurch.net",Paona 30,9
2033-07-08,"Readings for Friday, July 8th - Abib 1 - Coptic Lectionary - CopticChurch.net",Abib 1,9
2033-07-09,"Readings for Saturday, July 9th - Abib 2 - Coptic Lectionary - CopticChurch.net",Abib 2,9
2033-07-10,"Readings for Sunday, July 10th - The first Sunday of Abib - Coptic Lectionary - CopticChurch.net",The first Sunday of Abib,9
2033-07-11,"Readings for Monday, July 11th - Abib 4 - Coptic Lectionary - CopticChurch.net",Abib 4,9
2033-07-12,"Readings for Tuesday, July 12th - Abib 5 (Apostle's Feast) - Coptic Lectionary - CopticChurch.net",Abib 5 (Apostle's Feast),9
2033-07-13,"Readings for Wednesday, July 13th - Abib 6 - Coptic Lectionary - CopticChurch.net",Abib 6,9
2033-07-14,"Readings for Thursday, July 14th - Abib 7 - Coptic Lectionary - CopticChurch.net",Abib 7,9
2033-07-15,"Readings for Friday, July 15th - Abib 8 - Coptic Lectionary - CopticChurch.net",Abib 8,9
2033-07-16,"Readings for Saturday, July 16th - Abib 9 - Coptic Lectionary - CopticChurch.net",Abib 9,9
2033-07-17,"Readings for Sunday, July 17th - The second Sunday of Abib - Coptic Lectionary - CopticChurch.net",The second Sunday of Abib,9
2033-07-18,"Readings for Monday, July 18th - Abib 11 - Coptic Lectionary - CopticChurch.net",Abib 11,9
2033-07-19,"Readings for Tuesday, July 19th - Abib 12 - Coptic Lectionary - CopticChurch.net",Abib 12,9
2033-07-20,"Readings for Wednesday, July 20th - Abib 13 - Coptic Lectionary - CopticChurch.net",Abib 13,9
2033-07-21,"Readings for Thursday, July 21st - Abib 14 - Coptic Lectionary - CopticChurch.net",Abib 14,9
2033-07-22,"Readings for Friday, July 22nd - Abib 15 - Coptic Lectionary - CopticChurch.net",Abib 15,9
2033-07-23,"Readings for Saturday, July 23rd - Abib 16 - Coptic Lectionary - CopticChurch.net",Abib 16,9
2033-07-24,"Readings for Sunday, July 24th - The third Sunday of Abib - Coptic Lectionary - CopticChurch.net",The third Sunday of Abib,9
2033-07-25,"Readings for Monday, July 25th - Abib 18 - Coptic Lectionary - CopticChurch.net",Abib 18,9
2033-07-26,"Readings for Tuesday, July 26th - Abib 19 - Coptic Lectionary - CopticChurch.net",Abib 19,9
2033-07-27,"Readings for Wednesday, July 27th - Abib 20 - Coptic Lectionary - CopticChurch.net",Abib 20,9
2033-07-28,"Readings for Thursday, July 28th - Abib 21 - Coptic Lectionary - CopticChurch.net",Abib 21,9
2033-07-29,"Readings for Friday, July 29th - Abib 22 - Coptic Lectionary - CopticChurch.net",Abib 22,9
2033-07-30,"Readings for Saturday, July 30th - Abib 23 - Coptic Lectionary - CopticChurch.net",Abib 23,9
2033-07-31,"Readings for Sunday, July 31st - The fourth Sunday of Abib - Coptic Lectionary - CopticChurch.net",The fourth Sunday of Abib,9
2033-08-01,"Readings for Monday, August 1st - Abib 25 - Coptic Lectionary - CopticChurch.net",Abib 25,9
2033-08-02,"Readings for Tuesday, August 2nd - Abib 26 - Coptic Lectionary - CopticChurch.net",Abib 26,9
2033-08-03,"Readings for Wednesday, August 3rd - Abib 27 - Coptic Lectionary - CopticChurch.net",Abib 27,9
2033-08-04,"Readings for Thursday, August 4th - Abib 28 - Coptic Lectionary - CopticChurch.net",Abib 28,9
2033-08-05,"Readings for Friday, August 5th - Abib 29 - Coptic Lectionary - CopticChurch.net",Abib 29,9
2033-08-06,"Readings for Saturday, August 6th - Abib 30 - Coptic Lectionary - CopticChurch.net",Abib 30,9
2033-08-07,"Readings for Sunday, August 7th - St Mary's Fast - Coptic Lectionary - CopticChurch.net",St Mary's Fast,9
2033-08-08,"Readings for Monday, August 8th - Mesra 2 - Coptic Lectionary - CopticChurch.net",Mesra 2,9
2033-08-09,"Readings for Tuesday, August 9th - Mesra 3 - Coptic Lectionary - CopticChurch.net",Mesra 3,9
2033-08-10,"Readings for Wednesday, August 10th - Mesra 4 - Coptic Lectionary - CopticChurch.net",Mesra 4,9
2033-08-11,"Readings for Thursday, August 11th - Mesra 5 - Coptic Lectionary - CopticChurch.net",Mesra 5,9
2033-08-12,"Readings for Friday, August 12th - Mesra 6 - Coptic Lectionary - CopticChurch.net",Mesra 6,9
2033-08-13,"Readings for Saturday, August 13th - Mesra 7 - Coptic Lectionary - CopticChurch.net",Mesra 7,9
2033-08-14,"Readings for Sunday, August 14th - The second Sunday of Mesra - Coptic Lectionary - CopticChurch.net",The second Sunday of Mesra,9
2033-08-15,"Readings for Monday, August 15th - Mesra 9 - Coptic Lectionary - CopticChurch.net",Mesra 9,9
2033-08-16,"Readings for Tuesday, August 16th - Mesra 10 - Coptic Lectionary - CopticChurch.net",Mesra 10,9
2033-08-17,"Readings for Wednesday, August 17th - Mesra 11 - Coptic Lectionary - CopticChurch.net",Mesra 11,9
2033-08-18,"Readings for Thursday, August 18th - Mesra 12 - Coptic Lectionary - CopticChurch.net",Mesra 12,9
2033-08-19,"Readings for Friday, August 19th - Transfiguration - Coptic Lectionary - CopticChurch.net",Transfiguration,9
2033-08-20,"Readings for Saturday, August 20th - Mesra 14 - Coptic Lectionary - CopticChurch.net",Mesra 14,9
2033-08-21,"Readings for Sunday, August 21st - The third Sunday of Mesra - Coptic Lectionary - CopticChurch.net",The third Sunday of Mesra,9
2033-08-22,"Readings for Monday, August 22nd - Mesra 16 (St Mary's Feast) - Coptic Lectionary - CopticChurch.net",Mesra 16 (St Mary's Feast),9
2033-08-23,"Readings for Tuesday, August 23rd - Mesra 17 - Coptic Lectionary - CopticChurch.net",Mesra 17,9
2033-08-24,"Readings for Wednesday, August 24th - Mesra 18 - Coptic Lectionary - CopticChurch.net",Mesra 18,9
2033-08-25,"Readings for Thursday, August 25th - Mesra 19 - Coptic Lectionary - CopticChurch.net",Mesra 19,9
2033-08-26,"Readings for Friday, August 26th - Mesra 20 - Coptic Lectionary - CopticChurch.net",Mesra 20,9
2033-08-27,"Readings for Saturday, August 27th - Mesra 21 - Coptic Lectionary - CopticChurch.net",Mesra 21,9
2033-08-28,"Readings for Sunday, August 28th - The fourth Sunday of Mesra - Coptic Lectionary - CopticChurch.net",The fourth Sunday of Mesra,9
2033-08-29,"Readings for Monday, August 29th - Mesra 23 - Coptic Lectionary - CopticChurch.net",Mesra 23,9
2033-08-30,"Readings for Tuesday, August 30th - Mesra 24 - Coptic Lectionary - CopticChurch.net",Mesra 24,9
2033-08-31,"Readings for Wednesday, August 31st - Mesra 25 - Coptic Lectionary - CopticChurch.net",Mesra 25,9
2033-09-01,"Readings for Thursday, September 1st - Mesra 26 - Coptic Lectionary - CopticChurch.net",Mesra 26,9
2033-09-02,"Readings for Friday, September 2nd - Mesra 27 - Coptic Lectionary - CopticChurch.net",Mesra 27,9
2033-09-03,"Readings for Saturday, September 3rd - Mesra 28 - Coptic Lectionary - CopticChurch.net",Mesra 28,9
2033-09-04,"Readings for Sunday, September 4th - The fifth Sunday of Mesra (Readings of 29th Baramhat) - Coptic Lectionary - CopticChurch.net",The fifth Sunday of Mesra (Readings of 29th Baramhat),9
2033-09-05,"Readings for Monday, September 5th - Mesra 30 - Coptic Lectionary - CopticChurch.net",Mesra 30,9
2033-09-06,"Readings for Tuesday, September 6th - Nasie 1 - Coptic Lectionary - CopticChurch.net",Nasie 1,9
2033-09-07,"Readings for Wednesday, September 7th - Nasie 2 - Coptic Lectionary - CopticChurch.net",Nasie 2,9
2033-09-08,"Readings for Thursday, September 8th - Nasie 3 - Coptic Lectionary - CopticChurch.net",Nasie 3,9
2033-09-09,"Readings for Friday, September 9th - Nasie 4 - Coptic Lectionary - CopticChurch.net",Nasie 4,9
2033-09-10,"Readings for Saturday, September 10th - Nasie 5 - Coptic Lectionary - CopticChurch.net",Nasie 5,9
2033-09-11,"Readings for Sunday, September 11th -  Feast of Nayrouz - (Readings of the First of Tut) - Coptic Lectionary - CopticChurch.net",Feast of Nayrouz - (Readings of the First of Tut),9
2033-09-12,"Readings for Monday, September 12th - Tout 2 - Coptic Lectionary - CopticChurch.net",Tout 2,9
2033-09-13,"Readings for Tuesday, September 13th - Tout 3 - Coptic Lectionary - CopticChurch.net",Tout 3,9
2033-09-14,"Readings for Wednesday, September 14th - Tout 4 - Coptic Lectionary - CopticChurch.net",Tout 4,9
2033-09-15,"Readings for Thursday, September 15th - Tout 5 - Coptic Lectionary - CopticChurch.net",Tout 5,9
2033-09-16,"Readings for Friday, September 16th - Tout 6 - Coptic Lectionary - CopticChurch.net",Tout 6,9
2033-09-17,"Readings for Saturday, September 17th - Tout 7 - Coptic Lectionary - CopticChurch.net",Tout 7,9
2033-09-18,"Readings for Sunday, September 18th - The first Sunday of Tout - Coptic Lectionary - CopticChurch.net",The first Sunday of Tout,9
2033-09-19,"Readings for Monday, September 19th - Tout 9 - Coptic Lectionary - CopticChurch.net",Tout 9,9
2033-09-20,"Readings for Tuesday, September 20th - Tout 10 - Coptic Lectionary - CopticChurch.net",Tout 10,9
2033-09-21,"Readings for Wednesday, September 21st - Tout 11 - Coptic Lectionary - CopticChurch.net",Tout 11,9
2033-09-22,"Readings for Thursday, September 22nd - Tout 12 - Coptic Lectionary - CopticChurch.net",Tout 12,9
2033-09-23,"Readings for Friday, September 23rd - Tout 13 - Coptic Lectionary - CopticChurch.net",Tout 13,9
2033-09-24,"Readings for Saturday, September 24th - Tout 14 - Coptic Lectionary - CopticChurch.net",Tout 14,9
2033-09-25,"Readings for Sunday, September 25th - The second Sunday of Tout - Coptic Lectionary - CopticChurch.net",The second Sunday of Tout,9
2033-09-26,"Readings for Monday, September 26th - Tout 16 - Coptic Lectionary - CopticChurch.net",Tout 16,9
2033-09-27,"Readings for Tuesday, September 27th - Tout 17 (Feast of the Cross) - Coptic Lectionary - CopticChurch.net",Tout 17 (Feast of the Cross),9
2033-09-28,"Readings for Wednesday, September 28th - Tout 18 (Feast of the Cross) - Coptic Lectionary - CopticChurch.net",Tout 18 (Feast of the Cross),9
2033-09-29,"Readings for Thursday, September 29th - Tout 19 (Feast of the Cross) - Coptic Lectionary - CopticChurch.net",Tout 19 (Feast of the Cross),9
2033-09-30,"Readings for Friday, September 30th - Tout 20 - Coptic Lectionary - CopticChurch.net",Tout 20,9
2033-10-01,"Readings for Saturday, October 1st - Tout 21 - Coptic Lectionary - CopticChurch.net",Tout 21,9
2033-10-02,"Readings for Sunday, October 2nd - The third Sunday of Tout - Coptic Lectionary - CopticChurch.net",The third Sunday of Tout,9
2033-10-03,"Readings for Monday, October 3rd - Tout 23 - Coptic Lectionary - CopticChurch.net",Tout 23,9
2033-10-04,"Readings for Tuesday, October 4th - Tout 24 - Coptic Lectionary - CopticChurch.net",Tout 24,9
2033-10-05,"Readings for Wednesday, October 5th - Tout 25 - Coptic Lectionary - CopticChurch.net",Tout 25,9
2033-10-06,"Readings for Thursday, October 6th - Tout 26 - Coptic Lectionary - CopticChurch.net",Tout 26,9
2033-10-07,"Readings for Friday, October 7th - Tout 27 - Coptic Lectionary - CopticChurch.net",Tout 27,9
2033-10-08,"Readings for Saturday, October 8th - Tout 28 - Coptic Lectionary - CopticChurch.net",Tout 28,9
2033-10-09,"Readings for Sunday, October 9th - The fourth Sunday of Tout - Coptic Lectionary - CopticChurch.net",The fourth Sunday of Tout,9
2033-10-10,"Readings for Monday, October 10th - Tout 30 - Coptic Lectionary - CopticChurch.net",Tout 30,9
2033-10-11,"Readings for Tuesday, October 11th - Baba 1 - Coptic Lectionary - CopticChurch.net",Baba 1,9
2033-10-12,"Readings for Wednesday, October 12th - Baba 2 - Coptic Lectionary - CopticChurch.net",Baba 2,9
2033-10-13,"Readings for Thursday, October 13th - Baba 3 - Coptic Lectionary - CopticChurch.net",Baba 3,9
2033-10-14,"Readings for Friday, October 14th - Baba 4 - Coptic Lectionary - CopticChurch.net",Baba 4,9
2033-10-15,"Readings for Saturday, October 15th - Baba 5 - Coptic Lectionary - CopticChurch.net",Baba 5,9
2033-10-16,"Readings for Sunday, October 16th - The first Sunday of Baba - Coptic Lectionary - CopticChurch.net",The first Sunday of Baba,9
2033-10-17,"Readings for Monday, October 17th - Baba 7 - Coptic Lectionary - CopticChurch.net",Baba 7,9
2033-10-18,"Readings for Tuesday, October 18th - Baba 8 - Coptic Lectionary - CopticChurch.net",Baba 8,9
2033-10-19,"Readings for Wednesday, October 19th - Baba 9 - Coptic Lectionary - CopticChurch.net",Baba 9,9
2033-10-20,"Readings for Thursday, October 20th - Baba 10 - Coptic Lectionary - CopticChurch.net",Baba 10,9
2033-10-21,"Readings for Friday, October 21st - Baba 11 - Coptic Lectionary - CopticChurch.net",Baba 11,9
2033-10-22,"Readings for Saturday, October 22nd - Baba 12 - Coptic Lectionary - CopticChurch.net",Baba 12,9
2033-10-23,"Readings for Sunday, October 23rd - The second Sunday of Baba - Coptic Lectionary - CopticChurch.net",The second Sunday of Baba,9
2033-10-24,"Readings for Monday, October 24th - Baba 14 - Coptic Lectionary - CopticChurch.net",Baba 14,9
2033-10-25,"Readings for Tuesday, October 25th - Baba 15 - Coptic Lectionary - CopticChurch.net",Baba 15,9
2033-10-26,"Readings for Wednesday, October 26th - Baba 16 - Coptic Lectionary - CopticChurch.net",Baba 16,9
2033-10-27,"Readings for Thursday, October 27th - Baba 17 - Coptic Lectionary - CopticChurch.net",Baba 17,9
2033-10-28,"Readings for Friday, October 28th - Baba 18 - Coptic Lectionary - CopticChurch.net",Baba 18,9
2033-10-29,"Readings for Saturday, October 29th - Baba 19 - Coptic Lectionary - CopticChurch.net",Baba 19,9
2033-10-30,"Readings for Sunday, October 30th - The third Sunday of Baba - Coptic Lectionary - CopticChurch.net",The third Sunday of Baba,9
2033-10-31,"Readings for Monday, October 31st - Baba 21 - Coptic Lectionary - CopticChurch.net",Baba 21,9
2033-11-01,"Readings for Tuesday, November 1st - Baba 22 - Coptic Lectionary - CopticChurch.net",Baba 22,9
2033-11-02,"Readings for Wednesday, November 2nd - Baba 23 - Coptic Lectionary - CopticChurch.net",Baba 23,9
2033-11-03,"Readings for Thursday, November 3rd - Baba 24 - Coptic Lectionary - CopticChurch.net",Baba 24,9
2033-11-04,"Readings for Friday, November 4th - Baba 25 - Coptic Lectionary - CopticChurch.net",Baba 25,9
2033-11-05,"Readings for Saturday, November 5th - Baba 26 - Coptic Lectionary - CopticChurch.net",Baba 26,9
2033-11-06,"Readings for Sunday, November 6th - The fourth Sunday of Baba - Coptic Lectionary - CopticChurch.net",The fourth Sunday of Baba,9
2033-11-07,"Readings for Monday, November 7th - Baba 28 - Coptic Lectionary - CopticChurch.net",Baba 28,9
2033-11-08,"Readings for Tuesday, November 8th - Baba 29 - Coptic Lectionary - CopticChurch.net",Baba 29,9
2033-11-09,"Readings for Wednesday, November 9th - Baba 30 - Coptic Lectionary - CopticChurch.net",Baba 30,9
2033-11-10,"Readings for Thursday, November 10th - Hator 1 - Coptic Lectionary - CopticChurch.net",Hator 1,9
2033-11-11,"Readings for Friday, November 11th - Hator 2 - Coptic Lectionary - CopticChurch.net",Hator 2,9
2033-11-12,"Readings for Saturday, November 12th - Hator 3 - Coptic Lectionary - CopticChurch.net",Hator 3,9
2033-11-13,"Readings for Sunday, November 13th - The first Sunday of Hator - Coptic Lectionary - CopticChurch.net",The first Sunday of Hator,9
2033-11-14,"Readings for Monday, November 14th - Hator 5 - Coptic Lectionary - CopticChurch.net",Hator 5,9
2033-11-15,"Readings for Tuesday, November 15th - Hator 6 - Coptic Lectionary - CopticChurch.net",Hator 6,9
2033-11-16,"Readings for Wednesday, November 16th - Hator 7 - Coptic Lectionary - CopticChurch.net",Hator 7,9
2033-11-17,"Readings for Thursday, November 17th - Hator 8 - Coptic Lectionary - CopticChurch.net",Hator 8,9
2033-11-18,"Readings for Friday, November 18th - Hator 9 - Coptic Lectionary - CopticChurch.net",Hator 9,9
2033-11-19,"Readings for Saturday, November 19th - Hator 10 - Coptic Lectionary - CopticChurch.net",Hator 10,9
2033-11-20,"Readings for Sunday, November 20th - The second Sunday of Hator - Coptic Lectionary - CopticChurch.net",The second Sunday of Hator,9
2033-11-21,"Readings for Monday, November 21st - Hator 12 - Coptic Lectionary - CopticChurch.net",Hator 12,9
2033-11-22,"Readings for Tuesday, November 22nd - Hator 13 - Coptic Lectionary - CopticChurch.net",Hator 13,9
2033-11-23,"Readings for Wednesday, November 23rd - Hator 14 - Coptic Lectionary - CopticChurch.net",Hator 14,9
2033-11-24,"Readings for Thursday, November 24th - Hator 15 - Coptic Lectionary - CopticChurch.net",Hator 15,9
2033-11-25,"Readings for Friday, November 25th - Hator 16 of Christmas Fast - Coptic Lectionary - CopticChurch.net",Hator 16 of Christmas Fast,9
2033-11-26,"Readings for Saturday, November 26th - Hator 17 - Coptic Lectionary - CopticChurch.net",Hator 17,9
2033-11-27,"Readings for Sunday, November 27th - The third Sunday of Hator - Coptic Lectionary - CopticChurch.net",The third Sunday of Hator,9
2033-11-28,"Readings for Monday, November 28th - Hator 19 - Coptic Lectionary - CopticChurch.net",Hator 19,9
2033-11-29,"Readings for Tuesday, November 29th - Hator 20 - Coptic Lectionary - CopticChurch.net",Hator 20,9
2033-11-30,"Readings for Wednesday, November 30th - Hator 21 - Coptic Lectionary - CopticChurch.net",Hator 21,9
2033-12-01,"Readings for Thursday, December 1st - Hator 22 - Coptic Lectionary - CopticChurch.net",Hator 22,9
2033-12-02,"Readings for Friday, December 2nd - Hator 23 - Coptic Lectionary - CopticChurch.net",Hator 23,9
2033-12-03,"Readings for Saturday, December 3rd - Hator 24 - Coptic Lectionary - CopticChurch.net",Hator 24,9
2033-12-04,"Readings for Sunday, December 4th - The fourth Sunday of Hator - Coptic Lectionary - CopticChurch.net",The fourth Sunday of Hator,9
2033-12-05,"Readings for Monday, December 5th - Hator 26 - Coptic Lectionary - CopticChurch.net",Hator 26,9
2033-12-06,"Readings for Tuesday, December 6th - Hator 27 - Coptic Lectionary - CopticChurch.net",Hator 27,9
2033-12-07,"Readings for Wednesday, December 7th - Hator 28 - Coptic Lectionary - CopticChurch.net",Hator 28,9
2033-12-08,"Readings for Thursday, December 8th - Hator 29 - Coptic Lectionary - CopticChurch.net",Hator 29,9
2033-12-09,"Readings for Friday, December 9th - Hator 30 - Coptic Lectionary - CopticChurch.net",Hator 30,9
2033-12-10,"Readings for Saturday, December 10th - Kiak 1 - Coptic Lectionary - CopticChurch.net",Kiak 1,9
2033-12-11,"Readings for Sunday, December 11th - The first Sunday of Kiak - Coptic Lectionary - CopticChurch.net",The first Sunday of Kiak,9
2033-12-12,"Readings for Monday, December 12th - Kiak 3 - Coptic Lectionary - CopticChurch.net",Kiak 3,9
2033-12-13,"Readings for Tuesday, December 13th - Kiak 4 - Coptic Lectionary - CopticChurch.net",Kiak 4,9
2033-12-14,"Readings for Wednesday, December 14th - Kiak 5 - Coptic Lectionary - CopticChurch.net",Kiak 5,9
2033-12-15,"Readings for Thursday, December 15th - Kiak 6 - Coptic Lectionary - CopticChurch.net",Kiak 6,9
2033-12-16,"Readings for Friday, December 16th - Kiak 7 - Coptic Lectionary - CopticChurch.net",Kiak 7,9
2033-12-17,"Readings for Saturday, December 17th - Kiak 8 - Coptic Lectionary - CopticChurch.net",Kiak 8,9
2033-12-18,"Readings for Sunday, December 18th - The second Sunday of Kiak - Coptic Lectionary - CopticChurch.net",The second Sunday of Kiak,9
2033-12-19,"Readings for Monday, December 19th - Kiak 10 - Coptic Lectionary - CopticChurch.net",Kiak 10,9
2033-12-20,"Readings for Tuesday, December 20th - Kiak 11 - Coptic Lectionary - CopticChurch.net",Kiak 11,9
2033-12-21,"Readings for Wednesday, December 21st - Kiak 12 - Coptic Lectionary - CopticChurch.net",Kiak 12,9
2033-12-22,"Readings for Thursday, December 22nd - Kiak 13 - Coptic Lectionary - CopticChurch.net",Kiak 13,9
2033-12-23,"Readings for Friday, December 23rd - Kiak 14 - Coptic Lectionary - CopticChurch.net",Kiak 14,9
2033-12-24,"Readings for Saturday, December 24th - Kiak 15 - Coptic Lectionary - CopticChurch.net",Kiak 15,9
2033-12-25,"Readings for Sunday, December 25th - The third Sunday of Kiak - Coptic Lectionary - CopticChurch.net",The third Sunday of Kiak,9
2033-12-26,"Readings for Monday, December 26th - Kiak 17 - Coptic Lectionary - CopticChurch.net",Kiak 17,9
2033-12-27,"Readings for Tuesday, December 27th - Kiak 18 - Coptic Lectionary - CopticChurch.net",Kiak 18,9
2033-12-28,"Readings for Wednesday, December 28th - Kiak 19 - Coptic Lectionary - CopticChurch.net",Kiak 19,9
2033-12-29,"Readings for Thursday, December 29th - Kiak 20 - Coptic Lectionary - CopticChurch.net",Kiak 20,9
2033-12-30,"Readings for Friday, December 30th - Kiak 21 - Coptic Lectionary - CopticChurch.net",Kiak 21,9
2033-12-31,"Readings for Saturday, December 31st - Kiak 22 - Coptic Lectionary - CopticChurch.net",Kiak 22,9
2034-01-01,"Readings for Sunday, January 1st - The fourth Sunday of Kiak - Coptic Lectionary - CopticChurch.net",The fourth Sunday of Kiak,9
2034-01-02,"Readings for Monday, January 2nd - Kiak 24 - Coptic Lectionary - CopticChurch.net",Kiak 24,9
2034-01-03,"Readings for Tuesday, January 3rd - Kiak 25 - Coptic Lectionary - CopticChurch.net",Kiak 25,9
2034-01-04,"Readings for Wednesday, January 4th - Kiak 26 - Coptic Lectionary - CopticChurch.net",Kiak 26,9
2034-01-05,"Readings for Thursday, January 5th - Kiak 27 - Coptic Lectionary - CopticChurch.net",Kiak 27,9
2034-01-06,"Readings for Friday, January 6th - Christmas Paramoune - Coptic Lectionary - CopticChurch.net",Christmas Paramoune,9
2034-01-07,"Readings for Saturday, January 7th - Christmas - Coptic Lectionary - CopticChurch.net",Christmas,9
2034-01-08,"Readings for Sunday, January 8th - The fifth Sunday of Kiak - Coptic Lectionary - CopticChurch.net",The fifth Sunday of Kiak,9
2034-01-09,"Readings for Monday, January 9th - Toba 1 - Coptic Lectionary - CopticChurch.net",Toba 1,9
2034-01-10,"Readings for Tuesday, January 10th - Toba 2 - Coptic Lectionary - CopticChurch.net",Toba 2,9
2034-01-11,"Readings for Wednesday, January 11th - Toba 3 - Coptic Lectionary - CopticChurch.net",Toba 3,9
2034-01-12,"Readings for Thursday, January 12th - Toba 4 - Coptic Lectionary - CopticChurch.net",Toba 4,9
2034-01-13,"Readings for Friday, January 13th - Toba 5 - Coptic Lectionary - CopticChurch.net",Toba 5,9
2034-01-14,"Readings for Saturday, January 14th - Circumcision of our Lord - Coptic Lectionary - CopticChurch.net",Circumcision of our Lord,9
2034-01-15,"Readings for Sunday, January 15th - The first Sunday of Toba - Coptic Lectionary - CopticChurch.net",The first Sunday of Toba,9
2034-01-16,"Readings for Monday, January 16th - Toba 8 - Coptic Lectionary - CopticChurch.net",Toba 8,9
2034-01-17,"Readings for Tuesday, January 17th - Toba 9 - Coptic Lectionary - CopticChurch.net",Toba 9,9
2034-01-18,"Readings for Wednesday, January 18th - Epiphany Paramoune - Coptic Lectionary - CopticChurch.net",Epiphany Paramoune,9
2034-01-19,"Readings for Thursday, January 19th - The Feast of Epiphany - Coptic Lectionary - CopticChurch.net",The Feast of Epiphany,9
2034-01-20,"Readings for Friday, January 20th - The Second Day of Feast of Epiphany - Coptic Lectionary - CopticChurch.net",The Second Day of Feast of Epiphany,9
2034-01-21,"Readings for Saturday, January 21st - Wedding of Cana - Coptic Lectionary - CopticChurch.net",Wedding of Cana,9
2034-01-22,"Readings for Sunday, January 22nd - The second Sunday of Toba - Coptic Lectionary - CopticChurch.net",The second Sunday of Toba,9
2034-01-23,"Readings for Monday, January 23rd - Toba 15 - Coptic Lectionary - CopticChurch.net",Toba 15,9
2034-01-24,"Readings for Tuesday, January 24th - Toba 16 - Coptic Lectionary - CopticChurch.net",Toba 16,9
2034-01-25,"Readings for Wednesday, January 25th - Toba 17 - Coptic Lectionary - CopticChurch.net",Toba 17,9
2034-01-26,"Readings for Thursday, January 26th - Toba 18 - Coptic Lectionary - CopticChurch.net",Toba 18,9
2034-01-27,"Readings for Friday, January 27th - Toba 19 - Coptic Lectionary - CopticChurch.net",Toba 19,9
2034-01-28,"Readings for Saturday, January 28th - Toba 20 - Coptic Lectionary - CopticChurch.net",Toba 20,9
2034-01-29,"Readings for Sunday, January 29th - The third Sunday of Toba - Coptic Lectionary - CopticChurch.net",The third Sunday of Toba,9
2034-01-30,"Readings for Monday, January 30th - Fast of Ninevah - Coptic Lectionary - CopticChurch.net",Fast of Ninevah,9
2034-01-31,"Readings for Tuesday, January 31st - Tuesday of Ninevah's Fast - Coptic Lectionary - CopticChurch.net",Tuesday of Ninevah's Fast,7
2034-02-01,"Readings for Wednesday, February 1st - Wednesday of Ninevah's Fast - Coptic Lectionary - CopticChurch.net",Wednesday of Ninevah's Fast,7
2034-02-02,"Readings for Thursday, February 2nd - Jonah's Feast - Coptic Lectionary - CopticChurch.net",Jonah's Feast,7
2034-02-03,"Readings for Friday, February 3rd - Toba 26 - Coptic Lectionary - CopticChurch.net",Toba 26,9
2034-02-04,"Readings for Saturday, February 4th - Toba 27 - Coptic Lectionary - CopticChurch.net",Toba 27,9
2034-02-05,"Readings for Sunday, February 5th - The fourth Sunday of Toba - Coptic Lectionary - CopticChurch.net",The fourth Sunday of Toba,9
2034-02-06,"Readings for Monday, February 6th - Toba 29 - Coptic Lectionary - CopticChurch.net",Toba 29,9
2034-02-07,"Readings for Tuesday, February 7th - Toba 30 - Coptic Lectionary - CopticChurch.net",Toba 30,9
2034-02-08,"Readings for Wednesday, February 8th - Amshir 1 - Coptic Lectionary - CopticChurch.net",Amshir 1,9
2034-02-09,"Readings for Thursday, February 9th - Amshir 2 - Coptic Lectionary - CopticChurch.net",Amshir 2,9
2034-02-10,"Readings for Friday, February 10th - Amshir 3 - Coptic Lectionary - CopticChurch.net",Amshir 3,9
2034-02-11,"Readings for Saturday, February 11th - Saturday of the week before Great Lent - Coptic Lectionary - CopticChurch.net",Saturday of the week before Great Lent,9
2034-02-12,"Readings for Sunday, February 12th - Sunday of the week before Great Lent - Coptic Lectionary - CopticChurch.net",Sunday of the week before Great Lent,9
2034-02-13,"Readings for Monday, February 13th - Great Lent - Coptic Lectionary - CopticChurch.net",Great Lent,9
2034-02-14,"Readings for Tuesday, February 14th - Tuesday of the first week of Great Lent - Coptic Lectionary - CopticChurch.net",Tuesday of the first week of Great Lent,7
2034-02-15,"Readings for Wednesday, February 15th - Entrance into the Temple - Coptic Lectionary - CopticChurch.net",Entrance into the Temple,9
2034-02-16,"Readings for Thursday, February 16th - Thursday of the first week of Great Lent - Coptic Lectionary - CopticChurch.net",Thursday of the first week of Great Lent,7
2034-02-17,"Readings for Friday, February 17th - Friday of the first week of Great Lent - Coptic Lectionary - CopticChurch.net",Friday of the first week of Great Lent,7
2034-02-18,"Readings for Saturday, February 18th - Saturday of the first week of Great Lent - Coptic Lectionary - CopticChurch.net",Saturday of the first week of Great Lent,7
2034-02-19,"Readings for Sunday, February 19th - Sunday of the first week of Great Lent - Coptic Lectionary - CopticChurch.net",Sunday of the first week of Great Lent,9
2034-02-20,"Readings for Monday, February 20th - Monday of the second week of Great Lent - Coptic Lectionary - CopticChurch.net",Monday of the second week of Great Lent,7
2034-02-21,"Readings for Tuesday, February 21st - Tuesday of the second week of Great Lent - Coptic Lectionary - CopticChurch.net",Tuesday of the second week of Great Lent,7
2034-02-22,"Readings for Wednesday, February 22nd - Wednesday of the second week of Great Lent - Coptic Lectionary - CopticChurch.net",Wednesday of the second week of Great Lent,7
2034-02-23,"Readings for Thursday, February 23rd - Thursday of the second week of Great Lent - Coptic Lectionary - CopticChurch.net",Thursday of the second week of Great Lent,7
2034-02-24,"Readings for Friday, February 24th - Friday of the second week of Great Lent - Coptic Lectionary - CopticChurch.net",Friday of the second week of Great Lent,7
2034-02-25,"Readings for Saturday, February 25th - Saturday of the second week of Great Lent - Coptic Lectionary - CopticChurch.net",Saturday of the second week of Great Lent,7
2034-02-26,"Readings for Sunday, February 26th - Sunday of the second week of Great Lent - Coptic Lectionary - CopticChurch.net",Sunday of the second week of Great Lent,9
2034-02-27,"Readings for Monday, February 27th - Monday of the third week of Great Lent - Coptic Lectionary - CopticChurch.net",Monday of the third week of Great Lent,7
2034-02-28,"Readings for Tuesday, February 28th - Tuesday of the third week of Great Lent - Coptic Lectionary - CopticChurch.net",Tuesday of the third week of Great Lent,7
2034-03-01,"Readings for Wednesday, March 1st - Wednesday of the third week of Great Lent - Coptic Lectionary - CopticChurch.net",Wednesday of the third week of Great Lent,7
2034-03-02,"Readings for Thursday, March 2nd - Thursday of the third week of Great Lent - Coptic Lectionary - CopticChurch.net",Thursday of the third week of Great Lent,7
2034-03-03,"Readings for Friday, March 3rd - Friday of the third week of Great Lent - Coptic Lectionary - CopticChurch.net",Friday of the third week of Great Lent,7
2034-03-04,"Readings for Saturday, March 4th - Saturday of the third week of Great Lent - Coptic Lectionary - CopticChurch.net",Saturday of the third week of Great Lent,7
2034-03-05,"Readings for Sunday, March 5th - Sunday of the third week of Great Lent - Coptic Lectionary - CopticChurch.net",Sunday of the third week of Great Lent,9
2034-03-06,"Readings for Monday, March 6th - Monday of the fourth week of Great Lent - Coptic Lectionary - CopticChurch.net",Monday of the fourth week of Great Lent,7
2034-03-07,"Readings for Tuesday, March 7th - Tuesday of the fourth week of Great Lent - Coptic Lectionary - CopticChurch.net",Tuesday of the fourth week of Great Lent,7
2034-03-08,"Readings for Wednesday, March 8th - Wednesday of the fourth week of Great Lent - Coptic Lectionary - CopticChurch.net",Wednesday of the fourth week of Great Lent,7
2034-03-09,"Readings for Thursday, March 9th - Thursday of the fourth week of Great Lent - Coptic Lectionary - CopticChurch.net",Thursday of the fourth week of Great Lent,7
2034-03-10,"Readings for Friday, March 10th - Friday of the fourth week of Great Lent - Coptic Lectionary - CopticChurch.net",Friday of the fourth week of Great Lent,7
2034-03-11,"Readings for Saturday, March 11th - Saturday of the fourth week of Great Lent - Coptic Lectionary - CopticChurch.net",Saturday of the fourth week of Great Lent,7
2034-03-12,"Readings for Sunday, March 12th - Sunday of the fourth week of Great Lent - Coptic Lectionary - CopticChurch.net",Sunday of the fourth week of Great Lent,9
2034-03-13,"Readings for Monday, March 13th - Monday of the fifth week of Great Lent - Coptic Lectionary - CopticChurch.net",Monday of the fifth week of Great Lent,7
2034-03-14,"Readings for Tuesday, March 14th - Tuesday of the fifth week of Great Lent - Coptic Lectionary - CopticChurch.net",Tuesday of the fifth week of Great Lent,7
2034-03-15,"Readings for Wednesday, March 15th - Wednesday of the fifth week of Great Lent - Coptic Lectionary - CopticChurch.net",Wednesday of the fifth week of Great Lent,7
2034-03-16,"Readings for Thursday, March 16th - Thursday of the fifth week of Great Lent - Coptic Lectionary - CopticChurch.net",Thursday of the fifth week of Great Lent,7
2034-03-17,"Readings for Friday, March 17th - Friday of the fifth week of Great Lent - Coptic Lectionary - CopticChurch.net",Friday of the fifth week of Great Lent,7
2034-03-18,"Readings for Saturday, March 18th - Saturday of the fifth week of Great Lent - Coptic Lectionary - CopticChurch.net",Saturday of the fifth week of Great Lent,7
2034-03-19,"Readings for Sunday, March 19th - Sunday of the fifth week of Great Lent <br>(Feast of the Cross - Readings of 10th Baramhat) - Coptic Lectionary - CopticChurch.net",Sunday of the fifth week of Great Lent <br>(Feast of the Cross - Readings of 10th Baramhat),9
2034-03-20,"Readings for Monday, March 20th - Monday of the sixth week of Great Lent - Coptic Lectionary - CopticChurch.net",Monday of the sixth week of Great Lent,7
2034-03-21,"Readings for Tuesday, March 21st - Tuesday of the sixth week of Great Lent - Coptic Lectionary - CopticChurch.net",Tuesday of the sixth week of Great Lent,7
2034-03-22,"Readings for Wednesday, March 22nd - Wednesday of the sixth week of Great Lent - Coptic Lectionary - CopticChurch.net",Wednesday of the sixth week of Great Lent,7
2034-03-23,"Readings for Thursday, March 23rd - Thursday of the sixth week of Great Lent - Coptic Lectionary - CopticChurch.net",Thursday of the sixth week of Great Lent,7
2034-03-24,"Readings for Friday, March 24th - Friday of the sixth week of Great Lent - Coptic Lectionary - CopticChurch.net",Friday of the sixth week of Great Lent,7
2034-03-25,"Readings for Saturday, March 25th - Saturday of the sixth week of Great Lent - Coptic Lectionary - CopticChurch.net",Saturday of the sixth week of Great Lent,7
2034-03-26,"Readings for Sunday, March 26th - Sunday of the sixth week of Great Lent - Coptic Lectionary - CopticChurch.net",Sunday of the sixth week of Great Lent,9
2034-03-27,"Readings for Monday, March 27th - Monday of the seventh week of Great Lent - Coptic Lectionary - CopticChurch.net",Monday of the seventh week of Great Lent,7
2034-03-28,"Readings for Tuesday, March 28th - Tuesday of the seventh week of Great Lent - Coptic Lectionary - CopticChurch.net",Tuesday of the seventh week of Great Lent,7
2034-03-29,"Readings for Wednesday, March 29th - Wednesday of the seventh week of Great Lent - Coptic Lectionary - CopticChurch.net",Wednesday of the seventh week of Great Lent,7
2034-03-30,"Readings for Thursday, March 30th - Thursday of the seventh week of Great Lent - Coptic Lectionary - CopticChurch.net",Thursday of the seventh week of Great Lent,7
2034-03-31,"Readings for Friday, March 31st - Friday of the seventh week of Great Lent - Coptic Lectionary - CopticChurch.net",Friday of the seventh week of Great Lent,7
2034-04-01,"Readings for Saturday, April 1st - Lazarus Saturday of Great Lent - Coptic Lectionary - CopticChurch.net",Lazarus Saturday of Great Lent,7
2034-04-02,"Readings for Sunday, April 2nd - Palm Sunday - Coptic Lectionary - CopticChurch.net",Palm Sunday,9
2034-04-03,"Readings for Monday, April 3rd - Monday of Holy Week - Coptic Lectionary - CopticChurch.net",Monday of Holy Week,0
2034-04-04,"Readings for Tuesday, April 4th - Tuesday of Holy Week - Coptic Lectionary - CopticChurch.net",Tuesday of Holy Week,0
2034-04-05,"Readings for Wednesday, April 5th - Wednesday of Holy Week - Coptic Lectionary - CopticChurch.net",Wednesday of Holy Week,0
2034-04-06,"Readings for Thursday, April 6th - Holy Thursday - Coptic Lectionary - CopticChurch.net",Holy Thursday,0
2034-04-07,"Readings for Friday, April 7th - Annunciation - Coptic Lectionary - CopticChurch.net",Annunciation,9
2034-04-08,"Readings for Saturday, April 8th - Bright Saturday - Coptic Lectionary - CopticChurch.net",Bright Saturday,0
2034-04-09,"Readings for Sunday, April 9th - The Feast of Resurrection - Coptic Lectionary - CopticChurch.net",The Feast of Resurrection,7
2034-04-10,"Readings for Monday, April 10th - Monday of the first week of the holy fifty days - Coptic Lectionary - CopticChurch.net",Monday of the first week of the holy fifty days,9
2034-04-11,"Readings for Tuesday, April 11th - Tuesday of the first week of the holy fifty days - Coptic Lectionary - CopticChurch.net",Tuesday of the first week of the holy fifty days,9
2034-04-12,"Readings for Wednesday, April 12th - Wednesday of the first week of the holy fifty days - Coptic Lectionary - CopticChurch.net",Wednesday of the first week of the holy fifty days,9
2034-04-13,"Readings for Thursday, April 13th - Thursday of the first week of the holy fifty days - Coptic Lectionary - CopticChurch.net",Thursday of the first week of the holy fifty days,9
2034-04-14,"Readings for Friday, April 14th - Friday of the first week of the holy fifty days - Coptic Lectionary - CopticChurch.net",Friday of the first week of the holy fifty days,9
2034-04-15,"Readings for Saturday, April 15th - Saturday of the first week of the holy fifty days - Coptic Lectionary - CopticChurch.net",Saturday of the first week of the holy fifty days,9
2034-04-16,"Readings for Sunday, April 16th - Thomas Sunday - Coptic Lectionary - CopticChurch.net",Thomas Sunday,9
2034-04-17,"Readings for Monday, April 17th - Monday of the second week of the holy fifty days - Coptic Lectionary - CopticChurch.net",Monday of the second week of the holy fifty days,9
2034-04-18,"Readings for Tuesday, April 18th - Tuesday of the second week of the holy fifty days - Coptic Lectionary - CopticChurch.net",Tuesday of the second week of the holy fifty days,9
2034-04-19,"Readings for Wednesday, April 19th - Wednesday of the second week of the holy fifty days - Coptic Lectionary - CopticChurch.net",Wednesday of the second week of the holy fifty days,9
2034-04-20,"Readings for Thursday, April 20th - Thursday of the second week of the holy fifty days - Coptic Lectionary - CopticChurch.net",Thursday of the second week of the holy fifty days,9
2034-04-21,"Readings for Friday, April 21st - Friday of the second week of the holy fifty days - Coptic Lectionary - CopticChurch.net",Friday of the second week of the holy fifty days,9
2034-04-22,"Readings for Saturday, April 22nd - Saturday of the second week of the holy fifty days - Coptic Lectionary - CopticChurch.net",Saturday of the second week of the holy fifty days,9
2034-04-23,"Readings for Sunday, April 23rd - Sunday of the second week of the holy fifty days - Coptic Lectionary - CopticChurch.net",Sunday of the second week of the holy fifty days,9
2034-04-24,"Readings for Monday, April 24th - Monday of the third week of the holy fifty days - Coptic Lectionary - CopticChurch.net",Monday of the third week of the holy fifty days,9
2034-04-25,"Readings for Tuesday, April 25th - Tuesday of the third week of the holy fifty days - Coptic Lectionary - CopticChurch.net",Tuesday of the third week of the holy fifty days,9
2034-04-26,"Readings for Wednesday, April 26th - Wednesday of the third week of the holy fifty days - Coptic Lectionary - CopticChurch.net",Wednesday of the third week of the holy fifty days,9
2034-04-27,"Readings for Thursday, April 27th - Thursday of the third week of the holy fifty days - Coptic Lectionary - CopticChurch.net",Thursday of the third week of the holy fifty days,9
2034-04-28,"Readings for Friday, April 28th - Friday of the third week of the holy fifty days - Coptic Lectionary - CopticChurch.net",Friday of the third week of the holy fifty days,9
2034-04-29,"Readings for Saturday, April 29th - Saturday of the third week of the holy fifty days - Coptic Lectionary - CopticChurch.net",Saturday of the third week of the holy fifty days,9
2034-04-30,"Readings for Sunday, April 30th - Sunday of the third week of the holy fifty days - Coptic Lectionary - CopticChurch.net",Sunday of the third week of the holy fifty days,9
2034-05-01,"Readings for Monday, May 1st - Monday of the fourth week of the holy fifty days - Coptic Lectionary - CopticChurch.net",Monday of the fourth week of the holy fifty days,9
2034-05-02,"Readings for Tuesday, May 2nd - Tuesday of the fourth week of the holy fifty days - Coptic Lectionary - CopticChurch.net",Tuesday of the fourth week of the holy fifty days,9
2034-05-03,"Readings for Wednesday, May 3rd - Wednesday of the fourth week of the holy fifty days - Coptic Lectionary - CopticChurch.net",Wednesday of the fourth week of the holy fifty days,9
2034-05-04,"Readings for Thursday, May 4th - Thursday of the fourth week of the holy fifty days - Coptic Lectionary - CopticChurch.net",Thursday of the fourth week of the holy fifty days,9
2034-05-05,"Readings for Friday, May 5th - Friday of the fourth week of the holy fifty days - Coptic Lectionary - CopticChurch.net",Friday of the fourth week of the holy fifty days,9
2034-05-06,"Readings for Saturday, May 6th - Saturday of the fourth week of the holy fifty days - Coptic Lectionary - CopticChurch.net",Saturday of the fourth week of the holy fifty days,9
2034-05-07,"Readings for Sunday, May 7th - Sunday of the fourth week of the holy fifty days - Coptic Lectionary - CopticChurch.net",Sunday of the fourth week of the holy fifty days,9
2034-05-08,"Readings for Monday, May 8th - Monday of the fifth week of the holy fifty days - Coptic Lectionary - CopticChurch.net",Monday of the fifth week of the holy fifty days,9
2034-05-09,"Readings for Tuesday, May 9th - Tuesday of the fifth week of the holy fifty days - Coptic Lectionary - CopticChurch.net",Tuesday of the fifth week of the holy fifty days,9
2034-05-10,"Readings for Wednesday, May 10th - Wednesday of the fifth week of the holy fifty days - Coptic Lectionary - CopticChurch.net",Wednesday of the fifth week of the holy fifty days,9
2034-05-11,"Readings for Thursday, May 11th - Thursday of the fifth week of the holy fifty days - Coptic Lectionary - CopticChurch.net",Thursday of the fifth week of the holy fifty days,9
2034-05-12,"Readings for Friday, May 12th - Friday of the fifth week of the holy fifty days - Coptic Lectionary - CopticChurch.net",Friday of the fifth week of the holy fifty days,9
2034-05-13,"Readings for Saturday, May 13th - Saturday of the fifth week of the holy fifty days - Coptic Lectionary - CopticChurch.net",Saturday of the fifth week of the holy fifty days,9
2034-05-14,"Readings for Sunday, May 14th - Sunday of the fifth week of the holy fifty days - Coptic Lectionary - CopticChurch.net",Sunday of the fifth week of the holy fifty days,9
2034-05-15,"Readings for Monday, May 15th - Monday of the sixth week of the holy fifty days - Coptic Lectionary - CopticChurch.net",Monday of the sixth week of the holy fifty days,9
2034-05-16,"Readings for Tuesday, May 16th - Tuesday of the sixth week of the holy fifty days - Coptic Lectionary - CopticChurch.net",Tuesday of the sixth week of the holy fifty days,9
2034-05-17,"Readings for Wednesday, May 17th - Wednesday of the sixth week of the holy fifty days - Coptic Lectionary - CopticChurch.net",Wednesday of the sixth week of the holy fifty days,9
2034-05-18,"Readings for Thursday, May 18th - The Feast of the Ascension - Coptic Lectionary - CopticChurch.net",The Feast of the Ascension,9
2034-05-19,"Readings for Friday, May 19th - Friday of the sixth week of the holy fifty days - Coptic Lectionary - CopticChurch.net",Friday of the sixth week of the holy fifty days,9
2034-05-20,"Readings for Saturday, May 20th - Saturday of the sixth week of the holy fifty days - Coptic Lectionary - CopticChurch.net",Saturday of the sixth week of the holy fifty days,9
2034-05-21,"Readings for Sunday, May 21st - Sunday of the sixth week of the holy fifty days - Coptic Lectionary - CopticChurch.net",Sunday of the sixth week of the holy fifty days,9
2034-05-22,"Readings for Monday, May 22nd - Monday of the seventh week of the holy fifty days - Coptic Lectionary - CopticChurch.net",Monday of the seventh week of the holy fifty days,9
2034-05-23,"Readings for Tuesday, May 23rd - Tuesday of the seventh week of the holy fifty days - Coptic Lectionary - CopticChurch.net",Tuesday of the seventh week of the holy fifty days,9
2034-05-24,"Readings for Wednesday, May 24th - Wednesday of the seventh week of the holy fifty days - Coptic Lectionary - CopticChurch.net",Wednesday of the seventh week of the holy fifty days,9
2034-05-25,"Readings for Thursday, May 25th - Thursday of the seventh week of the holy fifty days - Coptic Lectionary - CopticChurch.net",Thursday of the seventh week of the holy fifty days,9
2034-05-26,"Readings for Friday, May 26th - Friday of the seventh week of the holy fifty days - Coptic Lectionary - CopticChurch.net",Friday of the seventh week of the holy fifty days,9
2034-05-27,"Readings for Saturday, May 27th - Saturday of the seventh week of the holy fifty days - Coptic Lectionary - CopticChurch.net",Saturday of the seventh week of the holy fifty days,9
2034-05-28,"Readings for Sunday, May 28th - Pentecost - Coptic Lectionary - CopticChurch.net",Pentecost,9
2034-05-29,"Readings for Monday, May 29th - Bashons 21 - Coptic Lectionary - CopticChurch.net",Bashons 21,9
2034-05-30,"Readings for Tuesday, May 30th - Bashons 22 - Coptic Lectionary - CopticChurch.net",Bashons 22,9
2034-05-31,"Readings for Wednesday, May 31st - Bashons 23 - Coptic Lectionary - CopticChurch.net",Bashons 23,9
2034-06-01,"Readings for Thursday, June 1st - Entrance into Egypt - Coptic Lectionary - CopticChurch.net",Entrance into Egypt,9
2034-06-02,"Readings for Friday, June 2nd - Bashons 25 - Coptic Lectionary - CopticChurch.net",Bashons 25,9
2034-06-03,"Readings for Saturday, June 3rd - Bashons 26 - Coptic Lectionary - CopticChurch.net",Bashons 26,9
2034-06-04,"Readings for Sunday, June 4th - The fourth Sunday of Bashons - Coptic Lectionary - CopticChurch.net",The fourth Sunday of Bashons,9
2034-06-05,"Readings for Monday, June 5th - Bashons 28 - Coptic Lectionary - CopticChurch.net",Bashons 28,9
2034-06-06,"Readings for Tuesday, June 6th - Bashons 29 - Coptic Lectionary - CopticChurch.net",Bashons 29,9
2034-06-07,"Readings for Wednesday, June 7th - Bashons 30 - Coptic Lectionary - CopticChurch.net",Bashons 30,9
2034-06-08,"Readings for Thursday, June 8th - Paona 1 - Coptic Lectionary - CopticChurch.net",Paona 1,9
2034-06-09,"Readings for Friday, June 9th - Paona 2 - Coptic Lectionary - CopticChurch.net",Paona 2,9
2034-06-10,"Readings for Saturday, June 10th - Paona 3 - Coptic Lectionary - CopticChurch.net",Paona 3,9
2034-06-11,"Readings for Sunday, June 11th - The first Sunday of Paona - Coptic Lectionary - CopticChurch.net",The first Sunday of Paona,9
2034-06-12,"Readings for Monday, June 12th - Paona 5 - Coptic Lectionary - CopticChurch.net",Paona 5,9
2034-06-13,"Readings for Tuesday, June 13th - Paona 6 - Coptic Lectionary - CopticChurch.net",Paona 6,9
2034-06-14,"Readings for Wednesday, June 14th - Paona 7 - Coptic Lectionary - CopticChurch.net",Paona 7,9
2034-06-15,"Readings for Thursday, June 15th - Paona 8 - Coptic Lectionary - CopticChurch.net",Paona 8,9
2034-06-16,"Readings for Friday, June 16th - Paona 9 - Coptic Lectionary - CopticChurch.net",Paona 9,9
2034-06-17,"Readings for Saturday, June 17th - Paona 10 - Coptic Lectionary - CopticChurch.net",Paona 10,9
2034-06-18,"Readings for Sunday, June 18th - The second Sunday of Paona - Coptic Lectionary - CopticChurch.net",The second Sunday of Paona,9
2034-06-19,"Readings for Monday, June 19th - Paona 12 - Coptic Lectionary - CopticChurch.net",Paona 12,9
2034-06-20,"Readings for Tuesday, June 20th - Paona 13 - Coptic Lectionary - CopticChurch.net",Paona 13,9
2034-06-21,"Readings for Wednesday, June 21st - Paona 14 - Coptic Lectionary - CopticChurch.net",Paona 14,9
2034-06-22,"Readings for Thursday, June 22nd - Paona 15 - Coptic Lectionary - CopticChurch.net",Paona 15,9
2034-06-23,"Readings for Friday, June 23rd - Paona 16 - Coptic Lectionary - CopticChurch.net",Paona 16,9
2034-06-24,"Readings for Saturday, June 24th - Paona 17 - Coptic Lectionary - CopticChurch.net",Paona 17,9
2034-06-25,"Readings for Sunday, June 25th - The third Sunday of Paona - Coptic Lectionary - CopticChurch.net",The third Sunday of Paona,9
2034-06-26,"Readings for Monday, June 26th - Paona 19 - Coptic Lectionary - CopticChurch.net",Paona 19,9
2034-06-27,"Readings for Tuesday, June 27th - Paona 20 - Coptic Lectionary - CopticChurch.net",Paona 20,9
2034-06-28,"Readings for Wednesday, June 28th - Paona 21 - Coptic Lectionary - CopticChurch.net",Paona 21,9
2034-06-29,"Readings for Thursday, June 29th - Paona 22 - Coptic Lectionary - CopticChurch.net",Paona 22,9
2034-06-30,"Readings for Friday, June 30th - Paona 23 - Coptic Lectionary - CopticChurch.net",Paona 23,9
2034-07-01,"Readings for Saturday, July 1st - Paona 24 - Coptic Lectionary - CopticChurch.net",Paona 24,9
2034-07-02,"Readings for Sunday, July 2nd - The fourth Sunday of Paona - Coptic Lectionary - CopticChurch.net",The fourth Sunday of Paona,9
2034-07-03,"Readings for Monday, July 3rd - Paona 26 - Coptic Lectionary - CopticChurch.net",Paona 26,9
2034-07-04,"Readings for Tuesday, July 4th - Paona 27 - Coptic Lectionary - CopticChurch.net",Paona 27,9
2034-07-05,"Readings for Wednesday, July 5th - Paona 28 - Coptic Lectionary - CopticChurch.net",Paona 28,9
2034-07-06,"Readings for Thursday, July 6th - Paona 29 - Coptic Lectionary - CopticChurch.net",Paona 29,9
2034-07-07,"Readings for Friday, July 7th - Paona 30 - Coptic Lectionary - CopticChurch.net",Paona 30,9
2034-07-08,"Readings for Saturday, July 8th - Abib 1 - Coptic Lectionary - CopticChurch.net",Abib 1,9
2034-07-09,"Readings for Sunday, July 9th - The first Sunday of Abib - Coptic Lectionary - CopticChurch.net",The first Sunday of Abib,9
2034-07-10,"Readings for Monday, July 10th - Abib 3 - Coptic Lectionary - CopticChurch.net",Abib 3,9
2034-07-11,"Readings for Tuesday, July 11th - Abib 4 - Coptic Lectionary - CopticChurch.net",Abib 4,9
2034-07-12,"Readings for Wednesday, July 12th - Abib 5 (Apostle's Feast) - Coptic Lectionary - CopticChurch.net",Abib 5 (Apostle's Feast),9
2034-07-13,"Readings for Thursday, July 13th - Abib 6 - Coptic Lectionary - CopticChurch.net",Abib 6,9
2034-07-14,"Readings for Friday, July 14th - Abib 7 - Coptic Lectionary - CopticChurch.net",Abib 7,9
2034-07-15,"Readings for Saturday, July 15th - Abib 8 - Coptic Lectionary - CopticChurch.net",Abib 8,9
2034-07-16,"Readings for Sunday, July 16th - The second Sunday of Abib - Coptic Lectionary - CopticChurch.net",The second Sunday of Abib,9
2034-07-17,"Readings for Monday, July 17th - Abib 10 - Coptic Lectionary - CopticChurch.net",Abib 10,9
2034-07-18,"Readings for Tuesday, July 18th - Abib 11 - Coptic Lectionary - CopticChurch.net",Abib 11,9
2034-07-19,"Readings for Wednesday, July 19th - Abib 12 - Coptic Lectionary - CopticChurch.net",Abib 12,9
2034-07-20,"Readings for Thursday, July 20th - Abib 13 - Coptic Lectionary - CopticChurch.net",Abib 13,9
2034-07-21,"Readings for Friday, July 21st - Abib 14 - Coptic Lectionary - CopticChurch.net",Abib 14,9
2034-07-22,"Readings for Saturday, July 22nd - Abib 15 - Coptic Lectionary - CopticChurch.net",Abib 15,9
2034-07-23,"Readings for Sunday, July 23rd - The third Sunday of Abib - Coptic Lectionary - CopticChurch.net",The third Sunday of Abib,9
2034-07-24,"Readings for Monday, July 24th - Abib 17 - Coptic Lectionary - CopticChurch.net",Abib 17,9
2034-07-25,"Readings for Tuesday, July 25th - Abib 18 - Coptic Lectionary - CopticChurch.net",Abib 18,9
2034-07-26,"Readings for Wednesday, July 26th - Abib 19 - Coptic Lectionary - CopticChurch.net",Abib 19,9
2034-07-27,"Readings for Thursday, July 27th - Abib 20 - Coptic Lectionary - CopticChurch.net",Abib 20,9
2034-07-28,"Readings for Friday, July 28th - Abib 21 - Coptic Lectionary - CopticChurch.net",Abib 21,9
2034-07-29,"Readings for Saturday, July 29th - Abib 22 - Coptic Lectionary - CopticChurch.net",Abib 22,9
2034-07-30,"Readings for Sunday, July 30th - The fourth Sunday of Abib - Coptic Lectionary - CopticChurch.net",The fourth Sunday of Abib,9
2034-07-31,"Readings for Monday, July 31st - Abib 24 - Coptic Lectionary - CopticChurch.net",Abib 24,9
2034-08-01,"Readings for Tuesday, August 1st - Abib 25 - Coptic Lectionary - CopticChurch.net",Abib 25,9
2034-08-02,"Readings for Wednesday, August 2nd - Abib 26 - Coptic Lectionary - CopticChurch.net",Abib 26,9
2034-08-03,"Readings for Thursday, August 3rd - Abib 27 - Coptic Lectionary - CopticChurch.net",Abib 27,9
2034-08-04,"Readings for Friday, August 4th - Abib 28 - Coptic Lectionary - CopticChurch.net",Abib 28,9
2034-08-05,"Readings for Saturday, August 5th - Abib 29 - Coptic Lectionary - CopticChurch.net",Abib 29,9
2034-08-06,"Readings for Sunday, August 6th - The fifth Sunday of Abib - Coptic Lectionary - CopticChurch.net",The fifth Sunday of Abib,9
2034-08-07,"Readings for Monday, August 7th - St Mary's Fast - Coptic Lectionary - CopticChurch.net",St Mary's Fast,9
2034-08-08,"Readings for Tuesday, August 8th - Mesra 2 - Coptic Lectionary - CopticChurch.net",Mesra 2,9
2034-08-09,"Readings for Wednesday, August 9th - Mesra 3 - Coptic Lectionary - CopticChurch.net",Mesra 3,9
2034-08-10,"Readings for Thursday, August 10th - Mesra 4 - Coptic Lectionary - CopticChurch.net",Mesra 4,9
2034-08-11,"Readings for Friday, August 11th - Mesra 5 - Coptic Lectionary - CopticChurch.net",Mesra 5,9
2034-08-12,"Readings for Saturday, August 12th - Mesra 6 - Coptic Lectionary - CopticChurch.net",Mesra 6,9
2034-08-13,"Readings for Sunday, August 13th - The first Sunday of Mesra - Coptic Lectionary - CopticChurch.net",The first Sunday of Mesra,9
2034-08-14,"Readings for Monday, August 14th - Mesra 8 - Coptic Lectionary - CopticChurch.net",Mesra 8,9
2034-08-15,"Readings for Tuesday, August 15th - Mesra 9 - Coptic Lectionary - CopticChurch.net",Mesra 9,9
2034-08-16,"Readings for Wednesday, August 16th - Mesra 10 - Coptic Lectionary - CopticChurch.net",Mesra 10,9
2034-08-17,"Readings for Thursday, August 17th - Mesra 11 - Coptic Lectionary - CopticChurch.net",Mesra 11,9
2034-08-18,"Readings for Friday, August 18th - Mesra 12 - Coptic Lectionary - CopticChurch.net",Mesra 12,9
2034-08-19,"Readings for Saturday, August 19th - Transfiguration - Coptic Lectionary - CopticChurch.net",Transfiguration,9
2034-08-20,"Readings for Sunday, August 20th - The second Sunday of Mesra - Coptic Lectionary - CopticChurch.net",The second Sunday of Mesra,9
2034-08-21,"Readings for Monday, August 21st - Mesra 15 - Coptic Lectionary - CopticChurch.net",Mesra 15,9
2034-08-22,"Readings for Tuesday, August 22nd - Mesra 16 (St Mary's Feast) - Coptic Lectionary - CopticChurch.net",Mesra 16 (St Mary's Feast),9
2034-08-23,"Readings for Wednesday, August 23rd - Mesra 17 - Coptic Lectionary - CopticChurch.net",Mesra 17,9
2034-08-24,"Readings for Thursday, August 24th - Mesra 18 - Coptic Lectionary - CopticChurch.net",Mesra 18,9
2034-08-25,"Readings for Friday, August 25th - Mesra 19 - Coptic Lectionary - CopticChurch.net",Mesra 19,9
2034-08-26,"Readings for Saturday, August 26th - Mesra 20 - Coptic Lectionary - CopticChurch.net",Mesra 20,9
2034-08-27,"Readings for Sunday, August 27th - The third Sunday of Mesra - Coptic Lectionary - CopticChurch.net",The third Sunday of Mesra,9
2034-08-28,"Readings for Monday, August 28th - Mesra 22 - Coptic Lectionary - CopticChurch.net",Mesra 22,9
2034-08-29,"Readings for Tuesday, August 29th - Mesra 23 - Coptic Lectionary - CopticChurch.net",Mesra 23,9
2034-08-30,"Readings for Wednesday, August 30th - Mesra 24 - Coptic Lectionary - CopticChurch.net",Mesra 24,9
2034-08-31,"Readings for Thursday, August 31st - Mesra 25 - Coptic Lectionary - CopticChurch.net",Mesra 25,9
2034-09-01,"Readings for Friday, September 1st - Mesra 26 - Coptic Lectionary - CopticChurch.net",Mesra 26,9
2034-09-02,"Readings for Saturday, September 2nd - Mesra 27 - Coptic Lectionary - CopticChurch.net",Mesra 27,9
2034-09-03,"Readings for Sunday, September 3rd - The fourth Sunday of Mesra - Coptic Lectionary - CopticChurch.net",The fourth Sunday of Mesra,9
2034-09-04,"Readings for Monday, September 4th - Mesra 29 - Coptic Lectionary - CopticChurch.net",Mesra 29,9
2034-09-05,"Readings for Tuesday, September 5th - Mesra 30 - Coptic Lectionary - CopticChurch.net",Mesra 30,9
2034-09-06,"Readings for Wednesday, September 6th - Nasie 1 - Coptic Lectionary - CopticChurch.net",Nasie 1,9
2034-09-07,"Readings for Thursday, September 7th - Nasie 2 - Coptic Lectionary - CopticChurch.net",Nasie 2,9
2034-09-08,"Readings for Friday, September 8th - Nasie 3 - Coptic Lectionary - CopticChurch.net",Nasie 3,9
2034-09-09,"Readings for Saturday, September 9th - Nasie 4 - Coptic Lectionary - CopticChurch.net",Nasie 4,9
2034-09-10,"Readings for Sunday, September 10th - The first Sunday of Nasie - Coptic Lectionary - CopticChurch.net",The first Sunday of Nasie,9
2034-09-11,"Readings for Monday, September 11th - Tout 1 - Coptic Lectionary - CopticChurch.net",Tout 1,9
2034-09-12,"Readings for Tuesday, September 12th - Tout 2 - Coptic Lectionary - CopticChurch.net",Tout 2,9
2034-09-13,"Readings for Wednesday, September 13th - Tout 3 - Coptic Lectionary - CopticChurch.net",Tout 3,9
2034-09-14,"Readings for Thursday, September 14th - Tout 4 - Coptic Lectionary - CopticChurch.net",Tout 4,9
2034-09-15,"Readings for Friday, September 15th - Tout 5 - Coptic Lectionary - CopticChurch.net",Tout 5,9
2034-09-16,"Readings for Saturday, September 16th - Tout 6 - Coptic Lectionary - CopticChurch.net",Tout 6,9
2034-09-17,"Readings for Sunday, September 17th - The first Sunday of Tout - Coptic Lectionary - CopticChurch.net",The first Sunday of Tout,9
2034-09-18,"Readings for Monday, September 18th - Tout 8 - Coptic Lectionary - CopticChurch.net",Tout 8,9
2034-09-19,"Readings for Tuesday, September 19th - Tout 9 - Coptic Lectionary - CopticChurch.net",Tout 9,9
2034-09-20,"Readings for Wednesday, September 20th - Tout 10 - Coptic Lectionary - CopticChurch.net",Tout 10,9
2034-09-21,"Readings for Thursday, September 21st - Tout 11 - Coptic Lectionary - CopticChurch.net",Tout 11,9
2034-09-22,"Readings for Friday, September 22nd - Tout 12 - Coptic Lectionary - CopticChurch.net",Tout 12,9
2034-09-23,"Readings for Saturday, September 23rd - Tout 13 - Coptic Lectionary - CopticChurch.net",Tout 13,9
2034-09-24,"Readings for Sunday, September 24th - The second Sunday of Tout - Coptic Lectionary - CopticChurch.net",The second Sunday of Tout,9
2034-09-25,"Readings for Monday, September 25th - Tout 15 - Coptic Lectionary - CopticChurch.net",Tout 15,9
2034-09-26,"Readings for Tuesday, September 26th - Tout 16 - Coptic Lectionary - CopticChurch.net",Tout 16,9
2034-09-27,"Readings for Wednesday, September 27th - Tout 17 (Feast of the Cross) - Coptic Lectionary - CopticChurch.net",Tout 17 (Feast of the Cross),9
2034-09-28,"Readings for Thursday, September 28th - Tout 18 (Feast of the Cross) - Coptic Lectionary - CopticChurch.net",Tout 18 (Feast of the Cross),9
2034-09-29,"Readings for Friday, September 29th - Tout 19 (Feast of the Cross) - Coptic Lectionary - CopticChurch.net",Tout 19 (Feast of the Cross),9
2034-09-30,"Readings for Saturday, September 30th - Tout 20 - Coptic Lectionary - CopticChurch.net",Tout 20,9
2034-10-01,"Readings for Sunday, October 1st - The third Sunday of Tout - Coptic Lectionary - CopticChurch.net",The third Sunday of Tout,9
2034-10-02,"Readings for Monday, October 2nd - Tout 22 - Coptic Lectionary - CopticChurch.net",Tout 22,9
2034-10-03,"Readings for Tuesday, October 3rd - Tout 23 - Coptic Lectionary - CopticChurch.net",Tout 23,9
2034-10-04,"Readings for Wednesday, October 4th - Tout 24 - Coptic Lectionary - CopticChurch.net",Tout 24,9
2034-10-05,"Readings for Thursday, October 5th - Tout 25 - Coptic Lectionary - CopticChurch.net",Tout 25,9
2034-10-06,"Readings for Friday, October 6th - Tout 26 - Coptic Lectionary - CopticChurch.net",Tout 26,9
2034-10-07,"Readings for Saturday, October 7th - Tout 27 - Coptic Lectionary - CopticChurch.net",Tout 27,9
2034-10-08,"Readings for Sunday, October 8th - The fourth Sunday of Tout - Coptic Lectionary - CopticChurch.net",The fourth Sunday of Tout,9
2034-10-09,"Readings for Monday, October 9th - Tout 29 - Coptic Lectionary - CopticChurch.net",Tout 29,9
2034-10-10,"Readings for Tuesday, October 10th - Tout 30 - Coptic Lectionary - CopticChurch.net",Tout 30,9
2034-10-11,"Readings for Wednesday, October 11th - Baba 1 - Coptic Lectionary - CopticChurch.net",Baba 1,9
2034-10-12,"Readings for Thursday, October 12th - Baba 2 - Coptic Lectionary - CopticChurch.net",Baba 2,9
2034-10-13,"Readings for Friday, October 13th - Baba 3 - Coptic Lectionary - CopticChurch.net",Baba 3,9
2034-10-14,"Readings for Saturday, October 14th - Baba 4 - Coptic Lectionary - CopticChurch.net",Baba 4,9
2034-10-15,"Readings for Sunday, October 15th - The first Sunday of Baba - Coptic Lectionary - CopticChurch.net",The first Sunday of Baba,9
2034-10-16,"Readings for Monday, October 16th - Baba 6 - Coptic Lectionary - CopticChurch.net",Baba 6,9
2034-10-17,"Readings for Tuesday, October 17th - Baba 7 - Coptic Lectionary - CopticChurch.net",Baba 7,9
2034-10-18,"Readings for Wednesday, October 18th - Baba 8 - Coptic Lectionary - CopticChurch.net",Baba 8,9
2034-10-19,"Readings for Thursday, October 19th - Baba 9 - Coptic Lectionary - CopticChurch.net",Baba 9,9
2034-10-20,"Readings for Friday, October 20th - Baba 10 - Coptic Lectionary - CopticChurch.net",Baba 10,9
2034-10-21,"Readings for Saturday, October 21st - Baba 11 - Coptic Lectionary - CopticChurch.net",Baba 11,9
2034-10-22,"Readings for Sunday, October 22nd - The second Sunday of Baba - Coptic Lectionary - CopticChurch.net",The second Sunday of Baba,9
2034-10-23,"Readings for Monday, October 23rd - Baba 13 - Coptic Lectionary - CopticChurch.net",Baba 13,9
2034-10-24,"Readings for Tuesday, October 24th - Baba 14 - Coptic Lectionary - CopticChurch.net",Baba 14,9
2034-10-25,"Readings for Wednesday, October 25th - Baba 15 - Coptic Lectionary - CopticChurch.net",Baba 15,9
2034-10-26,"Readings for Thursday, October 26th - Baba 16 - Coptic Lectionary - CopticChurch.net",Baba 16,9
2034-10-27,"Readings for Friday, October 27th - Baba 17 - Coptic Lectionary - CopticChurch.net",Baba 17,9
2034-10-28,"Readings for Saturday, October 28th - Baba 18 - Coptic Lectionary - CopticChurch.net",Baba 18,9
2034-10-29,"Readings for Sunday, October 29th - The third Sunday of Baba - Coptic Lectionary - CopticChurch.net",The third Sunday of Baba,9
2034-10-30,"Readings for Monday, October 30th - Baba 20 - Coptic Lectionary - CopticChurch.net",Baba 20,9
2034-10-31,"Readings for Tuesday, October 31st - Baba 21 - Coptic Lectionary - CopticChurch.net",Baba 21,9
2034-11-01,"Readings for Wednesday, November 1st - Baba 22 - Coptic Lectionary - CopticChurch.net",Baba 22,9
2034-11-02,"Readings for Thursday, November 2nd - Baba 23 - Coptic Lectionary - CopticChurch.net",Baba 23,9
2034-11-03,"Readings for Friday, November 3rd - Baba 24 - Coptic Lectionary - CopticChurch.net",Baba 24,9
2034-11-04,"Readings for Saturday, November 4th - Baba 25 - Coptic Lectionary - CopticChurch.net",Baba 25,9
2034-11-05,"Readings for Sunday, November 5th - The fourth Sunday of Baba - Coptic Lectionary - CopticChurch.net",The fourth Sunday of Baba,9
2034-11-06,"Readings for Monday, November 6th - Baba 27 - Coptic Lectionary - CopticChurch.net",Baba 27,9
2034-11-07,"Readings for Tuesday, November 7th - Baba 28 - Coptic Lectionary - CopticChurch.net",Baba 28,9
2034-11-08,"Readings for Wednesday, November 8th - Baba 29 - Coptic Lectionary - CopticChurch.net",Baba 29,9
2034-11-09,"Readings for Thursday, November 9th - Baba 30 - Coptic Lectionary - CopticChurch.net",Baba 30,9
2034-11-10,"Readings for Friday, November 10th - Hator 1 - Coptic Lectionary - CopticChurch.net",Hator 1,9
2034-11-11,"Readings for Saturday, November 11th - Hator 2 - Coptic Lectionary - CopticChurch.net",Hator 2,9
2034-11-12,"Readings for Sunday, November 12th - The first Sunday of Hator - Coptic Lectionary - CopticChurch.net",The first Sunday of Hator,9
2034-11-13,"Readings for Monday, November 13th - Hator 4 - Coptic Lectionary - CopticChurch.net",Hator 4,9
2034-11-14,"Readings for Tuesday, November 14th - Hator 5 - Coptic Lectionary - CopticChurch.net",Hator 5,9
2034-11-15,"Readings for Wednesday, November 15th - Hator 6 - Coptic Lectionary - CopticChurch.net",Hator 6,9
2034-11-16,"Readings for Thursday, November 16th - Hator 7 - Coptic Lectionary - CopticChurch.net",Hator 7,9
2034-11-17,"Readings for Friday, November 17th - Hator 8 - Coptic Lectionary - CopticChurch.net",Hator 8,9
2034-11-18,"Readings for Saturday, November 18th - Hator 9 - Coptic Lectionary - CopticChurch.net",Hator 9,9
2034-11-19,"Readings for Sunday, November 19th - The second Sunday of Hator - Coptic Lectionary - CopticChurch.net",The second Sunday of Hator,9
2034-11-20,"Readings for Monday, November 20th - Hator 11 - Coptic Lectionary - CopticChurch.net",Hator 11,9
2034-11-21,"Readings for Tuesday, November 21st - Hator 12 - Coptic Lectionary - CopticChurch.net",Hator 12,9
2034-11-22,"Readings for Wednesday, November 22nd - Hator 13 - Coptic Lectionary - CopticChurch.net",Hator 13,9
2034-11-23,"Readings for Thursday, November 23rd - Hator 14 - Coptic Lectionary - CopticChurch.net",Hator 14,9
2034-11-24,"Readings for Friday, November 24th - Hator 15 - Coptic Lectionary - CopticChurch.net",Hator 15,9
2034-11-25,"Readings for Saturday, November 25th - Hator 16 of Christmas Fast - Coptic Lectionary - CopticChurch.net",Hator 16 of Christmas Fast,9
2034-11-26,"Readings for Sunday, November 26th - The third Sunday of Hator - Coptic Lectionary - CopticChurch.net",The third Sunday of Hator,9
2034-11-27,"Readings for Monday, November 27th - Hator 18 - Coptic Lectionary - CopticChurch.net",Hator 18,9
2034-11-28,"Readings for Tuesday, November 28th - Hator 19 - Coptic Lectionary - CopticChurch.net",Hator 19,9
2034-11-29,"Readings for Wednesday, November 29th - Hator 20 - Coptic Lectionary - CopticChurch.net",Hator 20,9
2034-11-30,"Readings for Thursday, November 30th - Hator 21 - Coptic Lectionary - CopticChurch.net",Hator 21,9
2034-12-01,"Readings for Friday, December 1st - Hator 22 - Coptic Lectionary - CopticChurch.net",Hator 22,9
2034-12-02,"Readings for Saturday, December 2nd - Hator 23 - Coptic Lectionary - CopticChurch.net",Hator 23,9
2034-12-03,"Readings for Sunday, December 3rd - The fourth Sunday of Hator - Coptic Lectionary - CopticChurch.net",The fourth Sunday of Hator,9
2034-12-04,"Readings for Monday, December 4th - Hator 25 - Coptic Lectionary - CopticChurch.net",Hator 25,9
2034-12-05,"Readings for Tuesday, December 5th - Hator 26 - Coptic Lectionary - CopticChurch.net",Hator 26,9
2034-12-06,"Readings for Wednesday, December 6th - Hator 27 - Coptic Lectionary - CopticChurch.net",Hator 27,9
2034-12-07,"Readings for Thursday, December 7th - Hator 28 - Coptic Lectionary - CopticChurch.net",Hator 28,9
2034-12-08,"Readings for Friday, December 8th - Hator 29 - Coptic Lectionary - CopticChurch.net",Hator 29,9
2034-12-09,"Readings for Saturday, December 9th - Hator 30 - Coptic Lectionary - CopticChurch.net",Hator 30,9
2034-12-10,"Readings for Sunday, December 10th - The first Sunday of Kiak - Coptic Lectionary - CopticChurch.net",The first Sunday of Kiak,9
2034-12-11,"Readings for Monday, December 11th - Kiak 2 - Coptic Lectionary - CopticChurch.net",Kiak 2,9
2034-12-12,"Readings for Tuesday, December 12th - Kiak 3 - Coptic Lectionary - CopticChurch.net",Kiak 3,9
2034-12-13,"Readings for Wednesday, December 13th - Kiak 4 - Coptic Lectionary - CopticChurch.net",Kiak 4,9
2034-12-14,"Readings for Thursday, December 14th - Kiak 5 - Coptic Lectionary - CopticChurch.net",Kiak 5,9
2034-12-15,"Readings for Friday, December 15th - Kiak 6 - Coptic Lectionary - CopticChurch.net",Kiak 6,9
2034-12-16,"Readings for Saturday, December 16th - Kiak 7 - Coptic Lectionary - CopticChurch.net",Kiak 7,9
2034-12-17,"Readings for Sunday, December 17th - The second Sunday of Kiak - Coptic Lectionary - CopticChurch.net",The second Sunday of Kiak,9
2034-12-18,"Readings for Monday, December 18th - Kiak 9 - Coptic Lectionary - CopticChurch.net",Kiak 9,9
2034-12-19,"Readings for Tuesday, December 19th - Kiak 10 - Coptic Lectionary - CopticChurch.net",Kiak 10,9
2034-12-20,"Readings for Wednesday, December 20th - Kiak 11 - Coptic Lectionary - CopticChurch.net",Kiak 11,9
2034-12-21,"Readings for Thursday, December 21st - Kiak 12 - Coptic Lectionary - CopticChurch.net",Kiak 12,9
2034-12-22,"Readings for Friday, December 22nd - Kiak 13 - Coptic Lectionary - CopticChurch.net",Kiak 13,9
2034-12-23,"Readings for Saturday, December 23rd - Kiak 14 - Coptic Lectionary - CopticChurch.net",Kiak 14,9
2034-12-24,"Readings for Sunday, December 24th - The third Sunday of Kiak - Coptic Lectionary - CopticChurch.net",The third Sunday of Kiak,9
2034-12-25,"Readings for Monday, December 25th - Kiak 16 - Coptic Lectionary - CopticChurch.net",Kiak 16,9
2034-12-26,"Readings for Tuesday, December 26th - Kiak 17 - Coptic Lectionary - CopticChurch.net",Kiak 17,9
2034-12-27,"Readings for Wednesday, December 27th - Kiak 18 - Coptic Lectionary - CopticChurch.net",Kiak 18,9
2034-12-28,"Readings for Thursday, December 28th - Kiak 19 - Coptic Lectionary - CopticChurch.net",Kiak 19,9
2034-12-29,"Readings for Friday, December 29th - Kiak 20 - Coptic Lectionary - CopticChurch.net",Kiak 20,9
2034-12-30,"Readings for Saturday, December 30th - Kiak 21 - Coptic Lectionary - CopticChurch.net",Kiak 21,9
2034-12-31,"Readings for Sunday, December 31st - The fourth Sunday of Kiak - Coptic Lectionary - CopticChurch.net",The fourth Sunday of Kiak,9
2035-01-01,"Readings for Monday, January 1st - Kiak 23 - Coptic Lectionary - CopticChurch.net",Kiak 23,9
2035-01-02,"Readings for Tuesday, January 2nd - Kiak 24 - Coptic Lectionary - CopticChurch.net",Kiak 24,9
2035-01-03,"Readings for Wednesday, January 3rd - Kiak 25 - Coptic Lectionary - CopticChurch.net",Kiak 25,9
2035-01-04,"Readings for Thursday, January 4th - Kiak 26 - Coptic Lectionary - CopticChurch.net",Kiak 26,9
2035-01-05,"Readings for Friday, January 5th - Christmas Paramoune - Coptic Lectionary - CopticChurch.net",Christmas Paramoune,9
2035-01-06,"Readings for Saturday, January 6th - Christmas Paramoune - Coptic Lectionary - CopticChurch.net",Christmas Paramoune,9
2035-01-07,"Readings for Sunday, January 7th - Christmas - Coptic Lectionary - CopticChurch.net",Christmas,9
2035-01-08,"Readings for Monday, January 8th - Kiak 30 - Coptic Lectionary - CopticChurch.net",Kiak 30,9
2035-01-09,"Readings for Tuesday, January 9th - Toba 1 - Coptic Lectionary - CopticChurch.net",Toba 1,9
2035-01-10,"Readings for Wednesday, January 10th - Toba 2 - Coptic Lectionary - CopticChurch.net",Toba 2,9
2035-01-11,"Readings for Thursday, January 11th - Toba 3 - Coptic Lectionary - CopticChurch.net",Toba 3,9
2035-01-12,"Readings for Friday, January 12th - Toba 4 - Coptic Lectionary - CopticChurch.net",Toba 4,9
2035-01-13,"Readings for Saturday, January 13th - Toba 5 - Coptic Lectionary - CopticChurch.net",Toba 5,9
2035-01-14,"Readings for Sunday, January 14th - Circumcision of our Lord - Coptic Lectionary - CopticChurch.net",Circumcision of our Lord,9
2035-01-15,"Readings for Monday, January 15th - Toba 7 - Coptic Lectionary - CopticChurch.net",Toba 7,9
2035-01-16,"Readings for Tuesday, January 16th - Toba 8 - Coptic Lectionary - CopticChurch.net",Toba 8,9
2035-01-17,"Readings for Wednesday, January 17th - Toba 9 - Coptic Lectionary - CopticChurch.net",Toba 9,9
2035-01-18,"Readings for Thursday, January 18th - Epiphany Paramoune - Coptic Lectionary - CopticChurch.net",Epiphany Paramoune,9
2035-01-19,"Readings for Friday, January 19th - The Feast of Epiphany - Coptic Lectionary - CopticChurch.net",The Feast of Epiphany,9
2035-01-20,"Readings for Saturday, January 20th - The Second Day of Feast of Epiphany - Coptic Lectionary - CopticChurch.net",The Second Day of Feast of Epiphany,9
2035-01-21,"Readings for Sunday, January 21st - Wedding of Cana - Coptic Lectionary - CopticChurch.net",Wedding of Cana,9
2035-01-22,"Readings for Monday, January 22nd - Toba 14 - Coptic Lectionary - CopticChurch.net",Toba 14,9
2035-01-23,"Readings for Tuesday, January 23rd - Toba 15 - Coptic Lectionary - CopticChurch.net",Toba 15,9
2035-01-24,"Readings for Wednesday, January 24th - Toba 16 - Coptic Lectionary - CopticChurch.net",Toba 16,9
2035-01-25,"Readings for Thursday, January 25th - Toba 17 - Coptic Lectionary - CopticChurch.net",Toba 17,9
2035-01-26,"Readings for Friday, January 26th - Toba 18 - Coptic Lectionary - CopticChurch.net",Toba 18,9
2035-01-27,"Readings for Saturday, January 27th - Toba 19 - Coptic Lectionary - CopticChurch.net",Toba 19,9
2035-01-28,"Readings for Sunday, January 28th - The third Sunday of Toba - Coptic Lectionary - CopticChurch.net",The third Sunday of Toba,9
2035-01-29,"Readings for Monday, January 29th - Toba 21 - Coptic Lectionary - CopticChurch.net",Toba 21,9
2035-01-30,"Readings for Tuesday, January 30th - Toba 22 - Coptic Lectionary - CopticChurch.net",Toba 22,9
2035-01-31,"Readings for Wednesday, January 31st - Toba 23 - Coptic Lectionary - CopticChurch.net",Toba 23,9
2035-02-01,"Readings for Thursday, February 1st - Toba 24 - Coptic Lectionary - CopticChurch.net",Toba 24,9
2035-02-02,"Readings for Friday, February 2nd - Toba 25 - Coptic Lectionary - CopticChurch.net",Toba 25,9
2035-02-03,"Readings for Saturday, February 3rd - Toba 26 - Coptic Lectionary - CopticChurch.net",Toba 26,9
2035-02-04,"Readings for Sunday, February 4th - The fourth Sunday of Toba - Coptic Lectionary - CopticChurch.net",The fourth Sunday of Toba,9
2035-02-05,"Readings for Monday, February 5th - Toba 28 - Coptic Lectionary - CopticChurch.net",Toba 28,9
2035-02-06,"Readings for Tuesday, February 6th - Toba 29 - Coptic Lectionary - CopticChurch.net",Toba 29,9
2035-02-07,"Readings for Wednesday, February 7th - Toba 30 - Coptic Lectionary - CopticChurch.net",Toba 30,9
2035-02-08,"Readings for Thursday, February 8th - Amshir 1 - Coptic Lectionary - CopticChurch.net",Amshir 1,9
2035-02-09,"Readings for Friday, February 9th - Amshir 2 - Coptic Lectionary - CopticChurch.net",Amshir 2,9
2035-02-10,"Readings for Saturday, February 10th - Amshir 3 - Coptic Lectionary - CopticChurch.net",Amshir 3,9
2035-02-11,"Readings for Sunday, February 11th - The first Sunday of Amshir - Coptic Lectionary - CopticChurch.net",The first Sunday of Amshir,9
2035-02-12,"Readings for Monday, February 12th - Amshir 5 - Coptic Lectionary - CopticChurch.net",Amshir 5,9
2035-02-13,"Readings for Tuesday, February 13th - Amshir 6 - Coptic Lectionary - CopticChurch.net",Amshir 6,9
2035-02-14,"Readings for Wednesday, February 14th - Amshir 7 - Coptic Lectionary - CopticChurch.net",Amshir 7,9
2035-02-15,"Readings for Thursday, February 15th - Entrance into the Temple - Coptic Lectionary - CopticChurch.net",Entrance into the Temple,9
2035-02-16,"Readings for Friday, February 16th - Amshir 9 - Coptic Lectionary - CopticChurch.net",Amshir 9,9
2035-02-17,"Readings for Saturday, February 17th - Amshir 10 - Coptic Lectionary - CopticChurch.net",Amshir 10,9
2035-02-18,"Readings for Sunday, February 18th - The second Sunday of Amshir - Coptic Lectionary - CopticChurch.net",The second Sunday of Amshir,9
2035-02-19,"Readings for Monday, February 19th - Fast of Ninevah - Coptic Lectionary - CopticChurch.net",Fast of Ninevah,9
2035-02-20,"Readings for Tuesday, February 20th - Tuesday of Ninevah's Fast - Coptic Lectionary - CopticChurch.net",Tuesday of Ninevah's Fast,7
2035-02-21,"Readings for Wednesday, February 21st - Wednesday of Ninevah's Fast - Coptic Lectionary - CopticChurch.net",Wednesday of Ninevah's Fast,7
2035-02-22,"Readings for Thursday, February 22nd - Jonah's Feast - Coptic Lectionary - CopticChurch.net",Jonah's Feast,7
2035-02-23,"Readings for Friday, February 23rd - Amshir 16 - Coptic Lectionary - CopticChurch.net",Amshir 16,9
2035-02-24,"Readings for Saturday, February 24th - Amshir 17 - Coptic Lectionary - CopticChurch.net",Amshir 17,9
2035-02-25,"Readings for Sunday, February 25th - The third Sunday of Amshir - Coptic Lectionary - CopticChurch.net",The third Sunday of Amshir,9
2035-02-26,"Readings for Monday, February 26th - Amshir 19 - Coptic Lectionary - CopticChurch.net",Amshir 19,9
2035-02-27,"Readings for Tuesday, February 27th - Amshir 20 - Coptic Lectionary - CopticChurch.net",Amshir 20,9
2035-02-28,"Readings for Wednesday, February 28th - Amshir 21 - Coptic Lectionary - CopticChurch.net",Amshir 21,9
2035-03-01,"Readings for Thursday, March 1st - Amshir 22 - Coptic Lectionary - CopticChurch.net",Amshir 22,9
2035-03-02,"Readings for Friday, March 2nd - Amshir 23 - Coptic Lectionary - CopticChurch.net",Amshir 23,9
2035-03-03,"Readings for Saturday, March 3rd - Saturday of the week before Great Lent - Coptic Lectionary - CopticChurch.net",Saturday of the week before Great Lent,9
2035-03-04,"Readings for Sunday, March 4th - Sunday of the week before Great Lent - Coptic Lectionary - CopticChurch.net",Sunday of the week before Great Lent,9
2035-03-05,"Readings for Monday, March 5th - Great Lent - Coptic Lectionary - CopticChurch.net",Great Lent,9
2035-03-06,"Readings for Tuesday, March 6th - Tuesday of the first week of Great Lent - Coptic Lectionary - CopticChurch.net",Tuesday of the first week of Great Lent,7
2035-03-07,"Readings for Wednesday, March 7th - Wednesday of the first week of Great Lent - Coptic Lectionary - CopticChurch.net",Wednesday of the first week of Great Lent,7
2035-03-08,"Readings for Thursday, March 8th - Thursday of the first week of Great Lent - Coptic Lectionary - CopticChurch.net",Thursday of the first week of Great Lent,7
2035-03-09,"Readings for Friday, March 9th - Friday of the first week of Great Lent - Coptic Lectionary - CopticChurch.net",Friday of the first week of Great Lent,7
2035-03-10,"Readings for Saturday, March 10th - Saturday of the first week of Great Lent - Coptic Lectionary - CopticChurch.net",Saturday of the first week of Great Lent,7
2035-03-11,"Readings for Sunday, March 11th - Sunday of the first week of Great Lent - Coptic Lectionary - CopticChurch.net",Sunday of the first week of Great Lent,9
2035-03-12,"Readings for Monday, March 12th - Monday of the second week of Great Lent - Coptic Lectionary - CopticChurch.net",Monday of the second week of Great Lent,7
2035-03-13,"Readings for Tuesday, March 13th - Tuesday of the second week of Great Lent - Coptic Lectionary - CopticChurch.net",Tuesday of the second week of Great Lent,7
2035-03-14,"Readings for Wednesday, March 14th - Wednesday of the second week of Great Lent - Coptic Lectionary - CopticChurch.net",Wednesday of the second week of Great Lent,7
2035-03-15,"Readings for Thursday, March 15th - Thursday of the second week of Great Lent - Coptic Lectionary - CopticChurch.net",Thursday of the second week of Great Lent,7
2035-03-16,"Readings for Friday, March 16th - Friday of the second week of Great Lent - Coptic Lectionary - CopticChurch.net",Friday of the second week of Great Lent,7
2035-03-17,"Readings for Saturday, March 17th - Saturday of the second week of Great Lent - Coptic Lectionary - CopticChurch.net",Saturday of the second week of Great Lent,7
2035-03-18,"Readings for Sunday, March 18th - Sunday of the second week of Great Lent - Coptic Lectionary - CopticChurch.net",Sunday of the second week of Great Lent,9
2035-03-19,"Readings for Monday, March 19th - Monday of the third week of Great Lent <br>(Feast of the Cross - Readings of 10th Baramhat) - Coptic Lectionary - CopticChurch.net",Monday of the third week of Great Lent <br>(Feast of the Cross - Readings of 10th Baramhat),9
2035-03-20,"Readings for Tuesday, March 20th - Tuesday of the third week of Great Lent - Coptic Lectionary - CopticChurch.net",Tuesday of the third week of Great Lent,7
2035-03-21,"Readings for Wednesday, March 21st - Wednesday of the third week of Great Lent - Coptic Lectionary - CopticChurch.net",Wednesday of the third week of Great Lent,7
2035-03-22,"Readings for Thursday, March 22nd - Thursday of the third week of Great Lent - Coptic Lectionary - CopticChurch.net",Thursday of the third week of Great Lent,7
2035-03-23,"Readings for Friday, March 23rd - Friday of the third week of Great Lent - Coptic Lectionary - CopticChurch.net",Friday of the third week of Great Lent,7
2035-03-24,"Readings for Saturday, March 24th - Saturday of the third week of Great Lent - Coptic Lectionary - CopticChurch.net",Saturday of the third week of Great Lent,7
2035-03-25,"Readings for Sunday, March 25th - Sunday of the third week of Great Lent - Coptic Lectionary - CopticChurch.net",Sunday of the third week of Great Lent,9
2035-03-26,"Readings for Monday, March 26th - Monday of the fourth week of Great Lent - Coptic Lectionary - CopticChurch.net",Monday of the fourth week of Great Lent,7
2035-03-27,"Readings for Tuesday, March 27th - Tuesday of the fourth week of Great Lent - Coptic Lectionary - CopticChurch.net",Tuesday of the fourth week of Great Lent,7
2035-03-28,"Readings for Wednesday, March 28th - Wednesday of the fourth week of Great Lent - Coptic Lectionary - CopticChurch.net",Wednesday of the fourth week of Great Lent,7
2035-03-29,"Readings for Thursday, March 29th - Thursday of the fourth week of Great Lent - Coptic Lectionary - CopticChurch.net",Thursday of the fourth week of Great Lent,7
2035-03-30,"Readings for Friday, March 30th - Friday of the fourth week of Great Lent - Coptic Lectionary - CopticChurch.net",Friday of the fourth week of Great Lent,7
2035-03-31,"Readings for Saturday, March 31st - Saturday of the fourth week of Great Lent - Coptic Lectionary - CopticChurch.net",Saturday of the fourth week of Great Lent,7
2035-04-01,"Readings for Sunday, April 1st - Sunday of the fourth week of Great Lent - Coptic Lectionary - CopticChurch.net",Sunday of the fourth week of Great Lent,9
2035-04-02,"Readings for Monday, April 2nd - Monday of the fifth week of Great Lent - Coptic Lectionary - CopticChurch.net",Monday of the fifth week of Great Lent,7
2035-04-03,"Readings for Tuesday, April 3rd - Tuesday of the fifth week of Great Lent - Coptic Lectionary - CopticChurch.net",Tuesday of the fifth week of Great Lent,7
2035-04-04,"Readings for Wednesday, April 4th - Wednesday of the fifth week of Great Lent - Coptic Lectionary - CopticChurch.net",Wednesday of the fifth week of Great Lent,7
2035-04-05,"Readings for Thursday, April 5th - Thursday of the fifth week of Great Lent - Coptic Lectionary - CopticChurch.net",Thursday of the fifth week of Great Lent,7
2035-04-06,"Readings for Friday, April 6th - Friday of the fifth week of Great Lent - Coptic Lectionary - CopticChurch.net",Friday of the fifth week of Great Lent,7
2035-04-07,"Readings for Saturday, April 7th - Annunciation - Coptic Lectionary - CopticChurch.net",Annunciation,9
2035-04-08,"Readings for Sunday, April 8th - Sunday of the fifth week of Great Lent - Coptic Lectionary - CopticChurch.net",Sunday of the fifth week of Great Lent,9
2035-04-09,"Readings for Monday, April 9th - Monday of the sixth week of Great Lent - Coptic Lectionary - CopticChurch.net",Monday of the sixth week of Great Lent,7
2035-04-10,"Readings for Tuesday, April 10th - Tuesday of the sixth week of Great Lent - Coptic Lectionary - CopticChurch.net",Tuesday of the sixth week of Great Lent,7
2035-04-11,"Readings for Wednesday, April 11th - Wednesday of the sixth week of Great Lent - Coptic Lectionary - CopticChurch.net",Wednesday of the sixth week of Great Lent,7
2035-04-12,"Readings for Thursday, April 12th - Thursday of the sixth week of Great Lent - Coptic Lectionary - CopticChurch.net",Thursday of the sixth week of Great Lent,7
2035-04-13,"Readings for Friday, April 13th - Friday of the sixth week of Great Lent - Coptic Lectionary - CopticChurch.net",Friday of the sixth week of Great Lent,7
2035-04-14,"Readings for Saturday, April 14th - Saturday of the sixth week of Great Lent - Coptic Lectionary - CopticChurch.net",Saturday of the sixth week of Great Lent,7
2035-04-15,"Readings for Sunday, April 15th - Sunday of the sixth week of Great Lent - Coptic Lectionary - CopticChurch.net",Sunday of the sixth week of Great Lent,9
2035-04-16,"Readings for Monday, April 16th - Monday of the seventh week of Great Lent - Coptic Lectionary - CopticChurch.net",Monday of the seventh week of Great Lent,7
2035-04-17,"Readings for Tuesday, April 17th - Tuesday of the seventh week of Great Lent - Coptic Lectionary - CopticChurch.net",Tuesday of the seventh week of Great Lent,7
2035-04-18,"Readings for Wednesday, April 18th - Wednesday of the seventh week of Great Lent - Coptic Lectionary - CopticChurch.net",Wednesday of the seventh week of Great Lent,7
2035-04-19,"Readings for Thursday, April 19th - Thursday of the seventh week of Great Lent - Coptic Lectionary - CopticChurch.net",Thursday of the seventh week of Great Lent,7
2035-04-20,"Readings for Friday, April 20th - Friday of the seventh week of Great Lent - Coptic Lectionary - CopticChurch.net",Friday of the seventh week of Great Lent,7
2035-04-21,"Readings for Saturday, April 21st - Lazarus Saturday of Great Lent - Coptic Lectionary - CopticChurch.net",Lazarus Saturday of Great Lent,7
2035-04-22,"Readings for Sunday, April 22nd - Palm Sunday - Coptic Lectionary - CopticChurch.net",Palm Sunday,9
2035-04-23,"Readings for Monday, April 23rd - Monday of Holy Week - Coptic Lectionary - CopticChurch.net",Monday of Holy Week,0
2035-04-24,"Readings for Tuesday, April 24th - Tuesday of Holy Week - Coptic Lectionary - CopticChurch.net",Tuesday of Holy Week,0
2035-04-25,"Readings for Wednesday, April 25th - Wednesday of Holy Week - Coptic Lectionary - CopticChurch.net",Wednesday of Holy Week,0
2035-04-26,"Readings for Thursday, April 26th - Holy Thursday - Coptic Lectionary - CopticChurch.net",Holy Thursday,0
2035-04-27,"Readings for Friday, April 27th - Good Friday - Coptic Lectionary - CopticChurch.net",Good Friday,0
2035-04-28,"Readings for Saturday, April 28th - Bright Saturday - Coptic Lectionary - CopticChurch.net",Bright Saturday,0
2035-04-29,"Readings for Sunday, April 29th - The Feast of Resurrection - Coptic Lectionary - CopticChurch.net",The Feast of Resurrection,7
2035-04-30,"Readings for Monday, April 30th - Monday of the first week of the holy fifty days - Coptic Lectionary - CopticChurch.net",Monday of the first week of the holy fifty days,9
2035-05-01,"Readings for Tuesday, May 1st - Tuesday of the first week of the holy fifty days - Coptic Lectionary - CopticChurch.net",Tuesday of the first week of the holy fifty days,9
2035-05-02,"Readings for Wednesday, May 2nd - Wednesday of the first week of the holy fifty days - Coptic Lectionary - CopticChurch.net",Wednesday of the first week of the holy fifty days,9
2035-05-03,"Readings for Thursday, May 3rd - Thursday of the first week of the holy fifty days - Coptic Lectionary - CopticChurch.net",Thursday of the first week of the holy fifty days,9
2035-05-04,"Readings for Friday, May 4th - Friday of the first week of the holy fifty days - Coptic Lectionary - CopticChurch.net",Friday of the first week of the holy fifty days,9
2035-05-05,"Readings for Saturday, May 5th - Saturday of the first week of the holy fifty days - Coptic Lectionary - CopticChurch.net",Saturday of the first week of the holy fifty days,9
2035-05-06,"Readings for Sunday, May 6th - Thomas Sunday - Coptic Lectionary - CopticChurch.net",Thomas Sunday,9
2035-05-07,"Readings for Monday, May 7th - Monday of the second week of the holy fifty days - Coptic Lectionary - CopticChurch.net",Monday of the second week of the holy fifty days,9
2035-05-08,"Readings for Tuesday, May 8th - Tuesday of the second week of the holy fifty days - Coptic Lectionary - CopticChurch.net",Tuesday of the second week of the holy fifty days,9
2035-05-09,"Readings for Wednesday, May 9th - Wednesday of the second week of the holy fifty days - Coptic Lectionary - CopticChurch.net",Wednesday of the second week of the holy fifty days,9
2035-05-10,"Readings for Thursday, May 10th - Thursday of the second week of the holy fifty days - Coptic Lectionary - CopticChurch.net",Thursday of the second week of the holy fifty days,9
2035-05-11,"Readings for Friday, May 11th - Friday of the second week of the holy fifty days - Coptic Lectionary - CopticChurch.net",Friday of the second week of the holy fifty days,9
2035-05-12,"Readings for Saturday, May 12th - Saturday of the second week of the holy fifty days - Coptic Lectionary - CopticChurch.net",Saturday of the second week of the holy fifty days,9
2035-05-13,"Readings for Sunday, May 13th - Sunday of the second week of the holy fifty days - Coptic Lectionary - CopticChurch.net",Sunday of the second week of the holy fifty days,9
2035-05-14,"Readings for Monday, May 14th - Monday of the third week of the holy fifty days - Coptic Lectionary - CopticChurch.net",Monday of the third week of the holy fifty days,9
2035-05-15,"Readings for Tuesday, May 15th - Tuesday of the third week of the holy fifty days - Coptic Lectionary - CopticChurch.net",Tuesday of the third week of the holy fifty days,9
2035-05-16,"Readings for Wednesday, May 16th - Wednesday of the third week of the holy fifty days - Coptic Lectionary - CopticChurch.net",Wednesday of the third week of the holy fifty days,9
2035-05-17,"Readings for Thursday, May 17th - Thursday of the third week of the holy fifty days - Coptic Lectionary - CopticChurch.net",Thursday of the third week of the holy fifty days,9
2035-05-18,"Readings for Friday, May 18th - Friday of the third week of the holy fifty days - Coptic Lectionary - CopticChurch.net",Friday of the third week of the holy fifty days,9
2035-05-19,"Readings for Saturday, May 19th - Saturday of the third week of the holy fifty days - Coptic Lectionary - CopticChurch.net",Saturday of the third week of the holy fifty days,9
2035-05-20,"Readings for Sunday, May 20th - Sunday of the third week of the holy fifty days - Coptic Lectionary - CopticChurch.net",Sunday of the third week of the holy fifty days,9
2035-05-21,"Readings for Monday, May 21st - Monday of the fourth week of the holy fifty days - Coptic Lectionary - CopticChurch.net",Monday of the fourth week of the holy fifty days,9
2035-05-22,"Readings for Tuesday, May 22nd - Tuesday of the fourth week of the holy fifty days - Coptic Lectionary - CopticChurch.net",Tuesday of the fourth week of the holy fifty days,9
2035-05-23,"Readings for Wednesday, May 23rd - Wednesday of the fourth week of the holy fifty days - Coptic Lectionary - CopticChurch.net",Wednesday of the fourth week of the holy fifty days,9
2035-05-24,"Readings for Thursday, May 24th - Thursday of the fourth week of the holy fifty days - Coptic Lectionary - CopticChurch.net",Thursday of the fourth week of the holy fifty days,9
2035-05-25,"Readings for Friday, May 25th - Friday of the fourth week of the holy fifty days - Coptic Lectionary - CopticChurch.net",Friday of the fourth week of the holy fifty days,9
2035-05-26,"Readings for Saturday, May 26th - Saturday of the fourth week of the holy fifty days - Coptic Lectionary - CopticChurch.net",Saturday of the fourth week of the holy fifty days,9
2035-05-27,"Readings for Sunday, May 27th - Sunday of the fourth week of the holy fifty days - Coptic Lectionary - CopticChurch.net",Sunday of the fourth week of the holy fifty days,9
2035-05-28,"Readings for Monday, May 28th - Monday of the fifth week of the holy fifty days - Coptic Lectionary - CopticChurch.net",Monday of the fifth week of the holy fifty days,9
2035-05-29,"Readings for Tuesday, May 29th - Tuesday of the fifth week of the holy fifty days - Coptic Lectionary - CopticChurch.net",Tuesday of the fifth week of the holy fifty days,9
2035-05-30,"Readings for Wednesday, May 30th - Wednesday of the fifth week of the holy fifty days - Coptic Lectionary - CopticChurch.net",Wednesday of the fifth week of the holy fifty days,9
2035-05-31,"Readings for Thursday, May 31st - Thursday of the fifth week of the holy fifty days - Coptic Lectionary - CopticChurch.net",Thursday of the fifth week of the holy fifty days,9
2035-06-01,"Readings for Friday, June 1st - Friday of the fifth week of the holy fifty days and the Feast of Entry into Egypt - Coptic Lectionary - CopticChurch.net",Friday of the fifth week of the holy fifty days and the Feast of Entry into Egypt,9
2035-06-02,"Readings for Saturday, June 2nd - Saturday of the fifth week of the holy fifty days - Coptic Lectionary - CopticChurch.net",Saturday of the fifth week of the holy fifty days,9
2035-06-03,"Readings for Sunday, June 3rd - Sunday of the fifth week of the holy fifty days - Coptic Lectionary - CopticChurch.net",Sunday of the fifth week of the holy fifty days,9
2035-06-04,"Readings for Monday, June 4th - Monday of the sixth week of the holy fifty days - Coptic Lectionary - CopticChurch.net",Monday of the sixth week of the holy fifty days,9
2035-06-05,"Readings for Tuesday, June 5th - Tuesday of the sixth week of the holy fifty days - Coptic Lectionary - CopticChurch.net",Tuesday of the sixth week of the holy fifty days,9
2035-06-06,"Readings for Wednesday, June 6th - Wednesday of the sixth week of the holy fifty days - Coptic Lectionary - CopticChurch.net",Wednesday of the sixth week of the holy fifty days,9
2035-06-07,"Readings for Thursday, June 7th - The Feast of the Ascension - Coptic Lectionary - CopticChurch.net",The Feast of the Ascension,9
2035-06-08,"Readings for Friday, June 8th - Friday of the sixth week of the holy fifty days - Coptic Lectionary - CopticChurch.net",Friday of the sixth week of the holy fifty days,9
2035-06-09,"Readings for Saturday, June 9th - Saturday of the sixth week of the holy fifty days - Coptic Lectionary - CopticChurch.net",Saturday of the sixth week of the holy fifty days,9
2035-06-10,"Readings for Sunday, June 10th - Sunday of the sixth week of the holy fifty days - Coptic Lectionary - CopticChurch.net",Sunday of the sixth week of the holy fifty days,9
2035-06-11,"Readings for Monday, June 11th - Monday of the seventh week of the holy fifty days - Coptic Lectionary - CopticChurch.net",Monday of the seventh week of the holy fifty days,9
2035-06-12,"Readings for Tuesday, June 12th - Tuesday of the seventh week of the holy fifty days - Coptic Lectionary - CopticChurch.net",Tuesday of the seventh week of the holy fifty days,9
2035-06-13,"Readings for Wednesday, June 13th - Wednesday of the seventh week of the holy fifty days - Coptic Lectionary - CopticChurch.net",Wednesday of the seventh week of the holy fifty days,9
2035-06-14,"Readings for Thursday, June 14th - Thursday of the seventh week of the holy fifty days - Coptic Lectionary - CopticChurch.net",Thursday of the seventh week of the holy fifty days,9
2035-06-15,"Readings for Friday, June 15th - Friday of the seventh week of the holy fifty days - Coptic Lectionary - CopticChurch.net",Friday of the seventh week of the holy fifty days,9
2035-06-16,"Readings for Saturday, June 16th - Saturday of the seventh week of the holy fifty days - Coptic Lectionary - CopticChurch.net",Saturday of the seventh week of the holy fifty days,9
2035-06-17,"Readings for Sunday, June 17th - Pentecost - Coptic Lectionary - CopticChurch.net",Pentecost,9
2035-06-18,"Readings for Monday, June 18th - Paona 11 - Coptic Lectionary - CopticChurch.net",Paona 11,9
2035-06-19,"Readings for Tuesday, June 19th - Paona 12 - Coptic Lectionary - CopticChurch.net",Paona 12,9
2035-06-20,"Readings for Wednesday, June 20th - Paona 13 - Coptic Lectionary - CopticChurch.net",Paona 13,9
2035-06-21,"Readings for Thursday, June 21st - Paona 14 - Coptic Lectionary - CopticChurch.net",Paona 14,9
2035-06-22,"Readings for Friday, June 22nd - Paona 15 - Coptic Lectionary - CopticChurch.net",Paona 15,9
2035-06-23,"Readings for Saturday, June 23rd - Paona 16 - Coptic Lectionary - CopticChurch.net",Paona 16,9
2035-06-24,"Readings for Sunday, June 24th - The third Sunday of Paona - Coptic Lectionary - CopticChurch.net",The third Sunday of Paona,9
2035-06-25,"Readings for Monday, June 25th - Paona 18 - Coptic Lectionary - CopticChurch.net",Paona 18,9
2035-06-26,"Readings for Tuesday, June 26th - Paona 19 - Coptic Lectionary - CopticChurch.net",Paona 19,9
2035-06-27,"Readings for Wednesday, June 27th - Paona 20 - Coptic Lectionary - CopticChurch.net",Paona 20,9
2035-06-28,"Readings for Thursday, June 28th - Paona 21 - Coptic Lectionary - CopticChurch.net",Paona 21,9
2035-06-29,"Readings for Friday, June 29th - Paona 22 - Coptic Lectionary - CopticChurch.net",Paona 22,9
2035-06-30,"Readings for Saturday, June 30th - Paona 23 - Coptic Lectionary - CopticChurch.net",Paona 23,9
2035-07-01,"Readings for Sunday, July 1st - The fourth Sunday of Paona - Coptic Lectionary - CopticChurch.net",The fourth Sunday of Paona,9
2035-07-02,"Readings for Monday, July 2nd - Paona 25 - Coptic Lectionary - CopticChurch.net",Paona 25,9
2035-07-03,"Readings for Tuesday, July 3rd - Paona 26 - Coptic Lectionary - CopticChurch.net",Paona 26,9
2035-07-04,"Readings for Wednesday, July 4th - Paona 27 - Coptic Lectionary - CopticChurch.net",Paona 27,9
2035-07-05,"Readings for Thursday, July 5th - Paona 28 - Coptic Lectionary - CopticChurch.net",Paona 28,9
2035-07-06,"Readings for Friday, July 6th - Paona 29 - Coptic Lectionary - CopticChurch.net",Paona 29,9
2035-07-07,"Readings for Saturday, July 7th - Paona 30 - Coptic Lectionary - CopticChurch.net",Paona 30,9
2035-07-08,"Readings for Sunday, July 8th - The first Sunday of Abib - Coptic Lectionary - CopticChurch.net",The first Sunday of Abib,9
2035-07-09,"Readings for Monday, July 9th - Abib 2 - Coptic Lectionary - CopticChurch.net",Abib 2,9
2035-07-10,"Readings for Tuesday, July 10th - Abib 3 - Coptic Lectionary - CopticChurch.net",Abib 3,9
2035-07-11,"Readings for Wednesday, July 11th - Abib 4 - Coptic Lectionary - CopticChurch.net",Abib 4,9
2035-07-12,"Readings for Thursday, July 12th - Abib 5 (Apostle's Feast) - Coptic Lectionary - CopticChurch.net",Abib 5 (Apostle's Feast),9
2035-07-13,"Readings for Friday, July 13th - Abib 6 - Coptic Lectionary - CopticChurch.net",Abib 6,9
2035-07-14,"Readings for Saturday, July 14th - Abib 7 - Coptic Lectionary - CopticChurch.net",Abib 7,9
2035-07-15,"Readings for Sunday, July 15th - The second Sunday of Abib - Coptic Lectionary - CopticChurch.net",The second Sunday of Abib,9
2035-07-16,"Readings for Monday, July 16th - Abib 9 - Coptic Lectionary - CopticChurch.net",Abib 9,9
2035-07-17,"Readings for Tuesday, July 17th - Abib 10 - Coptic Lectionary - CopticChurch.net",Abib 10,9
2035-07-18,"Readings for Wednesday, July 18th - Abib 11 - Coptic Lectionary - CopticChurch.net",Abib 11,9
2035-07-19,"Readings for Thursday, July 19th - Abib 12 - Coptic Lectionary - CopticChurch.net",Abib 12,9
2035-07-20,"Readings for Friday, July 20th - Abib 13 - Coptic Lectionary - CopticChurch.net",Abib 13,9
2035-07-21,"Readings for Saturday, July 21st - Abib 14 - Coptic Lectionary - CopticChurch.net",Abib 14,9
2035-07-22,"Readings for Sunday, July 22nd - The third Sunday of Abib - Coptic Lectionary - CopticChurch.net",The third Sunday of Abib,9
2035-07-23,"Readings for Monday, July 23rd - Abib 16 - Coptic Lectionary - CopticChurch.net",Abib 16,9
2035-07-24,"Readings for Tuesday, July 24th - Abib 17 - Coptic Lectionary - CopticChurch.net",Abib 17,9
2035-07-25,"Readings for Wednesday, July 25th - Abib 18 - Coptic Lectionary - CopticChurch.net",Abib 18,9
2035-07-26,"Readings for Thursday, July 26th - Abib 19 - Coptic Lectionary - CopticChurch.net",Abib 19,9
2035-07-27,"Readings for Friday, July 27th - Abib 20 - Coptic Lectionary - CopticChurch.net",Abib 20,9
2035-07-28,"Readings for Saturday, July 28th - Abib 21 - Coptic Lectionary - CopticChurch.net",Abib 21,9
2035-07-29,"Readings for Sunday, July 29th - The fourth Sunday of Abib - Coptic Lectionary - CopticChurch.net",The fourth Sunday of Abib,9
2035-07-30,"Readings for Monday, July 30th - Abib 23 - Coptic Lectionary - CopticChurch.net",Abib 23,9
2035-07-31,"Readings for Tuesday, July 31st - Abib 24 - Coptic Lectionary - CopticChurch.net",Abib 24,9
2035-08-01,"Readings for Wednesday, August 1st - Abib 25 - Coptic Lectionary - CopticChurch.net",Abib 25,9
2035-08-02,"Readings for Thursday, August 2nd - Abib 26 - Coptic Lectionary - CopticChurch.net",Abib 26,9
2035-08-03,"Readings for Friday, August 3rd - Abib 27 - Coptic Lectionary - CopticChurch.net",Abib 27,9
2035-08-04,"Readings for Saturday, August 4th - Abib 28 - Coptic Lectionary - CopticChurch.net",Abib 28,9
2035-08-05,"Readings for Sunday, August 5th - The fifth Sunday of Abib (Readings of 29th Baramhat) - Coptic Lectionary - CopticChurch.net",The fifth Sunday of Abib (Readings of 29th Baramhat),9
2035-08-06,"Readings for Monday, August 6th - Abib 30 - Coptic Lectionary - CopticChurch.net",Abib 30,9
2035-08-07,"Readings for Tuesday, August 7th - St Mary's Fast - Coptic Lectionary - CopticChurch.net",St Mary's Fast,9
2035-08-08,"Readings for Wednesday, August 8th - Mesra 2 - Coptic Lectionary - CopticChurch.net",Mesra 2,9
2035-08-09,"Readings for Thursday, August 9th - Mesra 3 - Coptic Lectionary - CopticChurch.net",Mesra 3,9
2035-08-10,"Readings for Friday, August 10th - Mesra 4 - Coptic Lectionary - CopticChurch.net",Mesra 4,9
2035-08-11,"Readings for Saturday, August 11th - Mesra 5 - Coptic Lectionary - CopticChurch.net",Mesra 5,9
2035-08-12,"Readings for Sunday, August 12th - The first Sunday of Mesra - Coptic Lectionary - CopticChurch.net",The first Sunday of Mesra,9
2035-08-13,"Readings for Monday, August 13th - Mesra 7 - Coptic Lectionary - CopticChurch.net",Mesra 7,9
2035-08-14,"Readings for Tuesday, August 14th - Mesra 8 - Coptic Lectionary - CopticChurch.net",Mesra 8,9
2035-08-15,"Readings for Wednesday, August 15th - Mesra 9 - Coptic Lectionary - CopticChurch.net",Mesra 9,9
2035-08-16,"Readings for Thursday, August 16th - Mesra 10 - Coptic Lectionary - CopticChurch.net",Mesra 10,9
2035-08-17,"Readings for Friday, August 17th - Mesra 11 - Coptic Lectionary - CopticChurch.net",Mesra 11,9
2035-08-18,"Readings for Saturday, August 18th - Mesra 12 - Coptic Lectionary - CopticChurch.net",Mesra 12,9
2035-08-19,"Readings for Sunday, August 19th - Transfiguration - Coptic Lectionary - CopticChurch.net",Transfiguration,9
2035-08-20,"Readings for Monday, August 20th - Mesra 14 - Coptic Lectionary - CopticChurch.net",Mesra 14,9
2035-08-21,"Readings for Tuesday, August 21st - Mesra 15 - Coptic Lectionary - CopticChurch.net",Mesra 15,9
2035-08-22,"Readings for Wednesday, August 22nd - Mesra 16 (St Mary's Feast) - Coptic Lectionary - CopticChurch.net",Mesra 16 (St Mary's Feast),9
2035-08-23,"Readings for Thursday, August 23rd - Mesra 17 - Coptic Lectionary - CopticChurch.net",Mesra 17,9
2035-08-24,"Readings for Friday, August 24th - Mesra 18 - Coptic Lectionary - CopticChurch.net",Mesra 18,9
2035-08-25,"Readings for Saturday, August 25th - Mesra 19 - Coptic Lectionary - CopticChurch.net",Mesra 19,9
2035-08-26,"Readings for Sunday, August 26th - The third Sunday of Mesra - Coptic Lectionary - CopticChurch.net",The third Sunday of Mesra,9
2035-08-27,"Readings for Monday, August 27th - Mesra 21 - Coptic Lectionary - CopticChurch.net",Mesra 21,9
2035-08-28,"Readings for Tuesday, August 28th - Mesra 22 - Coptic Lectionary - CopticChurch.net",Mesra 22,9
2035-08-29,"Readings for Wednesday, August 29th - Mesra 23 - Coptic Lectionary - CopticChurch.net",Mesra 23,9
2035-08-30,"Readings for Thursday, August 30th - Mesra 24 - Coptic Lectionary - CopticChurch.net",Mesra 24,9
2035-08-31,"Readings for Friday, August 31st - Mesra 25 - Coptic Lectionary - CopticChurch.net",Mesra 25,9
2035-09-01,"Readings for Saturday, September 1st - Mesra 26 - Coptic Lectionary - CopticChurch.net",Mesra 26,9
2035-09-02,"Readings for Sunday, September 2nd - The fourth Sunday of Mesra - Coptic Lectionary - CopticChurch.net",The fourth Sunday of Mesra,9
2035-09-03,"Readings for Monday, September 3rd - Mesra 28 - Coptic Lectionary - CopticChurch.net",Mesra 28,9
2035-09-04,"Readings for Tuesday, September 4th - Mesra 29 - Coptic Lectionary - CopticChurch.net",Mesra 29,9
2035-09-05,"Readings for Wednesday, September 5th - Mesra 30 - Coptic Lectionary - CopticChurch.net",Mesra 30,9
2035-09-06,"Readings for Thursday, September 6th - Nasie 1 - Coptic Lectionary - CopticChurch.net",Nasie 1,9
2035-09-07,"Readings for Friday, September 7th - Nasie 2 - Coptic Lectionary - CopticChurch.net",Nasie 2,9
2035-09-08,"Readings for Saturday, September 8th - Nasie 3 - Coptic Lectionary - CopticChurch.net",Nasie 3,9
2035-09-09,"Readings for Sunday, September 9th - The first Sunday of Nasie - Coptic Lectionary - CopticChurch.net",The first Sunday of Nasie,9
2035-09-10,"Readings for Monday, September 10th - Nasie 5 - Coptic Lectionary - CopticChurch.net",Nasie 5,9
2035-09-11,"Readings for Tuesday, September 11th - Nasie 6 - Coptic Lectionary - CopticChurch.net",Nasie 6,9
2035-09-12,"Readings for Wednesday, September 12th - Tout 1 - Coptic Lectionary - CopticChurch.net",Tout 1,9
2035-09-13,"Readings for Thursday, September 13th - Tout 2 - Coptic Lectionary - CopticChurch.net",Tout 2,9
2035-09-14,"Readings for Friday, September 14th - Tout 3 - Coptic Lectionary - CopticChurch.net",Tout 3,9
2035-09-15,"Readings for Saturday, September 15th - Tout 4 - Coptic Lectionary - CopticChurch.net",Tout 4,9
2035-09-16,"Readings for Sunday, September 16th - The first Sunday of Tout - Coptic Lectionary - CopticChurch.net",The first Sunday of Tout,9
2035-09-17,"Readings for Monday, September 17th - Tout 6 - Coptic Lectionary - CopticChurch.net",Tout 6,9
2035-09-18,"Readings for Tuesday, September 18th - Tout 7 - Coptic Lectionary - CopticChurch.net",Tout 7,9
2035-09-19,"Readings for Wednesday, September 19th - Tout 8 - Coptic Lectionary - CopticChurch.net",Tout 8,9
2035-09-20,"Readings for Thursday, September 20th - Tout 9 - Coptic Lectionary - CopticChurch.net",Tout 9,9
2035-09-21,"Readings for Friday, September 21st - Tout 10 - Coptic Lectionary - CopticChurch.net",Tout 10,9
2035-09-22,"Readings for Saturday, September 22nd - Tout 11 - Coptic Lectionary - CopticChurch.net",Tout 11,9
2035-09-23,"Readings for Sunday, September 23rd - The second Sunday of Tout - Coptic Lectionary - CopticChurch.net",The second Sunday of Tout,9
2035-09-24,"Readings for Monday, September 24th - Tout 13 - Coptic Lectionary - CopticChurch.net",Tout 13,9
2035-09-25,"Readings for Tuesday, September 25th - Tout 14 - Coptic Lectionary - CopticChurch.net",Tout 14,9
2035-09-26,"Readings for Wednesday, September 26th - Tout 15 - Coptic Lectionary - CopticChurch.net",Tout 15,9
2035-09-27,"Readings for Thursday, September 27th - Tout 16 - Coptic Lectionary - CopticChurch.net",Tout 16,9
2035-09-28,"Readings for Friday, September 28th - Tout 17 (Feast of the Cross) - Coptic Lectionary - CopticChurch.net",Tout 17 (Feast of the Cross),9
2035-09-29,"Readings for Saturday, September 29th - Tout 18 (Feast of the Cross) - Coptic Lectionary - CopticChurch.net",Tout 18 (Feast of the Cross),9
2035-09-30,"Readings for Sunday, September 30th - Sunday, Tout 19 (Feast of the Cross) - Coptic Lectionary - CopticChurch.net","Sunday, Tout 19 (Feast of the Cross)",9
2035-10-01,"Readings for Monday, October 1st - Tout 20 - Coptic Lectionary - CopticChurch.net",Tout 20,9
2035-10-02,"Readings for Tuesday, October 2nd - Tout 21 - Coptic Lectionary - CopticChurch.net",Tout 21,9
2035-10-03,"Readings for Wednesday, October 3rd - Tout 22 - Coptic Lectionary - CopticChurch.net",Tout 22,9
2035-10-04,"Readings for Thursday, October 4th - Tout 23 - Coptic Lectionary - CopticChurch.net",Tout 23,9
2035-10-05,"Readings for Friday, October 5th - Tout 24 - Coptic Lectionary - CopticChurch.net",Tout 24,9
2035-10-06,"Readings for Saturday, October 6th - Tout 25 - Coptic Lectionary - CopticChurch.net",Tout 25,9
2035-10-07,"Readings for Sunday, October 7th - The fourth Sunday of Tout - Coptic Lectionary - CopticChurch.net",The fourth Sunday of Tout,9
2035-10-08,"Readings for Monday, October 8th - Tout 27 - Coptic Lectionary - CopticChurch.net",Tout 27,9
2035-10-09,"Readings for Tuesday, October 9th - Tout 28 - Coptic Lectionary - CopticChurch.net",Tout 28,9
2035-10-10,"Readings for Wednesday, October 10th - Tout 29 - Coptic Lectionary - CopticChurch.net",Tout 29,9
2035-10-11,"Readings for Thursday, October 11th - Tout 30 - Coptic Lectionary - CopticChurch.net",Tout 30,9
2035-10-12,"Readings for Friday, October 12th - Baba 1 - Coptic Lectionary - CopticChurch.net",Baba 1,9
2035-10-13,"Readings for Saturday, October 13th - Baba 2 - Coptic Lectionary - CopticChurch.net",Baba 2,9
2035-10-14,"Readings for Sunday, October 14th - The first Sunday of Baba - Coptic Lectionary - CopticChurch.net",The first Sunday of Baba,9
2035-10-15,"Readings for Monday, October 15th - Baba 4 - Coptic Lectionary - CopticChurch.net",Baba 4,9
2035-10-16,"Readings for Tuesday, October 16th - Baba 5 - Coptic Lectionary - CopticChurch.net",Baba 5,9
2035-10-17,"Readings for Wednesday, October 17th - Baba 6 - Coptic Lectionary - CopticChurch.net",Baba 6,9
2035-10-18,"Readings for Thursday, October 18th - Baba 7 - Coptic Lectionary - CopticChurch.net",Baba 7,9
2035-10-19,"Readings for Friday, October 19th - Baba 8 - Coptic Lectionary - CopticChurch.net",Baba 8,9
2035-10-20,"Readings for Saturday, October 20th - Baba 9 - Coptic Lectionary - CopticChurch.net",Baba 9,9
2035-10-21,"Readings for Sunday, October 21st - The second Sunday of Baba - Coptic Lectionary - CopticChurch.net",The second Sunday of Baba,9
2035-10-22,"Readings for Monday, October 22nd - Baba 11 - Coptic Lectionary - CopticChurch.net",Baba 11,9
2035-10-23,"Readings for Tuesday, October 23rd - Baba 12 - Coptic Lectionary - CopticChurch.net",Baba 12,9
2035-10-24,"Readings for Wednesday, October 24th - Baba 13 - Coptic Lectionary - CopticChurch.net",Baba 13,9
2035-10-25,"Readings for Thursday, October 25th - Baba 14 - Coptic Lectionary - CopticChurch.net",Baba 14,9
2035-10-26,"Readings for Friday, October 26th - Baba 15 - Coptic Lectionary - CopticChurch.net",Baba 15,9
2035-10-27,"Readings for Saturday, October 27th - Baba 16 - Coptic Lectionary - CopticChurch.net",Baba 16,9
2035-10-28,"Readings for Sunday, October 28th - The third Sunday of Baba - Coptic Lectionary - CopticChurch.net",The third Sunday of Baba,9
2035-10-29,"Readings for Monday, October 29th - Baba 18 - Coptic Lectionary - CopticChurch.net",Baba 18,9
2035-10-30,"Readings for Tuesday, October 30th - Baba 19 - Coptic Lectionary - CopticChurch.net",Baba 19,9
2035-10-31,"Readings for Wednesday, October 31st - Baba 20 - Coptic Lectionary - CopticChurch.net",Baba 20,9
2035-11-01,"Readings for Thursday, November 1st - Baba 21 - Coptic Lectionary - CopticChurch.net",Baba 21,9
2035-11-02,"Readings for Friday, November 2nd - Baba 22 - Coptic Lectionary - CopticChurch.net",Baba 22,9
2035-11-03,"Readings for Saturday, November 3rd - Baba 23 - Coptic Lectionary - CopticChurch.net",Baba 23,9
2035-11-04,"Readings for Sunday, November 4th - The fourth Sunday of Baba - Coptic Lectionary - CopticChurch.net",The fourth Sunday of Baba,9
2035-11-05,"Readings for Monday, November 5th - Baba 25 - Coptic Lectionary - CopticChurch.net",Baba 25,9
2035-11-06,"Readings for Tuesday, November 6th - Baba 26 - Coptic Lectionary - CopticChurch.net",Baba 26,9
2035-11-07,"Readings for Wednesday, November 7th - Baba 27 - Coptic Lectionary - CopticChurch.net",Baba 27,9
2035-11-08,"Readings for Thursday, November 8th - Baba 28 - Coptic Lectionary - CopticChurch.net",Baba 28,9
2035-11-09,"Readings for Friday, November 9th - Baba 29 - Coptic Lectionary - CopticChurch.net",Baba 29,9
2035-11-10,"Readings for Saturday, November 10th - Baba 30 - Coptic Lectionary - CopticChurch.net",Baba 30,9
2035-11-11,"Readings for Sunday, November 11th - The first Sunday of Hator - Coptic Lectionary - CopticChurch.net",The first Sunday of Hator,9
2035-11-12,"Readings for Monday, November 12th - Hator 2 - Coptic Lectionary - CopticChurch.net",Hator 2,9
2035-11-13,"Readings for Tuesday, November 13th - Hator 3 - Coptic Lectionary - CopticChurch.net",Hator 3,9
2035-11-14,"Readings for Wednesday, November 14th - Hator 4 - Coptic Lectionary - CopticChurch.net",Hator 4,9
2035-11-15,"Readings for Thursday, November 15th - Hator 5 - Coptic Lectionary - CopticChurch.net",Hator 5,9
2035-11-16,"Readings for Friday, November 16th - Hator 6 - Coptic Lectionary - CopticChurch.net",Hator 6,9
2035-11-17,"Readings for Saturday, November 17th - Hator 7 - Coptic Lectionary - CopticChurch.net",Hator 7,9
2035-11-18,"Readings for Sunday, November 18th - The second Sunday of Hator - Coptic Lectionary - CopticChurch.net",The second Sunday of Hator,9
2035-11-19,"Readings for Monday, November 19th - Hator 9 - Coptic Lectionary - CopticChurch.net",Hator 9,9
2035-11-20,"Readings for Tuesday, November 20th - Hator 10 - Coptic Lectionary - CopticChurch.net",Hator 10,9
2035-11-21,"Readings for Wednesday, November 21st - Hator 11 - Coptic Lectionary - CopticChurch.net",Hator 11,9
2035-11-22,"Readings for Thursday, November 22nd - Hator 12 - Coptic Lectionary - CopticChurch.net",Hator 12,9
2035-11-23,"Readings for Friday, November 23rd - Hator 13 - Coptic Lectionary - CopticChurch.net",Hator 13,9
2035-11-24,"Readings for Saturday, November 24th - Hator 14 - Coptic Lectionary - CopticChurch.net",Hator 14,9
2035-11-25,"Readings for Sunday, November 25th - The third Sunday of Hator - Coptic Lectionary - CopticChurch.net",The third Sunday of Hator,9
2035-11-26,"Readings for Monday, November 26th - Hator 16 of Christmas Fast - Coptic Lectionary - CopticChurch.net",Hator 16 of Christmas Fast,9
2035-11-27,"Readings for Tuesday, November 27th - Hator 17 - Coptic Lectionary - CopticChurch.net",Hator 17,9
2035-11-28,"Readings for Wednesday, November 28th - Hator 18 - Coptic Lectionary - CopticChurch.net",Hator 18,9
2035-11-29,"Readings for Thursday, November 29th - Hator 19 - Coptic Lectionary - CopticChurch.net",Hator 19,9
2035-11-30,"Readings for Friday, November 30th - Hator 20 - Coptic Lectionary - CopticChurch.net",Hator 20,9
2035-12-01,"Readings for Saturday, December 1st - Hator 21 - Coptic Lectionary - CopticChurch.net",Hator 21,9
2035-12-02,"Readings for Sunday, December 2nd - The fourth Sunday of Hator - Coptic Lectionary - CopticChurch.net",The fourth Sunday of Hator,9
2035-12-03,"Readings for Monday, December 3rd - Hator 23 - Coptic Lectionary - CopticChurch.net",Hator 23,9
2035-12-04,"Readings for Tuesday, December 4th - Hator 24 - Coptic Lectionary - CopticChurch.net",Hator 24,9
2035-12-05,"Readings for Wednesday, December 5th - Hator 25 - Coptic Lectionary - CopticChurch.net",Hator 25,9
2035-12-06,"Readings for Thursday, December 6th - Hator 26 - Coptic Lectionary - CopticChurch.net",Hator 26,9
2035-12-07,"Readings for Friday, December 7th - Hator 27 - Coptic Lectionary - CopticChurch.net",Hator 27,9
2035-12-08,"Readings for Saturday, December 8th - Hator 28 - Coptic Lectionary - CopticChurch.net",Hator 28,9
2035-12-09,"Readings for Sunday, December 9th - The fifth Sunday of Hator (Readings of 29th Baramhat) - Coptic Lectionary - CopticChurch.net",The fifth Sunday of Hator (Readings of 29th Baramhat),9
2035-12-10,"Readings for Monday, December 10th - Hator 30 - Coptic Lectionary - CopticChurch.net",Hator 30,9
2035-12-11,"Readings for Tuesday, December 11th - Kiak 1 - Coptic Lectionary - CopticChurch.net",Kiak 1,9
2035-12-12,"Readings for Wednesday, December 12th - Kiak 2 - Coptic Lectionary - CopticChurch.net",Kiak 2,9
2035-12-13,"Readings for Thursday, December 13th - Kiak 3 - Coptic Lectionary - CopticChurch.net",Kiak 3,9
2035-12-14,"Readings for Friday, December 14th - Kiak 4 - Coptic Lectionary - CopticChurch.net",Kiak 4,9
2035-12-15,"Readings for Saturday, December 15th - Kiak 5 - Coptic Lectionary - CopticChurch.net",Kiak 5,9
2035-12-16,"Readings for Sunday, December 16th - The first Sunday of Kiak - Coptic Lectionary - CopticChurch.net",The first Sunday of Kiak,9
2035-12-17,"Readings for Monday, December 17th - Kiak 7 - Coptic Lectionary - CopticChurch.net",Kiak 7,9
2035-12-18,"Readings for Tuesday, December 18th - Kiak 8 - Coptic Lectionary - CopticChurch.net",Kiak 8,9
2035-12-19,"Readings for Wednesday, December 19th - Kiak 9 - Coptic Lectionary - CopticChurch.net",Kiak 9,9
2035-12-20,"Readings for Thursday, December 20th - Kiak 10 - Coptic Lectionary - CopticChurch.net",Kiak 10,9
2035-12-21,"Readings for Friday, December 21st - Kiak 11 - Coptic Lectionary - CopticChurch.net",Kiak 11,9
2035-12-22,"Readings for Saturday, December 22nd - Kiak 12 - Coptic Lectionary - CopticChurch.net",Kiak 12,9
2035-12-23,"Readings for Sunday, December 23rd - The second Sunday of Kiak - Coptic Lectionary - CopticChurch.net",The second Sunday of Kiak,9
2035-12-24,"Readings for Monday, December 24th - Kiak 14 - Coptic Lectionary - CopticChurch.net",Kiak 14,9
2035-12-25,"Readings for Tuesday, December 25th - Kiak 15 - Coptic Lectionary - CopticChurch.net",Kiak 15,9
2035-12-26,"Readings for Wednesday, December 26th - Kiak 16 - Coptic Lectionary - CopticChurch.net",Kiak 16,9
2035-12-27,"Readings for Thursday, December 27th - Kiak 17 - Coptic Lectionary - CopticChurch.net",Kiak 17,9
2035-12-28,"Readings for Friday, December 28th - Kiak 18 - Coptic Lectionary - CopticChurch.net",Kiak 18,9
2035-12-29,"Readings for Saturday, December 29th - Kiak 19 - Coptic Lectionary - CopticChurch.net",Kiak 19,9
2035-12-30,"Readings for Sunday, December 30th - The third Sunday of Kiak - Coptic Lectionary - CopticChurch.net",The third Sunday of Kiak,9
2035-12-31,"Readings for Monday, December 31st - Kiak 21 - Coptic Lectionary - CopticChurch.net",Kiak 21,9
