gregorian_date,day_title,service_section,reading_type,raw_ref,repaired_ref,source_ref_status,normalization_warning,url
2020-01-05,The fourth Sunday of Kiak,Liturgy,Catholic Epistle,1Jn 2:24-33,1Jn 2:24-3:3,source_corrected,source_corrected_from_coptic_reader_web_app_3.7; evidence=sources/coptic-reader/remaining-2026-09-07/2026-01-04-liturgy-catholic-epistle.txt; verified_date=2026-01-04,https://copticchurch.net/readings?g_year=2020&g_month=01&g_day=05
2020-01-05,The fourth Sunday of Kiak,Matins,Psalm,Psalm 95:10-12,Ps 96:11-13,source_corrected,source_corrected_from_coptic_reader_text_aligned_to_nkjv; evidence=sources/coptic-reader/remaining-2026-09-07/2026-01-04-matins-.txt; verified_date=2026-01-04,https://copticchurch.net/readings?g_year=2020&g_month=01&g_day=05
2020-01-30,Toba 21,Vespers,Gospel,Lk 10:38-52,Lk 10:38-42,source_corrected,source_corrected_from_coptic_reader_web_app_3.7; evidence=sources/coptic-reader/remaining-2026-09-07/2024-01-30-vespers-.txt; verified_date=2024-01-30,https://copticchurch.net/readings?g_year=2020&g_month=01&g_day=30
2020-02-10,Fast of Nineveh,Liturgy,Gospel,Matt 9:33 - 41,Matt 12:35-45,source_corrected,source_corrected_from_coptic_reader_web_app_3.7; evidence=sources/coptic-reader/coptic-reader-live-2026-09-07/2020-02-10-gospel.txt; verified_date=2020-02-10,https://copticchurch.net/readings?g_year=2020&g_month=02&g_day=10
2020-02-24,Great Lent,Vespers,Gospel,Mk 14:-3-9,Mk 14:3-9,repaired,repaired_negative_verse_marker,https://copticchurch.net/readings?g_year=2020&g_month=02&g_day=24
2020-02-26,Wednesday of the first week of Great Lent,Liturgy,Psalm,Psalm 24:20  &  Psalm 24:16,Ps 25:20; Ps 25:16,source_corrected,source_corrected_from_coptic_reader_text_aligned_to_nkjv; evidence=sources/coptic-reader/remaining-2026-09-07/2026-02-18-liturgy-psalm-and-gospel.txt; verified_date=2026-02-18,https://copticchurch.net/readings?g_year=2020&g_month=02&g_day=26
2020-02-27,Thursday of the first week of Great Lent,Liturgy,Psalm,Psalm 117:14  &  Psalm 117:18,Ps 118:14; Ps 118:18,source_corrected,source_corrected_from_coptic_reader_text_aligned_to_nkjv; evidence=sources/coptic-reader/remaining-2026-09-07/2026-02-19-liturgy-psalm-and-gospel.txt; verified_date=2026-02-19,https://copticchurch.net/readings?g_year=2020&g_month=02&g_day=27
2020-03-02,Monday of the second week of Great Lent,Matins,Prophecy,Exodus 3:6-14,Exod 3:6-14,source_supplement,verified recurring context; evidence=sources/coptic-reader/lent-qualified-2026-10-07/2026-02-23/Prophecies.txt; verified_date=2026-02-23; captured_at=2026-10-07T17:14:31.612Z,https://copticreader.org/app/
2020-03-02,Monday of the second week of Great Lent,Matins,Prophecy,Isaiah 4:2-5:7,Isa 4:2-5:7,source_supplement,verified recurring context; evidence=sources/coptic-reader/lent-qualified-2026-10-07/2026-02-23/Prophecies.txt; verified_date=2026-02-23; captured_at=2026-10-07T17:14:31.612Z,https://copticreader.org/app/
2020-03-03,Tuesday of the second week of Great Lent,Matins,Prophecy,Job 19:1-27,Job 19:1-27,source_supplement,verified recurring context; evidence=sources/coptic-reader/lent-qualified-2026-10-07/2026-02-24/Prophecies.txt; verified_date=2026-02-24; captured_at=2026-10-07T17:15:23.623Z,https://copticreader.org/app/
2020-03-03,Tuesday of the second week of Great Lent,Matins,Prophecy,Isaiah 5:7-16,Isa 5:7-16,source_supplement,verified recurring context; evidence=sources/coptic-reader/lent-qualified-2026-10-07/2026-02-24/Prophecies.txt; verified_date=2026-02-24; captured_at=2026-10-07T17:15:23.623Z,https://copticreader.org/app/
2020-03-04,Wednesday of the second week of Great Lent,Matins,Prophecy,Exodus 2:11-20,Exod 2:11-20,source_supplement,verified recurring context; evidence=sources/coptic-reader/lent-qualified-2026-10-07/2026-02-25/Prophecies.txt; verified_date=2026-02-25; captured_at=2026-10-07T17:15:58.396Z,https://copticreader.org/app/
2020-03-04,Wednesday of the second week of Great Lent,Matins,Prophecy,Isaiah 5:17-25,Isa 5:17-25,source_supplement,verified recurring context; evidence=sources/coptic-reader/lent-qualified-2026-10-07/2026-02-25/Prophecies.txt; verified_date=2026-02-25; captured_at=2026-10-07T17:15:58.396Z,https://copticreader.org/app/
2020-03-05,Thursday of the second week of Great Lent,Matins,Prophecy,Deuteronomy 5:15-22,Deut 5:15-22,source_supplement,verified recurring context; evidence=sources/coptic-reader/lent-qualified-2026-10-07/2026-02-26/Prophecies.txt; verified_date=2026-02-26; captured_at=2026-10-07T17:16:36.181Z,https://copticreader.org/app/
2020-03-05,Thursday of the second week of Great Lent,Matins,Prophecy,Isaiah 6:1-12,Isa 6:1-12,source_supplement,verified recurring context; evidence=sources/coptic-reader/lent-qualified-2026-10-07/2026-02-26/Prophecies.txt; verified_date=2026-02-26; captured_at=2026-10-07T17:16:36.181Z,https://copticreader.org/app/
2020-03-06,Friday of the second week of Great Lent,Matins,Prophecy,Deuteronomy 8:1-9:4,Deut 8:1-9:4,source_supplement,verified recurring context; evidence=sources/coptic-reader/lent-qualified-2026-10-07/2026-02-27/Prophecies.txt; verified_date=2026-02-27; captured_at=2026-10-07T17:17:03.024Z,https://copticreader.org/app/
2020-03-06,Friday of the second week of Great Lent,Matins,Prophecy,1 Samuel 17:1-18:4,1Sam 17:1-18:4,source_supplement,verified recurring context; evidence=sources/coptic-reader/lent-qualified-2026-10-07/2026-02-27/Prophecies.txt; verified_date=2026-02-27; captured_at=2026-10-07T17:17:03.024Z,https://copticreader.org/app/
2020-03-06,Friday of the second week of Great Lent,Matins,Prophecy,Isaiah 7:1-14,Isa 7:1-14,source_supplement,verified recurring context; evidence=sources/coptic-reader/lent-qualified-2026-10-07/2026-02-27/Prophecies.txt; verified_date=2026-02-27; captured_at=2026-10-07T17:17:03.024Z,https://copticreader.org/app/
2020-03-06,Friday of the second week of Great Lent,Matins,Prophecy,Job 11:1-20,Job 11:1-20,source_supplement,verified recurring context; evidence=sources/coptic-reader/lent-qualified-2026-10-07/2026-02-27/Prophecies.txt; verified_date=2026-02-27; captured_at=2026-10-07T17:17:03.024Z,https://copticreader.org/app/
2020-03-09,Monday of the third week of Great Lent,Matins,Prophecy,Proverbs 1:20-33,Prov 1:20-33,source_supplement,verified recurring context; evidence=sources/coptic-reader/lent-qualified-2026-10-07/2026-03-02/Prophecies.txt; verified_date=2026-03-02; captured_at=2026-10-07T17:17:19.039Z,https://copticreader.org/app/
2020-03-09,Monday of the third week of Great Lent,Matins,Prophecy,Isaiah 8:13-9:7,Isa 8:13-9:7,source_supplement,verified recurring context; evidence=sources/coptic-reader/lent-qualified-2026-10-07/2026-03-02/Prophecies.txt; verified_date=2026-03-02; captured_at=2026-10-07T17:17:19.039Z,https://copticreader.org/app/
2020-03-10,Tuesday of the third week of Great Lent,Matins,Prophecy,Proverbs 2:1-15,Prov 2:1-15,source_supplement,verified recurring context; evidence=sources/coptic-reader/lent-qualified-2026-10-07/2026-03-03/Prophecies.txt; verified_date=2026-03-03; captured_at=2026-10-07T17:17:34.270Z,https://copticreader.org/app/
2020-03-10,Tuesday of the third week of Great Lent,Matins,Prophecy,Isaiah 10:12-20,Isa 10:12-20,source_supplement,verified recurring context; evidence=sources/coptic-reader/lent-qualified-2026-10-07/2026-03-03/Prophecies.txt; verified_date=2026-03-03; captured_at=2026-10-07T17:17:34.270Z,https://copticreader.org/app/
2020-03-11,Wednesday of the third week of Great Lent,Matins,Prophecy,Exodus 4:19-6:13,Exod 4:19-6:13,source_supplement,verified recurring context; evidence=sources/coptic-reader/lent-week3-wednesday-2026-10-07/coptic-reader-2026-03-04-matins-prophecies.txt; verified_date=2026-03-04; captured_at=2026-10-07,https://copticreader.org/app/
2020-03-11,Wednesday of the third week of Great Lent,Matins,Prophecy,Joel 2:21-27,Joel 2:21-27,source_supplement,verified recurring context; evidence=sources/coptic-reader/lent-week3-wednesday-2026-10-07/coptic-reader-2026-03-04-matins-prophecies.txt; verified_date=2026-03-04; captured_at=2026-10-07,https://copticreader.org/app/
2020-03-11,Wednesday of the third week of Great Lent,Matins,Prophecy,Isaiah 9:9-10:4,Isa 9:9-10:4,source_supplement,verified recurring context; evidence=sources/coptic-reader/lent-week3-wednesday-2026-10-07/coptic-reader-2026-03-04-matins-prophecies.txt; verified_date=2026-03-04; captured_at=2026-10-07,https://copticreader.org/app/
2020-03-11,Wednesday of the third week of Great Lent,Matins,Prophecy,Job 12:1-14:22,Job 12:1-14:22,source_supplement,verified recurring context; evidence=sources/coptic-reader/lent-week3-wednesday-2026-10-07/coptic-reader-2026-03-04-matins-prophecies.txt; verified_date=2026-03-04; captured_at=2026-10-07,https://copticreader.org/app/
2020-03-12,Thursday of the third week of Great Lent,Matins,Prophecy,Genesis 18:17-19:29,Gen 18:17-19:29,source_supplement,verified recurring context; evidence=sources/coptic-reader/lent-qualified-2026-10-07/2026-03-05/Prophecies.txt; verified_date=2026-03-05; captured_at=2026-10-07T17:17:49.562Z,https://copticreader.org/app/
2020-03-12,Thursday of the third week of Great Lent,Matins,Prophecy,Proverbs 2:16-3:4,Prov 2:16-3:4,source_supplement,verified recurring context; evidence=sources/coptic-reader/lent-qualified-2026-10-07/2026-03-05/Prophecies.txt; verified_date=2026-03-05; captured_at=2026-10-07T17:17:49.562Z,https://copticreader.org/app/
2020-03-12,Thursday of the third week of Great Lent,Matins,Prophecy,Isaiah 11:10-12:2,Isa 11:10-12:2,source_supplement,verified recurring context; evidence=sources/coptic-reader/lent-qualified-2026-10-07/2026-03-05/Prophecies.txt; verified_date=2026-03-05; captured_at=2026-10-07T17:17:49.562Z,https://copticreader.org/app/
2020-03-16,Monday of the fourth week of Great Lent,Matins,Prophecy,Genesis 27:1-41,Gen 27:1-41,source_supplement,verified recurring context; evidence=sources/coptic-reader/lent-qualified-2026-10-07/2026-03-09/Prophecies.txt; verified_date=2026-03-09; captured_at=2026-10-07T17:24:38.921Z,https://copticreader.org/app/
2020-03-16,Monday of the fourth week of Great Lent,Matins,Prophecy,Isaiah 14:24-32,Isa 14:24-32,source_supplement,verified recurring context; evidence=sources/coptic-reader/lent-qualified-2026-10-07/2026-03-09/Prophecies.txt; verified_date=2026-03-09; captured_at=2026-10-07T17:24:38.921Z,https://copticreader.org/app/
2020-03-16,Monday of the fourth week of Great Lent,Matins,Prophecy,Job 16:1-17:16,Job 16:1-17:16,source_supplement,verified recurring context; evidence=sources/coptic-reader/lent-qualified-2026-10-07/2026-03-09/Prophecies.txt; verified_date=2026-03-09; captured_at=2026-10-07T17:24:38.921Z,https://copticreader.org/app/
2020-03-18,Wednesday of the fourth week of Great Lent,Liturgy,Pauline Epistle,Ephesians 4:17-33,Eph 4:17-32,source_corrected,source_corrected_from_coptic_reader_web_app_3.7; evidence=sources/coptic-reader/remaining-2026-09-07/2026-03-11-liturgy-pauline-epistle.txt; verified_date=2026-03-11,https://copticchurch.net/readings?g_year=2020&g_month=03&g_day=18
2020-03-18,Wednesday of the fourth week of Great Lent,Matins,Prophecy,Exodus 7:14-8:19,Exod 7:14-8:19,source_supplement,verified recurring context; evidence=sources/coptic-reader/lent-qualified-2026-10-07/2026-03-11/Prophecies.txt; verified_date=2026-03-11; captured_at=2026-10-07T17:25:31.767Z,https://copticreader.org/app/
2020-03-18,Wednesday of the fourth week of Great Lent,Matins,Prophecy,Joel 2:28-32,Joel 2:28-32,source_supplement,verified recurring context; evidence=sources/coptic-reader/lent-qualified-2026-10-07/2026-03-11/Prophecies.txt; verified_date=2026-03-11; captured_at=2026-10-07T17:25:31.767Z,https://copticreader.org/app/
2020-03-18,Wednesday of the fourth week of Great Lent,Matins,Prophecy,Job 1:1-22,Job 1:1-22,source_supplement,verified recurring context; evidence=sources/coptic-reader/lent-qualified-2026-10-07/2026-03-11/Prophecies.txt; verified_date=2026-03-11; captured_at=2026-10-07T17:25:31.767Z,https://copticreader.org/app/
2020-03-18,Wednesday of the fourth week of Great Lent,Matins,Prophecy,Isaiah 26:21-27:9,Isa 26:21-27:9,source_supplement,verified recurring context; evidence=sources/coptic-reader/lent-qualified-2026-10-07/2026-03-11/Prophecies.txt; verified_date=2026-03-11; captured_at=2026-10-07T17:25:31.767Z,https://copticreader.org/app/
2020-03-21,Saturday of the fourth week of Great Lent,Liturgy,Psalm,Psalm 61:1  &  Psalm 610:5,"Psalm 61:1,5",source_corrected,"source_corrected_from_katameros_api_2026_06_18; live API returned Ps 61:1,5",https://copticchurch.net/readings?g_year=2020&g_month=03&g_day=21
2020-03-22,Sunday of the fourth week of Great Lent,Matins,Psalm,Psalm 31:24  &  Psalm 31:33,Ps 31:24; Ps 31:23,source_corrected,source_corrected_from_coptic_reader_text_aligned_to_nkjv; evidence=sources/coptic-reader/remaining-2026-09-07/2026-03-15-matins-.txt; verified_date=2026-03-15,https://copticchurch.net/readings?g_year=2020&g_month=03&g_day=22
2020-03-23,Monday of the fifth week of Great Lent,Matins,Prophecy,Proverbs 3:5-18,Prov 3:5-18,source_supplement,verified recurring context; evidence=sources/coptic-reader/lent-qualified-2026-10-07/2026-03-16/Prophecies.txt; verified_date=2026-03-16; captured_at=2026-10-07T17:26:21.295Z,https://copticreader.org/app/
2020-03-23,Monday of the fifth week of Great Lent,Matins,Prophecy,Isaiah 37:33-38:6,Isa 37:33-38:6,source_supplement,verified recurring context; evidence=sources/coptic-reader/lent-qualified-2026-10-07/2026-03-16/Prophecies.txt; verified_date=2026-03-16; captured_at=2026-10-07T17:26:21.295Z,https://copticreader.org/app/
2020-03-23,Monday of the fifth week of Great Lent,Matins,Prophecy,Job 22:1-30,Job 22:1-30,source_supplement,verified recurring context; evidence=sources/coptic-reader/lent-qualified-2026-10-07/2026-03-16/Prophecies.txt; verified_date=2026-03-16; captured_at=2026-10-07T17:26:21.295Z,https://copticreader.org/app/
2020-03-24,Tuesday of the fifth week of Great Lent,Matins,Prophecy,Numbers 10:35-11:35,Num 10:35-11:35,source_supplement,verified recurring context; evidence=sources/coptic-reader/lent-qualified-2026-10-07/2026-03-17/Prophecies.txt; verified_date=2026-03-17; captured_at=2026-10-07T17:26:23.098Z,https://copticreader.org/app/
2020-03-24,Tuesday of the fifth week of Great Lent,Matins,Prophecy,Proverbs 3:19-4:9,Prov 3:19-4:9,source_supplement,verified recurring context; evidence=sources/coptic-reader/lent-qualified-2026-10-07/2026-03-17/Prophecies.txt; verified_date=2026-03-17; captured_at=2026-10-07T17:26:23.098Z,https://copticreader.org/app/
2020-03-24,Tuesday of the fifth week of Great Lent,Matins,Prophecy,Isaiah 40:1-8,Isa 40:1-8,source_supplement,verified recurring context; evidence=sources/coptic-reader/lent-qualified-2026-10-07/2026-03-17/Prophecies.txt; verified_date=2026-03-17; captured_at=2026-10-07T17:26:23.098Z,https://copticreader.org/app/
2020-03-24,Tuesday of the fifth week of Great Lent,Matins,Prophecy,Job 25:1-6,Job 25:1-6,source_supplement,verified recurring context; evidence=sources/coptic-reader/lent-qualified-2026-10-07/2026-03-17/Prophecies.txt; verified_date=2026-03-17; captured_at=2026-10-07T17:26:23.098Z,https://copticreader.org/app/
2020-03-24,Tuesday of the fifth week of Great Lent,Matins,Prophecy,Job 26:1-14,Job 26:1-14,source_supplement,verified recurring context; evidence=sources/coptic-reader/lent-qualified-2026-10-07/2026-03-17/Prophecies.txt; verified_date=2026-03-17; captured_at=2026-10-07T17:26:23.098Z,https://copticreader.org/app/
2020-03-29,Sunday of the fifth week of Great Lent,Matins,Psalm,Psalm 101:1  &  Psalm 101:2  &  Psalm 101:12,Ps 102:1-2; Ps 102:12,source_corrected,source_corrected_from_coptic_reader_text_aligned_to_nkjv; evidence=sources/coptic-reader/remaining-2026-09-07/2026-03-22-matins-.txt; verified_date=2026-03-22,https://copticchurch.net/readings?g_year=2020&g_month=03&g_day=29
2020-07-11,Abib 4,Vespers,Psalm,Psalm 68:65  &  Psalm 68:3,Ps 68:35; Ps 68:3,source_corrected,source_corrected_from_coptic_reader_text_aligned_to_nkjv; evidence=sources/coptic-reader/remaining-2026-09-07/2023-07-11-vespers-.txt; verified_date=2023-07-11,https://copticchurch.net/readings?g_year=2020&g_month=07&g_day=11
2020-07-14,Abib 7,Liturgy,Gospel,Matt 9:33 - 41,Mark 9:33-41,source_corrected,source_corrected_from_coptic_reader_web_app_3.7; evidence=sources/coptic-reader/coptic-reader-live-2026-09-07/2023-07-14-gospel.txt; verified_date=2023-07-14,https://copticchurch.net/readings?g_year=2020&g_month=07&g_day=14
2020-07-28,Abib 21,Matins,Gospel,Mk 19:9-13,Mark 13:9-13,source_corrected,source_corrected_from_katameros_api_2026_06_18; live API returned Mark 13:9-13,https://copticchurch.net/readings?g_year=2020&g_month=07&g_day=28
2020-07-31,Abib 24,Vespers,Psalm,Psalm 68:65  &  Psalm 68:3,Ps 68:35; Ps 68:3,source_corrected,source_corrected_from_coptic_reader_text_aligned_to_nkjv; evidence=sources/coptic-reader/remaining-2026-09-07/2023-07-31-vespers-.txt; verified_date=2023-07-31,https://copticchurch.net/readings?g_year=2020&g_month=07&g_day=31
2020-08-07,St Mary's Fast,Vespers,Psalm,Psalm 68:65  &  Psalm 68:3,Ps 68:35; Ps 68:3,source_corrected,source_corrected_from_coptic_reader_text_aligned_to_nkjv; evidence=sources/coptic-reader/remaining-2026-09-07/2023-08-07-vespers-.txt; verified_date=2023-08-07,https://copticchurch.net/readings?g_year=2020&g_month=08&g_day=07
2020-08-11,Mesra 5,Liturgy,Gospel,Matt 3:23—  &  Matt 5:1-16,Matt 4:23-5:16,source_corrected,source_corrected_from_coptic_reader_web_app_3.7; evidence=sources/coptic-reader/remaining-2026-09-07/2023-08-11-liturgy-psalm-and-gospel.txt; verified_date=2023-08-11,https://copticchurch.net/readings?g_year=2020&g_month=08&g_day=11
2020-08-13,Mesra 7,Vespers,Gospel,Mk 14:-39,Mk 14:39,repaired,repaired_negative_verse_marker,https://copticchurch.net/readings?g_year=2020&g_month=08&g_day=13
2020-08-15,Mesra 9,Vespers,Psalm,Psalm 68:65  &  Psalm 68:3,Ps 68:35; Ps 68:3,source_corrected,source_corrected_from_coptic_reader_text_aligned_to_nkjv; evidence=sources/coptic-reader/remaining-2026-09-07/2023-08-15-vespers-.txt; verified_date=2023-08-15,https://copticchurch.net/readings?g_year=2020&g_month=08&g_day=15
2020-08-22,Mesra 16 (St Mary's Feast),Vespers,Gospel,Lk 10:38-52,Lk 10:38-42,source_corrected,source_corrected_from_coptic_reader_web_app_3.7; evidence=sources/coptic-reader/remaining-2026-09-07/2023-08-22-vespers-.txt; verified_date=2023-08-22,https://copticchurch.net/readings?g_year=2020&g_month=08&g_day=22
2020-08-25,Mesra 19,Liturgy,Catholic Epistle,Jm 1:1-12,James 1:12-21,source_corrected,source_corrected_from_george_user-supplied_correction; evidence=sources/user-corrections/mesra-19-james.json,https://copticchurch.net/readings?g_year=2020&g_month=08&g_day=25
2020-08-29,Mesra 23,Liturgy,Pauline Epistle,Rom 8:28:39,Rom 8:28-39,source_corrected,source_corrected_from_katameros_api_2026_06_18; live API returned Rom 8:28-39,https://copticchurch.net/readings?g_year=2020&g_month=08&g_day=29
2020-08-31,Mesra 25,Liturgy,Acts of the Apostles,Acts 18:24—  &  Acts 9:1-6,Acts 18:24-28; Acts 19:1-6,source_corrected,source_corrected_from_katameros_api_2026_06_18; live API returned Acts 18:24-28 and Acts 19:1-6,https://copticchurch.net/readings?g_year=2020&g_month=08&g_day=31
2020-09-01,Mesra 26,Liturgy,Pauline Epistle,Rom 7:14-27,Rom 8:14-27,source_corrected,source_corrected_from_coptic_reader_web_app_3.7; evidence=sources/coptic-reader/remaining-2026-09-07/2023-09-01-liturgy-pauline-epistle.txt; verified_date=2023-09-01,https://copticchurch.net/readings?g_year=2020&g_month=09&g_day=01
2020-09-02,Mesra 27,Liturgy,Pauline Epistle,Rom 8:28:39,Rom 8:28-39,source_corrected,source_corrected_from_katameros_api_2026_06_18; live API returned Rom 8:28-39,https://copticchurch.net/readings?g_year=2020&g_month=09&g_day=02
2020-09-04,Mesra 29,Liturgy,Acts of the Apostles,Acts 5:34:42,Acts 5:34-42,source_corrected,source_corrected_from_katameros_api_2026_06_18; live API returned Acts 5:34-42,https://copticchurch.net/readings?g_year=2020&g_month=09&g_day=04
2020-09-09,Nasie 4,Vespers,Psalm,Psalm 68:65  &  Psalm 68:3,Ps 68:35; Ps 68:3,source_corrected,source_corrected_from_coptic_reader_text_aligned_to_nkjv; evidence=sources/coptic-reader/remaining-2026-09-07/2023-09-09-vespers-.txt; verified_date=2023-09-09,https://copticchurch.net/readings?g_year=2020&g_month=09&g_day=09
2020-09-13,The first Sunday of Tout,Liturgy,Pauline Epistle,1Tim 1:12-27,1Tim 1:12-19,source_corrected,source_corrected_from_coptic_reader_web_app_3.7; evidence=sources/coptic-reader/coptic-reader-live-2026-09-07/2023-09-17-pauline.txt; verified_date=2023-09-17,https://copticchurch.net/readings?g_year=2020&g_month=09&g_day=13
2020-09-13,The first Sunday of Tout,Liturgy,Psalm,Psalm 31:26  &  Psalm 31:19,Ps 31:23; Ps 31:19,source_corrected,source_corrected_from_coptic_reader_text_aligned_to_nkjv; evidence=sources/coptic-reader/remaining-2026-09-07/2023-09-17-liturgy-psalm-and-gospel.txt; verified_date=2023-09-17,https://copticchurch.net/readings?g_year=2020&g_month=09&g_day=13
2020-10-01,Tout 21,Liturgy,Catholic Epistle,Jn 2:7-11,1Jn 2:7-11,source_corrected,source_corrected; verified 1 John 2:7-11 at https://api.katameros.app/readings/gregorian/01-10-2026?languageId=2,https://copticchurch.net/readings?g_year=2020&g_month=10&g_day=01
2020-10-03,Tout 23,Liturgy,Catholic Epistle,Jn 2:7-11,1Jn 2:7-11,source_corrected,source_corrected; verified 1 John 2:7-11 at https://api.katameros.app/readings/gregorian/01-10-2026?languageId=2,https://copticchurch.net/readings?g_year=2020&g_month=10&g_day=03
2020-12-12,Kiak 3,Vespers,Gospel,Lk 10:38-52,Lk 10:38-42,source_corrected,source_corrected_from_coptic_reader_web_app_3.7; evidence=sources/coptic-reader/remaining-2026-09-07/2022-12-12-vespers-.txt; verified_date=2022-12-12,https://copticchurch.net/readings?g_year=2020&g_month=12&g_day=12
2021-01-03,The fourth Sunday of Kiak,Liturgy,Catholic Epistle,1Jn 2:24-33,1Jn 2:24-3:3,source_corrected,source_corrected_from_coptic_reader_web_app_3.7; evidence=sources/coptic-reader/remaining-2026-09-07/2026-01-04-liturgy-catholic-epistle.txt; verified_date=2026-01-04,https://copticchurch.net/readings?g_year=2021&g_month=01&g_day=03
2021-01-03,The fourth Sunday of Kiak,Matins,Psalm,Psalm 95:10-12,Ps 96:11-13,source_corrected,source_corrected_from_coptic_reader_text_aligned_to_nkjv; evidence=sources/coptic-reader/remaining-2026-09-07/2026-01-04-matins-.txt; verified_date=2026-01-04,https://copticchurch.net/readings?g_year=2021&g_month=01&g_day=03
2021-01-29,Toba 21,Vespers,Gospel,Lk 10:38-52,Lk 10:38-42,source_corrected,source_corrected_from_coptic_reader_web_app_3.7; evidence=sources/coptic-reader/remaining-2026-09-07/2024-01-30-vespers-.txt; verified_date=2024-01-30,https://copticchurch.net/readings?g_year=2021&g_month=01&g_day=29
2021-02-07,First Sunday of Meshir,Vespers,Psalm,"19.82:8,6","Ps 82:8,6",sunday_policy_overlay,Source-qualified Sunday selection SundayReadings:21; numeric_coptic=5/30; verified_date=context-only/publisher-policy; Psalm MT/LXX verse alignment HELD; existing numeric source coordinates retained,https://copticreader.org/app/
2021-02-07,First Sunday of Meshir,Vespers,Gospel,43.6:15-21,Jn 6:15-21,sunday_policy_overlay,Source-qualified Sunday selection SundayReadings:21; numeric_coptic=5/30; verified_date=context-only/publisher-policy; ,https://copticreader.org/app/
2021-02-07,First Sunday of Meshir,Matins,Psalm,"19.119:105,73","Ps 119:105,73",sunday_policy_overlay,Source-qualified Sunday selection SundayReadings:21; numeric_coptic=5/30; verified_date=context-only/publisher-policy; Psalm MT/LXX verse alignment HELD; existing numeric source coordinates retained,https://copticreader.org/app/
2021-02-07,First Sunday of Meshir,Matins,Gospel,43.8:51-59,Jn 8:51-59,sunday_policy_overlay,Source-qualified Sunday selection SundayReadings:21; numeric_coptic=5/30; verified_date=context-only/publisher-policy; ,https://copticreader.org/app/
2021-02-07,First Sunday of Meshir,Liturgy,Pauline Epistle,46.5:11-13*@+46.6:1-11,1Cor 5:11-13; 1Cor 6:1-11,sunday_policy_overlay,Source-qualified Sunday selection SundayReadings:21; numeric_coptic=5/30; verified_date=context-only/publisher-policy; ,https://copticreader.org/app/
2021-02-07,First Sunday of Meshir,Liturgy,Catholic Epistle,61.3:14-18,2Pet 3:14-18,sunday_policy_overlay,Source-qualified Sunday selection SundayReadings:21; numeric_coptic=5/30; verified_date=context-only/publisher-policy; ,https://copticreader.org/app/
2021-02-07,First Sunday of Meshir,Liturgy,Acts of the Apostles,44.9:3-9,Acts 9:3-9,sunday_policy_overlay,Source-qualified Sunday selection SundayReadings:21; numeric_coptic=5/30; verified_date=context-only/publisher-policy; ,https://copticreader.org/app/
2021-02-07,First Sunday of Meshir,Liturgy,Psalm,"19.96:6,4","Ps 96:6,4",sunday_policy_overlay,Source-qualified Sunday selection SundayReadings:21; numeric_coptic=5/30; verified_date=context-only/publisher-policy; Psalm MT/LXX verse alignment HELD; existing numeric source coordinates retained,https://copticreader.org/app/
2021-02-07,First Sunday of Meshir,Liturgy,Gospel,43.6:22-27,Jn 6:22-27,sunday_policy_overlay,Source-qualified Sunday selection SundayReadings:21; numeric_coptic=5/30; verified_date=context-only/publisher-policy; ,https://copticreader.org/app/
2021-02-09,Amshir 2,Liturgy,Gospel,Matt 9:33 - 41,Mark 9:33-41,source_corrected,source_corrected_from_coptic_reader_web_app_3.7; evidence=sources/coptic-reader/coptic-reader-live-2026-09-07/2024-02-10-gospel.txt; verified_date=2024-02-10,https://copticchurch.net/readings?g_year=2021&g_month=02&g_day=09
2021-02-14,Second Sunday of Meshir,Vespers,Psalm,19.15:1-2,Ps 15:1-2,sunday_policy_overlay,Source-qualified Sunday selection SundayReadings:22; numeric_coptic=6/7; verified_date=context-only/publisher-policy; Psalm MT/LXX verse alignment HELD; existing numeric source coordinates retained,https://copticreader.org/app/
2021-02-14,Second Sunday of Meshir,Vespers,Gospel,43.4:46-53,Jn 4:46-53,sunday_policy_overlay,Source-qualified Sunday selection SundayReadings:22; numeric_coptic=6/7; verified_date=context-only/publisher-policy; ,https://copticreader.org/app/
2021-02-14,Second Sunday of Meshir,Matins,Psalm,19.24:3-4,Ps 24:3-4,sunday_policy_overlay,Source-qualified Sunday selection SundayReadings:22; numeric_coptic=6/7; verified_date=context-only/publisher-policy; Psalm MT/LXX verse alignment HELD; existing numeric source coordinates retained,https://copticreader.org/app/
2021-02-14,Second Sunday of Meshir,Matins,Gospel,43.3:17-21,Jn 3:17-21,sunday_policy_overlay,Source-qualified Sunday selection SundayReadings:22; numeric_coptic=6/7; verified_date=context-only/publisher-policy; ,https://copticreader.org/app/
2021-02-14,Second Sunday of Meshir,Liturgy,Pauline Epistle,58.7:1-17,Heb 7:1-17,sunday_policy_overlay,Source-qualified Sunday selection SundayReadings:22; numeric_coptic=6/7; verified_date=context-only/publisher-policy; ,https://copticreader.org/app/
2021-02-14,Second Sunday of Meshir,Liturgy,Catholic Epistle,63.1:1-13,2Jn 1:1-13,sunday_policy_overlay,Source-qualified Sunday selection SundayReadings:22; numeric_coptic=6/7; verified_date=context-only/publisher-policy; ,https://copticreader.org/app/
2021-02-14,Second Sunday of Meshir,Liturgy,Acts of the Apostles,44.18:9-21,Acts 18:9-21,sunday_policy_overlay,Source-qualified Sunday selection SundayReadings:22; numeric_coptic=6/7; verified_date=context-only/publisher-policy; ,https://copticreader.org/app/
2021-02-14,Second Sunday of Meshir,Liturgy,Psalm,19.96:7-8,Ps 96:7-8,sunday_policy_overlay,Source-qualified Sunday selection SundayReadings:22; numeric_coptic=6/7; verified_date=context-only/publisher-policy; Psalm MT/LXX verse alignment HELD; existing numeric source coordinates retained,https://copticreader.org/app/
2021-02-14,Second Sunday of Meshir,Liturgy,Gospel,43.6:5-14,Jn 6:5-14,sunday_policy_overlay,Source-qualified Sunday selection SundayReadings:22; numeric_coptic=6/7; verified_date=context-only/publisher-policy; ,https://copticreader.org/app/
2021-02-21,Third Sunday of Meshir,Vespers,Psalm,"19.17:15,3","Ps 17:15,3",sunday_policy_overlay,Source-qualified Sunday selection SundayReadings:23; numeric_coptic=6/14; verified_date=2027-02-21; Psalm MT/LXX verse alignment HELD; existing numeric source coordinates retained,https://copticreader.org/app/
2021-02-21,Third Sunday of Meshir,Vespers,Gospel,John 5:39-47,Jn 5:39-47,sunday_policy_overlay,Source-qualified Sunday selection SundayReadings:23; numeric_coptic=6/14; verified_date=2027-02-21; ,https://copticreader.org/app/
2021-02-21,Third Sunday of Meshir,Matins,Psalm,"19.89:52,49","Ps 89:52,49",sunday_policy_overlay,Source-qualified Sunday selection SundayReadings:23; numeric_coptic=6/14; verified_date=2027-02-21; Psalm MT/LXX verse alignment HELD; existing numeric source coordinates retained,https://copticreader.org/app/
2021-02-21,Third Sunday of Meshir,Matins,Gospel,John 12:44-50,Jn 12:44-50,sunday_policy_overlay,Source-qualified Sunday selection SundayReadings:23; numeric_coptic=6/14; verified_date=2027-02-21; ,https://copticreader.org/app/
2021-02-21,Third Sunday of Meshir,Liturgy,Pauline Epistle,Hebrews 3:1-4:2,Heb 3:1-4:2,sunday_policy_overlay,Source-qualified Sunday selection SundayReadings:23; numeric_coptic=6/14; verified_date=2027-02-21; ,https://copticreader.org/app/
2021-02-21,Third Sunday of Meshir,Liturgy,Catholic Epistle,Jude 1:14-25,Jude 1:14-25,sunday_policy_overlay,Source-qualified Sunday selection SundayReadings:23; numeric_coptic=6/14; verified_date=2027-02-21; ,https://copticreader.org/app/
2021-02-21,Third Sunday of Meshir,Liturgy,Acts of the Apostles,Acts 20:7-16,Acts 20:7-16,sunday_policy_overlay,Source-qualified Sunday selection SundayReadings:23; numeric_coptic=6/14; verified_date=2027-02-21; ,https://copticreader.org/app/
2021-02-21,Third Sunday of Meshir,Liturgy,Psalm,"19.89:1,6","Ps 89:1,6",sunday_policy_overlay,Source-qualified Sunday selection SundayReadings:23; numeric_coptic=6/14; verified_date=2027-02-21; Psalm MT/LXX verse alignment HELD; existing numeric source coordinates retained,https://copticreader.org/app/
2021-02-21,Third Sunday of Meshir,Liturgy,Gospel,John 6:27-46,Jn 6:27-46,sunday_policy_overlay,Source-qualified Sunday selection SundayReadings:23; numeric_coptic=6/14; verified_date=2027-02-21; ,https://copticreader.org/app/
2021-02-28,Fourth Sunday of Meshir,Vespers,Psalm,19.92:4-5,Ps 92:4-5,sunday_policy_overlay,Source-qualified Sunday selection SundayReadings:24; numeric_coptic=6/21; verified_date=2027-02-28; Psalm MT/LXX verse alignment HELD; existing numeric source coordinates retained,https://copticreader.org/app/
2021-02-28,Fourth Sunday of Meshir,Vespers,Gospel,Luke 17:1-10,Lk 17:1-10,sunday_policy_overlay,Source-qualified Sunday selection SundayReadings:24; numeric_coptic=6/21; verified_date=2027-02-28; ,https://copticreader.org/app/
2021-02-28,Fourth Sunday of Meshir,Matins,Psalm,"19.89:11,1","Ps 89:11,1",sunday_policy_overlay,Source-qualified Sunday selection SundayReadings:24; numeric_coptic=6/21; verified_date=2027-02-28; Psalm MT/LXX verse alignment HELD; existing numeric source coordinates retained,https://copticreader.org/app/
2021-02-28,Fourth Sunday of Meshir,Matins,Gospel,Luke 17:11-19,Lk 17:11-19,sunday_policy_overlay,Source-qualified Sunday selection SundayReadings:24; numeric_coptic=6/21; verified_date=2027-02-28; ,https://copticreader.org/app/
2021-02-28,Fourth Sunday of Meshir,Liturgy,Pauline Epistle,1 Corinthians 1:1-16,1Cor 1:1-16,sunday_policy_overlay,Source-qualified Sunday selection SundayReadings:24; numeric_coptic=6/21; verified_date=2027-02-28; ,https://copticreader.org/app/
2021-02-28,Fourth Sunday of Meshir,Liturgy,Catholic Epistle,James 1:13-21,James 1:13-21,sunday_policy_overlay,Source-qualified Sunday selection SundayReadings:24; numeric_coptic=6/21; verified_date=2027-02-28; ,https://copticreader.org/app/
2021-02-28,Fourth Sunday of Meshir,Liturgy,Acts of the Apostles,Acts 8:5-13,Acts 8:5-13,sunday_policy_overlay,Source-qualified Sunday selection SundayReadings:24; numeric_coptic=6/21; verified_date=2027-02-28; ,https://copticreader.org/app/
2021-02-28,Fourth Sunday of Meshir,Liturgy,Psalm,19.24:1-2,Ps 24:1-2,sunday_policy_overlay,Source-qualified Sunday selection SundayReadings:24; numeric_coptic=6/21; verified_date=2027-02-28; Psalm MT/LXX verse alignment HELD; existing numeric source coordinates retained,https://copticreader.org/app/
2021-02-28,Fourth Sunday of Meshir,Liturgy,Gospel,Luke 19:1-10,Lk 19:1-10,sunday_policy_overlay,Source-qualified Sunday selection SundayReadings:24; numeric_coptic=6/21; verified_date=2027-02-28; ,https://copticreader.org/app/
2021-03-10,Wednesday of the first week of Great Lent,Liturgy,Psalm,Psalm 24:20  &  Psalm 24:16,Ps 25:20; Ps 25:16,source_corrected,source_corrected_from_coptic_reader_text_aligned_to_nkjv; evidence=sources/coptic-reader/remaining-2026-09-07/2026-02-18-liturgy-psalm-and-gospel.txt; verified_date=2026-02-18,https://copticchurch.net/readings?g_year=2021&g_month=03&g_day=10
2021-03-11,Thursday of the first week of Great Lent,Liturgy,Psalm,Psalm 117:14  &  Psalm 117:18,Ps 118:14; Ps 118:18,source_corrected,source_corrected_from_coptic_reader_text_aligned_to_nkjv; evidence=sources/coptic-reader/remaining-2026-09-07/2026-02-19-liturgy-psalm-and-gospel.txt; verified_date=2026-02-19,https://copticchurch.net/readings?g_year=2021&g_month=03&g_day=11
2021-03-15,Monday of the second week of Great Lent,Matins,Prophecy,Exodus 3:6-14,Exod 3:6-14,source_supplement,verified recurring context; evidence=sources/coptic-reader/lent-qualified-2026-10-07/2026-02-23/Prophecies.txt; verified_date=2026-02-23; captured_at=2026-10-07T17:14:31.612Z,https://copticreader.org/app/
2021-03-15,Monday of the second week of Great Lent,Matins,Prophecy,Isaiah 4:2-5:7,Isa 4:2-5:7,source_supplement,verified recurring context; evidence=sources/coptic-reader/lent-qualified-2026-10-07/2026-02-23/Prophecies.txt; verified_date=2026-02-23; captured_at=2026-10-07T17:14:31.612Z,https://copticreader.org/app/
2021-03-16,Tuesday of the second week of Great Lent,Matins,Prophecy,Job 19:1-27,Job 19:1-27,source_supplement,verified recurring context; evidence=sources/coptic-reader/lent-qualified-2026-10-07/2026-02-24/Prophecies.txt; verified_date=2026-02-24; captured_at=2026-10-07T17:15:23.623Z,https://copticreader.org/app/
2021-03-16,Tuesday of the second week of Great Lent,Matins,Prophecy,Isaiah 5:7-16,Isa 5:7-16,source_supplement,verified recurring context; evidence=sources/coptic-reader/lent-qualified-2026-10-07/2026-02-24/Prophecies.txt; verified_date=2026-02-24; captured_at=2026-10-07T17:15:23.623Z,https://copticreader.org/app/
2021-03-17,Wednesday of the second week of Great Lent,Matins,Prophecy,Exodus 2:11-20,Exod 2:11-20,source_supplement,verified recurring context; evidence=sources/coptic-reader/lent-qualified-2026-10-07/2026-02-25/Prophecies.txt; verified_date=2026-02-25; captured_at=2026-10-07T17:15:58.396Z,https://copticreader.org/app/
2021-03-17,Wednesday of the second week of Great Lent,Matins,Prophecy,Isaiah 5:17-25,Isa 5:17-25,source_supplement,verified recurring context; evidence=sources/coptic-reader/lent-qualified-2026-10-07/2026-02-25/Prophecies.txt; verified_date=2026-02-25; captured_at=2026-10-07T17:15:58.396Z,https://copticreader.org/app/
2021-03-18,Thursday of the second week of Great Lent,Matins,Prophecy,Deuteronomy 5:15-22,Deut 5:15-22,source_supplement,verified recurring context; evidence=sources/coptic-reader/lent-qualified-2026-10-07/2026-02-26/Prophecies.txt; verified_date=2026-02-26; captured_at=2026-10-07T17:16:36.181Z,https://copticreader.org/app/
2021-03-18,Thursday of the second week of Great Lent,Matins,Prophecy,Isaiah 6:1-12,Isa 6:1-12,source_supplement,verified recurring context; evidence=sources/coptic-reader/lent-qualified-2026-10-07/2026-02-26/Prophecies.txt; verified_date=2026-02-26; captured_at=2026-10-07T17:16:36.181Z,https://copticreader.org/app/
2021-03-22,Monday of the third week of Great Lent,Matins,Prophecy,Proverbs 1:20-33,Prov 1:20-33,source_supplement,verified recurring context; evidence=sources/coptic-reader/lent-qualified-2026-10-07/2026-03-02/Prophecies.txt; verified_date=2026-03-02; captured_at=2026-10-07T17:17:19.039Z,https://copticreader.org/app/
2021-03-22,Monday of the third week of Great Lent,Matins,Prophecy,Isaiah 8:13-9:7,Isa 8:13-9:7,source_supplement,verified recurring context; evidence=sources/coptic-reader/lent-qualified-2026-10-07/2026-03-02/Prophecies.txt; verified_date=2026-03-02; captured_at=2026-10-07T17:17:19.039Z,https://copticreader.org/app/
2021-03-23,Tuesday of the third week of Great Lent,Matins,Prophecy,Proverbs 2:1-15,Prov 2:1-15,source_supplement,verified recurring context; evidence=sources/coptic-reader/lent-qualified-2026-10-07/2026-03-03/Prophecies.txt; verified_date=2026-03-03; captured_at=2026-10-07T17:17:34.270Z,https://copticreader.org/app/
2021-03-23,Tuesday of the third week of Great Lent,Matins,Prophecy,Isaiah 10:12-20,Isa 10:12-20,source_supplement,verified recurring context; evidence=sources/coptic-reader/lent-qualified-2026-10-07/2026-03-03/Prophecies.txt; verified_date=2026-03-03; captured_at=2026-10-07T17:17:34.270Z,https://copticreader.org/app/
2021-03-24,Wednesday of the third week of Great Lent,Matins,Prophecy,Exodus 4:19-6:13,Exod 4:19-6:13,source_supplement,verified recurring context; evidence=sources/coptic-reader/lent-week3-wednesday-2026-10-07/coptic-reader-2026-03-04-matins-prophecies.txt; verified_date=2026-03-04; captured_at=2026-10-07,https://copticreader.org/app/
2021-03-24,Wednesday of the third week of Great Lent,Matins,Prophecy,Joel 2:21-27,Joel 2:21-27,source_supplement,verified recurring context; evidence=sources/coptic-reader/lent-week3-wednesday-2026-10-07/coptic-reader-2026-03-04-matins-prophecies.txt; verified_date=2026-03-04; captured_at=2026-10-07,https://copticreader.org/app/
2021-03-24,Wednesday of the third week of Great Lent,Matins,Prophecy,Isaiah 9:9-10:4,Isa 9:9-10:4,source_supplement,verified recurring context; evidence=sources/coptic-reader/lent-week3-wednesday-2026-10-07/coptic-reader-2026-03-04-matins-prophecies.txt; verified_date=2026-03-04; captured_at=2026-10-07,https://copticreader.org/app/
2021-03-24,Wednesday of the third week of Great Lent,Matins,Prophecy,Job 12:1-14:22,Job 12:1-14:22,source_supplement,verified recurring context; evidence=sources/coptic-reader/lent-week3-wednesday-2026-10-07/coptic-reader-2026-03-04-matins-prophecies.txt; verified_date=2026-03-04; captured_at=2026-10-07,https://copticreader.org/app/
2021-03-25,Thursday of the third week of Great Lent,Matins,Prophecy,Genesis 18:17-19:29,Gen 18:17-19:29,source_supplement,verified recurring context; evidence=sources/coptic-reader/lent-qualified-2026-10-07/2026-03-05/Prophecies.txt; verified_date=2026-03-05; captured_at=2026-10-07T17:17:49.562Z,https://copticreader.org/app/
2021-03-25,Thursday of the third week of Great Lent,Matins,Prophecy,Proverbs 2:16-3:4,Prov 2:16-3:4,source_supplement,verified recurring context; evidence=sources/coptic-reader/lent-qualified-2026-10-07/2026-03-05/Prophecies.txt; verified_date=2026-03-05; captured_at=2026-10-07T17:17:49.562Z,https://copticreader.org/app/
2021-03-25,Thursday of the third week of Great Lent,Matins,Prophecy,Isaiah 11:10-12:2,Isa 11:10-12:2,source_supplement,verified recurring context; evidence=sources/coptic-reader/lent-qualified-2026-10-07/2026-03-05/Prophecies.txt; verified_date=2026-03-05; captured_at=2026-10-07T17:17:49.562Z,https://copticreader.org/app/
2021-03-29,Monday of the fourth week of Great Lent,Matins,Prophecy,Genesis 27:1-41,Gen 27:1-41,source_supplement,verified recurring context; evidence=sources/coptic-reader/lent-qualified-2026-10-07/2026-03-09/Prophecies.txt; verified_date=2026-03-09; captured_at=2026-10-07T17:24:38.921Z,https://copticreader.org/app/
2021-03-29,Monday of the fourth week of Great Lent,Matins,Prophecy,Isaiah 14:24-32,Isa 14:24-32,source_supplement,verified recurring context; evidence=sources/coptic-reader/lent-qualified-2026-10-07/2026-03-09/Prophecies.txt; verified_date=2026-03-09; captured_at=2026-10-07T17:24:38.921Z,https://copticreader.org/app/
2021-03-29,Monday of the fourth week of Great Lent,Matins,Prophecy,Job 16:1-17:16,Job 16:1-17:16,source_supplement,verified recurring context; evidence=sources/coptic-reader/lent-qualified-2026-10-07/2026-03-09/Prophecies.txt; verified_date=2026-03-09; captured_at=2026-10-07T17:24:38.921Z,https://copticreader.org/app/
2021-03-31,Wednesday of the fourth week of Great Lent,Liturgy,Pauline Epistle,Ephesians 4:17-33,Eph 4:17-32,source_corrected,source_corrected_from_coptic_reader_web_app_3.7; evidence=sources/coptic-reader/remaining-2026-09-07/2026-03-11-liturgy-pauline-epistle.txt; verified_date=2026-03-11,https://copticchurch.net/readings?g_year=2021&g_month=03&g_day=31
2021-03-31,Wednesday of the fourth week of Great Lent,Matins,Prophecy,Exodus 7:14-8:19,Exod 7:14-8:19,source_supplement,verified recurring context; evidence=sources/coptic-reader/lent-qualified-2026-10-07/2026-03-11/Prophecies.txt; verified_date=2026-03-11; captured_at=2026-10-07T17:25:31.767Z,https://copticreader.org/app/
2021-03-31,Wednesday of the fourth week of Great Lent,Matins,Prophecy,Joel 2:28-32,Joel 2:28-32,source_supplement,verified recurring context; evidence=sources/coptic-reader/lent-qualified-2026-10-07/2026-03-11/Prophecies.txt; verified_date=2026-03-11; captured_at=2026-10-07T17:25:31.767Z,https://copticreader.org/app/
2021-03-31,Wednesday of the fourth week of Great Lent,Matins,Prophecy,Job 1:1-22,Job 1:1-22,source_supplement,verified recurring context; evidence=sources/coptic-reader/lent-qualified-2026-10-07/2026-03-11/Prophecies.txt; verified_date=2026-03-11; captured_at=2026-10-07T17:25:31.767Z,https://copticreader.org/app/
2021-03-31,Wednesday of the fourth week of Great Lent,Matins,Prophecy,Isaiah 26:21-27:9,Isa 26:21-27:9,source_supplement,verified recurring context; evidence=sources/coptic-reader/lent-qualified-2026-10-07/2026-03-11/Prophecies.txt; verified_date=2026-03-11; captured_at=2026-10-07T17:25:31.767Z,https://copticreader.org/app/
2021-04-01,Thursday of the fourth week of Great Lent,Matins,Prophecy,Genesis 32:1-30,Gen 32:1-30,source_supplement,verified recurring context; evidence=sources/coptic-reader/lent-qualified-2026-10-07/2026-03-12/Prophecies.txt; verified_date=2026-03-12; captured_at=2026-10-07T17:26:02.062Z,https://copticreader.org/app/
2021-04-01,Thursday of the fourth week of Great Lent,Matins,Prophecy,Isaiah 28:14-22,Isa 28:14-22,source_supplement,verified recurring context; evidence=sources/coptic-reader/lent-qualified-2026-10-07/2026-03-12/Prophecies.txt; verified_date=2026-03-12; captured_at=2026-10-07T17:26:02.062Z,https://copticreader.org/app/
2021-04-01,Thursday of the fourth week of Great Lent,Matins,Prophecy,Job 20:1-29,Job 20:1-29,source_supplement,verified recurring context; evidence=sources/coptic-reader/lent-qualified-2026-10-07/2026-03-12/Prophecies.txt; verified_date=2026-03-12; captured_at=2026-10-07T17:26:02.062Z,https://copticreader.org/app/
2021-04-01,Thursday of the fourth week of Great Lent,Matins,Prophecy,Daniel 6:1-27,Dan 6:1-27,source_supplement,verified recurring context; evidence=sources/coptic-reader/lent-qualified-2026-10-07/2026-03-12/Prophecies.txt; verified_date=2026-03-12; captured_at=2026-10-07T17:26:02.062Z,https://copticreader.org/app/
2021-04-03,Saturday of the fourth week of Great Lent,Liturgy,Psalm,Psalm 61:1  &  Psalm 610:5,"Psalm 61:1,5",source_corrected,"source_corrected_from_katameros_api_2026_06_18; live API returned Ps 61:1,5",https://copticchurch.net/readings?g_year=2021&g_month=04&g_day=03
2021-04-04,Sunday of the fourth week of Great Lent,Matins,Psalm,Psalm 31:24  &  Psalm 31:33,Ps 31:24; Ps 31:23,source_corrected,source_corrected_from_coptic_reader_text_aligned_to_nkjv; evidence=sources/coptic-reader/remaining-2026-09-07/2026-03-15-matins-.txt; verified_date=2026-03-15,https://copticchurch.net/readings?g_year=2021&g_month=04&g_day=04
2021-04-05,Monday of the fifth week of Great Lent,Matins,Prophecy,Proverbs 3:5-18,Prov 3:5-18,source_supplement,verified recurring context; evidence=sources/coptic-reader/lent-qualified-2026-10-07/2026-03-16/Prophecies.txt; verified_date=2026-03-16; captured_at=2026-10-07T17:26:21.295Z,https://copticreader.org/app/
2021-04-05,Monday of the fifth week of Great Lent,Matins,Prophecy,Isaiah 37:33-38:6,Isa 37:33-38:6,source_supplement,verified recurring context; evidence=sources/coptic-reader/lent-qualified-2026-10-07/2026-03-16/Prophecies.txt; verified_date=2026-03-16; captured_at=2026-10-07T17:26:21.295Z,https://copticreader.org/app/
2021-04-05,Monday of the fifth week of Great Lent,Matins,Prophecy,Job 22:1-30,Job 22:1-30,source_supplement,verified recurring context; evidence=sources/coptic-reader/lent-qualified-2026-10-07/2026-03-16/Prophecies.txt; verified_date=2026-03-16; captured_at=2026-10-07T17:26:21.295Z,https://copticreader.org/app/
2021-04-06,Tuesday of the fifth week of Great Lent,Matins,Prophecy,Numbers 10:35-11:35,Num 10:35-11:35,source_supplement,verified recurring context; evidence=sources/coptic-reader/lent-qualified-2026-10-07/2026-03-17/Prophecies.txt; verified_date=2026-03-17; captured_at=2026-10-07T17:26:23.098Z,https://copticreader.org/app/
2021-04-06,Tuesday of the fifth week of Great Lent,Matins,Prophecy,Proverbs 3:19-4:9,Prov 3:19-4:9,source_supplement,verified recurring context; evidence=sources/coptic-reader/lent-qualified-2026-10-07/2026-03-17/Prophecies.txt; verified_date=2026-03-17; captured_at=2026-10-07T17:26:23.098Z,https://copticreader.org/app/
2021-04-06,Tuesday of the fifth week of Great Lent,Matins,Prophecy,Isaiah 40:1-8,Isa 40:1-8,source_supplement,verified recurring context; evidence=sources/coptic-reader/lent-qualified-2026-10-07/2026-03-17/Prophecies.txt; verified_date=2026-03-17; captured_at=2026-10-07T17:26:23.098Z,https://copticreader.org/app/
2021-04-06,Tuesday of the fifth week of Great Lent,Matins,Prophecy,Job 25:1-6,Job 25:1-6,source_supplement,verified recurring context; evidence=sources/coptic-reader/lent-qualified-2026-10-07/2026-03-17/Prophecies.txt; verified_date=2026-03-17; captured_at=2026-10-07T17:26:23.098Z,https://copticreader.org/app/
2021-04-06,Tuesday of the fifth week of Great Lent,Matins,Prophecy,Job 26:1-14,Job 26:1-14,source_supplement,verified recurring context; evidence=sources/coptic-reader/lent-qualified-2026-10-07/2026-03-17/Prophecies.txt; verified_date=2026-03-17; captured_at=2026-10-07T17:26:23.098Z,https://copticreader.org/app/
2021-04-11,Sunday of the fifth week of Great Lent,Matins,Psalm,Psalm 101:1  &  Psalm 101:2  &  Psalm 101:12,Ps 102:1-2; Ps 102:12,source_corrected,source_corrected_from_coptic_reader_text_aligned_to_nkjv; evidence=sources/coptic-reader/remaining-2026-09-07/2026-03-22-matins-.txt; verified_date=2026-03-22,https://copticchurch.net/readings?g_year=2021&g_month=04&g_day=11
2021-07-14,Abib 7,Liturgy,Gospel,Matt 9:33 - 41,Mark 9:33-41,source_corrected,source_corrected_from_coptic_reader_web_app_3.7; evidence=sources/coptic-reader/coptic-reader-live-2026-09-07/2023-07-14-gospel.txt; verified_date=2023-07-14,https://copticchurch.net/readings?g_year=2021&g_month=07&g_day=14
2021-07-19,Abib 12,Vespers,Psalm,Psalm 68:65  &  Psalm 68:3,Ps 68:35; Ps 68:3,source_corrected,source_corrected_from_coptic_reader_text_aligned_to_nkjv; evidence=sources/coptic-reader/remaining-2026-09-07/2023-07-19-vespers-.txt; verified_date=2023-07-19,https://copticchurch.net/readings?g_year=2021&g_month=07&g_day=19
2021-07-28,Abib 21,Matins,Gospel,Mk 19:9-13,Mark 13:9-13,source_corrected,source_corrected_from_katameros_api_2026_06_18; live API returned Mark 13:9-13,https://copticchurch.net/readings?g_year=2021&g_month=07&g_day=28
2021-07-31,Abib 24,Vespers,Psalm,Psalm 68:65  &  Psalm 68:3,Ps 68:35; Ps 68:3,source_corrected,source_corrected_from_coptic_reader_text_aligned_to_nkjv; evidence=sources/coptic-reader/remaining-2026-09-07/2023-07-31-vespers-.txt; verified_date=2023-07-31,https://copticchurch.net/readings?g_year=2021&g_month=07&g_day=31
2021-08-07,St Mary's Fast,Vespers,Psalm,Psalm 68:65  &  Psalm 68:3,Ps 68:35; Ps 68:3,source_corrected,source_corrected_from_coptic_reader_text_aligned_to_nkjv; evidence=sources/coptic-reader/remaining-2026-09-07/2023-08-07-vespers-.txt; verified_date=2023-08-07,https://copticchurch.net/readings?g_year=2021&g_month=08&g_day=07
2021-08-11,Mesra 5,Liturgy,Gospel,Matt 3:23—  &  Matt 5:1-16,Matt 4:23-5:16,source_corrected,source_corrected_from_coptic_reader_web_app_3.7; evidence=sources/coptic-reader/remaining-2026-09-07/2023-08-11-liturgy-psalm-and-gospel.txt; verified_date=2023-08-11,https://copticchurch.net/readings?g_year=2021&g_month=08&g_day=11
2021-08-13,Mesra 7,Vespers,Gospel,Mk 14:-39,Mk 14:39,repaired,repaired_negative_verse_marker,https://copticchurch.net/readings?g_year=2021&g_month=08&g_day=13
2021-08-22,Mesra 16 (St Mary's Feast),Vespers,Gospel,Lk 10:38-52,Lk 10:38-42,source_corrected,source_corrected_from_coptic_reader_web_app_3.7; evidence=sources/coptic-reader/remaining-2026-09-07/2023-08-22-vespers-.txt; verified_date=2023-08-22,https://copticchurch.net/readings?g_year=2021&g_month=08&g_day=22
2021-08-25,Mesra 19,Liturgy,Catholic Epistle,Jm 1:1-12,James 1:12-21,source_corrected,source_corrected_from_george_user-supplied_correction; evidence=sources/user-corrections/mesra-19-james.json,https://copticchurch.net/readings?g_year=2021&g_month=08&g_day=25
2021-08-31,Mesra 25,Liturgy,Acts of the Apostles,Acts 18:24—  &  Acts 9:1-6,Acts 18:24-28; Acts 19:1-6,source_corrected,source_corrected_from_katameros_api_2026_06_18; live API returned Acts 18:24-28 and Acts 19:1-6,https://copticchurch.net/readings?g_year=2021&g_month=08&g_day=31
2021-09-01,Mesra 26,Liturgy,Pauline Epistle,Rom 7:14-27,Rom 8:14-27,source_corrected,source_corrected_from_coptic_reader_web_app_3.7; evidence=sources/coptic-reader/remaining-2026-09-07/2023-09-01-liturgy-pauline-epistle.txt; verified_date=2023-09-01,https://copticchurch.net/readings?g_year=2021&g_month=09&g_day=01
2021-09-02,Mesra 27,Liturgy,Pauline Epistle,Rom 8:28:39,Rom 8:28-39,source_corrected,source_corrected_from_katameros_api_2026_06_18; live API returned Rom 8:28-39,https://copticchurch.net/readings?g_year=2021&g_month=09&g_day=02
2021-09-04,Mesra 29,Liturgy,Acts of the Apostles,Acts 5:34:42,Acts 5:34-42,source_corrected,source_corrected_from_katameros_api_2026_06_18; live API returned Acts 5:34-42,https://copticchurch.net/readings?g_year=2021&g_month=09&g_day=04
2021-09-05,First Sunday of Nesi,Vespers,Psalm,"19.41:13,12","Ps 41:13,12",sunday_policy_overlay,Source-qualified Sunday selection SundayReadings:41; numeric_coptic=12/30; verified_date=2027-09-05; Psalm MT/LXX verse alignment HELD; existing numeric source coordinates retained,https://copticreader.org/app/
2021-09-05,First Sunday of Nesi,Vespers,Gospel,Luke 21:12-33,Lk 21:12-33,sunday_policy_overlay,Source-qualified Sunday selection SundayReadings:41; numeric_coptic=12/30; verified_date=2027-09-05; ,https://copticreader.org/app/
2021-09-05,First Sunday of Nesi,Matins,Psalm,"19.102:12,24","Ps 102:12,24",sunday_policy_overlay,Source-qualified Sunday selection SundayReadings:41; numeric_coptic=12/30; verified_date=2027-09-05; Psalm MT/LXX verse alignment HELD; existing numeric source coordinates retained,https://copticreader.org/app/
2021-09-05,First Sunday of Nesi,Matins,Gospel,Mark 13:32-37,Mark 13:32-37,sunday_policy_overlay,Source-qualified Sunday selection SundayReadings:41; numeric_coptic=12/30; verified_date=2027-09-05; ,https://copticreader.org/app/
2021-09-05,First Sunday of Nesi,Liturgy,Pauline Epistle,2 Thessalonians 2:1-17,2Thess 2:1-17,sunday_policy_overlay,Source-qualified Sunday selection SundayReadings:41; numeric_coptic=12/30; verified_date=2027-09-05; ,https://copticreader.org/app/
2021-09-05,First Sunday of Nesi,Liturgy,Catholic Epistle,2 Peter 3:1-18,2Pet 3:1-18,sunday_policy_overlay,Source-qualified Sunday selection SundayReadings:41; numeric_coptic=12/30; verified_date=2027-09-05; ,https://copticreader.org/app/
2021-09-05,First Sunday of Nesi,Liturgy,Acts of the Apostles,Acts 2:14-21,Acts 2:14-21,sunday_policy_overlay,Source-qualified Sunday selection SundayReadings:41; numeric_coptic=12/30; verified_date=2027-09-05; ,https://copticreader.org/app/
2021-09-05,First Sunday of Nesi,Liturgy,Psalm,19.102:24-26,Ps 102:24-26,sunday_policy_overlay,Source-qualified Sunday selection SundayReadings:41; numeric_coptic=12/30; verified_date=2027-09-05; Psalm MT/LXX verse alignment HELD; existing numeric source coordinates retained,https://copticreader.org/app/
2021-09-05,First Sunday of Nesi,Liturgy,Gospel,Matthew 24:3-35,Matt 24:3-35,sunday_policy_overlay,Source-qualified Sunday selection SundayReadings:41; numeric_coptic=12/30; verified_date=2027-09-05; ,https://copticreader.org/app/
2021-09-09,Nasie 4,Vespers,Psalm,Psalm 68:65  &  Psalm 68:3,Ps 68:35; Ps 68:3,source_corrected,source_corrected_from_coptic_reader_text_aligned_to_nkjv; evidence=sources/coptic-reader/remaining-2026-09-07/2023-09-09-vespers-.txt; verified_date=2023-09-09,https://copticchurch.net/readings?g_year=2021&g_month=09&g_day=09
2021-09-12,The first Sunday of Tout,Liturgy,Pauline Epistle,1Tim 1:12-27,1Tim 1:12-19,source_corrected,source_corrected_from_coptic_reader_web_app_3.7; evidence=sources/coptic-reader/coptic-reader-live-2026-09-07/2023-09-17-pauline.txt; verified_date=2023-09-17,https://copticchurch.net/readings?g_year=2021&g_month=09&g_day=12
2021-09-12,The first Sunday of Tout,Liturgy,Psalm,Psalm 31:26  &  Psalm 31:19,Ps 31:23; Ps 31:19,source_corrected,source_corrected_from_coptic_reader_text_aligned_to_nkjv; evidence=sources/coptic-reader/remaining-2026-09-07/2023-09-17-liturgy-psalm-and-gospel.txt; verified_date=2023-09-17,https://copticchurch.net/readings?g_year=2021&g_month=09&g_day=12
2021-10-01,Tout 21,Liturgy,Catholic Epistle,Jn 2:7-11,1Jn 2:7-11,source_corrected,source_corrected; verified 1 John 2:7-11 at https://api.katameros.app/readings/gregorian/01-10-2026?languageId=2,https://copticchurch.net/readings?g_year=2021&g_month=10&g_day=01
2022-01-02,The fourth Sunday of Kiak,Liturgy,Catholic Epistle,1Jn 2:24-33,1Jn 2:24-3:3,source_corrected,source_corrected_from_coptic_reader_web_app_3.7; evidence=sources/coptic-reader/remaining-2026-09-07/2026-01-04-liturgy-catholic-epistle.txt; verified_date=2026-01-04,https://copticchurch.net/readings?g_year=2022&g_month=01&g_day=02
2022-01-02,The fourth Sunday of Kiak,Matins,Psalm,Psalm 95:10-12,Ps 96:11-13,source_corrected,source_corrected_from_coptic_reader_text_aligned_to_nkjv; evidence=sources/coptic-reader/remaining-2026-09-07/2026-01-04-matins-.txt; verified_date=2026-01-04,https://copticchurch.net/readings?g_year=2022&g_month=01&g_day=02
2022-01-29,Toba 21,Vespers,Gospel,Lk 10:38-52,Lk 10:38-42,source_corrected,source_corrected_from_coptic_reader_web_app_3.7; evidence=sources/coptic-reader/remaining-2026-09-07/2024-01-30-vespers-.txt; verified_date=2024-01-30,https://copticchurch.net/readings?g_year=2022&g_month=01&g_day=29
2022-02-06,First Sunday of Meshir,Vespers,Psalm,"19.82:8,6","Ps 82:8,6",sunday_policy_overlay,Source-qualified Sunday selection SundayReadings:21; numeric_coptic=5/29; verified_date=context-only/publisher-policy; Psalm MT/LXX verse alignment HELD; existing numeric source coordinates retained,https://copticreader.org/app/
2022-02-06,First Sunday of Meshir,Vespers,Gospel,43.6:15-21,Jn 6:15-21,sunday_policy_overlay,Source-qualified Sunday selection SundayReadings:21; numeric_coptic=5/29; verified_date=context-only/publisher-policy; ,https://copticreader.org/app/
2022-02-06,First Sunday of Meshir,Matins,Psalm,"19.119:105,73","Ps 119:105,73",sunday_policy_overlay,Source-qualified Sunday selection SundayReadings:21; numeric_coptic=5/29; verified_date=context-only/publisher-policy; Psalm MT/LXX verse alignment HELD; existing numeric source coordinates retained,https://copticreader.org/app/
2022-02-06,First Sunday of Meshir,Matins,Gospel,43.8:51-59,Jn 8:51-59,sunday_policy_overlay,Source-qualified Sunday selection SundayReadings:21; numeric_coptic=5/29; verified_date=context-only/publisher-policy; ,https://copticreader.org/app/
2022-02-06,First Sunday of Meshir,Liturgy,Pauline Epistle,46.5:11-13*@+46.6:1-11,1Cor 5:11-13; 1Cor 6:1-11,sunday_policy_overlay,Source-qualified Sunday selection SundayReadings:21; numeric_coptic=5/29; verified_date=context-only/publisher-policy; ,https://copticreader.org/app/
2022-02-06,First Sunday of Meshir,Liturgy,Catholic Epistle,61.3:14-18,2Pet 3:14-18,sunday_policy_overlay,Source-qualified Sunday selection SundayReadings:21; numeric_coptic=5/29; verified_date=context-only/publisher-policy; ,https://copticreader.org/app/
2022-02-06,First Sunday of Meshir,Liturgy,Acts of the Apostles,44.9:3-9,Acts 9:3-9,sunday_policy_overlay,Source-qualified Sunday selection SundayReadings:21; numeric_coptic=5/29; verified_date=context-only/publisher-policy; ,https://copticreader.org/app/
2022-02-06,First Sunday of Meshir,Liturgy,Psalm,"19.96:6,4","Ps 96:6,4",sunday_policy_overlay,Source-qualified Sunday selection SundayReadings:21; numeric_coptic=5/29; verified_date=context-only/publisher-policy; Psalm MT/LXX verse alignment HELD; existing numeric source coordinates retained,https://copticreader.org/app/
2022-02-06,First Sunday of Meshir,Liturgy,Gospel,43.6:22-27,Jn 6:22-27,sunday_policy_overlay,Source-qualified Sunday selection SundayReadings:21; numeric_coptic=5/29; verified_date=context-only/publisher-policy; ,https://copticreader.org/app/
2022-02-09,Amshir 2,Liturgy,Gospel,Matt 9:33 - 41,Mark 9:33-41,source_corrected,source_corrected_from_coptic_reader_web_app_3.7; evidence=sources/coptic-reader/coptic-reader-live-2026-09-07/2024-02-10-gospel.txt; verified_date=2024-02-10,https://copticchurch.net/readings?g_year=2022&g_month=02&g_day=09
2022-02-13,Second Sunday of Meshir,Vespers,Psalm,19.15:1-2,Ps 15:1-2,sunday_policy_overlay,Source-qualified Sunday selection SundayReadings:22; numeric_coptic=6/6; verified_date=context-only/publisher-policy; Psalm MT/LXX verse alignment HELD; existing numeric source coordinates retained,https://copticreader.org/app/
2022-02-13,Second Sunday of Meshir,Vespers,Gospel,43.4:46-53,Jn 4:46-53,sunday_policy_overlay,Source-qualified Sunday selection SundayReadings:22; numeric_coptic=6/6; verified_date=context-only/publisher-policy; ,https://copticreader.org/app/
2022-02-13,Second Sunday of Meshir,Matins,Psalm,19.24:3-4,Ps 24:3-4,sunday_policy_overlay,Source-qualified Sunday selection SundayReadings:22; numeric_coptic=6/6; verified_date=context-only/publisher-policy; Psalm MT/LXX verse alignment HELD; existing numeric source coordinates retained,https://copticreader.org/app/
2022-02-13,Second Sunday of Meshir,Matins,Gospel,43.3:17-21,Jn 3:17-21,sunday_policy_overlay,Source-qualified Sunday selection SundayReadings:22; numeric_coptic=6/6; verified_date=context-only/publisher-policy; ,https://copticreader.org/app/
2022-02-13,Second Sunday of Meshir,Liturgy,Pauline Epistle,58.7:1-17,Heb 7:1-17,sunday_policy_overlay,Source-qualified Sunday selection SundayReadings:22; numeric_coptic=6/6; verified_date=context-only/publisher-policy; ,https://copticreader.org/app/
2022-02-13,Second Sunday of Meshir,Liturgy,Catholic Epistle,63.1:1-13,2Jn 1:1-13,sunday_policy_overlay,Source-qualified Sunday selection SundayReadings:22; numeric_coptic=6/6; verified_date=context-only/publisher-policy; ,https://copticreader.org/app/
2022-02-13,Second Sunday of Meshir,Liturgy,Acts of the Apostles,44.18:9-21,Acts 18:9-21,sunday_policy_overlay,Source-qualified Sunday selection SundayReadings:22; numeric_coptic=6/6; verified_date=context-only/publisher-policy; ,https://copticreader.org/app/
2022-02-13,Second Sunday of Meshir,Liturgy,Psalm,19.96:7-8,Ps 96:7-8,sunday_policy_overlay,Source-qualified Sunday selection SundayReadings:22; numeric_coptic=6/6; verified_date=context-only/publisher-policy; Psalm MT/LXX verse alignment HELD; existing numeric source coordinates retained,https://copticreader.org/app/
2022-02-13,Second Sunday of Meshir,Liturgy,Gospel,43.6:5-14,Jn 6:5-14,sunday_policy_overlay,Source-qualified Sunday selection SundayReadings:22; numeric_coptic=6/6; verified_date=context-only/publisher-policy; ,https://copticreader.org/app/
2022-02-20,Third Sunday of Meshir,Vespers,Psalm,"19.17:15,3","Ps 17:15,3",sunday_policy_overlay,Source-qualified Sunday selection SundayReadings:23; numeric_coptic=6/13; verified_date=2027-02-21; Psalm MT/LXX verse alignment HELD; existing numeric source coordinates retained,https://copticreader.org/app/
2022-02-20,Third Sunday of Meshir,Vespers,Gospel,John 5:39-47,Jn 5:39-47,sunday_policy_overlay,Source-qualified Sunday selection SundayReadings:23; numeric_coptic=6/13; verified_date=2027-02-21; ,https://copticreader.org/app/
2022-02-20,Third Sunday of Meshir,Matins,Psalm,"19.89:52,49","Ps 89:52,49",sunday_policy_overlay,Source-qualified Sunday selection SundayReadings:23; numeric_coptic=6/13; verified_date=2027-02-21; Psalm MT/LXX verse alignment HELD; existing numeric source coordinates retained,https://copticreader.org/app/
2022-02-20,Third Sunday of Meshir,Matins,Gospel,John 12:44-50,Jn 12:44-50,sunday_policy_overlay,Source-qualified Sunday selection SundayReadings:23; numeric_coptic=6/13; verified_date=2027-02-21; ,https://copticreader.org/app/
2022-02-20,Third Sunday of Meshir,Liturgy,Pauline Epistle,Hebrews 3:1-4:2,Heb 3:1-4:2,sunday_policy_overlay,Source-qualified Sunday selection SundayReadings:23; numeric_coptic=6/13; verified_date=2027-02-21; ,https://copticreader.org/app/
2022-02-20,Third Sunday of Meshir,Liturgy,Catholic Epistle,Jude 1:14-25,Jude 1:14-25,sunday_policy_overlay,Source-qualified Sunday selection SundayReadings:23; numeric_coptic=6/13; verified_date=2027-02-21; ,https://copticreader.org/app/
2022-02-20,Third Sunday of Meshir,Liturgy,Acts of the Apostles,Acts 20:7-16,Acts 20:7-16,sunday_policy_overlay,Source-qualified Sunday selection SundayReadings:23; numeric_coptic=6/13; verified_date=2027-02-21; ,https://copticreader.org/app/
2022-02-20,Third Sunday of Meshir,Liturgy,Psalm,"19.89:1,6","Ps 89:1,6",sunday_policy_overlay,Source-qualified Sunday selection SundayReadings:23; numeric_coptic=6/13; verified_date=2027-02-21; Psalm MT/LXX verse alignment HELD; existing numeric source coordinates retained,https://copticreader.org/app/
2022-02-20,Third Sunday of Meshir,Liturgy,Gospel,John 6:27-46,Jn 6:27-46,sunday_policy_overlay,Source-qualified Sunday selection SundayReadings:23; numeric_coptic=6/13; verified_date=2027-02-21; ,https://copticreader.org/app/
2022-02-23,Amshir 16,Vespers,Gospel,Mk 14:-3-9,Mk 14:3-9,repaired,repaired_negative_verse_marker,https://copticchurch.net/readings?g_year=2022&g_month=02&g_day=23
2022-03-02,Wednesday of the first week of Great Lent,Liturgy,Psalm,Psalm 24:20  &  Psalm 24:16,Ps 25:20; Ps 25:16,source_corrected,source_corrected_from_coptic_reader_text_aligned_to_nkjv; evidence=sources/coptic-reader/remaining-2026-09-07/2026-02-18-liturgy-psalm-and-gospel.txt; verified_date=2026-02-18,https://copticchurch.net/readings?g_year=2022&g_month=03&g_day=02
2022-03-03,Thursday of the first week of Great Lent,Liturgy,Psalm,Psalm 117:14  &  Psalm 117:18,Ps 118:14; Ps 118:18,source_corrected,source_corrected_from_coptic_reader_text_aligned_to_nkjv; evidence=sources/coptic-reader/remaining-2026-09-07/2026-02-19-liturgy-psalm-and-gospel.txt; verified_date=2026-02-19,https://copticchurch.net/readings?g_year=2022&g_month=03&g_day=03
2022-03-07,Monday of the second week of Great Lent,Matins,Prophecy,Exodus 3:6-14,Exod 3:6-14,source_supplement,verified recurring context; evidence=sources/coptic-reader/lent-qualified-2026-10-07/2026-02-23/Prophecies.txt; verified_date=2026-02-23; captured_at=2026-10-07T17:14:31.612Z,https://copticreader.org/app/
2022-03-07,Monday of the second week of Great Lent,Matins,Prophecy,Isaiah 4:2-5:7,Isa 4:2-5:7,source_supplement,verified recurring context; evidence=sources/coptic-reader/lent-qualified-2026-10-07/2026-02-23/Prophecies.txt; verified_date=2026-02-23; captured_at=2026-10-07T17:14:31.612Z,https://copticreader.org/app/
2022-03-08,Tuesday of the second week of Great Lent,Matins,Prophecy,Job 19:1-27,Job 19:1-27,source_supplement,verified recurring context; evidence=sources/coptic-reader/lent-qualified-2026-10-07/2026-02-24/Prophecies.txt; verified_date=2026-02-24; captured_at=2026-10-07T17:15:23.623Z,https://copticreader.org/app/
2022-03-08,Tuesday of the second week of Great Lent,Matins,Prophecy,Isaiah 5:7-16,Isa 5:7-16,source_supplement,verified recurring context; evidence=sources/coptic-reader/lent-qualified-2026-10-07/2026-02-24/Prophecies.txt; verified_date=2026-02-24; captured_at=2026-10-07T17:15:23.623Z,https://copticreader.org/app/
2022-03-09,Wednesday of the second week of Great Lent,Matins,Prophecy,Exodus 2:11-20,Exod 2:11-20,source_supplement,verified recurring context; evidence=sources/coptic-reader/lent-qualified-2026-10-07/2026-02-25/Prophecies.txt; verified_date=2026-02-25; captured_at=2026-10-07T17:15:58.396Z,https://copticreader.org/app/
2022-03-09,Wednesday of the second week of Great Lent,Matins,Prophecy,Isaiah 5:17-25,Isa 5:17-25,source_supplement,verified recurring context; evidence=sources/coptic-reader/lent-qualified-2026-10-07/2026-02-25/Prophecies.txt; verified_date=2026-02-25; captured_at=2026-10-07T17:15:58.396Z,https://copticreader.org/app/
2022-03-10,Thursday of the second week of Great Lent,Matins,Prophecy,Deuteronomy 5:15-22,Deut 5:15-22,source_supplement,verified recurring context; evidence=sources/coptic-reader/lent-qualified-2026-10-07/2026-02-26/Prophecies.txt; verified_date=2026-02-26; captured_at=2026-10-07T17:16:36.181Z,https://copticreader.org/app/
2022-03-10,Thursday of the second week of Great Lent,Matins,Prophecy,Isaiah 6:1-12,Isa 6:1-12,source_supplement,verified recurring context; evidence=sources/coptic-reader/lent-qualified-2026-10-07/2026-02-26/Prophecies.txt; verified_date=2026-02-26; captured_at=2026-10-07T17:16:36.181Z,https://copticreader.org/app/
2022-03-11,Friday of the second week of Great Lent,Matins,Prophecy,Deuteronomy 8:1-9:4,Deut 8:1-9:4,source_supplement,verified recurring context; evidence=sources/coptic-reader/lent-qualified-2026-10-07/2026-02-27/Prophecies.txt; verified_date=2026-02-27; captured_at=2026-10-07T17:17:03.024Z,https://copticreader.org/app/
2022-03-11,Friday of the second week of Great Lent,Matins,Prophecy,1 Samuel 17:1-18:4,1Sam 17:1-18:4,source_supplement,verified recurring context; evidence=sources/coptic-reader/lent-qualified-2026-10-07/2026-02-27/Prophecies.txt; verified_date=2026-02-27; captured_at=2026-10-07T17:17:03.024Z,https://copticreader.org/app/
2022-03-11,Friday of the second week of Great Lent,Matins,Prophecy,Isaiah 7:1-14,Isa 7:1-14,source_supplement,verified recurring context; evidence=sources/coptic-reader/lent-qualified-2026-10-07/2026-02-27/Prophecies.txt; verified_date=2026-02-27; captured_at=2026-10-07T17:17:03.024Z,https://copticreader.org/app/
2022-03-11,Friday of the second week of Great Lent,Matins,Prophecy,Job 11:1-20,Job 11:1-20,source_supplement,verified recurring context; evidence=sources/coptic-reader/lent-qualified-2026-10-07/2026-02-27/Prophecies.txt; verified_date=2026-02-27; captured_at=2026-10-07T17:17:03.024Z,https://copticreader.org/app/
2022-03-14,Monday of the third week of Great Lent,Matins,Prophecy,Proverbs 1:20-33,Prov 1:20-33,source_supplement,verified recurring context; evidence=sources/coptic-reader/lent-qualified-2026-10-07/2026-03-02/Prophecies.txt; verified_date=2026-03-02; captured_at=2026-10-07T17:17:19.039Z,https://copticreader.org/app/
2022-03-14,Monday of the third week of Great Lent,Matins,Prophecy,Isaiah 8:13-9:7,Isa 8:13-9:7,source_supplement,verified recurring context; evidence=sources/coptic-reader/lent-qualified-2026-10-07/2026-03-02/Prophecies.txt; verified_date=2026-03-02; captured_at=2026-10-07T17:17:19.039Z,https://copticreader.org/app/
2022-03-15,Tuesday of the third week of Great Lent,Matins,Prophecy,Proverbs 2:1-15,Prov 2:1-15,source_supplement,verified recurring context; evidence=sources/coptic-reader/lent-qualified-2026-10-07/2026-03-03/Prophecies.txt; verified_date=2026-03-03; captured_at=2026-10-07T17:17:34.270Z,https://copticreader.org/app/
2022-03-15,Tuesday of the third week of Great Lent,Matins,Prophecy,Isaiah 10:12-20,Isa 10:12-20,source_supplement,verified recurring context; evidence=sources/coptic-reader/lent-qualified-2026-10-07/2026-03-03/Prophecies.txt; verified_date=2026-03-03; captured_at=2026-10-07T17:17:34.270Z,https://copticreader.org/app/
2022-03-16,Wednesday of the third week of Great Lent,Matins,Prophecy,Exodus 4:19-6:13,Exod 4:19-6:13,source_supplement,verified recurring context; evidence=sources/coptic-reader/lent-week3-wednesday-2026-10-07/coptic-reader-2026-03-04-matins-prophecies.txt; verified_date=2026-03-04; captured_at=2026-10-07,https://copticreader.org/app/
2022-03-16,Wednesday of the third week of Great Lent,Matins,Prophecy,Joel 2:21-27,Joel 2:21-27,source_supplement,verified recurring context; evidence=sources/coptic-reader/lent-week3-wednesday-2026-10-07/coptic-reader-2026-03-04-matins-prophecies.txt; verified_date=2026-03-04; captured_at=2026-10-07,https://copticreader.org/app/
2022-03-16,Wednesday of the third week of Great Lent,Matins,Prophecy,Isaiah 9:9-10:4,Isa 9:9-10:4,source_supplement,verified recurring context; evidence=sources/coptic-reader/lent-week3-wednesday-2026-10-07/coptic-reader-2026-03-04-matins-prophecies.txt; verified_date=2026-03-04; captured_at=2026-10-07,https://copticreader.org/app/
2022-03-16,Wednesday of the third week of Great Lent,Matins,Prophecy,Job 12:1-14:22,Job 12:1-14:22,source_supplement,verified recurring context; evidence=sources/coptic-reader/lent-week3-wednesday-2026-10-07/coptic-reader-2026-03-04-matins-prophecies.txt; verified_date=2026-03-04; captured_at=2026-10-07,https://copticreader.org/app/
2022-03-17,Thursday of the third week of Great Lent,Matins,Prophecy,Genesis 18:17-19:29,Gen 18:17-19:29,source_supplement,verified recurring context; evidence=sources/coptic-reader/lent-qualified-2026-10-07/2026-03-05/Prophecies.txt; verified_date=2026-03-05; captured_at=2026-10-07T17:17:49.562Z,https://copticreader.org/app/
2022-03-17,Thursday of the third week of Great Lent,Matins,Prophecy,Proverbs 2:16-3:4,Prov 2:16-3:4,source_supplement,verified recurring context; evidence=sources/coptic-reader/lent-qualified-2026-10-07/2026-03-05/Prophecies.txt; verified_date=2026-03-05; captured_at=2026-10-07T17:17:49.562Z,https://copticreader.org/app/
2022-03-17,Thursday of the third week of Great Lent,Matins,Prophecy,Isaiah 11:10-12:2,Isa 11:10-12:2,source_supplement,verified recurring context; evidence=sources/coptic-reader/lent-qualified-2026-10-07/2026-03-05/Prophecies.txt; verified_date=2026-03-05; captured_at=2026-10-07T17:17:49.562Z,https://copticreader.org/app/
2022-03-21,Monday of the fourth week of Great Lent,Matins,Prophecy,Genesis 27:1-41,Gen 27:1-41,source_supplement,verified recurring context; evidence=sources/coptic-reader/lent-qualified-2026-10-07/2026-03-09/Prophecies.txt; verified_date=2026-03-09; captured_at=2026-10-07T17:24:38.921Z,https://copticreader.org/app/
2022-03-21,Monday of the fourth week of Great Lent,Matins,Prophecy,Isaiah 14:24-32,Isa 14:24-32,source_supplement,verified recurring context; evidence=sources/coptic-reader/lent-qualified-2026-10-07/2026-03-09/Prophecies.txt; verified_date=2026-03-09; captured_at=2026-10-07T17:24:38.921Z,https://copticreader.org/app/
2022-03-21,Monday of the fourth week of Great Lent,Matins,Prophecy,Job 16:1-17:16,Job 16:1-17:16,source_supplement,verified recurring context; evidence=sources/coptic-reader/lent-qualified-2026-10-07/2026-03-09/Prophecies.txt; verified_date=2026-03-09; captured_at=2026-10-07T17:24:38.921Z,https://copticreader.org/app/
2022-03-23,Wednesday of the fourth week of Great Lent,Liturgy,Pauline Epistle,Ephesians 4:17-33,Eph 4:17-32,source_corrected,source_corrected_from_coptic_reader_web_app_3.7; evidence=sources/coptic-reader/remaining-2026-09-07/2026-03-11-liturgy-pauline-epistle.txt; verified_date=2026-03-11,https://copticchurch.net/readings?g_year=2022&g_month=03&g_day=23
2022-03-23,Wednesday of the fourth week of Great Lent,Matins,Prophecy,Exodus 7:14-8:19,Exod 7:14-8:19,source_supplement,verified recurring context; evidence=sources/coptic-reader/lent-qualified-2026-10-07/2026-03-11/Prophecies.txt; verified_date=2026-03-11; captured_at=2026-10-07T17:25:31.767Z,https://copticreader.org/app/
2022-03-23,Wednesday of the fourth week of Great Lent,Matins,Prophecy,Joel 2:28-32,Joel 2:28-32,source_supplement,verified recurring context; evidence=sources/coptic-reader/lent-qualified-2026-10-07/2026-03-11/Prophecies.txt; verified_date=2026-03-11; captured_at=2026-10-07T17:25:31.767Z,https://copticreader.org/app/
2022-03-23,Wednesday of the fourth week of Great Lent,Matins,Prophecy,Job 1:1-22,Job 1:1-22,source_supplement,verified recurring context; evidence=sources/coptic-reader/lent-qualified-2026-10-07/2026-03-11/Prophecies.txt; verified_date=2026-03-11; captured_at=2026-10-07T17:25:31.767Z,https://copticreader.org/app/
2022-03-23,Wednesday of the fourth week of Great Lent,Matins,Prophecy,Isaiah 26:21-27:9,Isa 26:21-27:9,source_supplement,verified recurring context; evidence=sources/coptic-reader/lent-qualified-2026-10-07/2026-03-11/Prophecies.txt; verified_date=2026-03-11; captured_at=2026-10-07T17:25:31.767Z,https://copticreader.org/app/
2022-03-24,Thursday of the fourth week of Great Lent,Matins,Prophecy,Genesis 32:1-30,Gen 32:1-30,source_supplement,verified recurring context; evidence=sources/coptic-reader/lent-qualified-2026-10-07/2026-03-12/Prophecies.txt; verified_date=2026-03-12; captured_at=2026-10-07T17:26:02.062Z,https://copticreader.org/app/
2022-03-24,Thursday of the fourth week of Great Lent,Matins,Prophecy,Isaiah 28:14-22,Isa 28:14-22,source_supplement,verified recurring context; evidence=sources/coptic-reader/lent-qualified-2026-10-07/2026-03-12/Prophecies.txt; verified_date=2026-03-12; captured_at=2026-10-07T17:26:02.062Z,https://copticreader.org/app/
2022-03-24,Thursday of the fourth week of Great Lent,Matins,Prophecy,Job 20:1-29,Job 20:1-29,source_supplement,verified recurring context; evidence=sources/coptic-reader/lent-qualified-2026-10-07/2026-03-12/Prophecies.txt; verified_date=2026-03-12; captured_at=2026-10-07T17:26:02.062Z,https://copticreader.org/app/
2022-03-24,Thursday of the fourth week of Great Lent,Matins,Prophecy,Daniel 6:1-27,Dan 6:1-27,source_supplement,verified recurring context; evidence=sources/coptic-reader/lent-qualified-2026-10-07/2026-03-12/Prophecies.txt; verified_date=2026-03-12; captured_at=2026-10-07T17:26:02.062Z,https://copticreader.org/app/
2022-03-26,Saturday of the fourth week of Great Lent,Liturgy,Psalm,Psalm 61:1  &  Psalm 610:5,"Psalm 61:1,5",source_corrected,"source_corrected_from_katameros_api_2026_06_18; live API returned Ps 61:1,5",https://copticchurch.net/readings?g_year=2022&g_month=03&g_day=26
2022-03-27,Sunday of the fourth week of Great Lent,Matins,Psalm,Psalm 31:24  &  Psalm 31:33,Ps 31:24; Ps 31:23,source_corrected,source_corrected_from_coptic_reader_text_aligned_to_nkjv; evidence=sources/coptic-reader/remaining-2026-09-07/2026-03-15-matins-.txt; verified_date=2026-03-15,https://copticchurch.net/readings?g_year=2022&g_month=03&g_day=27
2022-03-28,Monday of the fifth week of Great Lent,Matins,Prophecy,Proverbs 3:5-18,Prov 3:5-18,source_supplement,verified recurring context; evidence=sources/coptic-reader/lent-qualified-2026-10-07/2026-03-16/Prophecies.txt; verified_date=2026-03-16; captured_at=2026-10-07T17:26:21.295Z,https://copticreader.org/app/
2022-03-28,Monday of the fifth week of Great Lent,Matins,Prophecy,Isaiah 37:33-38:6,Isa 37:33-38:6,source_supplement,verified recurring context; evidence=sources/coptic-reader/lent-qualified-2026-10-07/2026-03-16/Prophecies.txt; verified_date=2026-03-16; captured_at=2026-10-07T17:26:21.295Z,https://copticreader.org/app/
2022-03-28,Monday of the fifth week of Great Lent,Matins,Prophecy,Job 22:1-30,Job 22:1-30,source_supplement,verified recurring context; evidence=sources/coptic-reader/lent-qualified-2026-10-07/2026-03-16/Prophecies.txt; verified_date=2026-03-16; captured_at=2026-10-07T17:26:21.295Z,https://copticreader.org/app/
2022-03-29,Tuesday of the fifth week of Great Lent,Matins,Prophecy,Numbers 10:35-11:35,Num 10:35-11:35,source_supplement,verified recurring context; evidence=sources/coptic-reader/lent-qualified-2026-10-07/2026-03-17/Prophecies.txt; verified_date=2026-03-17; captured_at=2026-10-07T17:26:23.098Z,https://copticreader.org/app/
2022-03-29,Tuesday of the fifth week of Great Lent,Matins,Prophecy,Proverbs 3:19-4:9,Prov 3:19-4:9,source_supplement,verified recurring context; evidence=sources/coptic-reader/lent-qualified-2026-10-07/2026-03-17/Prophecies.txt; verified_date=2026-03-17; captured_at=2026-10-07T17:26:23.098Z,https://copticreader.org/app/
2022-03-29,Tuesday of the fifth week of Great Lent,Matins,Prophecy,Isaiah 40:1-8,Isa 40:1-8,source_supplement,verified recurring context; evidence=sources/coptic-reader/lent-qualified-2026-10-07/2026-03-17/Prophecies.txt; verified_date=2026-03-17; captured_at=2026-10-07T17:26:23.098Z,https://copticreader.org/app/
2022-03-29,Tuesday of the fifth week of Great Lent,Matins,Prophecy,Job 25:1-6,Job 25:1-6,source_supplement,verified recurring context; evidence=sources/coptic-reader/lent-qualified-2026-10-07/2026-03-17/Prophecies.txt; verified_date=2026-03-17; captured_at=2026-10-07T17:26:23.098Z,https://copticreader.org/app/
2022-03-29,Tuesday of the fifth week of Great Lent,Matins,Prophecy,Job 26:1-14,Job 26:1-14,source_supplement,verified recurring context; evidence=sources/coptic-reader/lent-qualified-2026-10-07/2026-03-17/Prophecies.txt; verified_date=2026-03-17; captured_at=2026-10-07T17:26:23.098Z,https://copticreader.org/app/
2022-04-03,Sunday of the fifth week of Great Lent,Matins,Psalm,Psalm 101:1  &  Psalm 101:2  &  Psalm 101:12,Ps 102:1-2; Ps 102:12,source_corrected,source_corrected_from_coptic_reader_text_aligned_to_nkjv; evidence=sources/coptic-reader/remaining-2026-09-07/2026-03-22-matins-.txt; verified_date=2026-03-22,https://copticchurch.net/readings?g_year=2022&g_month=04&g_day=03
2022-07-11,Abib 4,Vespers,Psalm,Psalm 68:65  &  Psalm 68:3,Ps 68:35; Ps 68:3,source_corrected,source_corrected_from_coptic_reader_text_aligned_to_nkjv; evidence=sources/coptic-reader/remaining-2026-09-07/2023-07-11-vespers-.txt; verified_date=2023-07-11,https://copticchurch.net/readings?g_year=2022&g_month=07&g_day=11
2022-07-14,Abib 7,Liturgy,Gospel,Matt 9:33 - 41,Mark 9:33-41,source_corrected,source_corrected_from_coptic_reader_web_app_3.7; evidence=sources/coptic-reader/coptic-reader-live-2026-09-07/2023-07-14-gospel.txt; verified_date=2023-07-14,https://copticchurch.net/readings?g_year=2022&g_month=07&g_day=14
2022-07-19,Abib 12,Vespers,Psalm,Psalm 68:65  &  Psalm 68:3,Ps 68:35; Ps 68:3,source_corrected,source_corrected_from_coptic_reader_text_aligned_to_nkjv; evidence=sources/coptic-reader/remaining-2026-09-07/2023-07-19-vespers-.txt; verified_date=2023-07-19,https://copticchurch.net/readings?g_year=2022&g_month=07&g_day=19
2022-07-28,Abib 21,Matins,Gospel,Mk 19:9-13,Mark 13:9-13,source_corrected,source_corrected_from_katameros_api_2026_06_18; live API returned Mark 13:9-13,https://copticchurch.net/readings?g_year=2022&g_month=07&g_day=28
2022-08-07,St Mary's Fast,Vespers,Psalm,Psalm 68:65  &  Psalm 68:3,Ps 68:35; Ps 68:3,source_corrected,source_corrected_from_coptic_reader_text_aligned_to_nkjv; evidence=sources/coptic-reader/remaining-2026-09-07/2023-08-07-vespers-.txt; verified_date=2023-08-07,https://copticchurch.net/readings?g_year=2022&g_month=08&g_day=07
2022-08-11,Mesra 5,Liturgy,Gospel,Matt 3:23—  &  Matt 5:1-16,Matt 4:23-5:16,source_corrected,source_corrected_from_coptic_reader_web_app_3.7; evidence=sources/coptic-reader/remaining-2026-09-07/2023-08-11-liturgy-psalm-and-gospel.txt; verified_date=2023-08-11,https://copticchurch.net/readings?g_year=2022&g_month=08&g_day=11
2022-08-13,Mesra 7,Vespers,Gospel,Mk 14:-39,Mk 14:39,repaired,repaired_negative_verse_marker,https://copticchurch.net/readings?g_year=2022&g_month=08&g_day=13
2022-08-15,Mesra 9,Vespers,Psalm,Psalm 68:65  &  Psalm 68:3,Ps 68:35; Ps 68:3,source_corrected,source_corrected_from_coptic_reader_text_aligned_to_nkjv; evidence=sources/coptic-reader/remaining-2026-09-07/2023-08-15-vespers-.txt; verified_date=2023-08-15,https://copticchurch.net/readings?g_year=2022&g_month=08&g_day=15
2022-08-22,Mesra 16 (St Mary's Feast),Vespers,Gospel,Lk 10:38-52,Lk 10:38-42,source_corrected,source_corrected_from_coptic_reader_web_app_3.7; evidence=sources/coptic-reader/remaining-2026-09-07/2023-08-22-vespers-.txt; verified_date=2023-08-22,https://copticchurch.net/readings?g_year=2022&g_month=08&g_day=22
2022-08-25,Mesra 19,Liturgy,Catholic Epistle,Jm 1:1-12,James 1:12-21,source_corrected,source_corrected_from_george_user-supplied_correction; evidence=sources/user-corrections/mesra-19-james.json,https://copticchurch.net/readings?g_year=2022&g_month=08&g_day=25
2022-08-29,Mesra 23,Liturgy,Pauline Epistle,Rom 8:28:39,Rom 8:28-39,source_corrected,source_corrected_from_katameros_api_2026_06_18; live API returned Rom 8:28-39,https://copticchurch.net/readings?g_year=2022&g_month=08&g_day=29
2022-08-31,Mesra 25,Liturgy,Acts of the Apostles,Acts 18:24—  &  Acts 9:1-6,Acts 18:24-28; Acts 19:1-6,source_corrected,source_corrected_from_katameros_api_2026_06_18; live API returned Acts 18:24-28 and Acts 19:1-6,https://copticchurch.net/readings?g_year=2022&g_month=08&g_day=31
2022-09-01,Mesra 26,Liturgy,Pauline Epistle,Rom 7:14-27,Rom 8:14-27,source_corrected,source_corrected_from_coptic_reader_web_app_3.7; evidence=sources/coptic-reader/remaining-2026-09-07/2023-09-01-liturgy-pauline-epistle.txt; verified_date=2023-09-01,https://copticchurch.net/readings?g_year=2022&g_month=09&g_day=01
2022-09-02,Mesra 27,Liturgy,Pauline Epistle,Rom 8:28:39,Rom 8:28-39,source_corrected,source_corrected_from_katameros_api_2026_06_18; live API returned Rom 8:28-39,https://copticchurch.net/readings?g_year=2022&g_month=09&g_day=02
2022-09-09,Nasie 4,Vespers,Psalm,Psalm 68:65  &  Psalm 68:3,Ps 68:35; Ps 68:3,source_corrected,source_corrected_from_coptic_reader_text_aligned_to_nkjv; evidence=sources/coptic-reader/remaining-2026-09-07/2023-09-09-vespers-.txt; verified_date=2023-09-09,https://copticchurch.net/readings?g_year=2022&g_month=09&g_day=09
2022-09-18,The first Sunday of Tout,Liturgy,Pauline Epistle,1Tim 1:12-27,1Tim 1:12-19,source_corrected,source_corrected_from_coptic_reader_web_app_3.7; evidence=sources/coptic-reader/coptic-reader-live-2026-09-07/2023-09-17-pauline.txt; verified_date=2023-09-17,https://copticchurch.net/readings?g_year=2022&g_month=09&g_day=18
2022-09-18,The first Sunday of Tout,Liturgy,Psalm,Psalm 31:26  &  Psalm 31:19,Ps 31:23; Ps 31:19,source_corrected,source_corrected_from_coptic_reader_text_aligned_to_nkjv; evidence=sources/coptic-reader/remaining-2026-09-07/2023-09-17-liturgy-psalm-and-gospel.txt; verified_date=2023-09-17,https://copticchurch.net/readings?g_year=2022&g_month=09&g_day=18
2022-10-01,Tout 21,Liturgy,Catholic Epistle,Jn 2:7-11,1Jn 2:7-11,source_corrected,source_corrected; verified 1 John 2:7-11 at https://api.katameros.app/readings/gregorian/01-10-2026?languageId=2,https://copticchurch.net/readings?g_year=2022&g_month=10&g_day=01
2022-10-03,Tout 23,Liturgy,Catholic Epistle,Jn 2:7-11,1Jn 2:7-11,source_corrected,source_corrected; verified 1 John 2:7-11 at https://api.katameros.app/readings/gregorian/01-10-2026?languageId=2,https://copticchurch.net/readings?g_year=2022&g_month=10&g_day=03
2022-12-12,Kiak 3,Vespers,Gospel,Lk 10:38-52,Lk 10:38-42,source_corrected,source_corrected_from_coptic_reader_web_app_3.7; evidence=sources/coptic-reader/remaining-2026-09-07/2022-12-12-vespers-.txt; verified_date=2022-12-12,https://copticchurch.net/readings?g_year=2022&g_month=12&g_day=12
2023-01-01,The fourth Sunday of Kiak,Liturgy,Catholic Epistle,1Jn 2:24-33,1Jn 2:24-3:3,source_corrected,source_corrected_from_coptic_reader_web_app_3.7; evidence=sources/coptic-reader/remaining-2026-09-07/2026-01-04-liturgy-catholic-epistle.txt; verified_date=2026-01-04,https://copticchurch.net/readings?g_year=2023&g_month=01&g_day=01
2023-01-01,The fourth Sunday of Kiak,Matins,Psalm,Psalm 95:10-12,Ps 96:11-13,source_corrected,source_corrected_from_coptic_reader_text_aligned_to_nkjv; evidence=sources/coptic-reader/remaining-2026-09-07/2026-01-04-matins-.txt; verified_date=2026-01-04,https://copticchurch.net/readings?g_year=2023&g_month=01&g_day=01
2023-01-08,Second Day of Nativity,Vespers,Psalm,19.72:1-2,Ps 72:1-2,sunday_policy_overlay,Source-qualified Sunday selection AnnualReadings:120; numeric_coptic=4/30; verified_date=2028-01-09; Psalm MT/LXX verse alignment HELD; existing numeric source coordinates retained,https://copticreader.org/app/
2023-01-08,Second Day of Nativity,Vespers,Gospel,Matthew 12:15-23,Matt 12:15-23,sunday_policy_overlay,Source-qualified Sunday selection AnnualReadings:120; numeric_coptic=4/30; verified_date=2028-01-09; ,https://copticreader.org/app/
2023-01-08,Second Day of Nativity,Matins,Psalm,"19.72:11,19","Ps 72:11,19",sunday_policy_overlay,Source-qualified Sunday selection AnnualReadings:120; numeric_coptic=4/30; verified_date=2028-01-09; Psalm MT/LXX verse alignment HELD; existing numeric source coordinates retained,https://copticreader.org/app/
2023-01-08,Second Day of Nativity,Matins,Gospel,Matthew 22:41-46,Matt 22:41-46,sunday_policy_overlay,Source-qualified Sunday selection AnnualReadings:120; numeric_coptic=4/30; verified_date=2028-01-09; ,https://copticreader.org/app/
2023-01-08,Second Day of Nativity,Liturgy,Pauline Epistle,Galatians 4:19-5:1,Gal 4:19-5:1,sunday_policy_overlay,Source-qualified Sunday selection AnnualReadings:120; numeric_coptic=4/30; verified_date=2028-01-09; ,https://copticreader.org/app/
2023-01-08,Second Day of Nativity,Liturgy,Catholic Epistle,1 John 4:15-5:4,1Jn 4:15-5:4,sunday_policy_overlay,Source-qualified Sunday selection AnnualReadings:120; numeric_coptic=4/30; verified_date=2028-01-09; ,https://copticreader.org/app/
2023-01-08,Second Day of Nativity,Liturgy,Acts of the Apostles,Acts 13:36-43,Acts 13:36-43,sunday_policy_overlay,Source-qualified Sunday selection AnnualReadings:120; numeric_coptic=4/30; verified_date=2028-01-09; ,https://copticreader.org/app/
2023-01-08,Second Day of Nativity,Liturgy,Psalm,19.72:17,Ps 72:17,sunday_policy_overlay,Source-qualified Sunday selection AnnualReadings:120; numeric_coptic=4/30; verified_date=2028-01-09; Psalm MT/LXX verse alignment HELD; existing numeric source coordinates retained,https://copticreader.org/app/
2023-01-08,Second Day of Nativity,Liturgy,Gospel,John 1:1-13,Jn 1:1-13,sunday_policy_overlay,Source-qualified Sunday selection AnnualReadings:120; numeric_coptic=4/30; verified_date=2028-01-09; ,https://copticreader.org/app/
2023-02-22,Wednesday of the first week of Great Lent,Liturgy,Psalm,Psalm 24:20  &  Psalm 24:16,Ps 25:20; Ps 25:16,source_corrected,source_corrected_from_coptic_reader_text_aligned_to_nkjv; evidence=sources/coptic-reader/remaining-2026-09-07/2026-02-18-liturgy-psalm-and-gospel.txt; verified_date=2026-02-18,https://copticchurch.net/readings?g_year=2023&g_month=02&g_day=22
2023-02-23,Thursday of the first week of Great Lent,Liturgy,Psalm,Psalm 117:14  &  Psalm 117:18,Ps 118:14; Ps 118:18,source_corrected,source_corrected_from_coptic_reader_text_aligned_to_nkjv; evidence=sources/coptic-reader/remaining-2026-09-07/2026-02-19-liturgy-psalm-and-gospel.txt; verified_date=2026-02-19,https://copticchurch.net/readings?g_year=2023&g_month=02&g_day=23
2023-02-27,Monday of the second week of Great Lent,Matins,Prophecy,Exodus 3:6-14,Exod 3:6-14,source_supplement,verified recurring context; evidence=sources/coptic-reader/lent-qualified-2026-10-07/2026-02-23/Prophecies.txt; verified_date=2026-02-23; captured_at=2026-10-07T17:14:31.612Z,https://copticreader.org/app/
2023-02-27,Monday of the second week of Great Lent,Matins,Prophecy,Isaiah 4:2-5:7,Isa 4:2-5:7,source_supplement,verified recurring context; evidence=sources/coptic-reader/lent-qualified-2026-10-07/2026-02-23/Prophecies.txt; verified_date=2026-02-23; captured_at=2026-10-07T17:14:31.612Z,https://copticreader.org/app/
2023-02-28,Tuesday of the second week of Great Lent,Matins,Prophecy,Job 19:1-27,Job 19:1-27,source_supplement,verified recurring context; evidence=sources/coptic-reader/lent-qualified-2026-10-07/2026-02-24/Prophecies.txt; verified_date=2026-02-24; captured_at=2026-10-07T17:15:23.623Z,https://copticreader.org/app/
2023-02-28,Tuesday of the second week of Great Lent,Matins,Prophecy,Isaiah 5:7-16,Isa 5:7-16,source_supplement,verified recurring context; evidence=sources/coptic-reader/lent-qualified-2026-10-07/2026-02-24/Prophecies.txt; verified_date=2026-02-24; captured_at=2026-10-07T17:15:23.623Z,https://copticreader.org/app/
2023-03-01,Wednesday of the second week of Great Lent,Matins,Prophecy,Exodus 2:11-20,Exod 2:11-20,source_supplement,verified recurring context; evidence=sources/coptic-reader/lent-qualified-2026-10-07/2026-02-25/Prophecies.txt; verified_date=2026-02-25; captured_at=2026-10-07T17:15:58.396Z,https://copticreader.org/app/
2023-03-01,Wednesday of the second week of Great Lent,Matins,Prophecy,Isaiah 5:17-25,Isa 5:17-25,source_supplement,verified recurring context; evidence=sources/coptic-reader/lent-qualified-2026-10-07/2026-02-25/Prophecies.txt; verified_date=2026-02-25; captured_at=2026-10-07T17:15:58.396Z,https://copticreader.org/app/
2023-03-02,Thursday of the second week of Great Lent,Matins,Prophecy,Deuteronomy 5:15-22,Deut 5:15-22,source_supplement,verified recurring context; evidence=sources/coptic-reader/lent-qualified-2026-10-07/2026-02-26/Prophecies.txt; verified_date=2026-02-26; captured_at=2026-10-07T17:16:36.181Z,https://copticreader.org/app/
2023-03-02,Thursday of the second week of Great Lent,Matins,Prophecy,Isaiah 6:1-12,Isa 6:1-12,source_supplement,verified recurring context; evidence=sources/coptic-reader/lent-qualified-2026-10-07/2026-02-26/Prophecies.txt; verified_date=2026-02-26; captured_at=2026-10-07T17:16:36.181Z,https://copticreader.org/app/
2023-03-03,Friday of the second week of Great Lent,Matins,Prophecy,Deuteronomy 8:1-9:4,Deut 8:1-9:4,source_supplement,verified recurring context; evidence=sources/coptic-reader/lent-qualified-2026-10-07/2026-02-27/Prophecies.txt; verified_date=2026-02-27; captured_at=2026-10-07T17:17:03.024Z,https://copticreader.org/app/
2023-03-03,Friday of the second week of Great Lent,Matins,Prophecy,1 Samuel 17:1-18:4,1Sam 17:1-18:4,source_supplement,verified recurring context; evidence=sources/coptic-reader/lent-qualified-2026-10-07/2026-02-27/Prophecies.txt; verified_date=2026-02-27; captured_at=2026-10-07T17:17:03.024Z,https://copticreader.org/app/
2023-03-03,Friday of the second week of Great Lent,Matins,Prophecy,Isaiah 7:1-14,Isa 7:1-14,source_supplement,verified recurring context; evidence=sources/coptic-reader/lent-qualified-2026-10-07/2026-02-27/Prophecies.txt; verified_date=2026-02-27; captured_at=2026-10-07T17:17:03.024Z,https://copticreader.org/app/
2023-03-03,Friday of the second week of Great Lent,Matins,Prophecy,Job 11:1-20,Job 11:1-20,source_supplement,verified recurring context; evidence=sources/coptic-reader/lent-qualified-2026-10-07/2026-02-27/Prophecies.txt; verified_date=2026-02-27; captured_at=2026-10-07T17:17:03.024Z,https://copticreader.org/app/
2023-03-06,Monday of the third week of Great Lent,Matins,Prophecy,Proverbs 1:20-33,Prov 1:20-33,source_supplement,verified recurring context; evidence=sources/coptic-reader/lent-qualified-2026-10-07/2026-03-02/Prophecies.txt; verified_date=2026-03-02; captured_at=2026-10-07T17:17:19.039Z,https://copticreader.org/app/
2023-03-06,Monday of the third week of Great Lent,Matins,Prophecy,Isaiah 8:13-9:7,Isa 8:13-9:7,source_supplement,verified recurring context; evidence=sources/coptic-reader/lent-qualified-2026-10-07/2026-03-02/Prophecies.txt; verified_date=2026-03-02; captured_at=2026-10-07T17:17:19.039Z,https://copticreader.org/app/
2023-03-07,Tuesday of the third week of Great Lent,Matins,Prophecy,Proverbs 2:1-15,Prov 2:1-15,source_supplement,verified recurring context; evidence=sources/coptic-reader/lent-qualified-2026-10-07/2026-03-03/Prophecies.txt; verified_date=2026-03-03; captured_at=2026-10-07T17:17:34.270Z,https://copticreader.org/app/
2023-03-07,Tuesday of the third week of Great Lent,Matins,Prophecy,Isaiah 10:12-20,Isa 10:12-20,source_supplement,verified recurring context; evidence=sources/coptic-reader/lent-qualified-2026-10-07/2026-03-03/Prophecies.txt; verified_date=2026-03-03; captured_at=2026-10-07T17:17:34.270Z,https://copticreader.org/app/
2023-03-08,Wednesday of the third week of Great Lent,Matins,Prophecy,Exodus 4:19-6:13,Exod 4:19-6:13,source_supplement,verified recurring context; evidence=sources/coptic-reader/lent-week3-wednesday-2026-10-07/coptic-reader-2026-03-04-matins-prophecies.txt; verified_date=2026-03-04; captured_at=2026-10-07,https://copticreader.org/app/
2023-03-08,Wednesday of the third week of Great Lent,Matins,Prophecy,Joel 2:21-27,Joel 2:21-27,source_supplement,verified recurring context; evidence=sources/coptic-reader/lent-week3-wednesday-2026-10-07/coptic-reader-2026-03-04-matins-prophecies.txt; verified_date=2026-03-04; captured_at=2026-10-07,https://copticreader.org/app/
2023-03-08,Wednesday of the third week of Great Lent,Matins,Prophecy,Isaiah 9:9-10:4,Isa 9:9-10:4,source_supplement,verified recurring context; evidence=sources/coptic-reader/lent-week3-wednesday-2026-10-07/coptic-reader-2026-03-04-matins-prophecies.txt; verified_date=2026-03-04; captured_at=2026-10-07,https://copticreader.org/app/
2023-03-08,Wednesday of the third week of Great Lent,Matins,Prophecy,Job 12:1-14:22,Job 12:1-14:22,source_supplement,verified recurring context; evidence=sources/coptic-reader/lent-week3-wednesday-2026-10-07/coptic-reader-2026-03-04-matins-prophecies.txt; verified_date=2026-03-04; captured_at=2026-10-07,https://copticreader.org/app/
2023-03-09,Thursday of the third week of Great Lent,Matins,Prophecy,Genesis 18:17-19:29,Gen 18:17-19:29,source_supplement,verified recurring context; evidence=sources/coptic-reader/lent-qualified-2026-10-07/2026-03-05/Prophecies.txt; verified_date=2026-03-05; captured_at=2026-10-07T17:17:49.562Z,https://copticreader.org/app/
2023-03-09,Thursday of the third week of Great Lent,Matins,Prophecy,Proverbs 2:16-3:4,Prov 2:16-3:4,source_supplement,verified recurring context; evidence=sources/coptic-reader/lent-qualified-2026-10-07/2026-03-05/Prophecies.txt; verified_date=2026-03-05; captured_at=2026-10-07T17:17:49.562Z,https://copticreader.org/app/
2023-03-09,Thursday of the third week of Great Lent,Matins,Prophecy,Isaiah 11:10-12:2,Isa 11:10-12:2,source_supplement,verified recurring context; evidence=sources/coptic-reader/lent-qualified-2026-10-07/2026-03-05/Prophecies.txt; verified_date=2026-03-05; captured_at=2026-10-07T17:17:49.562Z,https://copticreader.org/app/
2023-03-13,Monday of the fourth week of Great Lent,Matins,Prophecy,Genesis 27:1-41,Gen 27:1-41,source_supplement,verified recurring context; evidence=sources/coptic-reader/lent-qualified-2026-10-07/2026-03-09/Prophecies.txt; verified_date=2026-03-09; captured_at=2026-10-07T17:24:38.921Z,https://copticreader.org/app/
2023-03-13,Monday of the fourth week of Great Lent,Matins,Prophecy,Isaiah 14:24-32,Isa 14:24-32,source_supplement,verified recurring context; evidence=sources/coptic-reader/lent-qualified-2026-10-07/2026-03-09/Prophecies.txt; verified_date=2026-03-09; captured_at=2026-10-07T17:24:38.921Z,https://copticreader.org/app/
2023-03-13,Monday of the fourth week of Great Lent,Matins,Prophecy,Job 16:1-17:16,Job 16:1-17:16,source_supplement,verified recurring context; evidence=sources/coptic-reader/lent-qualified-2026-10-07/2026-03-09/Prophecies.txt; verified_date=2026-03-09; captured_at=2026-10-07T17:24:38.921Z,https://copticreader.org/app/
2023-03-15,Wednesday of the fourth week of Great Lent,Liturgy,Pauline Epistle,Ephesians 4:17-33,Eph 4:17-32,source_corrected,source_corrected_from_coptic_reader_web_app_3.7; evidence=sources/coptic-reader/remaining-2026-09-07/2026-03-11-liturgy-pauline-epistle.txt; verified_date=2026-03-11,https://copticchurch.net/readings?g_year=2023&g_month=03&g_day=15
2023-03-15,Wednesday of the fourth week of Great Lent,Matins,Prophecy,Exodus 7:14-8:19,Exod 7:14-8:19,source_supplement,verified recurring context; evidence=sources/coptic-reader/lent-qualified-2026-10-07/2026-03-11/Prophecies.txt; verified_date=2026-03-11; captured_at=2026-10-07T17:25:31.767Z,https://copticreader.org/app/
2023-03-15,Wednesday of the fourth week of Great Lent,Matins,Prophecy,Joel 2:28-32,Joel 2:28-32,source_supplement,verified recurring context; evidence=sources/coptic-reader/lent-qualified-2026-10-07/2026-03-11/Prophecies.txt; verified_date=2026-03-11; captured_at=2026-10-07T17:25:31.767Z,https://copticreader.org/app/
2023-03-15,Wednesday of the fourth week of Great Lent,Matins,Prophecy,Job 1:1-22,Job 1:1-22,source_supplement,verified recurring context; evidence=sources/coptic-reader/lent-qualified-2026-10-07/2026-03-11/Prophecies.txt; verified_date=2026-03-11; captured_at=2026-10-07T17:25:31.767Z,https://copticreader.org/app/
2023-03-15,Wednesday of the fourth week of Great Lent,Matins,Prophecy,Isaiah 26:21-27:9,Isa 26:21-27:9,source_supplement,verified recurring context; evidence=sources/coptic-reader/lent-qualified-2026-10-07/2026-03-11/Prophecies.txt; verified_date=2026-03-11; captured_at=2026-10-07T17:25:31.767Z,https://copticreader.org/app/
2023-03-16,Thursday of the fourth week of Great Lent,Matins,Prophecy,Genesis 32:1-30,Gen 32:1-30,source_supplement,verified recurring context; evidence=sources/coptic-reader/lent-qualified-2026-10-07/2026-03-12/Prophecies.txt; verified_date=2026-03-12; captured_at=2026-10-07T17:26:02.062Z,https://copticreader.org/app/
2023-03-16,Thursday of the fourth week of Great Lent,Matins,Prophecy,Isaiah 28:14-22,Isa 28:14-22,source_supplement,verified recurring context; evidence=sources/coptic-reader/lent-qualified-2026-10-07/2026-03-12/Prophecies.txt; verified_date=2026-03-12; captured_at=2026-10-07T17:26:02.062Z,https://copticreader.org/app/
2023-03-16,Thursday of the fourth week of Great Lent,Matins,Prophecy,Job 20:1-29,Job 20:1-29,source_supplement,verified recurring context; evidence=sources/coptic-reader/lent-qualified-2026-10-07/2026-03-12/Prophecies.txt; verified_date=2026-03-12; captured_at=2026-10-07T17:26:02.062Z,https://copticreader.org/app/
2023-03-16,Thursday of the fourth week of Great Lent,Matins,Prophecy,Daniel 6:1-27,Dan 6:1-27,source_supplement,verified recurring context; evidence=sources/coptic-reader/lent-qualified-2026-10-07/2026-03-12/Prophecies.txt; verified_date=2026-03-12; captured_at=2026-10-07T17:26:02.062Z,https://copticreader.org/app/
2023-03-18,Saturday of the fourth week of Great Lent,Liturgy,Psalm,Psalm 61:1  &  Psalm 610:5,"Psalm 61:1,5",source_corrected,"source_corrected_from_katameros_api_2026_06_18; live API returned Ps 61:1,5",https://copticchurch.net/readings?g_year=2023&g_month=03&g_day=18
2023-03-20,Monday of the fifth week of Great Lent,Matins,Prophecy,Proverbs 3:5-18,Prov 3:5-18,source_supplement,verified recurring context; evidence=sources/coptic-reader/lent-qualified-2026-10-07/2026-03-16/Prophecies.txt; verified_date=2026-03-16; captured_at=2026-10-07T17:26:21.295Z,https://copticreader.org/app/
2023-03-20,Monday of the fifth week of Great Lent,Matins,Prophecy,Isaiah 37:33-38:6,Isa 37:33-38:6,source_supplement,verified recurring context; evidence=sources/coptic-reader/lent-qualified-2026-10-07/2026-03-16/Prophecies.txt; verified_date=2026-03-16; captured_at=2026-10-07T17:26:21.295Z,https://copticreader.org/app/
2023-03-20,Monday of the fifth week of Great Lent,Matins,Prophecy,Job 22:1-30,Job 22:1-30,source_supplement,verified recurring context; evidence=sources/coptic-reader/lent-qualified-2026-10-07/2026-03-16/Prophecies.txt; verified_date=2026-03-16; captured_at=2026-10-07T17:26:21.295Z,https://copticreader.org/app/
2023-03-21,Tuesday of the fifth week of Great Lent,Matins,Prophecy,Numbers 10:35-11:35,Num 10:35-11:35,source_supplement,verified recurring context; evidence=sources/coptic-reader/lent-qualified-2026-10-07/2026-03-17/Prophecies.txt; verified_date=2026-03-17; captured_at=2026-10-07T17:26:23.098Z,https://copticreader.org/app/
2023-03-21,Tuesday of the fifth week of Great Lent,Matins,Prophecy,Proverbs 3:19-4:9,Prov 3:19-4:9,source_supplement,verified recurring context; evidence=sources/coptic-reader/lent-qualified-2026-10-07/2026-03-17/Prophecies.txt; verified_date=2026-03-17; captured_at=2026-10-07T17:26:23.098Z,https://copticreader.org/app/
2023-03-21,Tuesday of the fifth week of Great Lent,Matins,Prophecy,Isaiah 40:1-8,Isa 40:1-8,source_supplement,verified recurring context; evidence=sources/coptic-reader/lent-qualified-2026-10-07/2026-03-17/Prophecies.txt; verified_date=2026-03-17; captured_at=2026-10-07T17:26:23.098Z,https://copticreader.org/app/
2023-03-21,Tuesday of the fifth week of Great Lent,Matins,Prophecy,Job 25:1-6,Job 25:1-6,source_supplement,verified recurring context; evidence=sources/coptic-reader/lent-qualified-2026-10-07/2026-03-17/Prophecies.txt; verified_date=2026-03-17; captured_at=2026-10-07T17:26:23.098Z,https://copticreader.org/app/
2023-03-21,Tuesday of the fifth week of Great Lent,Matins,Prophecy,Job 26:1-14,Job 26:1-14,source_supplement,verified recurring context; evidence=sources/coptic-reader/lent-qualified-2026-10-07/2026-03-17/Prophecies.txt; verified_date=2026-03-17; captured_at=2026-10-07T17:26:23.098Z,https://copticreader.org/app/
2023-03-26,Sunday of the fifth week of Great Lent,Matins,Psalm,Psalm 101:1  &  Psalm 101:2  &  Psalm 101:12,Ps 102:1-2; Ps 102:12,source_corrected,source_corrected_from_coptic_reader_text_aligned_to_nkjv; evidence=sources/coptic-reader/remaining-2026-09-07/2026-03-22-matins-.txt; verified_date=2026-03-22,https://copticchurch.net/readings?g_year=2023&g_month=03&g_day=26
2023-04-07,Friday of the seventh week of Great Lent,Matins,Prophecy,Genesis 49:33-50:26,Gen 49:33-50:26,source_boundary_overlay,UK Midlands Katameros Days p.22 rule 13: Annunciation yields during the non-repeatable Lord-events window; evidence=sources/coptic-reader/last-friday-2028-04-07-2026-10-07/verified-table.json; verified_date=2028-04-07;,https://copticreader.org/app/#/document
2023-04-07,Friday of the seventh week of Great Lent,Matins,Prophecy,Proverbs 11:27-12:22,Prov 11:27-12:22,source_boundary_overlay,UK Midlands Katameros Days p.22 rule 13: Annunciation yields during the non-repeatable Lord-events window; evidence=sources/coptic-reader/last-friday-2028-04-07-2026-10-07/verified-table.json; verified_date=2028-04-07;,https://copticreader.org/app/#/document
2023-04-07,Friday of the seventh week of Great Lent,Matins,Prophecy,Isaiah 66:10-24,Isa 66:10-24,source_boundary_overlay,UK Midlands Katameros Days p.22 rule 13: Annunciation yields during the non-repeatable Lord-events window; evidence=sources/coptic-reader/last-friday-2028-04-07-2026-10-07/verified-table.json; verified_date=2028-04-07;,https://copticreader.org/app/#/document
2023-04-07,Friday of the seventh week of Great Lent,Matins,Prophecy,Job 42:7-17,Job 42:7-17,source_boundary_overlay,UK Midlands Katameros Days p.22 rule 13: Annunciation yields during the non-repeatable Lord-events window; evidence=sources/coptic-reader/last-friday-2028-04-07-2026-10-07/verified-table.json; verified_date=2028-04-07;,https://copticreader.org/app/#/document
2023-04-07,Friday of the seventh week of Great Lent,Matins,Psalm,Psalms 31:11-12,Ps 32:10-11,source_boundary_overlay,"UK Midlands Katameros Days p.22 rule 13: Annunciation yields during the non-repeatable Lord-events window; evidence=sources/coptic-reader/last-friday-2028-04-07-2026-10-07/verified-table.json; verified_date=2028-04-07; Coptic Reader wording corresponds to NKJV Psalm 32:10-11, not printed verses 11-12; wording differs (scourges/sorrows, sinner/wicked).",https://copticreader.org/app/#/document
2023-04-07,Friday of the seventh week of Great Lent,Matins,Gospel,Luke 16:19-31,Lk 16:19-31,source_boundary_overlay,UK Midlands Katameros Days p.22 rule 13: Annunciation yields during the non-repeatable Lord-events window; evidence=sources/coptic-reader/last-friday-2028-04-07-2026-10-07/verified-table.json; verified_date=2028-04-07;,https://copticreader.org/app/#/document
2023-04-07,Friday of the seventh week of Great Lent,Liturgy,Pauline Epistle,2 Timothy 3:1-4:5,2Tim 3:1-4:5,source_boundary_overlay,UK Midlands Katameros Days p.22 rule 13: Annunciation yields during the non-repeatable Lord-events window; evidence=sources/coptic-reader/last-friday-2028-04-07-2026-10-07/verified-table.json; verified_date=2028-04-07;,https://copticreader.org/app/#/document
2023-04-07,Friday of the seventh week of Great Lent,Liturgy,Catholic Epistle,James 5:7-16,James 5:7-16,source_boundary_overlay,UK Midlands Katameros Days p.22 rule 13: Annunciation yields during the non-repeatable Lord-events window; evidence=sources/coptic-reader/last-friday-2028-04-07-2026-10-07/verified-table.json; verified_date=2028-04-07;,https://copticreader.org/app/#/document
2023-04-07,Friday of the seventh week of Great Lent,Liturgy,Acts,Acts 15:1-18,Acts 15:1-18,source_boundary_overlay,UK Midlands Katameros Days p.22 rule 13: Annunciation yields during the non-repeatable Lord-events window; evidence=sources/coptic-reader/last-friday-2028-04-07-2026-10-07/verified-table.json; verified_date=2028-04-07;,https://copticreader.org/app/#/document
2023-04-07,Friday of the seventh week of Great Lent,Liturgy,Psalm,Psalms 97:8,Ps 98:8-9,source_boundary_overlay,"UK Midlands Katameros Days p.22 rule 13: Annunciation yields during the non-repeatable Lord-events window; evidence=sources/coptic-reader/last-friday-2028-04-07-2026-10-07/verified-table.json; verified_date=2028-04-07; Coptic Reader excerpt corresponds to NKJV Psalm 98:8b-9; the rivers clause in 8a is not sung. Canonical full-verse coverage is 98:8-9, not a claim that all verse 8 is sung.",https://copticreader.org/app/#/document
2023-04-07,Friday of the seventh week of Great Lent,Liturgy,Gospel,Luke 13:31-35,Lk 13:31-35,source_boundary_overlay,UK Midlands Katameros Days p.22 rule 13: Annunciation yields during the non-repeatable Lord-events window; evidence=sources/coptic-reader/last-friday-2028-04-07-2026-10-07/verified-table.json; verified_date=2028-04-07;,https://copticreader.org/app/#/document
2023-07-11,Abib 4,Vespers,Psalm,Psalm 68:65  &  Psalm 68:3,Ps 68:35; Ps 68:3,source_corrected,source_corrected_from_coptic_reader_text_aligned_to_nkjv; evidence=sources/coptic-reader/remaining-2026-09-07/2023-07-11-vespers-.txt; verified_date=2023-07-11,https://copticchurch.net/readings?g_year=2023&g_month=07&g_day=11
2023-07-14,Abib 7,Liturgy,Gospel,Matt 9:33 - 41,Mark 9:33-41,source_corrected,source_corrected_from_coptic_reader_web_app_3.7; evidence=sources/coptic-reader/coptic-reader-live-2026-09-07/2023-07-14-gospel.txt; verified_date=2023-07-14,https://copticchurch.net/readings?g_year=2023&g_month=07&g_day=14
2023-07-19,Abib 12,Vespers,Psalm,Psalm 68:65  &  Psalm 68:3,Ps 68:35; Ps 68:3,source_corrected,source_corrected_from_coptic_reader_text_aligned_to_nkjv; evidence=sources/coptic-reader/remaining-2026-09-07/2023-07-19-vespers-.txt; verified_date=2023-07-19,https://copticchurch.net/readings?g_year=2023&g_month=07&g_day=19
2023-07-28,Abib 21,Matins,Gospel,Mk 19:9-13,Mark 13:9-13,source_corrected,source_corrected_from_katameros_api_2026_06_18; live API returned Mark 13:9-13,https://copticchurch.net/readings?g_year=2023&g_month=07&g_day=28
2023-07-31,Abib 24,Vespers,Psalm,Psalm 68:65  &  Psalm 68:3,Ps 68:35; Ps 68:3,source_corrected,source_corrected_from_coptic_reader_text_aligned_to_nkjv; evidence=sources/coptic-reader/remaining-2026-09-07/2023-07-31-vespers-.txt; verified_date=2023-07-31,https://copticchurch.net/readings?g_year=2023&g_month=07&g_day=31
2023-08-07,St Mary's Fast,Vespers,Psalm,Psalm 68:65  &  Psalm 68:3,Ps 68:35; Ps 68:3,source_corrected,source_corrected_from_coptic_reader_text_aligned_to_nkjv; evidence=sources/coptic-reader/remaining-2026-09-07/2023-08-07-vespers-.txt; verified_date=2023-08-07,https://copticchurch.net/readings?g_year=2023&g_month=08&g_day=07
2023-08-11,Mesra 5,Liturgy,Gospel,Matt 3:23—  &  Matt 5:1-16,Matt 4:23-5:16,source_corrected,source_corrected_from_coptic_reader_web_app_3.7; evidence=sources/coptic-reader/remaining-2026-09-07/2023-08-11-liturgy-psalm-and-gospel.txt; verified_date=2023-08-11,https://copticchurch.net/readings?g_year=2023&g_month=08&g_day=11
2023-08-15,Mesra 9,Vespers,Psalm,Psalm 68:65  &  Psalm 68:3,Ps 68:35; Ps 68:3,source_corrected,source_corrected_from_coptic_reader_text_aligned_to_nkjv; evidence=sources/coptic-reader/remaining-2026-09-07/2023-08-15-vespers-.txt; verified_date=2023-08-15,https://copticchurch.net/readings?g_year=2023&g_month=08&g_day=15
2023-08-22,Mesra 16 (St Mary's Feast),Vespers,Gospel,Lk 10:38-52,Lk 10:38-42,source_corrected,source_corrected_from_coptic_reader_web_app_3.7; evidence=sources/coptic-reader/remaining-2026-09-07/2023-08-22-vespers-.txt; verified_date=2023-08-22,https://copticchurch.net/readings?g_year=2023&g_month=08&g_day=22
2023-08-25,Mesra 19,Liturgy,Catholic Epistle,Jm 1:1-12,James 1:12-21,source_corrected,source_corrected_from_george_user-supplied_correction; evidence=sources/user-corrections/mesra-19-james.json,https://copticchurch.net/readings?g_year=2023&g_month=08&g_day=25
2023-08-29,Mesra 23,Liturgy,Pauline Epistle,Rom 8:28:39,Rom 8:28-39,source_corrected,source_corrected_from_katameros_api_2026_06_18; live API returned Rom 8:28-39,https://copticchurch.net/readings?g_year=2023&g_month=08&g_day=29
2023-08-31,Mesra 25,Liturgy,Acts of the Apostles,Acts 18:24—  &  Acts 9:1-6,Acts 18:24-28; Acts 19:1-6,source_corrected,source_corrected_from_katameros_api_2026_06_18; live API returned Acts 18:24-28 and Acts 19:1-6,https://copticchurch.net/readings?g_year=2023&g_month=08&g_day=31
2023-09-01,Mesra 26,Liturgy,Pauline Epistle,Rom 7:14-27,Rom 8:14-27,source_corrected,source_corrected_from_coptic_reader_web_app_3.7; evidence=sources/coptic-reader/remaining-2026-09-07/2023-09-01-liturgy-pauline-epistle.txt; verified_date=2023-09-01,https://copticchurch.net/readings?g_year=2023&g_month=09&g_day=01
2023-09-02,Mesra 27,Liturgy,Pauline Epistle,Rom 8:28:39,Rom 8:28-39,source_corrected,source_corrected_from_katameros_api_2026_06_18; live API returned Rom 8:28-39,https://copticchurch.net/readings?g_year=2023&g_month=09&g_day=02
2023-09-04,Mesra 29,Liturgy,Acts of the Apostles,Acts 5:34:42,Acts 5:34-42,source_corrected,source_corrected_from_katameros_api_2026_06_18; live API returned Acts 5:34-42,https://copticchurch.net/readings?g_year=2023&g_month=09&g_day=04
2023-09-09,Nasie 4,Vespers,Psalm,Psalm 68:65  &  Psalm 68:3,Ps 68:35; Ps 68:3,source_corrected,source_corrected_from_coptic_reader_text_aligned_to_nkjv; evidence=sources/coptic-reader/remaining-2026-09-07/2023-09-09-vespers-.txt; verified_date=2023-09-09,https://copticchurch.net/readings?g_year=2023&g_month=09&g_day=09
2023-09-17,The first Sunday of Tout,Liturgy,Pauline Epistle,1Tim 1:12-27,1Tim 1:12-19,source_corrected,source_corrected_from_coptic_reader_web_app_3.7; evidence=sources/coptic-reader/coptic-reader-live-2026-09-07/2023-09-17-pauline.txt; verified_date=2023-09-17,https://copticchurch.net/readings?g_year=2023&g_month=09&g_day=17
2023-09-17,The first Sunday of Tout,Liturgy,Psalm,Psalm 31:26  &  Psalm 31:19,Ps 31:23; Ps 31:19,source_corrected,source_corrected_from_coptic_reader_text_aligned_to_nkjv; evidence=sources/coptic-reader/remaining-2026-09-07/2023-09-17-liturgy-psalm-and-gospel.txt; verified_date=2023-09-17,https://copticchurch.net/readings?g_year=2023&g_month=09&g_day=17
2023-10-02,Tout 21,Liturgy,Catholic Epistle,Jn 2:7-11,1Jn 2:7-11,source_corrected,source_corrected; verified 1 John 2:7-11 at https://api.katameros.app/readings/gregorian/01-10-2026?languageId=2,https://copticchurch.net/readings?g_year=2023&g_month=10&g_day=02
2023-10-04,Tout 23,Liturgy,Catholic Epistle,Jn 2:7-11,1Jn 2:7-11,source_corrected,source_corrected; verified 1 John 2:7-11 at https://api.katameros.app/readings/gregorian/01-10-2026?languageId=2,https://copticchurch.net/readings?g_year=2023&g_month=10&g_day=04
2023-12-13,Kiak 3,Vespers,Gospel,Lk 10:38-52,Lk 10:38-42,source_corrected,source_corrected_from_coptic_reader_web_app_3.7; evidence=sources/coptic-reader/remaining-2026-09-07/2022-12-12-vespers-.txt; verified_date=2022-12-12,https://copticchurch.net/readings?g_year=2023&g_month=12&g_day=13
2023-12-31,fourth Sunday of Christmas Fast,Liturgy,Catholic Epistle,1Jn 2:24-33,1Jn 2:24-3:3,source_corrected,source_corrected_from_coptic_reader_web_app_3.7; evidence=sources/coptic-reader/remaining-2026-09-07/2026-01-04-liturgy-catholic-epistle.txt; verified_date=2026-01-04,https://copticchurch.net/readings?g_year=2023&g_month=12&g_day=31
2023-12-31,fourth Sunday of Christmas Fast,Matins,Psalm,Psalm 95:10-12,Ps 96:11; Ps 96:12; Ps 96:13,source_corrected,source_corrected_from_coptic_reader_text_aligned_to_nkjv; evidence=sources/coptic-reader/remaining-2026-09-07/2026-01-04-matins-.txt; verified_date=2026-01-04,https://copticchurch.net/readings?g_year=2023&g_month=12&g_day=31
2024-01-30,Toba 21,Vespers,Gospel,Lk 10:38-52,Lk 10:38-42,source_corrected,source_corrected_from_coptic_reader_web_app_3.7; evidence=sources/coptic-reader/remaining-2026-09-07/2024-01-30-vespers-.txt; verified_date=2024-01-30,https://copticchurch.net/readings?g_year=2024&g_month=01&g_day=30
2024-02-10,Amshir 2,Liturgy,Gospel,Matt 9:33 - 41,Mark 9:33-41,source_corrected,source_corrected_from_coptic_reader_web_app_3.7; evidence=sources/coptic-reader/coptic-reader-live-2026-09-07/2024-02-10-gospel.txt; verified_date=2024-02-10,https://copticchurch.net/readings?g_year=2024&g_month=02&g_day=10
2024-02-24,Amshir 16,Vespers,Gospel,Mk 14:-3-9,Mk 14:3-9,repaired,repaired_negative_verse_marker,https://copticchurch.net/readings?g_year=2024&g_month=02&g_day=24
2024-03-13,Wednesday of the first week of Great Lent,Liturgy,Psalm,Psalm 24:20  &  Psalm 24:16,Ps 25:20; Ps 25:16,source_corrected,source_corrected_from_coptic_reader_text_aligned_to_nkjv; evidence=sources/coptic-reader/remaining-2026-09-07/2026-02-18-liturgy-psalm-and-gospel.txt; verified_date=2026-02-18,https://copticchurch.net/readings?g_year=2024&g_month=03&g_day=13
2024-03-14,Thursday of the first week of Great Lent,Liturgy,Psalm,Psalm 117:14  &  Psalm 117:18,Ps 118:14; Ps 118:18,source_corrected,source_corrected_from_coptic_reader_text_aligned_to_nkjv; evidence=sources/coptic-reader/remaining-2026-09-07/2026-02-19-liturgy-psalm-and-gospel.txt; verified_date=2026-02-19,https://copticchurch.net/readings?g_year=2024&g_month=03&g_day=14
2024-03-18,Monday of the second week of Great Lent,Matins,Prophecy,Exodus 3:6-14,Exod 3:6-14,source_supplement,verified recurring context; evidence=sources/coptic-reader/lent-qualified-2026-10-07/2026-02-23/Prophecies.txt; verified_date=2026-02-23; captured_at=2026-10-07T17:14:31.612Z,https://copticreader.org/app/
2024-03-18,Monday of the second week of Great Lent,Matins,Prophecy,Isaiah 4:2-5:7,Isa 4:2-5:7,source_supplement,verified recurring context; evidence=sources/coptic-reader/lent-qualified-2026-10-07/2026-02-23/Prophecies.txt; verified_date=2026-02-23; captured_at=2026-10-07T17:14:31.612Z,https://copticreader.org/app/
2024-03-20,Wednesday of the second week of Great Lent,Matins,Prophecy,Exodus 2:11-20,Exod 2:11-20,source_supplement,verified recurring context; evidence=sources/coptic-reader/lent-qualified-2026-10-07/2026-02-25/Prophecies.txt; verified_date=2026-02-25; captured_at=2026-10-07T17:15:58.396Z,https://copticreader.org/app/
2024-03-20,Wednesday of the second week of Great Lent,Matins,Prophecy,Isaiah 5:17-25,Isa 5:17-25,source_supplement,verified recurring context; evidence=sources/coptic-reader/lent-qualified-2026-10-07/2026-02-25/Prophecies.txt; verified_date=2026-02-25; captured_at=2026-10-07T17:15:58.396Z,https://copticreader.org/app/
2024-03-21,Thursday of the second week of Great Lent,Matins,Prophecy,Deuteronomy 5:15-22,Deut 5:15-22,source_supplement,verified recurring context; evidence=sources/coptic-reader/lent-qualified-2026-10-07/2026-02-26/Prophecies.txt; verified_date=2026-02-26; captured_at=2026-10-07T17:16:36.181Z,https://copticreader.org/app/
2024-03-21,Thursday of the second week of Great Lent,Matins,Prophecy,Isaiah 6:1-12,Isa 6:1-12,source_supplement,verified recurring context; evidence=sources/coptic-reader/lent-qualified-2026-10-07/2026-02-26/Prophecies.txt; verified_date=2026-02-26; captured_at=2026-10-07T17:16:36.181Z,https://copticreader.org/app/
2024-03-22,Friday of the second week of Great Lent,Matins,Prophecy,Deuteronomy 8:1-9:4,Deut 8:1-9:4,source_supplement,verified recurring context; evidence=sources/coptic-reader/lent-qualified-2026-10-07/2026-02-27/Prophecies.txt; verified_date=2026-02-27; captured_at=2026-10-07T17:17:03.024Z,https://copticreader.org/app/
2024-03-22,Friday of the second week of Great Lent,Matins,Prophecy,1 Samuel 17:1-18:4,1Sam 17:1-18:4,source_supplement,verified recurring context; evidence=sources/coptic-reader/lent-qualified-2026-10-07/2026-02-27/Prophecies.txt; verified_date=2026-02-27; captured_at=2026-10-07T17:17:03.024Z,https://copticreader.org/app/
2024-03-22,Friday of the second week of Great Lent,Matins,Prophecy,Isaiah 7:1-14,Isa 7:1-14,source_supplement,verified recurring context; evidence=sources/coptic-reader/lent-qualified-2026-10-07/2026-02-27/Prophecies.txt; verified_date=2026-02-27; captured_at=2026-10-07T17:17:03.024Z,https://copticreader.org/app/
2024-03-22,Friday of the second week of Great Lent,Matins,Prophecy,Job 11:1-20,Job 11:1-20,source_supplement,verified recurring context; evidence=sources/coptic-reader/lent-qualified-2026-10-07/2026-02-27/Prophecies.txt; verified_date=2026-02-27; captured_at=2026-10-07T17:17:03.024Z,https://copticreader.org/app/
2024-03-25,Monday of the third week of Great Lent,Matins,Prophecy,Proverbs 1:20-33,Prov 1:20-33,source_supplement,verified recurring context; evidence=sources/coptic-reader/lent-qualified-2026-10-07/2026-03-02/Prophecies.txt; verified_date=2026-03-02; captured_at=2026-10-07T17:17:19.039Z,https://copticreader.org/app/
2024-03-25,Monday of the third week of Great Lent,Matins,Prophecy,Isaiah 8:13-9:7,Isa 8:13-9:7,source_supplement,verified recurring context; evidence=sources/coptic-reader/lent-qualified-2026-10-07/2026-03-02/Prophecies.txt; verified_date=2026-03-02; captured_at=2026-10-07T17:17:19.039Z,https://copticreader.org/app/
2024-03-26,Tuesday of the third week of Great Lent,Matins,Prophecy,Proverbs 2:1-15,Prov 2:1-15,source_supplement,verified recurring context; evidence=sources/coptic-reader/lent-qualified-2026-10-07/2026-03-03/Prophecies.txt; verified_date=2026-03-03; captured_at=2026-10-07T17:17:34.270Z,https://copticreader.org/app/
2024-03-26,Tuesday of the third week of Great Lent,Matins,Prophecy,Isaiah 10:12-20,Isa 10:12-20,source_supplement,verified recurring context; evidence=sources/coptic-reader/lent-qualified-2026-10-07/2026-03-03/Prophecies.txt; verified_date=2026-03-03; captured_at=2026-10-07T17:17:34.270Z,https://copticreader.org/app/
2024-03-27,Wednesday of the third week of Great Lent,Matins,Prophecy,Exodus 4:19-6:13,Exod 4:19-6:13,source_supplement,verified recurring context; evidence=sources/coptic-reader/lent-week3-wednesday-2026-10-07/coptic-reader-2026-03-04-matins-prophecies.txt; verified_date=2026-03-04; captured_at=2026-10-07,https://copticreader.org/app/
2024-03-27,Wednesday of the third week of Great Lent,Matins,Prophecy,Joel 2:21-27,Joel 2:21-27,source_supplement,verified recurring context; evidence=sources/coptic-reader/lent-week3-wednesday-2026-10-07/coptic-reader-2026-03-04-matins-prophecies.txt; verified_date=2026-03-04; captured_at=2026-10-07,https://copticreader.org/app/
2024-03-27,Wednesday of the third week of Great Lent,Matins,Prophecy,Isaiah 9:9-10:4,Isa 9:9-10:4,source_supplement,verified recurring context; evidence=sources/coptic-reader/lent-week3-wednesday-2026-10-07/coptic-reader-2026-03-04-matins-prophecies.txt; verified_date=2026-03-04; captured_at=2026-10-07,https://copticreader.org/app/
2024-03-27,Wednesday of the third week of Great Lent,Matins,Prophecy,Job 12:1-14:22,Job 12:1-14:22,source_supplement,verified recurring context; evidence=sources/coptic-reader/lent-week3-wednesday-2026-10-07/coptic-reader-2026-03-04-matins-prophecies.txt; verified_date=2026-03-04; captured_at=2026-10-07,https://copticreader.org/app/
2024-03-28,Thursday of the third week of Great Lent,Matins,Prophecy,Genesis 18:17-19:29,Gen 18:17-19:29,source_supplement,verified recurring context; evidence=sources/coptic-reader/lent-qualified-2026-10-07/2026-03-05/Prophecies.txt; verified_date=2026-03-05; captured_at=2026-10-07T17:17:49.562Z,https://copticreader.org/app/
2024-03-28,Thursday of the third week of Great Lent,Matins,Prophecy,Proverbs 2:16-3:4,Prov 2:16-3:4,source_supplement,verified recurring context; evidence=sources/coptic-reader/lent-qualified-2026-10-07/2026-03-05/Prophecies.txt; verified_date=2026-03-05; captured_at=2026-10-07T17:17:49.562Z,https://copticreader.org/app/
2024-03-28,Thursday of the third week of Great Lent,Matins,Prophecy,Isaiah 11:10-12:2,Isa 11:10-12:2,source_supplement,verified recurring context; evidence=sources/coptic-reader/lent-qualified-2026-10-07/2026-03-05/Prophecies.txt; verified_date=2026-03-05; captured_at=2026-10-07T17:17:49.562Z,https://copticreader.org/app/
2024-04-01,Monday of the fourth week of Great Lent,Matins,Prophecy,Genesis 27:1-41,Gen 27:1-41,source_supplement,verified recurring context; evidence=sources/coptic-reader/lent-qualified-2026-10-07/2026-03-09/Prophecies.txt; verified_date=2026-03-09; captured_at=2026-10-07T17:24:38.921Z,https://copticreader.org/app/
2024-04-01,Monday of the fourth week of Great Lent,Matins,Prophecy,Isaiah 14:24-32,Isa 14:24-32,source_supplement,verified recurring context; evidence=sources/coptic-reader/lent-qualified-2026-10-07/2026-03-09/Prophecies.txt; verified_date=2026-03-09; captured_at=2026-10-07T17:24:38.921Z,https://copticreader.org/app/
2024-04-01,Monday of the fourth week of Great Lent,Matins,Prophecy,Job 16:1-17:16,Job 16:1-17:16,source_supplement,verified recurring context; evidence=sources/coptic-reader/lent-qualified-2026-10-07/2026-03-09/Prophecies.txt; verified_date=2026-03-09; captured_at=2026-10-07T17:24:38.921Z,https://copticreader.org/app/
2024-04-03,Wednesday of the fourth week of Great Lent,Liturgy,Pauline Epistle,Ephesians 4:17-33,Eph 4:17-32,source_corrected,source_corrected_from_coptic_reader_web_app_3.7; evidence=sources/coptic-reader/remaining-2026-09-07/2026-03-11-liturgy-pauline-epistle.txt; verified_date=2026-03-11,https://copticchurch.net/readings?g_year=2024&g_month=04&g_day=03
2024-04-03,Wednesday of the fourth week of Great Lent,Matins,Prophecy,Exodus 7:14-8:19,Exod 7:14-8:19,source_supplement,verified recurring context; evidence=sources/coptic-reader/lent-qualified-2026-10-07/2026-03-11/Prophecies.txt; verified_date=2026-03-11; captured_at=2026-10-07T17:25:31.767Z,https://copticreader.org/app/
2024-04-03,Wednesday of the fourth week of Great Lent,Matins,Prophecy,Joel 2:28-32,Joel 2:28-32,source_supplement,verified recurring context; evidence=sources/coptic-reader/lent-qualified-2026-10-07/2026-03-11/Prophecies.txt; verified_date=2026-03-11; captured_at=2026-10-07T17:25:31.767Z,https://copticreader.org/app/
2024-04-03,Wednesday of the fourth week of Great Lent,Matins,Prophecy,Job 1:1-22,Job 1:1-22,source_supplement,verified recurring context; evidence=sources/coptic-reader/lent-qualified-2026-10-07/2026-03-11/Prophecies.txt; verified_date=2026-03-11; captured_at=2026-10-07T17:25:31.767Z,https://copticreader.org/app/
2024-04-03,Wednesday of the fourth week of Great Lent,Matins,Prophecy,Isaiah 26:21-27:9,Isa 26:21-27:9,source_supplement,verified recurring context; evidence=sources/coptic-reader/lent-qualified-2026-10-07/2026-03-11/Prophecies.txt; verified_date=2026-03-11; captured_at=2026-10-07T17:25:31.767Z,https://copticreader.org/app/
2024-04-04,Thursday of the fourth week of Great Lent,Matins,Prophecy,Genesis 32:1-30,Gen 32:1-30,source_supplement,verified recurring context; evidence=sources/coptic-reader/lent-qualified-2026-10-07/2026-03-12/Prophecies.txt; verified_date=2026-03-12; captured_at=2026-10-07T17:26:02.062Z,https://copticreader.org/app/
2024-04-04,Thursday of the fourth week of Great Lent,Matins,Prophecy,Isaiah 28:14-22,Isa 28:14-22,source_supplement,verified recurring context; evidence=sources/coptic-reader/lent-qualified-2026-10-07/2026-03-12/Prophecies.txt; verified_date=2026-03-12; captured_at=2026-10-07T17:26:02.062Z,https://copticreader.org/app/
2024-04-04,Thursday of the fourth week of Great Lent,Matins,Prophecy,Job 20:1-29,Job 20:1-29,source_supplement,verified recurring context; evidence=sources/coptic-reader/lent-qualified-2026-10-07/2026-03-12/Prophecies.txt; verified_date=2026-03-12; captured_at=2026-10-07T17:26:02.062Z,https://copticreader.org/app/
2024-04-04,Thursday of the fourth week of Great Lent,Matins,Prophecy,Daniel 6:1-27,Dan 6:1-27,source_supplement,verified recurring context; evidence=sources/coptic-reader/lent-qualified-2026-10-07/2026-03-12/Prophecies.txt; verified_date=2026-03-12; captured_at=2026-10-07T17:26:02.062Z,https://copticreader.org/app/
2024-04-06,Saturday of the fourth week of Great Lent,Liturgy,Psalm,Psalm 61:1  &  Psalm 610:5,"Psalm 61:1,5",source_corrected,"source_corrected_from_katameros_api_2026_06_18; live API returned Ps 61:1,5",https://copticchurch.net/readings?g_year=2024&g_month=04&g_day=06
2024-04-08,Monday of the fifth week of Great Lent,Matins,Prophecy,Proverbs 3:5-18,Prov 3:5-18,source_supplement,verified recurring context; evidence=sources/coptic-reader/lent-qualified-2026-10-07/2026-03-16/Prophecies.txt; verified_date=2026-03-16; captured_at=2026-10-07T17:26:21.295Z,https://copticreader.org/app/
2024-04-08,Monday of the fifth week of Great Lent,Matins,Prophecy,Isaiah 37:33-38:6,Isa 37:33-38:6,source_supplement,verified recurring context; evidence=sources/coptic-reader/lent-qualified-2026-10-07/2026-03-16/Prophecies.txt; verified_date=2026-03-16; captured_at=2026-10-07T17:26:21.295Z,https://copticreader.org/app/
2024-04-08,Monday of the fifth week of Great Lent,Matins,Prophecy,Job 22:1-30,Job 22:1-30,source_supplement,verified recurring context; evidence=sources/coptic-reader/lent-qualified-2026-10-07/2026-03-16/Prophecies.txt; verified_date=2026-03-16; captured_at=2026-10-07T17:26:21.295Z,https://copticreader.org/app/
2024-04-09,Tuesday of the fifth week of Great Lent,Matins,Prophecy,Numbers 10:35-11:35,Num 10:35-11:35,source_supplement,verified recurring context; evidence=sources/coptic-reader/lent-qualified-2026-10-07/2026-03-17/Prophecies.txt; verified_date=2026-03-17; captured_at=2026-10-07T17:26:23.098Z,https://copticreader.org/app/
2024-04-09,Tuesday of the fifth week of Great Lent,Matins,Prophecy,Proverbs 3:19-4:9,Prov 3:19-4:9,source_supplement,verified recurring context; evidence=sources/coptic-reader/lent-qualified-2026-10-07/2026-03-17/Prophecies.txt; verified_date=2026-03-17; captured_at=2026-10-07T17:26:23.098Z,https://copticreader.org/app/
2024-04-09,Tuesday of the fifth week of Great Lent,Matins,Prophecy,Isaiah 40:1-8,Isa 40:1-8,source_supplement,verified recurring context; evidence=sources/coptic-reader/lent-qualified-2026-10-07/2026-03-17/Prophecies.txt; verified_date=2026-03-17; captured_at=2026-10-07T17:26:23.098Z,https://copticreader.org/app/
2024-04-09,Tuesday of the fifth week of Great Lent,Matins,Prophecy,Job 25:1-6,Job 25:1-6,source_supplement,verified recurring context; evidence=sources/coptic-reader/lent-qualified-2026-10-07/2026-03-17/Prophecies.txt; verified_date=2026-03-17; captured_at=2026-10-07T17:26:23.098Z,https://copticreader.org/app/
2024-04-09,Tuesday of the fifth week of Great Lent,Matins,Prophecy,Job 26:1-14,Job 26:1-14,source_supplement,verified recurring context; evidence=sources/coptic-reader/lent-qualified-2026-10-07/2026-03-17/Prophecies.txt; verified_date=2026-03-17; captured_at=2026-10-07T17:26:23.098Z,https://copticreader.org/app/
2024-04-14,Sunday of the fifth week of Great Lent,Matins,Psalm,Psalm 101:1  &  Psalm 101:2  &  Psalm 101:12,Ps 102:1-2; Ps 102:12,source_corrected,source_corrected_from_coptic_reader_text_aligned_to_nkjv; evidence=sources/coptic-reader/remaining-2026-09-07/2026-03-22-matins-.txt; verified_date=2026-03-22,https://copticchurch.net/readings?g_year=2024&g_month=04&g_day=14
2024-07-11,Abib 4,Vespers,Psalm,Psalm 68:65  &  Psalm 68:3,Ps 68:35; Ps 68:3,source_corrected,source_corrected_from_coptic_reader_text_aligned_to_nkjv; evidence=sources/coptic-reader/remaining-2026-09-07/2023-07-11-vespers-.txt; verified_date=2023-07-11,https://copticchurch.net/readings?g_year=2024&g_month=07&g_day=11
2024-07-19,Abib 12,Vespers,Psalm,Psalm 68:65  &  Psalm 68:3,Ps 68:35; Ps 68:3,source_corrected,source_corrected_from_coptic_reader_text_aligned_to_nkjv; evidence=sources/coptic-reader/remaining-2026-09-07/2023-07-19-vespers-.txt; verified_date=2023-07-19,https://copticchurch.net/readings?g_year=2024&g_month=07&g_day=19
2024-07-31,Abib 24,Vespers,Psalm,Psalm 68:65  &  Psalm 68:3,Ps 68:35; Ps 68:3,source_corrected,source_corrected_from_coptic_reader_text_aligned_to_nkjv; evidence=sources/coptic-reader/remaining-2026-09-07/2023-07-31-vespers-.txt; verified_date=2023-07-31,https://copticchurch.net/readings?g_year=2024&g_month=07&g_day=31
2024-08-07,St Mary's Fast,Vespers,Psalm,Psalm 68:65  &  Psalm 68:3,Ps 68:35; Ps 68:3,source_corrected,source_corrected_from_coptic_reader_text_aligned_to_nkjv; evidence=sources/coptic-reader/remaining-2026-09-07/2023-08-07-vespers-.txt; verified_date=2023-08-07,https://copticchurch.net/readings?g_year=2024&g_month=08&g_day=07
2024-08-13,Mesra 7,Vespers,Gospel,Mk 14:-39,Mk 14:39,repaired,repaired_negative_verse_marker,https://copticchurch.net/readings?g_year=2024&g_month=08&g_day=13
2024-08-15,Mesra 9,Vespers,Psalm,Psalm 68:65  &  Psalm 68:3,Ps 68:35; Ps 68:3,source_corrected,source_corrected_from_coptic_reader_text_aligned_to_nkjv; evidence=sources/coptic-reader/remaining-2026-09-07/2023-08-15-vespers-.txt; verified_date=2023-08-15,https://copticchurch.net/readings?g_year=2024&g_month=08&g_day=15
2024-08-22,Mesra 16 (St Mary's Feast),Vespers,Gospel,Lk 10:38-52,Lk 10:38-42,source_corrected,source_corrected_from_coptic_reader_web_app_3.7; evidence=sources/coptic-reader/remaining-2026-09-07/2023-08-22-vespers-.txt; verified_date=2023-08-22,https://copticchurch.net/readings?g_year=2024&g_month=08&g_day=22
2024-08-29,Mesra 23,Liturgy,Pauline Epistle,Rom 8:28:39,Rom 8:28-39,source_corrected,source_corrected_from_katameros_api_2026_06_18; live API returned Rom 8:28-39,https://copticchurch.net/readings?g_year=2024&g_month=08&g_day=29
2024-08-31,Mesra 25,Liturgy,Acts of the Apostles,Acts 18:24—  &  Acts 9:1-6,Acts 18:24-28; Acts 19:1-6,source_corrected,source_corrected_from_katameros_api_2026_06_18; live API returned Acts 18:24-28 and Acts 19:1-6,https://copticchurch.net/readings?g_year=2024&g_month=08&g_day=31
2024-09-02,Mesra 27,Liturgy,Pauline Epistle,Rom 8:28:39,Rom 8:28-39,source_corrected,source_corrected_from_katameros_api_2026_06_18; live API returned Rom 8:28-39,https://copticchurch.net/readings?g_year=2024&g_month=09&g_day=02
2024-09-04,Mesra 29,Liturgy,Acts of the Apostles,Acts 5:34:42,Acts 5:34-42,source_corrected,source_corrected_from_katameros_api_2026_06_18; live API returned Acts 5:34-42,https://copticchurch.net/readings?g_year=2024&g_month=09&g_day=04
2024-09-09,Nasie 4,Vespers,Psalm,Psalm 68:65  &  Psalm 68:3,Ps 68:35; Ps 68:3,source_corrected,source_corrected_from_coptic_reader_text_aligned_to_nkjv; evidence=sources/coptic-reader/remaining-2026-09-07/2023-09-09-vespers-.txt; verified_date=2023-09-09,https://copticchurch.net/readings?g_year=2024&g_month=09&g_day=09
2024-09-15,The first Sunday of Tout,Liturgy,Pauline Epistle,1Tim 1:12-27,1Tim 1:12-19,source_corrected,source_corrected_from_coptic_reader_web_app_3.7; evidence=sources/coptic-reader/coptic-reader-live-2026-09-07/2023-09-17-pauline.txt; verified_date=2023-09-17,https://copticchurch.net/readings?g_year=2024&g_month=09&g_day=15
2024-09-15,The first Sunday of Tout,Liturgy,Psalm,Psalm 31:26  &  Psalm 31:19,Ps 31:23; Ps 31:19,source_corrected,source_corrected_from_coptic_reader_text_aligned_to_nkjv; evidence=sources/coptic-reader/remaining-2026-09-07/2023-09-17-liturgy-psalm-and-gospel.txt; verified_date=2023-09-17,https://copticchurch.net/readings?g_year=2024&g_month=09&g_day=15
2024-10-01,Tout 21,Liturgy,Catholic Epistle,Jn 2:7-11,1Jn 2:7-11,source_corrected,source_corrected; verified 1 John 2:7-11 at https://api.katameros.app/readings/gregorian/01-10-2026?languageId=2,https://copticchurch.net/readings?g_year=2024&g_month=10&g_day=01
2024-10-03,Tout 23,Liturgy,Catholic Epistle,Jn 2:7-11,1Jn 2:7-11,source_corrected,source_corrected; verified 1 John 2:7-11 at https://api.katameros.app/readings/gregorian/01-10-2026?languageId=2,https://copticchurch.net/readings?g_year=2024&g_month=10&g_day=03
2024-12-12,Kiak 3,Vespers,Gospel,Lk 10:38-52,Lk 10:38-42,source_corrected,source_corrected_from_coptic_reader_web_app_3.7; evidence=sources/coptic-reader/remaining-2026-09-07/2022-12-12-vespers-.txt; verified_date=2022-12-12,https://copticchurch.net/readings?g_year=2024&g_month=12&g_day=12
2025-01-05,The fourth Sunday of Kiak,Liturgy,Catholic Epistle,1Jn 2:24-33,1Jn 2:24-3:3,source_corrected,source_corrected_from_coptic_reader_web_app_3.7; evidence=sources/coptic-reader/remaining-2026-09-07/2026-01-04-liturgy-catholic-epistle.txt; verified_date=2026-01-04,https://copticchurch.net/readings?g_year=2025&g_month=01&g_day=05
2025-01-05,The fourth Sunday of Kiak,Matins,Psalm,Psalm 95:10-12,Ps 96:11-13,source_corrected,source_corrected_from_coptic_reader_text_aligned_to_nkjv; evidence=sources/coptic-reader/remaining-2026-09-07/2026-01-04-matins-.txt; verified_date=2026-01-04,https://copticchurch.net/readings?g_year=2025&g_month=01&g_day=05
2025-01-29,Toba 21,Vespers,Gospel,Lk 10:38-52,Lk 10:38-42,source_corrected,source_corrected_from_coptic_reader_web_app_3.7; evidence=sources/coptic-reader/remaining-2026-09-07/2024-01-30-vespers-.txt; verified_date=2024-01-30,https://copticchurch.net/readings?g_year=2025&g_month=01&g_day=29
2025-02-26,Wednesday of the first week of Great Lent,Liturgy,Psalm,Psalm 24:20  &  Psalm 24:16,Ps 25:20; Ps 25:16,source_corrected,source_corrected_from_coptic_reader_text_aligned_to_nkjv; evidence=sources/coptic-reader/remaining-2026-09-07/2026-02-18-liturgy-psalm-and-gospel.txt; verified_date=2026-02-18,https://copticchurch.net/readings?g_year=2025&g_month=02&g_day=26
2025-02-27,Thursday of the first week of Great Lent,Liturgy,Psalm,Psalm 117:14  &  Psalm 117:18,Ps 118:14; Ps 118:18,source_corrected,source_corrected_from_coptic_reader_text_aligned_to_nkjv; evidence=sources/coptic-reader/remaining-2026-09-07/2026-02-19-liturgy-psalm-and-gospel.txt; verified_date=2026-02-19,https://copticchurch.net/readings?g_year=2025&g_month=02&g_day=27
2025-03-03,Monday of the second week of Great Lent,Matins,Prophecy,Exodus 3:6-14,Exod 3:6-14,source_supplement,verified recurring context; evidence=sources/coptic-reader/lent-qualified-2026-10-07/2026-02-23/Prophecies.txt; verified_date=2026-02-23; captured_at=2026-10-07T17:14:31.612Z,https://copticreader.org/app/
2025-03-03,Monday of the second week of Great Lent,Matins,Prophecy,Isaiah 4:2-5:7,Isa 4:2-5:7,source_supplement,verified recurring context; evidence=sources/coptic-reader/lent-qualified-2026-10-07/2026-02-23/Prophecies.txt; verified_date=2026-02-23; captured_at=2026-10-07T17:14:31.612Z,https://copticreader.org/app/
2025-03-04,Tuesday of the second week of Great Lent,Matins,Prophecy,Job 19:1-27,Job 19:1-27,source_supplement,verified recurring context; evidence=sources/coptic-reader/lent-qualified-2026-10-07/2026-02-24/Prophecies.txt; verified_date=2026-02-24; captured_at=2026-10-07T17:15:23.623Z,https://copticreader.org/app/
2025-03-04,Tuesday of the second week of Great Lent,Matins,Prophecy,Isaiah 5:7-16,Isa 5:7-16,source_supplement,verified recurring context; evidence=sources/coptic-reader/lent-qualified-2026-10-07/2026-02-24/Prophecies.txt; verified_date=2026-02-24; captured_at=2026-10-07T17:15:23.623Z,https://copticreader.org/app/
2025-03-05,Wednesday of the second week of Great Lent,Matins,Prophecy,Exodus 2:11-20,Exod 2:11-20,source_supplement,verified recurring context; evidence=sources/coptic-reader/lent-qualified-2026-10-07/2026-02-25/Prophecies.txt; verified_date=2026-02-25; captured_at=2026-10-07T17:15:58.396Z,https://copticreader.org/app/
2025-03-05,Wednesday of the second week of Great Lent,Matins,Prophecy,Isaiah 5:17-25,Isa 5:17-25,source_supplement,verified recurring context; evidence=sources/coptic-reader/lent-qualified-2026-10-07/2026-02-25/Prophecies.txt; verified_date=2026-02-25; captured_at=2026-10-07T17:15:58.396Z,https://copticreader.org/app/
2025-03-06,Thursday of the second week of Great Lent,Matins,Prophecy,Deuteronomy 5:15-22,Deut 5:15-22,source_supplement,verified recurring context; evidence=sources/coptic-reader/lent-qualified-2026-10-07/2026-02-26/Prophecies.txt; verified_date=2026-02-26; captured_at=2026-10-07T17:16:36.181Z,https://copticreader.org/app/
2025-03-06,Thursday of the second week of Great Lent,Matins,Prophecy,Isaiah 6:1-12,Isa 6:1-12,source_supplement,verified recurring context; evidence=sources/coptic-reader/lent-qualified-2026-10-07/2026-02-26/Prophecies.txt; verified_date=2026-02-26; captured_at=2026-10-07T17:16:36.181Z,https://copticreader.org/app/
2025-03-07,Friday of the second week of Great Lent,Matins,Prophecy,Deuteronomy 8:1-9:4,Deut 8:1-9:4,source_supplement,verified recurring context; evidence=sources/coptic-reader/lent-qualified-2026-10-07/2026-02-27/Prophecies.txt; verified_date=2026-02-27; captured_at=2026-10-07T17:17:03.024Z,https://copticreader.org/app/
2025-03-07,Friday of the second week of Great Lent,Matins,Prophecy,1 Samuel 17:1-18:4,1Sam 17:1-18:4,source_supplement,verified recurring context; evidence=sources/coptic-reader/lent-qualified-2026-10-07/2026-02-27/Prophecies.txt; verified_date=2026-02-27; captured_at=2026-10-07T17:17:03.024Z,https://copticreader.org/app/
2025-03-07,Friday of the second week of Great Lent,Matins,Prophecy,Isaiah 7:1-14,Isa 7:1-14,source_supplement,verified recurring context; evidence=sources/coptic-reader/lent-qualified-2026-10-07/2026-02-27/Prophecies.txt; verified_date=2026-02-27; captured_at=2026-10-07T17:17:03.024Z,https://copticreader.org/app/
2025-03-07,Friday of the second week of Great Lent,Matins,Prophecy,Job 11:1-20,Job 11:1-20,source_supplement,verified recurring context; evidence=sources/coptic-reader/lent-qualified-2026-10-07/2026-02-27/Prophecies.txt; verified_date=2026-02-27; captured_at=2026-10-07T17:17:03.024Z,https://copticreader.org/app/
2025-03-10,Monday of the third week of Great Lent,Matins,Prophecy,Proverbs 1:20-33,Prov 1:20-33,source_supplement,verified recurring context; evidence=sources/coptic-reader/lent-qualified-2026-10-07/2026-03-02/Prophecies.txt; verified_date=2026-03-02; captured_at=2026-10-07T17:17:19.039Z,https://copticreader.org/app/
2025-03-10,Monday of the third week of Great Lent,Matins,Prophecy,Isaiah 8:13-9:7,Isa 8:13-9:7,source_supplement,verified recurring context; evidence=sources/coptic-reader/lent-qualified-2026-10-07/2026-03-02/Prophecies.txt; verified_date=2026-03-02; captured_at=2026-10-07T17:17:19.039Z,https://copticreader.org/app/
2025-03-11,Tuesday of the third week of Great Lent,Matins,Prophecy,Proverbs 2:1-15,Prov 2:1-15,source_supplement,verified recurring context; evidence=sources/coptic-reader/lent-qualified-2026-10-07/2026-03-03/Prophecies.txt; verified_date=2026-03-03; captured_at=2026-10-07T17:17:34.270Z,https://copticreader.org/app/
2025-03-11,Tuesday of the third week of Great Lent,Matins,Prophecy,Isaiah 10:12-20,Isa 10:12-20,source_supplement,verified recurring context; evidence=sources/coptic-reader/lent-qualified-2026-10-07/2026-03-03/Prophecies.txt; verified_date=2026-03-03; captured_at=2026-10-07T17:17:34.270Z,https://copticreader.org/app/
2025-03-12,Wednesday of the third week of Great Lent,Matins,Prophecy,Exodus 4:19-6:13,Exod 4:19-6:13,source_supplement,verified recurring context; evidence=sources/coptic-reader/lent-week3-wednesday-2026-10-07/coptic-reader-2026-03-04-matins-prophecies.txt; verified_date=2026-03-04; captured_at=2026-10-07,https://copticreader.org/app/
2025-03-12,Wednesday of the third week of Great Lent,Matins,Prophecy,Joel 2:21-27,Joel 2:21-27,source_supplement,verified recurring context; evidence=sources/coptic-reader/lent-week3-wednesday-2026-10-07/coptic-reader-2026-03-04-matins-prophecies.txt; verified_date=2026-03-04; captured_at=2026-10-07,https://copticreader.org/app/
2025-03-12,Wednesday of the third week of Great Lent,Matins,Prophecy,Isaiah 9:9-10:4,Isa 9:9-10:4,source_supplement,verified recurring context; evidence=sources/coptic-reader/lent-week3-wednesday-2026-10-07/coptic-reader-2026-03-04-matins-prophecies.txt; verified_date=2026-03-04; captured_at=2026-10-07,https://copticreader.org/app/
2025-03-12,Wednesday of the third week of Great Lent,Matins,Prophecy,Job 12:1-14:22,Job 12:1-14:22,source_supplement,verified recurring context; evidence=sources/coptic-reader/lent-week3-wednesday-2026-10-07/coptic-reader-2026-03-04-matins-prophecies.txt; verified_date=2026-03-04; captured_at=2026-10-07,https://copticreader.org/app/
2025-03-13,Thursday of the third week of Great Lent,Matins,Prophecy,Genesis 18:17-19:29,Gen 18:17-19:29,source_supplement,verified recurring context; evidence=sources/coptic-reader/lent-qualified-2026-10-07/2026-03-05/Prophecies.txt; verified_date=2026-03-05; captured_at=2026-10-07T17:17:49.562Z,https://copticreader.org/app/
2025-03-13,Thursday of the third week of Great Lent,Matins,Prophecy,Proverbs 2:16-3:4,Prov 2:16-3:4,source_supplement,verified recurring context; evidence=sources/coptic-reader/lent-qualified-2026-10-07/2026-03-05/Prophecies.txt; verified_date=2026-03-05; captured_at=2026-10-07T17:17:49.562Z,https://copticreader.org/app/
2025-03-13,Thursday of the third week of Great Lent,Matins,Prophecy,Isaiah 11:10-12:2,Isa 11:10-12:2,source_supplement,verified recurring context; evidence=sources/coptic-reader/lent-qualified-2026-10-07/2026-03-05/Prophecies.txt; verified_date=2026-03-05; captured_at=2026-10-07T17:17:49.562Z,https://copticreader.org/app/
2025-03-17,Monday of the fourth week of Great Lent,Matins,Prophecy,Genesis 27:1-41,Gen 27:1-41,source_supplement,verified recurring context; evidence=sources/coptic-reader/lent-qualified-2026-10-07/2026-03-09/Prophecies.txt; verified_date=2026-03-09; captured_at=2026-10-07T17:24:38.921Z,https://copticreader.org/app/
2025-03-17,Monday of the fourth week of Great Lent,Matins,Prophecy,Isaiah 14:24-32,Isa 14:24-32,source_supplement,verified recurring context; evidence=sources/coptic-reader/lent-qualified-2026-10-07/2026-03-09/Prophecies.txt; verified_date=2026-03-09; captured_at=2026-10-07T17:24:38.921Z,https://copticreader.org/app/
2025-03-17,Monday of the fourth week of Great Lent,Matins,Prophecy,Job 16:1-17:16,Job 16:1-17:16,source_supplement,verified recurring context; evidence=sources/coptic-reader/lent-qualified-2026-10-07/2026-03-09/Prophecies.txt; verified_date=2026-03-09; captured_at=2026-10-07T17:24:38.921Z,https://copticreader.org/app/
2025-03-20,Thursday of the fourth week of Great Lent,Matins,Prophecy,Genesis 32:1-30,Gen 32:1-30,source_supplement,verified recurring context; evidence=sources/coptic-reader/lent-qualified-2026-10-07/2026-03-12/Prophecies.txt; verified_date=2026-03-12; captured_at=2026-10-07T17:26:02.062Z,https://copticreader.org/app/
2025-03-20,Thursday of the fourth week of Great Lent,Matins,Prophecy,Isaiah 28:14-22,Isa 28:14-22,source_supplement,verified recurring context; evidence=sources/coptic-reader/lent-qualified-2026-10-07/2026-03-12/Prophecies.txt; verified_date=2026-03-12; captured_at=2026-10-07T17:26:02.062Z,https://copticreader.org/app/
2025-03-20,Thursday of the fourth week of Great Lent,Matins,Prophecy,Job 20:1-29,Job 20:1-29,source_supplement,verified recurring context; evidence=sources/coptic-reader/lent-qualified-2026-10-07/2026-03-12/Prophecies.txt; verified_date=2026-03-12; captured_at=2026-10-07T17:26:02.062Z,https://copticreader.org/app/
2025-03-20,Thursday of the fourth week of Great Lent,Matins,Prophecy,Daniel 6:1-27,Dan 6:1-27,source_supplement,verified recurring context; evidence=sources/coptic-reader/lent-qualified-2026-10-07/2026-03-12/Prophecies.txt; verified_date=2026-03-12; captured_at=2026-10-07T17:26:02.062Z,https://copticreader.org/app/
2025-03-22,Saturday of the fourth week of Great Lent,Liturgy,Psalm,Psalm 61:1  &  Psalm 610:5,"Psalm 61:1,5",source_corrected,"source_corrected_from_katameros_api_2026_06_18; live API returned Ps 61:1,5",https://copticchurch.net/readings?g_year=2025&g_month=03&g_day=22
2025-03-23,Sunday of the fourth week of Great Lent,Matins,Psalm,Psalm 31:24  &  Psalm 31:33,Ps 31:24; Ps 31:23,source_corrected,source_corrected_from_coptic_reader_text_aligned_to_nkjv; evidence=sources/coptic-reader/remaining-2026-09-07/2026-03-15-matins-.txt; verified_date=2026-03-15,https://copticchurch.net/readings?g_year=2025&g_month=03&g_day=23
2025-03-24,Monday of the fifth week of Great Lent,Matins,Prophecy,Proverbs 3:5-18,Prov 3:5-18,source_supplement,verified recurring context; evidence=sources/coptic-reader/lent-qualified-2026-10-07/2026-03-16/Prophecies.txt; verified_date=2026-03-16; captured_at=2026-10-07T17:26:21.295Z,https://copticreader.org/app/
2025-03-24,Monday of the fifth week of Great Lent,Matins,Prophecy,Isaiah 37:33-38:6,Isa 37:33-38:6,source_supplement,verified recurring context; evidence=sources/coptic-reader/lent-qualified-2026-10-07/2026-03-16/Prophecies.txt; verified_date=2026-03-16; captured_at=2026-10-07T17:26:21.295Z,https://copticreader.org/app/
2025-03-24,Monday of the fifth week of Great Lent,Matins,Prophecy,Job 22:1-30,Job 22:1-30,source_supplement,verified recurring context; evidence=sources/coptic-reader/lent-qualified-2026-10-07/2026-03-16/Prophecies.txt; verified_date=2026-03-16; captured_at=2026-10-07T17:26:21.295Z,https://copticreader.org/app/
2025-03-25,Tuesday of the fifth week of Great Lent,Matins,Prophecy,Numbers 10:35-11:35,Num 10:35-11:35,source_supplement,verified recurring context; evidence=sources/coptic-reader/lent-qualified-2026-10-07/2026-03-17/Prophecies.txt; verified_date=2026-03-17; captured_at=2026-10-07T17:26:23.098Z,https://copticreader.org/app/
2025-03-25,Tuesday of the fifth week of Great Lent,Matins,Prophecy,Proverbs 3:19-4:9,Prov 3:19-4:9,source_supplement,verified recurring context; evidence=sources/coptic-reader/lent-qualified-2026-10-07/2026-03-17/Prophecies.txt; verified_date=2026-03-17; captured_at=2026-10-07T17:26:23.098Z,https://copticreader.org/app/
2025-03-25,Tuesday of the fifth week of Great Lent,Matins,Prophecy,Isaiah 40:1-8,Isa 40:1-8,source_supplement,verified recurring context; evidence=sources/coptic-reader/lent-qualified-2026-10-07/2026-03-17/Prophecies.txt; verified_date=2026-03-17; captured_at=2026-10-07T17:26:23.098Z,https://copticreader.org/app/
2025-03-25,Tuesday of the fifth week of Great Lent,Matins,Prophecy,Job 25:1-6,Job 25:1-6,source_supplement,verified recurring context; evidence=sources/coptic-reader/lent-qualified-2026-10-07/2026-03-17/Prophecies.txt; verified_date=2026-03-17; captured_at=2026-10-07T17:26:23.098Z,https://copticreader.org/app/
2025-03-25,Tuesday of the fifth week of Great Lent,Matins,Prophecy,Job 26:1-14,Job 26:1-14,source_supplement,verified recurring context; evidence=sources/coptic-reader/lent-qualified-2026-10-07/2026-03-17/Prophecies.txt; verified_date=2026-03-17; captured_at=2026-10-07T17:26:23.098Z,https://copticreader.org/app/
2025-03-30,Sunday of the fifth week of Great Lent,Matins,Psalm,Psalm 101:1  &  Psalm 101:2  &  Psalm 101:12,Ps 102:1-2; Ps 102:12,source_corrected,source_corrected_from_coptic_reader_text_aligned_to_nkjv; evidence=sources/coptic-reader/remaining-2026-09-07/2026-03-22-matins-.txt; verified_date=2026-03-22,https://copticchurch.net/readings?g_year=2025&g_month=03&g_day=30
2025-07-11,Abib 4,Vespers,Psalm,Psalm 68:65  &  Psalm 68:3,Ps 68:35; Ps 68:3,source_corrected,source_corrected_from_coptic_reader_text_aligned_to_nkjv; evidence=sources/coptic-reader/remaining-2026-09-07/2023-07-11-vespers-.txt; verified_date=2023-07-11,https://copticchurch.net/readings?g_year=2025&g_month=07&g_day=11
2025-07-14,Abib 7,Liturgy,Gospel,Matt 9:33 - 41,Mark 9:33-41,source_corrected,source_corrected_from_coptic_reader_web_app_3.7; evidence=sources/coptic-reader/coptic-reader-live-2026-09-07/2023-07-14-gospel.txt; verified_date=2023-07-14,https://copticchurch.net/readings?g_year=2025&g_month=07&g_day=14
2025-07-19,Abib 12,Vespers,Psalm,Psalm 68:65  &  Psalm 68:3,Ps 68:35; Ps 68:3,source_corrected,source_corrected_from_coptic_reader_text_aligned_to_nkjv; evidence=sources/coptic-reader/remaining-2026-09-07/2023-07-19-vespers-.txt; verified_date=2023-07-19,https://copticchurch.net/readings?g_year=2025&g_month=07&g_day=19
2025-07-28,Abib 21,Matins,Gospel,Mk 19:9-13,Mark 13:9-13,source_corrected,source_corrected_from_katameros_api_2026_06_18; live API returned Mark 13:9-13,https://copticchurch.net/readings?g_year=2025&g_month=07&g_day=28
2025-07-31,Abib 24,Vespers,Psalm,Psalm 68:65  &  Psalm 68:3,Ps 68:35; Ps 68:3,source_corrected,source_corrected_from_coptic_reader_text_aligned_to_nkjv; evidence=sources/coptic-reader/remaining-2026-09-07/2023-07-31-vespers-.txt; verified_date=2023-07-31,https://copticchurch.net/readings?g_year=2025&g_month=07&g_day=31
2025-08-07,St Mary's Fast,Vespers,Psalm,Psalm 68:65  &  Psalm 68:3,Ps 68:35; Ps 68:3,source_corrected,source_corrected_from_coptic_reader_text_aligned_to_nkjv; evidence=sources/coptic-reader/remaining-2026-09-07/2023-08-07-vespers-.txt; verified_date=2023-08-07,https://copticchurch.net/readings?g_year=2025&g_month=08&g_day=07
2025-08-11,Mesra 5,Liturgy,Gospel,Matt 3:23—  &  Matt 5:1-16,Matt 4:23-5:16,source_corrected,source_corrected_from_coptic_reader_web_app_3.7; evidence=sources/coptic-reader/remaining-2026-09-07/2023-08-11-liturgy-psalm-and-gospel.txt; verified_date=2023-08-11,https://copticchurch.net/readings?g_year=2025&g_month=08&g_day=11
2025-08-13,Mesra 7,Vespers,Gospel,Mk 14:-39,Mk 14:39,repaired,repaired_negative_verse_marker,https://copticchurch.net/readings?g_year=2025&g_month=08&g_day=13
2025-08-15,Mesra 9,Vespers,Psalm,Psalm 68:65  &  Psalm 68:3,Ps 68:35; Ps 68:3,source_corrected,source_corrected_from_coptic_reader_text_aligned_to_nkjv; evidence=sources/coptic-reader/remaining-2026-09-07/2023-08-15-vespers-.txt; verified_date=2023-08-15,https://copticchurch.net/readings?g_year=2025&g_month=08&g_day=15
2025-08-22,Mesra 16 (St Mary's Feast),Vespers,Gospel,Lk 10:38-52,Lk 10:38-42,source_corrected,source_corrected_from_coptic_reader_web_app_3.7; evidence=sources/coptic-reader/remaining-2026-09-07/2023-08-22-vespers-.txt; verified_date=2023-08-22,https://copticchurch.net/readings?g_year=2025&g_month=08&g_day=22
2025-08-25,Mesra 19,Liturgy,Catholic Epistle,Jm 1:1-12,James 1:12-21,source_corrected,source_corrected_from_george_user-supplied_correction; evidence=sources/user-corrections/mesra-19-james.json,https://copticchurch.net/readings?g_year=2025&g_month=08&g_day=25
2025-08-29,Mesra 23,Liturgy,Pauline Epistle,Rom 8:28:39,Rom 8:28-39,source_corrected,source_corrected_from_katameros_api_2026_06_18; live API returned Rom 8:28-39,https://copticchurch.net/readings?g_year=2025&g_month=08&g_day=29
2025-09-01,Mesra 26,Liturgy,Pauline Epistle,Rom 7:14-27,Rom 8:14-27,source_corrected,source_corrected_from_coptic_reader_web_app_3.7; evidence=sources/coptic-reader/remaining-2026-09-07/2023-09-01-liturgy-pauline-epistle.txt; verified_date=2023-09-01,https://copticchurch.net/readings?g_year=2025&g_month=09&g_day=01
2025-09-02,Mesra 27,Liturgy,Pauline Epistle,Rom 8:28:39,Rom 8:28-39,source_corrected,source_corrected_from_katameros_api_2026_06_18; live API returned Rom 8:28-39,https://copticchurch.net/readings?g_year=2025&g_month=09&g_day=02
2025-09-04,Mesra 29,Liturgy,Acts of the Apostles,Acts 5:34:42,Acts 5:34-42,source_corrected,source_corrected_from_katameros_api_2026_06_18; live API returned Acts 5:34-42,https://copticchurch.net/readings?g_year=2025&g_month=09&g_day=04
2025-09-09,Nasie 4,Vespers,Psalm,Psalm 68:65  &  Psalm 68:3,Ps 68:35; Ps 68:3,source_corrected,source_corrected_from_coptic_reader_text_aligned_to_nkjv; evidence=sources/coptic-reader/remaining-2026-09-07/2023-09-09-vespers-.txt; verified_date=2023-09-09,https://copticchurch.net/readings?g_year=2025&g_month=09&g_day=09
2025-09-14,The first Sunday of Tout,Liturgy,Pauline Epistle,1Tim 1:12-27,1Tim 1:12-19,source_corrected,source_corrected_from_coptic_reader_web_app_3.7; evidence=sources/coptic-reader/coptic-reader-live-2026-09-07/2023-09-17-pauline.txt; verified_date=2023-09-17,https://copticchurch.net/readings?g_year=2025&g_month=09&g_day=14
2025-09-14,The first Sunday of Tout,Liturgy,Psalm,Psalm 31:26  &  Psalm 31:19,Ps 31:23; Ps 31:19,source_corrected,source_corrected_from_coptic_reader_text_aligned_to_nkjv; evidence=sources/coptic-reader/remaining-2026-09-07/2023-09-17-liturgy-psalm-and-gospel.txt; verified_date=2023-09-17,https://copticchurch.net/readings?g_year=2025&g_month=09&g_day=14
2025-10-01,Tout 21,Liturgy,Catholic Epistle,Jn 2:7-11,1Jn 2:7-11,source_corrected,source_corrected; verified 1 John 2:7-11 at https://api.katameros.app/readings/gregorian/01-10-2026?languageId=2,https://copticchurch.net/readings?g_year=2025&g_month=10&g_day=01
2025-10-03,Tout 23,Liturgy,Catholic Epistle,Jn 2:7-11,1Jn 2:7-11,source_corrected,source_corrected; verified 1 John 2:7-11 at https://api.katameros.app/readings/gregorian/01-10-2026?languageId=2,https://copticchurch.net/readings?g_year=2025&g_month=10&g_day=03
2025-12-12,Kiak 3,Vespers,Gospel,Lk 10:38-52,Lk 10:38-42,source_corrected,source_corrected_from_coptic_reader_web_app_3.7; evidence=sources/coptic-reader/remaining-2026-09-07/2022-12-12-vespers-.txt; verified_date=2022-12-12,https://copticchurch.net/readings?g_year=2025&g_month=12&g_day=12
2026-01-04,The fourth Sunday of Kiak,Liturgy,Catholic Epistle,1Jn 2:24-33,1Jn 2:24-3:3,source_corrected,source_corrected_from_coptic_reader_web_app_3.7; evidence=sources/coptic-reader/remaining-2026-09-07/2026-01-04-liturgy-catholic-epistle.txt; verified_date=2026-01-04,https://copticchurch.net/readings?g_year=2026&g_month=01&g_day=04
2026-01-04,The fourth Sunday of Kiak,Matins,Psalm,Psalm 95:10-12,Ps 96:11-13,source_corrected,source_corrected_from_coptic_reader_text_aligned_to_nkjv; evidence=sources/coptic-reader/remaining-2026-09-07/2026-01-04-matins-.txt; verified_date=2026-01-04,https://copticchurch.net/readings?g_year=2026&g_month=01&g_day=04
2026-01-29,Toba 21,Vespers,Gospel,Lk 10:38-52,Lk 10:38-42,source_corrected,source_corrected_from_coptic_reader_web_app_3.7; evidence=sources/coptic-reader/remaining-2026-09-07/2024-01-30-vespers-.txt; verified_date=2024-01-30,https://copticchurch.net/readings?g_year=2026&g_month=01&g_day=29
2026-02-09,Amshir 2,Liturgy,Gospel,Matt 9:33 - 41,Mark 9:33-41,source_corrected,source_corrected_from_coptic_reader_web_app_3.7; evidence=sources/coptic-reader/coptic-reader-live-2026-09-07/2024-02-10-gospel.txt; verified_date=2024-02-10,https://copticchurch.net/readings?g_year=2026&g_month=02&g_day=09
2026-02-18,Wednesday of the first week of Great Lent,Liturgy,Psalm,Psalm 24:20  &  Psalm 24:16,Ps 25:20; Ps 25:16,source_corrected,source_corrected_from_coptic_reader_text_aligned_to_nkjv; evidence=sources/coptic-reader/remaining-2026-09-07/2026-02-18-liturgy-psalm-and-gospel.txt; verified_date=2026-02-18,https://copticchurch.net/readings?g_year=2026&g_month=02&g_day=18
2026-02-19,Thursday of the first week of Great Lent,Liturgy,Psalm,Psalm 117:14  &  Psalm 117:18,Ps 118:14; Ps 118:18,source_corrected,source_corrected_from_coptic_reader_text_aligned_to_nkjv; evidence=sources/coptic-reader/remaining-2026-09-07/2026-02-19-liturgy-psalm-and-gospel.txt; verified_date=2026-02-19,https://copticchurch.net/readings?g_year=2026&g_month=02&g_day=19
2026-02-23,Monday of the second week of Great Lent,Matins,Prophecy,Exodus 3:6-14,Exod 3:6-14,source_supplement,verified recurring context; evidence=sources/coptic-reader/lent-qualified-2026-10-07/2026-02-23/Prophecies.txt; verified_date=2026-02-23; captured_at=2026-10-07T17:14:31.612Z,https://copticreader.org/app/
2026-02-23,Monday of the second week of Great Lent,Matins,Prophecy,Isaiah 4:2-5:7,Isa 4:2-5:7,source_supplement,verified recurring context; evidence=sources/coptic-reader/lent-qualified-2026-10-07/2026-02-23/Prophecies.txt; verified_date=2026-02-23; captured_at=2026-10-07T17:14:31.612Z,https://copticreader.org/app/
2026-02-24,Tuesday of the second week of Great Lent,Matins,Prophecy,Job 19:1-27,Job 19:1-27,source_supplement,verified recurring context; evidence=sources/coptic-reader/lent-qualified-2026-10-07/2026-02-24/Prophecies.txt; verified_date=2026-02-24; captured_at=2026-10-07T17:15:23.623Z,https://copticreader.org/app/
2026-02-24,Tuesday of the second week of Great Lent,Matins,Prophecy,Isaiah 5:7-16,Isa 5:7-16,source_supplement,verified recurring context; evidence=sources/coptic-reader/lent-qualified-2026-10-07/2026-02-24/Prophecies.txt; verified_date=2026-02-24; captured_at=2026-10-07T17:15:23.623Z,https://copticreader.org/app/
2026-02-25,Wednesday of the second week of Great Lent,Matins,Prophecy,Exodus 2:11-20,Exod 2:11-20,source_supplement,verified recurring context; evidence=sources/coptic-reader/lent-qualified-2026-10-07/2026-02-25/Prophecies.txt; verified_date=2026-02-25; captured_at=2026-10-07T17:15:58.396Z,https://copticreader.org/app/
2026-02-25,Wednesday of the second week of Great Lent,Matins,Prophecy,Isaiah 5:17-25,Isa 5:17-25,source_supplement,verified recurring context; evidence=sources/coptic-reader/lent-qualified-2026-10-07/2026-02-25/Prophecies.txt; verified_date=2026-02-25; captured_at=2026-10-07T17:15:58.396Z,https://copticreader.org/app/
2026-02-26,Thursday of the second week of Great Lent,Matins,Prophecy,Deuteronomy 5:15-22,Deut 5:15-22,source_supplement,verified recurring context; evidence=sources/coptic-reader/lent-qualified-2026-10-07/2026-02-26/Prophecies.txt; verified_date=2026-02-26; captured_at=2026-10-07T17:16:36.181Z,https://copticreader.org/app/
2026-02-26,Thursday of the second week of Great Lent,Matins,Prophecy,Isaiah 6:1-12,Isa 6:1-12,source_supplement,verified recurring context; evidence=sources/coptic-reader/lent-qualified-2026-10-07/2026-02-26/Prophecies.txt; verified_date=2026-02-26; captured_at=2026-10-07T17:16:36.181Z,https://copticreader.org/app/
2026-02-27,Friday of the second week of Great Lent,Matins,Prophecy,Deuteronomy 8:1-9:4,Deut 8:1-9:4,source_supplement,verified recurring context; evidence=sources/coptic-reader/lent-qualified-2026-10-07/2026-02-27/Prophecies.txt; verified_date=2026-02-27; captured_at=2026-10-07T17:17:03.024Z,https://copticreader.org/app/
2026-02-27,Friday of the second week of Great Lent,Matins,Prophecy,1 Samuel 17:1-18:4,1Sam 17:1-18:4,source_supplement,verified recurring context; evidence=sources/coptic-reader/lent-qualified-2026-10-07/2026-02-27/Prophecies.txt; verified_date=2026-02-27; captured_at=2026-10-07T17:17:03.024Z,https://copticreader.org/app/
2026-02-27,Friday of the second week of Great Lent,Matins,Prophecy,Isaiah 7:1-14,Isa 7:1-14,source_supplement,verified recurring context; evidence=sources/coptic-reader/lent-qualified-2026-10-07/2026-02-27/Prophecies.txt; verified_date=2026-02-27; captured_at=2026-10-07T17:17:03.024Z,https://copticreader.org/app/
2026-02-27,Friday of the second week of Great Lent,Matins,Prophecy,Job 11:1-20,Job 11:1-20,source_supplement,verified recurring context; evidence=sources/coptic-reader/lent-qualified-2026-10-07/2026-02-27/Prophecies.txt; verified_date=2026-02-27; captured_at=2026-10-07T17:17:03.024Z,https://copticreader.org/app/
2026-03-02,Monday of the third week of Great Lent,Matins,Prophecy,Proverbs 1:20-33,Prov 1:20-33,source_supplement,verified recurring context; evidence=sources/coptic-reader/lent-qualified-2026-10-07/2026-03-02/Prophecies.txt; verified_date=2026-03-02; captured_at=2026-10-07T17:17:19.039Z,https://copticreader.org/app/
2026-03-02,Monday of the third week of Great Lent,Matins,Prophecy,Isaiah 8:13-9:7,Isa 8:13-9:7,source_supplement,verified recurring context; evidence=sources/coptic-reader/lent-qualified-2026-10-07/2026-03-02/Prophecies.txt; verified_date=2026-03-02; captured_at=2026-10-07T17:17:19.039Z,https://copticreader.org/app/
2026-03-03,Tuesday of the third week of Great Lent,Matins,Prophecy,Proverbs 2:1-15,Prov 2:1-15,source_supplement,verified recurring context; evidence=sources/coptic-reader/lent-qualified-2026-10-07/2026-03-03/Prophecies.txt; verified_date=2026-03-03; captured_at=2026-10-07T17:17:34.270Z,https://copticreader.org/app/
2026-03-03,Tuesday of the third week of Great Lent,Matins,Prophecy,Isaiah 10:12-20,Isa 10:12-20,source_supplement,verified recurring context; evidence=sources/coptic-reader/lent-qualified-2026-10-07/2026-03-03/Prophecies.txt; verified_date=2026-03-03; captured_at=2026-10-07T17:17:34.270Z,https://copticreader.org/app/
2026-03-04,Wednesday of the third week of Great Lent,Matins,Prophecy,Exodus 4:19-6:13,Exod 4:19-6:13,source_supplement,verified recurring context; evidence=sources/coptic-reader/lent-week3-wednesday-2026-10-07/coptic-reader-2026-03-04-matins-prophecies.txt; verified_date=2026-03-04; captured_at=2026-10-07,https://copticreader.org/app/
2026-03-04,Wednesday of the third week of Great Lent,Matins,Prophecy,Joel 2:21-27,Joel 2:21-27,source_supplement,verified recurring context; evidence=sources/coptic-reader/lent-week3-wednesday-2026-10-07/coptic-reader-2026-03-04-matins-prophecies.txt; verified_date=2026-03-04; captured_at=2026-10-07,https://copticreader.org/app/
2026-03-04,Wednesday of the third week of Great Lent,Matins,Prophecy,Isaiah 9:9-10:4,Isa 9:9-10:4,source_supplement,verified recurring context; evidence=sources/coptic-reader/lent-week3-wednesday-2026-10-07/coptic-reader-2026-03-04-matins-prophecies.txt; verified_date=2026-03-04; captured_at=2026-10-07,https://copticreader.org/app/
2026-03-04,Wednesday of the third week of Great Lent,Matins,Prophecy,Job 12:1-14:22,Job 12:1-14:22,source_supplement,verified recurring context; evidence=sources/coptic-reader/lent-week3-wednesday-2026-10-07/coptic-reader-2026-03-04-matins-prophecies.txt; verified_date=2026-03-04; captured_at=2026-10-07,https://copticreader.org/app/
2026-03-05,Thursday of the third week of Great Lent,Matins,Prophecy,Genesis 18:17-19:29,Gen 18:17-19:29,source_supplement,verified recurring context; evidence=sources/coptic-reader/lent-qualified-2026-10-07/2026-03-05/Prophecies.txt; verified_date=2026-03-05; captured_at=2026-10-07T17:17:49.562Z,https://copticreader.org/app/
2026-03-05,Thursday of the third week of Great Lent,Matins,Prophecy,Proverbs 2:16-3:4,Prov 2:16-3:4,source_supplement,verified recurring context; evidence=sources/coptic-reader/lent-qualified-2026-10-07/2026-03-05/Prophecies.txt; verified_date=2026-03-05; captured_at=2026-10-07T17:17:49.562Z,https://copticreader.org/app/
2026-03-05,Thursday of the third week of Great Lent,Matins,Prophecy,Isaiah 11:10-12:2,Isa 11:10-12:2,source_supplement,verified recurring context; evidence=sources/coptic-reader/lent-qualified-2026-10-07/2026-03-05/Prophecies.txt; verified_date=2026-03-05; captured_at=2026-10-07T17:17:49.562Z,https://copticreader.org/app/
2026-03-09,Monday of the fourth week of Great Lent,Matins,Prophecy,Genesis 27:1-41,Gen 27:1-41,source_supplement,verified recurring context; evidence=sources/coptic-reader/lent-qualified-2026-10-07/2026-03-09/Prophecies.txt; verified_date=2026-03-09; captured_at=2026-10-07T17:24:38.921Z,https://copticreader.org/app/
2026-03-09,Monday of the fourth week of Great Lent,Matins,Prophecy,Isaiah 14:24-32,Isa 14:24-32,source_supplement,verified recurring context; evidence=sources/coptic-reader/lent-qualified-2026-10-07/2026-03-09/Prophecies.txt; verified_date=2026-03-09; captured_at=2026-10-07T17:24:38.921Z,https://copticreader.org/app/
2026-03-09,Monday of the fourth week of Great Lent,Matins,Prophecy,Job 16:1-17:16,Job 16:1-17:16,source_supplement,verified recurring context; evidence=sources/coptic-reader/lent-qualified-2026-10-07/2026-03-09/Prophecies.txt; verified_date=2026-03-09; captured_at=2026-10-07T17:24:38.921Z,https://copticreader.org/app/
2026-03-11,Wednesday of the fourth week of Great Lent,Liturgy,Pauline Epistle,Ephesians 4:17-33,Eph 4:17-32,source_corrected,source_corrected_from_coptic_reader_web_app_3.7; evidence=sources/coptic-reader/remaining-2026-09-07/2026-03-11-liturgy-pauline-epistle.txt; verified_date=2026-03-11,https://copticchurch.net/readings?g_year=2026&g_month=03&g_day=11
2026-03-11,Wednesday of the fourth week of Great Lent,Matins,Prophecy,Exodus 7:14-8:19,Exod 7:14-8:19,source_supplement,verified recurring context; evidence=sources/coptic-reader/lent-qualified-2026-10-07/2026-03-11/Prophecies.txt; verified_date=2026-03-11; captured_at=2026-10-07T17:25:31.767Z,https://copticreader.org/app/
2026-03-11,Wednesday of the fourth week of Great Lent,Matins,Prophecy,Joel 2:28-32,Joel 2:28-32,source_supplement,verified recurring context; evidence=sources/coptic-reader/lent-qualified-2026-10-07/2026-03-11/Prophecies.txt; verified_date=2026-03-11; captured_at=2026-10-07T17:25:31.767Z,https://copticreader.org/app/
2026-03-11,Wednesday of the fourth week of Great Lent,Matins,Prophecy,Job 1:1-22,Job 1:1-22,source_supplement,verified recurring context; evidence=sources/coptic-reader/lent-qualified-2026-10-07/2026-03-11/Prophecies.txt; verified_date=2026-03-11; captured_at=2026-10-07T17:25:31.767Z,https://copticreader.org/app/
2026-03-11,Wednesday of the fourth week of Great Lent,Matins,Prophecy,Isaiah 26:21-27:9,Isa 26:21-27:9,source_supplement,verified recurring context; evidence=sources/coptic-reader/lent-qualified-2026-10-07/2026-03-11/Prophecies.txt; verified_date=2026-03-11; captured_at=2026-10-07T17:25:31.767Z,https://copticreader.org/app/
2026-03-12,Thursday of the fourth week of Great Lent,Matins,Prophecy,Genesis 32:1-30,Gen 32:1-30,source_supplement,verified recurring context; evidence=sources/coptic-reader/lent-qualified-2026-10-07/2026-03-12/Prophecies.txt; verified_date=2026-03-12; captured_at=2026-10-07T17:26:02.062Z,https://copticreader.org/app/
2026-03-12,Thursday of the fourth week of Great Lent,Matins,Prophecy,Isaiah 28:14-22,Isa 28:14-22,source_supplement,verified recurring context; evidence=sources/coptic-reader/lent-qualified-2026-10-07/2026-03-12/Prophecies.txt; verified_date=2026-03-12; captured_at=2026-10-07T17:26:02.062Z,https://copticreader.org/app/
2026-03-12,Thursday of the fourth week of Great Lent,Matins,Prophecy,Job 20:1-29,Job 20:1-29,source_supplement,verified recurring context; evidence=sources/coptic-reader/lent-qualified-2026-10-07/2026-03-12/Prophecies.txt; verified_date=2026-03-12; captured_at=2026-10-07T17:26:02.062Z,https://copticreader.org/app/
2026-03-12,Thursday of the fourth week of Great Lent,Matins,Prophecy,Daniel 6:1-27,Dan 6:1-27,source_supplement,verified recurring context; evidence=sources/coptic-reader/lent-qualified-2026-10-07/2026-03-12/Prophecies.txt; verified_date=2026-03-12; captured_at=2026-10-07T17:26:02.062Z,https://copticreader.org/app/
2026-03-14,Saturday of the fourth week of Great Lent,Liturgy,Psalm,Psalm 61:1  &  Psalm 610:5,"Psalm 61:1,5",source_corrected,"source_corrected_from_katameros_api_2026_06_18; live API returned Ps 61:1,5",https://copticchurch.net/readings?g_year=2026&g_month=03&g_day=14
2026-03-15,Sunday of the fourth week of Great Lent,Matins,Psalm,Psalm 31:24  &  Psalm 31:33,Ps 31:24; Ps 31:23,source_corrected,source_corrected_from_coptic_reader_text_aligned_to_nkjv; evidence=sources/coptic-reader/remaining-2026-09-07/2026-03-15-matins-.txt; verified_date=2026-03-15,https://copticchurch.net/readings?g_year=2026&g_month=03&g_day=15
2026-03-16,Monday of the fifth week of Great Lent,Matins,Prophecy,Proverbs 3:5-18,Prov 3:5-18,source_supplement,verified recurring context; evidence=sources/coptic-reader/lent-qualified-2026-10-07/2026-03-16/Prophecies.txt; verified_date=2026-03-16; captured_at=2026-10-07T17:26:21.295Z,https://copticreader.org/app/
2026-03-16,Monday of the fifth week of Great Lent,Matins,Prophecy,Isaiah 37:33-38:6,Isa 37:33-38:6,source_supplement,verified recurring context; evidence=sources/coptic-reader/lent-qualified-2026-10-07/2026-03-16/Prophecies.txt; verified_date=2026-03-16; captured_at=2026-10-07T17:26:21.295Z,https://copticreader.org/app/
2026-03-16,Monday of the fifth week of Great Lent,Matins,Prophecy,Job 22:1-30,Job 22:1-30,source_supplement,verified recurring context; evidence=sources/coptic-reader/lent-qualified-2026-10-07/2026-03-16/Prophecies.txt; verified_date=2026-03-16; captured_at=2026-10-07T17:26:21.295Z,https://copticreader.org/app/
2026-03-17,Tuesday of the fifth week of Great Lent,Matins,Prophecy,Numbers 10:35-11:35,Num 10:35-11:35,source_supplement,verified recurring context; evidence=sources/coptic-reader/lent-qualified-2026-10-07/2026-03-17/Prophecies.txt; verified_date=2026-03-17; captured_at=2026-10-07T17:26:23.098Z,https://copticreader.org/app/
2026-03-17,Tuesday of the fifth week of Great Lent,Matins,Prophecy,Proverbs 3:19-4:9,Prov 3:19-4:9,source_supplement,verified recurring context; evidence=sources/coptic-reader/lent-qualified-2026-10-07/2026-03-17/Prophecies.txt; verified_date=2026-03-17; captured_at=2026-10-07T17:26:23.098Z,https://copticreader.org/app/
2026-03-17,Tuesday of the fifth week of Great Lent,Matins,Prophecy,Isaiah 40:1-8,Isa 40:1-8,source_supplement,verified recurring context; evidence=sources/coptic-reader/lent-qualified-2026-10-07/2026-03-17/Prophecies.txt; verified_date=2026-03-17; captured_at=2026-10-07T17:26:23.098Z,https://copticreader.org/app/
2026-03-17,Tuesday of the fifth week of Great Lent,Matins,Prophecy,Job 25:1-6,Job 25:1-6,source_supplement,verified recurring context; evidence=sources/coptic-reader/lent-qualified-2026-10-07/2026-03-17/Prophecies.txt; verified_date=2026-03-17; captured_at=2026-10-07T17:26:23.098Z,https://copticreader.org/app/
2026-03-17,Tuesday of the fifth week of Great Lent,Matins,Prophecy,Job 26:1-14,Job 26:1-14,source_supplement,verified recurring context; evidence=sources/coptic-reader/lent-qualified-2026-10-07/2026-03-17/Prophecies.txt; verified_date=2026-03-17; captured_at=2026-10-07T17:26:23.098Z,https://copticreader.org/app/
2026-03-22,Sunday of the fifth week of Great Lent,Matins,Psalm,Psalm 101:1  &  Psalm 101:2  &  Psalm 101:12,Ps 102:1-2; Ps 102:12,source_corrected,source_corrected_from_coptic_reader_text_aligned_to_nkjv; evidence=sources/coptic-reader/remaining-2026-09-07/2026-03-22-matins-.txt; verified_date=2026-03-22,https://copticchurch.net/readings?g_year=2026&g_month=03&g_day=22
2026-04-07,Tuesday,Eleventh Hour,Prophecy,Isa 50:1-3,Isa 50:1-3,calendar_overlay,UK Midlands Katameros Days p.22 rule 13: Annunciation yields during the non-repeatable Lord-events window,
2026-04-07,Tuesday,Eleventh Hour,Prophecy,Wis 2:20-30,Wis 2:20-30,calendar_overlay,UK Midlands Katameros Days p.22 rule 13: Annunciation yields during the non-repeatable Lord-events window,
2026-04-07,Tuesday,Eleventh Hour,Gospel,John 8:51-59,John 8:51-59,calendar_overlay,UK Midlands Katameros Days p.22 rule 13: Annunciation yields during the non-repeatable Lord-events window,
2026-04-07,Tuesday,Eleventh Hour,Psalm,Ps 13:3-4,Ps 13:3-4,calendar_overlay,UK Midlands Katameros Days p.22 rule 13: Annunciation yields during the non-repeatable Lord-events window,
2026-04-07,Tuesday,First Hour,Prophecy,Exod 19:1-9,Exod 19:1-9,calendar_overlay,UK Midlands Katameros Days p.22 rule 13: Annunciation yields during the non-repeatable Lord-events window,
2026-04-07,Tuesday,First Hour,Prophecy,Job 23:2-24:25,Job 23:2-24:25,calendar_overlay,UK Midlands Katameros Days p.22 rule 13: Annunciation yields during the non-repeatable Lord-events window,
2026-04-07,Tuesday,First Hour,Prophecy,Hos 4:1-8,Hos 4:1-8,calendar_overlay,UK Midlands Katameros Days p.22 rule 13: Annunciation yields during the non-repeatable Lord-events window,
2026-04-07,Tuesday,First Hour,Gospel,John 11:12-24,John 11:12-24,calendar_overlay,UK Midlands Katameros Days p.22 rule 13: Annunciation yields during the non-repeatable Lord-events window,
2026-04-07,Tuesday,First Hour,Psalm,"Ps 120:2,6,7","Ps 120:2,6,7",calendar_overlay,UK Midlands Katameros Days p.22 rule 13: Annunciation yields during the non-repeatable Lord-events window,
2026-04-07,Tuesday,Ninth Hour,Prophecy,Gen 6:5-9:7,Gen 6:5-9:7,calendar_overlay,UK Midlands Katameros Days p.22 rule 13: Annunciation yields during the non-repeatable Lord-events window,
2026-04-07,Tuesday,Ninth Hour,Prophecy,Isa 40:1-5,Isa 40:1-5,calendar_overlay,UK Midlands Katameros Days p.22 rule 13: Annunciation yields during the non-repeatable Lord-events window,
2026-04-07,Tuesday,Ninth Hour,Prophecy,Prov 1:1-9,Prov 1:1-9,calendar_overlay,UK Midlands Katameros Days p.22 rule 13: Annunciation yields during the non-repeatable Lord-events window,
2026-04-07,Tuesday,Ninth Hour,Gospel,Matt 21:23-27,Matt 21:23-27,calendar_overlay,UK Midlands Katameros Days p.22 rule 13: Annunciation yields during the non-repeatable Lord-events window,
2026-04-07,Tuesday,Ninth Hour,Psalm,"Ps 65:5,4","Ps 65:5,4",calendar_overlay,UK Midlands Katameros Days p.22 rule 13: Annunciation yields during the non-repeatable Lord-events window,
2026-04-07,Tuesday,Sixth Hour,Prophecy,Ezek 21:3-13,Ezek 21:3-13,calendar_overlay,UK Midlands Katameros Days p.22 rule 13: Annunciation yields during the non-repeatable Lord-events window,
2026-04-07,Tuesday,Sixth Hour,Prophecy,Sir 4:20-5:2,Sir 4:20-5:2,calendar_overlay,UK Midlands Katameros Days p.22 rule 13: Annunciation yields during the non-repeatable Lord-events window,
2026-04-07,Tuesday,Sixth Hour,Prophecy,Isa 1:1-9,Isa 1:1-9,calendar_overlay,UK Midlands Katameros Days p.22 rule 13: Annunciation yields during the non-repeatable Lord-events window,
2026-04-07,Tuesday,Sixth Hour,Gospel,John 8:12-20,John 8:12-20,calendar_overlay,UK Midlands Katameros Days p.22 rule 13: Annunciation yields during the non-repeatable Lord-events window,
2026-04-07,Tuesday,Sixth Hour,Psalm,"Ps 18:48,17","Ps 18:48,17",calendar_overlay,UK Midlands Katameros Days p.22 rule 13: Annunciation yields during the non-repeatable Lord-events window,
2026-04-07,Tuesday,Third Hour,Prophecy,Isa 5:20-30,Isa 5:20-30,calendar_overlay,UK Midlands Katameros Days p.22 rule 13: Annunciation yields during the non-repeatable Lord-events window,
2026-04-07,Tuesday,Third Hour,Prophecy,Jer 9:12-19,Jer 9:12-19,calendar_overlay,UK Midlands Katameros Days p.22 rule 13: Annunciation yields during the non-repeatable Lord-events window,
2026-04-07,Tuesday,Third Hour,Gospel,Mark 11:11-19,Mark 11:11-19,calendar_overlay,UK Midlands Katameros Days p.22 rule 13: Annunciation yields during the non-repeatable Lord-events window,
2026-04-07,Tuesday,Third Hour,Psalm,Ps 122:1-2,Ps 122:1-2,calendar_overlay,UK Midlands Katameros Days p.22 rule 13: Annunciation yields during the non-repeatable Lord-events window,
2026-04-07,Tuesday Eve,Eleventh Hour,Prophecy,Amos 5:6-14,Amos 5:6-14,calendar_overlay,UK Midlands Katameros Days p.22 rule 13: Annunciation yields during the non-repeatable Lord-events window,
2026-04-07,Tuesday Eve,Eleventh Hour,Gospel,Mark 13:32-14:2,Mark 13:32-14:2,calendar_overlay,UK Midlands Katameros Days p.22 rule 13: Annunciation yields during the non-repeatable Lord-events window,
2026-04-07,Tuesday Eve,Eleventh Hour,Psalm,Ps 122:4,Ps 122:4,calendar_overlay,UK Midlands Katameros Days p.22 rule 13: Annunciation yields during the non-repeatable Lord-events window,
2026-04-07,Tuesday Eve,First Hour,Prophecy,Zech 1:1-6,Zech 1:1-6,calendar_overlay,UK Midlands Katameros Days p.22 rule 13: Annunciation yields during the non-repeatable Lord-events window,
2026-04-07,Tuesday Eve,First Hour,Gospel,Luke 13:23-30,Luke 13:23-30,calendar_overlay,UK Midlands Katameros Days p.22 rule 13: Annunciation yields during the non-repeatable Lord-events window,
2026-04-07,Tuesday Eve,First Hour,Psalm,"Ps 62:7,6","Ps 62:7,6",calendar_overlay,UK Midlands Katameros Days p.22 rule 13: Annunciation yields during the non-repeatable Lord-events window,
2026-04-07,Tuesday Eve,Ninth Hour,Prophecy,Hos 10:12-11:2,Hos 10:12-11:2,calendar_overlay,UK Midlands Katameros Days p.22 rule 13: Annunciation yields during the non-repeatable Lord-events window,
2026-04-07,Tuesday Eve,Ninth Hour,Gospel,Luke 11:37-52,Luke 11:37-52,calendar_overlay,UK Midlands Katameros Days p.22 rule 13: Annunciation yields during the non-repeatable Lord-events window,
2026-04-07,Tuesday Eve,Ninth Hour,Psalm,"Ps 33:10,11","Ps 33:10,11",calendar_overlay,UK Midlands Katameros Days p.22 rule 13: Annunciation yields during the non-repeatable Lord-events window,
2026-04-07,Tuesday Eve,Sixth Hour,Prophecy,Hos 4:15-5:7,Hos 4:15-5:7,calendar_overlay,UK Midlands Katameros Days p.22 rule 13: Annunciation yields during the non-repeatable Lord-events window,
2026-04-07,Tuesday Eve,Sixth Hour,Gospel,Luke 21:34-38,Luke 21:34-38,calendar_overlay,UK Midlands Katameros Days p.22 rule 13: Annunciation yields during the non-repeatable Lord-events window,
2026-04-07,Tuesday Eve,Sixth Hour,Psalm,"Ps 91:2,3","Ps 91:2,3",calendar_overlay,UK Midlands Katameros Days p.22 rule 13: Annunciation yields during the non-repeatable Lord-events window,
2026-04-07,Tuesday Eve,Third Hour,Prophecy,Mal 1:1-9,Mal 1:1-9,calendar_overlay,UK Midlands Katameros Days p.22 rule 13: Annunciation yields during the non-repeatable Lord-events window,
2026-04-07,Tuesday Eve,Third Hour,Gospel,Luke 13:31-35,Luke 13:31-35,calendar_overlay,UK Midlands Katameros Days p.22 rule 13: Annunciation yields during the non-repeatable Lord-events window,
2026-04-07,Tuesday Eve,Third Hour,Psalm,"Ps 13:3,5","Ps 13:3,5",calendar_overlay,UK Midlands Katameros Days p.22 rule 13: Annunciation yields during the non-repeatable Lord-events window,
2026-07-11,Abib 4,Vespers,Psalm,Psalm 68:65  &  Psalm 68:3,Ps 68:35; Ps 68:3,source_corrected,source_corrected_from_coptic_reader_text_aligned_to_nkjv; evidence=sources/coptic-reader/remaining-2026-09-07/2023-07-11-vespers-.txt; verified_date=2023-07-11,https://copticchurch.net/readings?g_year=2026&g_month=07&g_day=11
2026-07-14,Abib 7,Liturgy,Gospel,Matt 9:33 - 41,Mark 9:33-41,source_corrected,source_corrected_from_coptic_reader_web_app_3.7; evidence=sources/coptic-reader/coptic-reader-live-2026-09-07/2023-07-14-gospel.txt; verified_date=2023-07-14,https://copticchurch.net/readings?g_year=2026&g_month=07&g_day=14
2026-07-28,Abib 21,Matins,Gospel,Mk 19:9-13,Mark 13:9-13,source_corrected,source_corrected_from_katameros_api_2026_06_18; live API returned Mark 13:9-13,https://copticchurch.net/readings?g_year=2026&g_month=07&g_day=28
2026-07-31,Abib 24,Vespers,Psalm,Psalm 68:65  &  Psalm 68:3,Ps 68:35; Ps 68:3,source_corrected,source_corrected_from_coptic_reader_text_aligned_to_nkjv; evidence=sources/coptic-reader/remaining-2026-09-07/2023-07-31-vespers-.txt; verified_date=2023-07-31,https://copticchurch.net/readings?g_year=2026&g_month=07&g_day=31
2026-08-07,St Mary's Fast,Vespers,Psalm,Psalm 68:65  &  Psalm 68:3,Ps 68:35; Ps 68:3,source_corrected,source_corrected_from_coptic_reader_text_aligned_to_nkjv; evidence=sources/coptic-reader/remaining-2026-09-07/2023-08-07-vespers-.txt; verified_date=2023-08-07,https://copticchurch.net/readings?g_year=2026&g_month=08&g_day=07
2026-08-11,Mesra 5,Liturgy,Gospel,Matt 3:23—  &  Matt 5:1-16,Matt 4:23-5:16,source_corrected,source_corrected_from_coptic_reader_web_app_3.7; evidence=sources/coptic-reader/remaining-2026-09-07/2023-08-11-liturgy-psalm-and-gospel.txt; verified_date=2023-08-11,https://copticchurch.net/readings?g_year=2026&g_month=08&g_day=11
2026-08-13,Mesra 7,Vespers,Gospel,Mk 14:-39,Mk 14:39,repaired,repaired_negative_verse_marker,https://copticchurch.net/readings?g_year=2026&g_month=08&g_day=13
2026-08-15,Mesra 9,Vespers,Psalm,Psalm 68:65  &  Psalm 68:3,Ps 68:35; Ps 68:3,source_corrected,source_corrected_from_coptic_reader_text_aligned_to_nkjv; evidence=sources/coptic-reader/remaining-2026-09-07/2023-08-15-vespers-.txt; verified_date=2023-08-15,https://copticchurch.net/readings?g_year=2026&g_month=08&g_day=15
2026-08-22,Mesra 16 (St Mary's Feast),Vespers,Gospel,Lk 10:38-52,Lk 10:38-42,source_corrected,source_corrected_from_coptic_reader_web_app_3.7; evidence=sources/coptic-reader/remaining-2026-09-07/2023-08-22-vespers-.txt; verified_date=2023-08-22,https://copticchurch.net/readings?g_year=2026&g_month=08&g_day=22
2026-08-25,Mesra 19,Liturgy,Catholic Epistle,Jm 1:1-12,James 1:12-21,source_corrected,source_corrected_from_george_user-supplied_correction; evidence=sources/user-corrections/mesra-19-james.json,https://copticchurch.net/readings?g_year=2026&g_month=08&g_day=25
2026-08-29,Mesra 23,Liturgy,Pauline Epistle,Rom 8:28:39,Rom 8:28-39,source_corrected,source_corrected_from_katameros_api_2026_06_18; live API returned Rom 8:28-39,https://copticchurch.net/readings?g_year=2026&g_month=08&g_day=29
2026-08-31,Mesra 25,Liturgy,Acts of the Apostles,Acts 18:24—  &  Acts 9:1-6,Acts 18:24-28; Acts 19:1-6,source_corrected,source_corrected_from_katameros_api_2026_06_18; live API returned Acts 18:24-28 and Acts 19:1-6,https://copticchurch.net/readings?g_year=2026&g_month=08&g_day=31
2026-09-01,Mesra 26,Liturgy,Pauline Epistle,Rom 7:14-27,Rom 8:14-27,source_corrected,source_corrected_from_coptic_reader_web_app_3.7; evidence=sources/coptic-reader/remaining-2026-09-07/2023-09-01-liturgy-pauline-epistle.txt; verified_date=2023-09-01,https://copticchurch.net/readings?g_year=2026&g_month=09&g_day=01
2026-09-02,Mesra 27,Liturgy,Pauline Epistle,Rom 8:28:39,Rom 8:28-39,source_corrected,source_corrected_from_katameros_api_2026_06_18; live API returned Rom 8:28-39,https://copticchurch.net/readings?g_year=2026&g_month=09&g_day=02
2026-09-04,Mesra 29,Liturgy,Acts of the Apostles,Acts 5:34:42,Acts 5:34-42,source_corrected,source_corrected_from_katameros_api_2026_06_18; live API returned Acts 5:34-42,https://copticchurch.net/readings?g_year=2026&g_month=09&g_day=04
2026-09-09,Nasie 4,Vespers,Psalm,Psalm 68:65  &  Psalm 68:3,Ps 68:35; Ps 68:3,source_corrected,source_corrected_from_coptic_reader_text_aligned_to_nkjv; evidence=sources/coptic-reader/remaining-2026-09-07/2023-09-09-vespers-.txt; verified_date=2023-09-09,https://copticchurch.net/readings?g_year=2026&g_month=09&g_day=09
2026-09-13,The first Sunday of Tout,Liturgy,Pauline Epistle,1Tim 1:12-27,1Tim 1:12-19,source_corrected,source_corrected_from_coptic_reader_web_app_3.7; evidence=sources/coptic-reader/coptic-reader-live-2026-09-07/2023-09-17-pauline.txt; verified_date=2023-09-17,https://copticchurch.net/readings?g_year=2026&g_month=09&g_day=13
2026-09-13,The first Sunday of Tout,Liturgy,Psalm,Psalm 31:26  &  Psalm 31:19,Ps 31:23; Ps 31:19,source_corrected,source_corrected_from_coptic_reader_text_aligned_to_nkjv; evidence=sources/coptic-reader/remaining-2026-09-07/2023-09-17-liturgy-psalm-and-gospel.txt; verified_date=2023-09-17,https://copticchurch.net/readings?g_year=2026&g_month=09&g_day=13
2026-09-26,Tout 16,Liturgy,Catholic Epistle,2Pet 2:1-10,1Pet 1:25-2:10,source_context_correction,verified exact annual context; evidence=sources/coptic-reader/annual-reconciled-2026-10-07/AnnualReadings-16/ba53fe6e-a0c6-48a1-ba20-dd0fe2fb76c7/Liturgy-Catholic_Epistle.txt; verified_date=2026-09-26; source_sha256=cc77e12a3fe1d6f4e018e9eba473847de6a0fa249ed7cef8a8a914bd653b5f29,https://copticchurch.net/readings?g_year=2026&g_month=09&g_day=26
2026-09-29,Tout 19 (Feast of the Cross),Liturgy,Gospel,Lk 14:25-32,Lk 14:25-35,source_context_correction,verified exact annual context; evidence=sources/coptic-reader/annual-reconciled-2026-10-07/AnnualReadings-19/49f03aec-d14e-4ede-ae93-bbb09f175e10/Liturgy-Psalm_and_Gospel.txt; verified_date=2026-09-29; source_sha256=f2f1713ebef6e13e0e12a1f8c520eb92ef3cf0d2d613009c503273d25c9f6347,https://copticchurch.net/readings?g_year=2026&g_month=09&g_day=29
2026-10-01,Tout 21,Liturgy,Catholic Epistle,Jn 2:7-11,1Jn 2:7-11,source_corrected,source_corrected; verified 1 John 2:7-11 at https://api.katameros.app/readings/gregorian/01-10-2026?languageId=2,https://copticchurch.net/readings?g_year=2026&g_month=10&g_day=01
2026-10-03,Tout 23,Liturgy,Catholic Epistle,Jn 2:7-11,1Jn 2:7-11,source_corrected,source_corrected; verified 1 John 2:7-11 at https://api.katameros.app/readings/gregorian/01-10-2026?languageId=2,https://copticchurch.net/readings?g_year=2026&g_month=10&g_day=03
2026-10-06,Tout 26,Liturgy,Catholic Epistle,Jm 1:1-18,James 1:1-18,source_context_correction,verified exact annual context; evidence=sources/coptic-reader/annual-reconciled-2026-10-07/AnnualReadings-26/66520fa5-60dc-42cb-a5bc-b492e99d8bce/Liturgy-Catholic_Epistle.txt; verified_date=2026-10-06; source_sha256=87ed3ec84b7a456c6a02c6392e6eabfa519cc3529323cd3a4f234c45f3d44be4,https://copticchurch.net/readings?g_year=2026&g_month=10&g_day=06
2026-11-03,Baba 24,Liturgy,Catholic Epistle,Jm 5:9 - 20,James 5:9-20,source_context_correction,verified exact annual context; evidence=sources/coptic-reader/annual-reconciled-2026-10-07/AnnualReadings-54/ada681b2-d8ad-47c2-b233-905ff90c2f20/Liturgy-Catholic_Epistle.txt; verified_date=2026-11-03; source_sha256=ad935bdf6361c1c02dafb13c5d84dd81e629d14c1d3632fcce1aef771ce3de27,https://copticchurch.net/readings?g_year=2026&g_month=11&g_day=03
2026-11-06,Baba 27,Liturgy,Catholic Epistle,Jm 1:12-21,James 1:12-21,source_context_correction,verified exact annual context; evidence=sources/coptic-reader/annual-reconciled-2026-10-07/AnnualReadings-57/a3529349-74b7-481f-a0b0-2d0250a9a39e/Liturgy-Catholic_Epistle.txt; verified_date=2026-11-06; source_sha256=1d0e307f21d4762f2d79237442059039dff4441d563cf88764fd793a2e254998,https://copticchurch.net/readings?g_year=2026&g_month=11&g_day=06
2026-11-06,Baba 27,Liturgy,Gospel,Matt 4:23— - Matt 5:1-16,Matt 4:23-5:16,source_context_correction,verified exact annual context; evidence=sources/coptic-reader/annual-reconciled-2026-10-07/AnnualReadings-57/a3529349-74b7-481f-a0b0-2d0250a9a39e/Liturgy-Psalm_and_Gospel.txt; verified_date=2026-11-06; source_sha256=8b1170660617bc5f5be156e7c8159f955597544e19a6a069c70b53d49ca55f30,https://copticchurch.net/readings?g_year=2026&g_month=11&g_day=06
2026-12-12,Kiak 3,Vespers,Gospel,Lk 10:38-52,Lk 10:38-42,source_corrected,source_corrected_from_coptic_reader_web_app_3.7; evidence=sources/coptic-reader/remaining-2026-09-07/2022-12-12-vespers-.txt; verified_date=2022-12-12,https://copticchurch.net/readings?g_year=2026&g_month=12&g_day=12
2027-01-03,The fourth Sunday of Kiak,Liturgy,Catholic Epistle,1Jn 2:24-33,1Jn 2:24-3:3,source_corrected,source_corrected_from_coptic_reader_web_app_3.7; evidence=sources/coptic-reader/remaining-2026-09-07/2026-01-04-liturgy-catholic-epistle.txt; verified_date=2026-01-04,https://copticchurch.net/readings?g_year=2027&g_month=01&g_day=03
2027-01-03,The fourth Sunday of Kiak,Matins,Psalm,Psalm 95:10-12,Ps 96:11-13,source_corrected,source_corrected_from_coptic_reader_text_aligned_to_nkjv; evidence=sources/coptic-reader/remaining-2026-09-07/2026-01-04-matins-.txt; verified_date=2026-01-04,https://copticchurch.net/readings?g_year=2027&g_month=01&g_day=03
2027-01-29,Toba 21,Vespers,Gospel,Lk 10:38-52,Lk 10:38-42,source_corrected,source_corrected_from_coptic_reader_web_app_3.7; evidence=sources/coptic-reader/remaining-2026-09-07/2024-01-30-vespers-.txt; verified_date=2024-01-30,https://copticchurch.net/readings?g_year=2027&g_month=01&g_day=29
2027-02-07,First Sunday of Meshir,Vespers,Psalm,"19.82:8,6","Ps 82:8,6",sunday_policy_overlay,Source-qualified Sunday selection SundayReadings:21; numeric_coptic=5/30; verified_date=context-only/publisher-policy; Psalm MT/LXX verse alignment HELD; existing numeric source coordinates retained,https://copticreader.org/app/
2027-02-07,First Sunday of Meshir,Vespers,Gospel,43.6:15-21,Jn 6:15-21,sunday_policy_overlay,Source-qualified Sunday selection SundayReadings:21; numeric_coptic=5/30; verified_date=context-only/publisher-policy; ,https://copticreader.org/app/
2027-02-07,First Sunday of Meshir,Matins,Psalm,"19.119:105,73","Ps 119:105,73",sunday_policy_overlay,Source-qualified Sunday selection SundayReadings:21; numeric_coptic=5/30; verified_date=context-only/publisher-policy; Psalm MT/LXX verse alignment HELD; existing numeric source coordinates retained,https://copticreader.org/app/
2027-02-07,First Sunday of Meshir,Matins,Gospel,43.8:51-59,Jn 8:51-59,sunday_policy_overlay,Source-qualified Sunday selection SundayReadings:21; numeric_coptic=5/30; verified_date=context-only/publisher-policy; ,https://copticreader.org/app/
2027-02-07,First Sunday of Meshir,Liturgy,Pauline Epistle,46.5:11-13*@+46.6:1-11,1Cor 5:11-13; 1Cor 6:1-11,sunday_policy_overlay,Source-qualified Sunday selection SundayReadings:21; numeric_coptic=5/30; verified_date=context-only/publisher-policy; ,https://copticreader.org/app/
2027-02-07,First Sunday of Meshir,Liturgy,Catholic Epistle,61.3:14-18,2Pet 3:14-18,sunday_policy_overlay,Source-qualified Sunday selection SundayReadings:21; numeric_coptic=5/30; verified_date=context-only/publisher-policy; ,https://copticreader.org/app/
2027-02-07,First Sunday of Meshir,Liturgy,Acts of the Apostles,44.9:3-9,Acts 9:3-9,sunday_policy_overlay,Source-qualified Sunday selection SundayReadings:21; numeric_coptic=5/30; verified_date=context-only/publisher-policy; ,https://copticreader.org/app/
2027-02-07,First Sunday of Meshir,Liturgy,Psalm,"19.96:6,4","Ps 96:6,4",sunday_policy_overlay,Source-qualified Sunday selection SundayReadings:21; numeric_coptic=5/30; verified_date=context-only/publisher-policy; Psalm MT/LXX verse alignment HELD; existing numeric source coordinates retained,https://copticreader.org/app/
2027-02-07,First Sunday of Meshir,Liturgy,Gospel,43.6:22-27,Jn 6:22-27,sunday_policy_overlay,Source-qualified Sunday selection SundayReadings:21; numeric_coptic=5/30; verified_date=context-only/publisher-policy; ,https://copticreader.org/app/
2027-02-09,Amshir 2,Liturgy,Gospel,Matt 9:33 - 41,Mark 9:33-41,source_corrected,source_corrected_from_coptic_reader_web_app_3.7; evidence=sources/coptic-reader/coptic-reader-live-2026-09-07/2024-02-10-gospel.txt; verified_date=2024-02-10,https://copticchurch.net/readings?g_year=2027&g_month=02&g_day=09
2027-02-14,Second Sunday of Meshir,Vespers,Psalm,19.15:1-2,Ps 15:1-2,sunday_policy_overlay,Source-qualified Sunday selection SundayReadings:22; numeric_coptic=6/7; verified_date=context-only/publisher-policy; Psalm MT/LXX verse alignment HELD; existing numeric source coordinates retained,https://copticreader.org/app/
2027-02-14,Second Sunday of Meshir,Vespers,Gospel,43.4:46-53,Jn 4:46-53,sunday_policy_overlay,Source-qualified Sunday selection SundayReadings:22; numeric_coptic=6/7; verified_date=context-only/publisher-policy; ,https://copticreader.org/app/
2027-02-14,Second Sunday of Meshir,Matins,Psalm,19.24:3-4,Ps 24:3-4,sunday_policy_overlay,Source-qualified Sunday selection SundayReadings:22; numeric_coptic=6/7; verified_date=context-only/publisher-policy; Psalm MT/LXX verse alignment HELD; existing numeric source coordinates retained,https://copticreader.org/app/
2027-02-14,Second Sunday of Meshir,Matins,Gospel,43.3:17-21,Jn 3:17-21,sunday_policy_overlay,Source-qualified Sunday selection SundayReadings:22; numeric_coptic=6/7; verified_date=context-only/publisher-policy; ,https://copticreader.org/app/
2027-02-14,Second Sunday of Meshir,Liturgy,Pauline Epistle,58.7:1-17,Heb 7:1-17,sunday_policy_overlay,Source-qualified Sunday selection SundayReadings:22; numeric_coptic=6/7; verified_date=context-only/publisher-policy; ,https://copticreader.org/app/
2027-02-14,Second Sunday of Meshir,Liturgy,Catholic Epistle,63.1:1-13,2Jn 1:1-13,sunday_policy_overlay,Source-qualified Sunday selection SundayReadings:22; numeric_coptic=6/7; verified_date=context-only/publisher-policy; ,https://copticreader.org/app/
2027-02-14,Second Sunday of Meshir,Liturgy,Acts of the Apostles,44.18:9-21,Acts 18:9-21,sunday_policy_overlay,Source-qualified Sunday selection SundayReadings:22; numeric_coptic=6/7; verified_date=context-only/publisher-policy; ,https://copticreader.org/app/
2027-02-14,Second Sunday of Meshir,Liturgy,Psalm,19.96:7-8,Ps 96:7-8,sunday_policy_overlay,Source-qualified Sunday selection SundayReadings:22; numeric_coptic=6/7; verified_date=context-only/publisher-policy; Psalm MT/LXX verse alignment HELD; existing numeric source coordinates retained,https://copticreader.org/app/
2027-02-14,Second Sunday of Meshir,Liturgy,Gospel,43.6:5-14,Jn 6:5-14,sunday_policy_overlay,Source-qualified Sunday selection SundayReadings:22; numeric_coptic=6/7; verified_date=context-only/publisher-policy; ,https://copticreader.org/app/
2027-02-21,Third Sunday of Meshir,Vespers,Psalm,"19.17:15,3","Ps 17:15,3",sunday_policy_overlay,Source-qualified Sunday selection SundayReadings:23; numeric_coptic=6/14; verified_date=2027-02-21; Psalm MT/LXX verse alignment HELD; existing numeric source coordinates retained,https://copticreader.org/app/
2027-02-21,Third Sunday of Meshir,Vespers,Gospel,John 5:39-47,Jn 5:39-47,sunday_policy_overlay,Source-qualified Sunday selection SundayReadings:23; numeric_coptic=6/14; verified_date=2027-02-21; ,https://copticreader.org/app/
2027-02-21,Third Sunday of Meshir,Matins,Psalm,"19.89:52,49","Ps 89:52,49",sunday_policy_overlay,Source-qualified Sunday selection SundayReadings:23; numeric_coptic=6/14; verified_date=2027-02-21; Psalm MT/LXX verse alignment HELD; existing numeric source coordinates retained,https://copticreader.org/app/
2027-02-21,Third Sunday of Meshir,Matins,Gospel,John 12:44-50,Jn 12:44-50,sunday_policy_overlay,Source-qualified Sunday selection SundayReadings:23; numeric_coptic=6/14; verified_date=2027-02-21; ,https://copticreader.org/app/
2027-02-21,Third Sunday of Meshir,Liturgy,Pauline Epistle,Hebrews 3:1-4:2,Heb 3:1-4:2,sunday_policy_overlay,Source-qualified Sunday selection SundayReadings:23; numeric_coptic=6/14; verified_date=2027-02-21; ,https://copticreader.org/app/
2027-02-21,Third Sunday of Meshir,Liturgy,Catholic Epistle,Jude 1:14-25,Jude 1:14-25,sunday_policy_overlay,Source-qualified Sunday selection SundayReadings:23; numeric_coptic=6/14; verified_date=2027-02-21; ,https://copticreader.org/app/
2027-02-21,Third Sunday of Meshir,Liturgy,Acts of the Apostles,Acts 20:7-16,Acts 20:7-16,sunday_policy_overlay,Source-qualified Sunday selection SundayReadings:23; numeric_coptic=6/14; verified_date=2027-02-21; ,https://copticreader.org/app/
2027-02-21,Third Sunday of Meshir,Liturgy,Psalm,"19.89:1,6","Ps 89:1,6",sunday_policy_overlay,Source-qualified Sunday selection SundayReadings:23; numeric_coptic=6/14; verified_date=2027-02-21; Psalm MT/LXX verse alignment HELD; existing numeric source coordinates retained,https://copticreader.org/app/
2027-02-21,Third Sunday of Meshir,Liturgy,Gospel,John 6:27-46,Jn 6:27-46,sunday_policy_overlay,Source-qualified Sunday selection SundayReadings:23; numeric_coptic=6/14; verified_date=2027-02-21; ,https://copticreader.org/app/
2027-02-28,Fourth Sunday of Meshir,Vespers,Psalm,19.92:4-5,Ps 92:4-5,sunday_policy_overlay,Source-qualified Sunday selection SundayReadings:24; numeric_coptic=6/21; verified_date=2027-02-28; Psalm MT/LXX verse alignment HELD; existing numeric source coordinates retained,https://copticreader.org/app/
2027-02-28,Fourth Sunday of Meshir,Vespers,Gospel,Luke 17:1-10,Lk 17:1-10,sunday_policy_overlay,Source-qualified Sunday selection SundayReadings:24; numeric_coptic=6/21; verified_date=2027-02-28; ,https://copticreader.org/app/
2027-02-28,Fourth Sunday of Meshir,Matins,Psalm,"19.89:11,1","Ps 89:11,1",sunday_policy_overlay,Source-qualified Sunday selection SundayReadings:24; numeric_coptic=6/21; verified_date=2027-02-28; Psalm MT/LXX verse alignment HELD; existing numeric source coordinates retained,https://copticreader.org/app/
2027-02-28,Fourth Sunday of Meshir,Matins,Gospel,Luke 17:11-19,Lk 17:11-19,sunday_policy_overlay,Source-qualified Sunday selection SundayReadings:24; numeric_coptic=6/21; verified_date=2027-02-28; ,https://copticreader.org/app/
2027-02-28,Fourth Sunday of Meshir,Liturgy,Pauline Epistle,1 Corinthians 1:1-16,1Cor 1:1-16,sunday_policy_overlay,Source-qualified Sunday selection SundayReadings:24; numeric_coptic=6/21; verified_date=2027-02-28; ,https://copticreader.org/app/
2027-02-28,Fourth Sunday of Meshir,Liturgy,Catholic Epistle,James 1:13-21,James 1:13-21,sunday_policy_overlay,Source-qualified Sunday selection SundayReadings:24; numeric_coptic=6/21; verified_date=2027-02-28; ,https://copticreader.org/app/
2027-02-28,Fourth Sunday of Meshir,Liturgy,Acts of the Apostles,Acts 8:5-13,Acts 8:5-13,sunday_policy_overlay,Source-qualified Sunday selection SundayReadings:24; numeric_coptic=6/21; verified_date=2027-02-28; ,https://copticreader.org/app/
2027-02-28,Fourth Sunday of Meshir,Liturgy,Psalm,19.24:1-2,Ps 24:1-2,sunday_policy_overlay,Source-qualified Sunday selection SundayReadings:24; numeric_coptic=6/21; verified_date=2027-02-28; Psalm MT/LXX verse alignment HELD; existing numeric source coordinates retained,https://copticreader.org/app/
2027-02-28,Fourth Sunday of Meshir,Liturgy,Gospel,Luke 19:1-10,Lk 19:1-10,sunday_policy_overlay,Source-qualified Sunday selection SundayReadings:24; numeric_coptic=6/21; verified_date=2027-02-28; ,https://copticreader.org/app/
2027-03-10,Wednesday of the first week of Great Lent,Liturgy,Psalm,Psalm 24:20  &  Psalm 24:16,Ps 25:20; Ps 25:16,source_corrected,source_corrected_from_coptic_reader_text_aligned_to_nkjv; evidence=sources/coptic-reader/remaining-2026-09-07/2026-02-18-liturgy-psalm-and-gospel.txt; verified_date=2026-02-18,https://copticchurch.net/readings?g_year=2027&g_month=03&g_day=10
2027-03-11,Thursday of the first week of Great Lent,Liturgy,Psalm,Psalm 117:14  &  Psalm 117:18,Ps 118:14; Ps 118:18,source_corrected,source_corrected_from_coptic_reader_text_aligned_to_nkjv; evidence=sources/coptic-reader/remaining-2026-09-07/2026-02-19-liturgy-psalm-and-gospel.txt; verified_date=2026-02-19,https://copticchurch.net/readings?g_year=2027&g_month=03&g_day=11
2027-03-15,Monday of the second week of Great Lent,Matins,Prophecy,Exodus 3:6-14,Exod 3:6-14,source_supplement,verified recurring context; evidence=sources/coptic-reader/lent-qualified-2026-10-07/2026-02-23/Prophecies.txt; verified_date=2026-02-23; captured_at=2026-10-07T17:14:31.612Z,https://copticreader.org/app/
2027-03-15,Monday of the second week of Great Lent,Matins,Prophecy,Isaiah 4:2-5:7,Isa 4:2-5:7,source_supplement,verified recurring context; evidence=sources/coptic-reader/lent-qualified-2026-10-07/2026-02-23/Prophecies.txt; verified_date=2026-02-23; captured_at=2026-10-07T17:14:31.612Z,https://copticreader.org/app/
2027-03-16,Tuesday of the second week of Great Lent,Matins,Prophecy,Job 19:1-27,Job 19:1-27,source_supplement,verified recurring context; evidence=sources/coptic-reader/lent-qualified-2026-10-07/2026-02-24/Prophecies.txt; verified_date=2026-02-24; captured_at=2026-10-07T17:15:23.623Z,https://copticreader.org/app/
2027-03-16,Tuesday of the second week of Great Lent,Matins,Prophecy,Isaiah 5:7-16,Isa 5:7-16,source_supplement,verified recurring context; evidence=sources/coptic-reader/lent-qualified-2026-10-07/2026-02-24/Prophecies.txt; verified_date=2026-02-24; captured_at=2026-10-07T17:15:23.623Z,https://copticreader.org/app/
2027-03-17,Wednesday of the second week of Great Lent,Matins,Prophecy,Exodus 2:11-20,Exod 2:11-20,source_supplement,verified recurring context; evidence=sources/coptic-reader/lent-qualified-2026-10-07/2026-02-25/Prophecies.txt; verified_date=2026-02-25; captured_at=2026-10-07T17:15:58.396Z,https://copticreader.org/app/
2027-03-17,Wednesday of the second week of Great Lent,Matins,Prophecy,Isaiah 5:17-25,Isa 5:17-25,source_supplement,verified recurring context; evidence=sources/coptic-reader/lent-qualified-2026-10-07/2026-02-25/Prophecies.txt; verified_date=2026-02-25; captured_at=2026-10-07T17:15:58.396Z,https://copticreader.org/app/
2027-03-18,Thursday of the second week of Great Lent,Matins,Prophecy,Deuteronomy 5:15-22,Deut 5:15-22,source_supplement,verified recurring context; evidence=sources/coptic-reader/lent-qualified-2026-10-07/2026-02-26/Prophecies.txt; verified_date=2026-02-26; captured_at=2026-10-07T17:16:36.181Z,https://copticreader.org/app/
2027-03-18,Thursday of the second week of Great Lent,Matins,Prophecy,Isaiah 6:1-12,Isa 6:1-12,source_supplement,verified recurring context; evidence=sources/coptic-reader/lent-qualified-2026-10-07/2026-02-26/Prophecies.txt; verified_date=2026-02-26; captured_at=2026-10-07T17:16:36.181Z,https://copticreader.org/app/
2027-03-22,Monday of the third week of Great Lent,Matins,Prophecy,Proverbs 1:20-33,Prov 1:20-33,source_supplement,verified recurring context; evidence=sources/coptic-reader/lent-qualified-2026-10-07/2026-03-02/Prophecies.txt; verified_date=2026-03-02; captured_at=2026-10-07T17:17:19.039Z,https://copticreader.org/app/
2027-03-22,Monday of the third week of Great Lent,Matins,Prophecy,Isaiah 8:13-9:7,Isa 8:13-9:7,source_supplement,verified recurring context; evidence=sources/coptic-reader/lent-qualified-2026-10-07/2026-03-02/Prophecies.txt; verified_date=2026-03-02; captured_at=2026-10-07T17:17:19.039Z,https://copticreader.org/app/
2027-03-23,Tuesday of the third week of Great Lent,Matins,Prophecy,Proverbs 2:1-15,Prov 2:1-15,source_supplement,verified recurring context; evidence=sources/coptic-reader/lent-qualified-2026-10-07/2026-03-03/Prophecies.txt; verified_date=2026-03-03; captured_at=2026-10-07T17:17:34.270Z,https://copticreader.org/app/
2027-03-23,Tuesday of the third week of Great Lent,Matins,Prophecy,Isaiah 10:12-20,Isa 10:12-20,source_supplement,verified recurring context; evidence=sources/coptic-reader/lent-qualified-2026-10-07/2026-03-03/Prophecies.txt; verified_date=2026-03-03; captured_at=2026-10-07T17:17:34.270Z,https://copticreader.org/app/
2027-03-24,Wednesday of the third week of Great Lent,Matins,Prophecy,Exodus 4:19-6:13,Exod 4:19-6:13,source_supplement,verified recurring context; evidence=sources/coptic-reader/lent-week3-wednesday-2026-10-07/coptic-reader-2026-03-04-matins-prophecies.txt; verified_date=2026-03-04; captured_at=2026-10-07,https://copticreader.org/app/
2027-03-24,Wednesday of the third week of Great Lent,Matins,Prophecy,Joel 2:21-27,Joel 2:21-27,source_supplement,verified recurring context; evidence=sources/coptic-reader/lent-week3-wednesday-2026-10-07/coptic-reader-2026-03-04-matins-prophecies.txt; verified_date=2026-03-04; captured_at=2026-10-07,https://copticreader.org/app/
2027-03-24,Wednesday of the third week of Great Lent,Matins,Prophecy,Isaiah 9:9-10:4,Isa 9:9-10:4,source_supplement,verified recurring context; evidence=sources/coptic-reader/lent-week3-wednesday-2026-10-07/coptic-reader-2026-03-04-matins-prophecies.txt; verified_date=2026-03-04; captured_at=2026-10-07,https://copticreader.org/app/
2027-03-24,Wednesday of the third week of Great Lent,Matins,Prophecy,Job 12:1-14:22,Job 12:1-14:22,source_supplement,verified recurring context; evidence=sources/coptic-reader/lent-week3-wednesday-2026-10-07/coptic-reader-2026-03-04-matins-prophecies.txt; verified_date=2026-03-04; captured_at=2026-10-07,https://copticreader.org/app/
2027-03-25,Thursday of the third week of Great Lent,Matins,Prophecy,Genesis 18:17-19:29,Gen 18:17-19:29,source_supplement,verified recurring context; evidence=sources/coptic-reader/lent-qualified-2026-10-07/2026-03-05/Prophecies.txt; verified_date=2026-03-05; captured_at=2026-10-07T17:17:49.562Z,https://copticreader.org/app/
2027-03-25,Thursday of the third week of Great Lent,Matins,Prophecy,Proverbs 2:16-3:4,Prov 2:16-3:4,source_supplement,verified recurring context; evidence=sources/coptic-reader/lent-qualified-2026-10-07/2026-03-05/Prophecies.txt; verified_date=2026-03-05; captured_at=2026-10-07T17:17:49.562Z,https://copticreader.org/app/
2027-03-25,Thursday of the third week of Great Lent,Matins,Prophecy,Isaiah 11:10-12:2,Isa 11:10-12:2,source_supplement,verified recurring context; evidence=sources/coptic-reader/lent-qualified-2026-10-07/2026-03-05/Prophecies.txt; verified_date=2026-03-05; captured_at=2026-10-07T17:17:49.562Z,https://copticreader.org/app/
2027-03-29,Monday of the fourth week of Great Lent,Matins,Prophecy,Genesis 27:1-41,Gen 27:1-41,source_supplement,verified recurring context; evidence=sources/coptic-reader/lent-qualified-2026-10-07/2026-03-09/Prophecies.txt; verified_date=2026-03-09; captured_at=2026-10-07T17:24:38.921Z,https://copticreader.org/app/
2027-03-29,Monday of the fourth week of Great Lent,Matins,Prophecy,Isaiah 14:24-32,Isa 14:24-32,source_supplement,verified recurring context; evidence=sources/coptic-reader/lent-qualified-2026-10-07/2026-03-09/Prophecies.txt; verified_date=2026-03-09; captured_at=2026-10-07T17:24:38.921Z,https://copticreader.org/app/
2027-03-29,Monday of the fourth week of Great Lent,Matins,Prophecy,Job 16:1-17:16,Job 16:1-17:16,source_supplement,verified recurring context; evidence=sources/coptic-reader/lent-qualified-2026-10-07/2026-03-09/Prophecies.txt; verified_date=2026-03-09; captured_at=2026-10-07T17:24:38.921Z,https://copticreader.org/app/
2027-03-31,Wednesday of the fourth week of Great Lent,Liturgy,Pauline Epistle,Ephesians 4:17-33,Eph 4:17-32,source_corrected,source_corrected_from_coptic_reader_web_app_3.7; evidence=sources/coptic-reader/remaining-2026-09-07/2026-03-11-liturgy-pauline-epistle.txt; verified_date=2026-03-11,https://copticchurch.net/readings?g_year=2027&g_month=03&g_day=31
2027-03-31,Wednesday of the fourth week of Great Lent,Matins,Prophecy,Exodus 7:14-8:19,Exod 7:14-8:19,source_supplement,verified recurring context; evidence=sources/coptic-reader/lent-qualified-2026-10-07/2026-03-11/Prophecies.txt; verified_date=2026-03-11; captured_at=2026-10-07T17:25:31.767Z,https://copticreader.org/app/
2027-03-31,Wednesday of the fourth week of Great Lent,Matins,Prophecy,Joel 2:28-32,Joel 2:28-32,source_supplement,verified recurring context; evidence=sources/coptic-reader/lent-qualified-2026-10-07/2026-03-11/Prophecies.txt; verified_date=2026-03-11; captured_at=2026-10-07T17:25:31.767Z,https://copticreader.org/app/
2027-03-31,Wednesday of the fourth week of Great Lent,Matins,Prophecy,Job 1:1-22,Job 1:1-22,source_supplement,verified recurring context; evidence=sources/coptic-reader/lent-qualified-2026-10-07/2026-03-11/Prophecies.txt; verified_date=2026-03-11; captured_at=2026-10-07T17:25:31.767Z,https://copticreader.org/app/
2027-03-31,Wednesday of the fourth week of Great Lent,Matins,Prophecy,Isaiah 26:21-27:9,Isa 26:21-27:9,source_supplement,verified recurring context; evidence=sources/coptic-reader/lent-qualified-2026-10-07/2026-03-11/Prophecies.txt; verified_date=2026-03-11; captured_at=2026-10-07T17:25:31.767Z,https://copticreader.org/app/
2027-04-01,Thursday of the fourth week of Great Lent,Matins,Prophecy,Genesis 32:1-30,Gen 32:1-30,source_supplement,verified recurring context; evidence=sources/coptic-reader/lent-qualified-2026-10-07/2026-03-12/Prophecies.txt; verified_date=2026-03-12; captured_at=2026-10-07T17:26:02.062Z,https://copticreader.org/app/
2027-04-01,Thursday of the fourth week of Great Lent,Matins,Prophecy,Isaiah 28:14-22,Isa 28:14-22,source_supplement,verified recurring context; evidence=sources/coptic-reader/lent-qualified-2026-10-07/2026-03-12/Prophecies.txt; verified_date=2026-03-12; captured_at=2026-10-07T17:26:02.062Z,https://copticreader.org/app/
2027-04-01,Thursday of the fourth week of Great Lent,Matins,Prophecy,Job 20:1-29,Job 20:1-29,source_supplement,verified recurring context; evidence=sources/coptic-reader/lent-qualified-2026-10-07/2026-03-12/Prophecies.txt; verified_date=2026-03-12; captured_at=2026-10-07T17:26:02.062Z,https://copticreader.org/app/
2027-04-01,Thursday of the fourth week of Great Lent,Matins,Prophecy,Daniel 6:1-27,Dan 6:1-27,source_supplement,verified recurring context; evidence=sources/coptic-reader/lent-qualified-2026-10-07/2026-03-12/Prophecies.txt; verified_date=2026-03-12; captured_at=2026-10-07T17:26:02.062Z,https://copticreader.org/app/
2027-04-03,Saturday of the fourth week of Great Lent,Liturgy,Psalm,Psalm 61:1  &  Psalm 610:5,"Psalm 61:1,5",source_corrected,"source_corrected_from_katameros_api_2026_06_18; live API returned Ps 61:1,5",https://copticchurch.net/readings?g_year=2027&g_month=04&g_day=03
2027-04-04,Sunday of the fourth week of Great Lent,Matins,Psalm,Psalm 31:24  &  Psalm 31:33,Ps 31:24; Ps 31:23,source_corrected,source_corrected_from_coptic_reader_text_aligned_to_nkjv; evidence=sources/coptic-reader/remaining-2026-09-07/2026-03-15-matins-.txt; verified_date=2026-03-15,https://copticchurch.net/readings?g_year=2027&g_month=04&g_day=04
2027-04-05,Monday of the fifth week of Great Lent,Matins,Prophecy,Proverbs 3:5-18,Prov 3:5-18,source_supplement,verified recurring context; evidence=sources/coptic-reader/lent-qualified-2026-10-07/2026-03-16/Prophecies.txt; verified_date=2026-03-16; captured_at=2026-10-07T17:26:21.295Z,https://copticreader.org/app/
2027-04-05,Monday of the fifth week of Great Lent,Matins,Prophecy,Isaiah 37:33-38:6,Isa 37:33-38:6,source_supplement,verified recurring context; evidence=sources/coptic-reader/lent-qualified-2026-10-07/2026-03-16/Prophecies.txt; verified_date=2026-03-16; captured_at=2026-10-07T17:26:21.295Z,https://copticreader.org/app/
2027-04-05,Monday of the fifth week of Great Lent,Matins,Prophecy,Job 22:1-30,Job 22:1-30,source_supplement,verified recurring context; evidence=sources/coptic-reader/lent-qualified-2026-10-07/2026-03-16/Prophecies.txt; verified_date=2026-03-16; captured_at=2026-10-07T17:26:21.295Z,https://copticreader.org/app/
2027-04-06,Tuesday of the fifth week of Great Lent,Matins,Prophecy,Numbers 10:35-11:35,Num 10:35-11:35,source_supplement,verified recurring context; evidence=sources/coptic-reader/lent-qualified-2026-10-07/2026-03-17/Prophecies.txt; verified_date=2026-03-17; captured_at=2026-10-07T17:26:23.098Z,https://copticreader.org/app/
2027-04-06,Tuesday of the fifth week of Great Lent,Matins,Prophecy,Proverbs 3:19-4:9,Prov 3:19-4:9,source_supplement,verified recurring context; evidence=sources/coptic-reader/lent-qualified-2026-10-07/2026-03-17/Prophecies.txt; verified_date=2026-03-17; captured_at=2026-10-07T17:26:23.098Z,https://copticreader.org/app/
2027-04-06,Tuesday of the fifth week of Great Lent,Matins,Prophecy,Isaiah 40:1-8,Isa 40:1-8,source_supplement,verified recurring context; evidence=sources/coptic-reader/lent-qualified-2026-10-07/2026-03-17/Prophecies.txt; verified_date=2026-03-17; captured_at=2026-10-07T17:26:23.098Z,https://copticreader.org/app/
2027-04-06,Tuesday of the fifth week of Great Lent,Matins,Prophecy,Job 25:1-6,Job 25:1-6,source_supplement,verified recurring context; evidence=sources/coptic-reader/lent-qualified-2026-10-07/2026-03-17/Prophecies.txt; verified_date=2026-03-17; captured_at=2026-10-07T17:26:23.098Z,https://copticreader.org/app/
2027-04-06,Tuesday of the fifth week of Great Lent,Matins,Prophecy,Job 26:1-14,Job 26:1-14,source_supplement,verified recurring context; evidence=sources/coptic-reader/lent-qualified-2026-10-07/2026-03-17/Prophecies.txt; verified_date=2026-03-17; captured_at=2026-10-07T17:26:23.098Z,https://copticreader.org/app/
2027-04-11,Sunday of the fifth week of Great Lent,Matins,Psalm,Psalm 101:1  &  Psalm 101:2  &  Psalm 101:12,Ps 102:1-2; Ps 102:12,source_corrected,source_corrected_from_coptic_reader_text_aligned_to_nkjv; evidence=sources/coptic-reader/remaining-2026-09-07/2026-03-22-matins-.txt; verified_date=2026-03-22,https://copticchurch.net/readings?g_year=2027&g_month=04&g_day=11
2027-07-14,Abib 7,Liturgy,Gospel,Matt 9:33 - 41,Mark 9:33-41,source_corrected,source_corrected_from_coptic_reader_web_app_3.7; evidence=sources/coptic-reader/coptic-reader-live-2026-09-07/2023-07-14-gospel.txt; verified_date=2023-07-14,https://copticchurch.net/readings?g_year=2027&g_month=07&g_day=14
2027-07-19,Abib 12,Vespers,Psalm,Psalm 68:65  &  Psalm 68:3,Ps 68:35; Ps 68:3,source_corrected,source_corrected_from_coptic_reader_text_aligned_to_nkjv; evidence=sources/coptic-reader/remaining-2026-09-07/2023-07-19-vespers-.txt; verified_date=2023-07-19,https://copticchurch.net/readings?g_year=2027&g_month=07&g_day=19
2027-07-28,Abib 21,Matins,Gospel,Mk 19:9-13,Mark 13:9-13,source_corrected,source_corrected_from_katameros_api_2026_06_18; live API returned Mark 13:9-13,https://copticchurch.net/readings?g_year=2027&g_month=07&g_day=28
2027-07-31,Abib 24,Vespers,Psalm,Psalm 68:65  &  Psalm 68:3,Ps 68:35; Ps 68:3,source_corrected,source_corrected_from_coptic_reader_text_aligned_to_nkjv; evidence=sources/coptic-reader/remaining-2026-09-07/2023-07-31-vespers-.txt; verified_date=2023-07-31,https://copticchurch.net/readings?g_year=2027&g_month=07&g_day=31
2027-08-07,St Mary's Fast,Vespers,Psalm,Psalm 68:65  &  Psalm 68:3,Ps 68:35; Ps 68:3,source_corrected,source_corrected_from_coptic_reader_text_aligned_to_nkjv; evidence=sources/coptic-reader/remaining-2026-09-07/2023-08-07-vespers-.txt; verified_date=2023-08-07,https://copticchurch.net/readings?g_year=2027&g_month=08&g_day=07
2027-08-11,Mesra 5,Liturgy,Gospel,Matt 3:23—  &  Matt 5:1-16,Matt 4:23-5:16,source_corrected,source_corrected_from_coptic_reader_web_app_3.7; evidence=sources/coptic-reader/remaining-2026-09-07/2023-08-11-liturgy-psalm-and-gospel.txt; verified_date=2023-08-11,https://copticchurch.net/readings?g_year=2027&g_month=08&g_day=11
2027-08-13,Mesra 7,Vespers,Gospel,Mk 14:-39,Mk 14:39,repaired,repaired_negative_verse_marker,https://copticchurch.net/readings?g_year=2027&g_month=08&g_day=13
2027-08-22,Mesra 16 (St Mary's Feast),Vespers,Gospel,Lk 10:38-52,Lk 10:38-42,source_corrected,source_corrected_from_coptic_reader_web_app_3.7; evidence=sources/coptic-reader/remaining-2026-09-07/2023-08-22-vespers-.txt; verified_date=2023-08-22,https://copticchurch.net/readings?g_year=2027&g_month=08&g_day=22
2027-08-25,Mesra 19,Liturgy,Catholic Epistle,Jm 1:1-12,James 1:12-21,source_corrected,source_corrected_from_george_user-supplied_correction; evidence=sources/user-corrections/mesra-19-james.json,https://copticchurch.net/readings?g_year=2027&g_month=08&g_day=25
2027-08-31,Mesra 25,Liturgy,Acts of the Apostles,Acts 18:24—  &  Acts 9:1-6,Acts 18:24-28; Acts 19:1-6,source_corrected,source_corrected_from_katameros_api_2026_06_18; live API returned Acts 18:24-28 and Acts 19:1-6,https://copticchurch.net/readings?g_year=2027&g_month=08&g_day=31
2027-09-01,Mesra 26,Liturgy,Pauline Epistle,Rom 7:14-27,Rom 8:14-27,source_corrected,source_corrected_from_coptic_reader_web_app_3.7; evidence=sources/coptic-reader/remaining-2026-09-07/2023-09-01-liturgy-pauline-epistle.txt; verified_date=2023-09-01,https://copticchurch.net/readings?g_year=2027&g_month=09&g_day=01
2027-09-02,Mesra 27,Liturgy,Pauline Epistle,Rom 8:28:39,Rom 8:28-39,source_corrected,source_corrected_from_katameros_api_2026_06_18; live API returned Rom 8:28-39,https://copticchurch.net/readings?g_year=2027&g_month=09&g_day=02
2027-09-04,Mesra 29,Liturgy,Acts of the Apostles,Acts 5:34:42,Acts 5:34-42,source_corrected,source_corrected_from_katameros_api_2026_06_18; live API returned Acts 5:34-42,https://copticchurch.net/readings?g_year=2027&g_month=09&g_day=04
2027-09-05,First Sunday of Nesi,Vespers,Psalm,"19.41:13,12","Ps 41:13,12",sunday_policy_overlay,Source-qualified Sunday selection SundayReadings:41; numeric_coptic=12/30; verified_date=2027-09-05; Psalm MT/LXX verse alignment HELD; existing numeric source coordinates retained,https://copticreader.org/app/
2027-09-05,First Sunday of Nesi,Vespers,Gospel,Luke 21:12-33,Lk 21:12-33,sunday_policy_overlay,Source-qualified Sunday selection SundayReadings:41; numeric_coptic=12/30; verified_date=2027-09-05; ,https://copticreader.org/app/
2027-09-05,First Sunday of Nesi,Matins,Psalm,"19.102:12,24","Ps 102:12,24",sunday_policy_overlay,Source-qualified Sunday selection SundayReadings:41; numeric_coptic=12/30; verified_date=2027-09-05; Psalm MT/LXX verse alignment HELD; existing numeric source coordinates retained,https://copticreader.org/app/
2027-09-05,First Sunday of Nesi,Matins,Gospel,Mark 13:32-37,Mark 13:32-37,sunday_policy_overlay,Source-qualified Sunday selection SundayReadings:41; numeric_coptic=12/30; verified_date=2027-09-05; ,https://copticreader.org/app/
2027-09-05,First Sunday of Nesi,Liturgy,Pauline Epistle,2 Thessalonians 2:1-17,2Thess 2:1-17,sunday_policy_overlay,Source-qualified Sunday selection SundayReadings:41; numeric_coptic=12/30; verified_date=2027-09-05; ,https://copticreader.org/app/
2027-09-05,First Sunday of Nesi,Liturgy,Catholic Epistle,2 Peter 3:1-18,2Pet 3:1-18,sunday_policy_overlay,Source-qualified Sunday selection SundayReadings:41; numeric_coptic=12/30; verified_date=2027-09-05; ,https://copticreader.org/app/
2027-09-05,First Sunday of Nesi,Liturgy,Acts of the Apostles,Acts 2:14-21,Acts 2:14-21,sunday_policy_overlay,Source-qualified Sunday selection SundayReadings:41; numeric_coptic=12/30; verified_date=2027-09-05; ,https://copticreader.org/app/
2027-09-05,First Sunday of Nesi,Liturgy,Psalm,19.102:24-26,Ps 102:24-26,sunday_policy_overlay,Source-qualified Sunday selection SundayReadings:41; numeric_coptic=12/30; verified_date=2027-09-05; Psalm MT/LXX verse alignment HELD; existing numeric source coordinates retained,https://copticreader.org/app/
2027-09-05,First Sunday of Nesi,Liturgy,Gospel,Matthew 24:3-35,Matt 24:3-35,sunday_policy_overlay,Source-qualified Sunday selection SundayReadings:41; numeric_coptic=12/30; verified_date=2027-09-05; ,https://copticreader.org/app/
2027-09-09,Nasie 4,Vespers,Psalm,Psalm 68:65  &  Psalm 68:3,Ps 68:35; Ps 68:3,source_corrected,source_corrected_from_coptic_reader_text_aligned_to_nkjv; evidence=sources/coptic-reader/remaining-2026-09-07/2023-09-09-vespers-.txt; verified_date=2023-09-09,https://copticchurch.net/readings?g_year=2027&g_month=09&g_day=09
2027-09-19,The first Sunday of Tout,Liturgy,Pauline Epistle,1Tim 1:12-27,1Tim 1:12-19,source_corrected,source_corrected_from_coptic_reader_web_app_3.7; evidence=sources/coptic-reader/coptic-reader-live-2026-09-07/2023-09-17-pauline.txt; verified_date=2023-09-17,https://copticchurch.net/readings?g_year=2027&g_month=09&g_day=19
2027-09-19,The first Sunday of Tout,Liturgy,Psalm,Psalm 31:26  &  Psalm 31:19,Ps 31:23; Ps 31:19,source_corrected,source_corrected_from_coptic_reader_text_aligned_to_nkjv; evidence=sources/coptic-reader/remaining-2026-09-07/2023-09-17-liturgy-psalm-and-gospel.txt; verified_date=2023-09-17,https://copticchurch.net/readings?g_year=2027&g_month=09&g_day=19
2027-09-28,Tout 17 (Feast of the Cross),Liturgy,Catholic Epistle,1Pet 2:1-25,1Pet 2:11-25,source_context_correction,verified exact annual context; evidence=sources/coptic-reader/annual-reconciled-2026-10-07/AnnualReadings-17/9cb05ae5-f167-47d2-9161-f51731d1aec3/Liturgy-Catholic_Epistle.txt; verified_date=2027-09-28; source_sha256=b04acb4afdb39d95af9d64d656cbd04d365af40b25b9a9a17f3313e17a89952a,https://copticchurch.net/readings?g_year=2027&g_month=09&g_day=28
2027-10-02,Tout 21,Liturgy,Catholic Epistle,Jn 2:7-11,1Jn 2:7-11,source_corrected,source_corrected; verified 1 John 2:7-11 at https://api.katameros.app/readings/gregorian/01-10-2026?languageId=2,https://copticchurch.net/readings?g_year=2027&g_month=10&g_day=02
2027-10-04,Tout 23,Liturgy,Catholic Epistle,Jn 2:7-11,1Jn 2:7-11,source_corrected,source_corrected; verified 1 John 2:7-11 at https://api.katameros.app/readings/gregorian/01-10-2026?languageId=2,https://copticchurch.net/readings?g_year=2027&g_month=10&g_day=04
2027-11-09,Baba 29,Liturgy,Catholic Epistle,Jm 1:1-12,James 1:1-12,source_context_correction,verified exact annual context; evidence=sources/coptic-reader/annual-reconciled-2026-10-07/AnnualReadings-59/f193c397-4ff9-4636-9ba0-6d1de4985a04/Liturgy-Catholic_Epistle.txt; verified_date=2027-11-09; source_sha256=27eca940e8003e71eaaf5454afc5550eb640ae9598c461003ce4034fa1313673,https://copticchurch.net/readings?g_year=2027&g_month=11&g_day=09
2027-12-13,Kiak 3,Vespers,Gospel,Lk 10:38-52,Lk 10:38-42,source_corrected,source_corrected_from_coptic_reader_web_app_3.7; evidence=sources/coptic-reader/remaining-2026-09-07/2022-12-12-vespers-.txt; verified_date=2022-12-12,https://copticchurch.net/readings?g_year=2027&g_month=12&g_day=13
2028-01-02,The fourth Sunday of Kiak,Liturgy,Catholic Epistle,1Jn 2:24-33,1Jn 2:24-3:3,source_corrected,source_corrected_from_coptic_reader_web_app_3.7; evidence=sources/coptic-reader/remaining-2026-09-07/2026-01-04-liturgy-catholic-epistle.txt; verified_date=2026-01-04,https://copticchurch.net/readings?g_year=2028&g_month=01&g_day=02
2028-01-02,The fourth Sunday of Kiak,Matins,Psalm,Psalm 95:10-12,Ps 96:11-13,source_corrected,source_corrected_from_coptic_reader_text_aligned_to_nkjv; evidence=sources/coptic-reader/remaining-2026-09-07/2026-01-04-matins-.txt; verified_date=2026-01-04,https://copticchurch.net/readings?g_year=2028&g_month=01&g_day=02
2028-01-09,Second Day of Nativity,Vespers,Psalm,19.72:1-2,Ps 72:1-2,sunday_policy_overlay,Source-qualified Sunday selection AnnualReadings:120; numeric_coptic=4/30; verified_date=2028-01-09; Psalm MT/LXX verse alignment HELD; existing numeric source coordinates retained,https://copticreader.org/app/
2028-01-09,Second Day of Nativity,Vespers,Gospel,Matthew 12:15-23,Matt 12:15-23,sunday_policy_overlay,Source-qualified Sunday selection AnnualReadings:120; numeric_coptic=4/30; verified_date=2028-01-09; ,https://copticreader.org/app/
2028-01-09,Second Day of Nativity,Matins,Psalm,"19.72:11,19","Ps 72:11,19",sunday_policy_overlay,Source-qualified Sunday selection AnnualReadings:120; numeric_coptic=4/30; verified_date=2028-01-09; Psalm MT/LXX verse alignment HELD; existing numeric source coordinates retained,https://copticreader.org/app/
2028-01-09,Second Day of Nativity,Matins,Gospel,Matthew 22:41-46,Matt 22:41-46,sunday_policy_overlay,Source-qualified Sunday selection AnnualReadings:120; numeric_coptic=4/30; verified_date=2028-01-09; ,https://copticreader.org/app/
2028-01-09,Second Day of Nativity,Liturgy,Pauline Epistle,Galatians 4:19-5:1,Gal 4:19-5:1,sunday_policy_overlay,Source-qualified Sunday selection AnnualReadings:120; numeric_coptic=4/30; verified_date=2028-01-09; ,https://copticreader.org/app/
2028-01-09,Second Day of Nativity,Liturgy,Catholic Epistle,1 John 4:15-5:4,1Jn 4:15-5:4,sunday_policy_overlay,Source-qualified Sunday selection AnnualReadings:120; numeric_coptic=4/30; verified_date=2028-01-09; ,https://copticreader.org/app/
2028-01-09,Second Day of Nativity,Liturgy,Acts of the Apostles,Acts 13:36-43,Acts 13:36-43,sunday_policy_overlay,Source-qualified Sunday selection AnnualReadings:120; numeric_coptic=4/30; verified_date=2028-01-09; ,https://copticreader.org/app/
2028-01-09,Second Day of Nativity,Liturgy,Psalm,19.72:17,Ps 72:17,sunday_policy_overlay,Source-qualified Sunday selection AnnualReadings:120; numeric_coptic=4/30; verified_date=2028-01-09; Psalm MT/LXX verse alignment HELD; existing numeric source coordinates retained,https://copticreader.org/app/
2028-01-09,Second Day of Nativity,Liturgy,Gospel,John 1:1-13,Jn 1:1-13,sunday_policy_overlay,Source-qualified Sunday selection AnnualReadings:120; numeric_coptic=4/30; verified_date=2028-01-09; ,https://copticreader.org/app/
2028-02-23,Wednesday of the first week of Great Lent,Liturgy,Psalm,Psalm 24:20  &  Psalm 24:16,Ps 25:20; Ps 25:16,source_corrected,source_corrected_from_coptic_reader_text_aligned_to_nkjv; evidence=sources/coptic-reader/remaining-2026-09-07/2026-02-18-liturgy-psalm-and-gospel.txt; verified_date=2026-02-18,https://copticchurch.net/readings?g_year=2028&g_month=02&g_day=23
2028-02-24,Thursday of the first week of Great Lent,Liturgy,Psalm,Psalm 117:14  &  Psalm 117:18,Ps 118:14; Ps 118:18,source_corrected,source_corrected_from_coptic_reader_text_aligned_to_nkjv; evidence=sources/coptic-reader/remaining-2026-09-07/2026-02-19-liturgy-psalm-and-gospel.txt; verified_date=2026-02-19,https://copticchurch.net/readings?g_year=2028&g_month=02&g_day=24
2028-02-28,Monday of the second week of Great Lent,Matins,Prophecy,Exodus 3:6-14,Exod 3:6-14,source_supplement,verified recurring context; evidence=sources/coptic-reader/lent-qualified-2026-10-07/2026-02-23/Prophecies.txt; verified_date=2026-02-23; captured_at=2026-10-07T17:14:31.612Z,https://copticreader.org/app/
2028-02-28,Monday of the second week of Great Lent,Matins,Prophecy,Isaiah 4:2-5:7,Isa 4:2-5:7,source_supplement,verified recurring context; evidence=sources/coptic-reader/lent-qualified-2026-10-07/2026-02-23/Prophecies.txt; verified_date=2026-02-23; captured_at=2026-10-07T17:14:31.612Z,https://copticreader.org/app/
2028-02-29,Tuesday of the second week of Great Lent,Matins,Prophecy,Job 19:1-27,Job 19:1-27,source_supplement,verified recurring context; evidence=sources/coptic-reader/lent-qualified-2026-10-07/2026-02-24/Prophecies.txt; verified_date=2026-02-24; captured_at=2026-10-07T17:15:23.623Z,https://copticreader.org/app/
2028-02-29,Tuesday of the second week of Great Lent,Matins,Prophecy,Isaiah 5:7-16,Isa 5:7-16,source_supplement,verified recurring context; evidence=sources/coptic-reader/lent-qualified-2026-10-07/2026-02-24/Prophecies.txt; verified_date=2026-02-24; captured_at=2026-10-07T17:15:23.623Z,https://copticreader.org/app/
2028-03-01,Wednesday of the second week of Great Lent,Matins,Prophecy,Exodus 2:11-20,Exod 2:11-20,source_supplement,verified recurring context; evidence=sources/coptic-reader/lent-qualified-2026-10-07/2026-02-25/Prophecies.txt; verified_date=2026-02-25; captured_at=2026-10-07T17:15:58.396Z,https://copticreader.org/app/
2028-03-01,Wednesday of the second week of Great Lent,Matins,Prophecy,Isaiah 5:17-25,Isa 5:17-25,source_supplement,verified recurring context; evidence=sources/coptic-reader/lent-qualified-2026-10-07/2026-02-25/Prophecies.txt; verified_date=2026-02-25; captured_at=2026-10-07T17:15:58.396Z,https://copticreader.org/app/
2028-03-02,Thursday of the second week of Great Lent,Matins,Prophecy,Deuteronomy 5:15-22,Deut 5:15-22,source_supplement,verified recurring context; evidence=sources/coptic-reader/lent-qualified-2026-10-07/2026-02-26/Prophecies.txt; verified_date=2026-02-26; captured_at=2026-10-07T17:16:36.181Z,https://copticreader.org/app/
2028-03-02,Thursday of the second week of Great Lent,Matins,Prophecy,Isaiah 6:1-12,Isa 6:1-12,source_supplement,verified recurring context; evidence=sources/coptic-reader/lent-qualified-2026-10-07/2026-02-26/Prophecies.txt; verified_date=2026-02-26; captured_at=2026-10-07T17:16:36.181Z,https://copticreader.org/app/
2028-03-03,Friday of the second week of Great Lent,Matins,Prophecy,Deuteronomy 8:1-9:4,Deut 8:1-9:4,source_supplement,verified recurring context; evidence=sources/coptic-reader/lent-qualified-2026-10-07/2026-02-27/Prophecies.txt; verified_date=2026-02-27; captured_at=2026-10-07T17:17:03.024Z,https://copticreader.org/app/
2028-03-03,Friday of the second week of Great Lent,Matins,Prophecy,1 Samuel 17:1-18:4,1Sam 17:1-18:4,source_supplement,verified recurring context; evidence=sources/coptic-reader/lent-qualified-2026-10-07/2026-02-27/Prophecies.txt; verified_date=2026-02-27; captured_at=2026-10-07T17:17:03.024Z,https://copticreader.org/app/
2028-03-03,Friday of the second week of Great Lent,Matins,Prophecy,Isaiah 7:1-14,Isa 7:1-14,source_supplement,verified recurring context; evidence=sources/coptic-reader/lent-qualified-2026-10-07/2026-02-27/Prophecies.txt; verified_date=2026-02-27; captured_at=2026-10-07T17:17:03.024Z,https://copticreader.org/app/
2028-03-03,Friday of the second week of Great Lent,Matins,Prophecy,Job 11:1-20,Job 11:1-20,source_supplement,verified recurring context; evidence=sources/coptic-reader/lent-qualified-2026-10-07/2026-02-27/Prophecies.txt; verified_date=2026-02-27; captured_at=2026-10-07T17:17:03.024Z,https://copticreader.org/app/
2028-03-06,Monday of the third week of Great Lent,Matins,Prophecy,Proverbs 1:20-33,Prov 1:20-33,source_supplement,verified recurring context; evidence=sources/coptic-reader/lent-qualified-2026-10-07/2026-03-02/Prophecies.txt; verified_date=2026-03-02; captured_at=2026-10-07T17:17:19.039Z,https://copticreader.org/app/
2028-03-06,Monday of the third week of Great Lent,Matins,Prophecy,Isaiah 8:13-9:7,Isa 8:13-9:7,source_supplement,verified recurring context; evidence=sources/coptic-reader/lent-qualified-2026-10-07/2026-03-02/Prophecies.txt; verified_date=2026-03-02; captured_at=2026-10-07T17:17:19.039Z,https://copticreader.org/app/
2028-03-07,Tuesday of the third week of Great Lent,Matins,Prophecy,Proverbs 2:1-15,Prov 2:1-15,source_supplement,verified recurring context; evidence=sources/coptic-reader/lent-qualified-2026-10-07/2026-03-03/Prophecies.txt; verified_date=2026-03-03; captured_at=2026-10-07T17:17:34.270Z,https://copticreader.org/app/
2028-03-07,Tuesday of the third week of Great Lent,Matins,Prophecy,Isaiah 10:12-20,Isa 10:12-20,source_supplement,verified recurring context; evidence=sources/coptic-reader/lent-qualified-2026-10-07/2026-03-03/Prophecies.txt; verified_date=2026-03-03; captured_at=2026-10-07T17:17:34.270Z,https://copticreader.org/app/
2028-03-08,Wednesday of the third week of Great Lent,Matins,Prophecy,Exodus 4:19-6:13,Exod 4:19-6:13,source_supplement,verified recurring context; evidence=sources/coptic-reader/lent-week3-wednesday-2026-10-07/coptic-reader-2026-03-04-matins-prophecies.txt; verified_date=2026-03-04; captured_at=2026-10-07,https://copticreader.org/app/
2028-03-08,Wednesday of the third week of Great Lent,Matins,Prophecy,Joel 2:21-27,Joel 2:21-27,source_supplement,verified recurring context; evidence=sources/coptic-reader/lent-week3-wednesday-2026-10-07/coptic-reader-2026-03-04-matins-prophecies.txt; verified_date=2026-03-04; captured_at=2026-10-07,https://copticreader.org/app/
2028-03-08,Wednesday of the third week of Great Lent,Matins,Prophecy,Isaiah 9:9-10:4,Isa 9:9-10:4,source_supplement,verified recurring context; evidence=sources/coptic-reader/lent-week3-wednesday-2026-10-07/coptic-reader-2026-03-04-matins-prophecies.txt; verified_date=2026-03-04; captured_at=2026-10-07,https://copticreader.org/app/
2028-03-08,Wednesday of the third week of Great Lent,Matins,Prophecy,Job 12:1-14:22,Job 12:1-14:22,source_supplement,verified recurring context; evidence=sources/coptic-reader/lent-week3-wednesday-2026-10-07/coptic-reader-2026-03-04-matins-prophecies.txt; verified_date=2026-03-04; captured_at=2026-10-07,https://copticreader.org/app/
2028-03-09,Thursday of the third week of Great Lent,Matins,Prophecy,Genesis 18:17-19:29,Gen 18:17-19:29,source_supplement,verified recurring context; evidence=sources/coptic-reader/lent-qualified-2026-10-07/2026-03-05/Prophecies.txt; verified_date=2026-03-05; captured_at=2026-10-07T17:17:49.562Z,https://copticreader.org/app/
2028-03-09,Thursday of the third week of Great Lent,Matins,Prophecy,Proverbs 2:16-3:4,Prov 2:16-3:4,source_supplement,verified recurring context; evidence=sources/coptic-reader/lent-qualified-2026-10-07/2026-03-05/Prophecies.txt; verified_date=2026-03-05; captured_at=2026-10-07T17:17:49.562Z,https://copticreader.org/app/
2028-03-09,Thursday of the third week of Great Lent,Matins,Prophecy,Isaiah 11:10-12:2,Isa 11:10-12:2,source_supplement,verified recurring context; evidence=sources/coptic-reader/lent-qualified-2026-10-07/2026-03-05/Prophecies.txt; verified_date=2026-03-05; captured_at=2026-10-07T17:17:49.562Z,https://copticreader.org/app/
2028-03-13,Monday of the fourth week of Great Lent,Matins,Prophecy,Genesis 27:1-41,Gen 27:1-41,source_supplement,verified recurring context; evidence=sources/coptic-reader/lent-qualified-2026-10-07/2026-03-09/Prophecies.txt; verified_date=2026-03-09; captured_at=2026-10-07T17:24:38.921Z,https://copticreader.org/app/
2028-03-13,Monday of the fourth week of Great Lent,Matins,Prophecy,Isaiah 14:24-32,Isa 14:24-32,source_supplement,verified recurring context; evidence=sources/coptic-reader/lent-qualified-2026-10-07/2026-03-09/Prophecies.txt; verified_date=2026-03-09; captured_at=2026-10-07T17:24:38.921Z,https://copticreader.org/app/
2028-03-13,Monday of the fourth week of Great Lent,Matins,Prophecy,Job 16:1-17:16,Job 16:1-17:16,source_supplement,verified recurring context; evidence=sources/coptic-reader/lent-qualified-2026-10-07/2026-03-09/Prophecies.txt; verified_date=2026-03-09; captured_at=2026-10-07T17:24:38.921Z,https://copticreader.org/app/
2028-03-15,Wednesday of the fourth week of Great Lent,Liturgy,Pauline Epistle,Ephesians 4:17-33,Eph 4:17-32,source_corrected,source_corrected_from_coptic_reader_web_app_3.7; evidence=sources/coptic-reader/remaining-2026-09-07/2026-03-11-liturgy-pauline-epistle.txt; verified_date=2026-03-11,https://copticchurch.net/readings?g_year=2028&g_month=03&g_day=15
2028-03-15,Wednesday of the fourth week of Great Lent,Matins,Prophecy,Exodus 7:14-8:19,Exod 7:14-8:19,source_supplement,verified recurring context; evidence=sources/coptic-reader/lent-qualified-2026-10-07/2026-03-11/Prophecies.txt; verified_date=2026-03-11; captured_at=2026-10-07T17:25:31.767Z,https://copticreader.org/app/
2028-03-15,Wednesday of the fourth week of Great Lent,Matins,Prophecy,Joel 2:28-32,Joel 2:28-32,source_supplement,verified recurring context; evidence=sources/coptic-reader/lent-qualified-2026-10-07/2026-03-11/Prophecies.txt; verified_date=2026-03-11; captured_at=2026-10-07T17:25:31.767Z,https://copticreader.org/app/
2028-03-15,Wednesday of the fourth week of Great Lent,Matins,Prophecy,Job 1:1-22,Job 1:1-22,source_supplement,verified recurring context; evidence=sources/coptic-reader/lent-qualified-2026-10-07/2026-03-11/Prophecies.txt; verified_date=2026-03-11; captured_at=2026-10-07T17:25:31.767Z,https://copticreader.org/app/
2028-03-15,Wednesday of the fourth week of Great Lent,Matins,Prophecy,Isaiah 26:21-27:9,Isa 26:21-27:9,source_supplement,verified recurring context; evidence=sources/coptic-reader/lent-qualified-2026-10-07/2026-03-11/Prophecies.txt; verified_date=2026-03-11; captured_at=2026-10-07T17:25:31.767Z,https://copticreader.org/app/
2028-03-16,Thursday of the fourth week of Great Lent,Matins,Prophecy,Genesis 32:1-30,Gen 32:1-30,source_supplement,verified recurring context; evidence=sources/coptic-reader/lent-qualified-2026-10-07/2026-03-12/Prophecies.txt; verified_date=2026-03-12; captured_at=2026-10-07T17:26:02.062Z,https://copticreader.org/app/
2028-03-16,Thursday of the fourth week of Great Lent,Matins,Prophecy,Isaiah 28:14-22,Isa 28:14-22,source_supplement,verified recurring context; evidence=sources/coptic-reader/lent-qualified-2026-10-07/2026-03-12/Prophecies.txt; verified_date=2026-03-12; captured_at=2026-10-07T17:26:02.062Z,https://copticreader.org/app/
2028-03-16,Thursday of the fourth week of Great Lent,Matins,Prophecy,Job 20:1-29,Job 20:1-29,source_supplement,verified recurring context; evidence=sources/coptic-reader/lent-qualified-2026-10-07/2026-03-12/Prophecies.txt; verified_date=2026-03-12; captured_at=2026-10-07T17:26:02.062Z,https://copticreader.org/app/
2028-03-16,Thursday of the fourth week of Great Lent,Matins,Prophecy,Daniel 6:1-27,Dan 6:1-27,source_supplement,verified recurring context; evidence=sources/coptic-reader/lent-qualified-2026-10-07/2026-03-12/Prophecies.txt; verified_date=2026-03-12; captured_at=2026-10-07T17:26:02.062Z,https://copticreader.org/app/
2028-03-18,Saturday of the fourth week of Great Lent,Liturgy,Psalm,Psalm 61:1  &  Psalm 610:5,"Psalm 61:1,5",source_corrected,"source_corrected_from_katameros_api_2026_06_18; live API returned Ps 61:1,5",https://copticchurch.net/readings?g_year=2028&g_month=03&g_day=18
2028-03-20,Monday of the fifth week of Great Lent,Matins,Prophecy,Proverbs 3:5-18,Prov 3:5-18,source_supplement,verified recurring context; evidence=sources/coptic-reader/lent-qualified-2026-10-07/2026-03-16/Prophecies.txt; verified_date=2026-03-16; captured_at=2026-10-07T17:26:21.295Z,https://copticreader.org/app/
2028-03-20,Monday of the fifth week of Great Lent,Matins,Prophecy,Isaiah 37:33-38:6,Isa 37:33-38:6,source_supplement,verified recurring context; evidence=sources/coptic-reader/lent-qualified-2026-10-07/2026-03-16/Prophecies.txt; verified_date=2026-03-16; captured_at=2026-10-07T17:26:21.295Z,https://copticreader.org/app/
2028-03-20,Monday of the fifth week of Great Lent,Matins,Prophecy,Job 22:1-30,Job 22:1-30,source_supplement,verified recurring context; evidence=sources/coptic-reader/lent-qualified-2026-10-07/2026-03-16/Prophecies.txt; verified_date=2026-03-16; captured_at=2026-10-07T17:26:21.295Z,https://copticreader.org/app/
2028-03-21,Tuesday of the fifth week of Great Lent,Matins,Prophecy,Numbers 10:35-11:35,Num 10:35-11:35,source_supplement,verified recurring context; evidence=sources/coptic-reader/lent-qualified-2026-10-07/2026-03-17/Prophecies.txt; verified_date=2026-03-17; captured_at=2026-10-07T17:26:23.098Z,https://copticreader.org/app/
2028-03-21,Tuesday of the fifth week of Great Lent,Matins,Prophecy,Proverbs 3:19-4:9,Prov 3:19-4:9,source_supplement,verified recurring context; evidence=sources/coptic-reader/lent-qualified-2026-10-07/2026-03-17/Prophecies.txt; verified_date=2026-03-17; captured_at=2026-10-07T17:26:23.098Z,https://copticreader.org/app/
2028-03-21,Tuesday of the fifth week of Great Lent,Matins,Prophecy,Isaiah 40:1-8,Isa 40:1-8,source_supplement,verified recurring context; evidence=sources/coptic-reader/lent-qualified-2026-10-07/2026-03-17/Prophecies.txt; verified_date=2026-03-17; captured_at=2026-10-07T17:26:23.098Z,https://copticreader.org/app/
2028-03-21,Tuesday of the fifth week of Great Lent,Matins,Prophecy,Job 25:1-6,Job 25:1-6,source_supplement,verified recurring context; evidence=sources/coptic-reader/lent-qualified-2026-10-07/2026-03-17/Prophecies.txt; verified_date=2026-03-17; captured_at=2026-10-07T17:26:23.098Z,https://copticreader.org/app/
2028-03-21,Tuesday of the fifth week of Great Lent,Matins,Prophecy,Job 26:1-14,Job 26:1-14,source_supplement,verified recurring context; evidence=sources/coptic-reader/lent-qualified-2026-10-07/2026-03-17/Prophecies.txt; verified_date=2026-03-17; captured_at=2026-10-07T17:26:23.098Z,https://copticreader.org/app/
2028-03-26,Sunday of the fifth week of Great Lent,Matins,Psalm,Psalm 101:1  &  Psalm 101:2  &  Psalm 101:12,Ps 102:1-2; Ps 102:12,source_corrected,source_corrected_from_coptic_reader_text_aligned_to_nkjv; evidence=sources/coptic-reader/remaining-2026-09-07/2026-03-22-matins-.txt; verified_date=2026-03-22,https://copticchurch.net/readings?g_year=2028&g_month=03&g_day=26
2028-04-07,Friday of the seventh week of Great Lent,Matins,Prophecy,Genesis 49:33-50:26,Gen 49:33-50:26,source_boundary_overlay,UK Midlands Katameros Days p.22 rule 13: Annunciation yields during the non-repeatable Lord-events window; evidence=sources/coptic-reader/last-friday-2028-04-07-2026-10-07/verified-table.json; verified_date=2028-04-07;,https://copticreader.org/app/#/document
2028-04-07,Friday of the seventh week of Great Lent,Matins,Prophecy,Proverbs 11:27-12:22,Prov 11:27-12:22,source_boundary_overlay,UK Midlands Katameros Days p.22 rule 13: Annunciation yields during the non-repeatable Lord-events window; evidence=sources/coptic-reader/last-friday-2028-04-07-2026-10-07/verified-table.json; verified_date=2028-04-07;,https://copticreader.org/app/#/document
2028-04-07,Friday of the seventh week of Great Lent,Matins,Prophecy,Isaiah 66:10-24,Isa 66:10-24,source_boundary_overlay,UK Midlands Katameros Days p.22 rule 13: Annunciation yields during the non-repeatable Lord-events window; evidence=sources/coptic-reader/last-friday-2028-04-07-2026-10-07/verified-table.json; verified_date=2028-04-07;,https://copticreader.org/app/#/document
2028-04-07,Friday of the seventh week of Great Lent,Matins,Prophecy,Job 42:7-17,Job 42:7-17,source_boundary_overlay,UK Midlands Katameros Days p.22 rule 13: Annunciation yields during the non-repeatable Lord-events window; evidence=sources/coptic-reader/last-friday-2028-04-07-2026-10-07/verified-table.json; verified_date=2028-04-07;,https://copticreader.org/app/#/document
2028-04-07,Friday of the seventh week of Great Lent,Matins,Psalm,Psalms 31:11-12,Ps 32:10-11,source_boundary_overlay,"UK Midlands Katameros Days p.22 rule 13: Annunciation yields during the non-repeatable Lord-events window; evidence=sources/coptic-reader/last-friday-2028-04-07-2026-10-07/verified-table.json; verified_date=2028-04-07; Coptic Reader wording corresponds to NKJV Psalm 32:10-11, not printed verses 11-12; wording differs (scourges/sorrows, sinner/wicked).",https://copticreader.org/app/#/document
2028-04-07,Friday of the seventh week of Great Lent,Matins,Gospel,Luke 16:19-31,Lk 16:19-31,source_boundary_overlay,UK Midlands Katameros Days p.22 rule 13: Annunciation yields during the non-repeatable Lord-events window; evidence=sources/coptic-reader/last-friday-2028-04-07-2026-10-07/verified-table.json; verified_date=2028-04-07;,https://copticreader.org/app/#/document
2028-04-07,Friday of the seventh week of Great Lent,Liturgy,Pauline Epistle,2 Timothy 3:1-4:5,2Tim 3:1-4:5,source_boundary_overlay,UK Midlands Katameros Days p.22 rule 13: Annunciation yields during the non-repeatable Lord-events window; evidence=sources/coptic-reader/last-friday-2028-04-07-2026-10-07/verified-table.json; verified_date=2028-04-07;,https://copticreader.org/app/#/document
2028-04-07,Friday of the seventh week of Great Lent,Liturgy,Catholic Epistle,James 5:7-16,James 5:7-16,source_boundary_overlay,UK Midlands Katameros Days p.22 rule 13: Annunciation yields during the non-repeatable Lord-events window; evidence=sources/coptic-reader/last-friday-2028-04-07-2026-10-07/verified-table.json; verified_date=2028-04-07;,https://copticreader.org/app/#/document
2028-04-07,Friday of the seventh week of Great Lent,Liturgy,Acts,Acts 15:1-18,Acts 15:1-18,source_boundary_overlay,UK Midlands Katameros Days p.22 rule 13: Annunciation yields during the non-repeatable Lord-events window; evidence=sources/coptic-reader/last-friday-2028-04-07-2026-10-07/verified-table.json; verified_date=2028-04-07;,https://copticreader.org/app/#/document
2028-04-07,Friday of the seventh week of Great Lent,Liturgy,Psalm,Psalms 97:8,Ps 98:8-9,source_boundary_overlay,"UK Midlands Katameros Days p.22 rule 13: Annunciation yields during the non-repeatable Lord-events window; evidence=sources/coptic-reader/last-friday-2028-04-07-2026-10-07/verified-table.json; verified_date=2028-04-07; Coptic Reader excerpt corresponds to NKJV Psalm 98:8b-9; the rivers clause in 8a is not sung. Canonical full-verse coverage is 98:8-9, not a claim that all verse 8 is sung.",https://copticreader.org/app/#/document
2028-04-07,Friday of the seventh week of Great Lent,Liturgy,Gospel,Luke 13:31-35,Lk 13:31-35,source_boundary_overlay,UK Midlands Katameros Days p.22 rule 13: Annunciation yields during the non-repeatable Lord-events window; evidence=sources/coptic-reader/last-friday-2028-04-07-2026-10-07/verified-table.json; verified_date=2028-04-07;,https://copticreader.org/app/#/document
2028-07-11,Abib 4,Vespers,Psalm,Psalm 68:65  &  Psalm 68:3,Ps 68:35; Ps 68:3,source_corrected,source_corrected_from_coptic_reader_text_aligned_to_nkjv; evidence=sources/coptic-reader/remaining-2026-09-07/2023-07-11-vespers-.txt; verified_date=2023-07-11,https://copticchurch.net/readings?g_year=2028&g_month=07&g_day=11
2028-07-14,Abib 7,Liturgy,Gospel,Matt 9:33 - 41,Mark 9:33-41,source_corrected,source_corrected_from_coptic_reader_web_app_3.7; evidence=sources/coptic-reader/coptic-reader-live-2026-09-07/2023-07-14-gospel.txt; verified_date=2023-07-14,https://copticchurch.net/readings?g_year=2028&g_month=07&g_day=14
2028-07-19,Abib 12,Vespers,Psalm,Psalm 68:65  &  Psalm 68:3,Ps 68:35; Ps 68:3,source_corrected,source_corrected_from_coptic_reader_text_aligned_to_nkjv; evidence=sources/coptic-reader/remaining-2026-09-07/2023-07-19-vespers-.txt; verified_date=2023-07-19,https://copticchurch.net/readings?g_year=2028&g_month=07&g_day=19
2028-07-28,Abib 21,Matins,Gospel,Mk 19:9-13,Mark 13:9-13,source_corrected,source_corrected_from_katameros_api_2026_06_18; live API returned Mark 13:9-13,https://copticchurch.net/readings?g_year=2028&g_month=07&g_day=28
2028-07-31,Abib 24,Vespers,Psalm,Psalm 68:65  &  Psalm 68:3,Ps 68:35; Ps 68:3,source_corrected,source_corrected_from_coptic_reader_text_aligned_to_nkjv; evidence=sources/coptic-reader/remaining-2026-09-07/2023-07-31-vespers-.txt; verified_date=2023-07-31,https://copticchurch.net/readings?g_year=2028&g_month=07&g_day=31
2028-08-07,St Mary's Fast,Vespers,Psalm,Psalm 68:65  &  Psalm 68:3,Ps 68:35; Ps 68:3,source_corrected,source_corrected_from_coptic_reader_text_aligned_to_nkjv; evidence=sources/coptic-reader/remaining-2026-09-07/2023-08-07-vespers-.txt; verified_date=2023-08-07,https://copticchurch.net/readings?g_year=2028&g_month=08&g_day=07
2028-08-11,Mesra 5,Liturgy,Gospel,Matt 3:23—  &  Matt 5:1-16,Matt 4:23-5:16,source_corrected,source_corrected_from_coptic_reader_web_app_3.7; evidence=sources/coptic-reader/remaining-2026-09-07/2023-08-11-liturgy-psalm-and-gospel.txt; verified_date=2023-08-11,https://copticchurch.net/readings?g_year=2028&g_month=08&g_day=11
2028-08-15,Mesra 9,Vespers,Psalm,Psalm 68:65  &  Psalm 68:3,Ps 68:35; Ps 68:3,source_corrected,source_corrected_from_coptic_reader_text_aligned_to_nkjv; evidence=sources/coptic-reader/remaining-2026-09-07/2023-08-15-vespers-.txt; verified_date=2023-08-15,https://copticchurch.net/readings?g_year=2028&g_month=08&g_day=15
2028-08-22,Mesra 16 (St Mary's Feast),Vespers,Gospel,Lk 10:38-52,Lk 10:38-42,source_corrected,source_corrected_from_coptic_reader_web_app_3.7; evidence=sources/coptic-reader/remaining-2026-09-07/2023-08-22-vespers-.txt; verified_date=2023-08-22,https://copticchurch.net/readings?g_year=2028&g_month=08&g_day=22
2028-08-25,Mesra 19,Liturgy,Catholic Epistle,Jm 1:1-12,James 1:12-21,source_corrected,source_corrected_from_george_user-supplied_correction; evidence=sources/user-corrections/mesra-19-james.json,https://copticchurch.net/readings?g_year=2028&g_month=08&g_day=25
2028-08-29,Mesra 23,Liturgy,Pauline Epistle,Rom 8:28:39,Rom 8:28-39,source_corrected,source_corrected_from_katameros_api_2026_06_18; live API returned Rom 8:28-39,https://copticchurch.net/readings?g_year=2028&g_month=08&g_day=29
2028-08-31,Mesra 25,Liturgy,Acts of the Apostles,Acts 18:24—  &  Acts 9:1-6,Acts 18:24-28; Acts 19:1-6,source_corrected,source_corrected_from_katameros_api_2026_06_18; live API returned Acts 18:24-28 and Acts 19:1-6,https://copticchurch.net/readings?g_year=2028&g_month=08&g_day=31
2028-09-01,Mesra 26,Liturgy,Pauline Epistle,Rom 7:14-27,Rom 8:14-27,source_corrected,source_corrected_from_coptic_reader_web_app_3.7; evidence=sources/coptic-reader/remaining-2026-09-07/2023-09-01-liturgy-pauline-epistle.txt; verified_date=2023-09-01,https://copticchurch.net/readings?g_year=2028&g_month=09&g_day=01
2028-09-02,Mesra 27,Liturgy,Pauline Epistle,Rom 8:28:39,Rom 8:28-39,source_corrected,source_corrected_from_katameros_api_2026_06_18; live API returned Rom 8:28-39,https://copticchurch.net/readings?g_year=2028&g_month=09&g_day=02
2028-09-04,Mesra 29,Liturgy,Acts of the Apostles,Acts 5:34:42,Acts 5:34-42,source_corrected,source_corrected_from_katameros_api_2026_06_18; live API returned Acts 5:34-42,https://copticchurch.net/readings?g_year=2028&g_month=09&g_day=04
2028-09-09,Nasie 4,Vespers,Psalm,Psalm 68:65  &  Psalm 68:3,Ps 68:35; Ps 68:3,source_corrected,source_corrected_from_coptic_reader_text_aligned_to_nkjv; evidence=sources/coptic-reader/remaining-2026-09-07/2023-09-09-vespers-.txt; verified_date=2023-09-09,https://copticchurch.net/readings?g_year=2028&g_month=09&g_day=09
2028-09-17,The first Sunday of Tout,Liturgy,Pauline Epistle,1Tim 1:12-27,1Tim 1:12-19,source_corrected,source_corrected_from_coptic_reader_web_app_3.7; evidence=sources/coptic-reader/coptic-reader-live-2026-09-07/2023-09-17-pauline.txt; verified_date=2023-09-17,https://copticchurch.net/readings?g_year=2028&g_month=09&g_day=17
2028-09-17,The first Sunday of Tout,Liturgy,Psalm,Psalm 31:26  &  Psalm 31:19,Ps 31:23; Ps 31:19,source_corrected,source_corrected_from_coptic_reader_text_aligned_to_nkjv; evidence=sources/coptic-reader/remaining-2026-09-07/2023-09-17-liturgy-psalm-and-gospel.txt; verified_date=2023-09-17,https://copticchurch.net/readings?g_year=2028&g_month=09&g_day=17
2028-10-03,Tout 23,Liturgy,Catholic Epistle,Jn 2:7-11,1Jn 2:7-11,source_corrected,source_corrected; verified 1 John 2:7-11 at https://api.katameros.app/readings/gregorian/01-10-2026?languageId=2,https://copticchurch.net/readings?g_year=2028&g_month=10&g_day=03
2028-12-12,Kiak 3,Vespers,Gospel,Lk 10:38-52,Lk 10:38-42,source_corrected,source_corrected_from_coptic_reader_web_app_3.7; evidence=sources/coptic-reader/remaining-2026-09-07/2022-12-12-vespers-.txt; verified_date=2022-12-12,https://copticchurch.net/readings?g_year=2028&g_month=12&g_day=12
2028-12-31,The fourth Sunday of Kiak,Liturgy,Catholic Epistle,1Jn 2:24-33,1Jn 2:24-3:3,source_corrected,source_corrected_from_coptic_reader_web_app_3.7; evidence=sources/coptic-reader/remaining-2026-09-07/2026-01-04-liturgy-catholic-epistle.txt; verified_date=2026-01-04,https://copticchurch.net/readings?g_year=2028&g_month=12&g_day=31
2028-12-31,The fourth Sunday of Kiak,Matins,Psalm,Psalm 95:10-12,Ps 96:11-13,source_corrected,source_corrected_from_coptic_reader_text_aligned_to_nkjv; evidence=sources/coptic-reader/remaining-2026-09-07/2026-01-04-matins-.txt; verified_date=2026-01-04,https://copticchurch.net/readings?g_year=2028&g_month=12&g_day=31
2029-02-09,Amshir 2,Liturgy,Gospel,Matt 9:33 - 41,Mark 9:33-41,source_corrected,source_corrected_from_coptic_reader_web_app_3.7; evidence=sources/coptic-reader/coptic-reader-live-2026-09-07/2024-02-10-gospel.txt; verified_date=2024-02-10,https://copticchurch.net/readings?g_year=2029&g_month=02&g_day=09
2029-02-14,Wednesday of the first week of Great Lent,Liturgy,Psalm,Psalm 24:20  &  Psalm 24:16,Ps 25:20; Ps 25:16,source_corrected,source_corrected_from_coptic_reader_text_aligned_to_nkjv; evidence=sources/coptic-reader/remaining-2026-09-07/2026-02-18-liturgy-psalm-and-gospel.txt; verified_date=2026-02-18,https://copticchurch.net/readings?g_year=2029&g_month=02&g_day=14
2029-02-19,Monday of the second week of Great Lent,Matins,Prophecy,Exodus 3:6-14,Exod 3:6-14,source_supplement,verified recurring context; evidence=sources/coptic-reader/lent-qualified-2026-10-07/2026-02-23/Prophecies.txt; verified_date=2026-02-23; captured_at=2026-10-07T17:14:31.612Z,https://copticreader.org/app/
2029-02-19,Monday of the second week of Great Lent,Matins,Prophecy,Isaiah 4:2-5:7,Isa 4:2-5:7,source_supplement,verified recurring context; evidence=sources/coptic-reader/lent-qualified-2026-10-07/2026-02-23/Prophecies.txt; verified_date=2026-02-23; captured_at=2026-10-07T17:14:31.612Z,https://copticreader.org/app/
2029-02-20,Tuesday of the second week of Great Lent,Matins,Prophecy,Job 19:1-27,Job 19:1-27,source_supplement,verified recurring context; evidence=sources/coptic-reader/lent-qualified-2026-10-07/2026-02-24/Prophecies.txt; verified_date=2026-02-24; captured_at=2026-10-07T17:15:23.623Z,https://copticreader.org/app/
2029-02-20,Tuesday of the second week of Great Lent,Matins,Prophecy,Isaiah 5:7-16,Isa 5:7-16,source_supplement,verified recurring context; evidence=sources/coptic-reader/lent-qualified-2026-10-07/2026-02-24/Prophecies.txt; verified_date=2026-02-24; captured_at=2026-10-07T17:15:23.623Z,https://copticreader.org/app/
2029-02-21,Wednesday of the second week of Great Lent,Matins,Prophecy,Exodus 2:11-20,Exod 2:11-20,source_supplement,verified recurring context; evidence=sources/coptic-reader/lent-qualified-2026-10-07/2026-02-25/Prophecies.txt; verified_date=2026-02-25; captured_at=2026-10-07T17:15:58.396Z,https://copticreader.org/app/
2029-02-21,Wednesday of the second week of Great Lent,Matins,Prophecy,Isaiah 5:17-25,Isa 5:17-25,source_supplement,verified recurring context; evidence=sources/coptic-reader/lent-qualified-2026-10-07/2026-02-25/Prophecies.txt; verified_date=2026-02-25; captured_at=2026-10-07T17:15:58.396Z,https://copticreader.org/app/
2029-02-22,Thursday of the second week of Great Lent,Matins,Prophecy,Deuteronomy 5:15-22,Deut 5:15-22,source_supplement,verified recurring context; evidence=sources/coptic-reader/lent-qualified-2026-10-07/2026-02-26/Prophecies.txt; verified_date=2026-02-26; captured_at=2026-10-07T17:16:36.181Z,https://copticreader.org/app/
2029-02-22,Thursday of the second week of Great Lent,Matins,Prophecy,Isaiah 6:1-12,Isa 6:1-12,source_supplement,verified recurring context; evidence=sources/coptic-reader/lent-qualified-2026-10-07/2026-02-26/Prophecies.txt; verified_date=2026-02-26; captured_at=2026-10-07T17:16:36.181Z,https://copticreader.org/app/
2029-02-23,Friday of the second week of Great Lent,Matins,Prophecy,Deuteronomy 8:1-9:4,Deut 8:1-9:4,source_supplement,verified recurring context; evidence=sources/coptic-reader/lent-qualified-2026-10-07/2026-02-27/Prophecies.txt; verified_date=2026-02-27; captured_at=2026-10-07T17:17:03.024Z,https://copticreader.org/app/
2029-02-23,Friday of the second week of Great Lent,Matins,Prophecy,1 Samuel 17:1-18:4,1Sam 17:1-18:4,source_supplement,verified recurring context; evidence=sources/coptic-reader/lent-qualified-2026-10-07/2026-02-27/Prophecies.txt; verified_date=2026-02-27; captured_at=2026-10-07T17:17:03.024Z,https://copticreader.org/app/
2029-02-23,Friday of the second week of Great Lent,Matins,Prophecy,Isaiah 7:1-14,Isa 7:1-14,source_supplement,verified recurring context; evidence=sources/coptic-reader/lent-qualified-2026-10-07/2026-02-27/Prophecies.txt; verified_date=2026-02-27; captured_at=2026-10-07T17:17:03.024Z,https://copticreader.org/app/
2029-02-23,Friday of the second week of Great Lent,Matins,Prophecy,Job 11:1-20,Job 11:1-20,source_supplement,verified recurring context; evidence=sources/coptic-reader/lent-qualified-2026-10-07/2026-02-27/Prophecies.txt; verified_date=2026-02-27; captured_at=2026-10-07T17:17:03.024Z,https://copticreader.org/app/
2029-02-26,Monday of the third week of Great Lent,Matins,Prophecy,Proverbs 1:20-33,Prov 1:20-33,source_supplement,verified recurring context; evidence=sources/coptic-reader/lent-qualified-2026-10-07/2026-03-02/Prophecies.txt; verified_date=2026-03-02; captured_at=2026-10-07T17:17:19.039Z,https://copticreader.org/app/
2029-02-26,Monday of the third week of Great Lent,Matins,Prophecy,Isaiah 8:13-9:7,Isa 8:13-9:7,source_supplement,verified recurring context; evidence=sources/coptic-reader/lent-qualified-2026-10-07/2026-03-02/Prophecies.txt; verified_date=2026-03-02; captured_at=2026-10-07T17:17:19.039Z,https://copticreader.org/app/
2029-02-27,Tuesday of the third week of Great Lent,Matins,Prophecy,Proverbs 2:1-15,Prov 2:1-15,source_supplement,verified recurring context; evidence=sources/coptic-reader/lent-qualified-2026-10-07/2026-03-03/Prophecies.txt; verified_date=2026-03-03; captured_at=2026-10-07T17:17:34.270Z,https://copticreader.org/app/
2029-02-27,Tuesday of the third week of Great Lent,Matins,Prophecy,Isaiah 10:12-20,Isa 10:12-20,source_supplement,verified recurring context; evidence=sources/coptic-reader/lent-qualified-2026-10-07/2026-03-03/Prophecies.txt; verified_date=2026-03-03; captured_at=2026-10-07T17:17:34.270Z,https://copticreader.org/app/
2029-02-28,Wednesday of the third week of Great Lent,Matins,Prophecy,Exodus 4:19-6:13,Exod 4:19-6:13,source_supplement,verified recurring context; evidence=sources/coptic-reader/lent-week3-wednesday-2026-10-07/coptic-reader-2026-03-04-matins-prophecies.txt; verified_date=2026-03-04; captured_at=2026-10-07,https://copticreader.org/app/
2029-02-28,Wednesday of the third week of Great Lent,Matins,Prophecy,Joel 2:21-27,Joel 2:21-27,source_supplement,verified recurring context; evidence=sources/coptic-reader/lent-week3-wednesday-2026-10-07/coptic-reader-2026-03-04-matins-prophecies.txt; verified_date=2026-03-04; captured_at=2026-10-07,https://copticreader.org/app/
2029-02-28,Wednesday of the third week of Great Lent,Matins,Prophecy,Isaiah 9:9-10:4,Isa 9:9-10:4,source_supplement,verified recurring context; evidence=sources/coptic-reader/lent-week3-wednesday-2026-10-07/coptic-reader-2026-03-04-matins-prophecies.txt; verified_date=2026-03-04; captured_at=2026-10-07,https://copticreader.org/app/
2029-02-28,Wednesday of the third week of Great Lent,Matins,Prophecy,Job 12:1-14:22,Job 12:1-14:22,source_supplement,verified recurring context; evidence=sources/coptic-reader/lent-week3-wednesday-2026-10-07/coptic-reader-2026-03-04-matins-prophecies.txt; verified_date=2026-03-04; captured_at=2026-10-07,https://copticreader.org/app/
2029-03-01,Thursday of the third week of Great Lent,Matins,Prophecy,Genesis 18:17-19:29,Gen 18:17-19:29,source_supplement,verified recurring context; evidence=sources/coptic-reader/lent-qualified-2026-10-07/2026-03-05/Prophecies.txt; verified_date=2026-03-05; captured_at=2026-10-07T17:17:49.562Z,https://copticreader.org/app/
2029-03-01,Thursday of the third week of Great Lent,Matins,Prophecy,Proverbs 2:16-3:4,Prov 2:16-3:4,source_supplement,verified recurring context; evidence=sources/coptic-reader/lent-qualified-2026-10-07/2026-03-05/Prophecies.txt; verified_date=2026-03-05; captured_at=2026-10-07T17:17:49.562Z,https://copticreader.org/app/
2029-03-01,Thursday of the third week of Great Lent,Matins,Prophecy,Isaiah 11:10-12:2,Isa 11:10-12:2,source_supplement,verified recurring context; evidence=sources/coptic-reader/lent-qualified-2026-10-07/2026-03-05/Prophecies.txt; verified_date=2026-03-05; captured_at=2026-10-07T17:17:49.562Z,https://copticreader.org/app/
2029-03-05,Monday of the fourth week of Great Lent,Matins,Prophecy,Genesis 27:1-41,Gen 27:1-41,source_supplement,verified recurring context; evidence=sources/coptic-reader/lent-qualified-2026-10-07/2026-03-09/Prophecies.txt; verified_date=2026-03-09; captured_at=2026-10-07T17:24:38.921Z,https://copticreader.org/app/
2029-03-05,Monday of the fourth week of Great Lent,Matins,Prophecy,Isaiah 14:24-32,Isa 14:24-32,source_supplement,verified recurring context; evidence=sources/coptic-reader/lent-qualified-2026-10-07/2026-03-09/Prophecies.txt; verified_date=2026-03-09; captured_at=2026-10-07T17:24:38.921Z,https://copticreader.org/app/
2029-03-05,Monday of the fourth week of Great Lent,Matins,Prophecy,Job 16:1-17:16,Job 16:1-17:16,source_supplement,verified recurring context; evidence=sources/coptic-reader/lent-qualified-2026-10-07/2026-03-09/Prophecies.txt; verified_date=2026-03-09; captured_at=2026-10-07T17:24:38.921Z,https://copticreader.org/app/
2029-03-07,Wednesday of the fourth week of Great Lent,Liturgy,Pauline Epistle,Ephesians 4:17-33,Eph 4:17-32,source_corrected,source_corrected_from_coptic_reader_web_app_3.7; evidence=sources/coptic-reader/remaining-2026-09-07/2026-03-11-liturgy-pauline-epistle.txt; verified_date=2026-03-11,https://copticchurch.net/readings?g_year=2029&g_month=03&g_day=07
2029-03-07,Wednesday of the fourth week of Great Lent,Matins,Prophecy,Exodus 7:14-8:19,Exod 7:14-8:19,source_supplement,verified recurring context; evidence=sources/coptic-reader/lent-qualified-2026-10-07/2026-03-11/Prophecies.txt; verified_date=2026-03-11; captured_at=2026-10-07T17:25:31.767Z,https://copticreader.org/app/
2029-03-07,Wednesday of the fourth week of Great Lent,Matins,Prophecy,Joel 2:28-32,Joel 2:28-32,source_supplement,verified recurring context; evidence=sources/coptic-reader/lent-qualified-2026-10-07/2026-03-11/Prophecies.txt; verified_date=2026-03-11; captured_at=2026-10-07T17:25:31.767Z,https://copticreader.org/app/
2029-03-07,Wednesday of the fourth week of Great Lent,Matins,Prophecy,Job 1:1-22,Job 1:1-22,source_supplement,verified recurring context; evidence=sources/coptic-reader/lent-qualified-2026-10-07/2026-03-11/Prophecies.txt; verified_date=2026-03-11; captured_at=2026-10-07T17:25:31.767Z,https://copticreader.org/app/
2029-03-07,Wednesday of the fourth week of Great Lent,Matins,Prophecy,Isaiah 26:21-27:9,Isa 26:21-27:9,source_supplement,verified recurring context; evidence=sources/coptic-reader/lent-qualified-2026-10-07/2026-03-11/Prophecies.txt; verified_date=2026-03-11; captured_at=2026-10-07T17:25:31.767Z,https://copticreader.org/app/
2029-03-08,Thursday of the fourth week of Great Lent,Matins,Prophecy,Genesis 32:1-30,Gen 32:1-30,source_supplement,verified recurring context; evidence=sources/coptic-reader/lent-qualified-2026-10-07/2026-03-12/Prophecies.txt; verified_date=2026-03-12; captured_at=2026-10-07T17:26:02.062Z,https://copticreader.org/app/
2029-03-08,Thursday of the fourth week of Great Lent,Matins,Prophecy,Isaiah 28:14-22,Isa 28:14-22,source_supplement,verified recurring context; evidence=sources/coptic-reader/lent-qualified-2026-10-07/2026-03-12/Prophecies.txt; verified_date=2026-03-12; captured_at=2026-10-07T17:26:02.062Z,https://copticreader.org/app/
2029-03-08,Thursday of the fourth week of Great Lent,Matins,Prophecy,Job 20:1-29,Job 20:1-29,source_supplement,verified recurring context; evidence=sources/coptic-reader/lent-qualified-2026-10-07/2026-03-12/Prophecies.txt; verified_date=2026-03-12; captured_at=2026-10-07T17:26:02.062Z,https://copticreader.org/app/
2029-03-08,Thursday of the fourth week of Great Lent,Matins,Prophecy,Daniel 6:1-27,Dan 6:1-27,source_supplement,verified recurring context; evidence=sources/coptic-reader/lent-qualified-2026-10-07/2026-03-12/Prophecies.txt; verified_date=2026-03-12; captured_at=2026-10-07T17:26:02.062Z,https://copticreader.org/app/
2029-03-10,Saturday of the fourth week of Great Lent,Liturgy,Psalm,Psalm 61:1  &  Psalm 610:5,"Psalm 61:1,5",source_corrected,"source_corrected_from_katameros_api_2026_06_18; live API returned Ps 61:1,5",https://copticchurch.net/readings?g_year=2029&g_month=03&g_day=10
2029-03-11,Sunday of the fourth week of Great Lent,Matins,Psalm,Psalm 31:24  &  Psalm 31:33,Ps 31:24; Ps 31:23,source_corrected,source_corrected_from_coptic_reader_text_aligned_to_nkjv; evidence=sources/coptic-reader/remaining-2026-09-07/2026-03-15-matins-.txt; verified_date=2026-03-15,https://copticchurch.net/readings?g_year=2029&g_month=03&g_day=11
2029-03-12,Monday of the fifth week of Great Lent,Matins,Prophecy,Proverbs 3:5-18,Prov 3:5-18,source_supplement,verified recurring context; evidence=sources/coptic-reader/lent-qualified-2026-10-07/2026-03-16/Prophecies.txt; verified_date=2026-03-16; captured_at=2026-10-07T17:26:21.295Z,https://copticreader.org/app/
2029-03-12,Monday of the fifth week of Great Lent,Matins,Prophecy,Isaiah 37:33-38:6,Isa 37:33-38:6,source_supplement,verified recurring context; evidence=sources/coptic-reader/lent-qualified-2026-10-07/2026-03-16/Prophecies.txt; verified_date=2026-03-16; captured_at=2026-10-07T17:26:21.295Z,https://copticreader.org/app/
2029-03-12,Monday of the fifth week of Great Lent,Matins,Prophecy,Job 22:1-30,Job 22:1-30,source_supplement,verified recurring context; evidence=sources/coptic-reader/lent-qualified-2026-10-07/2026-03-16/Prophecies.txt; verified_date=2026-03-16; captured_at=2026-10-07T17:26:21.295Z,https://copticreader.org/app/
2029-03-13,Tuesday of the fifth week of Great Lent,Matins,Prophecy,Numbers 10:35-11:35,Num 10:35-11:35,source_supplement,verified recurring context; evidence=sources/coptic-reader/lent-qualified-2026-10-07/2026-03-17/Prophecies.txt; verified_date=2026-03-17; captured_at=2026-10-07T17:26:23.098Z,https://copticreader.org/app/
2029-03-13,Tuesday of the fifth week of Great Lent,Matins,Prophecy,Proverbs 3:19-4:9,Prov 3:19-4:9,source_supplement,verified recurring context; evidence=sources/coptic-reader/lent-qualified-2026-10-07/2026-03-17/Prophecies.txt; verified_date=2026-03-17; captured_at=2026-10-07T17:26:23.098Z,https://copticreader.org/app/
2029-03-13,Tuesday of the fifth week of Great Lent,Matins,Prophecy,Isaiah 40:1-8,Isa 40:1-8,source_supplement,verified recurring context; evidence=sources/coptic-reader/lent-qualified-2026-10-07/2026-03-17/Prophecies.txt; verified_date=2026-03-17; captured_at=2026-10-07T17:26:23.098Z,https://copticreader.org/app/
2029-03-13,Tuesday of the fifth week of Great Lent,Matins,Prophecy,Job 25:1-6,Job 25:1-6,source_supplement,verified recurring context; evidence=sources/coptic-reader/lent-qualified-2026-10-07/2026-03-17/Prophecies.txt; verified_date=2026-03-17; captured_at=2026-10-07T17:26:23.098Z,https://copticreader.org/app/
2029-03-13,Tuesday of the fifth week of Great Lent,Matins,Prophecy,Job 26:1-14,Job 26:1-14,source_supplement,verified recurring context; evidence=sources/coptic-reader/lent-qualified-2026-10-07/2026-03-17/Prophecies.txt; verified_date=2026-03-17; captured_at=2026-10-07T17:26:23.098Z,https://copticreader.org/app/
2029-03-18,Sunday of the fifth week of Great Lent,Matins,Psalm,Psalm 101:1  &  Psalm 101:2  &  Psalm 101:12,Ps 102:1-2; Ps 102:12,source_corrected,source_corrected_from_coptic_reader_text_aligned_to_nkjv; evidence=sources/coptic-reader/remaining-2026-09-07/2026-03-22-matins-.txt; verified_date=2026-03-22,https://copticchurch.net/readings?g_year=2029&g_month=03&g_day=18
2029-07-11,Abib 4,Vespers,Psalm,Psalm 68:65  &  Psalm 68:3,Ps 68:35; Ps 68:3,source_corrected,source_corrected_from_coptic_reader_text_aligned_to_nkjv; evidence=sources/coptic-reader/remaining-2026-09-07/2023-07-11-vespers-.txt; verified_date=2023-07-11,https://copticchurch.net/readings?g_year=2029&g_month=07&g_day=11
2029-07-14,Abib 7,Liturgy,Gospel,Matt 9:33 - 41,Mark 9:33-41,source_corrected,source_corrected_from_coptic_reader_web_app_3.7; evidence=sources/coptic-reader/coptic-reader-live-2026-09-07/2023-07-14-gospel.txt; verified_date=2023-07-14,https://copticchurch.net/readings?g_year=2029&g_month=07&g_day=14
2029-07-19,Abib 12,Vespers,Psalm,Psalm 68:65  &  Psalm 68:3,Ps 68:35; Ps 68:3,source_corrected,source_corrected_from_coptic_reader_text_aligned_to_nkjv; evidence=sources/coptic-reader/remaining-2026-09-07/2023-07-19-vespers-.txt; verified_date=2023-07-19,https://copticchurch.net/readings?g_year=2029&g_month=07&g_day=19
2029-07-28,Abib 21,Matins,Gospel,Mk 19:9-13,Mark 13:9-13,source_corrected,source_corrected_from_katameros_api_2026_06_18; live API returned Mark 13:9-13,https://copticchurch.net/readings?g_year=2029&g_month=07&g_day=28
2029-07-31,Abib 24,Vespers,Psalm,Psalm 68:65  &  Psalm 68:3,Ps 68:35; Ps 68:3,source_corrected,source_corrected_from_coptic_reader_text_aligned_to_nkjv; evidence=sources/coptic-reader/remaining-2026-09-07/2023-07-31-vespers-.txt; verified_date=2023-07-31,https://copticchurch.net/readings?g_year=2029&g_month=07&g_day=31
2029-08-07,St Mary's Fast,Vespers,Psalm,Psalm 68:65  &  Psalm 68:3,Ps 68:35; Ps 68:3,source_corrected,source_corrected_from_coptic_reader_text_aligned_to_nkjv; evidence=sources/coptic-reader/remaining-2026-09-07/2023-08-07-vespers-.txt; verified_date=2023-08-07,https://copticchurch.net/readings?g_year=2029&g_month=08&g_day=07
2029-08-11,Mesra 5,Liturgy,Gospel,Matt 3:23—  &  Matt 5:1-16,Matt 4:23-5:16,source_corrected,source_corrected_from_coptic_reader_web_app_3.7; evidence=sources/coptic-reader/remaining-2026-09-07/2023-08-11-liturgy-psalm-and-gospel.txt; verified_date=2023-08-11,https://copticchurch.net/readings?g_year=2029&g_month=08&g_day=11
2029-08-13,Mesra 7,Vespers,Gospel,Mk 14:-39,Mk 14:39,repaired,repaired_negative_verse_marker,https://copticchurch.net/readings?g_year=2029&g_month=08&g_day=13
2029-08-15,Mesra 9,Vespers,Psalm,Psalm 68:65  &  Psalm 68:3,Ps 68:35; Ps 68:3,source_corrected,source_corrected_from_coptic_reader_text_aligned_to_nkjv; evidence=sources/coptic-reader/remaining-2026-09-07/2023-08-15-vespers-.txt; verified_date=2023-08-15,https://copticchurch.net/readings?g_year=2029&g_month=08&g_day=15
2029-08-22,Mesra 16 (St Mary's Feast),Vespers,Gospel,Lk 10:38-52,Lk 10:38-42,source_corrected,source_corrected_from_coptic_reader_web_app_3.7; evidence=sources/coptic-reader/remaining-2026-09-07/2023-08-22-vespers-.txt; verified_date=2023-08-22,https://copticchurch.net/readings?g_year=2029&g_month=08&g_day=22
2029-08-25,Mesra 19,Liturgy,Catholic Epistle,Jm 1:1-12,James 1:12-21,source_corrected,source_corrected_from_george_user-supplied_correction; evidence=sources/user-corrections/mesra-19-james.json,https://copticchurch.net/readings?g_year=2029&g_month=08&g_day=25
2029-08-29,Mesra 23,Liturgy,Pauline Epistle,Rom 8:28:39,Rom 8:28-39,source_corrected,source_corrected_from_katameros_api_2026_06_18; live API returned Rom 8:28-39,https://copticchurch.net/readings?g_year=2029&g_month=08&g_day=29
2029-08-31,Mesra 25,Liturgy,Acts of the Apostles,Acts 18:24—  &  Acts 9:1-6,Acts 18:24-28; Acts 19:1-6,source_corrected,source_corrected_from_katameros_api_2026_06_18; live API returned Acts 18:24-28 and Acts 19:1-6,https://copticchurch.net/readings?g_year=2029&g_month=08&g_day=31
2029-09-01,Mesra 26,Liturgy,Pauline Epistle,Rom 7:14-27,Rom 8:14-27,source_corrected,source_corrected_from_coptic_reader_web_app_3.7; evidence=sources/coptic-reader/remaining-2026-09-07/2023-09-01-liturgy-pauline-epistle.txt; verified_date=2023-09-01,https://copticchurch.net/readings?g_year=2029&g_month=09&g_day=01
2029-09-04,Mesra 29,Liturgy,Acts of the Apostles,Acts 5:34:42,Acts 5:34-42,source_corrected,source_corrected_from_katameros_api_2026_06_18; live API returned Acts 5:34-42,https://copticchurch.net/readings?g_year=2029&g_month=09&g_day=04
2029-09-16,The first Sunday of Tout,Liturgy,Pauline Epistle,1Tim 1:12-27,1Tim 1:12-19,source_corrected,source_corrected_from_coptic_reader_web_app_3.7; evidence=sources/coptic-reader/coptic-reader-live-2026-09-07/2023-09-17-pauline.txt; verified_date=2023-09-17,https://copticchurch.net/readings?g_year=2029&g_month=09&g_day=16
2029-09-16,The first Sunday of Tout,Liturgy,Psalm,Psalm 31:26  &  Psalm 31:19,Ps 31:23; Ps 31:19,source_corrected,source_corrected_from_coptic_reader_text_aligned_to_nkjv; evidence=sources/coptic-reader/remaining-2026-09-07/2023-09-17-liturgy-psalm-and-gospel.txt; verified_date=2023-09-17,https://copticchurch.net/readings?g_year=2029&g_month=09&g_day=16
2029-10-01,Tout 21,Liturgy,Catholic Epistle,Jn 2:7-11,1Jn 2:7-11,source_corrected,source_corrected; verified 1 John 2:7-11 at https://api.katameros.app/readings/gregorian/01-10-2026?languageId=2,https://copticchurch.net/readings?g_year=2029&g_month=10&g_day=01
2029-10-03,Tout 23,Liturgy,Catholic Epistle,Jn 2:7-11,1Jn 2:7-11,source_corrected,source_corrected; verified 1 John 2:7-11 at https://api.katameros.app/readings/gregorian/01-10-2026?languageId=2,https://copticchurch.net/readings?g_year=2029&g_month=10&g_day=03
2029-12-12,Kiak 3,Vespers,Gospel,Lk 10:38-52,Lk 10:38-42,source_corrected,source_corrected_from_coptic_reader_web_app_3.7; evidence=sources/coptic-reader/remaining-2026-09-07/2022-12-12-vespers-.txt; verified_date=2022-12-12,https://copticchurch.net/readings?g_year=2029&g_month=12&g_day=12
2029-12-30,fourth Sunday of Christmas Fast,Liturgy,Catholic Epistle,1Jn 2:24-33,1Jn 2:24-3:3,source_corrected,source_corrected_from_coptic_reader_web_app_3.7; evidence=sources/coptic-reader/remaining-2026-09-07/2026-01-04-liturgy-catholic-epistle.txt; verified_date=2026-01-04,https://copticchurch.net/readings?g_year=2029&g_month=12&g_day=30
2029-12-30,fourth Sunday of Christmas Fast,Matins,Psalm,Psalm 95:10-12,Ps 96:11; Ps 96:12; Ps 96:13,source_corrected,source_corrected_from_coptic_reader_text_aligned_to_nkjv; evidence=sources/coptic-reader/remaining-2026-09-07/2026-01-04-matins-.txt; verified_date=2026-01-04,https://copticchurch.net/readings?g_year=2029&g_month=12&g_day=30
2030-01-29,Toba 21,Vespers,Gospel,Lk 10:38-52,Lk 10:38-42,source_corrected,source_corrected_from_coptic_reader_web_app_3.7; evidence=sources/coptic-reader/remaining-2026-09-07/2024-01-30-vespers-.txt; verified_date=2024-01-30,https://copticchurch.net/readings?g_year=2030&g_month=01&g_day=29
2030-02-09,Amshir 2,Liturgy,Gospel,Matt 9:33 - 41,Mark 9:33-41,source_corrected,source_corrected_from_coptic_reader_web_app_3.7; evidence=sources/coptic-reader/coptic-reader-live-2026-09-07/2024-02-10-gospel.txt; verified_date=2024-02-10,https://copticchurch.net/readings?g_year=2030&g_month=02&g_day=09
2030-02-23,Amshir 16,Vespers,Gospel,Mk 14:-3-9,Mk 14:3-9,repaired,repaired_negative_verse_marker,https://copticchurch.net/readings?g_year=2030&g_month=02&g_day=23
2030-03-06,Wednesday of the first week of Great Lent,Liturgy,Psalm,Psalm 24:20  &  Psalm 24:16,Ps 25:20; Ps 25:16,source_corrected,source_corrected_from_coptic_reader_text_aligned_to_nkjv; evidence=sources/coptic-reader/remaining-2026-09-07/2026-02-18-liturgy-psalm-and-gospel.txt; verified_date=2026-02-18,https://copticchurch.net/readings?g_year=2030&g_month=03&g_day=06
2030-03-07,Thursday of the first week of Great Lent,Liturgy,Psalm,Psalm 117:14  &  Psalm 117:18,Ps 118:14; Ps 118:18,source_corrected,source_corrected_from_coptic_reader_text_aligned_to_nkjv; evidence=sources/coptic-reader/remaining-2026-09-07/2026-02-19-liturgy-psalm-and-gospel.txt; verified_date=2026-02-19,https://copticchurch.net/readings?g_year=2030&g_month=03&g_day=07
2030-03-11,Monday of the second week of Great Lent,Matins,Prophecy,Exodus 3:6-14,Exod 3:6-14,source_supplement,verified recurring context; evidence=sources/coptic-reader/lent-qualified-2026-10-07/2026-02-23/Prophecies.txt; verified_date=2026-02-23; captured_at=2026-10-07T17:14:31.612Z,https://copticreader.org/app/
2030-03-11,Monday of the second week of Great Lent,Matins,Prophecy,Isaiah 4:2-5:7,Isa 4:2-5:7,source_supplement,verified recurring context; evidence=sources/coptic-reader/lent-qualified-2026-10-07/2026-02-23/Prophecies.txt; verified_date=2026-02-23; captured_at=2026-10-07T17:14:31.612Z,https://copticreader.org/app/
2030-03-12,Tuesday of the second week of Great Lent,Matins,Prophecy,Job 19:1-27,Job 19:1-27,source_supplement,verified recurring context; evidence=sources/coptic-reader/lent-qualified-2026-10-07/2026-02-24/Prophecies.txt; verified_date=2026-02-24; captured_at=2026-10-07T17:15:23.623Z,https://copticreader.org/app/
2030-03-12,Tuesday of the second week of Great Lent,Matins,Prophecy,Isaiah 5:7-16,Isa 5:7-16,source_supplement,verified recurring context; evidence=sources/coptic-reader/lent-qualified-2026-10-07/2026-02-24/Prophecies.txt; verified_date=2026-02-24; captured_at=2026-10-07T17:15:23.623Z,https://copticreader.org/app/
2030-03-13,Wednesday of the second week of Great Lent,Matins,Prophecy,Exodus 2:11-20,Exod 2:11-20,source_supplement,verified recurring context; evidence=sources/coptic-reader/lent-qualified-2026-10-07/2026-02-25/Prophecies.txt; verified_date=2026-02-25; captured_at=2026-10-07T17:15:58.396Z,https://copticreader.org/app/
2030-03-13,Wednesday of the second week of Great Lent,Matins,Prophecy,Isaiah 5:17-25,Isa 5:17-25,source_supplement,verified recurring context; evidence=sources/coptic-reader/lent-qualified-2026-10-07/2026-02-25/Prophecies.txt; verified_date=2026-02-25; captured_at=2026-10-07T17:15:58.396Z,https://copticreader.org/app/
2030-03-14,Thursday of the second week of Great Lent,Matins,Prophecy,Deuteronomy 5:15-22,Deut 5:15-22,source_supplement,verified recurring context; evidence=sources/coptic-reader/lent-qualified-2026-10-07/2026-02-26/Prophecies.txt; verified_date=2026-02-26; captured_at=2026-10-07T17:16:36.181Z,https://copticreader.org/app/
2030-03-14,Thursday of the second week of Great Lent,Matins,Prophecy,Isaiah 6:1-12,Isa 6:1-12,source_supplement,verified recurring context; evidence=sources/coptic-reader/lent-qualified-2026-10-07/2026-02-26/Prophecies.txt; verified_date=2026-02-26; captured_at=2026-10-07T17:16:36.181Z,https://copticreader.org/app/
2030-03-15,Friday of the second week of Great Lent,Matins,Prophecy,Deuteronomy 8:1-9:4,Deut 8:1-9:4,source_supplement,verified recurring context; evidence=sources/coptic-reader/lent-qualified-2026-10-07/2026-02-27/Prophecies.txt; verified_date=2026-02-27; captured_at=2026-10-07T17:17:03.024Z,https://copticreader.org/app/
2030-03-15,Friday of the second week of Great Lent,Matins,Prophecy,1 Samuel 17:1-18:4,1Sam 17:1-18:4,source_supplement,verified recurring context; evidence=sources/coptic-reader/lent-qualified-2026-10-07/2026-02-27/Prophecies.txt; verified_date=2026-02-27; captured_at=2026-10-07T17:17:03.024Z,https://copticreader.org/app/
2030-03-15,Friday of the second week of Great Lent,Matins,Prophecy,Isaiah 7:1-14,Isa 7:1-14,source_supplement,verified recurring context; evidence=sources/coptic-reader/lent-qualified-2026-10-07/2026-02-27/Prophecies.txt; verified_date=2026-02-27; captured_at=2026-10-07T17:17:03.024Z,https://copticreader.org/app/
2030-03-15,Friday of the second week of Great Lent,Matins,Prophecy,Job 11:1-20,Job 11:1-20,source_supplement,verified recurring context; evidence=sources/coptic-reader/lent-qualified-2026-10-07/2026-02-27/Prophecies.txt; verified_date=2026-02-27; captured_at=2026-10-07T17:17:03.024Z,https://copticreader.org/app/
2030-03-18,Monday of the third week of Great Lent,Matins,Prophecy,Proverbs 1:20-33,Prov 1:20-33,source_supplement,verified recurring context; evidence=sources/coptic-reader/lent-qualified-2026-10-07/2026-03-02/Prophecies.txt; verified_date=2026-03-02; captured_at=2026-10-07T17:17:19.039Z,https://copticreader.org/app/
2030-03-18,Monday of the third week of Great Lent,Matins,Prophecy,Isaiah 8:13-9:7,Isa 8:13-9:7,source_supplement,verified recurring context; evidence=sources/coptic-reader/lent-qualified-2026-10-07/2026-03-02/Prophecies.txt; verified_date=2026-03-02; captured_at=2026-10-07T17:17:19.039Z,https://copticreader.org/app/
2030-03-20,Wednesday of the third week of Great Lent,Matins,Prophecy,Exodus 4:19-6:13,Exod 4:19-6:13,source_supplement,verified recurring context; evidence=sources/coptic-reader/lent-week3-wednesday-2026-10-07/coptic-reader-2026-03-04-matins-prophecies.txt; verified_date=2026-03-04; captured_at=2026-10-07,https://copticreader.org/app/
2030-03-20,Wednesday of the third week of Great Lent,Matins,Prophecy,Joel 2:21-27,Joel 2:21-27,source_supplement,verified recurring context; evidence=sources/coptic-reader/lent-week3-wednesday-2026-10-07/coptic-reader-2026-03-04-matins-prophecies.txt; verified_date=2026-03-04; captured_at=2026-10-07,https://copticreader.org/app/
2030-03-20,Wednesday of the third week of Great Lent,Matins,Prophecy,Isaiah 9:9-10:4,Isa 9:9-10:4,source_supplement,verified recurring context; evidence=sources/coptic-reader/lent-week3-wednesday-2026-10-07/coptic-reader-2026-03-04-matins-prophecies.txt; verified_date=2026-03-04; captured_at=2026-10-07,https://copticreader.org/app/
2030-03-20,Wednesday of the third week of Great Lent,Matins,Prophecy,Job 12:1-14:22,Job 12:1-14:22,source_supplement,verified recurring context; evidence=sources/coptic-reader/lent-week3-wednesday-2026-10-07/coptic-reader-2026-03-04-matins-prophecies.txt; verified_date=2026-03-04; captured_at=2026-10-07,https://copticreader.org/app/
2030-03-21,Thursday of the third week of Great Lent,Matins,Prophecy,Genesis 18:17-19:29,Gen 18:17-19:29,source_supplement,verified recurring context; evidence=sources/coptic-reader/lent-qualified-2026-10-07/2026-03-05/Prophecies.txt; verified_date=2026-03-05; captured_at=2026-10-07T17:17:49.562Z,https://copticreader.org/app/
2030-03-21,Thursday of the third week of Great Lent,Matins,Prophecy,Proverbs 2:16-3:4,Prov 2:16-3:4,source_supplement,verified recurring context; evidence=sources/coptic-reader/lent-qualified-2026-10-07/2026-03-05/Prophecies.txt; verified_date=2026-03-05; captured_at=2026-10-07T17:17:49.562Z,https://copticreader.org/app/
2030-03-21,Thursday of the third week of Great Lent,Matins,Prophecy,Isaiah 11:10-12:2,Isa 11:10-12:2,source_supplement,verified recurring context; evidence=sources/coptic-reader/lent-qualified-2026-10-07/2026-03-05/Prophecies.txt; verified_date=2026-03-05; captured_at=2026-10-07T17:17:49.562Z,https://copticreader.org/app/
2030-03-25,Monday of the fourth week of Great Lent,Matins,Prophecy,Genesis 27:1-41,Gen 27:1-41,source_supplement,verified recurring context; evidence=sources/coptic-reader/lent-qualified-2026-10-07/2026-03-09/Prophecies.txt; verified_date=2026-03-09; captured_at=2026-10-07T17:24:38.921Z,https://copticreader.org/app/
2030-03-25,Monday of the fourth week of Great Lent,Matins,Prophecy,Isaiah 14:24-32,Isa 14:24-32,source_supplement,verified recurring context; evidence=sources/coptic-reader/lent-qualified-2026-10-07/2026-03-09/Prophecies.txt; verified_date=2026-03-09; captured_at=2026-10-07T17:24:38.921Z,https://copticreader.org/app/
2030-03-25,Monday of the fourth week of Great Lent,Matins,Prophecy,Job 16:1-17:16,Job 16:1-17:16,source_supplement,verified recurring context; evidence=sources/coptic-reader/lent-qualified-2026-10-07/2026-03-09/Prophecies.txt; verified_date=2026-03-09; captured_at=2026-10-07T17:24:38.921Z,https://copticreader.org/app/
2030-03-27,Wednesday of the fourth week of Great Lent,Liturgy,Pauline Epistle,Ephesians 4:17-33,Eph 4:17-32,source_corrected,source_corrected_from_coptic_reader_web_app_3.7; evidence=sources/coptic-reader/remaining-2026-09-07/2026-03-11-liturgy-pauline-epistle.txt; verified_date=2026-03-11,https://copticchurch.net/readings?g_year=2030&g_month=03&g_day=27
2030-03-27,Wednesday of the fourth week of Great Lent,Matins,Prophecy,Exodus 7:14-8:19,Exod 7:14-8:19,source_supplement,verified recurring context; evidence=sources/coptic-reader/lent-qualified-2026-10-07/2026-03-11/Prophecies.txt; verified_date=2026-03-11; captured_at=2026-10-07T17:25:31.767Z,https://copticreader.org/app/
2030-03-27,Wednesday of the fourth week of Great Lent,Matins,Prophecy,Joel 2:28-32,Joel 2:28-32,source_supplement,verified recurring context; evidence=sources/coptic-reader/lent-qualified-2026-10-07/2026-03-11/Prophecies.txt; verified_date=2026-03-11; captured_at=2026-10-07T17:25:31.767Z,https://copticreader.org/app/
2030-03-27,Wednesday of the fourth week of Great Lent,Matins,Prophecy,Job 1:1-22,Job 1:1-22,source_supplement,verified recurring context; evidence=sources/coptic-reader/lent-qualified-2026-10-07/2026-03-11/Prophecies.txt; verified_date=2026-03-11; captured_at=2026-10-07T17:25:31.767Z,https://copticreader.org/app/
2030-03-27,Wednesday of the fourth week of Great Lent,Matins,Prophecy,Isaiah 26:21-27:9,Isa 26:21-27:9,source_supplement,verified recurring context; evidence=sources/coptic-reader/lent-qualified-2026-10-07/2026-03-11/Prophecies.txt; verified_date=2026-03-11; captured_at=2026-10-07T17:25:31.767Z,https://copticreader.org/app/
2030-03-28,Thursday of the fourth week of Great Lent,Matins,Prophecy,Genesis 32:1-30,Gen 32:1-30,source_supplement,verified recurring context; evidence=sources/coptic-reader/lent-qualified-2026-10-07/2026-03-12/Prophecies.txt; verified_date=2026-03-12; captured_at=2026-10-07T17:26:02.062Z,https://copticreader.org/app/
2030-03-28,Thursday of the fourth week of Great Lent,Matins,Prophecy,Isaiah 28:14-22,Isa 28:14-22,source_supplement,verified recurring context; evidence=sources/coptic-reader/lent-qualified-2026-10-07/2026-03-12/Prophecies.txt; verified_date=2026-03-12; captured_at=2026-10-07T17:26:02.062Z,https://copticreader.org/app/
2030-03-28,Thursday of the fourth week of Great Lent,Matins,Prophecy,Job 20:1-29,Job 20:1-29,source_supplement,verified recurring context; evidence=sources/coptic-reader/lent-qualified-2026-10-07/2026-03-12/Prophecies.txt; verified_date=2026-03-12; captured_at=2026-10-07T17:26:02.062Z,https://copticreader.org/app/
2030-03-28,Thursday of the fourth week of Great Lent,Matins,Prophecy,Daniel 6:1-27,Dan 6:1-27,source_supplement,verified recurring context; evidence=sources/coptic-reader/lent-qualified-2026-10-07/2026-03-12/Prophecies.txt; verified_date=2026-03-12; captured_at=2026-10-07T17:26:02.062Z,https://copticreader.org/app/
2030-03-30,Saturday of the fourth week of Great Lent,Liturgy,Psalm,Psalm 61:1  &  Psalm 610:5,"Psalm 61:1,5",source_corrected,"source_corrected_from_katameros_api_2026_06_18; live API returned Ps 61:1,5",https://copticchurch.net/readings?g_year=2030&g_month=03&g_day=30
2030-03-31,Sunday of the fourth week of Great Lent,Matins,Psalm,Psalm 31:24  &  Psalm 31:33,Ps 31:24; Ps 31:23,source_corrected,source_corrected_from_coptic_reader_text_aligned_to_nkjv; evidence=sources/coptic-reader/remaining-2026-09-07/2026-03-15-matins-.txt; verified_date=2026-03-15,https://copticchurch.net/readings?g_year=2030&g_month=03&g_day=31
2030-04-01,Monday of the fifth week of Great Lent,Matins,Prophecy,Proverbs 3:5-18,Prov 3:5-18,source_supplement,verified recurring context; evidence=sources/coptic-reader/lent-qualified-2026-10-07/2026-03-16/Prophecies.txt; verified_date=2026-03-16; captured_at=2026-10-07T17:26:21.295Z,https://copticreader.org/app/
2030-04-01,Monday of the fifth week of Great Lent,Matins,Prophecy,Isaiah 37:33-38:6,Isa 37:33-38:6,source_supplement,verified recurring context; evidence=sources/coptic-reader/lent-qualified-2026-10-07/2026-03-16/Prophecies.txt; verified_date=2026-03-16; captured_at=2026-10-07T17:26:21.295Z,https://copticreader.org/app/
2030-04-01,Monday of the fifth week of Great Lent,Matins,Prophecy,Job 22:1-30,Job 22:1-30,source_supplement,verified recurring context; evidence=sources/coptic-reader/lent-qualified-2026-10-07/2026-03-16/Prophecies.txt; verified_date=2026-03-16; captured_at=2026-10-07T17:26:21.295Z,https://copticreader.org/app/
2030-04-02,Tuesday of the fifth week of Great Lent,Matins,Prophecy,Numbers 10:35-11:35,Num 10:35-11:35,source_supplement,verified recurring context; evidence=sources/coptic-reader/lent-qualified-2026-10-07/2026-03-17/Prophecies.txt; verified_date=2026-03-17; captured_at=2026-10-07T17:26:23.098Z,https://copticreader.org/app/
2030-04-02,Tuesday of the fifth week of Great Lent,Matins,Prophecy,Proverbs 3:19-4:9,Prov 3:19-4:9,source_supplement,verified recurring context; evidence=sources/coptic-reader/lent-qualified-2026-10-07/2026-03-17/Prophecies.txt; verified_date=2026-03-17; captured_at=2026-10-07T17:26:23.098Z,https://copticreader.org/app/
2030-04-02,Tuesday of the fifth week of Great Lent,Matins,Prophecy,Isaiah 40:1-8,Isa 40:1-8,source_supplement,verified recurring context; evidence=sources/coptic-reader/lent-qualified-2026-10-07/2026-03-17/Prophecies.txt; verified_date=2026-03-17; captured_at=2026-10-07T17:26:23.098Z,https://copticreader.org/app/
2030-04-02,Tuesday of the fifth week of Great Lent,Matins,Prophecy,Job 25:1-6,Job 25:1-6,source_supplement,verified recurring context; evidence=sources/coptic-reader/lent-qualified-2026-10-07/2026-03-17/Prophecies.txt; verified_date=2026-03-17; captured_at=2026-10-07T17:26:23.098Z,https://copticreader.org/app/
2030-04-02,Tuesday of the fifth week of Great Lent,Matins,Prophecy,Job 26:1-14,Job 26:1-14,source_supplement,verified recurring context; evidence=sources/coptic-reader/lent-qualified-2026-10-07/2026-03-17/Prophecies.txt; verified_date=2026-03-17; captured_at=2026-10-07T17:26:23.098Z,https://copticreader.org/app/
2030-07-11,Abib 4,Vespers,Psalm,Psalm 68:65  &  Psalm 68:3,Ps 68:35; Ps 68:3,source_corrected,source_corrected_from_coptic_reader_text_aligned_to_nkjv; evidence=sources/coptic-reader/remaining-2026-09-07/2023-07-11-vespers-.txt; verified_date=2023-07-11,https://copticchurch.net/readings?g_year=2030&g_month=07&g_day=11
2030-07-19,Abib 12,Vespers,Psalm,Psalm 68:65  &  Psalm 68:3,Ps 68:35; Ps 68:3,source_corrected,source_corrected_from_coptic_reader_text_aligned_to_nkjv; evidence=sources/coptic-reader/remaining-2026-09-07/2023-07-19-vespers-.txt; verified_date=2023-07-19,https://copticchurch.net/readings?g_year=2030&g_month=07&g_day=19
2030-07-31,Abib 24,Vespers,Psalm,Psalm 68:65  &  Psalm 68:3,Ps 68:35; Ps 68:3,source_corrected,source_corrected_from_coptic_reader_text_aligned_to_nkjv; evidence=sources/coptic-reader/remaining-2026-09-07/2023-07-31-vespers-.txt; verified_date=2023-07-31,https://copticchurch.net/readings?g_year=2030&g_month=07&g_day=31
2030-08-07,St Mary's Fast,Vespers,Psalm,Psalm 68:65  &  Psalm 68:3,Ps 68:35; Ps 68:3,source_corrected,source_corrected_from_coptic_reader_text_aligned_to_nkjv; evidence=sources/coptic-reader/remaining-2026-09-07/2023-08-07-vespers-.txt; verified_date=2023-08-07,https://copticchurch.net/readings?g_year=2030&g_month=08&g_day=07
2030-08-13,Mesra 7,Vespers,Gospel,Mk 14:-39,Mk 14:39,repaired,repaired_negative_verse_marker,https://copticchurch.net/readings?g_year=2030&g_month=08&g_day=13
2030-08-15,Mesra 9,Vespers,Psalm,Psalm 68:65  &  Psalm 68:3,Ps 68:35; Ps 68:3,source_corrected,source_corrected_from_coptic_reader_text_aligned_to_nkjv; evidence=sources/coptic-reader/remaining-2026-09-07/2023-08-15-vespers-.txt; verified_date=2023-08-15,https://copticchurch.net/readings?g_year=2030&g_month=08&g_day=15
2030-08-22,Mesra 16 (St Mary's Feast),Vespers,Gospel,Lk 10:38-52,Lk 10:38-42,source_corrected,source_corrected_from_coptic_reader_web_app_3.7; evidence=sources/coptic-reader/remaining-2026-09-07/2023-08-22-vespers-.txt; verified_date=2023-08-22,https://copticchurch.net/readings?g_year=2030&g_month=08&g_day=22
2030-08-29,Mesra 23,Liturgy,Pauline Epistle,Rom 8:28:39,Rom 8:28-39,source_corrected,source_corrected_from_katameros_api_2026_06_18; live API returned Rom 8:28-39,https://copticchurch.net/readings?g_year=2030&g_month=08&g_day=29
2030-08-31,Mesra 25,Liturgy,Acts of the Apostles,Acts 18:24—  &  Acts 9:1-6,Acts 18:24-28; Acts 19:1-6,source_corrected,source_corrected_from_katameros_api_2026_06_18; live API returned Acts 18:24-28 and Acts 19:1-6,https://copticchurch.net/readings?g_year=2030&g_month=08&g_day=31
2030-09-02,Mesra 27,Liturgy,Pauline Epistle,Rom 8:28:39,Rom 8:28-39,source_corrected,source_corrected_from_katameros_api_2026_06_18; live API returned Rom 8:28-39,https://copticchurch.net/readings?g_year=2030&g_month=09&g_day=02
2030-09-04,Mesra 29,Liturgy,Acts of the Apostles,Acts 5:34:42,Acts 5:34-42,source_corrected,source_corrected_from_katameros_api_2026_06_18; live API returned Acts 5:34-42,https://copticchurch.net/readings?g_year=2030&g_month=09&g_day=04
2030-09-09,Nasie 4,Vespers,Psalm,Psalm 68:65  &  Psalm 68:3,Ps 68:35; Ps 68:3,source_corrected,source_corrected_from_coptic_reader_text_aligned_to_nkjv; evidence=sources/coptic-reader/remaining-2026-09-07/2023-09-09-vespers-.txt; verified_date=2023-09-09,https://copticchurch.net/readings?g_year=2030&g_month=09&g_day=09
2030-09-15,The first Sunday of Tout,Liturgy,Pauline Epistle,1Tim 1:12-27,1Tim 1:12-19,source_corrected,source_corrected_from_coptic_reader_web_app_3.7; evidence=sources/coptic-reader/coptic-reader-live-2026-09-07/2023-09-17-pauline.txt; verified_date=2023-09-17,https://copticchurch.net/readings?g_year=2030&g_month=09&g_day=15
2030-09-15,The first Sunday of Tout,Liturgy,Psalm,Psalm 31:26  &  Psalm 31:19,Ps 31:23; Ps 31:19,source_corrected,source_corrected_from_coptic_reader_text_aligned_to_nkjv; evidence=sources/coptic-reader/remaining-2026-09-07/2023-09-17-liturgy-psalm-and-gospel.txt; verified_date=2023-09-17,https://copticchurch.net/readings?g_year=2030&g_month=09&g_day=15
2030-10-01,Tout 21,Liturgy,Catholic Epistle,Jn 2:7-11,1Jn 2:7-11,source_corrected,source_corrected; verified 1 John 2:7-11 at https://api.katameros.app/readings/gregorian/01-10-2026?languageId=2,https://copticchurch.net/readings?g_year=2030&g_month=10&g_day=01
2030-10-03,Tout 23,Liturgy,Catholic Epistle,Jn 2:7-11,1Jn 2:7-11,source_corrected,source_corrected; verified 1 John 2:7-11 at https://api.katameros.app/readings/gregorian/01-10-2026?languageId=2,https://copticchurch.net/readings?g_year=2030&g_month=10&g_day=03
2030-12-12,Kiak 3,Vespers,Gospel,Lk 10:38-52,Lk 10:38-42,source_corrected,source_corrected_from_coptic_reader_web_app_3.7; evidence=sources/coptic-reader/remaining-2026-09-07/2022-12-12-vespers-.txt; verified_date=2022-12-12,https://copticchurch.net/readings?g_year=2030&g_month=12&g_day=12
2031-01-05,The fourth Sunday of Kiak,Liturgy,Catholic Epistle,1Jn 2:24-33,1Jn 2:24-3:3,source_corrected,source_corrected_from_coptic_reader_web_app_3.7; evidence=sources/coptic-reader/remaining-2026-09-07/2026-01-04-liturgy-catholic-epistle.txt; verified_date=2026-01-04,https://copticchurch.net/readings?g_year=2031&g_month=01&g_day=05
2031-01-05,The fourth Sunday of Kiak,Matins,Psalm,Psalm 95:10-12,Ps 96:11-13,source_corrected,source_corrected_from_coptic_reader_text_aligned_to_nkjv; evidence=sources/coptic-reader/remaining-2026-09-07/2026-01-04-matins-.txt; verified_date=2026-01-04,https://copticchurch.net/readings?g_year=2031&g_month=01&g_day=05
2031-01-29,Toba 21,Vespers,Gospel,Lk 10:38-52,Lk 10:38-42,source_corrected,source_corrected_from_coptic_reader_web_app_3.7; evidence=sources/coptic-reader/remaining-2026-09-07/2024-01-30-vespers-.txt; verified_date=2024-01-30,https://copticchurch.net/readings?g_year=2031&g_month=01&g_day=29
2031-02-19,Wednesday of the first week of Great Lent,Liturgy,Psalm,Psalm 24:20  &  Psalm 24:16,Ps 25:20; Ps 25:16,source_corrected,source_corrected_from_coptic_reader_text_aligned_to_nkjv; evidence=sources/coptic-reader/remaining-2026-09-07/2026-02-18-liturgy-psalm-and-gospel.txt; verified_date=2026-02-18,https://copticchurch.net/readings?g_year=2031&g_month=02&g_day=19
2031-02-20,Thursday of the first week of Great Lent,Liturgy,Psalm,Psalm 117:14  &  Psalm 117:18,Ps 118:14; Ps 118:18,source_corrected,source_corrected_from_coptic_reader_text_aligned_to_nkjv; evidence=sources/coptic-reader/remaining-2026-09-07/2026-02-19-liturgy-psalm-and-gospel.txt; verified_date=2026-02-19,https://copticchurch.net/readings?g_year=2031&g_month=02&g_day=20
2031-02-24,Monday of the second week of Great Lent,Matins,Prophecy,Exodus 3:6-14,Exod 3:6-14,source_supplement,verified recurring context; evidence=sources/coptic-reader/lent-qualified-2026-10-07/2026-02-23/Prophecies.txt; verified_date=2026-02-23; captured_at=2026-10-07T17:14:31.612Z,https://copticreader.org/app/
2031-02-24,Monday of the second week of Great Lent,Matins,Prophecy,Isaiah 4:2-5:7,Isa 4:2-5:7,source_supplement,verified recurring context; evidence=sources/coptic-reader/lent-qualified-2026-10-07/2026-02-23/Prophecies.txt; verified_date=2026-02-23; captured_at=2026-10-07T17:14:31.612Z,https://copticreader.org/app/
2031-02-25,Tuesday of the second week of Great Lent,Matins,Prophecy,Job 19:1-27,Job 19:1-27,source_supplement,verified recurring context; evidence=sources/coptic-reader/lent-qualified-2026-10-07/2026-02-24/Prophecies.txt; verified_date=2026-02-24; captured_at=2026-10-07T17:15:23.623Z,https://copticreader.org/app/
2031-02-25,Tuesday of the second week of Great Lent,Matins,Prophecy,Isaiah 5:7-16,Isa 5:7-16,source_supplement,verified recurring context; evidence=sources/coptic-reader/lent-qualified-2026-10-07/2026-02-24/Prophecies.txt; verified_date=2026-02-24; captured_at=2026-10-07T17:15:23.623Z,https://copticreader.org/app/
2031-02-26,Wednesday of the second week of Great Lent,Matins,Prophecy,Exodus 2:11-20,Exod 2:11-20,source_supplement,verified recurring context; evidence=sources/coptic-reader/lent-qualified-2026-10-07/2026-02-25/Prophecies.txt; verified_date=2026-02-25; captured_at=2026-10-07T17:15:58.396Z,https://copticreader.org/app/
2031-02-26,Wednesday of the second week of Great Lent,Matins,Prophecy,Isaiah 5:17-25,Isa 5:17-25,source_supplement,verified recurring context; evidence=sources/coptic-reader/lent-qualified-2026-10-07/2026-02-25/Prophecies.txt; verified_date=2026-02-25; captured_at=2026-10-07T17:15:58.396Z,https://copticreader.org/app/
2031-02-27,Thursday of the second week of Great Lent,Matins,Prophecy,Deuteronomy 5:15-22,Deut 5:15-22,source_supplement,verified recurring context; evidence=sources/coptic-reader/lent-qualified-2026-10-07/2026-02-26/Prophecies.txt; verified_date=2026-02-26; captured_at=2026-10-07T17:16:36.181Z,https://copticreader.org/app/
2031-02-27,Thursday of the second week of Great Lent,Matins,Prophecy,Isaiah 6:1-12,Isa 6:1-12,source_supplement,verified recurring context; evidence=sources/coptic-reader/lent-qualified-2026-10-07/2026-02-26/Prophecies.txt; verified_date=2026-02-26; captured_at=2026-10-07T17:16:36.181Z,https://copticreader.org/app/
2031-02-28,Friday of the second week of Great Lent,Matins,Prophecy,Deuteronomy 8:1-9:4,Deut 8:1-9:4,source_supplement,verified recurring context; evidence=sources/coptic-reader/lent-qualified-2026-10-07/2026-02-27/Prophecies.txt; verified_date=2026-02-27; captured_at=2026-10-07T17:17:03.024Z,https://copticreader.org/app/
2031-02-28,Friday of the second week of Great Lent,Matins,Prophecy,1 Samuel 17:1-18:4,1Sam 17:1-18:4,source_supplement,verified recurring context; evidence=sources/coptic-reader/lent-qualified-2026-10-07/2026-02-27/Prophecies.txt; verified_date=2026-02-27; captured_at=2026-10-07T17:17:03.024Z,https://copticreader.org/app/
2031-02-28,Friday of the second week of Great Lent,Matins,Prophecy,Isaiah 7:1-14,Isa 7:1-14,source_supplement,verified recurring context; evidence=sources/coptic-reader/lent-qualified-2026-10-07/2026-02-27/Prophecies.txt; verified_date=2026-02-27; captured_at=2026-10-07T17:17:03.024Z,https://copticreader.org/app/
2031-02-28,Friday of the second week of Great Lent,Matins,Prophecy,Job 11:1-20,Job 11:1-20,source_supplement,verified recurring context; evidence=sources/coptic-reader/lent-qualified-2026-10-07/2026-02-27/Prophecies.txt; verified_date=2026-02-27; captured_at=2026-10-07T17:17:03.024Z,https://copticreader.org/app/
2031-03-03,Monday of the third week of Great Lent,Matins,Prophecy,Proverbs 1:20-33,Prov 1:20-33,source_supplement,verified recurring context; evidence=sources/coptic-reader/lent-qualified-2026-10-07/2026-03-02/Prophecies.txt; verified_date=2026-03-02; captured_at=2026-10-07T17:17:19.039Z,https://copticreader.org/app/
2031-03-03,Monday of the third week of Great Lent,Matins,Prophecy,Isaiah 8:13-9:7,Isa 8:13-9:7,source_supplement,verified recurring context; evidence=sources/coptic-reader/lent-qualified-2026-10-07/2026-03-02/Prophecies.txt; verified_date=2026-03-02; captured_at=2026-10-07T17:17:19.039Z,https://copticreader.org/app/
2031-03-04,Tuesday of the third week of Great Lent,Matins,Prophecy,Proverbs 2:1-15,Prov 2:1-15,source_supplement,verified recurring context; evidence=sources/coptic-reader/lent-qualified-2026-10-07/2026-03-03/Prophecies.txt; verified_date=2026-03-03; captured_at=2026-10-07T17:17:34.270Z,https://copticreader.org/app/
2031-03-04,Tuesday of the third week of Great Lent,Matins,Prophecy,Isaiah 10:12-20,Isa 10:12-20,source_supplement,verified recurring context; evidence=sources/coptic-reader/lent-qualified-2026-10-07/2026-03-03/Prophecies.txt; verified_date=2026-03-03; captured_at=2026-10-07T17:17:34.270Z,https://copticreader.org/app/
2031-03-05,Wednesday of the third week of Great Lent,Matins,Prophecy,Exodus 4:19-6:13,Exod 4:19-6:13,source_supplement,verified recurring context; evidence=sources/coptic-reader/lent-week3-wednesday-2026-10-07/coptic-reader-2026-03-04-matins-prophecies.txt; verified_date=2026-03-04; captured_at=2026-10-07,https://copticreader.org/app/
2031-03-05,Wednesday of the third week of Great Lent,Matins,Prophecy,Joel 2:21-27,Joel 2:21-27,source_supplement,verified recurring context; evidence=sources/coptic-reader/lent-week3-wednesday-2026-10-07/coptic-reader-2026-03-04-matins-prophecies.txt; verified_date=2026-03-04; captured_at=2026-10-07,https://copticreader.org/app/
2031-03-05,Wednesday of the third week of Great Lent,Matins,Prophecy,Isaiah 9:9-10:4,Isa 9:9-10:4,source_supplement,verified recurring context; evidence=sources/coptic-reader/lent-week3-wednesday-2026-10-07/coptic-reader-2026-03-04-matins-prophecies.txt; verified_date=2026-03-04; captured_at=2026-10-07,https://copticreader.org/app/
2031-03-05,Wednesday of the third week of Great Lent,Matins,Prophecy,Job 12:1-14:22,Job 12:1-14:22,source_supplement,verified recurring context; evidence=sources/coptic-reader/lent-week3-wednesday-2026-10-07/coptic-reader-2026-03-04-matins-prophecies.txt; verified_date=2026-03-04; captured_at=2026-10-07,https://copticreader.org/app/
2031-03-06,Thursday of the third week of Great Lent,Matins,Prophecy,Genesis 18:17-19:29,Gen 18:17-19:29,source_supplement,verified recurring context; evidence=sources/coptic-reader/lent-qualified-2026-10-07/2026-03-05/Prophecies.txt; verified_date=2026-03-05; captured_at=2026-10-07T17:17:49.562Z,https://copticreader.org/app/
2031-03-06,Thursday of the third week of Great Lent,Matins,Prophecy,Proverbs 2:16-3:4,Prov 2:16-3:4,source_supplement,verified recurring context; evidence=sources/coptic-reader/lent-qualified-2026-10-07/2026-03-05/Prophecies.txt; verified_date=2026-03-05; captured_at=2026-10-07T17:17:49.562Z,https://copticreader.org/app/
2031-03-06,Thursday of the third week of Great Lent,Matins,Prophecy,Isaiah 11:10-12:2,Isa 11:10-12:2,source_supplement,verified recurring context; evidence=sources/coptic-reader/lent-qualified-2026-10-07/2026-03-05/Prophecies.txt; verified_date=2026-03-05; captured_at=2026-10-07T17:17:49.562Z,https://copticreader.org/app/
2031-03-10,Monday of the fourth week of Great Lent,Matins,Prophecy,Genesis 27:1-41,Gen 27:1-41,source_supplement,verified recurring context; evidence=sources/coptic-reader/lent-qualified-2026-10-07/2026-03-09/Prophecies.txt; verified_date=2026-03-09; captured_at=2026-10-07T17:24:38.921Z,https://copticreader.org/app/
2031-03-10,Monday of the fourth week of Great Lent,Matins,Prophecy,Isaiah 14:24-32,Isa 14:24-32,source_supplement,verified recurring context; evidence=sources/coptic-reader/lent-qualified-2026-10-07/2026-03-09/Prophecies.txt; verified_date=2026-03-09; captured_at=2026-10-07T17:24:38.921Z,https://copticreader.org/app/
2031-03-10,Monday of the fourth week of Great Lent,Matins,Prophecy,Job 16:1-17:16,Job 16:1-17:16,source_supplement,verified recurring context; evidence=sources/coptic-reader/lent-qualified-2026-10-07/2026-03-09/Prophecies.txt; verified_date=2026-03-09; captured_at=2026-10-07T17:24:38.921Z,https://copticreader.org/app/
2031-03-12,Wednesday of the fourth week of Great Lent,Liturgy,Pauline Epistle,Ephesians 4:17-33,Eph 4:17-32,source_corrected,source_corrected_from_coptic_reader_web_app_3.7; evidence=sources/coptic-reader/remaining-2026-09-07/2026-03-11-liturgy-pauline-epistle.txt; verified_date=2026-03-11,https://copticchurch.net/readings?g_year=2031&g_month=03&g_day=12
2031-03-12,Wednesday of the fourth week of Great Lent,Matins,Prophecy,Exodus 7:14-8:19,Exod 7:14-8:19,source_supplement,verified recurring context; evidence=sources/coptic-reader/lent-qualified-2026-10-07/2026-03-11/Prophecies.txt; verified_date=2026-03-11; captured_at=2026-10-07T17:25:31.767Z,https://copticreader.org/app/
2031-03-12,Wednesday of the fourth week of Great Lent,Matins,Prophecy,Joel 2:28-32,Joel 2:28-32,source_supplement,verified recurring context; evidence=sources/coptic-reader/lent-qualified-2026-10-07/2026-03-11/Prophecies.txt; verified_date=2026-03-11; captured_at=2026-10-07T17:25:31.767Z,https://copticreader.org/app/
2031-03-12,Wednesday of the fourth week of Great Lent,Matins,Prophecy,Job 1:1-22,Job 1:1-22,source_supplement,verified recurring context; evidence=sources/coptic-reader/lent-qualified-2026-10-07/2026-03-11/Prophecies.txt; verified_date=2026-03-11; captured_at=2026-10-07T17:25:31.767Z,https://copticreader.org/app/
2031-03-12,Wednesday of the fourth week of Great Lent,Matins,Prophecy,Isaiah 26:21-27:9,Isa 26:21-27:9,source_supplement,verified recurring context; evidence=sources/coptic-reader/lent-qualified-2026-10-07/2026-03-11/Prophecies.txt; verified_date=2026-03-11; captured_at=2026-10-07T17:25:31.767Z,https://copticreader.org/app/
2031-03-13,Thursday of the fourth week of Great Lent,Matins,Prophecy,Genesis 32:1-30,Gen 32:1-30,source_supplement,verified recurring context; evidence=sources/coptic-reader/lent-qualified-2026-10-07/2026-03-12/Prophecies.txt; verified_date=2026-03-12; captured_at=2026-10-07T17:26:02.062Z,https://copticreader.org/app/
2031-03-13,Thursday of the fourth week of Great Lent,Matins,Prophecy,Isaiah 28:14-22,Isa 28:14-22,source_supplement,verified recurring context; evidence=sources/coptic-reader/lent-qualified-2026-10-07/2026-03-12/Prophecies.txt; verified_date=2026-03-12; captured_at=2026-10-07T17:26:02.062Z,https://copticreader.org/app/
2031-03-13,Thursday of the fourth week of Great Lent,Matins,Prophecy,Job 20:1-29,Job 20:1-29,source_supplement,verified recurring context; evidence=sources/coptic-reader/lent-qualified-2026-10-07/2026-03-12/Prophecies.txt; verified_date=2026-03-12; captured_at=2026-10-07T17:26:02.062Z,https://copticreader.org/app/
2031-03-13,Thursday of the fourth week of Great Lent,Matins,Prophecy,Daniel 6:1-27,Dan 6:1-27,source_supplement,verified recurring context; evidence=sources/coptic-reader/lent-qualified-2026-10-07/2026-03-12/Prophecies.txt; verified_date=2026-03-12; captured_at=2026-10-07T17:26:02.062Z,https://copticreader.org/app/
2031-03-15,Saturday of the fourth week of Great Lent,Liturgy,Psalm,Psalm 61:1  &  Psalm 610:5,"Psalm 61:1,5",source_corrected,"source_corrected_from_katameros_api_2026_06_18; live API returned Ps 61:1,5",https://copticchurch.net/readings?g_year=2031&g_month=03&g_day=15
2031-03-16,Sunday of the fourth week of Great Lent,Matins,Psalm,Psalm 31:24  &  Psalm 31:33,Ps 31:24; Ps 31:23,source_corrected,source_corrected_from_coptic_reader_text_aligned_to_nkjv; evidence=sources/coptic-reader/remaining-2026-09-07/2026-03-15-matins-.txt; verified_date=2026-03-15,https://copticchurch.net/readings?g_year=2031&g_month=03&g_day=16
2031-03-17,Monday of the fifth week of Great Lent,Matins,Prophecy,Proverbs 3:5-18,Prov 3:5-18,source_supplement,verified recurring context; evidence=sources/coptic-reader/lent-qualified-2026-10-07/2026-03-16/Prophecies.txt; verified_date=2026-03-16; captured_at=2026-10-07T17:26:21.295Z,https://copticreader.org/app/
2031-03-17,Monday of the fifth week of Great Lent,Matins,Prophecy,Isaiah 37:33-38:6,Isa 37:33-38:6,source_supplement,verified recurring context; evidence=sources/coptic-reader/lent-qualified-2026-10-07/2026-03-16/Prophecies.txt; verified_date=2026-03-16; captured_at=2026-10-07T17:26:21.295Z,https://copticreader.org/app/
2031-03-17,Monday of the fifth week of Great Lent,Matins,Prophecy,Job 22:1-30,Job 22:1-30,source_supplement,verified recurring context; evidence=sources/coptic-reader/lent-qualified-2026-10-07/2026-03-16/Prophecies.txt; verified_date=2026-03-16; captured_at=2026-10-07T17:26:21.295Z,https://copticreader.org/app/
2031-03-18,Tuesday of the fifth week of Great Lent,Matins,Prophecy,Numbers 10:35-11:35,Num 10:35-11:35,source_supplement,verified recurring context; evidence=sources/coptic-reader/lent-qualified-2026-10-07/2026-03-17/Prophecies.txt; verified_date=2026-03-17; captured_at=2026-10-07T17:26:23.098Z,https://copticreader.org/app/
2031-03-18,Tuesday of the fifth week of Great Lent,Matins,Prophecy,Proverbs 3:19-4:9,Prov 3:19-4:9,source_supplement,verified recurring context; evidence=sources/coptic-reader/lent-qualified-2026-10-07/2026-03-17/Prophecies.txt; verified_date=2026-03-17; captured_at=2026-10-07T17:26:23.098Z,https://copticreader.org/app/
2031-03-18,Tuesday of the fifth week of Great Lent,Matins,Prophecy,Isaiah 40:1-8,Isa 40:1-8,source_supplement,verified recurring context; evidence=sources/coptic-reader/lent-qualified-2026-10-07/2026-03-17/Prophecies.txt; verified_date=2026-03-17; captured_at=2026-10-07T17:26:23.098Z,https://copticreader.org/app/
2031-03-18,Tuesday of the fifth week of Great Lent,Matins,Prophecy,Job 25:1-6,Job 25:1-6,source_supplement,verified recurring context; evidence=sources/coptic-reader/lent-qualified-2026-10-07/2026-03-17/Prophecies.txt; verified_date=2026-03-17; captured_at=2026-10-07T17:26:23.098Z,https://copticreader.org/app/
2031-03-18,Tuesday of the fifth week of Great Lent,Matins,Prophecy,Job 26:1-14,Job 26:1-14,source_supplement,verified recurring context; evidence=sources/coptic-reader/lent-qualified-2026-10-07/2026-03-17/Prophecies.txt; verified_date=2026-03-17; captured_at=2026-10-07T17:26:23.098Z,https://copticreader.org/app/
2031-03-23,Sunday of the fifth week of Great Lent,Matins,Psalm,Psalm 101:1  &  Psalm 101:2  &  Psalm 101:12,Ps 102:1-2; Ps 102:12,source_corrected,source_corrected_from_coptic_reader_text_aligned_to_nkjv; evidence=sources/coptic-reader/remaining-2026-09-07/2026-03-22-matins-.txt; verified_date=2026-03-22,https://copticchurch.net/readings?g_year=2031&g_month=03&g_day=23
2031-04-07,Monday,Eleventh Hour,Prophecy,Isa 50:1-3,Isa 50:1-3,calendar_overlay,UK Midlands Katameros Days p.22 rule 13: Annunciation yields during the non-repeatable Lord-events window,
2031-04-07,Monday,Eleventh Hour,Prophecy,Wis 2:20-30,Wis 2:20-30,calendar_overlay,UK Midlands Katameros Days p.22 rule 13: Annunciation yields during the non-repeatable Lord-events window,
2031-04-07,Monday,Eleventh Hour,Gospel,John 8:51-59,John 8:51-59,calendar_overlay,UK Midlands Katameros Days p.22 rule 13: Annunciation yields during the non-repeatable Lord-events window,
2031-04-07,Monday,Eleventh Hour,Psalm,Ps 13:3-4,Ps 13:3-4,calendar_overlay,UK Midlands Katameros Days p.22 rule 13: Annunciation yields during the non-repeatable Lord-events window,
2031-04-07,Monday,First Hour,Prophecy,Gen 1:1-2:3,Gen 1:1-2:3,calendar_overlay,UK Midlands Katameros Days p.22 rule 13: Annunciation yields during the non-repeatable Lord-events window,
2031-04-07,Monday,First Hour,Prophecy,Isa 5:1-9,Isa 5:1-9,calendar_overlay,UK Midlands Katameros Days p.22 rule 13: Annunciation yields during the non-repeatable Lord-events window,
2031-04-07,Monday,First Hour,Prophecy,Ps 72:1-19,Ps 72:1-19,calendar_overlay,UK Midlands Katameros Days p.22 rule 13: Annunciation yields during the non-repeatable Lord-events window,
2031-04-07,Monday,First Hour,Gospel,Mark 11:12-24,Mark 11:12-24,calendar_overlay,UK Midlands Katameros Days p.22 rule 13: Annunciation yields during the non-repeatable Lord-events window,
2031-04-07,Monday,First Hour,Psalm,Ps 72:18-19,Ps 72:18-19,calendar_overlay,UK Midlands Katameros Days p.22 rule 13: Annunciation yields during the non-repeatable Lord-events window,
2031-04-07,Monday,Ninth Hour,Prophecy,Gen 2:15-3:24,Gen 2:15-3:24,calendar_overlay,UK Midlands Katameros Days p.22 rule 13: Annunciation yields during the non-repeatable Lord-events window,
2031-04-07,Monday,Ninth Hour,Prophecy,Isa 40:1-5,Isa 40:1-5,calendar_overlay,UK Midlands Katameros Days p.22 rule 13: Annunciation yields during the non-repeatable Lord-events window,
2031-04-07,Monday,Ninth Hour,Prophecy,Prov 1:1-9,Prov 1:1-9,calendar_overlay,UK Midlands Katameros Days p.22 rule 13: Annunciation yields during the non-repeatable Lord-events window,
2031-04-07,Monday,Ninth Hour,Gospel,Matt 21:23-27,Matt 21:23-27,calendar_overlay,UK Midlands Katameros Days p.22 rule 13: Annunciation yields during the non-repeatable Lord-events window,
2031-04-07,Monday,Ninth Hour,Psalm,"Ps 65:5,4","Ps 65:5,4",calendar_overlay,UK Midlands Katameros Days p.22 rule 13: Annunciation yields during the non-repeatable Lord-events window,
2031-04-07,Monday,Sixth Hour,Prophecy,Exod 32:7-15,Exod 32:7-15,calendar_overlay,UK Midlands Katameros Days p.22 rule 13: Annunciation yields during the non-repeatable Lord-events window,
2031-04-07,Monday,Sixth Hour,Prophecy,Wis 1:1-9,Wis 1:1-9,calendar_overlay,UK Midlands Katameros Days p.22 rule 13: Annunciation yields during the non-repeatable Lord-events window,
2031-04-07,Monday,Sixth Hour,Gospel,John 2:13-17,John 2:13-17,calendar_overlay,UK Midlands Katameros Days p.22 rule 13: Annunciation yields during the non-repeatable Lord-events window,
2031-04-07,Monday,Sixth Hour,Psalm,Ps 122:4,Ps 122:4,calendar_overlay,UK Midlands Katameros Days p.22 rule 13: Annunciation yields during the non-repeatable Lord-events window,
2031-04-07,Monday,Third Hour,Prophecy,Isa 5:20-30,Isa 5:20-30,calendar_overlay,UK Midlands Katameros Days p.22 rule 13: Annunciation yields during the non-repeatable Lord-events window,
2031-04-07,Monday,Third Hour,Prophecy,Jer 9:12-19,Jer 9:12-19,calendar_overlay,UK Midlands Katameros Days p.22 rule 13: Annunciation yields during the non-repeatable Lord-events window,
2031-04-07,Monday,Third Hour,Gospel,Mark 11:11-19,Mark 11:11-19,calendar_overlay,UK Midlands Katameros Days p.22 rule 13: Annunciation yields during the non-repeatable Lord-events window,
2031-04-07,Monday,Third Hour,Psalm,Ps 122:1-2,Ps 122:1-2,calendar_overlay,UK Midlands Katameros Days p.22 rule 13: Annunciation yields during the non-repeatable Lord-events window,
2031-04-07,Monday Eve,Eleventh Hour,Prophecy,Amos 5:6-14,Amos 5:6-14,calendar_overlay,UK Midlands Katameros Days p.22 rule 13: Annunciation yields during the non-repeatable Lord-events window,
2031-04-07,Monday Eve,Eleventh Hour,Gospel,Mark 13:32-37,Mark 13:32-37,calendar_overlay,UK Midlands Katameros Days p.22 rule 13: Annunciation yields during the non-repeatable Lord-events window,
2031-04-07,Monday Eve,Eleventh Hour,Gospel,Mark 14:1-2,Mark 14:1-2,calendar_overlay,UK Midlands Katameros Days p.22 rule 13: Annunciation yields during the non-repeatable Lord-events window,
2031-04-07,Monday Eve,Eleventh Hour,Psalm,Ps 122:4,Ps 122:4,calendar_overlay,UK Midlands Katameros Days p.22 rule 13: Annunciation yields during the non-repeatable Lord-events window,
2031-04-07,Monday Eve,First Hour,Prophecy,Zech 1:1-6,Zech 1:1-6,calendar_overlay,UK Midlands Katameros Days p.22 rule 13: Annunciation yields during the non-repeatable Lord-events window,
2031-04-07,Monday Eve,First Hour,Gospel,Luke 13:23-30,Luke 13:23-30,calendar_overlay,UK Midlands Katameros Days p.22 rule 13: Annunciation yields during the non-repeatable Lord-events window,
2031-04-07,Monday Eve,First Hour,Psalm,"Ps 62:7,6","Ps 62:7,6",calendar_overlay,UK Midlands Katameros Days p.22 rule 13: Annunciation yields during the non-repeatable Lord-events window,
2031-04-07,Monday Eve,Ninth Hour,Prophecy,Hos 10:12-15,Hos 10:12-15,calendar_overlay,UK Midlands Katameros Days p.22 rule 13: Annunciation yields during the non-repeatable Lord-events window,
2031-04-07,Monday Eve,Ninth Hour,Prophecy,Hos 11:1-2,Hos 11:1-2,calendar_overlay,UK Midlands Katameros Days p.22 rule 13: Annunciation yields during the non-repeatable Lord-events window,
2031-04-07,Monday Eve,Ninth Hour,Gospel,Luke 11:37-52,Luke 11:37-52,calendar_overlay,UK Midlands Katameros Days p.22 rule 13: Annunciation yields during the non-repeatable Lord-events window,
2031-04-07,Monday Eve,Ninth Hour,Psalm,"Ps 33:10,11","Ps 33:10,11",calendar_overlay,UK Midlands Katameros Days p.22 rule 13: Annunciation yields during the non-repeatable Lord-events window,
2031-04-07,Monday Eve,Sixth Hour,Prophecy,Hos 4:15-19,Hos 4:15-19,calendar_overlay,UK Midlands Katameros Days p.22 rule 13: Annunciation yields during the non-repeatable Lord-events window,
2031-04-07,Monday Eve,Sixth Hour,Prophecy,Hos 5:1-7,Hos 5:1-7,calendar_overlay,UK Midlands Katameros Days p.22 rule 13: Annunciation yields during the non-repeatable Lord-events window,
2031-04-07,Monday Eve,Sixth Hour,Gospel,Mark 10:32-34,Mark 10:32-34,calendar_overlay,UK Midlands Katameros Days p.22 rule 13: Annunciation yields during the non-repeatable Lord-events window,
2031-04-07,Monday Eve,Sixth Hour,Psalm,Ps 29:1-2,Ps 29:1-2,calendar_overlay,UK Midlands Katameros Days p.22 rule 13: Annunciation yields during the non-repeatable Lord-events window,
2031-04-07,Monday Eve,Third Hour,Prophecy,Mal 1:1-9,Mal 1:1-9,calendar_overlay,UK Midlands Katameros Days p.22 rule 13: Annunciation yields during the non-repeatable Lord-events window,
2031-04-07,Monday Eve,Third Hour,Gospel,Luke 13:31-35,Luke 13:31-35,calendar_overlay,UK Midlands Katameros Days p.22 rule 13: Annunciation yields during the non-repeatable Lord-events window,
2031-04-07,Monday Eve,Third Hour,Psalm,"Ps 13:3,5","Ps 13:3,5",calendar_overlay,UK Midlands Katameros Days p.22 rule 13: Annunciation yields during the non-repeatable Lord-events window,
2031-07-11,Abib 4,Vespers,Psalm,Psalm 68:65  &  Psalm 68:3,Ps 68:35; Ps 68:3,source_corrected,source_corrected_from_coptic_reader_text_aligned_to_nkjv; evidence=sources/coptic-reader/remaining-2026-09-07/2023-07-11-vespers-.txt; verified_date=2023-07-11,https://copticchurch.net/readings?g_year=2031&g_month=07&g_day=11
2031-07-14,Abib 7,Liturgy,Gospel,Matt 9:33 - 41,Mark 9:33-41,source_corrected,source_corrected_from_coptic_reader_web_app_3.7; evidence=sources/coptic-reader/coptic-reader-live-2026-09-07/2023-07-14-gospel.txt; verified_date=2023-07-14,https://copticchurch.net/readings?g_year=2031&g_month=07&g_day=14
2031-07-19,Abib 12,Vespers,Psalm,Psalm 68:65  &  Psalm 68:3,Ps 68:35; Ps 68:3,source_corrected,source_corrected_from_coptic_reader_text_aligned_to_nkjv; evidence=sources/coptic-reader/remaining-2026-09-07/2023-07-19-vespers-.txt; verified_date=2023-07-19,https://copticchurch.net/readings?g_year=2031&g_month=07&g_day=19
2031-07-28,Abib 21,Matins,Gospel,Mk 19:9-13,Mark 13:9-13,source_corrected,source_corrected_from_katameros_api_2026_06_18; live API returned Mark 13:9-13,https://copticchurch.net/readings?g_year=2031&g_month=07&g_day=28
2031-07-31,Abib 24,Vespers,Psalm,Psalm 68:65  &  Psalm 68:3,Ps 68:35; Ps 68:3,source_corrected,source_corrected_from_coptic_reader_text_aligned_to_nkjv; evidence=sources/coptic-reader/remaining-2026-09-07/2023-07-31-vespers-.txt; verified_date=2023-07-31,https://copticchurch.net/readings?g_year=2031&g_month=07&g_day=31
2031-08-07,St Mary's Fast,Vespers,Psalm,Psalm 68:65  &  Psalm 68:3,Ps 68:35; Ps 68:3,source_corrected,source_corrected_from_coptic_reader_text_aligned_to_nkjv; evidence=sources/coptic-reader/remaining-2026-09-07/2023-08-07-vespers-.txt; verified_date=2023-08-07,https://copticchurch.net/readings?g_year=2031&g_month=08&g_day=07
2031-08-11,Mesra 5,Liturgy,Gospel,Matt 3:23—  &  Matt 5:1-16,Matt 4:23-5:16,source_corrected,source_corrected_from_coptic_reader_web_app_3.7; evidence=sources/coptic-reader/remaining-2026-09-07/2023-08-11-liturgy-psalm-and-gospel.txt; verified_date=2023-08-11,https://copticchurch.net/readings?g_year=2031&g_month=08&g_day=11
2031-08-13,Mesra 7,Vespers,Gospel,Mk 14:-39,Mk 14:39,repaired,repaired_negative_verse_marker,https://copticchurch.net/readings?g_year=2031&g_month=08&g_day=13
2031-08-15,Mesra 9,Vespers,Psalm,Psalm 68:65  &  Psalm 68:3,Ps 68:35; Ps 68:3,source_corrected,source_corrected_from_coptic_reader_text_aligned_to_nkjv; evidence=sources/coptic-reader/remaining-2026-09-07/2023-08-15-vespers-.txt; verified_date=2023-08-15,https://copticchurch.net/readings?g_year=2031&g_month=08&g_day=15
2031-08-22,Mesra 16 (St Mary's Feast),Vespers,Gospel,Lk 10:38-52,Lk 10:38-42,source_corrected,source_corrected_from_coptic_reader_web_app_3.7; evidence=sources/coptic-reader/remaining-2026-09-07/2023-08-22-vespers-.txt; verified_date=2023-08-22,https://copticchurch.net/readings?g_year=2031&g_month=08&g_day=22
2031-08-25,Mesra 19,Liturgy,Catholic Epistle,Jm 1:1-12,James 1:12-21,source_corrected,source_corrected_from_george_user-supplied_correction; evidence=sources/user-corrections/mesra-19-james.json,https://copticchurch.net/readings?g_year=2031&g_month=08&g_day=25
2031-08-29,Mesra 23,Liturgy,Pauline Epistle,Rom 8:28:39,Rom 8:28-39,source_corrected,source_corrected_from_katameros_api_2026_06_18; live API returned Rom 8:28-39,https://copticchurch.net/readings?g_year=2031&g_month=08&g_day=29
2031-09-01,Mesra 26,Liturgy,Pauline Epistle,Rom 7:14-27,Rom 8:14-27,source_corrected,source_corrected_from_coptic_reader_web_app_3.7; evidence=sources/coptic-reader/remaining-2026-09-07/2023-09-01-liturgy-pauline-epistle.txt; verified_date=2023-09-01,https://copticchurch.net/readings?g_year=2031&g_month=09&g_day=01
2031-09-02,Mesra 27,Liturgy,Pauline Epistle,Rom 8:28:39,Rom 8:28-39,source_corrected,source_corrected_from_katameros_api_2026_06_18; live API returned Rom 8:28-39,https://copticchurch.net/readings?g_year=2031&g_month=09&g_day=02
2031-09-04,Mesra 29,Liturgy,Acts of the Apostles,Acts 5:34:42,Acts 5:34-42,source_corrected,source_corrected_from_katameros_api_2026_06_18; live API returned Acts 5:34-42,https://copticchurch.net/readings?g_year=2031&g_month=09&g_day=04
2031-09-09,Nasie 4,Vespers,Psalm,Psalm 68:65  &  Psalm 68:3,Ps 68:35; Ps 68:3,source_corrected,source_corrected_from_coptic_reader_text_aligned_to_nkjv; evidence=sources/coptic-reader/remaining-2026-09-07/2023-09-09-vespers-.txt; verified_date=2023-09-09,https://copticchurch.net/readings?g_year=2031&g_month=09&g_day=09
2031-09-14,The first Sunday of Tout,Liturgy,Pauline Epistle,1Tim 1:12-27,1Tim 1:12-19,source_corrected,source_corrected_from_coptic_reader_web_app_3.7; evidence=sources/coptic-reader/coptic-reader-live-2026-09-07/2023-09-17-pauline.txt; verified_date=2023-09-17,https://copticchurch.net/readings?g_year=2031&g_month=09&g_day=14
2031-09-14,The first Sunday of Tout,Liturgy,Psalm,Psalm 31:26  &  Psalm 31:19,Ps 31:23; Ps 31:19,source_corrected,source_corrected_from_coptic_reader_text_aligned_to_nkjv; evidence=sources/coptic-reader/remaining-2026-09-07/2023-09-17-liturgy-psalm-and-gospel.txt; verified_date=2023-09-17,https://copticchurch.net/readings?g_year=2031&g_month=09&g_day=14
2031-10-02,Tout 21,Liturgy,Catholic Epistle,Jn 2:7-11,1Jn 2:7-11,source_corrected,source_corrected; verified 1 John 2:7-11 at https://api.katameros.app/readings/gregorian/01-10-2026?languageId=2,https://copticchurch.net/readings?g_year=2031&g_month=10&g_day=02
2031-10-04,Tout 23,Liturgy,Catholic Epistle,Jn 2:7-11,1Jn 2:7-11,source_corrected,source_corrected; verified 1 John 2:7-11 at https://api.katameros.app/readings/gregorian/01-10-2026?languageId=2,https://copticchurch.net/readings?g_year=2031&g_month=10&g_day=04
2031-12-13,Kiak 3,Vespers,Gospel,Lk 10:38-52,Lk 10:38-42,source_corrected,source_corrected_from_coptic_reader_web_app_3.7; evidence=sources/coptic-reader/remaining-2026-09-07/2022-12-12-vespers-.txt; verified_date=2022-12-12,https://copticchurch.net/readings?g_year=2031&g_month=12&g_day=13
2032-01-04,The fourth Sunday of Kiak,Liturgy,Catholic Epistle,1Jn 2:24-33,1Jn 2:24-3:3,source_corrected,source_corrected_from_coptic_reader_web_app_3.7; evidence=sources/coptic-reader/remaining-2026-09-07/2026-01-04-liturgy-catholic-epistle.txt; verified_date=2026-01-04,https://copticchurch.net/readings?g_year=2032&g_month=01&g_day=04
2032-01-04,The fourth Sunday of Kiak,Matins,Psalm,Psalm 95:10-12,Ps 96:11-13,source_corrected,source_corrected_from_coptic_reader_text_aligned_to_nkjv; evidence=sources/coptic-reader/remaining-2026-09-07/2026-01-04-matins-.txt; verified_date=2026-01-04,https://copticchurch.net/readings?g_year=2032&g_month=01&g_day=04
2032-01-30,Toba 21,Vespers,Gospel,Lk 10:38-52,Lk 10:38-42,source_corrected,source_corrected_from_coptic_reader_web_app_3.7; evidence=sources/coptic-reader/remaining-2026-09-07/2024-01-30-vespers-.txt; verified_date=2024-01-30,https://copticchurch.net/readings?g_year=2032&g_month=01&g_day=30
2032-02-08,First Sunday of Meshir,Vespers,Psalm,"19.82:8,6","Ps 82:8,6",sunday_policy_overlay,Source-qualified Sunday selection SundayReadings:21; numeric_coptic=5/30; verified_date=context-only/publisher-policy; Psalm MT/LXX verse alignment HELD; existing numeric source coordinates retained,https://copticreader.org/app/
2032-02-08,First Sunday of Meshir,Vespers,Gospel,43.6:15-21,Jn 6:15-21,sunday_policy_overlay,Source-qualified Sunday selection SundayReadings:21; numeric_coptic=5/30; verified_date=context-only/publisher-policy; ,https://copticreader.org/app/
2032-02-08,First Sunday of Meshir,Matins,Psalm,"19.119:105,73","Ps 119:105,73",sunday_policy_overlay,Source-qualified Sunday selection SundayReadings:21; numeric_coptic=5/30; verified_date=context-only/publisher-policy; Psalm MT/LXX verse alignment HELD; existing numeric source coordinates retained,https://copticreader.org/app/
2032-02-08,First Sunday of Meshir,Matins,Gospel,43.8:51-59,Jn 8:51-59,sunday_policy_overlay,Source-qualified Sunday selection SundayReadings:21; numeric_coptic=5/30; verified_date=context-only/publisher-policy; ,https://copticreader.org/app/
2032-02-08,First Sunday of Meshir,Liturgy,Pauline Epistle,46.5:11-13*@+46.6:1-11,1Cor 5:11-13; 1Cor 6:1-11,sunday_policy_overlay,Source-qualified Sunday selection SundayReadings:21; numeric_coptic=5/30; verified_date=context-only/publisher-policy; ,https://copticreader.org/app/
2032-02-08,First Sunday of Meshir,Liturgy,Catholic Epistle,61.3:14-18,2Pet 3:14-18,sunday_policy_overlay,Source-qualified Sunday selection SundayReadings:21; numeric_coptic=5/30; verified_date=context-only/publisher-policy; ,https://copticreader.org/app/
2032-02-08,First Sunday of Meshir,Liturgy,Acts of the Apostles,44.9:3-9,Acts 9:3-9,sunday_policy_overlay,Source-qualified Sunday selection SundayReadings:21; numeric_coptic=5/30; verified_date=context-only/publisher-policy; ,https://copticreader.org/app/
2032-02-08,First Sunday of Meshir,Liturgy,Psalm,"19.96:6,4","Ps 96:6,4",sunday_policy_overlay,Source-qualified Sunday selection SundayReadings:21; numeric_coptic=5/30; verified_date=context-only/publisher-policy; Psalm MT/LXX verse alignment HELD; existing numeric source coordinates retained,https://copticreader.org/app/
2032-02-08,First Sunday of Meshir,Liturgy,Gospel,43.6:22-27,Jn 6:22-27,sunday_policy_overlay,Source-qualified Sunday selection SundayReadings:21; numeric_coptic=5/30; verified_date=context-only/publisher-policy; ,https://copticreader.org/app/
2032-02-10,Amshir 2,Liturgy,Gospel,Matt 9:33 - 41,Mark 9:33-41,source_corrected,source_corrected_from_coptic_reader_web_app_3.7; evidence=sources/coptic-reader/coptic-reader-live-2026-09-07/2024-02-10-gospel.txt; verified_date=2024-02-10,https://copticchurch.net/readings?g_year=2032&g_month=02&g_day=10
2032-02-15,Second Sunday of Meshir,Vespers,Psalm,19.15:1-2,Ps 15:1-2,sunday_policy_overlay,Source-qualified Sunday selection SundayReadings:22; numeric_coptic=6/7; verified_date=context-only/publisher-policy; Psalm MT/LXX verse alignment HELD; existing numeric source coordinates retained,https://copticreader.org/app/
2032-02-15,Second Sunday of Meshir,Vespers,Gospel,43.4:46-53,Jn 4:46-53,sunday_policy_overlay,Source-qualified Sunday selection SundayReadings:22; numeric_coptic=6/7; verified_date=context-only/publisher-policy; ,https://copticreader.org/app/
2032-02-15,Second Sunday of Meshir,Matins,Psalm,19.24:3-4,Ps 24:3-4,sunday_policy_overlay,Source-qualified Sunday selection SundayReadings:22; numeric_coptic=6/7; verified_date=context-only/publisher-policy; Psalm MT/LXX verse alignment HELD; existing numeric source coordinates retained,https://copticreader.org/app/
2032-02-15,Second Sunday of Meshir,Matins,Gospel,43.3:17-21,Jn 3:17-21,sunday_policy_overlay,Source-qualified Sunday selection SundayReadings:22; numeric_coptic=6/7; verified_date=context-only/publisher-policy; ,https://copticreader.org/app/
2032-02-15,Second Sunday of Meshir,Liturgy,Pauline Epistle,58.7:1-17,Heb 7:1-17,sunday_policy_overlay,Source-qualified Sunday selection SundayReadings:22; numeric_coptic=6/7; verified_date=context-only/publisher-policy; ,https://copticreader.org/app/
2032-02-15,Second Sunday of Meshir,Liturgy,Catholic Epistle,63.1:1-13,2Jn 1:1-13,sunday_policy_overlay,Source-qualified Sunday selection SundayReadings:22; numeric_coptic=6/7; verified_date=context-only/publisher-policy; ,https://copticreader.org/app/
2032-02-15,Second Sunday of Meshir,Liturgy,Acts of the Apostles,44.18:9-21,Acts 18:9-21,sunday_policy_overlay,Source-qualified Sunday selection SundayReadings:22; numeric_coptic=6/7; verified_date=context-only/publisher-policy; ,https://copticreader.org/app/
2032-02-15,Second Sunday of Meshir,Liturgy,Psalm,19.96:7-8,Ps 96:7-8,sunday_policy_overlay,Source-qualified Sunday selection SundayReadings:22; numeric_coptic=6/7; verified_date=context-only/publisher-policy; Psalm MT/LXX verse alignment HELD; existing numeric source coordinates retained,https://copticreader.org/app/
2032-02-15,Second Sunday of Meshir,Liturgy,Gospel,43.6:5-14,Jn 6:5-14,sunday_policy_overlay,Source-qualified Sunday selection SundayReadings:22; numeric_coptic=6/7; verified_date=context-only/publisher-policy; ,https://copticreader.org/app/
2032-02-22,Third Sunday of Meshir,Vespers,Psalm,"19.17:15,3","Ps 17:15,3",sunday_policy_overlay,Source-qualified Sunday selection SundayReadings:23; numeric_coptic=6/14; verified_date=2027-02-21; Psalm MT/LXX verse alignment HELD; existing numeric source coordinates retained,https://copticreader.org/app/
2032-02-22,Third Sunday of Meshir,Vespers,Gospel,John 5:39-47,Jn 5:39-47,sunday_policy_overlay,Source-qualified Sunday selection SundayReadings:23; numeric_coptic=6/14; verified_date=2027-02-21; ,https://copticreader.org/app/
2032-02-22,Third Sunday of Meshir,Matins,Psalm,"19.89:52,49","Ps 89:52,49",sunday_policy_overlay,Source-qualified Sunday selection SundayReadings:23; numeric_coptic=6/14; verified_date=2027-02-21; Psalm MT/LXX verse alignment HELD; existing numeric source coordinates retained,https://copticreader.org/app/
2032-02-22,Third Sunday of Meshir,Matins,Gospel,John 12:44-50,Jn 12:44-50,sunday_policy_overlay,Source-qualified Sunday selection SundayReadings:23; numeric_coptic=6/14; verified_date=2027-02-21; ,https://copticreader.org/app/
2032-02-22,Third Sunday of Meshir,Liturgy,Pauline Epistle,Hebrews 3:1-4:2,Heb 3:1-4:2,sunday_policy_overlay,Source-qualified Sunday selection SundayReadings:23; numeric_coptic=6/14; verified_date=2027-02-21; ,https://copticreader.org/app/
2032-02-22,Third Sunday of Meshir,Liturgy,Catholic Epistle,Jude 1:14-25,Jude 1:14-25,sunday_policy_overlay,Source-qualified Sunday selection SundayReadings:23; numeric_coptic=6/14; verified_date=2027-02-21; ,https://copticreader.org/app/
2032-02-22,Third Sunday of Meshir,Liturgy,Acts of the Apostles,Acts 20:7-16,Acts 20:7-16,sunday_policy_overlay,Source-qualified Sunday selection SundayReadings:23; numeric_coptic=6/14; verified_date=2027-02-21; ,https://copticreader.org/app/
2032-02-22,Third Sunday of Meshir,Liturgy,Psalm,"19.89:1,6","Ps 89:1,6",sunday_policy_overlay,Source-qualified Sunday selection SundayReadings:23; numeric_coptic=6/14; verified_date=2027-02-21; Psalm MT/LXX verse alignment HELD; existing numeric source coordinates retained,https://copticreader.org/app/
2032-02-22,Third Sunday of Meshir,Liturgy,Gospel,John 6:27-46,Jn 6:27-46,sunday_policy_overlay,Source-qualified Sunday selection SundayReadings:23; numeric_coptic=6/14; verified_date=2027-02-21; ,https://copticreader.org/app/
2032-02-29,Fourth Sunday of Meshir,Vespers,Psalm,19.92:4-5,Ps 92:4-5,sunday_policy_overlay,Source-qualified Sunday selection SundayReadings:24; numeric_coptic=6/21; verified_date=2027-02-28; Psalm MT/LXX verse alignment HELD; existing numeric source coordinates retained,https://copticreader.org/app/
2032-02-29,Fourth Sunday of Meshir,Vespers,Gospel,Luke 17:1-10,Lk 17:1-10,sunday_policy_overlay,Source-qualified Sunday selection SundayReadings:24; numeric_coptic=6/21; verified_date=2027-02-28; ,https://copticreader.org/app/
2032-02-29,Fourth Sunday of Meshir,Matins,Psalm,"19.89:11,1","Ps 89:11,1",sunday_policy_overlay,Source-qualified Sunday selection SundayReadings:24; numeric_coptic=6/21; verified_date=2027-02-28; Psalm MT/LXX verse alignment HELD; existing numeric source coordinates retained,https://copticreader.org/app/
2032-02-29,Fourth Sunday of Meshir,Matins,Gospel,Luke 17:11-19,Lk 17:11-19,sunday_policy_overlay,Source-qualified Sunday selection SundayReadings:24; numeric_coptic=6/21; verified_date=2027-02-28; ,https://copticreader.org/app/
2032-02-29,Fourth Sunday of Meshir,Liturgy,Pauline Epistle,1 Corinthians 1:1-16,1Cor 1:1-16,sunday_policy_overlay,Source-qualified Sunday selection SundayReadings:24; numeric_coptic=6/21; verified_date=2027-02-28; ,https://copticreader.org/app/
2032-02-29,Fourth Sunday of Meshir,Liturgy,Catholic Epistle,James 1:13-21,James 1:13-21,sunday_policy_overlay,Source-qualified Sunday selection SundayReadings:24; numeric_coptic=6/21; verified_date=2027-02-28; ,https://copticreader.org/app/
2032-02-29,Fourth Sunday of Meshir,Liturgy,Acts of the Apostles,Acts 8:5-13,Acts 8:5-13,sunday_policy_overlay,Source-qualified Sunday selection SundayReadings:24; numeric_coptic=6/21; verified_date=2027-02-28; ,https://copticreader.org/app/
2032-02-29,Fourth Sunday of Meshir,Liturgy,Psalm,19.24:1-2,Ps 24:1-2,sunday_policy_overlay,Source-qualified Sunday selection SundayReadings:24; numeric_coptic=6/21; verified_date=2027-02-28; Psalm MT/LXX verse alignment HELD; existing numeric source coordinates retained,https://copticreader.org/app/
2032-02-29,Fourth Sunday of Meshir,Liturgy,Gospel,Luke 19:1-10,Lk 19:1-10,sunday_policy_overlay,Source-qualified Sunday selection SundayReadings:24; numeric_coptic=6/21; verified_date=2027-02-28; ,https://copticreader.org/app/
2032-03-10,Wednesday of the first week of Great Lent,Liturgy,Psalm,Psalm 24:20  &  Psalm 24:16,Ps 25:20; Ps 25:16,source_corrected,source_corrected_from_coptic_reader_text_aligned_to_nkjv; evidence=sources/coptic-reader/remaining-2026-09-07/2026-02-18-liturgy-psalm-and-gospel.txt; verified_date=2026-02-18,https://copticchurch.net/readings?g_year=2032&g_month=03&g_day=10
2032-03-11,Thursday of the first week of Great Lent,Liturgy,Psalm,Psalm 117:14  &  Psalm 117:18,Ps 118:14; Ps 118:18,source_corrected,source_corrected_from_coptic_reader_text_aligned_to_nkjv; evidence=sources/coptic-reader/remaining-2026-09-07/2026-02-19-liturgy-psalm-and-gospel.txt; verified_date=2026-02-19,https://copticchurch.net/readings?g_year=2032&g_month=03&g_day=11
2032-03-15,Monday of the second week of Great Lent,Matins,Prophecy,Exodus 3:6-14,Exod 3:6-14,source_supplement,verified recurring context; evidence=sources/coptic-reader/lent-qualified-2026-10-07/2026-02-23/Prophecies.txt; verified_date=2026-02-23; captured_at=2026-10-07T17:14:31.612Z,https://copticreader.org/app/
2032-03-15,Monday of the second week of Great Lent,Matins,Prophecy,Isaiah 4:2-5:7,Isa 4:2-5:7,source_supplement,verified recurring context; evidence=sources/coptic-reader/lent-qualified-2026-10-07/2026-02-23/Prophecies.txt; verified_date=2026-02-23; captured_at=2026-10-07T17:14:31.612Z,https://copticreader.org/app/
2032-03-16,Tuesday of the second week of Great Lent,Matins,Prophecy,Job 19:1-27,Job 19:1-27,source_supplement,verified recurring context; evidence=sources/coptic-reader/lent-qualified-2026-10-07/2026-02-24/Prophecies.txt; verified_date=2026-02-24; captured_at=2026-10-07T17:15:23.623Z,https://copticreader.org/app/
2032-03-16,Tuesday of the second week of Great Lent,Matins,Prophecy,Isaiah 5:7-16,Isa 5:7-16,source_supplement,verified recurring context; evidence=sources/coptic-reader/lent-qualified-2026-10-07/2026-02-24/Prophecies.txt; verified_date=2026-02-24; captured_at=2026-10-07T17:15:23.623Z,https://copticreader.org/app/
2032-03-17,Wednesday of the second week of Great Lent,Matins,Prophecy,Exodus 2:11-20,Exod 2:11-20,source_supplement,verified recurring context; evidence=sources/coptic-reader/lent-qualified-2026-10-07/2026-02-25/Prophecies.txt; verified_date=2026-02-25; captured_at=2026-10-07T17:15:58.396Z,https://copticreader.org/app/
2032-03-17,Wednesday of the second week of Great Lent,Matins,Prophecy,Isaiah 5:17-25,Isa 5:17-25,source_supplement,verified recurring context; evidence=sources/coptic-reader/lent-qualified-2026-10-07/2026-02-25/Prophecies.txt; verified_date=2026-02-25; captured_at=2026-10-07T17:15:58.396Z,https://copticreader.org/app/
2032-03-18,Thursday of the second week of Great Lent,Matins,Prophecy,Deuteronomy 5:15-22,Deut 5:15-22,source_supplement,verified recurring context; evidence=sources/coptic-reader/lent-qualified-2026-10-07/2026-02-26/Prophecies.txt; verified_date=2026-02-26; captured_at=2026-10-07T17:16:36.181Z,https://copticreader.org/app/
2032-03-18,Thursday of the second week of Great Lent,Matins,Prophecy,Isaiah 6:1-12,Isa 6:1-12,source_supplement,verified recurring context; evidence=sources/coptic-reader/lent-qualified-2026-10-07/2026-02-26/Prophecies.txt; verified_date=2026-02-26; captured_at=2026-10-07T17:16:36.181Z,https://copticreader.org/app/
2032-03-22,Monday of the third week of Great Lent,Matins,Prophecy,Proverbs 1:20-33,Prov 1:20-33,source_supplement,verified recurring context; evidence=sources/coptic-reader/lent-qualified-2026-10-07/2026-03-02/Prophecies.txt; verified_date=2026-03-02; captured_at=2026-10-07T17:17:19.039Z,https://copticreader.org/app/
2032-03-22,Monday of the third week of Great Lent,Matins,Prophecy,Isaiah 8:13-9:7,Isa 8:13-9:7,source_supplement,verified recurring context; evidence=sources/coptic-reader/lent-qualified-2026-10-07/2026-03-02/Prophecies.txt; verified_date=2026-03-02; captured_at=2026-10-07T17:17:19.039Z,https://copticreader.org/app/
2032-03-23,Tuesday of the third week of Great Lent,Matins,Prophecy,Proverbs 2:1-15,Prov 2:1-15,source_supplement,verified recurring context; evidence=sources/coptic-reader/lent-qualified-2026-10-07/2026-03-03/Prophecies.txt; verified_date=2026-03-03; captured_at=2026-10-07T17:17:34.270Z,https://copticreader.org/app/
2032-03-23,Tuesday of the third week of Great Lent,Matins,Prophecy,Isaiah 10:12-20,Isa 10:12-20,source_supplement,verified recurring context; evidence=sources/coptic-reader/lent-qualified-2026-10-07/2026-03-03/Prophecies.txt; verified_date=2026-03-03; captured_at=2026-10-07T17:17:34.270Z,https://copticreader.org/app/
2032-03-24,Wednesday of the third week of Great Lent,Matins,Prophecy,Exodus 4:19-6:13,Exod 4:19-6:13,source_supplement,verified recurring context; evidence=sources/coptic-reader/lent-week3-wednesday-2026-10-07/coptic-reader-2026-03-04-matins-prophecies.txt; verified_date=2026-03-04; captured_at=2026-10-07,https://copticreader.org/app/
2032-03-24,Wednesday of the third week of Great Lent,Matins,Prophecy,Joel 2:21-27,Joel 2:21-27,source_supplement,verified recurring context; evidence=sources/coptic-reader/lent-week3-wednesday-2026-10-07/coptic-reader-2026-03-04-matins-prophecies.txt; verified_date=2026-03-04; captured_at=2026-10-07,https://copticreader.org/app/
2032-03-24,Wednesday of the third week of Great Lent,Matins,Prophecy,Isaiah 9:9-10:4,Isa 9:9-10:4,source_supplement,verified recurring context; evidence=sources/coptic-reader/lent-week3-wednesday-2026-10-07/coptic-reader-2026-03-04-matins-prophecies.txt; verified_date=2026-03-04; captured_at=2026-10-07,https://copticreader.org/app/
2032-03-24,Wednesday of the third week of Great Lent,Matins,Prophecy,Job 12:1-14:22,Job 12:1-14:22,source_supplement,verified recurring context; evidence=sources/coptic-reader/lent-week3-wednesday-2026-10-07/coptic-reader-2026-03-04-matins-prophecies.txt; verified_date=2026-03-04; captured_at=2026-10-07,https://copticreader.org/app/
2032-03-25,Thursday of the third week of Great Lent,Matins,Prophecy,Genesis 18:17-19:29,Gen 18:17-19:29,source_supplement,verified recurring context; evidence=sources/coptic-reader/lent-qualified-2026-10-07/2026-03-05/Prophecies.txt; verified_date=2026-03-05; captured_at=2026-10-07T17:17:49.562Z,https://copticreader.org/app/
2032-03-25,Thursday of the third week of Great Lent,Matins,Prophecy,Proverbs 2:16-3:4,Prov 2:16-3:4,source_supplement,verified recurring context; evidence=sources/coptic-reader/lent-qualified-2026-10-07/2026-03-05/Prophecies.txt; verified_date=2026-03-05; captured_at=2026-10-07T17:17:49.562Z,https://copticreader.org/app/
2032-03-25,Thursday of the third week of Great Lent,Matins,Prophecy,Isaiah 11:10-12:2,Isa 11:10-12:2,source_supplement,verified recurring context; evidence=sources/coptic-reader/lent-qualified-2026-10-07/2026-03-05/Prophecies.txt; verified_date=2026-03-05; captured_at=2026-10-07T17:17:49.562Z,https://copticreader.org/app/
2032-03-29,Monday of the fourth week of Great Lent,Matins,Prophecy,Genesis 27:1-41,Gen 27:1-41,source_supplement,verified recurring context; evidence=sources/coptic-reader/lent-qualified-2026-10-07/2026-03-09/Prophecies.txt; verified_date=2026-03-09; captured_at=2026-10-07T17:24:38.921Z,https://copticreader.org/app/
2032-03-29,Monday of the fourth week of Great Lent,Matins,Prophecy,Isaiah 14:24-32,Isa 14:24-32,source_supplement,verified recurring context; evidence=sources/coptic-reader/lent-qualified-2026-10-07/2026-03-09/Prophecies.txt; verified_date=2026-03-09; captured_at=2026-10-07T17:24:38.921Z,https://copticreader.org/app/
2032-03-29,Monday of the fourth week of Great Lent,Matins,Prophecy,Job 16:1-17:16,Job 16:1-17:16,source_supplement,verified recurring context; evidence=sources/coptic-reader/lent-qualified-2026-10-07/2026-03-09/Prophecies.txt; verified_date=2026-03-09; captured_at=2026-10-07T17:24:38.921Z,https://copticreader.org/app/
2032-03-31,Wednesday of the fourth week of Great Lent,Liturgy,Pauline Epistle,Ephesians 4:17-33,Eph 4:17-32,source_corrected,source_corrected_from_coptic_reader_web_app_3.7; evidence=sources/coptic-reader/remaining-2026-09-07/2026-03-11-liturgy-pauline-epistle.txt; verified_date=2026-03-11,https://copticchurch.net/readings?g_year=2032&g_month=03&g_day=31
2032-03-31,Wednesday of the fourth week of Great Lent,Matins,Prophecy,Exodus 7:14-8:19,Exod 7:14-8:19,source_supplement,verified recurring context; evidence=sources/coptic-reader/lent-qualified-2026-10-07/2026-03-11/Prophecies.txt; verified_date=2026-03-11; captured_at=2026-10-07T17:25:31.767Z,https://copticreader.org/app/
2032-03-31,Wednesday of the fourth week of Great Lent,Matins,Prophecy,Joel 2:28-32,Joel 2:28-32,source_supplement,verified recurring context; evidence=sources/coptic-reader/lent-qualified-2026-10-07/2026-03-11/Prophecies.txt; verified_date=2026-03-11; captured_at=2026-10-07T17:25:31.767Z,https://copticreader.org/app/
2032-03-31,Wednesday of the fourth week of Great Lent,Matins,Prophecy,Job 1:1-22,Job 1:1-22,source_supplement,verified recurring context; evidence=sources/coptic-reader/lent-qualified-2026-10-07/2026-03-11/Prophecies.txt; verified_date=2026-03-11; captured_at=2026-10-07T17:25:31.767Z,https://copticreader.org/app/
2032-03-31,Wednesday of the fourth week of Great Lent,Matins,Prophecy,Isaiah 26:21-27:9,Isa 26:21-27:9,source_supplement,verified recurring context; evidence=sources/coptic-reader/lent-qualified-2026-10-07/2026-03-11/Prophecies.txt; verified_date=2026-03-11; captured_at=2026-10-07T17:25:31.767Z,https://copticreader.org/app/
2032-04-01,Thursday of the fourth week of Great Lent,Matins,Prophecy,Genesis 32:1-30,Gen 32:1-30,source_supplement,verified recurring context; evidence=sources/coptic-reader/lent-qualified-2026-10-07/2026-03-12/Prophecies.txt; verified_date=2026-03-12; captured_at=2026-10-07T17:26:02.062Z,https://copticreader.org/app/
2032-04-01,Thursday of the fourth week of Great Lent,Matins,Prophecy,Isaiah 28:14-22,Isa 28:14-22,source_supplement,verified recurring context; evidence=sources/coptic-reader/lent-qualified-2026-10-07/2026-03-12/Prophecies.txt; verified_date=2026-03-12; captured_at=2026-10-07T17:26:02.062Z,https://copticreader.org/app/
2032-04-01,Thursday of the fourth week of Great Lent,Matins,Prophecy,Job 20:1-29,Job 20:1-29,source_supplement,verified recurring context; evidence=sources/coptic-reader/lent-qualified-2026-10-07/2026-03-12/Prophecies.txt; verified_date=2026-03-12; captured_at=2026-10-07T17:26:02.062Z,https://copticreader.org/app/
2032-04-01,Thursday of the fourth week of Great Lent,Matins,Prophecy,Daniel 6:1-27,Dan 6:1-27,source_supplement,verified recurring context; evidence=sources/coptic-reader/lent-qualified-2026-10-07/2026-03-12/Prophecies.txt; verified_date=2026-03-12; captured_at=2026-10-07T17:26:02.062Z,https://copticreader.org/app/
2032-04-03,Saturday of the fourth week of Great Lent,Liturgy,Psalm,Psalm 61:1  &  Psalm 610:5,"Psalm 61:1,5",source_corrected,"source_corrected_from_katameros_api_2026_06_18; live API returned Ps 61:1,5",https://copticchurch.net/readings?g_year=2032&g_month=04&g_day=03
2032-04-04,Sunday of the fourth week of Great Lent,Matins,Psalm,Psalm 31:24  &  Psalm 31:33,Ps 31:24; Ps 31:23,source_corrected,source_corrected_from_coptic_reader_text_aligned_to_nkjv; evidence=sources/coptic-reader/remaining-2026-09-07/2026-03-15-matins-.txt; verified_date=2026-03-15,https://copticchurch.net/readings?g_year=2032&g_month=04&g_day=04
2032-04-05,Monday of the fifth week of Great Lent,Matins,Prophecy,Proverbs 3:5-18,Prov 3:5-18,source_supplement,verified recurring context; evidence=sources/coptic-reader/lent-qualified-2026-10-07/2026-03-16/Prophecies.txt; verified_date=2026-03-16; captured_at=2026-10-07T17:26:21.295Z,https://copticreader.org/app/
2032-04-05,Monday of the fifth week of Great Lent,Matins,Prophecy,Isaiah 37:33-38:6,Isa 37:33-38:6,source_supplement,verified recurring context; evidence=sources/coptic-reader/lent-qualified-2026-10-07/2026-03-16/Prophecies.txt; verified_date=2026-03-16; captured_at=2026-10-07T17:26:21.295Z,https://copticreader.org/app/
2032-04-05,Monday of the fifth week of Great Lent,Matins,Prophecy,Job 22:1-30,Job 22:1-30,source_supplement,verified recurring context; evidence=sources/coptic-reader/lent-qualified-2026-10-07/2026-03-16/Prophecies.txt; verified_date=2026-03-16; captured_at=2026-10-07T17:26:21.295Z,https://copticreader.org/app/
2032-04-06,Tuesday of the fifth week of Great Lent,Matins,Prophecy,Numbers 10:35-11:35,Num 10:35-11:35,source_supplement,verified recurring context; evidence=sources/coptic-reader/lent-qualified-2026-10-07/2026-03-17/Prophecies.txt; verified_date=2026-03-17; captured_at=2026-10-07T17:26:23.098Z,https://copticreader.org/app/
2032-04-06,Tuesday of the fifth week of Great Lent,Matins,Prophecy,Proverbs 3:19-4:9,Prov 3:19-4:9,source_supplement,verified recurring context; evidence=sources/coptic-reader/lent-qualified-2026-10-07/2026-03-17/Prophecies.txt; verified_date=2026-03-17; captured_at=2026-10-07T17:26:23.098Z,https://copticreader.org/app/
2032-04-06,Tuesday of the fifth week of Great Lent,Matins,Prophecy,Isaiah 40:1-8,Isa 40:1-8,source_supplement,verified recurring context; evidence=sources/coptic-reader/lent-qualified-2026-10-07/2026-03-17/Prophecies.txt; verified_date=2026-03-17; captured_at=2026-10-07T17:26:23.098Z,https://copticreader.org/app/
2032-04-06,Tuesday of the fifth week of Great Lent,Matins,Prophecy,Job 25:1-6,Job 25:1-6,source_supplement,verified recurring context; evidence=sources/coptic-reader/lent-qualified-2026-10-07/2026-03-17/Prophecies.txt; verified_date=2026-03-17; captured_at=2026-10-07T17:26:23.098Z,https://copticreader.org/app/
2032-04-06,Tuesday of the fifth week of Great Lent,Matins,Prophecy,Job 26:1-14,Job 26:1-14,source_supplement,verified recurring context; evidence=sources/coptic-reader/lent-qualified-2026-10-07/2026-03-17/Prophecies.txt; verified_date=2026-03-17; captured_at=2026-10-07T17:26:23.098Z,https://copticreader.org/app/
2032-04-11,Sunday of the fifth week of Great Lent,Matins,Psalm,Psalm 101:1  &  Psalm 101:2  &  Psalm 101:12,Ps 102:1-2; Ps 102:12,source_corrected,source_corrected_from_coptic_reader_text_aligned_to_nkjv; evidence=sources/coptic-reader/remaining-2026-09-07/2026-03-22-matins-.txt; verified_date=2026-03-22,https://copticchurch.net/readings?g_year=2032&g_month=04&g_day=11
2032-07-14,Abib 7,Liturgy,Gospel,Matt 9:33 - 41,Mark 9:33-41,source_corrected,source_corrected_from_coptic_reader_web_app_3.7; evidence=sources/coptic-reader/coptic-reader-live-2026-09-07/2023-07-14-gospel.txt; verified_date=2023-07-14,https://copticchurch.net/readings?g_year=2032&g_month=07&g_day=14
2032-07-19,Abib 12,Vespers,Psalm,Psalm 68:65  &  Psalm 68:3,Ps 68:35; Ps 68:3,source_corrected,source_corrected_from_coptic_reader_text_aligned_to_nkjv; evidence=sources/coptic-reader/remaining-2026-09-07/2023-07-19-vespers-.txt; verified_date=2023-07-19,https://copticchurch.net/readings?g_year=2032&g_month=07&g_day=19
2032-07-28,Abib 21,Matins,Gospel,Mk 19:9-13,Mark 13:9-13,source_corrected,source_corrected_from_katameros_api_2026_06_18; live API returned Mark 13:9-13,https://copticchurch.net/readings?g_year=2032&g_month=07&g_day=28
2032-07-31,Abib 24,Vespers,Psalm,Psalm 68:65  &  Psalm 68:3,Ps 68:35; Ps 68:3,source_corrected,source_corrected_from_coptic_reader_text_aligned_to_nkjv; evidence=sources/coptic-reader/remaining-2026-09-07/2023-07-31-vespers-.txt; verified_date=2023-07-31,https://copticchurch.net/readings?g_year=2032&g_month=07&g_day=31
2032-08-07,St Mary's Fast,Vespers,Psalm,Psalm 68:65  &  Psalm 68:3,Ps 68:35; Ps 68:3,source_corrected,source_corrected_from_coptic_reader_text_aligned_to_nkjv; evidence=sources/coptic-reader/remaining-2026-09-07/2023-08-07-vespers-.txt; verified_date=2023-08-07,https://copticchurch.net/readings?g_year=2032&g_month=08&g_day=07
2032-08-11,Mesra 5,Liturgy,Gospel,Matt 3:23—  &  Matt 5:1-16,Matt 4:23-5:16,source_corrected,source_corrected_from_coptic_reader_web_app_3.7; evidence=sources/coptic-reader/remaining-2026-09-07/2023-08-11-liturgy-psalm-and-gospel.txt; verified_date=2023-08-11,https://copticchurch.net/readings?g_year=2032&g_month=08&g_day=11
2032-08-13,Mesra 7,Vespers,Gospel,Mk 14:-39,Mk 14:39,repaired,repaired_negative_verse_marker,https://copticchurch.net/readings?g_year=2032&g_month=08&g_day=13
2032-08-22,Mesra 16 (St Mary's Feast),Vespers,Gospel,Lk 10:38-52,Lk 10:38-42,source_corrected,source_corrected_from_coptic_reader_web_app_3.7; evidence=sources/coptic-reader/remaining-2026-09-07/2023-08-22-vespers-.txt; verified_date=2023-08-22,https://copticchurch.net/readings?g_year=2032&g_month=08&g_day=22
2032-08-25,Mesra 19,Liturgy,Catholic Epistle,Jm 1:1-12,James 1:12-21,source_corrected,source_corrected_from_george_user-supplied_correction; evidence=sources/user-corrections/mesra-19-james.json,https://copticchurch.net/readings?g_year=2032&g_month=08&g_day=25
2032-08-31,Mesra 25,Liturgy,Acts of the Apostles,Acts 18:24—  &  Acts 9:1-6,Acts 18:24-28; Acts 19:1-6,source_corrected,source_corrected_from_katameros_api_2026_06_18; live API returned Acts 18:24-28 and Acts 19:1-6,https://copticchurch.net/readings?g_year=2032&g_month=08&g_day=31
2032-09-01,Mesra 26,Liturgy,Pauline Epistle,Rom 7:14-27,Rom 8:14-27,source_corrected,source_corrected_from_coptic_reader_web_app_3.7; evidence=sources/coptic-reader/remaining-2026-09-07/2023-09-01-liturgy-pauline-epistle.txt; verified_date=2023-09-01,https://copticchurch.net/readings?g_year=2032&g_month=09&g_day=01
2032-09-02,Mesra 27,Liturgy,Pauline Epistle,Rom 8:28:39,Rom 8:28-39,source_corrected,source_corrected_from_katameros_api_2026_06_18; live API returned Rom 8:28-39,https://copticchurch.net/readings?g_year=2032&g_month=09&g_day=02
2032-09-04,Mesra 29,Liturgy,Acts of the Apostles,Acts 5:34:42,Acts 5:34-42,source_corrected,source_corrected_from_katameros_api_2026_06_18; live API returned Acts 5:34-42,https://copticchurch.net/readings?g_year=2032&g_month=09&g_day=04
2032-09-05,First Sunday of Nesi,Vespers,Psalm,"19.41:13,12","Ps 41:13,12",sunday_policy_overlay,Source-qualified Sunday selection SundayReadings:41; numeric_coptic=12/30; verified_date=2027-09-05; Psalm MT/LXX verse alignment HELD; existing numeric source coordinates retained,https://copticreader.org/app/
2032-09-05,First Sunday of Nesi,Vespers,Gospel,Luke 21:12-33,Lk 21:12-33,sunday_policy_overlay,Source-qualified Sunday selection SundayReadings:41; numeric_coptic=12/30; verified_date=2027-09-05; ,https://copticreader.org/app/
2032-09-05,First Sunday of Nesi,Matins,Psalm,"19.102:12,24","Ps 102:12,24",sunday_policy_overlay,Source-qualified Sunday selection SundayReadings:41; numeric_coptic=12/30; verified_date=2027-09-05; Psalm MT/LXX verse alignment HELD; existing numeric source coordinates retained,https://copticreader.org/app/
2032-09-05,First Sunday of Nesi,Matins,Gospel,Mark 13:32-37,Mark 13:32-37,sunday_policy_overlay,Source-qualified Sunday selection SundayReadings:41; numeric_coptic=12/30; verified_date=2027-09-05; ,https://copticreader.org/app/
2032-09-05,First Sunday of Nesi,Liturgy,Pauline Epistle,2 Thessalonians 2:1-17,2Thess 2:1-17,sunday_policy_overlay,Source-qualified Sunday selection SundayReadings:41; numeric_coptic=12/30; verified_date=2027-09-05; ,https://copticreader.org/app/
2032-09-05,First Sunday of Nesi,Liturgy,Catholic Epistle,2 Peter 3:1-18,2Pet 3:1-18,sunday_policy_overlay,Source-qualified Sunday selection SundayReadings:41; numeric_coptic=12/30; verified_date=2027-09-05; ,https://copticreader.org/app/
2032-09-05,First Sunday of Nesi,Liturgy,Acts of the Apostles,Acts 2:14-21,Acts 2:14-21,sunday_policy_overlay,Source-qualified Sunday selection SundayReadings:41; numeric_coptic=12/30; verified_date=2027-09-05; ,https://copticreader.org/app/
2032-09-05,First Sunday of Nesi,Liturgy,Psalm,19.102:24-26,Ps 102:24-26,sunday_policy_overlay,Source-qualified Sunday selection SundayReadings:41; numeric_coptic=12/30; verified_date=2027-09-05; Psalm MT/LXX verse alignment HELD; existing numeric source coordinates retained,https://copticreader.org/app/
2032-09-05,First Sunday of Nesi,Liturgy,Gospel,Matthew 24:3-35,Matt 24:3-35,sunday_policy_overlay,Source-qualified Sunday selection SundayReadings:41; numeric_coptic=12/30; verified_date=2027-09-05; ,https://copticreader.org/app/
2032-09-09,Nasie 4,Vespers,Psalm,Psalm 68:65  &  Psalm 68:3,Ps 68:35; Ps 68:3,source_corrected,source_corrected_from_coptic_reader_text_aligned_to_nkjv; evidence=sources/coptic-reader/remaining-2026-09-07/2023-09-09-vespers-.txt; verified_date=2023-09-09,https://copticchurch.net/readings?g_year=2032&g_month=09&g_day=09
2032-09-12,The first Sunday of Tout,Liturgy,Pauline Epistle,1Tim 1:12-27,1Tim 1:12-19,source_corrected,source_corrected_from_coptic_reader_web_app_3.7; evidence=sources/coptic-reader/coptic-reader-live-2026-09-07/2023-09-17-pauline.txt; verified_date=2023-09-17,https://copticchurch.net/readings?g_year=2032&g_month=09&g_day=12
2032-09-12,The first Sunday of Tout,Liturgy,Psalm,Psalm 31:26  &  Psalm 31:19,Ps 31:23; Ps 31:19,source_corrected,source_corrected_from_coptic_reader_text_aligned_to_nkjv; evidence=sources/coptic-reader/remaining-2026-09-07/2023-09-17-liturgy-psalm-and-gospel.txt; verified_date=2023-09-17,https://copticchurch.net/readings?g_year=2032&g_month=09&g_day=12
2032-10-01,Tout 21,Liturgy,Catholic Epistle,Jn 2:7-11,1Jn 2:7-11,source_corrected,source_corrected; verified 1 John 2:7-11 at https://api.katameros.app/readings/gregorian/01-10-2026?languageId=2,https://copticchurch.net/readings?g_year=2032&g_month=10&g_day=01
2033-01-02,The fourth Sunday of Kiak,Liturgy,Catholic Epistle,1Jn 2:24-33,1Jn 2:24-3:3,source_corrected,source_corrected_from_coptic_reader_web_app_3.7; evidence=sources/coptic-reader/remaining-2026-09-07/2026-01-04-liturgy-catholic-epistle.txt; verified_date=2026-01-04,https://copticchurch.net/readings?g_year=2033&g_month=01&g_day=02
2033-01-02,The fourth Sunday of Kiak,Matins,Psalm,Psalm 95:10-12,Ps 96:11-13,source_corrected,source_corrected_from_coptic_reader_text_aligned_to_nkjv; evidence=sources/coptic-reader/remaining-2026-09-07/2026-01-04-matins-.txt; verified_date=2026-01-04,https://copticchurch.net/readings?g_year=2033&g_month=01&g_day=02
2033-01-29,Toba 21,Vespers,Gospel,Lk 10:38-52,Lk 10:38-42,source_corrected,source_corrected_from_coptic_reader_web_app_3.7; evidence=sources/coptic-reader/remaining-2026-09-07/2024-01-30-vespers-.txt; verified_date=2024-01-30,https://copticchurch.net/readings?g_year=2033&g_month=01&g_day=29
2033-02-06,First Sunday of Meshir,Vespers,Psalm,"19.82:8,6","Ps 82:8,6",sunday_policy_overlay,Source-qualified Sunday selection SundayReadings:21; numeric_coptic=5/29; verified_date=context-only/publisher-policy; Psalm MT/LXX verse alignment HELD; existing numeric source coordinates retained,https://copticreader.org/app/
2033-02-06,First Sunday of Meshir,Vespers,Gospel,43.6:15-21,Jn 6:15-21,sunday_policy_overlay,Source-qualified Sunday selection SundayReadings:21; numeric_coptic=5/29; verified_date=context-only/publisher-policy; ,https://copticreader.org/app/
2033-02-06,First Sunday of Meshir,Matins,Psalm,"19.119:105,73","Ps 119:105,73",sunday_policy_overlay,Source-qualified Sunday selection SundayReadings:21; numeric_coptic=5/29; verified_date=context-only/publisher-policy; Psalm MT/LXX verse alignment HELD; existing numeric source coordinates retained,https://copticreader.org/app/
2033-02-06,First Sunday of Meshir,Matins,Gospel,43.8:51-59,Jn 8:51-59,sunday_policy_overlay,Source-qualified Sunday selection SundayReadings:21; numeric_coptic=5/29; verified_date=context-only/publisher-policy; ,https://copticreader.org/app/
2033-02-06,First Sunday of Meshir,Liturgy,Pauline Epistle,46.5:11-13*@+46.6:1-11,1Cor 5:11-13; 1Cor 6:1-11,sunday_policy_overlay,Source-qualified Sunday selection SundayReadings:21; numeric_coptic=5/29; verified_date=context-only/publisher-policy; ,https://copticreader.org/app/
2033-02-06,First Sunday of Meshir,Liturgy,Catholic Epistle,61.3:14-18,2Pet 3:14-18,sunday_policy_overlay,Source-qualified Sunday selection SundayReadings:21; numeric_coptic=5/29; verified_date=context-only/publisher-policy; ,https://copticreader.org/app/
2033-02-06,First Sunday of Meshir,Liturgy,Acts of the Apostles,44.9:3-9,Acts 9:3-9,sunday_policy_overlay,Source-qualified Sunday selection SundayReadings:21; numeric_coptic=5/29; verified_date=context-only/publisher-policy; ,https://copticreader.org/app/
2033-02-06,First Sunday of Meshir,Liturgy,Psalm,"19.96:6,4","Ps 96:6,4",sunday_policy_overlay,Source-qualified Sunday selection SundayReadings:21; numeric_coptic=5/29; verified_date=context-only/publisher-policy; Psalm MT/LXX verse alignment HELD; existing numeric source coordinates retained,https://copticreader.org/app/
2033-02-06,First Sunday of Meshir,Liturgy,Gospel,43.6:22-27,Jn 6:22-27,sunday_policy_overlay,Source-qualified Sunday selection SundayReadings:21; numeric_coptic=5/29; verified_date=context-only/publisher-policy; ,https://copticreader.org/app/
2033-02-09,Amshir 2,Liturgy,Gospel,Matt 9:33 - 41,Mark 9:33-41,source_corrected,source_corrected_from_coptic_reader_web_app_3.7; evidence=sources/coptic-reader/coptic-reader-live-2026-09-07/2024-02-10-gospel.txt; verified_date=2024-02-10,https://copticchurch.net/readings?g_year=2033&g_month=02&g_day=09
2033-02-13,Second Sunday of Meshir,Vespers,Psalm,19.15:1-2,Ps 15:1-2,sunday_policy_overlay,Source-qualified Sunday selection SundayReadings:22; numeric_coptic=6/6; verified_date=context-only/publisher-policy; Psalm MT/LXX verse alignment HELD; existing numeric source coordinates retained,https://copticreader.org/app/
2033-02-13,Second Sunday of Meshir,Vespers,Gospel,43.4:46-53,Jn 4:46-53,sunday_policy_overlay,Source-qualified Sunday selection SundayReadings:22; numeric_coptic=6/6; verified_date=context-only/publisher-policy; ,https://copticreader.org/app/
2033-02-13,Second Sunday of Meshir,Matins,Psalm,19.24:3-4,Ps 24:3-4,sunday_policy_overlay,Source-qualified Sunday selection SundayReadings:22; numeric_coptic=6/6; verified_date=context-only/publisher-policy; Psalm MT/LXX verse alignment HELD; existing numeric source coordinates retained,https://copticreader.org/app/
2033-02-13,Second Sunday of Meshir,Matins,Gospel,43.3:17-21,Jn 3:17-21,sunday_policy_overlay,Source-qualified Sunday selection SundayReadings:22; numeric_coptic=6/6; verified_date=context-only/publisher-policy; ,https://copticreader.org/app/
2033-02-13,Second Sunday of Meshir,Liturgy,Pauline Epistle,58.7:1-17,Heb 7:1-17,sunday_policy_overlay,Source-qualified Sunday selection SundayReadings:22; numeric_coptic=6/6; verified_date=context-only/publisher-policy; ,https://copticreader.org/app/
2033-02-13,Second Sunday of Meshir,Liturgy,Catholic Epistle,63.1:1-13,2Jn 1:1-13,sunday_policy_overlay,Source-qualified Sunday selection SundayReadings:22; numeric_coptic=6/6; verified_date=context-only/publisher-policy; ,https://copticreader.org/app/
2033-02-13,Second Sunday of Meshir,Liturgy,Acts of the Apostles,44.18:9-21,Acts 18:9-21,sunday_policy_overlay,Source-qualified Sunday selection SundayReadings:22; numeric_coptic=6/6; verified_date=context-only/publisher-policy; ,https://copticreader.org/app/
2033-02-13,Second Sunday of Meshir,Liturgy,Psalm,19.96:7-8,Ps 96:7-8,sunday_policy_overlay,Source-qualified Sunday selection SundayReadings:22; numeric_coptic=6/6; verified_date=context-only/publisher-policy; Psalm MT/LXX verse alignment HELD; existing numeric source coordinates retained,https://copticreader.org/app/
2033-02-13,Second Sunday of Meshir,Liturgy,Gospel,43.6:5-14,Jn 6:5-14,sunday_policy_overlay,Source-qualified Sunday selection SundayReadings:22; numeric_coptic=6/6; verified_date=context-only/publisher-policy; ,https://copticreader.org/app/
2033-02-20,Third Sunday of Meshir,Vespers,Psalm,"19.17:15,3","Ps 17:15,3",sunday_policy_overlay,Source-qualified Sunday selection SundayReadings:23; numeric_coptic=6/13; verified_date=2027-02-21; Psalm MT/LXX verse alignment HELD; existing numeric source coordinates retained,https://copticreader.org/app/
2033-02-20,Third Sunday of Meshir,Vespers,Gospel,John 5:39-47,Jn 5:39-47,sunday_policy_overlay,Source-qualified Sunday selection SundayReadings:23; numeric_coptic=6/13; verified_date=2027-02-21; ,https://copticreader.org/app/
2033-02-20,Third Sunday of Meshir,Matins,Psalm,"19.89:52,49","Ps 89:52,49",sunday_policy_overlay,Source-qualified Sunday selection SundayReadings:23; numeric_coptic=6/13; verified_date=2027-02-21; Psalm MT/LXX verse alignment HELD; existing numeric source coordinates retained,https://copticreader.org/app/
2033-02-20,Third Sunday of Meshir,Matins,Gospel,John 12:44-50,Jn 12:44-50,sunday_policy_overlay,Source-qualified Sunday selection SundayReadings:23; numeric_coptic=6/13; verified_date=2027-02-21; ,https://copticreader.org/app/
2033-02-20,Third Sunday of Meshir,Liturgy,Pauline Epistle,Hebrews 3:1-4:2,Heb 3:1-4:2,sunday_policy_overlay,Source-qualified Sunday selection SundayReadings:23; numeric_coptic=6/13; verified_date=2027-02-21; ,https://copticreader.org/app/
2033-02-20,Third Sunday of Meshir,Liturgy,Catholic Epistle,Jude 1:14-25,Jude 1:14-25,sunday_policy_overlay,Source-qualified Sunday selection SundayReadings:23; numeric_coptic=6/13; verified_date=2027-02-21; ,https://copticreader.org/app/
2033-02-20,Third Sunday of Meshir,Liturgy,Acts of the Apostles,Acts 20:7-16,Acts 20:7-16,sunday_policy_overlay,Source-qualified Sunday selection SundayReadings:23; numeric_coptic=6/13; verified_date=2027-02-21; ,https://copticreader.org/app/
2033-02-20,Third Sunday of Meshir,Liturgy,Psalm,"19.89:1,6","Ps 89:1,6",sunday_policy_overlay,Source-qualified Sunday selection SundayReadings:23; numeric_coptic=6/13; verified_date=2027-02-21; Psalm MT/LXX verse alignment HELD; existing numeric source coordinates retained,https://copticreader.org/app/
2033-02-20,Third Sunday of Meshir,Liturgy,Gospel,John 6:27-46,Jn 6:27-46,sunday_policy_overlay,Source-qualified Sunday selection SundayReadings:23; numeric_coptic=6/13; verified_date=2027-02-21; ,https://copticreader.org/app/
2033-02-23,Amshir 16,Vespers,Gospel,Mk 14:-3-9,Mk 14:3-9,repaired,repaired_negative_verse_marker,https://copticchurch.net/readings?g_year=2033&g_month=02&g_day=23
2033-03-02,Wednesday of the first week of Great Lent,Liturgy,Psalm,Psalm 24:20  &  Psalm 24:16,Ps 25:20; Ps 25:16,source_corrected,source_corrected_from_coptic_reader_text_aligned_to_nkjv; evidence=sources/coptic-reader/remaining-2026-09-07/2026-02-18-liturgy-psalm-and-gospel.txt; verified_date=2026-02-18,https://copticchurch.net/readings?g_year=2033&g_month=03&g_day=02
2033-03-03,Thursday of the first week of Great Lent,Liturgy,Psalm,Psalm 117:14  &  Psalm 117:18,Ps 118:14; Ps 118:18,source_corrected,source_corrected_from_coptic_reader_text_aligned_to_nkjv; evidence=sources/coptic-reader/remaining-2026-09-07/2026-02-19-liturgy-psalm-and-gospel.txt; verified_date=2026-02-19,https://copticchurch.net/readings?g_year=2033&g_month=03&g_day=03
2033-03-07,Monday of the second week of Great Lent,Matins,Prophecy,Exodus 3:6-14,Exod 3:6-14,source_supplement,verified recurring context; evidence=sources/coptic-reader/lent-qualified-2026-10-07/2026-02-23/Prophecies.txt; verified_date=2026-02-23; captured_at=2026-10-07T17:14:31.612Z,https://copticreader.org/app/
2033-03-07,Monday of the second week of Great Lent,Matins,Prophecy,Isaiah 4:2-5:7,Isa 4:2-5:7,source_supplement,verified recurring context; evidence=sources/coptic-reader/lent-qualified-2026-10-07/2026-02-23/Prophecies.txt; verified_date=2026-02-23; captured_at=2026-10-07T17:14:31.612Z,https://copticreader.org/app/
2033-03-08,Tuesday of the second week of Great Lent,Matins,Prophecy,Job 19:1-27,Job 19:1-27,source_supplement,verified recurring context; evidence=sources/coptic-reader/lent-qualified-2026-10-07/2026-02-24/Prophecies.txt; verified_date=2026-02-24; captured_at=2026-10-07T17:15:23.623Z,https://copticreader.org/app/
2033-03-08,Tuesday of the second week of Great Lent,Matins,Prophecy,Isaiah 5:7-16,Isa 5:7-16,source_supplement,verified recurring context; evidence=sources/coptic-reader/lent-qualified-2026-10-07/2026-02-24/Prophecies.txt; verified_date=2026-02-24; captured_at=2026-10-07T17:15:23.623Z,https://copticreader.org/app/
2033-03-09,Wednesday of the second week of Great Lent,Matins,Prophecy,Exodus 2:11-20,Exod 2:11-20,source_supplement,verified recurring context; evidence=sources/coptic-reader/lent-qualified-2026-10-07/2026-02-25/Prophecies.txt; verified_date=2026-02-25; captured_at=2026-10-07T17:15:58.396Z,https://copticreader.org/app/
2033-03-09,Wednesday of the second week of Great Lent,Matins,Prophecy,Isaiah 5:17-25,Isa 5:17-25,source_supplement,verified recurring context; evidence=sources/coptic-reader/lent-qualified-2026-10-07/2026-02-25/Prophecies.txt; verified_date=2026-02-25; captured_at=2026-10-07T17:15:58.396Z,https://copticreader.org/app/
2033-03-10,Thursday of the second week of Great Lent,Matins,Prophecy,Deuteronomy 5:15-22,Deut 5:15-22,source_supplement,verified recurring context; evidence=sources/coptic-reader/lent-qualified-2026-10-07/2026-02-26/Prophecies.txt; verified_date=2026-02-26; captured_at=2026-10-07T17:16:36.181Z,https://copticreader.org/app/
2033-03-10,Thursday of the second week of Great Lent,Matins,Prophecy,Isaiah 6:1-12,Isa 6:1-12,source_supplement,verified recurring context; evidence=sources/coptic-reader/lent-qualified-2026-10-07/2026-02-26/Prophecies.txt; verified_date=2026-02-26; captured_at=2026-10-07T17:16:36.181Z,https://copticreader.org/app/
2033-03-11,Friday of the second week of Great Lent,Matins,Prophecy,Deuteronomy 8:1-9:4,Deut 8:1-9:4,source_supplement,verified recurring context; evidence=sources/coptic-reader/lent-qualified-2026-10-07/2026-02-27/Prophecies.txt; verified_date=2026-02-27; captured_at=2026-10-07T17:17:03.024Z,https://copticreader.org/app/
2033-03-11,Friday of the second week of Great Lent,Matins,Prophecy,1 Samuel 17:1-18:4,1Sam 17:1-18:4,source_supplement,verified recurring context; evidence=sources/coptic-reader/lent-qualified-2026-10-07/2026-02-27/Prophecies.txt; verified_date=2026-02-27; captured_at=2026-10-07T17:17:03.024Z,https://copticreader.org/app/
2033-03-11,Friday of the second week of Great Lent,Matins,Prophecy,Isaiah 7:1-14,Isa 7:1-14,source_supplement,verified recurring context; evidence=sources/coptic-reader/lent-qualified-2026-10-07/2026-02-27/Prophecies.txt; verified_date=2026-02-27; captured_at=2026-10-07T17:17:03.024Z,https://copticreader.org/app/
2033-03-11,Friday of the second week of Great Lent,Matins,Prophecy,Job 11:1-20,Job 11:1-20,source_supplement,verified recurring context; evidence=sources/coptic-reader/lent-qualified-2026-10-07/2026-02-27/Prophecies.txt; verified_date=2026-02-27; captured_at=2026-10-07T17:17:03.024Z,https://copticreader.org/app/
2033-03-14,Monday of the third week of Great Lent,Matins,Prophecy,Proverbs 1:20-33,Prov 1:20-33,source_supplement,verified recurring context; evidence=sources/coptic-reader/lent-qualified-2026-10-07/2026-03-02/Prophecies.txt; verified_date=2026-03-02; captured_at=2026-10-07T17:17:19.039Z,https://copticreader.org/app/
2033-03-14,Monday of the third week of Great Lent,Matins,Prophecy,Isaiah 8:13-9:7,Isa 8:13-9:7,source_supplement,verified recurring context; evidence=sources/coptic-reader/lent-qualified-2026-10-07/2026-03-02/Prophecies.txt; verified_date=2026-03-02; captured_at=2026-10-07T17:17:19.039Z,https://copticreader.org/app/
2033-03-15,Tuesday of the third week of Great Lent,Matins,Prophecy,Proverbs 2:1-15,Prov 2:1-15,source_supplement,verified recurring context; evidence=sources/coptic-reader/lent-qualified-2026-10-07/2026-03-03/Prophecies.txt; verified_date=2026-03-03; captured_at=2026-10-07T17:17:34.270Z,https://copticreader.org/app/
2033-03-15,Tuesday of the third week of Great Lent,Matins,Prophecy,Isaiah 10:12-20,Isa 10:12-20,source_supplement,verified recurring context; evidence=sources/coptic-reader/lent-qualified-2026-10-07/2026-03-03/Prophecies.txt; verified_date=2026-03-03; captured_at=2026-10-07T17:17:34.270Z,https://copticreader.org/app/
2033-03-16,Wednesday of the third week of Great Lent,Matins,Prophecy,Exodus 4:19-6:13,Exod 4:19-6:13,source_supplement,verified recurring context; evidence=sources/coptic-reader/lent-week3-wednesday-2026-10-07/coptic-reader-2026-03-04-matins-prophecies.txt; verified_date=2026-03-04; captured_at=2026-10-07,https://copticreader.org/app/
2033-03-16,Wednesday of the third week of Great Lent,Matins,Prophecy,Joel 2:21-27,Joel 2:21-27,source_supplement,verified recurring context; evidence=sources/coptic-reader/lent-week3-wednesday-2026-10-07/coptic-reader-2026-03-04-matins-prophecies.txt; verified_date=2026-03-04; captured_at=2026-10-07,https://copticreader.org/app/
2033-03-16,Wednesday of the third week of Great Lent,Matins,Prophecy,Isaiah 9:9-10:4,Isa 9:9-10:4,source_supplement,verified recurring context; evidence=sources/coptic-reader/lent-week3-wednesday-2026-10-07/coptic-reader-2026-03-04-matins-prophecies.txt; verified_date=2026-03-04; captured_at=2026-10-07,https://copticreader.org/app/
2033-03-16,Wednesday of the third week of Great Lent,Matins,Prophecy,Job 12:1-14:22,Job 12:1-14:22,source_supplement,verified recurring context; evidence=sources/coptic-reader/lent-week3-wednesday-2026-10-07/coptic-reader-2026-03-04-matins-prophecies.txt; verified_date=2026-03-04; captured_at=2026-10-07,https://copticreader.org/app/
2033-03-17,Thursday of the third week of Great Lent,Matins,Prophecy,Genesis 18:17-19:29,Gen 18:17-19:29,source_supplement,verified recurring context; evidence=sources/coptic-reader/lent-qualified-2026-10-07/2026-03-05/Prophecies.txt; verified_date=2026-03-05; captured_at=2026-10-07T17:17:49.562Z,https://copticreader.org/app/
2033-03-17,Thursday of the third week of Great Lent,Matins,Prophecy,Proverbs 2:16-3:4,Prov 2:16-3:4,source_supplement,verified recurring context; evidence=sources/coptic-reader/lent-qualified-2026-10-07/2026-03-05/Prophecies.txt; verified_date=2026-03-05; captured_at=2026-10-07T17:17:49.562Z,https://copticreader.org/app/
2033-03-17,Thursday of the third week of Great Lent,Matins,Prophecy,Isaiah 11:10-12:2,Isa 11:10-12:2,source_supplement,verified recurring context; evidence=sources/coptic-reader/lent-qualified-2026-10-07/2026-03-05/Prophecies.txt; verified_date=2026-03-05; captured_at=2026-10-07T17:17:49.562Z,https://copticreader.org/app/
2033-03-21,Monday of the fourth week of Great Lent,Matins,Prophecy,Genesis 27:1-41,Gen 27:1-41,source_supplement,verified recurring context; evidence=sources/coptic-reader/lent-qualified-2026-10-07/2026-03-09/Prophecies.txt; verified_date=2026-03-09; captured_at=2026-10-07T17:24:38.921Z,https://copticreader.org/app/
2033-03-21,Monday of the fourth week of Great Lent,Matins,Prophecy,Isaiah 14:24-32,Isa 14:24-32,source_supplement,verified recurring context; evidence=sources/coptic-reader/lent-qualified-2026-10-07/2026-03-09/Prophecies.txt; verified_date=2026-03-09; captured_at=2026-10-07T17:24:38.921Z,https://copticreader.org/app/
2033-03-21,Monday of the fourth week of Great Lent,Matins,Prophecy,Job 16:1-17:16,Job 16:1-17:16,source_supplement,verified recurring context; evidence=sources/coptic-reader/lent-qualified-2026-10-07/2026-03-09/Prophecies.txt; verified_date=2026-03-09; captured_at=2026-10-07T17:24:38.921Z,https://copticreader.org/app/
2033-03-23,Wednesday of the fourth week of Great Lent,Liturgy,Pauline Epistle,Ephesians 4:17-33,Eph 4:17-32,source_corrected,source_corrected_from_coptic_reader_web_app_3.7; evidence=sources/coptic-reader/remaining-2026-09-07/2026-03-11-liturgy-pauline-epistle.txt; verified_date=2026-03-11,https://copticchurch.net/readings?g_year=2033&g_month=03&g_day=23
2033-03-23,Wednesday of the fourth week of Great Lent,Matins,Prophecy,Exodus 7:14-8:19,Exod 7:14-8:19,source_supplement,verified recurring context; evidence=sources/coptic-reader/lent-qualified-2026-10-07/2026-03-11/Prophecies.txt; verified_date=2026-03-11; captured_at=2026-10-07T17:25:31.767Z,https://copticreader.org/app/
2033-03-23,Wednesday of the fourth week of Great Lent,Matins,Prophecy,Joel 2:28-32,Joel 2:28-32,source_supplement,verified recurring context; evidence=sources/coptic-reader/lent-qualified-2026-10-07/2026-03-11/Prophecies.txt; verified_date=2026-03-11; captured_at=2026-10-07T17:25:31.767Z,https://copticreader.org/app/
2033-03-23,Wednesday of the fourth week of Great Lent,Matins,Prophecy,Job 1:1-22,Job 1:1-22,source_supplement,verified recurring context; evidence=sources/coptic-reader/lent-qualified-2026-10-07/2026-03-11/Prophecies.txt; verified_date=2026-03-11; captured_at=2026-10-07T17:25:31.767Z,https://copticreader.org/app/
2033-03-23,Wednesday of the fourth week of Great Lent,Matins,Prophecy,Isaiah 26:21-27:9,Isa 26:21-27:9,source_supplement,verified recurring context; evidence=sources/coptic-reader/lent-qualified-2026-10-07/2026-03-11/Prophecies.txt; verified_date=2026-03-11; captured_at=2026-10-07T17:25:31.767Z,https://copticreader.org/app/
2033-03-24,Thursday of the fourth week of Great Lent,Matins,Prophecy,Genesis 32:1-30,Gen 32:1-30,source_supplement,verified recurring context; evidence=sources/coptic-reader/lent-qualified-2026-10-07/2026-03-12/Prophecies.txt; verified_date=2026-03-12; captured_at=2026-10-07T17:26:02.062Z,https://copticreader.org/app/
2033-03-24,Thursday of the fourth week of Great Lent,Matins,Prophecy,Isaiah 28:14-22,Isa 28:14-22,source_supplement,verified recurring context; evidence=sources/coptic-reader/lent-qualified-2026-10-07/2026-03-12/Prophecies.txt; verified_date=2026-03-12; captured_at=2026-10-07T17:26:02.062Z,https://copticreader.org/app/
2033-03-24,Thursday of the fourth week of Great Lent,Matins,Prophecy,Job 20:1-29,Job 20:1-29,source_supplement,verified recurring context; evidence=sources/coptic-reader/lent-qualified-2026-10-07/2026-03-12/Prophecies.txt; verified_date=2026-03-12; captured_at=2026-10-07T17:26:02.062Z,https://copticreader.org/app/
2033-03-24,Thursday of the fourth week of Great Lent,Matins,Prophecy,Daniel 6:1-27,Dan 6:1-27,source_supplement,verified recurring context; evidence=sources/coptic-reader/lent-qualified-2026-10-07/2026-03-12/Prophecies.txt; verified_date=2026-03-12; captured_at=2026-10-07T17:26:02.062Z,https://copticreader.org/app/
2033-03-26,Saturday of the fourth week of Great Lent,Liturgy,Psalm,Psalm 61:1  &  Psalm 610:5,"Psalm 61:1,5",source_corrected,"source_corrected_from_katameros_api_2026_06_18; live API returned Ps 61:1,5",https://copticchurch.net/readings?g_year=2033&g_month=03&g_day=26
2033-03-27,Sunday of the fourth week of Great Lent,Matins,Psalm,Psalm 31:24  &  Psalm 31:33,Ps 31:24; Ps 31:23,source_corrected,source_corrected_from_coptic_reader_text_aligned_to_nkjv; evidence=sources/coptic-reader/remaining-2026-09-07/2026-03-15-matins-.txt; verified_date=2026-03-15,https://copticchurch.net/readings?g_year=2033&g_month=03&g_day=27
2033-03-28,Monday of the fifth week of Great Lent,Matins,Prophecy,Proverbs 3:5-18,Prov 3:5-18,source_supplement,verified recurring context; evidence=sources/coptic-reader/lent-qualified-2026-10-07/2026-03-16/Prophecies.txt; verified_date=2026-03-16; captured_at=2026-10-07T17:26:21.295Z,https://copticreader.org/app/
2033-03-28,Monday of the fifth week of Great Lent,Matins,Prophecy,Isaiah 37:33-38:6,Isa 37:33-38:6,source_supplement,verified recurring context; evidence=sources/coptic-reader/lent-qualified-2026-10-07/2026-03-16/Prophecies.txt; verified_date=2026-03-16; captured_at=2026-10-07T17:26:21.295Z,https://copticreader.org/app/
2033-03-28,Monday of the fifth week of Great Lent,Matins,Prophecy,Job 22:1-30,Job 22:1-30,source_supplement,verified recurring context; evidence=sources/coptic-reader/lent-qualified-2026-10-07/2026-03-16/Prophecies.txt; verified_date=2026-03-16; captured_at=2026-10-07T17:26:21.295Z,https://copticreader.org/app/
2033-03-29,Tuesday of the fifth week of Great Lent,Matins,Prophecy,Numbers 10:35-11:35,Num 10:35-11:35,source_supplement,verified recurring context; evidence=sources/coptic-reader/lent-qualified-2026-10-07/2026-03-17/Prophecies.txt; verified_date=2026-03-17; captured_at=2026-10-07T17:26:23.098Z,https://copticreader.org/app/
2033-03-29,Tuesday of the fifth week of Great Lent,Matins,Prophecy,Proverbs 3:19-4:9,Prov 3:19-4:9,source_supplement,verified recurring context; evidence=sources/coptic-reader/lent-qualified-2026-10-07/2026-03-17/Prophecies.txt; verified_date=2026-03-17; captured_at=2026-10-07T17:26:23.098Z,https://copticreader.org/app/
2033-03-29,Tuesday of the fifth week of Great Lent,Matins,Prophecy,Isaiah 40:1-8,Isa 40:1-8,source_supplement,verified recurring context; evidence=sources/coptic-reader/lent-qualified-2026-10-07/2026-03-17/Prophecies.txt; verified_date=2026-03-17; captured_at=2026-10-07T17:26:23.098Z,https://copticreader.org/app/
2033-03-29,Tuesday of the fifth week of Great Lent,Matins,Prophecy,Job 25:1-6,Job 25:1-6,source_supplement,verified recurring context; evidence=sources/coptic-reader/lent-qualified-2026-10-07/2026-03-17/Prophecies.txt; verified_date=2026-03-17; captured_at=2026-10-07T17:26:23.098Z,https://copticreader.org/app/
2033-03-29,Tuesday of the fifth week of Great Lent,Matins,Prophecy,Job 26:1-14,Job 26:1-14,source_supplement,verified recurring context; evidence=sources/coptic-reader/lent-qualified-2026-10-07/2026-03-17/Prophecies.txt; verified_date=2026-03-17; captured_at=2026-10-07T17:26:23.098Z,https://copticreader.org/app/
2033-04-03,Sunday of the fifth week of Great Lent,Matins,Psalm,Psalm 101:1  &  Psalm 101:2  &  Psalm 101:12,Ps 102:1-2; Ps 102:12,source_corrected,source_corrected_from_coptic_reader_text_aligned_to_nkjv; evidence=sources/coptic-reader/remaining-2026-09-07/2026-03-22-matins-.txt; verified_date=2026-03-22,https://copticchurch.net/readings?g_year=2033&g_month=04&g_day=03
2033-07-11,Abib 4,Vespers,Psalm,Psalm 68:65  &  Psalm 68:3,Ps 68:35; Ps 68:3,source_corrected,source_corrected_from_coptic_reader_text_aligned_to_nkjv; evidence=sources/coptic-reader/remaining-2026-09-07/2023-07-11-vespers-.txt; verified_date=2023-07-11,https://copticchurch.net/readings?g_year=2033&g_month=07&g_day=11
2033-07-14,Abib 7,Liturgy,Gospel,Matt 9:33 - 41,Mark 9:33-41,source_corrected,source_corrected_from_coptic_reader_web_app_3.7; evidence=sources/coptic-reader/coptic-reader-live-2026-09-07/2023-07-14-gospel.txt; verified_date=2023-07-14,https://copticchurch.net/readings?g_year=2033&g_month=07&g_day=14
2033-07-19,Abib 12,Vespers,Psalm,Psalm 68:65  &  Psalm 68:3,Ps 68:35; Ps 68:3,source_corrected,source_corrected_from_coptic_reader_text_aligned_to_nkjv; evidence=sources/coptic-reader/remaining-2026-09-07/2023-07-19-vespers-.txt; verified_date=2023-07-19,https://copticchurch.net/readings?g_year=2033&g_month=07&g_day=19
2033-07-28,Abib 21,Matins,Gospel,Mk 19:9-13,Mark 13:9-13,source_corrected,source_corrected_from_katameros_api_2026_06_18; live API returned Mark 13:9-13,https://copticchurch.net/readings?g_year=2033&g_month=07&g_day=28
2033-08-07,St Mary's Fast,Vespers,Psalm,Psalm 68:65  &  Psalm 68:3,Ps 68:35; Ps 68:3,source_corrected,source_corrected_from_coptic_reader_text_aligned_to_nkjv; evidence=sources/coptic-reader/remaining-2026-09-07/2023-08-07-vespers-.txt; verified_date=2023-08-07,https://copticchurch.net/readings?g_year=2033&g_month=08&g_day=07
2033-08-11,Mesra 5,Liturgy,Gospel,Matt 3:23—  &  Matt 5:1-16,Matt 4:23-5:16,source_corrected,source_corrected_from_coptic_reader_web_app_3.7; evidence=sources/coptic-reader/remaining-2026-09-07/2023-08-11-liturgy-psalm-and-gospel.txt; verified_date=2023-08-11,https://copticchurch.net/readings?g_year=2033&g_month=08&g_day=11
2033-08-13,Mesra 7,Vespers,Gospel,Mk 14:-39,Mk 14:39,repaired,repaired_negative_verse_marker,https://copticchurch.net/readings?g_year=2033&g_month=08&g_day=13
2033-08-15,Mesra 9,Vespers,Psalm,Psalm 68:65  &  Psalm 68:3,Ps 68:35; Ps 68:3,source_corrected,source_corrected_from_coptic_reader_text_aligned_to_nkjv; evidence=sources/coptic-reader/remaining-2026-09-07/2023-08-15-vespers-.txt; verified_date=2023-08-15,https://copticchurch.net/readings?g_year=2033&g_month=08&g_day=15
2033-08-22,Mesra 16 (St Mary's Feast),Vespers,Gospel,Lk 10:38-52,Lk 10:38-42,source_corrected,source_corrected_from_coptic_reader_web_app_3.7; evidence=sources/coptic-reader/remaining-2026-09-07/2023-08-22-vespers-.txt; verified_date=2023-08-22,https://copticchurch.net/readings?g_year=2033&g_month=08&g_day=22
2033-08-25,Mesra 19,Liturgy,Catholic Epistle,Jm 1:1-12,James 1:12-21,source_corrected,source_corrected_from_george_user-supplied_correction; evidence=sources/user-corrections/mesra-19-james.json,https://copticchurch.net/readings?g_year=2033&g_month=08&g_day=25
2033-08-29,Mesra 23,Liturgy,Pauline Epistle,Rom 8:28:39,Rom 8:28-39,source_corrected,source_corrected_from_katameros_api_2026_06_18; live API returned Rom 8:28-39,https://copticchurch.net/readings?g_year=2033&g_month=08&g_day=29
2033-08-31,Mesra 25,Liturgy,Acts of the Apostles,Acts 18:24—  &  Acts 9:1-6,Acts 18:24-28; Acts 19:1-6,source_corrected,source_corrected_from_katameros_api_2026_06_18; live API returned Acts 18:24-28 and Acts 19:1-6,https://copticchurch.net/readings?g_year=2033&g_month=08&g_day=31
2033-09-01,Mesra 26,Liturgy,Pauline Epistle,Rom 7:14-27,Rom 8:14-27,source_corrected,source_corrected_from_coptic_reader_web_app_3.7; evidence=sources/coptic-reader/remaining-2026-09-07/2023-09-01-liturgy-pauline-epistle.txt; verified_date=2023-09-01,https://copticchurch.net/readings?g_year=2033&g_month=09&g_day=01
2033-09-02,Mesra 27,Liturgy,Pauline Epistle,Rom 8:28:39,Rom 8:28-39,source_corrected,source_corrected_from_katameros_api_2026_06_18; live API returned Rom 8:28-39,https://copticchurch.net/readings?g_year=2033&g_month=09&g_day=02
2033-09-09,Nasie 4,Vespers,Psalm,Psalm 68:65  &  Psalm 68:3,Ps 68:35; Ps 68:3,source_corrected,source_corrected_from_coptic_reader_text_aligned_to_nkjv; evidence=sources/coptic-reader/remaining-2026-09-07/2023-09-09-vespers-.txt; verified_date=2023-09-09,https://copticchurch.net/readings?g_year=2033&g_month=09&g_day=09
2033-09-18,The first Sunday of Tout,Liturgy,Pauline Epistle,1Tim 1:12-27,1Tim 1:12-19,source_corrected,source_corrected_from_coptic_reader_web_app_3.7; evidence=sources/coptic-reader/coptic-reader-live-2026-09-07/2023-09-17-pauline.txt; verified_date=2023-09-17,https://copticchurch.net/readings?g_year=2033&g_month=09&g_day=18
2033-09-18,The first Sunday of Tout,Liturgy,Psalm,Psalm 31:26  &  Psalm 31:19,Ps 31:23; Ps 31:19,source_corrected,source_corrected_from_coptic_reader_text_aligned_to_nkjv; evidence=sources/coptic-reader/remaining-2026-09-07/2023-09-17-liturgy-psalm-and-gospel.txt; verified_date=2023-09-17,https://copticchurch.net/readings?g_year=2033&g_month=09&g_day=18
2033-10-01,Tout 21,Liturgy,Catholic Epistle,Jn 2:7-11,1Jn 2:7-11,source_corrected,source_corrected; verified 1 John 2:7-11 at https://api.katameros.app/readings/gregorian/01-10-2026?languageId=2,https://copticchurch.net/readings?g_year=2033&g_month=10&g_day=01
2033-10-03,Tout 23,Liturgy,Catholic Epistle,Jn 2:7-11,1Jn 2:7-11,source_corrected,source_corrected; verified 1 John 2:7-11 at https://api.katameros.app/readings/gregorian/01-10-2026?languageId=2,https://copticchurch.net/readings?g_year=2033&g_month=10&g_day=03
2033-12-12,Kiak 3,Vespers,Gospel,Lk 10:38-52,Lk 10:38-42,source_corrected,source_corrected_from_coptic_reader_web_app_3.7; evidence=sources/coptic-reader/remaining-2026-09-07/2022-12-12-vespers-.txt; verified_date=2022-12-12,https://copticchurch.net/readings?g_year=2033&g_month=12&g_day=12
2034-01-01,The fourth Sunday of Kiak,Liturgy,Catholic Epistle,1Jn 2:24-33,1Jn 2:24-3:3,source_corrected,source_corrected_from_coptic_reader_web_app_3.7; evidence=sources/coptic-reader/remaining-2026-09-07/2026-01-04-liturgy-catholic-epistle.txt; verified_date=2026-01-04,https://copticchurch.net/readings?g_year=2034&g_month=01&g_day=01
2034-01-01,The fourth Sunday of Kiak,Matins,Psalm,Psalm 95:10-12,Ps 96:11-13,source_corrected,source_corrected_from_coptic_reader_text_aligned_to_nkjv; evidence=sources/coptic-reader/remaining-2026-09-07/2026-01-04-matins-.txt; verified_date=2026-01-04,https://copticchurch.net/readings?g_year=2034&g_month=01&g_day=01
2034-01-08,Second Day of Nativity,Vespers,Psalm,19.72:1-2,Ps 72:1-2,sunday_policy_overlay,Source-qualified Sunday selection AnnualReadings:120; numeric_coptic=4/30; verified_date=2028-01-09; Psalm MT/LXX verse alignment HELD; existing numeric source coordinates retained,https://copticreader.org/app/
2034-01-08,Second Day of Nativity,Vespers,Gospel,Matthew 12:15-23,Matt 12:15-23,sunday_policy_overlay,Source-qualified Sunday selection AnnualReadings:120; numeric_coptic=4/30; verified_date=2028-01-09; ,https://copticreader.org/app/
2034-01-08,Second Day of Nativity,Matins,Psalm,"19.72:11,19","Ps 72:11,19",sunday_policy_overlay,Source-qualified Sunday selection AnnualReadings:120; numeric_coptic=4/30; verified_date=2028-01-09; Psalm MT/LXX verse alignment HELD; existing numeric source coordinates retained,https://copticreader.org/app/
2034-01-08,Second Day of Nativity,Matins,Gospel,Matthew 22:41-46,Matt 22:41-46,sunday_policy_overlay,Source-qualified Sunday selection AnnualReadings:120; numeric_coptic=4/30; verified_date=2028-01-09; ,https://copticreader.org/app/
2034-01-08,Second Day of Nativity,Liturgy,Pauline Epistle,Galatians 4:19-5:1,Gal 4:19-5:1,sunday_policy_overlay,Source-qualified Sunday selection AnnualReadings:120; numeric_coptic=4/30; verified_date=2028-01-09; ,https://copticreader.org/app/
2034-01-08,Second Day of Nativity,Liturgy,Catholic Epistle,1 John 4:15-5:4,1Jn 4:15-5:4,sunday_policy_overlay,Source-qualified Sunday selection AnnualReadings:120; numeric_coptic=4/30; verified_date=2028-01-09; ,https://copticreader.org/app/
2034-01-08,Second Day of Nativity,Liturgy,Acts of the Apostles,Acts 13:36-43,Acts 13:36-43,sunday_policy_overlay,Source-qualified Sunday selection AnnualReadings:120; numeric_coptic=4/30; verified_date=2028-01-09; ,https://copticreader.org/app/
2034-01-08,Second Day of Nativity,Liturgy,Psalm,19.72:17,Ps 72:17,sunday_policy_overlay,Source-qualified Sunday selection AnnualReadings:120; numeric_coptic=4/30; verified_date=2028-01-09; Psalm MT/LXX verse alignment HELD; existing numeric source coordinates retained,https://copticreader.org/app/
2034-01-08,Second Day of Nativity,Liturgy,Gospel,John 1:1-13,Jn 1:1-13,sunday_policy_overlay,Source-qualified Sunday selection AnnualReadings:120; numeric_coptic=4/30; verified_date=2028-01-09; ,https://copticreader.org/app/
2034-02-09,Amshir 2,Liturgy,Gospel,Matt 9:33 - 41,Mark 9:33-41,source_corrected,source_corrected_from_coptic_reader_web_app_3.7; evidence=sources/coptic-reader/coptic-reader-live-2026-09-07/2024-02-10-gospel.txt; verified_date=2024-02-10,https://copticchurch.net/readings?g_year=2034&g_month=02&g_day=09
2034-02-16,Thursday of the first week of Great Lent,Liturgy,Psalm,Psalm 117:14  &  Psalm 117:18,Ps 118:14; Ps 118:18,source_corrected,source_corrected_from_coptic_reader_text_aligned_to_nkjv; evidence=sources/coptic-reader/remaining-2026-09-07/2026-02-19-liturgy-psalm-and-gospel.txt; verified_date=2026-02-19,https://copticchurch.net/readings?g_year=2034&g_month=02&g_day=16
2034-02-20,Monday of the second week of Great Lent,Matins,Prophecy,Exodus 3:6-14,Exod 3:6-14,source_supplement,verified recurring context; evidence=sources/coptic-reader/lent-qualified-2026-10-07/2026-02-23/Prophecies.txt; verified_date=2026-02-23; captured_at=2026-10-07T17:14:31.612Z,https://copticreader.org/app/
2034-02-20,Monday of the second week of Great Lent,Matins,Prophecy,Isaiah 4:2-5:7,Isa 4:2-5:7,source_supplement,verified recurring context; evidence=sources/coptic-reader/lent-qualified-2026-10-07/2026-02-23/Prophecies.txt; verified_date=2026-02-23; captured_at=2026-10-07T17:14:31.612Z,https://copticreader.org/app/
2034-02-21,Tuesday of the second week of Great Lent,Matins,Prophecy,Job 19:1-27,Job 19:1-27,source_supplement,verified recurring context; evidence=sources/coptic-reader/lent-qualified-2026-10-07/2026-02-24/Prophecies.txt; verified_date=2026-02-24; captured_at=2026-10-07T17:15:23.623Z,https://copticreader.org/app/
2034-02-21,Tuesday of the second week of Great Lent,Matins,Prophecy,Isaiah 5:7-16,Isa 5:7-16,source_supplement,verified recurring context; evidence=sources/coptic-reader/lent-qualified-2026-10-07/2026-02-24/Prophecies.txt; verified_date=2026-02-24; captured_at=2026-10-07T17:15:23.623Z,https://copticreader.org/app/
2034-02-22,Wednesday of the second week of Great Lent,Matins,Prophecy,Exodus 2:11-20,Exod 2:11-20,source_supplement,verified recurring context; evidence=sources/coptic-reader/lent-qualified-2026-10-07/2026-02-25/Prophecies.txt; verified_date=2026-02-25; captured_at=2026-10-07T17:15:58.396Z,https://copticreader.org/app/
2034-02-22,Wednesday of the second week of Great Lent,Matins,Prophecy,Isaiah 5:17-25,Isa 5:17-25,source_supplement,verified recurring context; evidence=sources/coptic-reader/lent-qualified-2026-10-07/2026-02-25/Prophecies.txt; verified_date=2026-02-25; captured_at=2026-10-07T17:15:58.396Z,https://copticreader.org/app/
2034-02-23,Thursday of the second week of Great Lent,Matins,Prophecy,Deuteronomy 5:15-22,Deut 5:15-22,source_supplement,verified recurring context; evidence=sources/coptic-reader/lent-qualified-2026-10-07/2026-02-26/Prophecies.txt; verified_date=2026-02-26; captured_at=2026-10-07T17:16:36.181Z,https://copticreader.org/app/
2034-02-23,Thursday of the second week of Great Lent,Matins,Prophecy,Isaiah 6:1-12,Isa 6:1-12,source_supplement,verified recurring context; evidence=sources/coptic-reader/lent-qualified-2026-10-07/2026-02-26/Prophecies.txt; verified_date=2026-02-26; captured_at=2026-10-07T17:16:36.181Z,https://copticreader.org/app/
2034-02-24,Friday of the second week of Great Lent,Matins,Prophecy,Deuteronomy 8:1-9:4,Deut 8:1-9:4,source_supplement,verified recurring context; evidence=sources/coptic-reader/lent-qualified-2026-10-07/2026-02-27/Prophecies.txt; verified_date=2026-02-27; captured_at=2026-10-07T17:17:03.024Z,https://copticreader.org/app/
2034-02-24,Friday of the second week of Great Lent,Matins,Prophecy,1 Samuel 17:1-18:4,1Sam 17:1-18:4,source_supplement,verified recurring context; evidence=sources/coptic-reader/lent-qualified-2026-10-07/2026-02-27/Prophecies.txt; verified_date=2026-02-27; captured_at=2026-10-07T17:17:03.024Z,https://copticreader.org/app/
2034-02-24,Friday of the second week of Great Lent,Matins,Prophecy,Isaiah 7:1-14,Isa 7:1-14,source_supplement,verified recurring context; evidence=sources/coptic-reader/lent-qualified-2026-10-07/2026-02-27/Prophecies.txt; verified_date=2026-02-27; captured_at=2026-10-07T17:17:03.024Z,https://copticreader.org/app/
2034-02-24,Friday of the second week of Great Lent,Matins,Prophecy,Job 11:1-20,Job 11:1-20,source_supplement,verified recurring context; evidence=sources/coptic-reader/lent-qualified-2026-10-07/2026-02-27/Prophecies.txt; verified_date=2026-02-27; captured_at=2026-10-07T17:17:03.024Z,https://copticreader.org/app/
2034-02-27,Monday of the third week of Great Lent,Matins,Prophecy,Proverbs 1:20-33,Prov 1:20-33,source_supplement,verified recurring context; evidence=sources/coptic-reader/lent-qualified-2026-10-07/2026-03-02/Prophecies.txt; verified_date=2026-03-02; captured_at=2026-10-07T17:17:19.039Z,https://copticreader.org/app/
2034-02-27,Monday of the third week of Great Lent,Matins,Prophecy,Isaiah 8:13-9:7,Isa 8:13-9:7,source_supplement,verified recurring context; evidence=sources/coptic-reader/lent-qualified-2026-10-07/2026-03-02/Prophecies.txt; verified_date=2026-03-02; captured_at=2026-10-07T17:17:19.039Z,https://copticreader.org/app/
2034-02-28,Tuesday of the third week of Great Lent,Matins,Prophecy,Proverbs 2:1-15,Prov 2:1-15,source_supplement,verified recurring context; evidence=sources/coptic-reader/lent-qualified-2026-10-07/2026-03-03/Prophecies.txt; verified_date=2026-03-03; captured_at=2026-10-07T17:17:34.270Z,https://copticreader.org/app/
2034-02-28,Tuesday of the third week of Great Lent,Matins,Prophecy,Isaiah 10:12-20,Isa 10:12-20,source_supplement,verified recurring context; evidence=sources/coptic-reader/lent-qualified-2026-10-07/2026-03-03/Prophecies.txt; verified_date=2026-03-03; captured_at=2026-10-07T17:17:34.270Z,https://copticreader.org/app/
2034-03-01,Wednesday of the third week of Great Lent,Matins,Prophecy,Exodus 4:19-6:13,Exod 4:19-6:13,source_supplement,verified recurring context; evidence=sources/coptic-reader/lent-week3-wednesday-2026-10-07/coptic-reader-2026-03-04-matins-prophecies.txt; verified_date=2026-03-04; captured_at=2026-10-07,https://copticreader.org/app/
2034-03-01,Wednesday of the third week of Great Lent,Matins,Prophecy,Joel 2:21-27,Joel 2:21-27,source_supplement,verified recurring context; evidence=sources/coptic-reader/lent-week3-wednesday-2026-10-07/coptic-reader-2026-03-04-matins-prophecies.txt; verified_date=2026-03-04; captured_at=2026-10-07,https://copticreader.org/app/
2034-03-01,Wednesday of the third week of Great Lent,Matins,Prophecy,Isaiah 9:9-10:4,Isa 9:9-10:4,source_supplement,verified recurring context; evidence=sources/coptic-reader/lent-week3-wednesday-2026-10-07/coptic-reader-2026-03-04-matins-prophecies.txt; verified_date=2026-03-04; captured_at=2026-10-07,https://copticreader.org/app/
2034-03-01,Wednesday of the third week of Great Lent,Matins,Prophecy,Job 12:1-14:22,Job 12:1-14:22,source_supplement,verified recurring context; evidence=sources/coptic-reader/lent-week3-wednesday-2026-10-07/coptic-reader-2026-03-04-matins-prophecies.txt; verified_date=2026-03-04; captured_at=2026-10-07,https://copticreader.org/app/
2034-03-02,Thursday of the third week of Great Lent,Matins,Prophecy,Genesis 18:17-19:29,Gen 18:17-19:29,source_supplement,verified recurring context; evidence=sources/coptic-reader/lent-qualified-2026-10-07/2026-03-05/Prophecies.txt; verified_date=2026-03-05; captured_at=2026-10-07T17:17:49.562Z,https://copticreader.org/app/
2034-03-02,Thursday of the third week of Great Lent,Matins,Prophecy,Proverbs 2:16-3:4,Prov 2:16-3:4,source_supplement,verified recurring context; evidence=sources/coptic-reader/lent-qualified-2026-10-07/2026-03-05/Prophecies.txt; verified_date=2026-03-05; captured_at=2026-10-07T17:17:49.562Z,https://copticreader.org/app/
2034-03-02,Thursday of the third week of Great Lent,Matins,Prophecy,Isaiah 11:10-12:2,Isa 11:10-12:2,source_supplement,verified recurring context; evidence=sources/coptic-reader/lent-qualified-2026-10-07/2026-03-05/Prophecies.txt; verified_date=2026-03-05; captured_at=2026-10-07T17:17:49.562Z,https://copticreader.org/app/
2034-03-06,Monday of the fourth week of Great Lent,Matins,Prophecy,Genesis 27:1-41,Gen 27:1-41,source_supplement,verified recurring context; evidence=sources/coptic-reader/lent-qualified-2026-10-07/2026-03-09/Prophecies.txt; verified_date=2026-03-09; captured_at=2026-10-07T17:24:38.921Z,https://copticreader.org/app/
2034-03-06,Monday of the fourth week of Great Lent,Matins,Prophecy,Isaiah 14:24-32,Isa 14:24-32,source_supplement,verified recurring context; evidence=sources/coptic-reader/lent-qualified-2026-10-07/2026-03-09/Prophecies.txt; verified_date=2026-03-09; captured_at=2026-10-07T17:24:38.921Z,https://copticreader.org/app/
2034-03-06,Monday of the fourth week of Great Lent,Matins,Prophecy,Job 16:1-17:16,Job 16:1-17:16,source_supplement,verified recurring context; evidence=sources/coptic-reader/lent-qualified-2026-10-07/2026-03-09/Prophecies.txt; verified_date=2026-03-09; captured_at=2026-10-07T17:24:38.921Z,https://copticreader.org/app/
2034-03-08,Wednesday of the fourth week of Great Lent,Liturgy,Pauline Epistle,Ephesians 4:17-33,Eph 4:17-32,source_corrected,source_corrected_from_coptic_reader_web_app_3.7; evidence=sources/coptic-reader/remaining-2026-09-07/2026-03-11-liturgy-pauline-epistle.txt; verified_date=2026-03-11,https://copticchurch.net/readings?g_year=2034&g_month=03&g_day=08
2034-03-08,Wednesday of the fourth week of Great Lent,Matins,Prophecy,Exodus 7:14-8:19,Exod 7:14-8:19,source_supplement,verified recurring context; evidence=sources/coptic-reader/lent-qualified-2026-10-07/2026-03-11/Prophecies.txt; verified_date=2026-03-11; captured_at=2026-10-07T17:25:31.767Z,https://copticreader.org/app/
2034-03-08,Wednesday of the fourth week of Great Lent,Matins,Prophecy,Joel 2:28-32,Joel 2:28-32,source_supplement,verified recurring context; evidence=sources/coptic-reader/lent-qualified-2026-10-07/2026-03-11/Prophecies.txt; verified_date=2026-03-11; captured_at=2026-10-07T17:25:31.767Z,https://copticreader.org/app/
2034-03-08,Wednesday of the fourth week of Great Lent,Matins,Prophecy,Job 1:1-22,Job 1:1-22,source_supplement,verified recurring context; evidence=sources/coptic-reader/lent-qualified-2026-10-07/2026-03-11/Prophecies.txt; verified_date=2026-03-11; captured_at=2026-10-07T17:25:31.767Z,https://copticreader.org/app/
2034-03-08,Wednesday of the fourth week of Great Lent,Matins,Prophecy,Isaiah 26:21-27:9,Isa 26:21-27:9,source_supplement,verified recurring context; evidence=sources/coptic-reader/lent-qualified-2026-10-07/2026-03-11/Prophecies.txt; verified_date=2026-03-11; captured_at=2026-10-07T17:25:31.767Z,https://copticreader.org/app/
2034-03-09,Thursday of the fourth week of Great Lent,Matins,Prophecy,Genesis 32:1-30,Gen 32:1-30,source_supplement,verified recurring context; evidence=sources/coptic-reader/lent-qualified-2026-10-07/2026-03-12/Prophecies.txt; verified_date=2026-03-12; captured_at=2026-10-07T17:26:02.062Z,https://copticreader.org/app/
2034-03-09,Thursday of the fourth week of Great Lent,Matins,Prophecy,Isaiah 28:14-22,Isa 28:14-22,source_supplement,verified recurring context; evidence=sources/coptic-reader/lent-qualified-2026-10-07/2026-03-12/Prophecies.txt; verified_date=2026-03-12; captured_at=2026-10-07T17:26:02.062Z,https://copticreader.org/app/
2034-03-09,Thursday of the fourth week of Great Lent,Matins,Prophecy,Job 20:1-29,Job 20:1-29,source_supplement,verified recurring context; evidence=sources/coptic-reader/lent-qualified-2026-10-07/2026-03-12/Prophecies.txt; verified_date=2026-03-12; captured_at=2026-10-07T17:26:02.062Z,https://copticreader.org/app/
2034-03-09,Thursday of the fourth week of Great Lent,Matins,Prophecy,Daniel 6:1-27,Dan 6:1-27,source_supplement,verified recurring context; evidence=sources/coptic-reader/lent-qualified-2026-10-07/2026-03-12/Prophecies.txt; verified_date=2026-03-12; captured_at=2026-10-07T17:26:02.062Z,https://copticreader.org/app/
2034-03-11,Saturday of the fourth week of Great Lent,Liturgy,Psalm,Psalm 61:1  &  Psalm 610:5,"Psalm 61:1,5",source_corrected,"source_corrected_from_katameros_api_2026_06_18; live API returned Ps 61:1,5",https://copticchurch.net/readings?g_year=2034&g_month=03&g_day=11
2034-03-12,Sunday of the fourth week of Great Lent,Matins,Psalm,Psalm 31:24  &  Psalm 31:33,Ps 31:24; Ps 31:23,source_corrected,source_corrected_from_coptic_reader_text_aligned_to_nkjv; evidence=sources/coptic-reader/remaining-2026-09-07/2026-03-15-matins-.txt; verified_date=2026-03-15,https://copticchurch.net/readings?g_year=2034&g_month=03&g_day=12
2034-03-13,Monday of the fifth week of Great Lent,Matins,Prophecy,Proverbs 3:5-18,Prov 3:5-18,source_supplement,verified recurring context; evidence=sources/coptic-reader/lent-qualified-2026-10-07/2026-03-16/Prophecies.txt; verified_date=2026-03-16; captured_at=2026-10-07T17:26:21.295Z,https://copticreader.org/app/
2034-03-13,Monday of the fifth week of Great Lent,Matins,Prophecy,Isaiah 37:33-38:6,Isa 37:33-38:6,source_supplement,verified recurring context; evidence=sources/coptic-reader/lent-qualified-2026-10-07/2026-03-16/Prophecies.txt; verified_date=2026-03-16; captured_at=2026-10-07T17:26:21.295Z,https://copticreader.org/app/
2034-03-13,Monday of the fifth week of Great Lent,Matins,Prophecy,Job 22:1-30,Job 22:1-30,source_supplement,verified recurring context; evidence=sources/coptic-reader/lent-qualified-2026-10-07/2026-03-16/Prophecies.txt; verified_date=2026-03-16; captured_at=2026-10-07T17:26:21.295Z,https://copticreader.org/app/
2034-03-14,Tuesday of the fifth week of Great Lent,Matins,Prophecy,Numbers 10:35-11:35,Num 10:35-11:35,source_supplement,verified recurring context; evidence=sources/coptic-reader/lent-qualified-2026-10-07/2026-03-17/Prophecies.txt; verified_date=2026-03-17; captured_at=2026-10-07T17:26:23.098Z,https://copticreader.org/app/
2034-03-14,Tuesday of the fifth week of Great Lent,Matins,Prophecy,Proverbs 3:19-4:9,Prov 3:19-4:9,source_supplement,verified recurring context; evidence=sources/coptic-reader/lent-qualified-2026-10-07/2026-03-17/Prophecies.txt; verified_date=2026-03-17; captured_at=2026-10-07T17:26:23.098Z,https://copticreader.org/app/
2034-03-14,Tuesday of the fifth week of Great Lent,Matins,Prophecy,Isaiah 40:1-8,Isa 40:1-8,source_supplement,verified recurring context; evidence=sources/coptic-reader/lent-qualified-2026-10-07/2026-03-17/Prophecies.txt; verified_date=2026-03-17; captured_at=2026-10-07T17:26:23.098Z,https://copticreader.org/app/
2034-03-14,Tuesday of the fifth week of Great Lent,Matins,Prophecy,Job 25:1-6,Job 25:1-6,source_supplement,verified recurring context; evidence=sources/coptic-reader/lent-qualified-2026-10-07/2026-03-17/Prophecies.txt; verified_date=2026-03-17; captured_at=2026-10-07T17:26:23.098Z,https://copticreader.org/app/
2034-03-14,Tuesday of the fifth week of Great Lent,Matins,Prophecy,Job 26:1-14,Job 26:1-14,source_supplement,verified recurring context; evidence=sources/coptic-reader/lent-qualified-2026-10-07/2026-03-17/Prophecies.txt; verified_date=2026-03-17; captured_at=2026-10-07T17:26:23.098Z,https://copticreader.org/app/
2034-04-07,Good Friday,Eleventh Hour,Prophecy,Jer 12:1-14,Jer 12:1-14,calendar_overlay,UK Midlands Katameros Days p.22 rule 13: Annunciation yields during the non-repeatable Lord-events window,
2034-04-07,Good Friday,Eleventh Hour,Prophecy,Isa 3:5-12,Isa 3:5-12,calendar_overlay,UK Midlands Katameros Days p.22 rule 13: Annunciation yields during the non-repeatable Lord-events window,
2034-04-07,Good Friday,Eleventh Hour,Gospel,John 19:31-37,John 19:31-37,calendar_overlay,UK Midlands Katameros Days p.22 rule 13: Annunciation yields during the non-repeatable Lord-events window,
2034-04-07,Good Friday,Eleventh Hour,Gospel,Luke 23:47-49,Luke 23:47-49,calendar_overlay,UK Midlands Katameros Days p.22 rule 13: Annunciation yields during the non-repeatable Lord-events window,
2034-04-07,Good Friday,Eleventh Hour,Gospel,Mark 15:38-41,Mark 15:38-41,calendar_overlay,UK Midlands Katameros Days p.22 rule 13: Annunciation yields during the non-repeatable Lord-events window,
2034-04-07,Good Friday,Eleventh Hour,Gospel,Matt 27:51-56,Matt 27:51-56,calendar_overlay,UK Midlands Katameros Days p.22 rule 13: Annunciation yields during the non-repeatable Lord-events window,
2034-04-07,Good Friday,Eleventh Hour,Psalm,"Ps 143:6,7","Ps 143:6,7",calendar_overlay,UK Midlands Katameros Days p.22 rule 13: Annunciation yields during the non-repeatable Lord-events window,
2034-04-07,Good Friday,Eleventh Hour,Psalm,Ps 31:5,Ps 31:5,calendar_overlay,UK Midlands Katameros Days p.22 rule 13: Annunciation yields during the non-repeatable Lord-events window,
2034-04-07,Good Friday,First Hour,Prophecy,Deut 8:19-9:24,Deut 8:19-9:24,calendar_overlay,UK Midlands Katameros Days p.22 rule 13: Annunciation yields during the non-repeatable Lord-events window,
2034-04-07,Good Friday,First Hour,Prophecy,Mic 7:1-8,Mic 7:1-8,calendar_overlay,UK Midlands Katameros Days p.22 rule 13: Annunciation yields during the non-repeatable Lord-events window,
2034-04-07,Good Friday,First Hour,Gospel,John 18:28-40,John 18:28-40,calendar_overlay,UK Midlands Katameros Days p.22 rule 13: Annunciation yields during the non-repeatable Lord-events window,
2034-04-07,Good Friday,First Hour,Gospel,Luke 22:66-23:12,Luke 22:66-23:12,calendar_overlay,UK Midlands Katameros Days p.22 rule 13: Annunciation yields during the non-repeatable Lord-events window,
2034-04-07,Good Friday,First Hour,Gospel,Mark 15:1-5,Mark 15:1-5,calendar_overlay,UK Midlands Katameros Days p.22 rule 13: Annunciation yields during the non-repeatable Lord-events window,
2034-04-07,Good Friday,First Hour,Gospel,Matt 27:1-14,Matt 27:1-14,calendar_overlay,UK Midlands Katameros Days p.22 rule 13: Annunciation yields during the non-repeatable Lord-events window,
2034-04-07,Good Friday,First Hour,Psalm,Ps 27:12,Ps 27:12,calendar_overlay,UK Midlands Katameros Days p.22 rule 13: Annunciation yields during the non-repeatable Lord-events window,
2034-04-07,Good Friday,First Hour,Psalm,"Ps 35:11,12,16","Ps 35:11,12,16",calendar_overlay,UK Midlands Katameros Days p.22 rule 13: Annunciation yields during the non-repeatable Lord-events window,
2034-04-07,Good Friday,First Hour,Prophecy,Isa 1:2-9,Isa 1:2-9,calendar_overlay,UK Midlands Katameros Days p.22 rule 13: Annunciation yields during the non-repeatable Lord-events window,
2034-04-07,Good Friday,First Hour,Prophecy,Isa 2:10-21,Isa 2:10-21,calendar_overlay,UK Midlands Katameros Days p.22 rule 13: Annunciation yields during the non-repeatable Lord-events window,
2034-04-07,Good Friday,First Hour,Prophecy,Jer 22:29-23:6,Jer 22:29-23:6,calendar_overlay,UK Midlands Katameros Days p.22 rule 13: Annunciation yields during the non-repeatable Lord-events window,
2034-04-07,Good Friday,First Hour,Prophecy,Isa 24:1-13,Isa 24:1-13,calendar_overlay,UK Midlands Katameros Days p.22 rule 13: Annunciation yields during the non-repeatable Lord-events window,
2034-04-07,Good Friday,First Hour,Prophecy,Wis 2:12-22,Wis 2:12-22,calendar_overlay,UK Midlands Katameros Days p.22 rule 13: Annunciation yields during the non-repeatable Lord-events window,
2034-04-07,Good Friday,First Hour,Prophecy,Job 12:18-13:1,Job 12:18-13:1,calendar_overlay,UK Midlands Katameros Days p.22 rule 13: Annunciation yields during the non-repeatable Lord-events window,
2034-04-07,Good Friday,First Hour,Prophecy,Zech 11:11-14,Zech 11:11-14,calendar_overlay,UK Midlands Katameros Days p.22 rule 13: Annunciation yields during the non-repeatable Lord-events window,
2034-04-07,Good Friday,First Hour,Prophecy,Mic 1:16-2:3,Mic 1:16-2:3,calendar_overlay,UK Midlands Katameros Days p.22 rule 13: Annunciation yields during the non-repeatable Lord-events window,
2034-04-07,Good Friday,Ninth Hour,Prophecy,Jer 11:18-12:13,Jer 11:18-12:13,calendar_overlay,UK Midlands Katameros Days p.22 rule 13: Annunciation yields during the non-repeatable Lord-events window,
2034-04-07,Good Friday,Ninth Hour,Prophecy,Zech 14:5-11,Zech 14:5-11,calendar_overlay,UK Midlands Katameros Days p.22 rule 13: Annunciation yields during the non-repeatable Lord-events window,
2034-04-07,Good Friday,Ninth Hour,Prophecy,"Hos 2:1-3,10-11","Hos 2:1-3,10-11",calendar_overlay,UK Midlands Katameros Days p.22 rule 13: Annunciation yields during the non-repeatable Lord-events window,
2034-04-07,Good Friday,Ninth Hour,Pauline,Phil 2:5-11,Phil 2:5-11,calendar_overlay,UK Midlands Katameros Days p.22 rule 13: Annunciation yields during the non-repeatable Lord-events window,
2034-04-07,Good Friday,Ninth Hour,Gospel,John 19:28-30,John 19:28-30,calendar_overlay,UK Midlands Katameros Days p.22 rule 13: Annunciation yields during the non-repeatable Lord-events window,
2034-04-07,Good Friday,Ninth Hour,Gospel,Luke 23:45-46,Luke 23:45-46,calendar_overlay,UK Midlands Katameros Days p.22 rule 13: Annunciation yields during the non-repeatable Lord-events window,
2034-04-07,Good Friday,Ninth Hour,Gospel,Mark 15:34-37,Mark 15:34-37,calendar_overlay,UK Midlands Katameros Days p.22 rule 13: Annunciation yields during the non-repeatable Lord-events window,
2034-04-07,Good Friday,Ninth Hour,Gospel,Matt 27:46-50,Matt 27:46-50,calendar_overlay,UK Midlands Katameros Days p.22 rule 13: Annunciation yields during the non-repeatable Lord-events window,
2034-04-07,Good Friday,Ninth Hour,Psalm,"Ps 69:2,3,21","Ps 69:2,3,21",calendar_overlay,UK Midlands Katameros Days p.22 rule 13: Annunciation yields during the non-repeatable Lord-events window,
2034-04-07,Good Friday,Sixth Hour,Prophecy,Num 21:1-9,Num 21:1-9,calendar_overlay,UK Midlands Katameros Days p.22 rule 13: Annunciation yields during the non-repeatable Lord-events window,
2034-04-07,Good Friday,Sixth Hour,Prophecy,Isa 53:7-12,Isa 53:7-12,calendar_overlay,UK Midlands Katameros Days p.22 rule 13: Annunciation yields during the non-repeatable Lord-events window,
2034-04-07,Good Friday,Sixth Hour,Prophecy,Isa 12:2-13:10,Isa 12:2-13:10,calendar_overlay,UK Midlands Katameros Days p.22 rule 13: Annunciation yields during the non-repeatable Lord-events window,
2034-04-07,Good Friday,Sixth Hour,Prophecy,Amos 8:9-12,Amos 8:9-12,calendar_overlay,UK Midlands Katameros Days p.22 rule 13: Annunciation yields during the non-repeatable Lord-events window,
2034-04-07,Good Friday,Sixth Hour,Pauline,Gal 6:14-18,Gal 6:14-18,calendar_overlay,UK Midlands Katameros Days p.22 rule 13: Annunciation yields during the non-repeatable Lord-events window,
2034-04-07,Good Friday,Sixth Hour,Gospel,John 19:1-12,John 19:1-12,calendar_overlay,UK Midlands Katameros Days p.22 rule 13: Annunciation yields during the non-repeatable Lord-events window,
2034-04-07,Good Friday,Sixth Hour,Gospel,Luke 23:26-44,Luke 23:26-44,calendar_overlay,UK Midlands Katameros Days p.22 rule 13: Annunciation yields during the non-repeatable Lord-events window,
2034-04-07,Good Friday,Sixth Hour,Gospel,Mark 15:26-33,Mark 15:26-33,calendar_overlay,UK Midlands Katameros Days p.22 rule 13: Annunciation yields during the non-repeatable Lord-events window,
2034-04-07,Good Friday,Sixth Hour,Gospel,Matt 27:27-45,Matt 27:27-45,calendar_overlay,UK Midlands Katameros Days p.22 rule 13: Annunciation yields during the non-repeatable Lord-events window,
2034-04-07,Good Friday,Sixth Hour,Psalm,Ps 22:16-18,Ps 22:16-18,calendar_overlay,UK Midlands Katameros Days p.22 rule 13: Annunciation yields during the non-repeatable Lord-events window,
2034-04-07,Good Friday,Sixth Hour,Psalm,Ps 22:7-8,Ps 22:7-8,calendar_overlay,UK Midlands Katameros Days p.22 rule 13: Annunciation yields during the non-repeatable Lord-events window,
2034-04-07,Good Friday,Sixth Hour,Psalm,Ps 38:21-22,Ps 38:21-22,calendar_overlay,UK Midlands Katameros Days p.22 rule 13: Annunciation yields during the non-repeatable Lord-events window,
2034-04-07,Good Friday,Third Hour,Prophecy,Gen 48:1-19,Gen 48:1-19,calendar_overlay,UK Midlands Katameros Days p.22 rule 13: Annunciation yields during the non-repeatable Lord-events window,
2034-04-07,Good Friday,Third Hour,Prophecy,Isa 50:4-9,Isa 50:4-9,calendar_overlay,UK Midlands Katameros Days p.22 rule 13: Annunciation yields during the non-repeatable Lord-events window,
2034-04-07,Good Friday,Third Hour,Prophecy,Isa 3:9-15,Isa 3:9-15,calendar_overlay,UK Midlands Katameros Days p.22 rule 13: Annunciation yields during the non-repeatable Lord-events window,
2034-04-07,Good Friday,Third Hour,Prophecy,Isa 63:1-7,Isa 63:1-7,calendar_overlay,UK Midlands Katameros Days p.22 rule 13: Annunciation yields during the non-repeatable Lord-events window,
2034-04-07,Good Friday,Third Hour,Prophecy,Amos 9:4-6,Amos 9:4-6,calendar_overlay,UK Midlands Katameros Days p.22 rule 13: Annunciation yields during the non-repeatable Lord-events window,
2034-04-07,Good Friday,Third Hour,Prophecy,Amos 9:8-10,Amos 9:8-10,calendar_overlay,UK Midlands Katameros Days p.22 rule 13: Annunciation yields during the non-repeatable Lord-events window,
2034-04-07,Good Friday,Third Hour,Prophecy,Job 29:21-30:10,Job 29:21-30:10,calendar_overlay,UK Midlands Katameros Days p.22 rule 13: Annunciation yields during the non-repeatable Lord-events window,
2034-04-07,Good Friday,Third Hour,Gospel,John 19:1-12,John 19:1-12,calendar_overlay,UK Midlands Katameros Days p.22 rule 13: Annunciation yields during the non-repeatable Lord-events window,
2034-04-07,Good Friday,Third Hour,Gospel,Luke 23:13-25,Luke 23:13-25,calendar_overlay,UK Midlands Katameros Days p.22 rule 13: Annunciation yields during the non-repeatable Lord-events window,
2034-04-07,Good Friday,Third Hour,Gospel,Mark 15:6-25,Mark 15:6-25,calendar_overlay,UK Midlands Katameros Days p.22 rule 13: Annunciation yields during the non-repeatable Lord-events window,
2034-04-07,Good Friday,Third Hour,Gospel,Matt 27:15-26,Matt 27:15-26,calendar_overlay,UK Midlands Katameros Days p.22 rule 13: Annunciation yields during the non-repeatable Lord-events window,
2034-04-07,Good Friday,Third Hour,Psalm,Ps 22:16,Ps 22:16,calendar_overlay,UK Midlands Katameros Days p.22 rule 13: Annunciation yields during the non-repeatable Lord-events window,
2034-04-07,Good Friday,Third Hour,Psalm,Ps 38:17,Ps 38:17,calendar_overlay,UK Midlands Katameros Days p.22 rule 13: Annunciation yields during the non-repeatable Lord-events window,
2034-04-07,Good Friday,Twelfth Hour,Prophecy,Lam 3:1-66,Lam 3:1-66,calendar_overlay,UK Midlands Katameros Days p.22 rule 13: Annunciation yields during the non-repeatable Lord-events window,
2034-04-07,Good Friday,Twelfth Hour,Prophecy,Jonah 1:10-2:8,Jonah 1:10-2:8,calendar_overlay,UK Midlands Katameros Days p.22 rule 13: Annunciation yields during the non-repeatable Lord-events window,
2034-04-07,Good Friday,Twelfth Hour,Gospel,John 19:38-42,John 19:38-42,calendar_overlay,UK Midlands Katameros Days p.22 rule 13: Annunciation yields during the non-repeatable Lord-events window,
2034-04-07,Good Friday,Twelfth Hour,Gospel,Luke 23:50-56,Luke 23:50-56,calendar_overlay,UK Midlands Katameros Days p.22 rule 13: Annunciation yields during the non-repeatable Lord-events window,
2034-04-07,Good Friday,Twelfth Hour,Gospel,Mark 15:42-16:1,Mark 15:42-16:1,calendar_overlay,UK Midlands Katameros Days p.22 rule 13: Annunciation yields during the non-repeatable Lord-events window,
2034-04-07,Good Friday,Twelfth Hour,Gospel,Matt 27:57-61,Matt 27:57-61,calendar_overlay,UK Midlands Katameros Days p.22 rule 13: Annunciation yields during the non-repeatable Lord-events window,
2034-04-07,Good Friday,Twelfth Hour,Psalm,Ps 23:4,Ps 23:4,calendar_overlay,UK Midlands Katameros Days p.22 rule 13: Annunciation yields during the non-repeatable Lord-events window,
2034-04-07,Good Friday,Twelfth Hour,Psalm,"Ps 45:6,8","Ps 45:6,8",calendar_overlay,UK Midlands Katameros Days p.22 rule 13: Annunciation yields during the non-repeatable Lord-events window,
2034-04-07,Good Friday,Twelfth Hour,Psalm,Ps 88:6,Ps 88:6,calendar_overlay,UK Midlands Katameros Days p.22 rule 13: Annunciation yields during the non-repeatable Lord-events window,
2034-07-11,Abib 4,Vespers,Psalm,Psalm 68:65  &  Psalm 68:3,Ps 68:35; Ps 68:3,source_corrected,source_corrected_from_coptic_reader_text_aligned_to_nkjv; evidence=sources/coptic-reader/remaining-2026-09-07/2023-07-11-vespers-.txt; verified_date=2023-07-11,https://copticchurch.net/readings?g_year=2034&g_month=07&g_day=11
2034-07-14,Abib 7,Liturgy,Gospel,Matt 9:33 - 41,Mark 9:33-41,source_corrected,source_corrected_from_coptic_reader_web_app_3.7; evidence=sources/coptic-reader/coptic-reader-live-2026-09-07/2023-07-14-gospel.txt; verified_date=2023-07-14,https://copticchurch.net/readings?g_year=2034&g_month=07&g_day=14
2034-07-19,Abib 12,Vespers,Psalm,Psalm 68:65  &  Psalm 68:3,Ps 68:35; Ps 68:3,source_corrected,source_corrected_from_coptic_reader_text_aligned_to_nkjv; evidence=sources/coptic-reader/remaining-2026-09-07/2023-07-19-vespers-.txt; verified_date=2023-07-19,https://copticchurch.net/readings?g_year=2034&g_month=07&g_day=19
2034-07-28,Abib 21,Matins,Gospel,Mk 19:9-13,Mark 13:9-13,source_corrected,source_corrected_from_katameros_api_2026_06_18; live API returned Mark 13:9-13,https://copticchurch.net/readings?g_year=2034&g_month=07&g_day=28
2034-07-31,Abib 24,Vespers,Psalm,Psalm 68:65  &  Psalm 68:3,Ps 68:35; Ps 68:3,source_corrected,source_corrected_from_coptic_reader_text_aligned_to_nkjv; evidence=sources/coptic-reader/remaining-2026-09-07/2023-07-31-vespers-.txt; verified_date=2023-07-31,https://copticchurch.net/readings?g_year=2034&g_month=07&g_day=31
2034-08-07,St Mary's Fast,Vespers,Psalm,Psalm 68:65  &  Psalm 68:3,Ps 68:35; Ps 68:3,source_corrected,source_corrected_from_coptic_reader_text_aligned_to_nkjv; evidence=sources/coptic-reader/remaining-2026-09-07/2023-08-07-vespers-.txt; verified_date=2023-08-07,https://copticchurch.net/readings?g_year=2034&g_month=08&g_day=07
2034-08-11,Mesra 5,Liturgy,Gospel,Matt 3:23—  &  Matt 5:1-16,Matt 4:23-5:16,source_corrected,source_corrected_from_coptic_reader_web_app_3.7; evidence=sources/coptic-reader/remaining-2026-09-07/2023-08-11-liturgy-psalm-and-gospel.txt; verified_date=2023-08-11,https://copticchurch.net/readings?g_year=2034&g_month=08&g_day=11
2034-08-15,Mesra 9,Vespers,Psalm,Psalm 68:65  &  Psalm 68:3,Ps 68:35; Ps 68:3,source_corrected,source_corrected_from_coptic_reader_text_aligned_to_nkjv; evidence=sources/coptic-reader/remaining-2026-09-07/2023-08-15-vespers-.txt; verified_date=2023-08-15,https://copticchurch.net/readings?g_year=2034&g_month=08&g_day=15
2034-08-22,Mesra 16 (St Mary's Feast),Vespers,Gospel,Lk 10:38-52,Lk 10:38-42,source_corrected,source_corrected_from_coptic_reader_web_app_3.7; evidence=sources/coptic-reader/remaining-2026-09-07/2023-08-22-vespers-.txt; verified_date=2023-08-22,https://copticchurch.net/readings?g_year=2034&g_month=08&g_day=22
2034-08-25,Mesra 19,Liturgy,Catholic Epistle,Jm 1:1-12,James 1:12-21,source_corrected,source_corrected_from_george_user-supplied_correction; evidence=sources/user-corrections/mesra-19-james.json,https://copticchurch.net/readings?g_year=2034&g_month=08&g_day=25
2034-08-29,Mesra 23,Liturgy,Pauline Epistle,Rom 8:28:39,Rom 8:28-39,source_corrected,source_corrected_from_katameros_api_2026_06_18; live API returned Rom 8:28-39,https://copticchurch.net/readings?g_year=2034&g_month=08&g_day=29
2034-08-31,Mesra 25,Liturgy,Acts of the Apostles,Acts 18:24—  &  Acts 9:1-6,Acts 18:24-28; Acts 19:1-6,source_corrected,source_corrected_from_katameros_api_2026_06_18; live API returned Acts 18:24-28 and Acts 19:1-6,https://copticchurch.net/readings?g_year=2034&g_month=08&g_day=31
2034-09-01,Mesra 26,Liturgy,Pauline Epistle,Rom 7:14-27,Rom 8:14-27,source_corrected,source_corrected_from_coptic_reader_web_app_3.7; evidence=sources/coptic-reader/remaining-2026-09-07/2023-09-01-liturgy-pauline-epistle.txt; verified_date=2023-09-01,https://copticchurch.net/readings?g_year=2034&g_month=09&g_day=01
2034-09-02,Mesra 27,Liturgy,Pauline Epistle,Rom 8:28:39,Rom 8:28-39,source_corrected,source_corrected_from_katameros_api_2026_06_18; live API returned Rom 8:28-39,https://copticchurch.net/readings?g_year=2034&g_month=09&g_day=02
2034-09-04,Mesra 29,Liturgy,Acts of the Apostles,Acts 5:34:42,Acts 5:34-42,source_corrected,source_corrected_from_katameros_api_2026_06_18; live API returned Acts 5:34-42,https://copticchurch.net/readings?g_year=2034&g_month=09&g_day=04
2034-09-09,Nasie 4,Vespers,Psalm,Psalm 68:65  &  Psalm 68:3,Ps 68:35; Ps 68:3,source_corrected,source_corrected_from_coptic_reader_text_aligned_to_nkjv; evidence=sources/coptic-reader/remaining-2026-09-07/2023-09-09-vespers-.txt; verified_date=2023-09-09,https://copticchurch.net/readings?g_year=2034&g_month=09&g_day=09
2034-09-17,The first Sunday of Tout,Liturgy,Pauline Epistle,1Tim 1:12-27,1Tim 1:12-19,source_corrected,source_corrected_from_coptic_reader_web_app_3.7; evidence=sources/coptic-reader/coptic-reader-live-2026-09-07/2023-09-17-pauline.txt; verified_date=2023-09-17,https://copticchurch.net/readings?g_year=2034&g_month=09&g_day=17
2034-09-17,The first Sunday of Tout,Liturgy,Psalm,Psalm 31:26  &  Psalm 31:19,Ps 31:23; Ps 31:19,source_corrected,source_corrected_from_coptic_reader_text_aligned_to_nkjv; evidence=sources/coptic-reader/remaining-2026-09-07/2023-09-17-liturgy-psalm-and-gospel.txt; verified_date=2023-09-17,https://copticchurch.net/readings?g_year=2034&g_month=09&g_day=17
2034-10-03,Tout 23,Liturgy,Catholic Epistle,Jn 2:7-11,1Jn 2:7-11,source_corrected,source_corrected; verified 1 John 2:7-11 at https://api.katameros.app/readings/gregorian/01-10-2026?languageId=2,https://copticchurch.net/readings?g_year=2034&g_month=10&g_day=03
2034-12-12,Kiak 3,Vespers,Gospel,Lk 10:38-52,Lk 10:38-42,source_corrected,source_corrected_from_coptic_reader_web_app_3.7; evidence=sources/coptic-reader/remaining-2026-09-07/2022-12-12-vespers-.txt; verified_date=2022-12-12,https://copticchurch.net/readings?g_year=2034&g_month=12&g_day=12
2034-12-31,The fourth Sunday of Kiak,Liturgy,Catholic Epistle,1Jn 2:24-33,1Jn 2:24-3:3,source_corrected,source_corrected_from_coptic_reader_web_app_3.7; evidence=sources/coptic-reader/remaining-2026-09-07/2026-01-04-liturgy-catholic-epistle.txt; verified_date=2026-01-04,https://copticchurch.net/readings?g_year=2034&g_month=12&g_day=31
2034-12-31,The fourth Sunday of Kiak,Matins,Psalm,Psalm 95:10-12,Ps 96:11-13,source_corrected,source_corrected_from_coptic_reader_text_aligned_to_nkjv; evidence=sources/coptic-reader/remaining-2026-09-07/2026-01-04-matins-.txt; verified_date=2026-01-04,https://copticchurch.net/readings?g_year=2034&g_month=12&g_day=31
2035-01-29,Toba 21,Vespers,Gospel,Lk 10:38-52,Lk 10:38-42,source_corrected,source_corrected_from_coptic_reader_web_app_3.7; evidence=sources/coptic-reader/remaining-2026-09-07/2024-01-30-vespers-.txt; verified_date=2024-01-30,https://copticchurch.net/readings?g_year=2035&g_month=01&g_day=29
2035-02-09,Amshir 2,Liturgy,Gospel,Matt 9:33 - 41,Mark 9:33-41,source_corrected,source_corrected_from_coptic_reader_web_app_3.7; evidence=sources/coptic-reader/coptic-reader-live-2026-09-07/2024-02-10-gospel.txt; verified_date=2024-02-10,https://copticchurch.net/readings?g_year=2035&g_month=02&g_day=09
2035-02-23,Amshir 16,Vespers,Gospel,Mk 14:-3-9,Mk 14:3-9,repaired,repaired_negative_verse_marker,https://copticchurch.net/readings?g_year=2035&g_month=02&g_day=23
2035-03-07,Wednesday of the first week of Great Lent,Liturgy,Psalm,Psalm 24:20  &  Psalm 24:16,Ps 25:20; Ps 25:16,source_corrected,source_corrected_from_coptic_reader_text_aligned_to_nkjv; evidence=sources/coptic-reader/remaining-2026-09-07/2026-02-18-liturgy-psalm-and-gospel.txt; verified_date=2026-02-18,https://copticchurch.net/readings?g_year=2035&g_month=03&g_day=07
2035-03-08,Thursday of the first week of Great Lent,Liturgy,Psalm,Psalm 117:14  &  Psalm 117:18,Ps 118:14; Ps 118:18,source_corrected,source_corrected_from_coptic_reader_text_aligned_to_nkjv; evidence=sources/coptic-reader/remaining-2026-09-07/2026-02-19-liturgy-psalm-and-gospel.txt; verified_date=2026-02-19,https://copticchurch.net/readings?g_year=2035&g_month=03&g_day=08
2035-03-12,Monday of the second week of Great Lent,Matins,Prophecy,Exodus 3:6-14,Exod 3:6-14,source_supplement,verified recurring context; evidence=sources/coptic-reader/lent-qualified-2026-10-07/2026-02-23/Prophecies.txt; verified_date=2026-02-23; captured_at=2026-10-07T17:14:31.612Z,https://copticreader.org/app/
2035-03-12,Monday of the second week of Great Lent,Matins,Prophecy,Isaiah 4:2-5:7,Isa 4:2-5:7,source_supplement,verified recurring context; evidence=sources/coptic-reader/lent-qualified-2026-10-07/2026-02-23/Prophecies.txt; verified_date=2026-02-23; captured_at=2026-10-07T17:14:31.612Z,https://copticreader.org/app/
2035-03-13,Tuesday of the second week of Great Lent,Matins,Prophecy,Job 19:1-27,Job 19:1-27,source_supplement,verified recurring context; evidence=sources/coptic-reader/lent-qualified-2026-10-07/2026-02-24/Prophecies.txt; verified_date=2026-02-24; captured_at=2026-10-07T17:15:23.623Z,https://copticreader.org/app/
2035-03-13,Tuesday of the second week of Great Lent,Matins,Prophecy,Isaiah 5:7-16,Isa 5:7-16,source_supplement,verified recurring context; evidence=sources/coptic-reader/lent-qualified-2026-10-07/2026-02-24/Prophecies.txt; verified_date=2026-02-24; captured_at=2026-10-07T17:15:23.623Z,https://copticreader.org/app/
2035-03-14,Wednesday of the second week of Great Lent,Matins,Prophecy,Exodus 2:11-20,Exod 2:11-20,source_supplement,verified recurring context; evidence=sources/coptic-reader/lent-qualified-2026-10-07/2026-02-25/Prophecies.txt; verified_date=2026-02-25; captured_at=2026-10-07T17:15:58.396Z,https://copticreader.org/app/
2035-03-14,Wednesday of the second week of Great Lent,Matins,Prophecy,Isaiah 5:17-25,Isa 5:17-25,source_supplement,verified recurring context; evidence=sources/coptic-reader/lent-qualified-2026-10-07/2026-02-25/Prophecies.txt; verified_date=2026-02-25; captured_at=2026-10-07T17:15:58.396Z,https://copticreader.org/app/
2035-03-15,Thursday of the second week of Great Lent,Matins,Prophecy,Deuteronomy 5:15-22,Deut 5:15-22,source_supplement,verified recurring context; evidence=sources/coptic-reader/lent-qualified-2026-10-07/2026-02-26/Prophecies.txt; verified_date=2026-02-26; captured_at=2026-10-07T17:16:36.181Z,https://copticreader.org/app/
2035-03-15,Thursday of the second week of Great Lent,Matins,Prophecy,Isaiah 6:1-12,Isa 6:1-12,source_supplement,verified recurring context; evidence=sources/coptic-reader/lent-qualified-2026-10-07/2026-02-26/Prophecies.txt; verified_date=2026-02-26; captured_at=2026-10-07T17:16:36.181Z,https://copticreader.org/app/
2035-03-16,Friday of the second week of Great Lent,Matins,Prophecy,Deuteronomy 8:1-9:4,Deut 8:1-9:4,source_supplement,verified recurring context; evidence=sources/coptic-reader/lent-qualified-2026-10-07/2026-02-27/Prophecies.txt; verified_date=2026-02-27; captured_at=2026-10-07T17:17:03.024Z,https://copticreader.org/app/
2035-03-16,Friday of the second week of Great Lent,Matins,Prophecy,1 Samuel 17:1-18:4,1Sam 17:1-18:4,source_supplement,verified recurring context; evidence=sources/coptic-reader/lent-qualified-2026-10-07/2026-02-27/Prophecies.txt; verified_date=2026-02-27; captured_at=2026-10-07T17:17:03.024Z,https://copticreader.org/app/
2035-03-16,Friday of the second week of Great Lent,Matins,Prophecy,Isaiah 7:1-14,Isa 7:1-14,source_supplement,verified recurring context; evidence=sources/coptic-reader/lent-qualified-2026-10-07/2026-02-27/Prophecies.txt; verified_date=2026-02-27; captured_at=2026-10-07T17:17:03.024Z,https://copticreader.org/app/
2035-03-16,Friday of the second week of Great Lent,Matins,Prophecy,Job 11:1-20,Job 11:1-20,source_supplement,verified recurring context; evidence=sources/coptic-reader/lent-qualified-2026-10-07/2026-02-27/Prophecies.txt; verified_date=2026-02-27; captured_at=2026-10-07T17:17:03.024Z,https://copticreader.org/app/
2035-03-20,Tuesday of the third week of Great Lent,Matins,Prophecy,Proverbs 2:1-15,Prov 2:1-15,source_supplement,verified recurring context; evidence=sources/coptic-reader/lent-qualified-2026-10-07/2026-03-03/Prophecies.txt; verified_date=2026-03-03; captured_at=2026-10-07T17:17:34.270Z,https://copticreader.org/app/
2035-03-20,Tuesday of the third week of Great Lent,Matins,Prophecy,Isaiah 10:12-20,Isa 10:12-20,source_supplement,verified recurring context; evidence=sources/coptic-reader/lent-qualified-2026-10-07/2026-03-03/Prophecies.txt; verified_date=2026-03-03; captured_at=2026-10-07T17:17:34.270Z,https://copticreader.org/app/
2035-03-21,Wednesday of the third week of Great Lent,Matins,Prophecy,Exodus 4:19-6:13,Exod 4:19-6:13,source_supplement,verified recurring context; evidence=sources/coptic-reader/lent-week3-wednesday-2026-10-07/coptic-reader-2026-03-04-matins-prophecies.txt; verified_date=2026-03-04; captured_at=2026-10-07,https://copticreader.org/app/
2035-03-21,Wednesday of the third week of Great Lent,Matins,Prophecy,Joel 2:21-27,Joel 2:21-27,source_supplement,verified recurring context; evidence=sources/coptic-reader/lent-week3-wednesday-2026-10-07/coptic-reader-2026-03-04-matins-prophecies.txt; verified_date=2026-03-04; captured_at=2026-10-07,https://copticreader.org/app/
2035-03-21,Wednesday of the third week of Great Lent,Matins,Prophecy,Isaiah 9:9-10:4,Isa 9:9-10:4,source_supplement,verified recurring context; evidence=sources/coptic-reader/lent-week3-wednesday-2026-10-07/coptic-reader-2026-03-04-matins-prophecies.txt; verified_date=2026-03-04; captured_at=2026-10-07,https://copticreader.org/app/
2035-03-21,Wednesday of the third week of Great Lent,Matins,Prophecy,Job 12:1-14:22,Job 12:1-14:22,source_supplement,verified recurring context; evidence=sources/coptic-reader/lent-week3-wednesday-2026-10-07/coptic-reader-2026-03-04-matins-prophecies.txt; verified_date=2026-03-04; captured_at=2026-10-07,https://copticreader.org/app/
2035-03-22,Thursday of the third week of Great Lent,Matins,Prophecy,Genesis 18:17-19:29,Gen 18:17-19:29,source_supplement,verified recurring context; evidence=sources/coptic-reader/lent-qualified-2026-10-07/2026-03-05/Prophecies.txt; verified_date=2026-03-05; captured_at=2026-10-07T17:17:49.562Z,https://copticreader.org/app/
2035-03-22,Thursday of the third week of Great Lent,Matins,Prophecy,Proverbs 2:16-3:4,Prov 2:16-3:4,source_supplement,verified recurring context; evidence=sources/coptic-reader/lent-qualified-2026-10-07/2026-03-05/Prophecies.txt; verified_date=2026-03-05; captured_at=2026-10-07T17:17:49.562Z,https://copticreader.org/app/
2035-03-22,Thursday of the third week of Great Lent,Matins,Prophecy,Isaiah 11:10-12:2,Isa 11:10-12:2,source_supplement,verified recurring context; evidence=sources/coptic-reader/lent-qualified-2026-10-07/2026-03-05/Prophecies.txt; verified_date=2026-03-05; captured_at=2026-10-07T17:17:49.562Z,https://copticreader.org/app/
2035-03-26,Monday of the fourth week of Great Lent,Matins,Prophecy,Genesis 27:1-41,Gen 27:1-41,source_supplement,verified recurring context; evidence=sources/coptic-reader/lent-qualified-2026-10-07/2026-03-09/Prophecies.txt; verified_date=2026-03-09; captured_at=2026-10-07T17:24:38.921Z,https://copticreader.org/app/
2035-03-26,Monday of the fourth week of Great Lent,Matins,Prophecy,Isaiah 14:24-32,Isa 14:24-32,source_supplement,verified recurring context; evidence=sources/coptic-reader/lent-qualified-2026-10-07/2026-03-09/Prophecies.txt; verified_date=2026-03-09; captured_at=2026-10-07T17:24:38.921Z,https://copticreader.org/app/
2035-03-26,Monday of the fourth week of Great Lent,Matins,Prophecy,Job 16:1-17:16,Job 16:1-17:16,source_supplement,verified recurring context; evidence=sources/coptic-reader/lent-qualified-2026-10-07/2026-03-09/Prophecies.txt; verified_date=2026-03-09; captured_at=2026-10-07T17:24:38.921Z,https://copticreader.org/app/
2035-03-28,Wednesday of the fourth week of Great Lent,Liturgy,Pauline Epistle,Ephesians 4:17-33,Eph 4:17-32,source_corrected,source_corrected_from_coptic_reader_web_app_3.7; evidence=sources/coptic-reader/remaining-2026-09-07/2026-03-11-liturgy-pauline-epistle.txt; verified_date=2026-03-11,https://copticchurch.net/readings?g_year=2035&g_month=03&g_day=28
2035-03-28,Wednesday of the fourth week of Great Lent,Matins,Prophecy,Exodus 7:14-8:19,Exod 7:14-8:19,source_supplement,verified recurring context; evidence=sources/coptic-reader/lent-qualified-2026-10-07/2026-03-11/Prophecies.txt; verified_date=2026-03-11; captured_at=2026-10-07T17:25:31.767Z,https://copticreader.org/app/
2035-03-28,Wednesday of the fourth week of Great Lent,Matins,Prophecy,Joel 2:28-32,Joel 2:28-32,source_supplement,verified recurring context; evidence=sources/coptic-reader/lent-qualified-2026-10-07/2026-03-11/Prophecies.txt; verified_date=2026-03-11; captured_at=2026-10-07T17:25:31.767Z,https://copticreader.org/app/
2035-03-28,Wednesday of the fourth week of Great Lent,Matins,Prophecy,Job 1:1-22,Job 1:1-22,source_supplement,verified recurring context; evidence=sources/coptic-reader/lent-qualified-2026-10-07/2026-03-11/Prophecies.txt; verified_date=2026-03-11; captured_at=2026-10-07T17:25:31.767Z,https://copticreader.org/app/
2035-03-28,Wednesday of the fourth week of Great Lent,Matins,Prophecy,Isaiah 26:21-27:9,Isa 26:21-27:9,source_supplement,verified recurring context; evidence=sources/coptic-reader/lent-qualified-2026-10-07/2026-03-11/Prophecies.txt; verified_date=2026-03-11; captured_at=2026-10-07T17:25:31.767Z,https://copticreader.org/app/
2035-03-29,Thursday of the fourth week of Great Lent,Matins,Prophecy,Genesis 32:1-30,Gen 32:1-30,source_supplement,verified recurring context; evidence=sources/coptic-reader/lent-qualified-2026-10-07/2026-03-12/Prophecies.txt; verified_date=2026-03-12; captured_at=2026-10-07T17:26:02.062Z,https://copticreader.org/app/
2035-03-29,Thursday of the fourth week of Great Lent,Matins,Prophecy,Isaiah 28:14-22,Isa 28:14-22,source_supplement,verified recurring context; evidence=sources/coptic-reader/lent-qualified-2026-10-07/2026-03-12/Prophecies.txt; verified_date=2026-03-12; captured_at=2026-10-07T17:26:02.062Z,https://copticreader.org/app/
2035-03-29,Thursday of the fourth week of Great Lent,Matins,Prophecy,Job 20:1-29,Job 20:1-29,source_supplement,verified recurring context; evidence=sources/coptic-reader/lent-qualified-2026-10-07/2026-03-12/Prophecies.txt; verified_date=2026-03-12; captured_at=2026-10-07T17:26:02.062Z,https://copticreader.org/app/
2035-03-29,Thursday of the fourth week of Great Lent,Matins,Prophecy,Daniel 6:1-27,Dan 6:1-27,source_supplement,verified recurring context; evidence=sources/coptic-reader/lent-qualified-2026-10-07/2026-03-12/Prophecies.txt; verified_date=2026-03-12; captured_at=2026-10-07T17:26:02.062Z,https://copticreader.org/app/
2035-03-31,Saturday of the fourth week of Great Lent,Liturgy,Psalm,Psalm 61:1  &  Psalm 610:5,"Psalm 61:1,5",source_corrected,"source_corrected_from_katameros_api_2026_06_18; live API returned Ps 61:1,5",https://copticchurch.net/readings?g_year=2035&g_month=03&g_day=31
2035-04-01,Sunday of the fourth week of Great Lent,Matins,Psalm,Psalm 31:24  &  Psalm 31:33,Ps 31:24; Ps 31:23,source_corrected,source_corrected_from_coptic_reader_text_aligned_to_nkjv; evidence=sources/coptic-reader/remaining-2026-09-07/2026-03-15-matins-.txt; verified_date=2026-03-15,https://copticchurch.net/readings?g_year=2035&g_month=04&g_day=01
2035-04-02,Monday of the fifth week of Great Lent,Matins,Prophecy,Proverbs 3:5-18,Prov 3:5-18,source_supplement,verified recurring context; evidence=sources/coptic-reader/lent-qualified-2026-10-07/2026-03-16/Prophecies.txt; verified_date=2026-03-16; captured_at=2026-10-07T17:26:21.295Z,https://copticreader.org/app/
2035-04-02,Monday of the fifth week of Great Lent,Matins,Prophecy,Isaiah 37:33-38:6,Isa 37:33-38:6,source_supplement,verified recurring context; evidence=sources/coptic-reader/lent-qualified-2026-10-07/2026-03-16/Prophecies.txt; verified_date=2026-03-16; captured_at=2026-10-07T17:26:21.295Z,https://copticreader.org/app/
2035-04-02,Monday of the fifth week of Great Lent,Matins,Prophecy,Job 22:1-30,Job 22:1-30,source_supplement,verified recurring context; evidence=sources/coptic-reader/lent-qualified-2026-10-07/2026-03-16/Prophecies.txt; verified_date=2026-03-16; captured_at=2026-10-07T17:26:21.295Z,https://copticreader.org/app/
2035-04-03,Tuesday of the fifth week of Great Lent,Matins,Prophecy,Numbers 10:35-11:35,Num 10:35-11:35,source_supplement,verified recurring context; evidence=sources/coptic-reader/lent-qualified-2026-10-07/2026-03-17/Prophecies.txt; verified_date=2026-03-17; captured_at=2026-10-07T17:26:23.098Z,https://copticreader.org/app/
2035-04-03,Tuesday of the fifth week of Great Lent,Matins,Prophecy,Proverbs 3:19-4:9,Prov 3:19-4:9,source_supplement,verified recurring context; evidence=sources/coptic-reader/lent-qualified-2026-10-07/2026-03-17/Prophecies.txt; verified_date=2026-03-17; captured_at=2026-10-07T17:26:23.098Z,https://copticreader.org/app/
2035-04-03,Tuesday of the fifth week of Great Lent,Matins,Prophecy,Isaiah 40:1-8,Isa 40:1-8,source_supplement,verified recurring context; evidence=sources/coptic-reader/lent-qualified-2026-10-07/2026-03-17/Prophecies.txt; verified_date=2026-03-17; captured_at=2026-10-07T17:26:23.098Z,https://copticreader.org/app/
2035-04-03,Tuesday of the fifth week of Great Lent,Matins,Prophecy,Job 25:1-6,Job 25:1-6,source_supplement,verified recurring context; evidence=sources/coptic-reader/lent-qualified-2026-10-07/2026-03-17/Prophecies.txt; verified_date=2026-03-17; captured_at=2026-10-07T17:26:23.098Z,https://copticreader.org/app/
2035-04-03,Tuesday of the fifth week of Great Lent,Matins,Prophecy,Job 26:1-14,Job 26:1-14,source_supplement,verified recurring context; evidence=sources/coptic-reader/lent-qualified-2026-10-07/2026-03-17/Prophecies.txt; verified_date=2026-03-17; captured_at=2026-10-07T17:26:23.098Z,https://copticreader.org/app/
2035-04-08,Sunday of the fifth week of Great Lent,Matins,Psalm,Psalm 101:1  &  Psalm 101:2  &  Psalm 101:12,Ps 102:1-2; Ps 102:12,source_corrected,source_corrected_from_coptic_reader_text_aligned_to_nkjv; evidence=sources/coptic-reader/remaining-2026-09-07/2026-03-22-matins-.txt; verified_date=2026-03-22,https://copticchurch.net/readings?g_year=2035&g_month=04&g_day=08
2035-07-11,Abib 4,Vespers,Psalm,Psalm 68:65  &  Psalm 68:3,Ps 68:35; Ps 68:3,source_corrected,source_corrected_from_coptic_reader_text_aligned_to_nkjv; evidence=sources/coptic-reader/remaining-2026-09-07/2023-07-11-vespers-.txt; verified_date=2023-07-11,https://copticchurch.net/readings?g_year=2035&g_month=07&g_day=11
2035-07-14,Abib 7,Liturgy,Gospel,Matt 9:33 - 41,Mark 9:33-41,source_corrected,source_corrected_from_coptic_reader_web_app_3.7; evidence=sources/coptic-reader/coptic-reader-live-2026-09-07/2023-07-14-gospel.txt; verified_date=2023-07-14,https://copticchurch.net/readings?g_year=2035&g_month=07&g_day=14
2035-07-19,Abib 12,Vespers,Psalm,Psalm 68:65  &  Psalm 68:3,Ps 68:35; Ps 68:3,source_corrected,source_corrected_from_coptic_reader_text_aligned_to_nkjv; evidence=sources/coptic-reader/remaining-2026-09-07/2023-07-19-vespers-.txt; verified_date=2023-07-19,https://copticchurch.net/readings?g_year=2035&g_month=07&g_day=19
2035-07-28,Abib 21,Matins,Gospel,Mk 19:9-13,Mark 13:9-13,source_corrected,source_corrected_from_katameros_api_2026_06_18; live API returned Mark 13:9-13,https://copticchurch.net/readings?g_year=2035&g_month=07&g_day=28
2035-07-31,Abib 24,Vespers,Psalm,Psalm 68:65  &  Psalm 68:3,Ps 68:35; Ps 68:3,source_corrected,source_corrected_from_coptic_reader_text_aligned_to_nkjv; evidence=sources/coptic-reader/remaining-2026-09-07/2023-07-31-vespers-.txt; verified_date=2023-07-31,https://copticchurch.net/readings?g_year=2035&g_month=07&g_day=31
2035-08-07,St Mary's Fast,Vespers,Psalm,Psalm 68:65  &  Psalm 68:3,Ps 68:35; Ps 68:3,source_corrected,source_corrected_from_coptic_reader_text_aligned_to_nkjv; evidence=sources/coptic-reader/remaining-2026-09-07/2023-08-07-vespers-.txt; verified_date=2023-08-07,https://copticchurch.net/readings?g_year=2035&g_month=08&g_day=07
2035-08-11,Mesra 5,Liturgy,Gospel,Matt 3:23—  &  Matt 5:1-16,Matt 4:23-5:16,source_corrected,source_corrected_from_coptic_reader_web_app_3.7; evidence=sources/coptic-reader/remaining-2026-09-07/2023-08-11-liturgy-psalm-and-gospel.txt; verified_date=2023-08-11,https://copticchurch.net/readings?g_year=2035&g_month=08&g_day=11
2035-08-13,Mesra 7,Vespers,Gospel,Mk 14:-39,Mk 14:39,repaired,repaired_negative_verse_marker,https://copticchurch.net/readings?g_year=2035&g_month=08&g_day=13
2035-08-15,Mesra 9,Vespers,Psalm,Psalm 68:65  &  Psalm 68:3,Ps 68:35; Ps 68:3,source_corrected,source_corrected_from_coptic_reader_text_aligned_to_nkjv; evidence=sources/coptic-reader/remaining-2026-09-07/2023-08-15-vespers-.txt; verified_date=2023-08-15,https://copticchurch.net/readings?g_year=2035&g_month=08&g_day=15
2035-08-22,Mesra 16 (St Mary's Feast),Vespers,Gospel,Lk 10:38-52,Lk 10:38-42,source_corrected,source_corrected_from_coptic_reader_web_app_3.7; evidence=sources/coptic-reader/remaining-2026-09-07/2023-08-22-vespers-.txt; verified_date=2023-08-22,https://copticchurch.net/readings?g_year=2035&g_month=08&g_day=22
2035-08-25,Mesra 19,Liturgy,Catholic Epistle,Jm 1:1-12,James 1:12-21,source_corrected,source_corrected_from_george_user-supplied_correction; evidence=sources/user-corrections/mesra-19-james.json,https://copticchurch.net/readings?g_year=2035&g_month=08&g_day=25
2035-08-29,Mesra 23,Liturgy,Pauline Epistle,Rom 8:28:39,Rom 8:28-39,source_corrected,source_corrected_from_katameros_api_2026_06_18; live API returned Rom 8:28-39,https://copticchurch.net/readings?g_year=2035&g_month=08&g_day=29
2035-08-31,Mesra 25,Liturgy,Acts of the Apostles,Acts 18:24—  &  Acts 9:1-6,Acts 18:24-28; Acts 19:1-6,source_corrected,source_corrected_from_katameros_api_2026_06_18; live API returned Acts 18:24-28 and Acts 19:1-6,https://copticchurch.net/readings?g_year=2035&g_month=08&g_day=31
2035-09-01,Mesra 26,Liturgy,Pauline Epistle,Rom 7:14-27,Rom 8:14-27,source_corrected,source_corrected_from_coptic_reader_web_app_3.7; evidence=sources/coptic-reader/remaining-2026-09-07/2023-09-01-liturgy-pauline-epistle.txt; verified_date=2023-09-01,https://copticchurch.net/readings?g_year=2035&g_month=09&g_day=01
2035-09-04,Mesra 29,Liturgy,Acts of the Apostles,Acts 5:34:42,Acts 5:34-42,source_corrected,source_corrected_from_katameros_api_2026_06_18; live API returned Acts 5:34-42,https://copticchurch.net/readings?g_year=2035&g_month=09&g_day=04
2035-09-16,The first Sunday of Tout,Liturgy,Pauline Epistle,1Tim 1:12-27,1Tim 1:12-19,source_corrected,source_corrected_from_coptic_reader_web_app_3.7; evidence=sources/coptic-reader/coptic-reader-live-2026-09-07/2023-09-17-pauline.txt; verified_date=2023-09-17,https://copticchurch.net/readings?g_year=2035&g_month=09&g_day=16
2035-09-16,The first Sunday of Tout,Liturgy,Psalm,Psalm 31:26  &  Psalm 31:19,Ps 31:23; Ps 31:19,source_corrected,source_corrected_from_coptic_reader_text_aligned_to_nkjv; evidence=sources/coptic-reader/remaining-2026-09-07/2023-09-17-liturgy-psalm-and-gospel.txt; verified_date=2023-09-17,https://copticchurch.net/readings?g_year=2035&g_month=09&g_day=16
2035-10-02,Tout 21,Liturgy,Catholic Epistle,Jn 2:7-11,1Jn 2:7-11,source_corrected,source_corrected; verified 1 John 2:7-11 at https://api.katameros.app/readings/gregorian/01-10-2026?languageId=2,https://copticchurch.net/readings?g_year=2035&g_month=10&g_day=02
2035-10-04,Tout 23,Liturgy,Catholic Epistle,Jn 2:7-11,1Jn 2:7-11,source_corrected,source_corrected; verified 1 John 2:7-11 at https://api.katameros.app/readings/gregorian/01-10-2026?languageId=2,https://copticchurch.net/readings?g_year=2035&g_month=10&g_day=04
2035-12-13,Kiak 3,Vespers,Gospel,Lk 10:38-52,Lk 10:38-42,source_corrected,source_corrected_from_coptic_reader_web_app_3.7; evidence=sources/coptic-reader/remaining-2026-09-07/2022-12-12-vespers-.txt; verified_date=2022-12-12,https://copticchurch.net/readings?g_year=2035&g_month=12&g_day=13
