identity_key,display_ref,canonical_mt_ref,canonical_lxx_ref,total_occurrences,current_occurrences,historical_occurrences,source_kinds,sample_liturgical_places,hour_themes,patristic_homily_slug,chapter_study_slug,audio_slug,site_note
rid_a957214de809fb6c875f,LXX Ps 41:1 (MT equivalent pending),,Ps 41:1,1,1,0,coptic_reader_fixture,Wednesday | Third Hour | psalm,the descent of the Holy Spirit and the trial of the heart,,,,Patristic homily linkage is not present in this repo and must be joined from the site corpus when George pushes.
rid_c31cd01a2624fa13620d,1Chr 29:10-13,1Chr 29:10-13,1Chr 29:10-13,1,1,0,bright_saturday_service_order,Bright Saturday | Midnight Praises | Prayer of David,,,1chr-29,1chr-29,Patristic homily linkage is not present in this repo and must be joined from the site corpus when George pushes.
rid_f72fd6622211f0669570,1Cor 10:1-13,1Cor 10:1-13,1Cor 10:1-13,18,18,0,copticchurch_date; katameros_cycle; special_service,Friday of the sixth week of Great Lent | Liturgy | Pauline Epistle,the Eucharistic gathering of the Church,,1cor-10,1cor-10,Patristic homily linkage is not present in this repo and must be joined from the site corpus when George pushes.
rid_f3ad0137d2cc8b9a757c,1Cor 10:14-11:1,1Cor 10:14-11:1,1Cor 10:14-11:1,15,15,0,copticchurch_date,Thursday of the fifth week of Great Lent | Liturgy | Pauline Epistle,the Eucharistic gathering of the Church,,1cor-10,1cor-10,Patristic homily linkage is not present in this repo and must be joined from the site corpus when George pushes.
rid_5a50638a444324892993,1Cor 10:14-33,1Cor 10:14-33,1Cor 10:14-33,1,1,0,katameros_cycle,liturgy_pauline | liturgy_pauline,,,1cor-10,1cor-10,Patristic homily linkage is not present in this repo and must be joined from the site corpus when George pushes.
rid_4e11f77bd111d515b22e,1Cor 10:25-11:1,1Cor 10:25-11:1,1Cor 10:25-11:1,14,14,0,copticchurch_date,Mesra 29 | Liturgy | Pauline Epistle,the Eucharistic gathering of the Church,,1cor-10,1cor-10,Patristic homily linkage is not present in this repo and must be joined from the site corpus when George pushes.
rid_d5c6b4ed8367a4bcb035,1Cor 10:25-32,1Cor 10:25-32,1Cor 10:25-32,1,1,0,katameros_cycle,liturgy_pauline | liturgy_pauline,,,1cor-10,1cor-10,Patristic homily linkage is not present in this repo and must be joined from the site corpus when George pushes.
rid_ba68661deadf64018e16,1Cor 11:1,1Cor 11:1,1Cor 11:1,2,2,0,katameros_cycle,liturgy_pauline | liturgy_pauline,,,1cor-11,1cor-11,Patristic homily linkage is not present in this repo and must be joined from the site corpus when George pushes.
rid_c3d717a36e1c02bc8675,1Cor 11:2-16,1Cor 11:2-16,1Cor 11:2-16,17,17,0,copticchurch_date; katameros_cycle,Friday of the sixth week of the holy fifty days | Liturgy | Pauline Epistle,the Eucharistic gathering of the Church,,1cor-11,1cor-11,Patristic homily linkage is not present in this repo and must be joined from the site corpus when George pushes.
rid_050475f781f932c674c6,1Cor 11:23-34,1Cor 11:23-34,1Cor 11:23-34,1,0,1,pascha_source_text,the Covenant Thursday | Liturgy | Pauline,the Eucharistic gathering of the Church,,1cor-11,1cor-11,Patristic homily linkage is not present in this repo and must be joined from the site corpus when George pushes.
rid_5fa4e81d52e23be6f2b5,1Cor 12:1-31,1Cor 12:1-31,1Cor 12:1-31,17,17,0,copticchurch_date; katameros_cycle,Pentecost | Liturgy | Pauline Epistle,the Eucharistic gathering of the Church,,1cor-12,1cor-12,Patristic homily linkage is not present in this repo and must be joined from the site corpus when George pushes.
rid_f2d4b37700ebd0305b6f,1Cor 12:28-13:8,1Cor 12:28-13:8,1Cor 12:28-13:8,1,1,0,special_service,unction_of_the_sick | third_prayer | third_prayer,,,1cor-12,1cor-12,Patristic homily linkage is not present in this repo and must be joined from the site corpus when George pushes.
rid_8213ac1cca66b6f6ddfb,1Cor 12:28-31,1Cor 12:28-31,1Cor 12:28-31,1,1,0,special_service,pentecost_prostration | main_readings | main_readings,,,1cor-12,1cor-12,Patristic homily linkage is not present in this repo and must be joined from the site corpus when George pushes.
rid_657ca0718814bb870b2b,1Cor 12:31,1Cor 12:31,1Cor 12:31,2,2,0,katameros_cycle,liturgy_pauline | liturgy_pauline || Saturday before Pentecost | liturgy_pauline | liturgy_pauline,,,1cor-12,1cor-12,Patristic homily linkage is not present in this repo and must be joined from the site corpus when George pushes.
rid_7d326b9e0ee3d70dd193,1Cor 12:31-14:1,1Cor 12:31-14:1,1Cor 12:31-14:1,15,15,0,copticchurch_date,Thursday of the fourth week of Great Lent | Liturgy | Pauline Epistle,the Eucharistic gathering of the Church,,1cor-12,1cor-12,Patristic homily linkage is not present in this repo and must be joined from the site corpus when George pushes.
rid_b95773cfc79913d81f5c,1Cor 12:31-14:4,1Cor 12:31-14:4,1Cor 12:31-14:4,16,16,0,copticchurch_date,Saturday of the seventh week of the holy fifty days | Liturgy | Pauline Epistle,the Eucharistic gathering of the Church,,1cor-12,1cor-12,Patristic homily linkage is not present in this repo and must be joined from the site corpus when George pushes.
rid_c2cb4f70461f4e0c7e56,1Cor 13:1-12,1Cor 13:1-12,1Cor 13:1-12,1,1,0,special_service,pentecost_prostration | main_readings | main_readings,,,1cor-13,1cor-13,Patristic homily linkage is not present in this repo and must be joined from the site corpus when George pushes.
rid_bc9bf43f3795d2c1c256,1Cor 13:1-13,1Cor 13:1-13,1Cor 13:1-13,2,2,0,katameros_cycle,liturgy_pauline | liturgy_pauline || Saturday before Pentecost | liturgy_pauline | liturgy_pauline,,,1cor-13,1cor-13,Patristic homily linkage is not present in this repo and must be joined from the site corpus when George pushes.
rid_ef7788ec8f9722572282,1Cor 13:11-13,1Cor 13:11-13,1Cor 13:11-13,1,1,0,katameros_cycle,liturgy_pauline | liturgy_pauline,,,1cor-13,1cor-13,Patristic homily linkage is not present in this repo and must be joined from the site corpus when George pushes.
rid_4a1a20a9746147f21b9c,1Cor 13:11-14:4,1Cor 13:11-14:4,1Cor 13:11-14:4,24,24,0,copticchurch_date,Amshir 7 | Liturgy | Pauline Epistle || Fast of Ninevah | Liturgy | Pauline Epistle || Toba 3 | Liturgy | Pauline Epistle,the Eucharistic gathering of the Church,,1cor-13,1cor-13,Patristic homily linkage is not present in this repo and must be joined from the site corpus when George pushes.
rid_1e69c4e36860c6ab7a52,1Cor 13:13-14:17,1Cor 13:13-14:17,1Cor 13:13-14:17,1,1,0,special_service,pentecost_prostration | main_readings | main_readings,,,1cor-13,1cor-13,Patristic homily linkage is not present in this repo and must be joined from the site corpus when George pushes.
rid_a5863c59d0537664e6c2,1Cor 14:1,1Cor 14:1,1Cor 14:1,1,1,0,katameros_cycle,liturgy_pauline | liturgy_pauline,,,1cor-14,1cor-14,Patristic homily linkage is not present in this repo and must be joined from the site corpus when George pushes.
rid_562685130a71f3ea6163,1Cor 14:1-4,1Cor 14:1-4,1Cor 14:1-4,2,2,0,katameros_cycle,liturgy_pauline | liturgy_pauline || Saturday before Pentecost | liturgy_pauline | liturgy_pauline,,,1cor-14,1cor-14,Patristic homily linkage is not present in this repo and must be joined from the site corpus when George pushes.
rid_8912b338be418f50c3ed,1Cor 14:12-17,1Cor 14:12-17,1Cor 14:12-17,17,17,0,copticchurch_date; katameros_cycle,Friday of the seventh week of the holy fifty days | Liturgy | Pauline Epistle,the Eucharistic gathering of the Church,,1cor-14,1cor-14,Patristic homily linkage is not present in this repo and must be joined from the site corpus when George pushes.
rid_88900cd8f9e3ee22a25a,1Cor 14:18-25,1Cor 14:18-25,1Cor 14:18-25,15,15,0,copticchurch_date; katameros_cycle,The fifth Sunday of Abib | Liturgy | Pauline Epistle || The fifth Sunday of Bashons | Liturgy | Pauline Epistle || The fifth Sunday of Mesra | Liturgy | Pauline Epistle || The fifth Sunday of Paona | Liturgy | Pauline Epistle || Fifth Sunday of Abib | liturgy_pauline | liturgy_pauline || Fifth Sunday of Baramhat | liturgy_pauline | liturgy_pauline || Fifth Sunday of Baramudah | liturgy_pauline | liturgy_pauline,the Eucharistic gathering of the Church,,1cor-14,1cor-14,Patristic homily linkage is not present in this repo and must be joined from the site corpus when George pushes.
rid_6a9410f6d9c360b425e5,1Cor 14:18-28,1Cor 14:18-28,1Cor 14:18-28,17,17,0,copticchurch_date; katameros_cycle,Tuesday of the sixth week of Great Lent | Liturgy | Pauline Epistle,the Eucharistic gathering of the Church,,1cor-14,1cor-14,Patristic homily linkage is not present in this repo and must be joined from the site corpus when George pushes.
rid_ce47e31e4d0fa95fb300,1Cor 14:18-33,1Cor 14:18-33,1Cor 14:18-33,3,3,0,copticchurch_date; katameros_cycle,The fourth Sunday of Bashons | Liturgy | Pauline Epistle || Fourth Sunday of Bashans | liturgy_pauline | liturgy_pauline,the Eucharistic gathering of the Church,,1cor-14,1cor-14,Patristic homily linkage is not present in this repo and must be joined from the site corpus when George pushes.
rid_50539ad2fbcd0ae35fe5,1Cor 14:18-40,1Cor 14:18-40,1Cor 14:18-40,1,1,0,special_service,pentecost_prostration | main_readings | main_readings,,,1cor-14,1cor-14,Patristic homily linkage is not present in this repo and must be joined from the site corpus when George pushes.
rid_62e55b71e4923a37c013,1Cor 14:5-11,1Cor 14:5-11,1Cor 14:5-11,17,17,0,copticchurch_date; katameros_cycle,Thursday of the seventh week of the holy fifty days | Liturgy | Pauline Epistle,the Eucharistic gathering of the Church,,1cor-14,1cor-14,Patristic homily linkage is not present in this repo and must be joined from the site corpus when George pushes.
rid_0fabf79268fbc6a8f389,1Cor 14:5-17,1Cor 14:5-17,1Cor 14:5-17,16,16,0,copticchurch_date; katameros_cycle,Tuesday of the seventh week of Great Lent | Liturgy | Pauline Epistle,the Eucharistic gathering of the Church,,1cor-14,1cor-14,Patristic homily linkage is not present in this repo and must be joined from the site corpus when George pushes.
rid_510ef64cea70eb604bf0,1Cor 15:1-22,1Cor 15:1-22,1Cor 15:1-22,2,2,0,bright_saturday_service_order; pascha_day_hour,Bright Saturday | Liturgy | Pauline Epistle || Bright Saturday | Liturgy | Pauline,the Eucharistic gathering of the Church,,1cor-15,1cor-15,Patristic homily linkage is not present in this repo and must be joined from the site corpus when George pushes.
rid_f4849efdaf2a771b63bb,1Cor 15:1-23,1Cor 15:1-23,1Cor 15:1-23,1,1,0,special_service,funeral | part_1 | part_1,,,1cor-15,1cor-15,Patristic homily linkage is not present in this repo and must be joined from the site corpus when George pushes.
rid_654ca9e2542635d77575,1Cor 15:1-27,1Cor 15:1-27,1Cor 15:1-27,1,1,0,special_service,general_funeral | main_readings | main_readings,,,1cor-15,1cor-15,Patristic homily linkage is not present in this repo and must be joined from the site corpus when George pushes.
rid_b5376eb8e7fff035261d,1Cor 15:23-49,1Cor 15:23-49,1Cor 15:23-49,17,17,0,copticchurch_date; katameros_cycle,The Feast of Resurrection | Liturgy | Pauline Epistle,the Eucharistic gathering of the Church,,1cor-15,1cor-15,Patristic homily linkage is not present in this repo and must be joined from the site corpus when George pushes.
rid_0a2357fd9efb6dbd9e7e,1Cor 15:39-49,1Cor 15:39-49,1Cor 15:39-49,1,1,0,special_service,funeral | part_2 | part_2,,,1cor-15,1cor-15,Patristic homily linkage is not present in this repo and must be joined from the site corpus when George pushes.
rid_f4a57c595ed485c766ce,1Cor 15:50-58,1Cor 15:50-58,1Cor 15:50-58,18,18,0,copticchurch_date; katameros_cycle; special_service,Wednesday of the first week of the holy fifty days | Liturgy | Pauline Epistle,the Eucharistic gathering of the Church,,1cor-15,1cor-15,Patristic homily linkage is not present in this repo and must be joined from the site corpus when George pushes.
rid_9c927e9afe30d7a8741e,1Cor 15:57-16,1Cor 15:57-16,1Cor 15:57-16,1,1,0,katameros_cycle,liturgy_pauline | liturgy_pauline,,,1cor-15,1cor-15,Patristic homily linkage is not present in this repo and must be joined from the site corpus when George pushes.
rid_ca7f7d462f90bd19a5b4,1Cor 15:57-16:8,1Cor 15:57-16:8,1Cor 15:57-16:8,16,16,0,copticchurch_date,Sunday of the sixth week of the holy fifty days | Liturgy | Pauline Epistle,the Eucharistic gathering of the Church,,1cor-15,1cor-15,Patristic homily linkage is not present in this repo and must be joined from the site corpus when George pushes.
rid_b00f5051d7b98f2cd736,1Cor 16:12-23,1Cor 16:12-23,1Cor 16:12-23,16,16,0,copticchurch_date,The third Sunday of Baba | Liturgy | Pauline Epistle,the Eucharistic gathering of the Church,,1cor-16,1cor-16,Patristic homily linkage is not present in this repo and must be joined from the site corpus when George pushes.
rid_b26f6d285b33240934a2,1Cor 16:12-24,1Cor 16:12-24,1Cor 16:12-24,1,1,0,katameros_cycle,Third Sunday of Babah | liturgy_pauline | liturgy_pauline,,,1cor-16,1cor-16,Patristic homily linkage is not present in this repo and must be joined from the site corpus when George pushes.
rid_3d299c713070875f48f4,1Cor 1:1-16,1Cor 1:1-16,1Cor 1:1-16,2,2,0,copticchurch_date; katameros_cycle,The fourth Sunday of Amshir | Liturgy | Pauline Epistle || Fourth Sunday of Amshir | liturgy_pauline | liturgy_pauline,the Eucharistic gathering of the Church,,1cor-1,1cor-1,Patristic homily linkage is not present in this repo and must be joined from the site corpus when George pushes.
rid_c56c5ecd4867429784bb,1Cor 1:1-17,1Cor 1:1-17,1Cor 1:1-17,21,21,0,copticchurch_date; katameros_cycle,Epiphany Paramoune | Liturgy | Pauline Epistle,the Eucharistic gathering of the Church,,1cor-1,1cor-1,Patristic homily linkage is not present in this repo and must be joined from the site corpus when George pushes.
rid_f48f7d55b9548abdea42,1Cor 1:17-31,1Cor 1:17-31,1Cor 1:17-31,49,49,0,copticchurch_date; katameros_cycle,Friday of the second week of Great Lent <br>(Feast of the Cross - Readings of 10th Baramhat) | Liturgy | Pauline Epistle || Mesra 12 | Liturgy | Pauline Epistle,the Eucharistic gathering of the Church,,1cor-1,1cor-1,Patristic homily linkage is not present in this repo and must be joined from the site corpus when George pushes.
rid_65e4f9cea487eb2f68e7,1Cor 1:23-2:5,1Cor 1:23-2:5,1Cor 1:23-2:5,1,0,1,pascha_source_text,Good Friday | First Hour | Pauline,the beginning of the day and watchfulness,,1cor-1,1cor-1,Patristic homily linkage is not present in this repo and must be joined from the site corpus when George pushes.
rid_50a6694c3f52d0c2abca,1Cor 2:1-16,1Cor 2:1-16,1Cor 2:1-16,10,10,0,copticchurch_date; katameros_cycle,The third Sunday of Tout | Liturgy | Pauline Epistle || Third Sunday of Tut | liturgy_pauline | liturgy_pauline,the Eucharistic gathering of the Church,,1cor-2,1cor-2,Patristic homily linkage is not present in this repo and must be joined from the site corpus when George pushes.
rid_afb964274d93f8e283f9,1Cor 2:1-8,1Cor 2:1-8,1Cor 2:1-8,17,17,0,copticchurch_date; katameros_cycle,Lazarus Saturday of Great Lent | Liturgy | Pauline Epistle,the Eucharistic gathering of the Church,,1cor-2,1cor-2,Patristic homily linkage is not present in this repo and must be joined from the site corpus when George pushes.
rid_deee8e51f32e0fb0c5fe,1Cor 2:6-16,1Cor 2:6-16,1Cor 2:6-16,11,11,0,copticchurch_date; katameros_cycle,The second Sunday of Paona | Liturgy | Pauline Epistle || Second Sunday of Baunahh | liturgy_pauline | liturgy_pauline,the Eucharistic gathering of the Church,,1cor-2,1cor-2,Patristic homily linkage is not present in this repo and must be joined from the site corpus when George pushes.
rid_841929ca36fafb1704a8,1Cor 3:1-8,1Cor 3:1-8,1Cor 3:1-8,99,99,0,copticchurch_date; katameros_cycle,Abib 15 | Liturgy | Pauline Epistle,the Eucharistic gathering of the Church,,1cor-3,1cor-3,Patristic homily linkage is not present in this repo and must be joined from the site corpus when George pushes.
rid_11564142c0f83b3a97d1,1Cor 3:4-23,1Cor 3:4-23,1Cor 3:4-23,137,137,0,copticchurch_date; katameros_cycle,Amshir 12 | Liturgy | Pauline Epistle || Amshir 19 | Liturgy | Pauline Epistle,the Eucharistic gathering of the Church,,1cor-3,1cor-3,Patristic homily linkage is not present in this repo and must be joined from the site corpus when George pushes.
rid_4b3431c3dfa7562abb31,1Cor 3:9-23,1Cor 3:9-23,1Cor 3:9-23,15,15,0,copticchurch_date; katameros_cycle,Nasie 4 | Liturgy | Pauline Epistle,the Eucharistic gathering of the Church,,1cor-3,1cor-3,Patristic homily linkage is not present in this repo and must be joined from the site corpus when George pushes.
rid_a3ac9953cb7044c071bb,1Cor 4:1-16,1Cor 4:1-16,1Cor 4:1-16,33,33,0,copticchurch_date; katameros_cycle,The fourth Sunday of Hator | Liturgy | Pauline Epistle,the Eucharistic gathering of the Church,,1cor-4,1cor-4,Patristic homily linkage is not present in this repo and must be joined from the site corpus when George pushes.
rid_5eace5c3d10681815f4c,1Cor 4:16-5,1Cor 4:16-5,1Cor 4:16-5,1,1,0,katameros_cycle,liturgy_pauline | liturgy_pauline,,,1cor-4,1cor-4,Patristic homily linkage is not present in this repo and must be joined from the site corpus when George pushes.
rid_1b3d8af52d8d3a699434,1Cor 4:16-5:9,1Cor 4:16-5:9,1Cor 4:16-5:9,15,15,0,copticchurch_date,Thursday of the first week of Great Lent | Liturgy | Pauline Epistle,the Eucharistic gathering of the Church,,1cor-4,1cor-4,Patristic homily linkage is not present in this repo and must be joined from the site corpus when George pushes.
rid_94affbabc8f2bd0a3327,1Cor 5:11-13,1Cor 5:11-13,1Cor 5:11-13,15,15,0,copticchurch_date; katameros_cycle,The first Sunday of Amshir | Liturgy | Pauline Epistle,the Eucharistic gathering of the Church,,1cor-5,1cor-5,Patristic homily linkage is not present in this repo and must be joined from the site corpus when George pushes.
rid_df811cff75c8edc4bb8c,1Cor 5:9-6,1Cor 5:9-6,1Cor 5:9-6,1,1,0,katameros_cycle,liturgy_pauline | liturgy_pauline,,,1cor-5,1cor-5,Patristic homily linkage is not present in this repo and must be joined from the site corpus when George pushes.
rid_2f5976122a242568f030,1Cor 5:9-6:5,1Cor 5:9-6:5,1Cor 5:9-6:5,15,15,0,copticchurch_date,Monday of the third week of Great Lent | Liturgy | Pauline Epistle,the Eucharistic gathering of the Church,,1cor-5,1cor-5,Patristic homily linkage is not present in this repo and must be joined from the site corpus when George pushes.
rid_f6ee7b4e473ac900f543,1Cor 6:1-11,1Cor 6:1-11,1Cor 6:1-11,15,15,0,copticchurch_date; katameros_cycle,The first Sunday of Amshir | Liturgy | Pauline Epistle,the Eucharistic gathering of the Church,,1cor-6,1cor-6,Patristic homily linkage is not present in this repo and must be joined from the site corpus when George pushes.
rid_f85135c36849a6eee6a4,1Cor 7:12-14,1Cor 7:12-14,1Cor 7:12-14,1,1,0,special_service,baptism | part_2 | part_2,,,1cor-7,1cor-7,Patristic homily linkage is not present in this repo and must be joined from the site corpus when George pushes.
rid_46fe0b240edbe15252f4,1Cor 9:1-27,1Cor 9:1-27,1Cor 9:1-27,32,32,0,copticchurch_date; katameros_cycle,The first Sunday of Abib | Liturgy | Pauline Epistle,the Eucharistic gathering of the Church,,1cor-9,1cor-9,Patristic homily linkage is not present in this repo and must be joined from the site corpus when George pushes.
rid_b690e32a49271d81b7b9,1Jn 1:1-10,1Jn 1:1-10,1Jn 1:1-10,23,23,0,copticchurch_date; katameros_cycle,Nasie 1 | Liturgy | Catholic Epistle,the Eucharistic gathering of the Church,,1jn-1,1jn-1,Patristic homily linkage is not present in this repo and must be joined from the site corpus when George pushes.
rid_b3d91bd1cd5ea508bb03,1Jn 1:1-2:2,1Jn 1:1-2:2,1Jn 1:1-2:2,16,16,0,copticchurch_date,The second Sunday of Kiak | Liturgy | Catholic Epistle,the Eucharistic gathering of the Church,,1jn-1,1jn-1,Patristic homily linkage is not present in this repo and must be joined from the site corpus when George pushes.
rid_1e72a879101abc8d9c9a,1Jn 1:1-2:6,1Jn 1:1-2:6,1Jn 1:1-2:6,73,73,0,copticchurch_date,Abib 16 | Liturgy | Catholic Epistle,the Eucharistic gathering of the Church,,1jn-1,1jn-1,Patristic homily linkage is not present in this repo and must be joined from the site corpus when George pushes.
rid_c705735174a527de6608,1Jn 1:1-7,1Jn 1:1-7,1Jn 1:1-7,34,34,0,copticchurch_date; katameros_cycle,Monday of the second week of the holy fifty days | Liturgy | Catholic Epistle,the Eucharistic gathering of the Church,,1jn-1,1jn-1,Patristic homily linkage is not present in this repo and must be joined from the site corpus when George pushes.
rid_893a8d2b7f2960f8610b,1Jn 1:6-10,1Jn 1:6-10,1Jn 1:6-10,17,17,0,copticchurch_date; katameros_cycle,Tuesday of the second week of the holy fifty days | Liturgy | Catholic Epistle,the Eucharistic gathering of the Church,,1jn-1,1jn-1,Patristic homily linkage is not present in this repo and must be joined from the site corpus when George pushes.
rid_b9ddd2319b9e55d2f689,1Jn 1:8-2,1Jn 1:8-2,1Jn 1:8-2,1,1,0,katameros_cycle,liturgy_catholic | liturgy_catholic,,,1jn-1,1jn-1,Patristic homily linkage is not present in this repo and must be joined from the site corpus when George pushes.
rid_347277fe1850e104a850,1Jn 1:8-2:11,1Jn 1:8-2:11,1Jn 1:8-2:11,15,15,0,copticchurch_date,Thursday of the first week of Great Lent | Liturgy | Catholic Epistle,the Eucharistic gathering of the Church,,1jn-1,1jn-1,Patristic homily linkage is not present in this repo and must be joined from the site corpus when George pushes.
rid_cd639794f64b112d5829,1Jn 2:1-11,1Jn 2:1-11,1Jn 2:1-11,16,16,0,copticchurch_date; katameros_cycle,Tuesday of the third week of Great Lent | Liturgy | Catholic Epistle,the Eucharistic gathering of the Church,,1jn-2,1jn-2,Patristic homily linkage is not present in this repo and must be joined from the site corpus when George pushes.
rid_80fd071d87f216323929,1Jn 2:1-2,1Jn 2:1-2,1Jn 2:1-2,1,1,0,katameros_cycle,Second Sunday of Kiyahk - Abstinence | liturgy_catholic | liturgy_catholic,,,1jn-2,1jn-2,Patristic homily linkage is not present in this repo and must be joined from the site corpus when George pushes.
rid_b96ebb46849ea8d4d7a6,1Jn 2:1-6,1Jn 2:1-6,1Jn 2:1-6,25,25,0,copticchurch_date; katameros_cycle,Wednesday of the second week of the holy fifty days | Liturgy | Catholic Epistle,the Eucharistic gathering of the Church,,1jn-2,1jn-2,Patristic homily linkage is not present in this repo and must be joined from the site corpus when George pushes.
rid_4d4c17da9754f1d02750,1Jn 2:11-14,1Jn 2:11-14,1Jn 2:11-14,17,17,0,copticchurch_date; katameros_cycle,Friday of the second week of the holy fifty days | Liturgy | Catholic Epistle,the Eucharistic gathering of the Church,,1jn-2,1jn-2,Patristic homily linkage is not present in this repo and must be joined from the site corpus when George pushes.
rid_da3f9c67537cd2a136ce,1Jn 2:12-17,1Jn 2:12-17,1Jn 2:12-17,50,50,0,copticchurch_date; katameros_cycle,Friday of the sixth week of Great Lent | Liturgy | Catholic Epistle,the Eucharistic gathering of the Church,,1jn-2,1jn-2,Patristic homily linkage is not present in this repo and must be joined from the site corpus when George pushes.
rid_a82b74ea228af1bd0760,1Jn 2:15-17,1Jn 2:15-17,1Jn 2:15-17,17,17,0,copticchurch_date; katameros_cycle,Monday of the third week of the holy fifty days | Liturgy | Catholic Epistle,the Eucharistic gathering of the Church,,1jn-2,1jn-2,Patristic homily linkage is not present in this repo and must be joined from the site corpus when George pushes.
rid_d810dd097b360cff60f5,1Jn 2:18-23,1Jn 2:18-23,1Jn 2:18-23,17,17,0,copticchurch_date; katameros_cycle,Tuesday of the third week of the holy fifty days | Liturgy | Catholic Epistle,the Eucharistic gathering of the Church,,1jn-2,1jn-2,Patristic homily linkage is not present in this repo and must be joined from the site corpus when George pushes.
rid_696916fcbc6979e74318,1Jn 2:20-25,1Jn 2:20-25,1Jn 2:20-25,30,30,0,copticchurch_date; katameros_cycle,Baba 6 | Liturgy | Catholic Epistle,the Eucharistic gathering of the Church,,1jn-2,1jn-2,Patristic homily linkage is not present in this repo and must be joined from the site corpus when George pushes.
rid_b89a7970dc44d4f71f7d,1Jn 2:20-3,1Jn 2:20-3,1Jn 2:20-3,1,1,0,katameros_cycle,The Great Feast Of The Pentecost | liturgy_catholic | liturgy_catholic,,,1jn-2,1jn-2,Patristic homily linkage is not present in this repo and must be joined from the site corpus when George pushes.
rid_97d22e8250aef5cae55e,1Jn 2:20-3:1,1Jn 2:20-3:1,1Jn 2:20-3:1,16,16,0,copticchurch_date,Pentecost | Liturgy | Catholic Epistle,the Eucharistic gathering of the Church,,1jn-2,1jn-2,Patristic homily linkage is not present in this repo and must be joined from the site corpus when George pushes.
rid_81712d2b5f55578e5151,1Jn 2:21-25,1Jn 2:21-25,1Jn 2:21-25,34,34,0,copticchurch_date; katameros_cycle,Saturday of the second week of the holy fifty days | Liturgy | Catholic Epistle,the Eucharistic gathering of the Church,,1jn-2,1jn-2,Patristic homily linkage is not present in this repo and must be joined from the site corpus when George pushes.
rid_53c2e49fc34b7d7be8fb,1Jn 2:24-29,1Jn 2:24-29,1Jn 2:24-29,1,1,0,katameros_cycle,Fourth Sunday of Kiyank - Abstinence | liturgy_catholic | liturgy_catholic,,,1jn-2,1jn-2,Patristic homily linkage is not present in this repo and must be joined from the site corpus when George pushes.
rid_0880656d4d5e6d077175,1Jn 2:24-33,1Jn 2:24-33,1Jn 2:24-33,16,16,0,copticchurch_date,The fourth Sunday of Kiak | Liturgy | Catholic Epistle,the Eucharistic gathering of the Church,,1jn-2,1jn-2,Patristic homily linkage is not present in this repo and must be joined from the site corpus when George pushes.
rid_82ad1abb09570e9f512c,1Jn 2:26-29,1Jn 2:26-29,1Jn 2:26-29,1,1,0,katameros_cycle,liturgy_catholic | liturgy_catholic,,,1jn-2,1jn-2,Patristic homily linkage is not present in this repo and must be joined from the site corpus when George pushes.
rid_e3e36fef9164ed5a2cbb,1Jn 2:26-3:1,1Jn 2:26-3:1,1Jn 2:26-3:1,16,16,0,copticchurch_date,Thursday of the third week of the holy fifty days | Liturgy | Catholic Epistle,the Eucharistic gathering of the Church,,1jn-2,1jn-2,Patristic homily linkage is not present in this repo and must be joined from the site corpus when George pushes.
rid_5bd7338f641fb5d7dbc0,1Jn 2:7-10,1Jn 2:7-10,1Jn 2:7-10,17,17,0,copticchurch_date; katameros_cycle,Thursday of the second week of the holy fifty days | Liturgy | Catholic Epistle,the Eucharistic gathering of the Church,,1jn-2,1jn-2,Patristic homily linkage is not present in this repo and must be joined from the site corpus when George pushes.
rid_d645179dd4d1959e51bc,1Jn 2:7-11,1Jn 2:7-11,1Jn 2:7-11,5,5,0,katameros_cycle,liturgy_catholic | liturgy_catholic,,,1jn-2,1jn-2,Patristic homily linkage is not present in this repo and must be joined from the site corpus when George pushes.
rid_d0773605571eaf6c33a8,1Jn 2:7-17,1Jn 2:7-17,1Jn 2:7-17,66,66,0,copticchurch_date; katameros_cycle,Feast of Nayrouz - (Readings of the First of Tut) | Liturgy | Catholic Epistle || The second Sunday of Mesra | Liturgy | Catholic Epistle,the Eucharistic gathering of the Church,,1jn-2,1jn-2,Patristic homily linkage is not present in this repo and must be joined from the site corpus when George pushes.
rid_01e603002a1f96667f8e,1Jn 3:1,1Jn 3:1,1Jn 3:1,1,1,0,katameros_cycle,liturgy_catholic | liturgy_catholic,,,1jn-3,1jn-3,Patristic homily linkage is not present in this repo and must be joined from the site corpus when George pushes.
rid_90713945b50f430da174,1Jn 3:1-11,1Jn 3:1-11,1Jn 3:1-11,15,15,0,copticchurch_date; katameros_cycle,The first Sunday of Toba | Liturgy | Catholic Epistle,the Eucharistic gathering of the Church,,1jn-3,1jn-3,Patristic homily linkage is not present in this repo and must be joined from the site corpus when George pushes.
rid_0cef17c76c8839d40caf,1Jn 3:1-3,1Jn 3:1-3,1Jn 3:1-3,1,1,0,katameros_cycle,Fourth Sunday of Kiyank - Abstinence | liturgy_catholic | liturgy_catholic,,,1jn-3,1jn-3,Patristic homily linkage is not present in this repo and must be joined from the site corpus when George pushes.
rid_5d145ecd536bea633074,1Jn 3:13-17,1Jn 3:13-17,1Jn 3:13-17,17,17,0,copticchurch_date; katameros_cycle,Tuesday of the fourth week of the holy fifty days | Liturgy | Catholic Epistle,the Eucharistic gathering of the Church,,1jn-3,1jn-3,Patristic homily linkage is not present in this repo and must be joined from the site corpus when George pushes.
rid_ba503556ad7f6977bbd8,1Jn 3:13-24,1Jn 3:13-24,1Jn 3:13-24,34,34,0,copticchurch_date; katameros_cycle,Sunday of the third week of the holy fifty days | Liturgy | Catholic Epistle,the Eucharistic gathering of the Church,,1jn-3,1jn-3,Patristic homily linkage is not present in this repo and must be joined from the site corpus when George pushes.
rid_f7d7caf242d3006f76a4,1Jn 3:18-24,1Jn 3:18-24,1Jn 3:18-24,26,26,0,copticchurch_date; katameros_cycle,The second Sunday of Toba | Liturgy | Catholic Epistle || Thursday of the fourth week of the holy fifty days | Liturgy | Catholic Epistle,the Eucharistic gathering of the Church,,1jn-3,1jn-3,Patristic homily linkage is not present in this repo and must be joined from the site corpus when George pushes.
rid_ccb7ce24e88e7a11dc63,1Jn 3:2-11,1Jn 3:2-11,1Jn 3:2-11,34,34,0,copticchurch_date; katameros_cycle,Saturday of the third week of the holy fifty days | Liturgy | Catholic Epistle,the Eucharistic gathering of the Church,,1jn-3,1jn-3,Patristic homily linkage is not present in this repo and must be joined from the site corpus when George pushes.
rid_cda7a7dab0ae08570cee,1Jn 3:2-3,1Jn 3:2-3,1Jn 3:2-3,17,17,0,copticchurch_date; katameros_cycle,Friday of the third week of the holy fifty days | Liturgy | Catholic Epistle,the Eucharistic gathering of the Church,,1jn-3,1jn-3,Patristic homily linkage is not present in this repo and must be joined from the site corpus when George pushes.
rid_37ec41a9fb6f2c0f9a03,1Jn 3:21-24,1Jn 3:21-24,1Jn 3:21-24,17,17,0,copticchurch_date; katameros_cycle,Monday of the fifth week of the holy fifty days | Liturgy | Catholic Epistle,the Eucharistic gathering of the Church,,1jn-3,1jn-3,Patristic homily linkage is not present in this repo and must be joined from the site corpus when George pushes.
rid_cafb1a1e6e85ca73aacf,1Jn 3:8-12,1Jn 3:8-12,1Jn 3:8-12,34,34,0,copticchurch_date; katameros_cycle,Monday of the fourth week of the holy fifty days | Liturgy | Catholic Epistle,the Eucharistic gathering of the Church,,1jn-3,1jn-3,Patristic homily linkage is not present in this repo and must be joined from the site corpus when George pushes.
rid_8298bbf3ead4192ae255,1Jn 4:1-14,1Jn 4:1-14,1Jn 4:1-14,21,21,0,copticchurch_date; katameros_cycle,Christmas Paramoune | Liturgy | Catholic Epistle,the Eucharistic gathering of the Church,,1jn-4,1jn-4,Patristic homily linkage is not present in this repo and must be joined from the site corpus when George pushes.
rid_8cef5058bc177e4edc6a,1Jn 4:1-6,1Jn 4:1-6,1Jn 4:1-6,17,17,0,copticchurch_date; katameros_cycle,Friday of the fourth week of the holy fifty days | Liturgy | Catholic Epistle,the Eucharistic gathering of the Church,,1jn-4,1jn-4,Patristic homily linkage is not present in this repo and must be joined from the site corpus when George pushes.
rid_b6b14c1860efda1f3a09,1Jn 4:11-17,1Jn 4:11-17,1Jn 4:11-17,17,17,0,copticchurch_date; katameros_cycle,Tuesday of the fifth week of the holy fifty days | Liturgy | Catholic Epistle,the Eucharistic gathering of the Church,,1jn-4,1jn-4,Patristic homily linkage is not present in this repo and must be joined from the site corpus when George pushes.
rid_60a1f221c963977cef83,1Jn 4:11-21,1Jn 4:11-21,1Jn 4:11-21,17,17,0,copticchurch_date; katameros_cycle,The third Sunday of Toba | Liturgy | Catholic Epistle,the Eucharistic gathering of the Church,,1jn-4,1jn-4,Patristic homily linkage is not present in this repo and must be joined from the site corpus when George pushes.
rid_fa457d1f062cf24b6d4a,1Jn 4:15-19,1Jn 4:15-19,1Jn 4:15-19,17,17,0,copticchurch_date; katameros_cycle,Wednesday of the fifth week of the holy fifty days | Liturgy | Catholic Epistle,the Eucharistic gathering of the Church,,1jn-4,1jn-4,Patristic homily linkage is not present in this repo and must be joined from the site corpus when George pushes.
rid_d1242fbca8a53cf0c15a,1Jn 4:15-21,1Jn 4:15-21,1Jn 4:15-21,16,16,0,copticchurch_date; katameros_cycle,Mesra 29 | Liturgy | Catholic Epistle,the Eucharistic gathering of the Church,,1jn-4,1jn-4,Patristic homily linkage is not present in this repo and must be joined from the site corpus when George pushes.
rid_d95947cf2246bd112ea3,1Jn 4:15-5,1Jn 4:15-5,1Jn 4:15-5,1,1,0,katameros_cycle,liturgy_catholic | liturgy_catholic,,,1jn-4,1jn-4,Patristic homily linkage is not present in this repo and must be joined from the site corpus when George pushes.
rid_996ec0e8177db2891916,1Jn 4:15-5:1,1Jn 4:15-5:1,1Jn 4:15-5:1,16,16,0,copticchurch_date,Saturday of the fourth week of the holy fifty days | Liturgy | Catholic Epistle,the Eucharistic gathering of the Church,,1jn-4,1jn-4,Patristic homily linkage is not present in this repo and must be joined from the site corpus when George pushes.
rid_ad7f9e42ec9090ac4bfb,1Jn 4:15-5:4,1Jn 4:15-5:4,1Jn 4:15-5:4,13,13,0,copticchurch_date,Kiak 30 | Liturgy | Catholic Epistle,the Eucharistic gathering of the Church,,1jn-4,1jn-4,Patristic homily linkage is not present in this repo and must be joined from the site corpus when George pushes.
rid_5b0fc2504fb6492012ec,1Jn 4:18-5,1Jn 4:18-5,1Jn 4:18-5,1,1,0,katameros_cycle,liturgy_catholic | liturgy_catholic,,,1jn-4,1jn-4,Patristic homily linkage is not present in this repo and must be joined from the site corpus when George pushes.
rid_bc5ab217cc5f8eb26b09,1Jn 4:18-5:1,1Jn 4:18-5:1,1Jn 4:18-5:1,16,16,0,copticchurch_date,Thursday of the fifth week of the holy fifty days | Liturgy | Catholic Epistle,the Eucharistic gathering of the Church,,1jn-4,1jn-4,Patristic homily linkage is not present in this repo and must be joined from the site corpus when George pushes.
rid_cb0562602ddacf9bf030,1Jn 4:7-13,1Jn 4:7-13,1Jn 4:7-13,17,17,0,copticchurch_date; katameros_cycle,Sunday of the fourth week of the holy fifty days | Liturgy | Catholic Epistle,the Eucharistic gathering of the Church,,1jn-4,1jn-4,Patristic homily linkage is not present in this repo and must be joined from the site corpus when George pushes.
rid_71e5f6405415702fabd3,1Jn 4:7-16,1Jn 4:7-16,1Jn 4:7-16,17,17,0,copticchurch_date; katameros_cycle,Friday of the fourth week of Great Lent | Liturgy | Catholic Epistle,the Eucharistic gathering of the Church,,1jn-4,1jn-4,Patristic homily linkage is not present in this repo and must be joined from the site corpus when George pushes.
rid_8f23e5fbc03fc7222ae3,1Jn 4:7-19,1Jn 4:7-19,1Jn 4:7-19,14,14,0,copticchurch_date; katameros_cycle,Entrance into Egypt | Liturgy | Catholic Epistle || Paona 8 | Liturgy | Catholic Epistle || Feast of St. Joseph the Carpenter | liturgy_catholic | liturgy_catholic,the Eucharistic gathering of the Church,,1jn-4,1jn-4,Patristic homily linkage is not present in this repo and must be joined from the site corpus when George pushes.
rid_608c066f51951b21ce50,1Jn 4:7-21,1Jn 4:7-21,1Jn 4:7-21,1,1,0,special_service,myron_consecration | liturgy | liturgy,,,1jn-4,1jn-4,Patristic homily linkage is not present in this repo and must be joined from the site corpus when George pushes.
rid_a732da8a0f827fc4a996,1Jn 5:1-11,1Jn 5:1-11,1Jn 5:1-11,15,15,0,copticchurch_date; katameros_cycle,Nasie 2 | Liturgy | Catholic Epistle,the Eucharistic gathering of the Church,,1jn-5,1jn-5,Patristic homily linkage is not present in this repo and must be joined from the site corpus when George pushes.
rid_f1c2f866ff26a44c29f4,1Jn 5:1-21,1Jn 5:1-21,1Jn 5:1-21,1,1,0,special_service,myron_consecration | liturgy | liturgy,,,1jn-5,1jn-5,Patristic homily linkage is not present in this repo and must be joined from the site corpus when George pushes.
rid_636b887ff6f9cf54d9b8,1Jn 5:1-4,1Jn 5:1-4,1Jn 5:1-4,2,2,0,katameros_cycle,Third Sunday of Bashans | liturgy_catholic | liturgy_catholic || liturgy_catholic | liturgy_catholic,,,1jn-5,1jn-5,Patristic homily linkage is not present in this repo and must be joined from the site corpus when George pushes.
rid_efea7f90b12298b90faa,1Jn 5:1-6,1Jn 5:1-6,1Jn 5:1-6,17,17,0,copticchurch_date; katameros_cycle,Friday of the fifth week of the holy fifty days | Liturgy | Catholic Epistle,the Eucharistic gathering of the Church,,1jn-5,1jn-5,Patristic homily linkage is not present in this repo and must be joined from the site corpus when George pushes.
rid_36d931cd681294a5a153,1Jn 5:10-20,1Jn 5:10-20,1Jn 5:10-20,17,17,0,copticchurch_date; katameros_cycle,Sunday of the second week of the holy fifty days | Liturgy | Catholic Epistle,the Eucharistic gathering of the Church,,1jn-5,1jn-5,Patristic homily linkage is not present in this repo and must be joined from the site corpus when George pushes.
rid_77e4ab574d15dff8aa1f,1Jn 5:11-21,1Jn 5:11-21,1Jn 5:11-21,17,17,0,copticchurch_date; katameros_cycle,Saturday of the fifth week of the holy fifty days | Liturgy | Catholic Epistle,the Eucharistic gathering of the Church,,1jn-5,1jn-5,Patristic homily linkage is not present in this repo and must be joined from the site corpus when George pushes.
rid_213ea5325cd388a20c43,1Jn 5:13-18,1Jn 5:13-18,1Jn 5:13-18,17,17,0,copticchurch_date; katameros_cycle,Wednesday of the sixth week of the holy fifty days | Liturgy | Catholic Epistle,the Eucharistic gathering of the Church,,1jn-5,1jn-5,Patristic homily linkage is not present in this repo and must be joined from the site corpus when George pushes.
rid_8b9e4864c0209ec56ff0,1Jn 5:13-21,1Jn 5:13-21,1Jn 5:13-21,34,34,0,copticchurch_date; katameros_cycle,Sunday of the sixth week of Great Lent | Liturgy | Catholic Epistle,the Eucharistic gathering of the Church,,1jn-5,1jn-5,Patristic homily linkage is not present in this repo and must be joined from the site corpus when George pushes.
rid_5e98df8d203d12b6b402,1Jn 5:14-21,1Jn 5:14-21,1Jn 5:14-21,17,17,0,copticchurch_date; katameros_cycle,Friday of the sixth week of the holy fifty days | Liturgy | Catholic Epistle,the Eucharistic gathering of the Church,,1jn-5,1jn-5,Patristic homily linkage is not present in this repo and must be joined from the site corpus when George pushes.
rid_df03dbef094cb40fe4ad,1Jn 5:5-13,1Jn 5:5-13,1Jn 5:5-13,17,17,0,copticchurch_date; katameros_cycle; special_service,Baba 14 | Liturgy | Catholic Epistle,the Eucharistic gathering of the Church,,1jn-5,1jn-5,Patristic homily linkage is not present in this repo and must be joined from the site corpus when George pushes.
rid_9c8af7e2591bc9018a9e,1Jn 5:5-20,1Jn 5:5-20,1Jn 5:5-20,1,1,0,special_service,baptism | part_3 | part_3,,,1jn-5,1jn-5,Patristic homily linkage is not present in this repo and must be joined from the site corpus when George pushes.
rid_bb7e82e1ba07429e6572,1Jn 5:5-21,1Jn 5:5-21,1Jn 5:5-21,17,17,0,copticchurch_date; katameros_cycle,The Feast of Epiphany | Liturgy | Catholic Epistle,the Eucharistic gathering of the Church,,1jn-5,1jn-5,Patristic homily linkage is not present in this repo and must be joined from the site corpus when George pushes.
rid_89378946582752e6f868,1Jn 5:9-12,1Jn 5:9-12,1Jn 5:9-12,17,17,0,copticchurch_date; katameros_cycle,Tuesday of the sixth week of the holy fifty days | Liturgy | Catholic Epistle,the Eucharistic gathering of the Church,,1jn-5,1jn-5,Patristic homily linkage is not present in this repo and must be joined from the site corpus when George pushes.
rid_ce42ff5f040c44e1c5ad,1Jn 5:9-13,1Jn 5:9-13,1Jn 5:9-13,17,17,0,copticchurch_date; katameros_cycle,Monday of the sixth week of the holy fifty days | Liturgy | Catholic Epistle,the Eucharistic gathering of the Church,,1jn-5,1jn-5,Patristic homily linkage is not present in this repo and must be joined from the site corpus when George pushes.
rid_583f14e6f522e86248c1,1Jn 5:9-21,1Jn 5:9-21,1Jn 5:9-21,17,17,0,copticchurch_date; katameros_cycle,The fourth Sunday of Toba | Liturgy | Catholic Epistle,the Eucharistic gathering of the Church,,1jn-5,1jn-5,Patristic homily linkage is not present in this repo and must be joined from the site corpus when George pushes.
rid_9d623c53de5c1dd4a895,1Kgs 17:17-24,1Kgs 17:17-24,1Kgs 17:17-24,1,1,0,special_service,funeral | at_burial_site | at_burial_site,,,1kgs-17,1kgs-17,Patristic homily linkage is not present in this repo and must be joined from the site corpus when George pushes.
rid_e158edeb5d7b5c96edcc,1Kgs 17:2-24,1Kgs 17:2-24,1Kgs 17:2-24,1,1,0,katameros_cycle,prophecy | prophecy,,,1kgs-17,1kgs-17,Patristic homily linkage is not present in this repo and must be joined from the site corpus when George pushes.
rid_00a7e0b4cb4de20cd357,1Kgs 18:36-39,1Kgs 18:36-39,1Kgs 18:36-39,1,1,0,bright_saturday_service_order,Bright Saturday | Midnight Praises | Prayer of Elijah,,,1kgs-18,1kgs-18,Patristic homily linkage is not present in this repo and must be joined from the site corpus when George pushes.
rid_8d533cea2864b4615c79,1Kgs 19:9-14,1Kgs 19:9-14,1Kgs 19:9-14,1,0,1,pascha_source_text,Tuesday | Third Hour | Prophecy,the descent of the Holy Spirit and the trial of the heart,,1kgs-19,1kgs-19,Patristic homily linkage is not present in this repo and must be joined from the site corpus when George pushes.
rid_7f3d14172f64dd5abb0c,1Kgs 8:22-30,1Kgs 8:22-30,1Kgs 8:22-30,1,1,0,bright_saturday_service_order,Bright Saturday | Midnight Praises | Prayer of Solomon,,,1kgs-8,1kgs-8,Patristic homily linkage is not present in this repo and must be joined from the site corpus when George pushes.
rid_dd37e70de482647d865e,1Pet 1:1-12,1Pet 1:1-12,1Pet 1:1-12,33,33,0,copticchurch_date; katameros_cycle,Saturday of the week before Great Lent | Liturgy | Catholic Epistle,the Eucharistic gathering of the Church,,1pet-1,1pet-1,Patristic homily linkage is not present in this repo and must be joined from the site corpus when George pushes.
rid_be832a860aaa1ccbd7b0,1Pet 1:1-9,1Pet 1:1-9,1Pet 1:1-9,108,108,0,bright_saturday_service_order; copticchurch_date; katameros_cycle; pascha_day_hour,Bright Saturday | Liturgy | Catholic Epistle || Amshir 11 | Liturgy | Catholic Epistle || Amshir 20 | Liturgy | Catholic Epistle,the Eucharistic gathering of the Church,,1pet-1,1pet-1,Patristic homily linkage is not present in this repo and must be joined from the site corpus when George pushes.
rid_991d57b21df47e9adba6,1Pet 1:10-21,1Pet 1:10-21,1Pet 1:10-21,17,17,0,copticchurch_date; katameros_cycle,Wednesday of the first week of the holy fifty days | Liturgy | Catholic Epistle,the Eucharistic gathering of the Church,,1pet-1,1pet-1,Patristic homily linkage is not present in this repo and must be joined from the site corpus when George pushes.
rid_f1f1b2d066d9f4dbca6c,1Pet 1:10-25,1Pet 1:10-25,1Pet 1:10-25,1,1,0,special_service,myron_consecration | liturgy | liturgy,,,1pet-1,1pet-1,Patristic homily linkage is not present in this repo and must be joined from the site corpus when George pushes.
rid_30d4602a03be6e7f0984,1Pet 1:13-21,1Pet 1:13-21,1Pet 1:13-21,27,27,0,copticchurch_date; katameros_cycle,Saturday of the sixth week of Great Lent | Liturgy | Catholic Epistle,the Eucharistic gathering of the Church,,1pet-1,1pet-1,Patristic homily linkage is not present in this repo and must be joined from the site corpus when George pushes.
rid_e33baa9753f7a9e315b9,1Pet 1:19-2:3,1Pet 1:19-2:3,1Pet 1:19-2:3,13,13,0,copticchurch_date,Mesra 30 | Liturgy | Catholic Epistle,the Eucharistic gathering of the Church,,1pet-1,1pet-1,Patristic homily linkage is not present in this repo and must be joined from the site corpus when George pushes.
rid_a60a1a225019e776acc6,1Pet 1:2-12,1Pet 1:2-12,1Pet 1:2-12,17,17,0,copticchurch_date; katameros_cycle,Sunday of the sixth week of the holy fifty days | Liturgy | Catholic Epistle,the Eucharistic gathering of the Church,,1pet-1,1pet-1,Patristic homily linkage is not present in this repo and must be joined from the site corpus when George pushes.
rid_62a3693e4a5c67cc9fbd,1Pet 1:2-8,1Pet 1:2-8,1Pet 1:2-8,16,16,0,copticchurch_date; katameros_cycle,Thursday of the fifth week of Great Lent | Liturgy | Catholic Epistle,the Eucharistic gathering of the Church,,1pet-1,1pet-1,Patristic homily linkage is not present in this repo and must be joined from the site corpus when George pushes.
rid_ae01e6bdc869d13126c8,1Pet 1:22-25,1Pet 1:22-25,1Pet 1:22-25,1,1,0,katameros_cycle,First Sunday of Babah | liturgy_catholic | liturgy_catholic,,,1pet-1,1pet-1,Patristic homily linkage is not present in this repo and must be joined from the site corpus when George pushes.
rid_87a10888ac09341c942c,1Pet 1:22-2:5,1Pet 1:22-2:5,1Pet 1:22-2:5,16,16,0,copticchurch_date,The first Sunday of Baba | Liturgy | Catholic Epistle,the Eucharistic gathering of the Church,,1pet-1,1pet-1,Patristic homily linkage is not present in this repo and must be joined from the site corpus when George pushes.
rid_84b0ceac54e75b9ed91d,1Pet 1:25,1Pet 1:25,1Pet 1:25,17,17,0,katameros_cycle,Fourth Sunday of Abib | liturgy_catholic | liturgy_catholic || liturgy_catholic | liturgy_catholic,,,1pet-1,1pet-1,Patristic homily linkage is not present in this repo and must be joined from the site corpus when George pushes.
rid_b1fe260a5343dfc9de9f,1Pet 1:25-2,1Pet 1:25-2,1Pet 1:25-2,1,1,0,katameros_cycle,liturgy_catholic | liturgy_catholic,,,1pet-1,1pet-1,Patristic homily linkage is not present in this repo and must be joined from the site corpus when George pushes.
rid_7587173374425d8e1e91,1Pet 1:25-2:10,1Pet 1:25-2:10,1Pet 1:25-2:10,167,167,0,copticchurch_date,Abib 6 | Liturgy | Catholic Epistle,the Eucharistic gathering of the Church,,1pet-1,1pet-1,Patristic homily linkage is not present in this repo and must be joined from the site corpus when George pushes.
rid_5c1d65531748026641f7,1Pet 1:25-2:6,1Pet 1:25-2:6,1Pet 1:25-2:6,16,16,0,copticchurch_date,Lazarus Saturday of Great Lent | Liturgy | Catholic Epistle,the Eucharistic gathering of the Church,,1pet-1,1pet-1,Patristic homily linkage is not present in this repo and must be joined from the site corpus when George pushes.
rid_9437959932196049aadd,1Pet 1:3-12,1Pet 1:3-12,1Pet 1:3-12,151,151,0,copticchurch_date; katameros_cycle,Amshir 1 | Liturgy | Catholic Epistle,the Eucharistic gathering of the Church,,1pet-1,1pet-1,Patristic homily linkage is not present in this repo and must be joined from the site corpus when George pushes.
rid_a35338e5e59379513f20,1Pet 2:1-10,1Pet 2:1-10,1Pet 2:1-10,20,20,0,katameros_cycle; special_service,Fourth Sunday of Abib | liturgy_catholic | liturgy_catholic || liturgy_catholic | liturgy_catholic,,,1pet-2,1pet-2,Patristic homily linkage is not present in this repo and must be joined from the site corpus when George pushes.
rid_deefdeb7190c70487bdf,1Pet 2:1-25,1Pet 2:1-25,1Pet 2:1-25,30,30,0,copticchurch_date,Mesra 12 | Liturgy | Catholic Epistle,the Eucharistic gathering of the Church,,1pet-2,1pet-2,Patristic homily linkage is not present in this repo and must be joined from the site corpus when George pushes.
rid_12f25d953343e6721431,1Pet 2:1-5,1Pet 2:1-5,1Pet 2:1-5,1,1,0,katameros_cycle,First Sunday of Babah | liturgy_catholic | liturgy_catholic,,,1pet-2,1pet-2,Patristic homily linkage is not present in this repo and must be joined from the site corpus when George pushes.
rid_67c072b2705a17ca8b8b,1Pet 2:1-6,1Pet 2:1-6,1Pet 2:1-6,1,1,0,katameros_cycle,Lazarus Saturday of Great Lent | liturgy_catholic | liturgy_catholic,,,1pet-2,1pet-2,Patristic homily linkage is not present in this repo and must be joined from the site corpus when George pushes.
rid_9750d3df37674fadb541,1Pet 2:11-17,1Pet 2:11-17,1Pet 2:11-17,205,205,0,copticchurch_date; katameros_cycle,Abib 19 | Liturgy | Catholic Epistle,the Eucharistic gathering of the Church,,1pet-2,1pet-2,Patristic homily linkage is not present in this repo and must be joined from the site corpus when George pushes.
rid_f255dc86622c22f90539,1Pet 2:11-25,1Pet 2:11-25,1Pet 2:11-25,36,36,0,copticchurch_date; katameros_cycle,Friday of the second week of Great Lent <br>(Feast of the Cross - Readings of 10th Baramhat) | Liturgy | Catholic Epistle || Monday of the first week of the holy fifty days | Liturgy | Catholic Epistle,the Eucharistic gathering of the Church,,1pet-2,1pet-2,Patristic homily linkage is not present in this repo and must be joined from the site corpus when George pushes.
rid_2c689744523478f2749d,1Pet 2:18-25,1Pet 2:18-25,1Pet 2:18-25,21,21,0,katameros_cycle,liturgy_catholic | liturgy_catholic,,,1pet-2,1pet-2,Patristic homily linkage is not present in this repo and must be joined from the site corpus when George pushes.
rid_51f9180dcac22661db40,1Pet 2:18-3:7,1Pet 2:18-3:7,1Pet 2:18-3:7,223,223,0,copticchurch_date,Abib 14 | Liturgy | Catholic Epistle,the Eucharistic gathering of the Church,,1pet-2,1pet-2,Patristic homily linkage is not present in this repo and must be joined from the site corpus when George pushes.
rid_5d4036fe50c9b3b18f71,1Pet 3:1-7,1Pet 3:1-7,1Pet 3:1-7,21,21,0,katameros_cycle,liturgy_catholic | liturgy_catholic,,,1pet-3,1pet-3,Patristic homily linkage is not present in this repo and must be joined from the site corpus when George pushes.
rid_69ac7de4e20484114479,1Pet 3:10-18,1Pet 3:10-18,1Pet 3:10-18,17,17,0,copticchurch_date; katameros_cycle,Monday of the fifth week of Great Lent | Liturgy | Catholic Epistle,the Eucharistic gathering of the Church,,1pet-3,1pet-3,Patristic homily linkage is not present in this repo and must be joined from the site corpus when George pushes.
rid_aa4f020e4eb5e0642535,1Pet 3:15-22,1Pet 3:15-22,1Pet 3:15-22,88,88,0,copticchurch_date; katameros_cycle,Amshir 4 | Liturgy | Catholic Epistle || Baba 22 | Liturgy | Catholic Epistle,the Eucharistic gathering of the Church,,1pet-3,1pet-3,Patristic homily linkage is not present in this repo and must be joined from the site corpus when George pushes.
rid_8649e0952bc45c108be1,1Pet 3:15-4:6,1Pet 3:15-4:6,1Pet 3:15-4:6,16,16,0,copticchurch_date,The Feast of Resurrection | Liturgy | Catholic Epistle,the Eucharistic gathering of the Church,,1pet-3,1pet-3,Patristic homily linkage is not present in this repo and must be joined from the site corpus when George pushes.
rid_44d1db1725de705d53af,1Pet 3:17-22,1Pet 3:17-22,1Pet 3:17-22,16,16,0,copticchurch_date,Jonah's Feast | Liturgy | Catholic Epistle,the Eucharistic gathering of the Church,,1pet-3,1pet-3,Patristic homily linkage is not present in this repo and must be joined from the site corpus when George pushes.
rid_921a9bcb5f3d0f86d6db,1Pet 3:25-4,1Pet 3:25-4,1Pet 3:25-4,1,1,0,katameros_cycle,The Resurrection Of Our Savior Jesus Christ | liturgy_catholic | liturgy_catholic,,,1pet-3,1pet-3,Patristic homily linkage is not present in this repo and must be joined from the site corpus when George pushes.
rid_9a5e8798b9ac4c826a84,1Pet 3:5-14,1Pet 3:5-14,1Pet 3:5-14,249,249,0,copticchurch_date; katameros_cycle,Abib 1 | Liturgy | Catholic Epistle,the Eucharistic gathering of the Church,,1pet-3,1pet-3,Patristic homily linkage is not present in this repo and must be joined from the site corpus when George pushes.
rid_7c1265d433c5721da0c8,1Pet 3:8-15,1Pet 3:8-15,1Pet 3:8-15,233,233,0,copticchurch_date; katameros_cycle,Abib 11 | Liturgy | Catholic Epistle,the Eucharistic gathering of the Church,,1pet-3,1pet-3,Patristic homily linkage is not present in this repo and must be joined from the site corpus when George pushes.
rid_fc00b0c70fab6e0a9ea2,1Pet 3:8-22,1Pet 3:8-22,1Pet 3:8-22,1,1,0,special_service,myron_consecration | liturgy | liturgy,,,1pet-3,1pet-3,Patristic homily linkage is not present in this repo and must be joined from the site corpus when George pushes.
rid_c8301ac6e0b3cf7e0fdb,1Pet 4:1-11,1Pet 4:1-11,1Pet 4:1-11,277,277,0,copticchurch_date; katameros_cycle; pascha_day_hour; special_service,Abib 21 | Liturgy | Catholic Epistle,the Eucharistic gathering of the Church,,1pet-4,1pet-4,Patristic homily linkage is not present in this repo and must be joined from the site corpus when George pushes.
rid_d538db6cf4a9e8750bfd,1Pet 4:12-19,1Pet 4:12-19,1Pet 4:12-19,192,192,0,copticchurch_date; katameros_cycle,Abib 12 | Liturgy | Catholic Epistle,the Eucharistic gathering of the Church,,1pet-4,1pet-4,Patristic homily linkage is not present in this repo and must be joined from the site corpus when George pushes.
rid_4b0cf96841bb1c8ced14,1Pet 4:15-19,1Pet 4:15-19,1Pet 4:15-19,1,1,0,katameros_cycle,liturgy_catholic | liturgy_catholic,,,1pet-4,1pet-4,Patristic homily linkage is not present in this repo and must be joined from the site corpus when George pushes.
rid_bd95225307d87b4e1641,1Pet 4:15-5:5,1Pet 4:15-5:5,1Pet 4:15-5:5,16,16,0,copticchurch_date,Friday of the fifth week of Great Lent | Liturgy | Catholic Epistle,the Eucharistic gathering of the Church,,1pet-4,1pet-4,Patristic homily linkage is not present in this repo and must be joined from the site corpus when George pushes.
rid_c41cc28fdcae4b6bf9f9,1Pet 4:3-11,1Pet 4:3-11,1Pet 4:3-11,48,48,0,copticchurch_date; katameros_cycle,The third Sunday of Hator | Liturgy | Catholic Epistle,the Eucharistic gathering of the Church,,1pet-4,1pet-4,Patristic homily linkage is not present in this repo and must be joined from the site corpus when George pushes.
rid_8981cf1242244a4e9ea1,1Pet 4:6-14,1Pet 4:6-14,1Pet 4:6-14,17,17,0,copticchurch_date; katameros_cycle,Sunday of the fifth week of the holy fifty days | Liturgy | Catholic Epistle,the Eucharistic gathering of the Church,,1pet-4,1pet-4,Patristic homily linkage is not present in this repo and must be joined from the site corpus when George pushes.
rid_2b1f84e1d40121a2dc1b,1Pet 4:7-16,1Pet 4:7-16,1Pet 4:7-16,14,14,0,copticchurch_date; katameros_cycle,Friday of the second week of Great Lent | Liturgy | Catholic Epistle,the Eucharistic gathering of the Church,,1pet-4,1pet-4,Patristic homily linkage is not present in this repo and must be joined from the site corpus when George pushes.
rid_1de925c807f4df29f72b,1Pet 4:8-13,1Pet 4:8-13,1Pet 4:8-13,17,17,0,copticchurch_date; katameros_cycle,Wednesday of the fourth week of the holy fifty days | Liturgy | Catholic Epistle,the Eucharistic gathering of the Church,,1pet-4,1pet-4,Patristic homily linkage is not present in this repo and must be joined from the site corpus when George pushes.
rid_85733e7e50401c6236ce,1Pet 5:1-12,1Pet 5:1-12,1Pet 5:1-12,15,15,0,copticchurch_date; katameros_cycle,Nasie 4 | Liturgy | Catholic Epistle,the Eucharistic gathering of the Church,,1pet-5,1pet-5,Patristic homily linkage is not present in this repo and must be joined from the site corpus when George pushes.
rid_ab40413197c12b8acaa4,1Pet 5:1-14,1Pet 5:1-14,1Pet 5:1-14,360,360,0,copticchurch_date; katameros_cycle,Abib 2 | Liturgy | Catholic Epistle,the Eucharistic gathering of the Church,,1pet-5,1pet-5,Patristic homily linkage is not present in this repo and must be joined from the site corpus when George pushes.
rid_5b7bb53937400f09bbf0,1Pet 5:1-5,1Pet 5:1-5,1Pet 5:1-5,1,1,0,katameros_cycle,liturgy_catholic | liturgy_catholic,,,1pet-5,1pet-5,Patristic homily linkage is not present in this repo and must be joined from the site corpus when George pushes.
rid_9a7879822ce11414a575,1Pet 5:5-12,1Pet 5:5-12,1Pet 5:5-12,17,17,0,copticchurch_date; katameros_cycle,Saturday of the sixth week of the holy fifty days | Liturgy | Catholic Epistle,the Eucharistic gathering of the Church,,1pet-5,1pet-5,Patristic homily linkage is not present in this repo and must be joined from the site corpus when George pushes.
rid_4c83d6286afc8e198494,1Pet 5:5-14,1Pet 5:5-14,1Pet 5:5-14,137,137,0,copticchurch_date; katameros_cycle,Amshir 12 | Liturgy | Catholic Epistle || Amshir 19 | Liturgy | Catholic Epistle,the Eucharistic gathering of the Church,,1pet-5,1pet-5,Patristic homily linkage is not present in this repo and must be joined from the site corpus when George pushes.
rid_321c491845175cc010c3,1Sam 17:16-54,1Sam 17:16-54,1Sam 17:16-54,1,1,0,katameros_cycle,prophecy | prophecy,,,1sam-17,1sam-17,Patristic homily linkage is not present in this repo and must be joined from the site corpus when George pushes.
rid_180a1761f988febbc467,1Sam 18:6-9,1Sam 18:6-9,1Sam 18:6-9,1,1,0,katameros_cycle,prophecy | prophecy,,,1sam-18,1sam-18,Patristic homily linkage is not present in this repo and must be joined from the site corpus when George pushes.
rid_b473b92dc237d4b8fada,1Sam 1:1-28,1Sam 1:1-28,1Sam 1:1-28,1,1,0,katameros_cycle,prophecy | prophecy,,,1sam-1,1sam-1,Patristic homily linkage is not present in this repo and must be joined from the site corpus when George pushes.
rid_9cb7a323de29dc78cfca,1Sam 23:26-29,1Sam 23:26-29,1Sam 23:26-29,1,1,0,katameros_cycle,prophecy | prophecy,,,1sam-23,1sam-23,Patristic homily linkage is not present in this repo and must be joined from the site corpus when George pushes.
rid_13395ea4cdb09602919d,1Sam 24:1-22,1Sam 24:1-22,1Sam 24:1-22,1,1,0,katameros_cycle,prophecy | prophecy,,,1sam-24,1sam-24,Patristic homily linkage is not present in this repo and must be joined from the site corpus when George pushes.
rid_a70ed0e29b6ef0a8836b,1Sam 2:1-11,1Sam 2:1-11,1Sam 2:1-11,1,1,0,bright_saturday_service_order,Bright Saturday | Midnight Praises | Prayer of Hannah,,,1sam-2,1sam-2,Patristic homily linkage is not present in this repo and must be joined from the site corpus when George pushes.
rid_af800bdadca19e35c148,1Sam 2:1-21,1Sam 2:1-21,1Sam 2:1-21,1,1,0,katameros_cycle,prophecy | prophecy,,,1sam-2,1sam-2,Patristic homily linkage is not present in this repo and must be joined from the site corpus when George pushes.
rid_e93eb695d7af5f9da887,1Sam 3:1-20,1Sam 3:1-20,1Sam 3:1-20,1,1,0,katameros_cycle,prophecy | prophecy,,,1sam-3,1sam-3,Patristic homily linkage is not present in this repo and must be joined from the site corpus when George pushes.
rid_075760f2a7874498ffcf,1Thess 1:1-12,1Thess 1:1-12,1Thess 1:1-12,1,1,0,katameros_cycle,Third Sunday of Hatur | liturgy_pauline | liturgy_pauline,,,1thess-1,1thess-1,Patristic homily linkage is not present in this repo and must be joined from the site corpus when George pushes.
rid_26b07cabdcd27b0878db,1Thess 2:13-20,1Thess 2:13-20,1Thess 2:13-20,17,17,0,copticchurch_date; katameros_cycle,The fourth Sunday of Mesra | Liturgy | Pauline Epistle,the Eucharistic gathering of the Church,,1thess-2,1thess-2,Patristic homily linkage is not present in this repo and must be joined from the site corpus when George pushes.
rid_10c38e222ca63188c862,1Thess 3:1-13,1Thess 3:1-13,1Thess 3:1-13,1,1,0,katameros_cycle,Fourth Sunday of Misra | liturgy_pauline | liturgy_pauline,,,1thess-3,1thess-3,Patristic homily linkage is not present in this repo and must be joined from the site corpus when George pushes.
rid_a83f67fea16b97b58ab6,1Thess 4:1-18,1Thess 4:1-18,1Thess 4:1-18,16,16,0,copticchurch_date; katameros_cycle,Monday of the sixth week of Great Lent | Liturgy | Pauline Epistle,the Eucharistic gathering of the Church,,1thess-4,1thess-4,Patristic homily linkage is not present in this repo and must be joined from the site corpus when George pushes.
rid_d82d0f232f6c5f6dc3e1,1Thess 4:13-18,1Thess 4:13-18,1Thess 4:13-18,1,1,0,special_service,funeral | part_4 | part_4,,,1thess-4,1thess-4,Patristic homily linkage is not present in this repo and must be joined from the site corpus when George pushes.
rid_028a87a704c4fc02b6f4,1Thess 4:13-5,1Thess 4:13-5,1Thess 4:13-5,1,1,0,katameros_cycle,liturgy_pauline | liturgy_pauline,,,1thess-4,1thess-4,Patristic homily linkage is not present in this repo and must be joined from the site corpus when George pushes.
rid_d1c52af415e1801ac259,1Thess 4:13-5:11,1Thess 4:13-5:11,1Thess 4:13-5:11,16,16,0,copticchurch_date,Monday of the first week of the holy fifty days | Liturgy | Pauline Epistle,the Eucharistic gathering of the Church,,1thess-4,1thess-4,Patristic homily linkage is not present in this repo and must be joined from the site corpus when George pushes.
rid_1cb21a9e546625f8b503,1Tim 1:12-19,1Tim 1:12-19,1Tim 1:12-19,1,1,0,katameros_cycle,First Sunday of Tut | liturgy_pauline | liturgy_pauline,,,1tim-1,1tim-1,Patristic homily linkage is not present in this repo and must be joined from the site corpus when George pushes.
rid_9f8f70c1e6d710045d3f,1Tim 1:12-27,1Tim 1:12-27,1Tim 1:12-27,16,16,0,copticchurch_date,The first Sunday of Tout | Liturgy | Pauline Epistle,the Eucharistic gathering of the Church,,1tim-1,1tim-1,Patristic homily linkage is not present in this repo and must be joined from the site corpus when George pushes.
rid_29f76ed87fb595ab88fa,1Tim 2:1-3,1Tim 2:1-3,1Tim 2:1-3,1,1,0,katameros_cycle,liturgy_pauline | liturgy_pauline,,,1tim-2,1tim-2,Patristic homily linkage is not present in this repo and must be joined from the site corpus when George pushes.
rid_539d72ebd85c4b03eaf1,1Tim 2:1-3:4,1Tim 2:1-3:4,1Tim 2:1-3:4,14,14,0,copticchurch_date,Thursday of the sixth week of Great Lent | Liturgy | Pauline Epistle,the Eucharistic gathering of the Church,,1tim-2,1tim-2,Patristic homily linkage is not present in this repo and must be joined from the site corpus when George pushes.
rid_f7ab1aa9ada78662622d,1Tim 3:13-16,1Tim 3:13-16,1Tim 3:13-16,17,17,0,copticchurch_date; katameros_cycle,The Feast of the Ascension | Liturgy | Pauline Epistle,the Eucharistic gathering of the Church,,1tim-3,1tim-3,Patristic homily linkage is not present in this repo and must be joined from the site corpus when George pushes.
rid_5cd67675f32c75db9167,1Tim 4:9-5:10,1Tim 4:9-5:10,1Tim 4:9-5:10,1,0,1,pascha_source_text,Great Thursday | Liturgy of Blessing of the Water | Pauline,,,1tim-4,1tim-4,Patristic homily linkage is not present in this repo and must be joined from the site corpus when George pushes.
rid_096cdba70816f3e51b54,1Tim 5:17-25,1Tim 5:17-25,1Tim 5:17-25,1,1,0,katameros_cycle,liturgy_pauline | liturgy_pauline,,,1tim-5,1tim-5,Patristic homily linkage is not present in this repo and must be joined from the site corpus when George pushes.
rid_e475dd1bbf8b05b45910,1Tim 5:17-6:2,1Tim 5:17-6:2,1Tim 5:17-6:2,14,14,0,copticchurch_date,Hator 24 | Liturgy | Pauline Epistle,the Eucharistic gathering of the Church,,1tim-5,1tim-5,Patristic homily linkage is not present in this repo and must be joined from the site corpus when George pushes.
rid_3ef55cb5e2fe8d8679ba,1Tim 6:1-2,1Tim 6:1-2,1Tim 6:1-2,1,1,0,katameros_cycle,liturgy_pauline | liturgy_pauline,,,1tim-6,1tim-6,Patristic homily linkage is not present in this repo and must be joined from the site corpus when George pushes.
rid_62f86c38e99a8b80724a,1Tim 6:3-16,1Tim 6:3-16,1Tim 6:3-16,17,17,0,copticchurch_date; katameros_cycle,The third Sunday of Abib | Liturgy | Pauline Epistle,the Eucharistic gathering of the Church,,1tim-6,1tim-6,Patristic homily linkage is not present in this repo and must be joined from the site corpus when George pushes.
rid_2ba106e64365ef933085,1Tim 6:3-21,1Tim 6:3-21,1Tim 6:3-21,17,17,0,copticchurch_date; katameros_cycle,The fourth Sunday of Baba | Liturgy | Pauline Epistle,the Eucharistic gathering of the Church,,1tim-6,1tim-6,Patristic homily linkage is not present in this repo and must be joined from the site corpus when George pushes.
rid_d091df2d83351ad1f101,2Cor 10:1-18,2Cor 10:1-18,2Cor 10:1-18,153,153,0,copticchurch_date; katameros_cycle,Abib 21 | Liturgy | Pauline Epistle,the Eucharistic gathering of the Church,,2cor-10,2cor-10,Patristic homily linkage is not present in this repo and must be joined from the site corpus when George pushes.
rid_ef5e757db5a5dd10cd57,2Cor 11:16-12:12,2Cor 11:16-12:12,2Cor 11:16-12:12,103,103,0,copticchurch_date,Abib 6 | Liturgy | Pauline Epistle,the Eucharistic gathering of the Church,,2cor-11,2cor-11,Patristic homily linkage is not present in this repo and must be joined from the site corpus when George pushes.
rid_1ffa6f6bd8b2a2a095e4,2Cor 11:16-28,2Cor 11:16-28,2Cor 11:16-28,16,16,0,copticchurch_date; katameros_cycle,Sunday of the week before Great Lent | Liturgy | Pauline Epistle,the Eucharistic gathering of the Church,,2cor-11,2cor-11,Patristic homily linkage is not present in this repo and must be joined from the site corpus when George pushes.
rid_a5eea66eba2812446a0c,2Cor 11:16-33,2Cor 11:16-33,2Cor 11:16-33,13,13,0,katameros_cycle,liturgy_pauline | liturgy_pauline,,,2cor-11,2cor-11,Patristic homily linkage is not present in this repo and must be joined from the site corpus when George pushes.
rid_52fb38bc354ae011f654,2Cor 12:1-12,2Cor 12:1-12,2Cor 12:1-12,13,13,0,katameros_cycle,liturgy_pauline | liturgy_pauline,,,2cor-12,2cor-12,Patristic homily linkage is not present in this repo and must be joined from the site corpus when George pushes.
rid_f5b1a226346e81197fa2,2Cor 1:1-14,2Cor 1:1-14,2Cor 1:1-14,17,17,0,copticchurch_date; katameros_cycle,The fourth Sunday of Tout | Liturgy | Pauline Epistle,the Eucharistic gathering of the Church,,2cor-1,2cor-1,Patristic homily linkage is not present in this repo and must be joined from the site corpus when George pushes.
rid_06e14b03924fd31fd1c9,2Cor 2:12-17,2Cor 2:12-17,2Cor 2:12-17,1,1,0,katameros_cycle,First Sunday of Babah | liturgy_pauline | liturgy_pauline,,,2cor-2,2cor-2,Patristic homily linkage is not present in this repo and must be joined from the site corpus when George pushes.
rid_94a6c87a3c4bc7e713bd,2Cor 2:12-3:6,2Cor 2:12-3:6,2Cor 2:12-3:6,16,16,0,copticchurch_date,The first Sunday of Baba | Liturgy | Pauline Epistle,the Eucharistic gathering of the Church,,2cor-2,2cor-2,Patristic homily linkage is not present in this repo and must be joined from the site corpus when George pushes.
rid_2ca89c65c99d035ea59f,2Cor 3:1-6,2Cor 3:1-6,2Cor 3:1-6,1,1,0,katameros_cycle,First Sunday of Babah | liturgy_pauline | liturgy_pauline,,,2cor-3,2cor-3,Patristic homily linkage is not present in this repo and must be joined from the site corpus when George pushes.
rid_bc9a36cfc0f71f0b11bf,2Cor 3:12-18,2Cor 3:12-18,2Cor 3:12-18,1,1,0,katameros_cycle,liturgy_pauline | liturgy_pauline,,,2cor-3,2cor-3,Patristic homily linkage is not present in this repo and must be joined from the site corpus when George pushes.
rid_80206aefdea0b5505872,2Cor 3:12-4:4,2Cor 3:12-4:4,2Cor 3:12-4:4,14,14,0,copticchurch_date,Nasie 2 | Liturgy | Pauline Epistle,the Eucharistic gathering of the Church,,2cor-3,2cor-3,Patristic homily linkage is not present in this repo and must be joined from the site corpus when George pushes.
rid_5ab7a2ef3473988653ec,2Cor 4:1-4,2Cor 4:1-4,2Cor 4:1-4,1,1,0,katameros_cycle,liturgy_pauline | liturgy_pauline,,,2cor-4,2cor-4,Patristic homily linkage is not present in this repo and must be joined from the site corpus when George pushes.
rid_eb903a979dbbc29817b2,2Cor 4:1-5:15,2Cor 4:1-5:15,2Cor 4:1-5:15,16,16,0,copticchurch_date,The second Sunday of Baba | Liturgy | Pauline Epistle,the Eucharistic gathering of the Church,,2cor-4,2cor-4,Patristic homily linkage is not present in this repo and must be joined from the site corpus when George pushes.
rid_86bd2d2977a235dd5397,2Cor 4:5-15,2Cor 4:5-15,2Cor 4:5-15,1,1,0,katameros_cycle,Second Sunday of Babah | liturgy_pauline | liturgy_pauline,,,2cor-4,2cor-4,Patristic homily linkage is not present in this repo and must be joined from the site corpus when George pushes.
rid_d48e87fae9231ecbf09e,2Cor 4:5-18,2Cor 4:5-18,2Cor 4:5-18,37,37,0,copticchurch_date; katameros_cycle,Thursday of the seventh week of Great Lent | Liturgy | Pauline Epistle,the Eucharistic gathering of the Church,,2cor-4,2cor-4,Patristic homily linkage is not present in this repo and must be joined from the site corpus when George pushes.
rid_ede6bf06a19cbaa0801f,2Cor 4:5-5:11,2Cor 4:5-5:11,2Cor 4:5-5:11,210,210,0,copticchurch_date,Abib 14 | Liturgy | Pauline Epistle,the Eucharistic gathering of the Church,,2cor-4,2cor-4,Patristic homily linkage is not present in this repo and must be joined from the site corpus when George pushes.
rid_bbf8de01e04d3ce0d57a,2Cor 5:1-11,2Cor 5:1-11,2Cor 5:1-11,20,20,0,katameros_cycle,liturgy_pauline | liturgy_pauline,,,2cor-5,2cor-5,Patristic homily linkage is not present in this repo and must be joined from the site corpus when George pushes.
rid_08986158a59ce1cfbbda,2Cor 5:11-21,2Cor 5:11-21,2Cor 5:11-21,1,1,0,katameros_cycle,Feast of Nayrouz | liturgy_pauline | liturgy_pauline,,,2cor-5,2cor-5,Patristic homily linkage is not present in this repo and must be joined from the site corpus when George pushes.
rid_63c79b535a59e899f4a1,2Cor 5:11-6:13,2Cor 5:11-6:13,2Cor 5:11-6:13,16,16,0,copticchurch_date,Feast of Nayrouz - (Readings of the First of Tut) | Liturgy | Pauline Epistle || Tout 1 | Liturgy | Pauline Epistle,the Eucharistic gathering of the Church,,2cor-5,2cor-5,Patristic homily linkage is not present in this repo and must be joined from the site corpus when George pushes.
rid_eea897677e9237508193,2Cor 6:1-13,2Cor 6:1-13,2Cor 6:1-13,1,1,0,katameros_cycle,Feast of Nayrouz | liturgy_pauline | liturgy_pauline,,,2cor-6,2cor-6,Patristic homily linkage is not present in this repo and must be joined from the site corpus when George pushes.
rid_1290bec1a13af81a056a,2Cor 6:14-7,2Cor 6:14-7,2Cor 6:14-7,1,1,0,katameros_cycle,Preparation Saturday | liturgy_pauline | liturgy_pauline,,,2cor-6,2cor-6,Patristic homily linkage is not present in this repo and must be joined from the site corpus when George pushes.
rid_cd4b07d61c72fe03322d,2Cor 6:14-7:16,2Cor 6:14-7:16,2Cor 6:14-7:16,15,15,0,copticchurch_date,Saturday of the week before Great Lent | Liturgy | Pauline Epistle,the Eucharistic gathering of the Church,,2cor-6,2cor-6,Patristic homily linkage is not present in this repo and must be joined from the site corpus when George pushes.
rid_bcf7241a0256294a9e42,2Cor 6:2-13,2Cor 6:2-13,2Cor 6:2-13,17,17,0,copticchurch_date; katameros_cycle,Sunday of the third week of Great Lent | Liturgy | Pauline Epistle,the Eucharistic gathering of the Church,,2cor-6,2cor-6,Patristic homily linkage is not present in this repo and must be joined from the site corpus when George pushes.
rid_59d1345ff5c2bb208b61,2Cor 7:2-11,2Cor 7:2-11,2Cor 7:2-11,15,15,0,copticchurch_date; katameros_cycle,Saturday of the third week of Great Lent | Liturgy | Pauline Epistle,the Eucharistic gathering of the Church,,2cor-7,2cor-7,Patristic homily linkage is not present in this repo and must be joined from the site corpus when George pushes.
rid_efefada42961bbb54297,2Cor 9:1-9,2Cor 9:1-9,2Cor 9:1-9,17,17,0,copticchurch_date; katameros_cycle,The first Sunday of Hator | Liturgy | Pauline Epistle,the Eucharistic gathering of the Church,,2cor-9,2cor-9,Patristic homily linkage is not present in this repo and must be joined from the site corpus when George pushes.
rid_cd5b5ae4bb2ed258aa56,2Cor 9:6-15,2Cor 9:6-15,2Cor 9:6-15,16,16,0,copticchurch_date; katameros_cycle,Tuesday of the second week of Great Lent | Liturgy | Pauline Epistle,the Eucharistic gathering of the Church,,2cor-9,2cor-9,Patristic homily linkage is not present in this repo and must be joined from the site corpus when George pushes.
rid_6d1fb8b2ffe88b6f9802,2Jn 1:1-13,2Jn 1:1-13,2Jn 1:1-13,90,90,0,copticchurch_date; katameros_cycle,Fast of Ninevah | Liturgy | Catholic Epistle || Kiak 3 | Liturgy | Catholic Epistle,the Eucharistic gathering of the Church,,2jn-1,2jn-1,Patristic homily linkage is not present in this repo and must be joined from the site corpus when George pushes.
rid_09843dcf74fd764df440,2Jn 1:1-8,2Jn 1:1-8,2Jn 1:1-8,17,17,0,copticchurch_date; katameros_cycle,Monday of the seventh week of the holy fifty days | Liturgy | Catholic Epistle,the Eucharistic gathering of the Church,,2jn-1,2jn-1,Patristic homily linkage is not present in this repo and must be joined from the site corpus when George pushes.
rid_80ef03fdf21838591183,2Jn 1:8-13,2Jn 1:8-13,2Jn 1:8-13,34,34,0,copticchurch_date; katameros_cycle,Tuesday of the seventh week of the holy fifty days | Liturgy | Catholic Epistle,the Eucharistic gathering of the Church,,2jn-1,2jn-1,Patristic homily linkage is not present in this repo and must be joined from the site corpus when George pushes.
rid_8d90e963746337ff41aa,2Kgs 4:8-37,2Kgs 4:8-37,2Kgs 4:8-37,1,1,0,katameros_cycle,prophecy | prophecy,,,2kgs-4,2kgs-4,Patristic homily linkage is not present in this repo and must be joined from the site corpus when George pushes.
rid_57d0213fed571fbad0c5,2Kgs 5:1-27,2Kgs 5:1-27,2Kgs 5:1-27,1,1,0,katameros_cycle,prophecy | prophecy,,,2kgs-5,2kgs-5,Patristic homily linkage is not present in this repo and must be joined from the site corpus when George pushes.
rid_1e89752f953863e579ac,2Kgs 6:8-33,2Kgs 6:8-33,2Kgs 6:8-33,1,1,0,katameros_cycle,prophecy | prophecy,,,2kgs-6,2kgs-6,Patristic homily linkage is not present in this repo and must be joined from the site corpus when George pushes.
rid_5a76a6fabd0f67abe84c,2Kgs 7:1-20,2Kgs 7:1-20,2Kgs 7:1-20,1,1,0,katameros_cycle,prophecy | prophecy,,,2kgs-7,2kgs-7,Patristic homily linkage is not present in this repo and must be joined from the site corpus when George pushes.
rid_a9663d4cdcb66664ef33,2Pet 1:1-11,2Pet 1:1-11,2Pet 1:1-11,115,115,0,copticchurch_date; katameros_cycle,Abib 15 | Liturgy | Catholic Epistle,the Eucharistic gathering of the Church,,2pet-1,2pet-1,Patristic homily linkage is not present in this repo and must be joined from the site corpus when George pushes.
rid_0fef8960a0efb6087192,2Pet 1:1-18,2Pet 1:1-18,2Pet 1:1-18,16,16,0,copticchurch_date,The fourth Sunday of Hator | Liturgy | Catholic Epistle,the Eucharistic gathering of the Church,,2pet-1,2pet-1,Patristic homily linkage is not present in this repo and must be joined from the site corpus when George pushes.
rid_f05ee0402ce1b067a91d,2Pet 1:1-8,2Pet 1:1-8,2Pet 1:1-8,2,2,0,katameros_cycle,Second Sunday of Baunahh | liturgy_catholic | liturgy_catholic || Nativity Fast - Fourth Sunday of Hatur | liturgy_catholic | liturgy_catholic,,,2pet-1,2pet-1,Patristic homily linkage is not present in this repo and must be joined from the site corpus when George pushes.
rid_dd32ea510774bf68b03f,2Pet 1:1-9,2Pet 1:1-9,2Pet 1:1-9,10,10,0,copticchurch_date,The second Sunday of Paona | Liturgy | Catholic Epistle,the Eucharistic gathering of the Church,,2pet-1,2pet-1,Patristic homily linkage is not present in this repo and must be joined from the site corpus when George pushes.
rid_f70a01300f4e99f721ef,2Pet 1:12-17,2Pet 1:12-17,2Pet 1:12-17,21,21,0,copticchurch_date; katameros_cycle,Christmas | Liturgy | Catholic Epistle,the Eucharistic gathering of the Church,,2pet-1,2pet-1,Patristic homily linkage is not present in this repo and must be joined from the site corpus when George pushes.
rid_7acf7d10147f7c1c9152,2Pet 1:12-19,2Pet 1:12-19,2Pet 1:12-19,21,21,0,copticchurch_date; katameros_cycle,Epiphany Paramoune | Liturgy | Catholic Epistle,the Eucharistic gathering of the Church,,2pet-1,2pet-1,Patristic homily linkage is not present in this repo and must be joined from the site corpus when George pushes.
rid_d8d60b6e5ea1020ec7dc,2Pet 1:12-21,2Pet 1:12-21,2Pet 1:12-21,160,160,0,copticchurch_date; katameros_cycle,Abib 18 | Liturgy | Catholic Epistle,the Eucharistic gathering of the Church,,2pet-1,2pet-1,Patristic homily linkage is not present in this repo and must be joined from the site corpus when George pushes.
rid_6888c5d780ea42c035e4,2Pet 1:19-21,2Pet 1:19-21,2Pet 1:19-21,20,20,0,katameros_cycle,liturgy_catholic | liturgy_catholic || Third Sunday of Baunahh | liturgy_catholic | liturgy_catholic,,,2pet-1,2pet-1,Patristic homily linkage is not present in this repo and must be joined from the site corpus when George pushes.
rid_23519e50b5b0528b2c6c,2Pet 1:19-2:8,2Pet 1:19-2:8,2Pet 1:19-2:8,210,210,0,copticchurch_date,Abib 26 | Liturgy | Catholic Epistle,the Eucharistic gathering of the Church,,2pet-1,2pet-1,Patristic homily linkage is not present in this repo and must be joined from the site corpus when George pushes.
rid_97c3cb4c4008ee0d476b,2Pet 1:19-2:9,2Pet 1:19-2:9,2Pet 1:19-2:9,15,15,0,copticchurch_date,The third Sunday of Paona | Liturgy | Catholic Epistle,the Eucharistic gathering of the Church,,2pet-1,2pet-1,Patristic homily linkage is not present in this repo and must be joined from the site corpus when George pushes.
rid_9d1b6700d4ba95e0849f,2Pet 1:20-21,2Pet 1:20-21,2Pet 1:20-21,1,1,0,katameros_cycle,liturgy_catholic | liturgy_catholic,,,2pet-1,2pet-1,Patristic homily linkage is not present in this repo and must be joined from the site corpus when George pushes.
rid_3c2c1e3124d091c36809,2Pet 1:20-2:6,2Pet 1:20-2:6,2Pet 1:20-2:6,16,16,0,copticchurch_date,Wednesday of the sixth week of Great Lent | Liturgy | Catholic Epistle,the Eucharistic gathering of the Church,,2pet-1,2pet-1,Patristic homily linkage is not present in this repo and must be joined from the site corpus when George pushes.
rid_3a37184c080d1d0ac0c8,2Pet 1:4-11,2Pet 1:4-11,2Pet 1:4-11,16,16,0,copticchurch_date; katameros_cycle,Wednesday of the first week of Great Lent | Liturgy | Catholic Epistle,the Eucharistic gathering of the Church,,2pet-1,2pet-1,Patristic homily linkage is not present in this repo and must be joined from the site corpus when George pushes.
rid_ee350a7e87359d95ea89,2Pet 2:1-10,2Pet 2:1-10,2Pet 2:1-10,14,14,0,copticchurch_date,Tout 16 | Liturgy | Catholic Epistle,the Eucharistic gathering of the Church,,2pet-2,2pet-2,Patristic homily linkage is not present in this repo and must be joined from the site corpus when George pushes.
rid_8ab71a40e114a74ed56b,2Pet 2:1-3,2Pet 2:1-3,2Pet 2:1-3,1,1,0,katameros_cycle,liturgy_catholic | liturgy_catholic,,,2pet-2,2pet-2,Patristic homily linkage is not present in this repo and must be joined from the site corpus when George pushes.
rid_6d7f911b76ec9151af5c,2Pet 2:1-6,2Pet 2:1-6,2Pet 2:1-6,1,1,0,katameros_cycle,liturgy_catholic | liturgy_catholic,,,2pet-2,2pet-2,Patristic homily linkage is not present in this repo and must be joined from the site corpus when George pushes.
rid_fa7da2e5db1139d1ff76,2Pet 2:1-8,2Pet 2:1-8,2Pet 2:1-8,18,18,0,katameros_cycle,liturgy_catholic | liturgy_catholic,,,2pet-2,2pet-2,Patristic homily linkage is not present in this repo and must be joined from the site corpus when George pushes.
rid_60ab7832e034b37aca0f,2Pet 2:1-9,2Pet 2:1-9,2Pet 2:1-9,1,1,0,katameros_cycle,Third Sunday of Baunahh | liturgy_catholic | liturgy_catholic,,,2pet-2,2pet-2,Patristic homily linkage is not present in this repo and must be joined from the site corpus when George pushes.
rid_e177e84d7d81a1ada060,2Pet 2:2-8,2Pet 2:2-8,2Pet 2:2-8,17,17,0,copticchurch_date; katameros_cycle,Tuesday of the fourth week of Great Lent | Liturgy | Catholic Epistle,the Eucharistic gathering of the Church,,2pet-2,2pet-2,Patristic homily linkage is not present in this repo and must be joined from the site corpus when George pushes.
rid_eff7189961e48dd08ef1,2Pet 2:9-15,2Pet 2:9-15,2Pet 2:9-15,17,17,0,copticchurch_date; katameros_cycle,Wednesday of the third week of Great Lent | Liturgy | Catholic Epistle,the Eucharistic gathering of the Church,,2pet-2,2pet-2,Patristic homily linkage is not present in this repo and must be joined from the site corpus when George pushes.
rid_c558fc6c0ec8cec22ea4,2Pet 3:1-18,2Pet 3:1-18,2Pet 3:1-18,27,27,0,copticchurch_date; katameros_cycle,Sunday of the fifth week of Great Lent | Liturgy | Catholic Epistle,the Eucharistic gathering of the Church,,2pet-3,2pet-3,Patristic homily linkage is not present in this repo and must be joined from the site corpus when George pushes.
rid_972b743c707bdcfa55fa,2Pet 3:14-18,2Pet 3:14-18,2Pet 3:14-18,31,31,0,copticchurch_date; katameros_cycle,The first Sunday of Amshir | Liturgy | Catholic Epistle,the Eucharistic gathering of the Church,,2pet-3,2pet-3,Patristic homily linkage is not present in this repo and must be joined from the site corpus when George pushes.
rid_a0384d79da52f1d334b1,2Pet 3:8-15,2Pet 3:8-15,2Pet 3:8-15,16,16,0,copticchurch_date; katameros_cycle,Tuesday of the seventh week of Great Lent | Liturgy | Catholic Epistle,the Eucharistic gathering of the Church,,2pet-3,2pet-3,Patristic homily linkage is not present in this repo and must be joined from the site corpus when George pushes.
rid_4558c44f786105697f80,2Thess 1:1-12,2Thess 1:1-12,2Thess 1:1-12,16,16,0,copticchurch_date,The third Sunday of Hator | Liturgy | Pauline Epistle,the Eucharistic gathering of the Church,,2thess-1,2thess-1,Patristic homily linkage is not present in this repo and must be joined from the site corpus when George pushes.
rid_3d890a10079dc0b341d0,2Thess 2:1-17,2Thess 2:1-17,2Thess 2:1-17,27,27,0,copticchurch_date; katameros_cycle,Sunday of the fifth week of Great Lent | Liturgy | Pauline Epistle,the Eucharistic gathering of the Church,,2thess-2,2thess-2,Patristic homily linkage is not present in this repo and must be joined from the site corpus when George pushes.
rid_e47c580d856e6fb95669,2Thess 2:13-3,2Thess 2:13-3,2Thess 2:13-3,1,1,0,katameros_cycle,liturgy_pauline | liturgy_pauline,,,2thess-2,2thess-2,Patristic homily linkage is not present in this repo and must be joined from the site corpus when George pushes.
rid_c9dabca3872185fc9be1,2Thess 2:13-3:5,2Thess 2:13-3:5,2Thess 2:13-3:5,16,16,0,copticchurch_date,Sunday of the fourth week of the holy fifty days | Liturgy | Pauline Epistle,the Eucharistic gathering of the Church,,2thess-2,2thess-2,Patristic homily linkage is not present in this repo and must be joined from the site corpus when George pushes.
rid_9b743c9305f3bed80249,2Thess 2:9-17,2Thess 2:9-17,2Thess 2:9-17,17,17,0,copticchurch_date; katameros_cycle,Wednesday of the third week of Great Lent | Liturgy | Pauline Epistle,the Eucharistic gathering of the Church,,2thess-2,2thess-2,Patristic homily linkage is not present in this repo and must be joined from the site corpus when George pushes.
rid_51187b91dd9aaff23448,2Tim 1:12-18,2Tim 1:12-18,2Tim 1:12-18,1,1,0,katameros_cycle,Second Sunday of Tut | liturgy_pauline | liturgy_pauline,,,2tim-1,2tim-1,Patristic homily linkage is not present in this repo and must be joined from the site corpus when George pushes.
rid_72866e5beb92aeac8a16,2Tim 1:12-2:10,2Tim 1:12-2:10,2Tim 1:12-2:10,16,16,0,copticchurch_date,The second Sunday of Tout | Liturgy | Pauline Epistle,the Eucharistic gathering of the Church,,2tim-1,2tim-1,Patristic homily linkage is not present in this repo and must be joined from the site corpus when George pushes.
rid_b0cecd0a6a56fe5f28b7,2Tim 2:1-10,2Tim 2:1-10,2Tim 2:1-10,1,1,0,katameros_cycle,Second Sunday of Tut | liturgy_pauline | liturgy_pauline,,,2tim-2,2tim-2,Patristic homily linkage is not present in this repo and must be joined from the site corpus when George pushes.
rid_1d2a42085c007f30b439,2Tim 2:3-15,2Tim 2:3-15,2Tim 2:3-15,68,68,0,copticchurch_date; katameros_cycle,Abib 20 | Liturgy | Pauline Epistle,the Eucharistic gathering of the Church,,2tim-2,2tim-2,Patristic homily linkage is not present in this repo and must be joined from the site corpus when George pushes.
rid_93d5dc24b5b8a4b9782c,2Tim 2:8-15,2Tim 2:8-15,2Tim 2:8-15,17,17,0,copticchurch_date; katameros_cycle,Saturday of the second week of the holy fifty days | Liturgy | Pauline Epistle,the Eucharistic gathering of the Church,,2tim-2,2tim-2,Patristic homily linkage is not present in this repo and must be joined from the site corpus when George pushes.
rid_268f49e0e01001f2a5df,2Tim 3:1-17,2Tim 3:1-17,2Tim 3:1-17,1,1,0,katameros_cycle,liturgy_pauline | liturgy_pauline,,,2tim-3,2tim-3,Patristic homily linkage is not present in this repo and must be joined from the site corpus when George pushes.
rid_2d4034492d611f50036e,2Tim 3:1-4:5,2Tim 3:1-4:5,2Tim 3:1-4:5,14,14,0,copticchurch_date,Friday of the seventh week of Great Lent | Liturgy | Pauline Epistle,the Eucharistic gathering of the Church,,2tim-3,2tim-3,Patristic homily linkage is not present in this repo and must be joined from the site corpus when George pushes.
rid_6c2449103a57f2d93626,2Tim 3:10-17,2Tim 3:10-17,2Tim 3:10-17,24,24,0,katameros_cycle,liturgy_pauline | liturgy_pauline,,,2tim-3,2tim-3,Patristic homily linkage is not present in this repo and must be joined from the site corpus when George pushes.
rid_200a33c9afd64e65e41d,2Tim 3:10-4:18,2Tim 3:10-4:18,2Tim 3:10-4:18,69,69,0,copticchurch_date,Abib 2 | Liturgy | Pauline Epistle,the Eucharistic gathering of the Church,,2tim-3,2tim-3,Patristic homily linkage is not present in this repo and must be joined from the site corpus when George pushes.
rid_9bc7517abb29fb3bc3a3,2Tim 3:10-4:22,2Tim 3:10-4:22,2Tim 3:10-4:22,181,181,0,copticchurch_date,Amshir 14 | Liturgy | Pauline Epistle || Amshir 18 | Liturgy | Pauline Epistle || Amshir 27 | Liturgy | Pauline Epistle || Baba 3 | Liturgy | Pauline Epistle,the Eucharistic gathering of the Church,,2tim-3,2tim-3,Patristic homily linkage is not present in this repo and must be joined from the site corpus when George pushes.
rid_4a842b1c90617c4d3350,2Tim 4:1-18,2Tim 4:1-18,2Tim 4:1-18,7,7,0,katameros_cycle,liturgy_pauline | liturgy_pauline,,,2tim-4,2tim-4,Patristic homily linkage is not present in this repo and must be joined from the site corpus when George pushes.
rid_915f84e5b3e078a5a962,2Tim 4:1-22,2Tim 4:1-22,2Tim 4:1-22,17,17,0,katameros_cycle,liturgy_pauline | liturgy_pauline,,,2tim-4,2tim-4,Patristic homily linkage is not present in this repo and must be joined from the site corpus when George pushes.
rid_eba9faff727a2e6010c7,2Tim 4:1-5,2Tim 4:1-5,2Tim 4:1-5,1,1,0,katameros_cycle,liturgy_pauline | liturgy_pauline,,,2tim-4,2tim-4,Patristic homily linkage is not present in this repo and must be joined from the site corpus when George pushes.
rid_9265b95c454d37e66c9f,3Jn 1:1-14,3Jn 1:1-14,3Jn 1:1-14,28,28,0,katameros_cycle,liturgy_catholic | liturgy_catholic,,,3jn-1,3jn-1,Patristic homily linkage is not present in this repo and must be joined from the site corpus when George pushes.
rid_679d74fe15f7c208fb41,3Jn 1:1-15,3Jn 1:1-15,3Jn 1:1-15,265,265,0,copticchurch_date,Abib 10 | Liturgy | Catholic Epistle,the Eucharistic gathering of the Church,,3jn-1,3jn-1,Patristic homily linkage is not present in this repo and must be joined from the site corpus when George pushes.
rid_09f9325224d2854aab1a,3Jn 1:1-8,3Jn 1:1-8,3Jn 1:1-8,20,20,0,copticchurch_date; katameros_cycle,The fourth Sunday of Bashons | Liturgy | Catholic Epistle || Wednesday of the seventh week of the holy fifty days | Liturgy | Catholic Epistle,the Eucharistic gathering of the Church,,3jn-1,3jn-1,Patristic homily linkage is not present in this repo and must be joined from the site corpus when George pushes.
rid_71312c66ef0b1a379d36,3Jn 1:10-15,3Jn 1:10-15,3Jn 1:10-15,17,17,0,copticchurch_date; katameros_cycle,Thursday of the seventh week of the holy fifty days | Liturgy | Catholic Epistle,the Eucharistic gathering of the Church,,3jn-1,3jn-1,Patristic homily linkage is not present in this repo and must be joined from the site corpus when George pushes.
rid_f7d6d26c93bad1d434be,Acts 10:1-20,Acts 10:1-20,Acts 10:1-20,26,26,0,copticchurch_date; katameros_cycle,Hator 12 | Liturgy | Acts of the Apostles,the Eucharistic gathering of the Church,,acts-10,acts-10,Patristic homily linkage is not present in this repo and must be joined from the site corpus when George pushes.
rid_98e09f2f3e6fa74eefff,Acts 10:21-33,Acts 10:21-33,Acts 10:21-33,44,44,0,copticchurch_date; katameros_cycle,Kiak 22 | Liturgy | Acts of the Apostles,the Eucharistic gathering of the Church,,acts-10,acts-10,Patristic homily linkage is not present in this repo and must be joined from the site corpus when George pushes.
rid_f6949779acb30ca6a8ac,Acts 10:25-35,Acts 10:25-35,Acts 10:25-35,17,17,0,copticchurch_date; katameros_cycle,Monday of the fifth week of Great Lent | Liturgy | Acts of the Apostles,the Eucharistic gathering of the Church,,acts-10,acts-10,Patristic homily linkage is not present in this repo and must be joined from the site corpus when George pushes.
rid_8d2dd8842e5abef77bdb,Acts 10:34-43,Acts 10:34-43,Acts 10:34-43,66,66,0,copticchurch_date; katameros_cycle,Friday of the second week of Great Lent <br>(Feast of the Cross - Readings of 10th Baramhat) | Liturgy | Acts of the Apostles || Mesra 12 | Liturgy | Acts of the Apostles,the Eucharistic gathering of the Church,,acts-10,acts-10,Patristic homily linkage is not present in this repo and must be joined from the site corpus when George pushes.
rid_80b00e759fbafcd0f424,Acts 10:37-43,Acts 10:37-43,Acts 10:37-43,17,17,0,copticchurch_date; katameros_cycle,Sunday of the third week of the holy fifty days | Liturgy | Acts of the Apostles,the Eucharistic gathering of the Church,,acts-10,acts-10,Patristic homily linkage is not present in this repo and must be joined from the site corpus when George pushes.
rid_0b839b218ddcaacb5a56,Acts 10:37-48,Acts 10:37-48,Acts 10:37-48,1,1,0,katameros_cycle,First Sunday of Hatur | liturgy_acts | liturgy_acts,,,acts-10,acts-10,Patristic homily linkage is not present in this repo and must be joined from the site corpus when George pushes.
rid_b7a3e18127962ac149b6,Acts 10:9-20,Acts 10:9-20,Acts 10:9-20,16,16,0,copticchurch_date; katameros_cycle,Wednesday of the first week of Great Lent | Liturgy | Acts of the Apostles,the Eucharistic gathering of the Church,,acts-10,acts-10,Patristic homily linkage is not present in this repo and must be joined from the site corpus when George pushes.
rid_05d306f1bd46de3e5117,Acts 11:1,Acts 11:1,Acts 11:1,1,1,0,katameros_cycle,First Sunday of Hatur | liturgy_acts | liturgy_acts,,,acts-11,acts-11,Patristic homily linkage is not present in this repo and must be joined from the site corpus when George pushes.
rid_9c49e5270e529fde2ec1,Acts 11:12-18,Acts 11:12-18,Acts 11:12-18,18,18,0,copticchurch_date; katameros_cycle,Nasie 6 | Liturgy | Acts of the Apostles || Wednesday of the fifth week of Great Lent | Liturgy | Acts of the Apostles,the Eucharistic gathering of the Church,,acts-11,acts-11,Patristic homily linkage is not present in this repo and must be joined from the site corpus when George pushes.
rid_79f20a86350cc830ee07,Acts 11:15-24,Acts 11:15-24,Acts 11:15-24,58,58,0,copticchurch_date; katameros_cycle,Amshir 1 | Liturgy | Acts of the Apostles,the Eucharistic gathering of the Church,,acts-11,acts-11,Patristic homily linkage is not present in this repo and must be joined from the site corpus when George pushes.
rid_f11724db5227eefcbb03,Acts 11:19-26,Acts 11:19-26,Acts 11:19-26,101,101,0,copticchurch_date; katameros_cycle,Baba 24 | Liturgy | Acts of the Apostles,the Eucharistic gathering of the Church,,acts-11,acts-11,Patristic homily linkage is not present in this repo and must be joined from the site corpus when George pushes.
rid_491476e30b239466e0d4,Acts 11:19-30,Acts 11:19-30,Acts 11:19-30,17,17,0,copticchurch_date; katameros_cycle,The fourth Sunday of Mesra | Liturgy | Acts of the Apostles,the Eucharistic gathering of the Church,,acts-11,acts-11,Patristic homily linkage is not present in this repo and must be joined from the site corpus when George pushes.
rid_7198f6144e1675a2733b,Acts 11:2-14,Acts 11:2-14,Acts 11:2-14,14,14,0,copticchurch_date; katameros_cycle,Hator 8 | Liturgy | Acts of the Apostles,the Eucharistic gathering of the Church,,acts-11,acts-11,Patristic homily linkage is not present in this repo and must be joined from the site corpus when George pushes.
rid_954fc9b51703e8183584,Acts 11:2-18,Acts 11:2-18,Acts 11:2-18,37,37,0,copticchurch_date; katameros_cycle,Monday of the fourth week of Great Lent | Liturgy | Acts of the Apostles,the Eucharistic gathering of the Church,,acts-11,acts-11,Patristic homily linkage is not present in this repo and must be joined from the site corpus when George pushes.
rid_a1d6bb53bb294507ab59,Acts 11:26-12,Acts 11:26-12,Acts 11:26-12,2,2,0,katameros_cycle,liturgy_acts | liturgy_acts,,,acts-11,acts-11,Patristic homily linkage is not present in this repo and must be joined from the site corpus when George pushes.
rid_146e1a83832f5bce257f,Acts 11:26-12:2,Acts 11:26-12:2,Acts 11:26-12:2,15,15,0,copticchurch_date,Wednesday of the fourth week of Great Lent | Liturgy | Acts of the Apostles,the Eucharistic gathering of the Church,,acts-11,acts-11,Patristic homily linkage is not present in this repo and must be joined from the site corpus when George pushes.
rid_589a2a687937d5950890,Acts 12:1-12,Acts 12:1-12,Acts 12:1-12,15,15,0,copticchurch_date; katameros_cycle,Tout 2 | Liturgy | Acts of the Apostles,the Eucharistic gathering of the Church,,acts-12,acts-12,Patristic homily linkage is not present in this repo and must be joined from the site corpus when George pushes.
rid_57e905b23e1bd926dd20,Acts 12:1-24,Acts 12:1-24,Acts 12:1-24,98,98,0,copticchurch_date; katameros_cycle,Amshir 11 | Liturgy | Acts of the Apostles || Amshir 20 | Liturgy | Acts of the Apostles,the Eucharistic gathering of the Church,,acts-12,acts-12,Patristic homily linkage is not present in this repo and must be joined from the site corpus when George pushes.
rid_0e2efacc3d115e5c89e2,Acts 12:12-23,Acts 12:12-23,Acts 12:12-23,17,17,0,copticchurch_date; katameros_cycle,Thursday of the second week of Great Lent | Liturgy | Acts of the Apostles,the Eucharistic gathering of the Church,,acts-12,acts-12,Patristic homily linkage is not present in this repo and must be joined from the site corpus when George pushes.
rid_a13e38e3d727d1d7e70d,Acts 12:25,Acts 12:25,Acts 12:25,14,14,0,katameros_cycle,liturgy_acts | liturgy_acts || First Sunday of Baunahh | liturgy_acts | liturgy_acts,,,acts-12,acts-12,Patristic homily linkage is not present in this repo and must be joined from the site corpus when George pushes.
rid_2c7c7642b7779cf5bcf3,Acts 12:25-13:12,Acts 12:25-13:12,Acts 12:25-13:12,147,147,0,copticchurch_date,Abib 21 | Liturgy | Acts of the Apostles,the Eucharistic gathering of the Church,,acts-12,acts-12,Patristic homily linkage is not present in this repo and must be joined from the site corpus when George pushes.
rid_35897a8bf8b3ae6c8d79,Acts 13:1-12,Acts 13:1-12,Acts 13:1-12,14,14,0,katameros_cycle,liturgy_acts | liturgy_acts || First Sunday of Baunahh | liturgy_acts | liturgy_acts,,,acts-13,acts-13,Patristic homily linkage is not present in this repo and must be joined from the site corpus when George pushes.
rid_2133d409485967ce8183,Acts 13:13-25,Acts 13:13-25,Acts 13:13-25,21,21,0,copticchurch_date; katameros_cycle,Christmas Paramoune | Liturgy | Acts of the Apostles,the Eucharistic gathering of the Church,,acts-13,acts-13,Patristic homily linkage is not present in this repo and must be joined from the site corpus when George pushes.
rid_1e29cc126e5f35ba38a9,Acts 13:13-49,Acts 13:13-49,Acts 13:13-49,1,1,0,special_service,myron_consecration | liturgy | liturgy,,,acts-13,acts-13,Patristic homily linkage is not present in this repo and must be joined from the site corpus when George pushes.
rid_b0fde3823b34a237bdf8,Acts 13:25-32,Acts 13:25-32,Acts 13:25-32,24,24,0,copticchurch_date,Paona 2 | Liturgy | Acts of the Apostles || The first Sunday of Tout | Liturgy | Acts of the Apostles,the Eucharistic gathering of the Church,,acts-13,acts-13,Patristic homily linkage is not present in this repo and must be joined from the site corpus when George pushes.
rid_622315eb2aba076048ad,Acts 13:25-33,Acts 13:25-33,Acts 13:25-33,2,2,0,katameros_cycle,liturgy_acts | liturgy_acts || First Sunday of Tut | liturgy_acts | liturgy_acts,,,acts-13,acts-13,Patristic homily linkage is not present in this repo and must be joined from the site corpus when George pushes.
rid_f1fe4f42fa473ab5d2b1,Acts 13:26-33,Acts 13:26-33,Acts 13:26-33,21,21,0,copticchurch_date; katameros_cycle,Christmas | Liturgy | Acts of the Apostles,the Eucharistic gathering of the Church,,acts-13,acts-13,Patristic homily linkage is not present in this repo and must be joined from the site corpus when George pushes.
rid_0e33736ec37dd9ed9cce,Acts 13:34-42,Acts 13:34-42,Acts 13:34-42,17,17,0,copticchurch_date; katameros_cycle,Friday of the first week of the holy fifty days | Liturgy | Acts of the Apostles,the Eucharistic gathering of the Church,,acts-13,acts-13,Patristic homily linkage is not present in this repo and must be joined from the site corpus when George pushes.
rid_498ac3b509ac6821f4ee,Acts 13:36-43,Acts 13:36-43,Acts 13:36-43,31,31,0,copticchurch_date; katameros_cycle,Kiak 30 | Liturgy | Acts of the Apostles,the Eucharistic gathering of the Church,,acts-13,acts-13,Patristic homily linkage is not present in this repo and must be joined from the site corpus when George pushes.
rid_bdc1cbe983f43ac3292e,Acts 13:44-52,Acts 13:44-52,Acts 13:44-52,1,1,0,katameros_cycle,Third Sunday of Bashans | liturgy_acts | liturgy_acts,,,acts-13,acts-13,Patristic homily linkage is not present in this repo and must be joined from the site corpus when George pushes.
rid_1bc6a69c84f782dbea4d,Acts 14:1-8,Acts 14:1-8,Acts 14:1-8,15,15,0,copticchurch_date; katameros_cycle,Nasie 2 | Liturgy | Acts of the Apostles,the Eucharistic gathering of the Church,,acts-14,acts-14,Patristic homily linkage is not present in this repo and must be joined from the site corpus when George pushes.
rid_2598eba3e76474571f97,Acts 14:1-9,Acts 14:1-9,Acts 14:1-9,6,6,0,katameros_cycle,Fifth Sunday of Abib | liturgy_acts | liturgy_acts || Fifth Sunday of Baramhat | liturgy_acts | liturgy_acts || Fifth Sunday of Baramudah | liturgy_acts | liturgy_acts || Fifth Sunday of Bashans | liturgy_acts | liturgy_acts || Fifth Sunday of Baunahh | liturgy_acts | liturgy_acts || Fifth Sunday of Mesra | liturgy_acts | liturgy_acts,,,acts-14,acts-14,Patristic homily linkage is not present in this repo and must be joined from the site corpus when George pushes.
rid_bd222665428c7addd958,Acts 14:19-23,Acts 14:19-23,Acts 14:19-23,17,17,0,copticchurch_date; katameros_cycle,Monday of the seventh week of the holy fifty days | Liturgy | Acts of the Apostles,the Eucharistic gathering of the Church,,acts-14,acts-14,Patristic homily linkage is not present in this repo and must be joined from the site corpus when George pushes.
rid_c1041e2b48345a637602,Acts 14:19-28,Acts 14:19-28,Acts 14:19-28,1,1,0,katameros_cycle,liturgy_acts | liturgy_acts,,,acts-14,acts-14,Patristic homily linkage is not present in this repo and must be joined from the site corpus when George pushes.
rid_acca9a4929fdfbfcb1f5,Acts 14:20-23,Acts 14:20-23,Acts 14:20-23,17,17,0,copticchurch_date; katameros_cycle,Tuesday of the seventh week of the holy fifty days | Liturgy | Acts of the Apostles,the Eucharistic gathering of the Church,,acts-14,acts-14,Patristic homily linkage is not present in this repo and must be joined from the site corpus when George pushes.
rid_e71549757ab47945d653,Acts 14:24-15:3,Acts 14:24-15:3,Acts 14:24-15:3,30,30,0,copticchurch_date,The first Sunday of Toba | Liturgy | Acts of the Apostles,the Eucharistic gathering of the Church,,acts-14,acts-14,Patristic homily linkage is not present in this repo and must be joined from the site corpus when George pushes.
rid_fb95d89b7927e2a925f2,Acts 14:24-28,Acts 14:24-28,Acts 14:24-28,2,2,0,katameros_cycle,Second Sunday of Babah | liturgy_acts | liturgy_acts || First Sunday of Tubah | liturgy_acts | liturgy_acts,,,acts-14,acts-14,Patristic homily linkage is not present in this repo and must be joined from the site corpus when George pushes.
rid_9a3ef899876e771cb80e,Acts 14:8-22,Acts 14:8-22,Acts 14:8-22,11,11,0,copticchurch_date; katameros_cycle,The second Sunday of Paona | Liturgy | Acts of the Apostles || Second Sunday of Baunahh | liturgy_acts | liturgy_acts,the Eucharistic gathering of the Church,,acts-14,acts-14,Patristic homily linkage is not present in this repo and must be joined from the site corpus when George pushes.
rid_2ecc54dab1c76f35c683,Acts 14:8-23,Acts 14:8-23,Acts 14:8-23,17,17,0,copticchurch_date; katameros_cycle,Sunday of the fourth week of the holy fifty days | Liturgy | Acts of the Apostles,the Eucharistic gathering of the Church,,acts-14,acts-14,Patristic homily linkage is not present in this repo and must be joined from the site corpus when George pushes.
rid_57b3cf1ae32d09364a37,Acts 15:1-18,Acts 15:1-18,Acts 15:1-18,15,15,0,copticchurch_date; katameros_cycle,Friday of the seventh week of Great Lent | Liturgy | Acts of the Apostles,the Eucharistic gathering of the Church,,acts-15,acts-15,Patristic homily linkage is not present in this repo and must be joined from the site corpus when George pushes.
rid_0a19eb83379b4bfb3122,Acts 15:1-3,Acts 15:1-3,Acts 15:1-3,2,2,0,katameros_cycle,Second Sunday of Babah | liturgy_acts | liturgy_acts || First Sunday of Tubah | liturgy_acts | liturgy_acts,,,acts-15,acts-15,Patristic homily linkage is not present in this repo and must be joined from the site corpus when George pushes.
rid_a6c3911e86dba5ec461f,Acts 15:1-36,Acts 15:1-36,Acts 15:1-36,1,1,0,katameros_cycle,Fourth Sunday of Babah | liturgy_acts | liturgy_acts,,,acts-15,acts-15,Patristic homily linkage is not present in this repo and must be joined from the site corpus when George pushes.
rid_eaad5e7f82ada4a349df,Acts 15:12-20,Acts 15:12-20,Acts 15:12-20,16,16,0,copticchurch_date,Wednesday of Ninevah's Fast | Liturgy | Acts of the Apostles,the Eucharistic gathering of the Church,,acts-15,acts-15,Patristic homily linkage is not present in this repo and must be joined from the site corpus when George pushes.
rid_2b51b7fb62a086d83210,Acts 15:12-21,Acts 15:12-21,Acts 15:12-21,100,100,0,copticchurch_date; katameros_cycle,Abib 7 | Liturgy | Acts of the Apostles,the Eucharistic gathering of the Church,,acts-15,acts-15,Patristic homily linkage is not present in this repo and must be joined from the site corpus when George pushes.
rid_6f54df521b4c5ce5d43b,Acts 15:13-18,Acts 15:13-18,Acts 15:13-18,17,17,0,copticchurch_date; katameros_cycle,Friday of the seventh week of the holy fifty days | Liturgy | Acts of the Apostles,the Eucharistic gathering of the Church,,acts-15,acts-15,Patristic homily linkage is not present in this repo and must be joined from the site corpus when George pushes.
rid_3dc6848bbd1e79404b41,Acts 15:13-21,Acts 15:13-21,Acts 15:13-21,121,121,0,copticchurch_date; katameros_cycle,Abib 23 | Liturgy | Acts of the Apostles,the Eucharistic gathering of the Church,,acts-15,acts-15,Patristic homily linkage is not present in this repo and must be joined from the site corpus when George pushes.
rid_4ad0a6984be4ba3c6a05,Acts 15:13-29,Acts 15:13-29,Acts 15:13-29,99,99,0,copticchurch_date; katameros_cycle,Abib 15 | Liturgy | Acts of the Apostles,the Eucharistic gathering of the Church,,acts-15,acts-15,Patristic homily linkage is not present in this repo and must be joined from the site corpus when George pushes.
rid_9aa43fe980fa6a8e7048,Acts 15:21-29,Acts 15:21-29,Acts 15:21-29,228,228,0,copticchurch_date; katameros_cycle,Abib 26 | Liturgy | Acts of the Apostles,the Eucharistic gathering of the Church,,acts-15,acts-15,Patristic homily linkage is not present in this repo and must be joined from the site corpus when George pushes.
rid_31daa093831693e5b722,Acts 15:22-29,Acts 15:22-29,Acts 15:22-29,9,9,0,copticchurch_date; katameros_cycle,The second Sunday of Toba | Liturgy | Acts of the Apostles || Second Sunday of Tubah | liturgy_acts | liturgy_acts,the Eucharistic gathering of the Church,,acts-15,acts-15,Patristic homily linkage is not present in this repo and must be joined from the site corpus when George pushes.
rid_b31c22cb2ebf8593b423,Acts 15:22-31,Acts 15:22-31,Acts 15:22-31,14,14,0,copticchurch_date; katameros_cycle,Friday of the second week of Great Lent | Liturgy | Acts of the Apostles,the Eucharistic gathering of the Church,,acts-15,acts-15,Patristic homily linkage is not present in this repo and must be joined from the site corpus when George pushes.
rid_9463d9ebc4b94bafe3f1,Acts 15:36-16:3,Acts 15:36-16:3,Acts 15:36-16:3,16,16,0,copticchurch_date,Friday of the fifth week of Great Lent | Liturgy | Acts of the Apostles,the Eucharistic gathering of the Church,,acts-15,acts-15,Patristic homily linkage is not present in this repo and must be joined from the site corpus when George pushes.
rid_29d081e1b75c9201331c,Acts 15:36-16:5,Acts 15:36-16:5,Acts 15:36-16:5,334,334,0,copticchurch_date,Abib 10 | Liturgy | Acts of the Apostles,the Eucharistic gathering of the Church,,acts-15,acts-15,Patristic homily linkage is not present in this repo and must be joined from the site corpus when George pushes.
rid_afeaa6e4bc0cc8f1d038,Acts 15:36-41,Acts 15:36-41,Acts 15:36-41,35,35,0,katameros_cycle,liturgy_acts | liturgy_acts,,,acts-15,acts-15,Patristic homily linkage is not present in this repo and must be joined from the site corpus when George pushes.
rid_49031571057f0ca193c4,Acts 15:4-12,Acts 15:4-12,Acts 15:4-12,17,17,0,copticchurch_date; katameros_cycle,The third Sunday of Baba | Liturgy | Acts of the Apostles,the Eucharistic gathering of the Church,,acts-15,acts-15,Patristic homily linkage is not present in this repo and must be joined from the site corpus when George pushes.
rid_ebe482658014b1101fe7,Acts 15:4-9,Acts 15:4-9,Acts 15:4-9,17,17,0,copticchurch_date; katameros_cycle,Wednesday of the seventh week of the holy fifty days | Liturgy | Acts of the Apostles,the Eucharistic gathering of the Church,,acts-15,acts-15,Patristic homily linkage is not present in this repo and must be joined from the site corpus when George pushes.
rid_a58dd2fd090611e2d05b,Acts 15:6-12,Acts 15:6-12,Acts 15:6-12,15,15,0,copticchurch_date; katameros_cycle,Hator 24 | Liturgy | Acts of the Apostles,the Eucharistic gathering of the Church,,acts-15,acts-15,Patristic homily linkage is not present in this repo and must be joined from the site corpus when George pushes.
rid_77e52497c78fa018faab,Acts 15:7-12,Acts 15:7-12,Acts 15:7-12,17,17,0,copticchurch_date; katameros_cycle,Thursday of the seventh week of the holy fifty days | Liturgy | Acts of the Apostles,the Eucharistic gathering of the Church,,acts-15,acts-15,Patristic homily linkage is not present in this repo and must be joined from the site corpus when George pushes.
rid_e9c6d0396bf6f23aa8ef,Acts 16:1-3,Acts 16:1-3,Acts 16:1-3,1,1,0,katameros_cycle,liturgy_acts | liturgy_acts,,,acts-16,acts-16,Patristic homily linkage is not present in this repo and must be joined from the site corpus when George pushes.
rid_e0fbf80747507e81a74b,Acts 16:1-5,Acts 16:1-5,Acts 16:1-5,35,35,0,katameros_cycle,liturgy_acts | liturgy_acts || Fourth Sunday of Babah | liturgy_acts | liturgy_acts,,,acts-16,acts-16,Patristic homily linkage is not present in this repo and must be joined from the site corpus when George pushes.
rid_b10570d950c8b9d38243,Acts 16:16-34,Acts 16:16-34,Acts 16:16-34,87,87,0,copticchurch_date; katameros_cycle,Abib 27 | Liturgy | Acts of the Apostles,the Eucharistic gathering of the Church,,acts-16,acts-16,Patristic homily linkage is not present in this repo and must be joined from the site corpus when George pushes.
rid_2b0bab21babf19b5545a,Acts 16:25-34,Acts 16:25-34,Acts 16:25-34,21,21,0,copticchurch_date; katameros_cycle,Epiphany Paramoune | Liturgy | Acts of the Apostles,the Eucharistic gathering of the Church,,acts-16,acts-16,Patristic homily linkage is not present in this repo and must be joined from the site corpus when George pushes.
rid_6acb4fe5b58c6ccd90ed,Acts 16:40,Acts 16:40,Acts 16:40,1,1,0,katameros_cycle,Nativity Fast - Fourth Sunday of Hatur | liturgy_acts | liturgy_acts,,,acts-16,acts-16,Patristic homily linkage is not present in this repo and must be joined from the site corpus when George pushes.
rid_f3d9bb9bc3fed2ff0a62,Acts 16:40-17:7,Acts 16:40-17:7,Acts 16:40-17:7,16,16,0,copticchurch_date,The fourth Sunday of Hator | Liturgy | Acts of the Apostles,the Eucharistic gathering of the Church,,acts-16,acts-16,Patristic homily linkage is not present in this repo and must be joined from the site corpus when George pushes.
rid_3be64071ef1ae784bffb,Acts 17:1-12,Acts 17:1-12,Acts 17:1-12,16,16,0,copticchurch_date; katameros_cycle,The third Sunday of Paona | Liturgy | Acts of the Apostles,the Eucharistic gathering of the Church,,acts-17,acts-17,Patristic homily linkage is not present in this repo and must be joined from the site corpus when George pushes.
rid_c0195ac6bc789b7e947b,Acts 17:1-7,Acts 17:1-7,Acts 17:1-7,1,1,0,katameros_cycle,Nativity Fast - Fourth Sunday of Hatur | liturgy_acts | liturgy_acts,,,acts-17,acts-17,Patristic homily linkage is not present in this repo and must be joined from the site corpus when George pushes.
rid_2f0e697d5b476015102a,Acts 17:10-14,Acts 17:10-14,Acts 17:10-14,16,16,0,copticchurch_date; katameros_cycle,Monday of the third week of Great Lent | Liturgy | Acts of the Apostles,the Eucharistic gathering of the Church,,acts-17,acts-17,Patristic homily linkage is not present in this repo and must be joined from the site corpus when George pushes.
rid_8198692d8c2e8cad9f80,Acts 17:16-34,Acts 17:16-34,Acts 17:16-34,34,34,0,copticchurch_date; katameros_cycle,Feast of Nayrouz - (Readings of the First of Tut) | Liturgy | Acts of the Apostles || Thomas Sunday | Liturgy | Acts of the Apostles,the Eucharistic gathering of the Church,,acts-17,acts-17,Patristic homily linkage is not present in this repo and must be joined from the site corpus when George pushes.
rid_6336ca1700fe3d87606a,Acts 17:30-34,Acts 17:30-34,Acts 17:30-34,14,14,0,copticchurch_date,Tuesday of Ninevah's Fast | Liturgy | Acts of the Apostles,the Eucharistic gathering of the Church,,acts-17,acts-17,Patristic homily linkage is not present in this repo and must be joined from the site corpus when George pushes.
rid_27a759d7b84b5a261cbf,Acts 18:1-11,Acts 18:1-11,Acts 18:1-11,17,17,0,copticchurch_date; katameros_cycle,The fourth Sunday of Paona | Liturgy | Acts of the Apostles,the Eucharistic gathering of the Church,,acts-18,acts-18,Patristic homily linkage is not present in this repo and must be joined from the site corpus when George pushes.
rid_14736227bcf161c1c1dc,Acts 18:12-23,Acts 18:12-23,Acts 18:12-23,17,17,0,copticchurch_date; katameros_cycle,The third Sunday of Abib | Liturgy | Acts of the Apostles,the Eucharistic gathering of the Church,,acts-18,acts-18,Patristic homily linkage is not present in this repo and must be joined from the site corpus when George pushes.
rid_89df3e680e8d5e6a62c5,Acts 18:24-19:6,Acts 18:24-19:6,Acts 18:24-19:6,228,228,0,copticchurch_date,Amshir 12 | Liturgy | Acts of the Apostles || Amshir 15 | Liturgy | Acts of the Apostles,the Eucharistic gathering of the Church,,acts-18,acts-18,Patristic homily linkage is not present in this repo and must be joined from the site corpus when George pushes.
rid_af92a19084930ccb825e,Acts 18:24-28,Acts 18:24-28,Acts 18:24-28,24,24,0,katameros_cycle; special_service,liturgy_acts | liturgy_acts,,,acts-18,acts-18,Patristic homily linkage is not present in this repo and must be joined from the site corpus when George pushes.
rid_2eb58217db2a8de8fef9,Acts 18:24-9:6,Acts 18:24-9:6,Acts 18:24-9:6,14,14,0,copticchurch_date,Mesra 25 | Liturgy | Acts of the Apostles,the Eucharistic gathering of the Church,,acts-18,acts-18,Patristic homily linkage is not present in this repo and must be joined from the site corpus when George pushes.
rid_05815378e1cc41c4f74c,Acts 18:9-12,Acts 18:9-12,Acts 18:9-12,6,6,0,katameros_cycle,Fifth Sunday of Amshir | liturgy_acts | liturgy_acts || Fifth Sunday of Babah | liturgy_acts | liturgy_acts || Fifth Sunday of Hatur | liturgy_acts | liturgy_acts || Fifth Sunday of Kiyahk | liturgy_acts | liturgy_acts || Fifth Sunday of Tubah | liturgy_acts | liturgy_acts || Fifth Sunday of Tut | liturgy_acts | liturgy_acts,,,acts-18,acts-18,Patristic homily linkage is not present in this repo and must be joined from the site corpus when George pushes.
rid_74cb881e4aab40261254,Acts 18:9-18,Acts 18:9-18,Acts 18:9-18,16,16,0,copticchurch_date; katameros_cycle,Monday of the sixth week of Great Lent | Liturgy | Acts of the Apostles,the Eucharistic gathering of the Church,,acts-18,acts-18,Patristic homily linkage is not present in this repo and must be joined from the site corpus when George pushes.
rid_ccf3b65c60b18667a790,Acts 18:9-21,Acts 18:9-21,Acts 18:9-21,22,22,0,copticchurch_date; katameros_cycle,The fifth Sunday of Baba | Liturgy | Acts of the Apostles || The fifth Sunday of Kiak | Liturgy | Acts of the Apostles || The fifth Sunday of Toba | Liturgy | Acts of the Apostles || The fifth Sunday of Tout | Liturgy | Acts of the Apostles || The second Sunday of Amshir | Liturgy | Acts of the Apostles,the Eucharistic gathering of the Church,,acts-18,acts-18,Patristic homily linkage is not present in this repo and must be joined from the site corpus when George pushes.
rid_5afb48adc25bd41e750a,Acts 19:1-20,Acts 19:1-20,Acts 19:1-20,1,1,0,special_service,myron_consecration | liturgy | liturgy,,,acts-19,acts-19,Patristic homily linkage is not present in this repo and must be joined from the site corpus when George pushes.
rid_d6b351115e6125d45624,Acts 19:1-6,Acts 19:1-6,Acts 19:1-6,23,23,0,katameros_cycle,liturgy_acts | liturgy_acts,,,acts-19,acts-19,Patristic homily linkage is not present in this repo and must be joined from the site corpus when George pushes.
rid_d83f8bbd1923b4e00687,Acts 19:11-17,Acts 19:11-17,Acts 19:11-17,33,33,0,copticchurch_date; katameros_cycle,Tout 21 | Liturgy | Acts of the Apostles,the Eucharistic gathering of the Church,,acts-19,acts-19,Patristic homily linkage is not present in this repo and must be joined from the site corpus when George pushes.
rid_081fca7a03d7cd05e0f7,Acts 19:11-20,Acts 19:11-20,Acts 19:11-20,248,248,0,copticchurch_date; katameros_cycle,Abib 19 | Liturgy | Acts of the Apostles,the Eucharistic gathering of the Church,,acts-19,acts-19,Patristic homily linkage is not present in this repo and must be joined from the site corpus when George pushes.
rid_bfdb171b5efa22364374,Acts 19:11-22,Acts 19:11-22,Acts 19:11-22,17,17,0,copticchurch_date; katameros_cycle,The fourth Sunday of Abib | Liturgy | Acts of the Apostles,the Eucharistic gathering of the Church,,acts-19,acts-19,Patristic homily linkage is not present in this repo and must be joined from the site corpus when George pushes.
rid_4c30ca98dd9a7d494e5e,Acts 19:23-26,Acts 19:23-26,Acts 19:23-26,17,17,0,copticchurch_date; katameros_cycle,Wednesday of the seventh week of Great Lent | Liturgy | Acts of the Apostles,the Eucharistic gathering of the Church,,acts-19,acts-19,Patristic homily linkage is not present in this repo and must be joined from the site corpus when George pushes.
rid_dd7e465f7c846117c9ae,Acts 19:23-40,Acts 19:23-40,Acts 19:23-40,15,15,0,copticchurch_date; katameros_cycle,The first Sunday of Mesra | Liturgy | Acts of the Apostles,the Eucharistic gathering of the Church,,acts-19,acts-19,Patristic homily linkage is not present in this repo and must be joined from the site corpus when George pushes.
rid_7316d2fbfbbab177fffe,Acts 19:23-41,Acts 19:23-41,Acts 19:23-41,149,149,0,copticchurch_date; katameros_cycle,Abib 11 | Liturgy | Acts of the Apostles,the Eucharistic gathering of the Church,,acts-19,acts-19,Patristic homily linkage is not present in this repo and must be joined from the site corpus when George pushes.
rid_6a6282c6a6f44d36442e,Acts 19:6-10,Acts 19:6-10,Acts 19:6-10,17,17,0,copticchurch_date; katameros_cycle,Wednesday of the sixth week of the holy fifty days | Liturgy | Acts of the Apostles,the Eucharistic gathering of the Church,,acts-19,acts-19,Patristic homily linkage is not present in this repo and must be joined from the site corpus when George pushes.
rid_4bb6cc6dcdb3180a9737,Acts 1:1-14,Acts 1:1-14,Acts 1:1-14,136,136,0,copticchurch_date; katameros_cycle,Amshir 4 | Liturgy | Acts of the Apostles || Baba 22 | Liturgy | Acts of the Apostles,the Eucharistic gathering of the Church,,acts-1,acts-1,Patristic homily linkage is not present in this repo and must be joined from the site corpus when George pushes.
rid_9397f57ff763d3a220e3,Acts 1:15-20,Acts 1:15-20,Acts 1:15-20,1,1,0,pascha_day_hour,Great Thursday | First Hour | Acts,the beginning of the day and watchfulness,,acts-1,acts-1,Patristic homily linkage is not present in this repo and must be joined from the site corpus when George pushes.
rid_db30ed0d9ffed1b96a87,Acts 1:15-26,Acts 1:15-26,Acts 1:15-26,17,17,0,copticchurch_date; katameros_cycle,Saturday of the seventh week of the holy fifty days | Liturgy | Acts of the Apostles,the Eucharistic gathering of the Church,,acts-1,acts-1,Patristic homily linkage is not present in this repo and must be joined from the site corpus when George pushes.
rid_cf81fb92b92a62dbbafb,Acts 20:1-12,Acts 20:1-12,Acts 20:1-12,32,32,0,copticchurch_date; katameros_cycle,Sunday of the second week of the holy fifty days | Liturgy | Acts of the Apostles,the Eucharistic gathering of the Church,,acts-20,acts-20,Patristic homily linkage is not present in this repo and must be joined from the site corpus when George pushes.
rid_fa2257b3cd8dd0e37be4,Acts 20:1-16,Acts 20:1-16,Acts 20:1-16,17,17,0,copticchurch_date; katameros_cycle,Sunday of the sixth week of the holy fifty days | Liturgy | Acts of the Apostles,the Eucharistic gathering of the Church,,acts-20,acts-20,Patristic homily linkage is not present in this repo and must be joined from the site corpus when George pushes.
rid_84a5072188df73f93ba9,Acts 20:1-6,Acts 20:1-6,Acts 20:1-6,17,17,0,copticchurch_date; katameros_cycle,Wednesday of the fourth week of the holy fifty days | Liturgy | Acts of the Apostles,the Eucharistic gathering of the Church,,acts-20,acts-20,Patristic homily linkage is not present in this repo and must be joined from the site corpus when George pushes.
rid_ce9d159baf7c0aa56ce2,Acts 20:17-38,Acts 20:17-38,Acts 20:17-38,428,428,0,copticchurch_date; katameros_cycle,Abib 14 | Liturgy | Acts of the Apostles,the Eucharistic gathering of the Church,,acts-20,acts-20,Patristic homily linkage is not present in this repo and must be joined from the site corpus when George pushes.
rid_52321face5dc9de0fbe7,Acts 20:7-16,Acts 20:7-16,Acts 20:7-16,7,7,0,copticchurch_date; katameros_cycle,The third Sunday of Amshir | Liturgy | Acts of the Apostles || Third Sunday of Amshir | liturgy_acts | liturgy_acts,the Eucharistic gathering of the Church,,acts-20,acts-20,Patristic homily linkage is not present in this repo and must be joined from the site corpus when George pushes.
rid_587da6cc7af7cafad2c9,Acts 21:1-14,Acts 21:1-14,Acts 21:1-14,16,16,0,copticchurch_date; katameros_cycle,Saturday of the week before Great Lent | Liturgy | Acts of the Apostles,the Eucharistic gathering of the Church,,acts-21,acts-21,Patristic homily linkage is not present in this repo and must be joined from the site corpus when George pushes.
rid_462fa0a3406695395a47,Acts 21:15-26,Acts 21:15-26,Acts 21:15-26,16,16,0,copticchurch_date; katameros_cycle,Sunday of the week before Great Lent | Liturgy | Acts of the Apostles,the Eucharistic gathering of the Church,,acts-21,acts-21,Patristic homily linkage is not present in this repo and must be joined from the site corpus when George pushes.
rid_6b66fae3116254c05cda,Acts 21:27-39,Acts 21:27-39,Acts 21:27-39,17,17,0,copticchurch_date; katameros_cycle,Saturday of the first week of Great Lent | Liturgy | Acts of the Apostles,the Eucharistic gathering of the Church,,acts-21,acts-21,Patristic homily linkage is not present in this repo and must be joined from the site corpus when George pushes.
rid_b48b6083dd376d8cf66b,Acts 21:40-22,Acts 21:40-22,Acts 21:40-22,1,1,0,katameros_cycle,liturgy_acts | liturgy_acts,,,acts-21,acts-21,Patristic homily linkage is not present in this repo and must be joined from the site corpus when George pushes.
rid_d26ed3fb522ebaaea450,Acts 21:40-22:16,Acts 21:40-22:16,Acts 21:40-22:16,16,16,0,copticchurch_date,Sunday of the first week of Great Lent | Liturgy | Acts of the Apostles,the Eucharistic gathering of the Church,,acts-21,acts-21,Patristic homily linkage is not present in this repo and must be joined from the site corpus when George pushes.
rid_2ad1de50c2d577230e2e,Acts 21:5-14,Acts 21:5-14,Acts 21:5-14,265,265,0,copticchurch_date; katameros_cycle,Abib 1 | Liturgy | Acts of the Apostles,the Eucharistic gathering of the Church,,acts-21,acts-21,Patristic homily linkage is not present in this repo and must be joined from the site corpus when George pushes.
rid_8efb17f8331e77f89015,Acts 21:8-14,Acts 21:8-14,Acts 21:8-14,1,1,0,katameros_cycle,Third Sunday of Misra | liturgy_acts | liturgy_acts,,,acts-21,acts-21,Patristic homily linkage is not present in this repo and must be joined from the site corpus when George pushes.
rid_9086b233f7903018b8dc,Acts 21:9-14,Acts 21:9-14,Acts 21:9-14,13,13,0,copticchurch_date,The third Sunday of Mesra | Liturgy | Acts of the Apostles,the Eucharistic gathering of the Church,,acts-21,acts-21,Patristic homily linkage is not present in this repo and must be joined from the site corpus when George pushes.
rid_209b745be9dbc88454e7,Acts 22:17-24,Acts 22:17-24,Acts 22:17-24,32,32,0,copticchurch_date; katameros_cycle,Friday of the fourth week of Great Lent | Liturgy | Acts of the Apostles,the Eucharistic gathering of the Church,,acts-22,acts-22,Patristic homily linkage is not present in this repo and must be joined from the site corpus when George pushes.
rid_c907dc61bf6d0f628af7,Acts 22:17-30,Acts 22:17-30,Acts 22:17-30,17,17,0,copticchurch_date; katameros_cycle,Saturday of the second week of Great Lent | Liturgy | Acts of the Apostles,the Eucharistic gathering of the Church,,acts-22,acts-22,Patristic homily linkage is not present in this repo and must be joined from the site corpus when George pushes.
rid_4c0366b4170b218c7a4f,Acts 22:6-10,Acts 22:6-10,Acts 22:6-10,17,17,0,copticchurch_date; katameros_cycle,Friday of the sixth week of the holy fifty days | Liturgy | Acts of the Apostles,the Eucharistic gathering of the Church,,acts-22,acts-22,Patristic homily linkage is not present in this repo and must be joined from the site corpus when George pushes.
rid_f32b16534de5e0c82e1d,Acts 22:7-24,Acts 22:7-24,Acts 22:7-24,1,1,0,katameros_cycle,liturgy_acts | liturgy_acts,,,acts-22,acts-22,Patristic homily linkage is not present in this repo and must be joined from the site corpus when George pushes.
rid_a89e691e162c57976794,Acts 23:1-11,Acts 23:1-11,Acts 23:1-11,17,17,0,copticchurch_date; katameros_cycle,Sunday of the second week of Great Lent | Liturgy | Acts of the Apostles,the Eucharistic gathering of the Church,,acts-23,acts-23,Patristic homily linkage is not present in this repo and must be joined from the site corpus when George pushes.
rid_f2c41ff8ffd98c5c5ea8,Acts 23:12-35,Acts 23:12-35,Acts 23:12-35,15,15,0,copticchurch_date; katameros_cycle,Saturday of the third week of Great Lent | Liturgy | Acts of the Apostles,the Eucharistic gathering of the Church,,acts-23,acts-23,Patristic homily linkage is not present in this repo and must be joined from the site corpus when George pushes.
rid_9f2bd51574eae45b8b1c,Acts 23:6-11,Acts 23:6-11,Acts 23:6-11,34,34,0,copticchurch_date; katameros_cycle,Friday of the third week of Great Lent | Liturgy | Acts of the Apostles,the Eucharistic gathering of the Church,,acts-23,acts-23,Patristic homily linkage is not present in this repo and must be joined from the site corpus when George pushes.
rid_0f5d8413e4b80a45d470,Acts 24:1-23,Acts 24:1-23,Acts 24:1-23,17,17,0,copticchurch_date; katameros_cycle,Sunday of the third week of Great Lent | Liturgy | Acts of the Apostles,the Eucharistic gathering of the Church,,acts-24,acts-24,Patristic homily linkage is not present in this repo and must be joined from the site corpus when George pushes.
rid_b7e37f2c4749faac2e72,Acts 24:1-9,Acts 24:1-9,Acts 24:1-9,9,9,0,copticchurch_date,The fifth Sunday of Abib | Liturgy | Acts of the Apostles || The fifth Sunday of Bashons | Liturgy | Acts of the Apostles || The fifth Sunday of Mesra | Liturgy | Acts of the Apostles || The fifth Sunday of Paona | Liturgy | Acts of the Apostles,the Eucharistic gathering of the Church,,acts-24,acts-24,Patristic homily linkage is not present in this repo and must be joined from the site corpus when George pushes.
rid_6fd55f99cdbaa76e50fc,Acts 24:10-21,Acts 24:10-21,Acts 24:10-21,17,17,0,copticchurch_date; katameros_cycle,Saturday of the sixth week of the holy fifty days | Liturgy | Acts of the Apostles,the Eucharistic gathering of the Church,,acts-24,acts-24,Patristic homily linkage is not present in this repo and must be joined from the site corpus when George pushes.
rid_057f768224ddd1183b08,Acts 24:10-23,Acts 24:10-23,Acts 24:10-23,17,17,0,copticchurch_date; katameros_cycle,Tuesday of the fifth week of Great Lent | Liturgy | Acts of the Apostles,the Eucharistic gathering of the Church,,acts-24,acts-24,Patristic homily linkage is not present in this repo and must be joined from the site corpus when George pushes.
rid_3d649a483b4f0421279b,Acts 24:24-25:12,Acts 24:24-25:12,Acts 24:24-25:12,16,16,0,copticchurch_date,Saturday of the fourth week of Great Lent | Liturgy | Acts of the Apostles,the Eucharistic gathering of the Church,,acts-24,acts-24,Patristic homily linkage is not present in this repo and must be joined from the site corpus when George pushes.
rid_ab3cb646b4eaef329869,Acts 24:24-27,Acts 24:24-27,Acts 24:24-27,1,1,0,katameros_cycle,liturgy_acts | liturgy_acts,,,acts-24,acts-24,Patristic homily linkage is not present in this repo and must be joined from the site corpus when George pushes.
rid_2a121454a5d3724644ea,Acts 25:1-12,Acts 25:1-12,Acts 25:1-12,1,1,0,katameros_cycle,liturgy_acts | liturgy_acts,,,acts-25,acts-25,Patristic homily linkage is not present in this repo and must be joined from the site corpus when George pushes.
rid_81ec93428a4dbd706bbc,Acts 25:13-26,Acts 25:13-26,Acts 25:13-26,1,1,0,katameros_cycle,liturgy_acts | liturgy_acts,,,acts-25,acts-25,Patristic homily linkage is not present in this repo and must be joined from the site corpus when George pushes.
rid_19400f11789d2067f2a7,Acts 25:13-26:1,Acts 25:13-26:1,Acts 25:13-26:1,13,13,0,copticchurch_date,Sunday of the fourth week of Great Lent | Liturgy | Acts of the Apostles,the Eucharistic gathering of the Church,,acts-25,acts-25,Patristic homily linkage is not present in this repo and must be joined from the site corpus when George pushes.
rid_616d005966d0a8c7c50d,Acts 25:23-27,Acts 25:23-27,Acts 25:23-27,17,17,0,copticchurch_date; katameros_cycle,Thursday of the seventh week of Great Lent | Liturgy | Acts of the Apostles,the Eucharistic gathering of the Church,,acts-25,acts-25,Patristic homily linkage is not present in this repo and must be joined from the site corpus when George pushes.
rid_861c28aea2fa682a9b24,Acts 26:1-18,Acts 26:1-18,Acts 26:1-18,16,16,0,copticchurch_date; katameros_cycle,Saturday of the fifth week of Great Lent | Liturgy | Acts of the Apostles,the Eucharistic gathering of the Church,,acts-26,acts-26,Patristic homily linkage is not present in this repo and must be joined from the site corpus when George pushes.
rid_b1fb536142ff6f751bcb,Acts 26:1-6,Acts 26:1-6,Acts 26:1-6,17,17,0,copticchurch_date; katameros_cycle,Thursday of the seventh week of Great Lent | Liturgy | Acts of the Apostles,the Eucharistic gathering of the Church,,acts-26,acts-26,Patristic homily linkage is not present in this repo and must be joined from the site corpus when George pushes.
rid_3e3dbb32d67d7bd52f21,Acts 26:1-8,Acts 26:1-8,Acts 26:1-8,17,17,0,copticchurch_date; katameros_cycle,Wednesday of the sixth week of Great Lent | Liturgy | Acts of the Apostles,the Eucharistic gathering of the Church,,acts-26,acts-26,Patristic homily linkage is not present in this repo and must be joined from the site corpus when George pushes.
rid_8a64e23f896c9f653032,Acts 26:19-27:8,Acts 26:19-27:8,Acts 26:19-27:8,14,14,0,copticchurch_date,Sunday of the fifth week of Great Lent | Liturgy | Acts of the Apostles,the Eucharistic gathering of the Church,,acts-26,acts-26,Patristic homily linkage is not present in this repo and must be joined from the site corpus when George pushes.
rid_c4f0dfbb907beb3b04bb,Acts 26:19-32,Acts 26:19-32,Acts 26:19-32,1,1,0,katameros_cycle,liturgy_acts | liturgy_acts,,,acts-26,acts-26,Patristic homily linkage is not present in this repo and must be joined from the site corpus when George pushes.
rid_f02ec4c1987e83151a62,Acts 27:1-3,Acts 27:1-3,Acts 27:1-3,17,17,0,copticchurch_date; katameros_cycle,Tuesday of the fourth week of Great Lent | Liturgy | Acts of the Apostles,the Eucharistic gathering of the Church,,acts-27,acts-27,Patristic homily linkage is not present in this repo and must be joined from the site corpus when George pushes.
rid_a6e2e4ec1bd040fc86cc,Acts 27:1-8,Acts 27:1-8,Acts 27:1-8,1,1,0,katameros_cycle,liturgy_acts | liturgy_acts,,,acts-27,acts-27,Patristic homily linkage is not present in this repo and must be joined from the site corpus when George pushes.
rid_185159d5af72f398f1ab,Acts 27:16-20,Acts 27:16-20,Acts 27:16-20,15,15,0,copticchurch_date; katameros_cycle,Thursday of the sixth week of Great Lent | Liturgy | Acts of the Apostles,the Eucharistic gathering of the Church,,acts-27,acts-27,Patristic homily linkage is not present in this repo and must be joined from the site corpus when George pushes.
rid_d01a4203005fa9969edb,Acts 27:27-37,Acts 27:27-37,Acts 27:27-37,17,17,0,copticchurch_date; katameros_cycle,Sunday of the sixth week of Great Lent | Liturgy | Acts of the Apostles,the Eucharistic gathering of the Church,,acts-27,acts-27,Patristic homily linkage is not present in this repo and must be joined from the site corpus when George pushes.
rid_588ea6bca01fd75f8f47,Acts 27:38-28:10,Acts 27:38-28:10,Acts 27:38-28:10,16,16,0,copticchurch_date,Lazarus Saturday of Great Lent | Liturgy | Acts of the Apostles,the Eucharistic gathering of the Church,,acts-27,acts-27,Patristic homily linkage is not present in this repo and must be joined from the site corpus when George pushes.
rid_29e925870813b04ae8ef,Acts 27:38-44,Acts 27:38-44,Acts 27:38-44,1,1,0,katameros_cycle,Lazarus Saturday of Great Lent | liturgy_acts | liturgy_acts,,,acts-27,acts-27,Patristic homily linkage is not present in this repo and must be joined from the site corpus when George pushes.
rid_71698a0c7fe14c1fad08,Acts 27:42-28:6,Acts 27:42-28:6,Acts 27:42-28:6,57,57,0,copticchurch_date,Abib 20 | Liturgy | Acts of the Apostles,the Eucharistic gathering of the Church,,acts-27,acts-27,Patristic homily linkage is not present in this repo and must be joined from the site corpus when George pushes.
rid_31aa9fef167c209304c7,Acts 27:42-44,Acts 27:42-44,Acts 27:42-44,11,11,0,katameros_cycle,liturgy_acts | liturgy_acts,,,acts-27,acts-27,Patristic homily linkage is not present in this repo and must be joined from the site corpus when George pushes.
rid_afa8fd95553c99198f56,Acts 27:9-12,Acts 27:9-12,Acts 27:9-12,16,16,0,copticchurch_date; katameros_cycle,Tuesday of the third week of Great Lent | Liturgy | Acts of the Apostles,the Eucharistic gathering of the Church,,acts-27,acts-27,Patristic homily linkage is not present in this repo and must be joined from the site corpus when George pushes.
rid_d879624bb9c6c2501ed5,Acts 27:9-26,Acts 27:9-26,Acts 27:9-26,17,17,0,copticchurch_date; katameros_cycle,Saturday of the sixth week of Great Lent | Liturgy | Acts of the Apostles,the Eucharistic gathering of the Church,,acts-27,acts-27,Patristic homily linkage is not present in this repo and must be joined from the site corpus when George pushes.
rid_19e4a5eed4b8f0ad9f77,Acts 28:1-10,Acts 28:1-10,Acts 28:1-10,1,1,0,katameros_cycle,Lazarus Saturday of Great Lent | liturgy_acts | liturgy_acts,,,acts-28,acts-28,Patristic homily linkage is not present in this repo and must be joined from the site corpus when George pushes.
rid_2c2baf95a89bbcfaf288,Acts 28:1-6,Acts 28:1-6,Acts 28:1-6,28,28,0,copticchurch_date; katameros_cycle,Thursday of the third week of Great Lent | Liturgy | Acts of the Apostles,the Eucharistic gathering of the Church,,acts-28,acts-28,Patristic homily linkage is not present in this repo and must be joined from the site corpus when George pushes.
rid_d7b3f65948587b407146,Acts 28:11-31,Acts 28:11-31,Acts 28:11-31,19,19,0,copticchurch_date; katameros_cycle; pascha_day_hour; special_service,Palm Sunday | Liturgy | Acts of the Apostles,the Eucharistic gathering of the Church,,acts-28,acts-28,Patristic homily linkage is not present in this repo and must be joined from the site corpus when George pushes.
rid_f65367c715a23cee7451,Acts 28:7-11,Acts 28:7-11,Acts 28:7-11,17,17,0,copticchurch_date; katameros_cycle,Wednesday of the third week of Great Lent | Liturgy | Acts of the Apostles,the Eucharistic gathering of the Church,,acts-28,acts-28,Patristic homily linkage is not present in this repo and must be joined from the site corpus when George pushes.
rid_17a5ec4e49dad7f3d1fd,Acts 2:1-21,Acts 2:1-21,Acts 2:1-21,17,17,0,copticchurch_date; katameros_cycle,Pentecost | Liturgy | Acts of the Apostles,the Eucharistic gathering of the Church,,acts-2,acts-2,Patristic homily linkage is not present in this repo and must be joined from the site corpus when George pushes.
rid_b116e8a71eb5ff438db2,Acts 2:14-21,Acts 2:14-21,Acts 2:14-21,12,12,0,copticchurch_date; katameros_cycle,The first Sunday of Nasie | Liturgy | Acts of the Apostles || Sunday of Nasie | liturgy_acts | liturgy_acts,the Eucharistic gathering of the Church,,acts-2,acts-2,Patristic homily linkage is not present in this repo and must be joined from the site corpus when George pushes.
rid_c589f54f8cf23d11b4d4,Acts 2:22-35,Acts 2:22-35,Acts 2:22-35,17,17,0,copticchurch_date; katameros_cycle,The Feast of Resurrection | Liturgy | Acts of the Apostles,the Eucharistic gathering of the Church,,acts-2,acts-2,Patristic homily linkage is not present in this repo and must be joined from the site corpus when George pushes.
rid_89b358202e49ec02bcb4,Acts 2:22-36,Acts 2:22-36,Acts 2:22-36,1,1,0,katameros_cycle,liturgy_acts | liturgy_acts,,,acts-2,acts-2,Patristic homily linkage is not present in this repo and must be joined from the site corpus when George pushes.
rid_89b228ba09722638a4c1,Acts 2:22-47,Acts 2:22-47,Acts 2:22-47,1,1,0,special_service,myron_consecration | liturgy | liturgy,,,acts-2,acts-2,Patristic homily linkage is not present in this repo and must be joined from the site corpus when George pushes.
rid_8b6eb57e5e7071efa6b0,Acts 2:38-45,Acts 2:38-45,Acts 2:38-45,17,17,0,copticchurch_date; katameros_cycle,The third Sunday of Toba | Liturgy | Acts of the Apostles,the Eucharistic gathering of the Church,,acts-2,acts-2,Patristic homily linkage is not present in this repo and must be joined from the site corpus when George pushes.
rid_861283882dce98f3f02f,Acts 2:42-3,Acts 2:42-3,Acts 2:42-3,1,1,0,katameros_cycle,liturgy_acts | liturgy_acts,,,acts-2,acts-2,Patristic homily linkage is not present in this repo and must be joined from the site corpus when George pushes.
rid_a66590c87924267cbcd0,Acts 2:42-3:9,Acts 2:42-3:9,Acts 2:42-3:9,16,16,0,copticchurch_date,Friday of the first week of Great Lent | Liturgy | Acts of the Apostles,the Eucharistic gathering of the Church,,acts-2,acts-2,Patristic homily linkage is not present in this repo and must be joined from the site corpus when George pushes.
rid_3f1422071f623a28c8cc,Acts 34:42,Acts 34:42,Acts 34:42,14,14,0,copticchurch_date,Mesra 29 | Liturgy | Acts of the Apostles,the Eucharistic gathering of the Church,,acts-34,acts-34,Patristic homily linkage is not present in this repo and must be joined from the site corpus when George pushes.
rid_341f4f6da699ffb7dd5b,Acts 3:1-10,Acts 3:1-10,Acts 3:1-10,1,1,0,special_service,myron_consecration | liturgy | liturgy,,,acts-3,acts-3,Patristic homily linkage is not present in this repo and must be joined from the site corpus when George pushes.
rid_42bcad632d476e0dd6b7,Acts 3:1-16,Acts 3:1-16,Acts 3:1-16,174,174,0,copticchurch_date; katameros_cycle,Abib 16 | Liturgy | Acts of the Apostles,the Eucharistic gathering of the Church,,acts-3,acts-3,Patristic homily linkage is not present in this repo and must be joined from the site corpus when George pushes.
rid_61f411a6cf7ddd6453e0,Acts 3:1-20,Acts 3:1-20,Acts 3:1-20,17,17,0,copticchurch_date; katameros_cycle,Monday of the first week of the holy fifty days | Liturgy | Acts of the Apostles,the Eucharistic gathering of the Church,,acts-3,acts-3,Patristic homily linkage is not present in this repo and must be joined from the site corpus when George pushes.
rid_5312571ad2ea75579e4e,Acts 3:12-21,Acts 3:12-21,Acts 3:12-21,19,19,0,bright_saturday_service_order; copticchurch_date; katameros_cycle; pascha_day_hour,"Bright Saturday | Liturgy | Praxis || Sunday, Tout 19 (Feast of the Cross) | Liturgy | Acts of the Apostles || Tout 19 (Feast of the Cross) | Liturgy | Acts of the Apostles",the Eucharistic gathering of the Church,,acts-3,acts-3,Patristic homily linkage is not present in this repo and must be joined from the site corpus when George pushes.
rid_2f8d528bc565c6a2d24c,Acts 3:22-26,Acts 3:22-26,Acts 3:22-26,16,16,0,copticchurch_date,Jonah's Feast | Liturgy | Acts of the Apostles,the Eucharistic gathering of the Church,,acts-3,acts-3,Patristic homily linkage is not present in this repo and must be joined from the site corpus when George pushes.
rid_d887e16b4facc80309f0,Acts 4:1-13,Acts 4:1-13,Acts 4:1-13,17,17,0,copticchurch_date; katameros_cycle,Wednesday of the first week of the holy fifty days | Liturgy | Acts of the Apostles,the Eucharistic gathering of the Church,,acts-4,acts-4,Patristic homily linkage is not present in this repo and must be joined from the site corpus when George pushes.
rid_ceb82ffb846579751f49,Acts 4:1-4,Acts 4:1-4,Acts 4:1-4,17,17,0,copticchurch_date; katameros_cycle,Monday of the second week of the holy fifty days | Liturgy | Acts of the Apostles,the Eucharistic gathering of the Church,,acts-4,acts-4,Patristic homily linkage is not present in this repo and must be joined from the site corpus when George pushes.
rid_8c6d7445295365e986ff,Acts 4:13-18,Acts 4:13-18,Acts 4:13-18,17,17,0,copticchurch_date; katameros_cycle,Thursday of the second week of the holy fifty days | Liturgy | Acts of the Apostles,the Eucharistic gathering of the Church,,acts-4,acts-4,Patristic homily linkage is not present in this repo and must be joined from the site corpus when George pushes.
rid_03924c46191b834d9bef,Acts 4:13-22,Acts 4:13-22,Acts 4:13-22,33,33,0,copticchurch_date; katameros_cycle,Thursday of the first week of the holy fifty days | Liturgy | Acts of the Apostles,the Eucharistic gathering of the Church,,acts-4,acts-4,Patristic homily linkage is not present in this repo and must be joined from the site corpus when George pushes.
rid_ab8dcacd33f24149f771,Acts 4:19-21,Acts 4:19-21,Acts 4:19-21,17,17,0,copticchurch_date; katameros_cycle,Friday of the second week of the holy fifty days | Liturgy | Acts of the Apostles,the Eucharistic gathering of the Church,,acts-4,acts-4,Patristic homily linkage is not present in this repo and must be joined from the site corpus when George pushes.
rid_c6b5752c299b75e0c514,Acts 4:19-31,Acts 4:19-31,Acts 4:19-31,33,33,0,copticchurch_date; katameros_cycle,Saturday of the first week of the holy fifty days | Liturgy | Acts of the Apostles,the Eucharistic gathering of the Church,,acts-4,acts-4,Patristic homily linkage is not present in this repo and must be joined from the site corpus when George pushes.
rid_3dfddb0a1fb4c2e2502e,Acts 4:23-27,Acts 4:23-27,Acts 4:23-27,17,17,0,copticchurch_date; katameros_cycle,Monday of the third week of the holy fifty days | Liturgy | Acts of the Apostles,the Eucharistic gathering of the Church,,acts-4,acts-4,Patristic homily linkage is not present in this repo and must be joined from the site corpus when George pushes.
rid_0682f65d7e389206ce3d,Acts 4:27-31,Acts 4:27-31,Acts 4:27-31,17,17,0,copticchurch_date; katameros_cycle,Tuesday of the third week of the holy fifty days | Liturgy | Acts of the Apostles,the Eucharistic gathering of the Church,,acts-4,acts-4,Patristic homily linkage is not present in this repo and must be joined from the site corpus when George pushes.
rid_b5dc3679f927c768312e,Acts 4:32-35,Acts 4:32-35,Acts 4:32-35,17,17,0,copticchurch_date; katameros_cycle,Wednesday of the third week of the holy fifty days | Liturgy | Acts of the Apostles,the Eucharistic gathering of the Church,,acts-4,acts-4,Patristic homily linkage is not present in this repo and must be joined from the site corpus when George pushes.
rid_c0d054a72aa91e6530fc,Acts 4:36-5,Acts 4:36-5,Acts 4:36-5,1,1,0,katameros_cycle,liturgy_acts | liturgy_acts,,,acts-4,acts-4,Patristic homily linkage is not present in this repo and must be joined from the site corpus when George pushes.
rid_473bb1c301c0929020c6,Acts 4:36-5:11,Acts 4:36-5:11,Acts 4:36-5:11,16,16,0,copticchurch_date,Monday of the second week of Great Lent | Liturgy | Acts of the Apostles,the Eucharistic gathering of the Church,,acts-4,acts-4,Patristic homily linkage is not present in this repo and must be joined from the site corpus when George pushes.
rid_2e5d25b9159a312d7aef,Acts 4:5-7,Acts 4:5-7,Acts 4:5-7,17,17,0,copticchurch_date; katameros_cycle,Tuesday of the second week of the holy fifty days | Liturgy | Acts of the Apostles,the Eucharistic gathering of the Church,,acts-4,acts-4,Patristic homily linkage is not present in this repo and must be joined from the site corpus when George pushes.
rid_466b9555280063e619fd,Acts 4:8-12,Acts 4:8-12,Acts 4:8-12,17,17,0,copticchurch_date; katameros_cycle,Wednesday of the second week of the holy fifty days | Liturgy | Acts of the Apostles,the Eucharistic gathering of the Church,,acts-4,acts-4,Patristic homily linkage is not present in this repo and must be joined from the site corpus when George pushes.
rid_3ff495927e071a080ce1,Acts 4:8-18,Acts 4:8-18,Acts 4:8-18,17,17,0,copticchurch_date; katameros_cycle,"Sunday, Tout 18 (Feast of the Cross) | Liturgy | Acts of the Apostles || Tout 18 (Feast of the Cross) | Liturgy | Acts of the Apostles",the Eucharistic gathering of the Church,,acts-4,acts-4,Patristic homily linkage is not present in this repo and must be joined from the site corpus when George pushes.
rid_8ca93c383e52c34f6f30,Acts 5:1-6,Acts 5:1-6,Acts 5:1-6,17,17,0,copticchurch_date; katameros_cycle,Thursday of the third week of the holy fifty days | Liturgy | Acts of the Apostles,the Eucharistic gathering of the Church,,acts-5,acts-5,Patristic homily linkage is not present in this repo and must be joined from the site corpus when George pushes.
rid_2e588dc63d4fb6292a58,Acts 5:12-18,Acts 5:12-18,Acts 5:12-18,16,16,0,copticchurch_date; katameros_cycle,Baba 12 | Liturgy | Acts of the Apostles,the Eucharistic gathering of the Church,,acts-5,acts-5,Patristic homily linkage is not present in this repo and must be joined from the site corpus when George pushes.
rid_118be5bdb0aa26702e13,Acts 5:12-20,Acts 5:12-20,Acts 5:12-20,17,17,0,copticchurch_date; katameros_cycle,Saturday of the third week of the holy fifty days | Liturgy | Acts of the Apostles,the Eucharistic gathering of the Church,,acts-5,acts-5,Patristic homily linkage is not present in this repo and must be joined from the site corpus when George pushes.
rid_61f9b02e9ea9caa27698,Acts 5:12-21,Acts 5:12-21,Acts 5:12-21,17,17,0,copticchurch_date; katameros_cycle,The first Sunday of Abib | Liturgy | Acts of the Apostles,the Eucharistic gathering of the Church,,acts-5,acts-5,Patristic homily linkage is not present in this repo and must be joined from the site corpus when George pushes.
rid_d5adefbf9f5cdf5844d9,Acts 5:19-23,Acts 5:19-23,Acts 5:19-23,17,17,0,copticchurch_date; katameros_cycle,The second Sunday of Abib | Liturgy | Acts of the Apostles,the Eucharistic gathering of the Church,,acts-5,acts-5,Patristic homily linkage is not present in this repo and must be joined from the site corpus when George pushes.
rid_515487f61b9fffc74b3d,Acts 5:19-29,Acts 5:19-29,Acts 5:19-29,17,17,0,copticchurch_date; katameros_cycle,The second Sunday of Hator | Liturgy | Acts of the Apostles,the Eucharistic gathering of the Church,,acts-5,acts-5,Patristic homily linkage is not present in this repo and must be joined from the site corpus when George pushes.
rid_3370c76e0dc157691991,Acts 5:21-25,Acts 5:21-25,Acts 5:21-25,17,17,0,copticchurch_date; katameros_cycle,Monday of the fourth week of the holy fifty days | Liturgy | Acts of the Apostles,the Eucharistic gathering of the Church,,acts-5,acts-5,Patristic homily linkage is not present in this repo and must be joined from the site corpus when George pushes.
rid_9ff64ce020c66602cb63,Acts 5:27-29,Acts 5:27-29,Acts 5:27-29,34,34,0,copticchurch_date; katameros_cycle,Tuesday of the fourth week of the holy fifty days | Liturgy | Acts of the Apostles,the Eucharistic gathering of the Church,,acts-5,acts-5,Patristic homily linkage is not present in this repo and must be joined from the site corpus when George pushes.
rid_95722fe59855cc178f5f,Acts 5:3-11,Acts 5:3-11,Acts 5:3-11,17,17,0,copticchurch_date; katameros_cycle,Wednesday of the second week of Great Lent | Liturgy | Acts of the Apostles,the Eucharistic gathering of the Church,,acts-5,acts-5,Patristic homily linkage is not present in this repo and must be joined from the site corpus when George pushes.
rid_d639f4ef3661c7bec6b6,Acts 5:30-33,Acts 5:30-33,Acts 5:30-33,17,17,0,copticchurch_date; katameros_cycle,Thursday of the fourth week of the holy fifty days | Liturgy | Acts of the Apostles,the Eucharistic gathering of the Church,,acts-5,acts-5,Patristic homily linkage is not present in this repo and must be joined from the site corpus when George pushes.
rid_a8c14b7ce9fb36855618,Acts 5:30-42,Acts 5:30-42,Acts 5:30-42,17,17,0,copticchurch_date; katameros_cycle,The third Sunday of Hator | Liturgy | Acts of the Apostles,the Eucharistic gathering of the Church,,acts-5,acts-5,Patristic homily linkage is not present in this repo and must be joined from the site corpus when George pushes.
rid_d963c1dccfad498bbf6d,Acts 5:34-36,Acts 5:34-36,Acts 5:34-36,17,17,0,copticchurch_date; katameros_cycle,Friday of the fourth week of the holy fifty days | Liturgy | Acts of the Apostles,the Eucharistic gathering of the Church,,acts-5,acts-5,Patristic homily linkage is not present in this repo and must be joined from the site corpus when George pushes.
rid_b6226443a3aacf1e115c,Acts 5:34-42,Acts 5:34-42,Acts 5:34-42,18,18,0,copticchurch_date; katameros_cycle,Tuesday of the first week of Great Lent | Liturgy | Acts of the Apostles,the Eucharistic gathering of the Church,,acts-5,acts-5,Patristic homily linkage is not present in this repo and must be joined from the site corpus when George pushes.
rid_77fc43fc0fa2906def46,Acts 5:5-11,Acts 5:5-11,Acts 5:5-11,17,17,0,copticchurch_date; katameros_cycle,Friday of the third week of the holy fifty days | Liturgy | Acts of the Apostles,the Eucharistic gathering of the Church,,acts-5,acts-5,Patristic homily linkage is not present in this repo and must be joined from the site corpus when George pushes.
rid_a4b6e37a52931a1cb056,Acts 6:1-15,Acts 6:1-15,Acts 6:1-15,13,13,0,katameros_cycle,liturgy_acts | liturgy_acts,,,acts-6,acts-6,Patristic homily linkage is not present in this repo and must be joined from the site corpus when George pushes.
rid_6c8fd9d2e02312ba720a,Acts 6:1-7:2,Acts 6:1-7:2,Acts 6:1-7:2,103,103,0,copticchurch_date,Abib 6 | Liturgy | Acts of the Apostles,the Eucharistic gathering of the Church,,acts-6,acts-6,Patristic homily linkage is not present in this repo and must be joined from the site corpus when George pushes.
rid_d7b1a7a5187554872006,Acts 7:1-2,Acts 7:1-2,Acts 7:1-2,13,13,0,katameros_cycle,liturgy_acts | liturgy_acts,,,acts-7,acts-7,Patristic homily linkage is not present in this repo and must be joined from the site corpus when George pushes.
rid_48f6ac3dfba2bf8912a0,Acts 7:2-7,Acts 7:2-7,Acts 7:2-7,50,50,0,copticchurch_date; katameros_cycle,Amshir 16 | Liturgy | Acts of the Apostles || Great Lent | Liturgy | Acts of the Apostles || Kiak 13 | Liturgy | Acts of the Apostles,the Eucharistic gathering of the Church,,acts-7,acts-7,Patristic homily linkage is not present in this repo and must be joined from the site corpus when George pushes.
rid_88ac64809952994c448f,Acts 7:20-34,Acts 7:20-34,Acts 7:20-34,28,28,0,copticchurch_date; katameros_cycle,Entrance into Egypt | Liturgy | Acts of the Apostles || Mesra 28 | Liturgy | Acts of the Apostles,the Eucharistic gathering of the Church,,acts-7,acts-7,Patristic homily linkage is not present in this repo and must be joined from the site corpus when George pushes.
rid_9568c1b72902015ea76d,Acts 7:23-34,Acts 7:23-34,Acts 7:23-34,29,29,0,copticchurch_date; katameros_cycle,Annunciation | Liturgy | Acts of the Apostles,the Eucharistic gathering of the Church,,acts-7,acts-7,Patristic homily linkage is not present in this repo and must be joined from the site corpus when George pushes.
rid_71f81d33a5585191fce6,Acts 7:30-34,Acts 7:30-34,Acts 7:30-34,17,17,0,copticchurch_date; katameros_cycle,The second Sunday of Kiak | Liturgy | Acts of the Apostles,the Eucharistic gathering of the Church,,acts-7,acts-7,Patristic homily linkage is not present in this repo and must be joined from the site corpus when George pushes.
rid_cf7f898c901340a8c5d3,Acts 7:30-37,Acts 7:30-37,Acts 7:30-37,14,14,0,copticchurch_date; katameros_cycle,Mesra 30 | Liturgy | Acts of the Apostles,the Eucharistic gathering of the Church,,acts-7,acts-7,Patristic homily linkage is not present in this repo and must be joined from the site corpus when George pushes.
rid_b27f63bb0437d94de670,Acts 7:35-50,Acts 7:35-50,Acts 7:35-50,17,17,0,copticchurch_date; katameros_cycle,The third Sunday of Kiak | Liturgy | Acts of the Apostles,the Eucharistic gathering of the Church,,acts-7,acts-7,Patristic homily linkage is not present in this repo and must be joined from the site corpus when George pushes.
rid_10d038422e0f483473c5,Acts 7:37-41,Acts 7:37-41,Acts 7:37-41,17,17,0,copticchurch_date; katameros_cycle,Monday of the fifth week of the holy fifty days | Liturgy | Acts of the Apostles,the Eucharistic gathering of the Church,,acts-7,acts-7,Patristic homily linkage is not present in this repo and must be joined from the site corpus when George pushes.
rid_4cb1ececc6131ba59f8a,Acts 7:40-43,Acts 7:40-43,Acts 7:40-43,17,17,0,copticchurch_date; katameros_cycle,Tuesday of the fifth week of the holy fifty days | Liturgy | Acts of the Apostles,the Eucharistic gathering of the Church,,acts-7,acts-7,Patristic homily linkage is not present in this repo and must be joined from the site corpus when George pushes.
rid_2f61527d27413f8574c6,Acts 7:44-50,Acts 7:44-50,Acts 7:44-50,17,17,0,copticchurch_date; katameros_cycle,Wednesday of the fifth week of the holy fifty days | Liturgy | Acts of the Apostles,the Eucharistic gathering of the Church,,acts-7,acts-7,Patristic homily linkage is not present in this repo and must be joined from the site corpus when George pushes.
rid_39ae4e98e33691fbccd1,Acts 7:44-60,Acts 7:44-60,Acts 7:44-60,12,12,0,katameros_cycle,liturgy_acts | liturgy_acts,,,acts-7,acts-7,Patristic homily linkage is not present in this repo and must be joined from the site corpus when George pushes.
rid_1a25121ae3b893a41c9e,Acts 7:44-8:1,Acts 7:44-8:1,Acts 7:44-8:1,140,140,0,copticchurch_date,Abib 12 | Liturgy | Acts of the Apostles,the Eucharistic gathering of the Church,,acts-7,acts-7,Patristic homily linkage is not present in this repo and must be joined from the site corpus when George pushes.
rid_9388c6961a5509916c58,Acts 7:51-54,Acts 7:51-54,Acts 7:51-54,17,17,0,copticchurch_date; katameros_cycle,Thursday of the fifth week of the holy fifty days | Liturgy | Acts of the Apostles,the Eucharistic gathering of the Church,,acts-7,acts-7,Patristic homily linkage is not present in this repo and must be joined from the site corpus when George pushes.
rid_11755e80bf592b44e151,Acts 7:8-22,Acts 7:8-22,Acts 7:8-22,32,32,0,copticchurch_date; katameros_cycle,Paona 30 | Liturgy | Acts of the Apostles,the Eucharistic gathering of the Church,,acts-7,acts-7,Patristic homily linkage is not present in this repo and must be joined from the site corpus when George pushes.
rid_08a164916dec8b6a6733,Acts 8:1,Acts 8:1,Acts 8:1,12,12,0,katameros_cycle,liturgy_acts | liturgy_acts,,,acts-8,acts-8,Patristic homily linkage is not present in this repo and must be joined from the site corpus when George pushes.
rid_ede29c763af9ac7b355a,Acts 8:1-4,Acts 8:1-4,Acts 8:1-4,17,17,0,copticchurch_date; katameros_cycle,Friday of the fifth week of the holy fifty days | Liturgy | Acts of the Apostles,the Eucharistic gathering of the Church,,acts-8,acts-8,Patristic homily linkage is not present in this repo and must be joined from the site corpus when George pushes.
rid_36cc6a006599dbeaa194,Acts 8:26-39,Acts 8:26-39,Acts 8:26-39,35,35,0,copticchurch_date; katameros_cycle; special_service,Baba 14 | Liturgy | Acts of the Apostles,the Eucharistic gathering of the Church,,acts-8,acts-8,Patristic homily linkage is not present in this repo and must be joined from the site corpus when George pushes.
rid_3fccadb59a8bc8fd0836,Acts 8:3-13,Acts 8:3-13,Acts 8:3-13,75,75,0,copticchurch_date; katameros_cycle,Baba 6 | Liturgy | Acts of the Apostles,the Eucharistic gathering of the Church,,acts-8,acts-8,Patristic homily linkage is not present in this repo and must be joined from the site corpus when George pushes.
rid_38e14ca17e75eee8446b,Acts 8:5-13,Acts 8:5-13,Acts 8:5-13,2,2,0,copticchurch_date; katameros_cycle,The fourth Sunday of Amshir | Liturgy | Acts of the Apostles || Fourth Sunday of Amshir | liturgy_acts | liturgy_acts,the Eucharistic gathering of the Church,,acts-8,acts-8,Patristic homily linkage is not present in this repo and must be joined from the site corpus when George pushes.
rid_0ce019ee292f62b8cb35,Acts 8:9-17,Acts 8:9-17,Acts 8:9-17,17,17,0,copticchurch_date; katameros_cycle,Friday of the sixth week of Great Lent | Liturgy | Acts of the Apostles,the Eucharistic gathering of the Church,,acts-8,acts-8,Patristic homily linkage is not present in this repo and must be joined from the site corpus when George pushes.
rid_7afc4bfc1daab07a52ca,Acts 9:1-20,Acts 9:1-20,Acts 9:1-20,17,17,0,copticchurch_date; katameros_cycle,Sunday of the fifth week of the holy fifty days | Liturgy | Acts of the Apostles,the Eucharistic gathering of the Church,,acts-9,acts-9,Patristic homily linkage is not present in this repo and must be joined from the site corpus when George pushes.
rid_22cedd87ca7e303711f7,Acts 9:22-30,Acts 9:22-30,Acts 9:22-30,25,25,0,copticchurch_date; katameros_cycle,Amshir 7 | Liturgy | Acts of the Apostles || Fast of Ninevah | Liturgy | Acts of the Apostles || Toba 3 | Liturgy | Acts of the Apostles,the Eucharistic gathering of the Church,,acts-9,acts-9,Patristic homily linkage is not present in this repo and must be joined from the site corpus when George pushes.
rid_b76d278b39e4b5330843,Acts 9:22-31,Acts 9:22-31,Acts 9:22-31,26,26,0,copticchurch_date; katameros_cycle,Monday of the seventh week of Great Lent | Liturgy | Acts of the Apostles,the Eucharistic gathering of the Church,,acts-9,acts-9,Patristic homily linkage is not present in this repo and must be joined from the site corpus when George pushes.
rid_54a56d05f9c988f5cd5e,Acts 9:23-31,Acts 9:23-31,Acts 9:23-31,17,17,0,copticchurch_date; katameros_cycle,Monday of the sixth week of the holy fifty days | Liturgy | Acts of the Apostles,the Eucharistic gathering of the Church,,acts-9,acts-9,Patristic homily linkage is not present in this repo and must be joined from the site corpus when George pushes.
rid_cbbd16bb166d6da65a49,Acts 9:3-9,Acts 9:3-9,Acts 9:3-9,31,31,0,copticchurch_date; katameros_cycle,The first Sunday of Amshir | Liturgy | Acts of the Apostles,the Eucharistic gathering of the Church,,acts-9,acts-9,Patristic homily linkage is not present in this repo and must be joined from the site corpus when George pushes.
rid_45ca8bed3ca7955dc482,Acts 9:31-35,Acts 9:31-35,Acts 9:31-35,17,17,0,copticchurch_date; katameros_cycle,Saturday of the second week of the holy fifty days | Liturgy | Acts of the Apostles,the Eucharistic gathering of the Church,,acts-9,acts-9,Patristic homily linkage is not present in this repo and must be joined from the site corpus when George pushes.
rid_439602ba7153e0cd0984,Acts 9:31-43,Acts 9:31-43,Acts 9:31-43,17,17,0,copticchurch_date; katameros_cycle,Tout 16 | Liturgy | Acts of the Apostles,the Eucharistic gathering of the Church,,acts-9,acts-9,Patristic homily linkage is not present in this repo and must be joined from the site corpus when George pushes.
rid_6adcbaac4ff2f7a630c8,Acts 9:36-42,Acts 9:36-42,Acts 9:36-42,17,17,0,copticchurch_date; katameros_cycle,The fourth Sunday of Tout | Liturgy | Acts of the Apostles,the Eucharistic gathering of the Church,,acts-9,acts-9,Patristic homily linkage is not present in this repo and must be joined from the site corpus when George pushes.
rid_f20a9dedebf1c5ce8dd5,Acts 9:36-43,Acts 9:36-43,Acts 9:36-43,17,17,0,copticchurch_date; katameros_cycle,Saturday of the fourth week of the holy fifty days | Liturgy | Acts of the Apostles,the Eucharistic gathering of the Church,,acts-9,acts-9,Patristic homily linkage is not present in this repo and must be joined from the site corpus when George pushes.
rid_d9aa414c906f6cccaa02,Amos 3:1-11,Amos 3:1-11,Amos 3:1-11,2,1,1,pascha_day_hour; pascha_source_text,Wednesday Eve | Sixth Hour | OT1 || Great Thursday Eve | Sixth Hour | Prophecy,the Cross and the Lord's willing suffering,,amos-3,amos-3,Patristic homily linkage is not present in this repo and must be joined from the site corpus when George pushes.
rid_f23108743b2fcb166bc2,Amos 4:4-13,Amos 4:4-13,Amos 4:4-13,2,1,1,pascha_day_hour; pascha_source_text,Wednesday Eve | Third Hour | OT1 || Great Thursday Eve | Third Hour | Prophecy,the descent of the Holy Spirit and the trial of the heart,,amos-4,amos-4,Patristic homily linkage is not present in this repo and must be joined from the site corpus when George pushes.
rid_628304aab06e6513191b,Amos 5:18-27,Amos 5:18-27,Amos 5:18-27,1,0,1,pascha_source_text,Wednesday Eve | Third Hour | Prophecy,the descent of the Holy Spirit and the trial of the heart,,amos-5,amos-5,Patristic homily linkage is not present in this repo and must be joined from the site corpus when George pushes.
rid_c73b635100bd6b70fcc0,Amos 5:6-14,Amos 5:6-14,Amos 5:6-14,2,2,0,pascha_day_hour,Monday Eve | Eleventh Hour | OT1 || Tuesday Eve | Eleventh Hour | OT1,the late call to repentance and mercy,,amos-5,amos-5,Patristic homily linkage is not present in this repo and must be joined from the site corpus when George pushes.
rid_30b1ce8f518a66a02e22,Amos 8:9-12,Amos 8:9-12,Amos 8:9-12,1,1,0,pascha_day_hour,Good Friday | Sixth Hour | OT4,the Cross and the Lord's willing suffering,,amos-8,amos-8,Patristic homily linkage is not present in this repo and must be joined from the site corpus when George pushes.
rid_027380b484c903e50881,"Amos 9:4-5,9:7-10","Amos 9:4-5,9:7-10","Amos 9:4-5,9:7-10",1,0,1,pascha_source_text,Good Friday | Third Hour | Prophecy,the descent of the Holy Spirit and the trial of the heart,,amos-9,amos-9,Patristic homily linkage is not present in this repo and must be joined from the site corpus when George pushes.
rid_71b6ff712e8b6696be78,Amos 9:4-6,Amos 9:4-6,Amos 9:4-6,1,1,0,pascha_day_hour,Good Friday | Third Hour | OT5,the descent of the Holy Spirit and the trial of the heart,,amos-9,amos-9,Patristic homily linkage is not present in this repo and must be joined from the site corpus when George pushes.
rid_37d3df227f76d85086d8,Amos 9:8-10,Amos 9:8-10,Amos 9:8-10,1,1,0,pascha_day_hour,Good Friday | Third Hour | OT5,the descent of the Holy Spirit and the trial of the heart,,amos-9,amos-9,Patristic homily linkage is not present in this repo and must be joined from the site corpus when George pushes.
rid_e0586304d8ad566c6c0a,Bar 2:11-16,Bar 2:11-16,Bar 2:11-16,1,1,0,bright_saturday_service_order,Bright Saturday | Midnight Praises | Prayer of Baruch,,,bar-2,bar-2,Patristic homily linkage is not present in this repo and must be joined from the site corpus when George pushes.
rid_a4bb719c3f60eca1dda0,Col 1:1-23,Col 1:1-23,Col 1:1-23,18,18,0,copticchurch_date; katameros_cycle,Transfiguration | Liturgy | Pauline Epistle,the Eucharistic gathering of the Church,,col-1,col-1,Patristic homily linkage is not present in this repo and must be joined from the site corpus when George pushes.
rid_b55975f14f797c4ed308,Col 1:12-23,Col 1:12-23,Col 1:12-23,17,17,0,copticchurch_date; katameros_cycle,Saturday of the first week of the holy fifty days | Liturgy | Pauline Epistle,the Eucharistic gathering of the Church,,col-1,col-1,Patristic homily linkage is not present in this repo and must be joined from the site corpus when George pushes.
rid_9fd7cfdbf12568a33783,Col 1:21-29,Col 1:21-29,Col 1:21-29,14,14,0,copticchurch_date,Tuesday of Ninevah's Fast | Liturgy | Pauline Epistle,the Eucharistic gathering of the Church,,col-1,col-1,Patristic homily linkage is not present in this repo and must be joined from the site corpus when George pushes.
rid_4b26b5bdc4d77f17c9a4,Col 2:13-15,Col 2:13-15,Col 2:13-15,1,0,1,pascha_source_text,Good Friday | Third Hour | Pauline,the descent of the Holy Spirit and the trial of the heart,,col-2,col-2,Patristic homily linkage is not present in this repo and must be joined from the site corpus when George pushes.
rid_2b1c323ddf9e4d81fe45,Col 2:6-19,Col 2:6-19,Col 2:6-19,17,17,0,copticchurch_date; katameros_cycle,"Sunday, Tout 19 (Feast of the Cross) | Liturgy | Pauline Epistle || Tout 19 (Feast of the Cross) | Liturgy | Pauline Epistle",the Eucharistic gathering of the Church,,col-2,col-2,Patristic homily linkage is not present in this repo and must be joined from the site corpus when George pushes.
rid_87cca5161adddd599d94,Col 3:1-17,Col 3:1-17,Col 3:1-17,17,17,0,copticchurch_date; katameros_cycle,Sunday of the third week of the holy fifty days | Liturgy | Pauline Epistle,the Eucharistic gathering of the Church,,col-3,col-3,Patristic homily linkage is not present in this repo and must be joined from the site corpus when George pushes.
rid_ba988061dba95e4fdd99,Col 3:12-17,Col 3:12-17,Col 3:12-17,1,1,0,special_service,unction_of_the_sick | sixth_prayer | sixth_prayer,,,col-3,col-3,Patristic homily linkage is not present in this repo and must be joined from the site corpus when George pushes.
rid_c90cbe22ee4ed1240374,Col 3:5-17,Col 3:5-17,Col 3:5-17,17,17,0,copticchurch_date; katameros_cycle,Sunday of the sixth week of Great Lent | Liturgy | Pauline Epistle,the Eucharistic gathering of the Church,,col-3,col-3,Patristic homily linkage is not present in this repo and must be joined from the site corpus when George pushes.
rid_eda050523f8facc515bd,Col 3:8-17,Col 3:8-17,Col 3:8-17,5,5,0,copticchurch_date; katameros_cycle,Nasie 6 | Liturgy | Pauline Epistle || liturgy_pauline | liturgy_pauline,the Eucharistic gathering of the Church,,col-3,col-3,Patristic homily linkage is not present in this repo and must be joined from the site corpus when George pushes.
rid_4ef964372c37948def82,Col 4:2-18,Col 4:2-18,Col 4:2-18,57,57,0,copticchurch_date; katameros_cycle,Amshir 4 | Liturgy | Pauline Epistle || Baba 22 | Liturgy | Pauline Epistle,the Eucharistic gathering of the Church,,col-4,col-4,Patristic homily linkage is not present in this repo and must be joined from the site corpus when George pushes.
rid_eddd1df0f4015a64ac5c,Dan 1:1-42,Dan 1:1-42,Dan 1:1-42,1,1,0,katameros_cycle,prophecy | prophecy,,,dan-1,dan-1,Patristic homily linkage is not present in this repo and must be joined from the site corpus when George pushes.
rid_48ef963652e2632b596b,Dan 3:1-23,Dan 3:1-23,Dan 3:1-23,1,1,0,bright_saturday_service_order,Bright Saturday | Midnight Praises | Vision of Daniel – Three Youth in the Fiery Furnace,,,dan-3,dan-3,Patristic homily linkage is not present in this repo and must be joined from the site corpus when George pushes.
rid_990f4c692fe3f22a1d39,Dan 3:25-51,Dan 3:25-51,Dan 3:25-51,1,1,0,bright_saturday_service_order,Bright Saturday | Midnight Praises | Prayer of Azariah (Part 1),,,dan-3,dan-3,Patristic homily linkage is not present in this repo and must be joined from the site corpus when George pushes.
rid_7c7a013d759268b5e803,Dan 6:1-27,Dan 6:1-27,Dan 6:1-27,1,1,0,katameros_cycle,prophecy | prophecy,,,dan-6,dan-6,Patristic homily linkage is not present in this repo and must be joined from the site corpus when George pushes.
rid_25c8c5d637c93bd11dcb,Dan 7:9-15,Dan 7:9-15,Dan 7:9-15,1,0,1,pascha_source_text,Tuesday | Ninth Hour | Prophecy,the saving death of Christ and repentance,,dan-7,dan-7,Patristic homily linkage is not present in this repo and must be joined from the site corpus when George pushes.
rid_c5b80ec460797376e7e0,Dan 9:4-19,Dan 9:4-19,Dan 9:4-19,1,1,0,bright_saturday_service_order,Bright Saturday | Midnight Praises | Prayer of Daniel,,,dan-9,dan-9,Patristic homily linkage is not present in this repo and must be joined from the site corpus when George pushes.
rid_ef69533e9d38eeed9bb7,Deut 10:1-11,Deut 10:1-11,Deut 10:1-11,1,1,0,katameros_cycle,prophecy | prophecy,,,deut-10,deut-10,Patristic homily linkage is not present in this repo and must be joined from the site corpus when George pushes.
rid_59874404fceeca3c586b,Deut 10:12-22,Deut 10:12-22,Deut 10:12-22,1,1,0,katameros_cycle,prophecy | prophecy,,,deut-10,deut-10,Patristic homily linkage is not present in this repo and must be joined from the site corpus when George pushes.
rid_a16bf039ffefa9a6b027,Deut 11:1-28,Deut 11:1-28,Deut 11:1-28,1,1,0,katameros_cycle,prophecy | prophecy,,,deut-11,deut-11,Patristic homily linkage is not present in this repo and must be joined from the site corpus when George pushes.
rid_f92e948424606dabd5ff,Deut 11:29-32,Deut 11:29-32,Deut 11:29-32,1,1,0,katameros_cycle,prophecy | prophecy,,,deut-11,deut-11,Patristic homily linkage is not present in this repo and must be joined from the site corpus when George pushes.
rid_b3ffa1ce6982c17872a2,Deut 12:1-27,Deut 12:1-27,Deut 12:1-27,1,1,0,katameros_cycle,prophecy | prophecy,,,deut-12,deut-12,Patristic homily linkage is not present in this repo and must be joined from the site corpus when George pushes.
rid_3923278f36a95bbbdc5f,Deut 16:1-18,Deut 16:1-18,Deut 16:1-18,1,1,0,special_service,pentecost_prostration | main_readings | main_readings,,,deut-16,deut-16,Patristic homily linkage is not present in this repo and must be joined from the site corpus when George pushes.
rid_8ae616e6b96572e37bd9,Deut 32:1-42,Deut 32:1-42,Deut 32:1-42,1,1,0,bright_saturday_service_order,Bright Saturday | Midnight Praises | Second Praise of Moses,,,deut-32,deut-32,Patristic homily linkage is not present in this repo and must be joined from the site corpus when George pushes.
rid_73867cf985f949b0b374,Deut 5:15-22,Deut 5:15-22,Deut 5:15-22,1,1,0,katameros_cycle,prophecy | prophecy,,,deut-5,deut-5,Patristic homily linkage is not present in this repo and must be joined from the site corpus when George pushes.
rid_9111147cda9163b90192,Deut 5:23-33,Deut 5:23-33,Deut 5:23-33,1,1,0,special_service,pentecost_prostration | main_readings | main_readings,,,deut-5,deut-5,Patristic homily linkage is not present in this repo and must be joined from the site corpus when George pushes.
rid_b5b4909a21119bfc49a2,Deut 6:1-3,Deut 6:1-3,Deut 6:1-3,1,1,0,special_service,pentecost_prostration | main_readings | main_readings,,,deut-6,deut-6,Patristic homily linkage is not present in this repo and must be joined from the site corpus when George pushes.
rid_88ecadff9e5a1f8d59e6,Deut 6:17-25,Deut 6:17-25,Deut 6:17-25,1,1,0,special_service,pentecost_prostration | main_readings | main_readings,,,deut-6,deut-6,Patristic homily linkage is not present in this repo and must be joined from the site corpus when George pushes.
rid_eb7748ea7857ffaca8f5,Deut 6:3-25,Deut 6:3-25,Deut 6:3-25,1,1,0,katameros_cycle,prophecy | prophecy,,,deut-6,deut-6,Patristic homily linkage is not present in this repo and must be joined from the site corpus when George pushes.
rid_05f05fdf49d31702ac85,Deut 7:1-26,Deut 7:1-26,Deut 7:1-26,1,1,0,katameros_cycle,prophecy | prophecy,,,deut-7,deut-7,Patristic homily linkage is not present in this repo and must be joined from the site corpus when George pushes.
rid_76e296101ecb47e9bd50,Deut 8:1-20,Deut 8:1-20,Deut 8:1-20,1,1,0,katameros_cycle,prophecy | prophecy,,,deut-8,deut-8,Patristic homily linkage is not present in this repo and must be joined from the site corpus when George pushes.
rid_4cb85af8725a70ba58e7,Deut 8:11-20,Deut 8:11-20,Deut 8:11-20,1,0,1,pascha_source_text,Tuesday | Third Hour | Prophecy,the descent of the Holy Spirit and the trial of the heart,,deut-8,deut-8,Patristic homily linkage is not present in this repo and must be joined from the site corpus when George pushes.
rid_0081650c21f311321b1f,Deut 8:19-9:24,Deut 8:19-9:24,Deut 8:19-9:24,1,1,0,pascha_day_hour,Good Friday | First Hour | OT1,the beginning of the day and watchfulness,,deut-8,deut-8,Patristic homily linkage is not present in this repo and must be joined from the site corpus when George pushes.
rid_313e713f35e72fa5dde0,Deut 9:1-4,Deut 9:1-4,Deut 9:1-4,1,1,0,katameros_cycle,prophecy | prophecy,,,deut-9,deut-9,Patristic homily linkage is not present in this repo and must be joined from the site corpus when George pushes.
rid_cf9d67f7ed02f97e5257,Deut 9:7-29,Deut 9:7-29,Deut 9:7-29,1,1,0,katameros_cycle,prophecy | prophecy,,,deut-9,deut-9,Patristic homily linkage is not present in this repo and must be joined from the site corpus when George pushes.
rid_10fb72da6841df7443ec,Eph 1:1-14,Eph 1:1-14,Eph 1:1-14,34,34,0,copticchurch_date; katameros_cycle,Saturday of the fourth week of the holy fifty days | Liturgy | Pauline Epistle,the Eucharistic gathering of the Church,,eph-1,eph-1,Patristic homily linkage is not present in this repo and must be joined from the site corpus when George pushes.
rid_a9ff1e082fbe413ebb80,Eph 1:15-2,Eph 1:15-2,Eph 1:15-2,1,1,0,katameros_cycle,liturgy_pauline | liturgy_pauline,,,eph-1,eph-1,Patristic homily linkage is not present in this repo and must be joined from the site corpus when George pushes.
rid_0de2df4fd666a19325ea,Eph 1:15-2:3,Eph 1:15-2:3,Eph 1:15-2:3,16,16,0,copticchurch_date,Thursday of the first week of the holy fifty days | Liturgy | Pauline Epistle,the Eucharistic gathering of the Church,,eph-1,eph-1,Patristic homily linkage is not present in this repo and must be joined from the site corpus when George pushes.
rid_3aeaa48c3439f7b63466,Eph 2:1-22,Eph 2:1-22,Eph 2:1-22,30,30,0,copticchurch_date; katameros_cycle,Entrance into Egypt | Liturgy | Pauline Epistle || Paona 8 | Liturgy | Pauline Epistle || Wednesday of Ninevah's Fast | Liturgy | Pauline Epistle,the Eucharistic gathering of the Church,,eph-2,eph-2,Patristic homily linkage is not present in this repo and must be joined from the site corpus when George pushes.
rid_f683d002661850899727,Eph 2:13-18,Eph 2:13-18,Eph 2:13-18,17,17,0,copticchurch_date; katameros_cycle,Wednesday of the fourth week of the holy fifty days | Liturgy | Pauline Epistle,the Eucharistic gathering of the Church,,eph-2,eph-2,Patristic homily linkage is not present in this repo and must be joined from the site corpus when George pushes.
rid_18ea75ead4c353d5a479,Eph 2:19-3,Eph 2:19-3,Eph 2:19-3,1,1,0,katameros_cycle,liturgy_pauline | liturgy_pauline,,,eph-2,eph-2,Patristic homily linkage is not present in this repo and must be joined from the site corpus when George pushes.
rid_db161f92de62c1635067,Eph 2:19-3:10,Eph 2:19-3:10,Eph 2:19-3:10,16,16,0,copticchurch_date,Sunday of the second week of the holy fifty days | Liturgy | Pauline Epistle,the Eucharistic gathering of the Church,,eph-2,eph-2,Patristic homily linkage is not present in this repo and must be joined from the site corpus when George pushes.
rid_b29286285aae35d0aa10,Eph 4:1-16,Eph 4:1-16,Eph 4:1-16,17,17,0,copticchurch_date; katameros_cycle,Tuesday of the fourth week of Great Lent | Liturgy | Pauline Epistle,the Eucharistic gathering of the Church,,eph-4,eph-4,Patristic homily linkage is not present in this repo and must be joined from the site corpus when George pushes.
rid_9cf0b9402eedcf336c66,Eph 4:1-7,Eph 4:1-7,Eph 4:1-7,17,17,0,copticchurch_date; katameros_cycle,Saturday of the sixth week of Great Lent | Liturgy | Pauline Epistle,the Eucharistic gathering of the Church,,eph-4,eph-4,Patristic homily linkage is not present in this repo and must be joined from the site corpus when George pushes.
rid_e4c8b1d9567c0c84da37,Eph 4:11-19,Eph 4:11-19,Eph 4:11-19,16,16,0,copticchurch_date; katameros_cycle,Baba 12 | Liturgy | Pauline Epistle,the Eucharistic gathering of the Church,,eph-4,eph-4,Patristic homily linkage is not present in this repo and must be joined from the site corpus when George pushes.
rid_dfb5c42784e17c69fec8,Eph 4:17-32,Eph 4:17-32,Eph 4:17-32,2,2,0,katameros_cycle,liturgy_pauline | liturgy_pauline,,,eph-4,eph-4,Patristic homily linkage is not present in this repo and must be joined from the site corpus when George pushes.
rid_15fff62420e7820654e8,Eph 4:17-33,Eph 4:17-33,Eph 4:17-33,15,15,0,copticchurch_date,Wednesday of the fourth week of Great Lent | Liturgy | Pauline Epistle,the Eucharistic gathering of the Church,,eph-4,eph-4,Patristic homily linkage is not present in this repo and must be joined from the site corpus when George pushes.
rid_5eb9875014f5aadbb441,Eph 4:20-32,Eph 4:20-32,Eph 4:20-32,17,17,0,copticchurch_date; katameros_cycle,Thomas Sunday | Liturgy | Pauline Epistle,the Eucharistic gathering of the Church,,eph-4,eph-4,Patristic homily linkage is not present in this repo and must be joined from the site corpus when George pushes.
rid_82d5a438667253e21e4d,Eph 4:8-16,Eph 4:8-16,Eph 4:8-16,31,31,0,copticchurch_date; katameros_cycle,Mesra 30 | Liturgy | Pauline Epistle,the Eucharistic gathering of the Church,,eph-4,eph-4,Patristic homily linkage is not present in this repo and must be joined from the site corpus when George pushes.
rid_3d206cb8f6b88bbc796b,Eph 5:22-6:3,Eph 5:22-6:3,Eph 5:22-6:3,1,1,0,special_service,wedding_crowning | main_readings | main_readings,,,eph-5,eph-5,Patristic homily linkage is not present in this repo and must be joined from the site corpus when George pushes.
rid_7b80f8ec33b49fecafd8,Eph 5:8-21,Eph 5:8-21,Eph 5:8-21,249,249,0,copticchurch_date; katameros_cycle,Abib 1 | Liturgy | Pauline Epistle,the Eucharistic gathering of the Church,,eph-5,eph-5,Patristic homily linkage is not present in this repo and must be joined from the site corpus when George pushes.
rid_c87ee2091ac2bb4c7349,Eph 6:1-23,Eph 6:1-23,Eph 6:1-23,15,15,0,copticchurch_date; katameros_cycle,The second Sunday of Mesra | Liturgy | Pauline Epistle,the Eucharistic gathering of the Church,,eph-6,eph-6,Patristic homily linkage is not present in this repo and must be joined from the site corpus when George pushes.
rid_8f0c59d580c155c11cfb,Eph 6:10-18,Eph 6:10-18,Eph 6:10-18,1,1,0,special_service,unction_of_the_sick | seventh_prayer | seventh_prayer,,,eph-6,eph-6,Patristic homily linkage is not present in this repo and must be joined from the site corpus when George pushes.
rid_f29d091f7232d87ada7e,Eph 6:10-24,Eph 6:10-24,Eph 6:10-24,14,14,0,copticchurch_date; katameros_cycle,Sunday of the fourth week of Great Lent | Liturgy | Pauline Epistle,the Eucharistic gathering of the Church,,eph-6,eph-6,Patristic homily linkage is not present in this repo and must be joined from the site corpus when George pushes.
rid_61f275947da2cd492cd4,Exod 10:1-29,Exod 10:1-29,Exod 10:1-29,1,1,0,katameros_cycle,prophecy | prophecy,,,exod-10,exod-10,Patristic homily linkage is not present in this repo and must be joined from the site corpus when George pushes.
rid_73ae3759a173021657df,Exod 11:1-10,Exod 11:1-10,Exod 11:1-10,1,1,0,katameros_cycle,prophecy | prophecy,,,exod-11,exod-11,Patristic homily linkage is not present in this repo and must be joined from the site corpus when George pushes.
rid_dd697f19c7c258dea773,Exod 12:1-14,Exod 12:1-14,Exod 12:1-14,1,0,1,pascha_source_text,Good Friday | Eleventh Hour | Prophecy,the late call to repentance and mercy,,exod-12,exod-12,Patristic homily linkage is not present in this repo and must be joined from the site corpus when George pushes.
rid_3a7b3b128117ad907040,Exod 13:17-22,Exod 13:17-22,Exod 13:17-22,2,2,0,coptic_reader_fixture; pascha_day_hour,Wednesday | Third Hour | OT1 || Wednesday | Third Hour | prophecy,the descent of the Holy Spirit and the trial of the heart,,exod-13,exod-13,Patristic homily linkage is not present in this repo and must be joined from the site corpus when George pushes.
rid_ffbd3a8ab8e47edbca9d,Exod 14:13-15:1,Exod 14:13-15:1,Exod 14:13-15:1,2,2,0,coptic_reader_fixture; pascha_day_hour,Wednesday | Sixth Hour | OT1 || Wednesday | Sixth Hour | prophecy,the Cross and the Lord's willing suffering,,exod-14,exod-14,Patristic homily linkage is not present in this repo and must be joined from the site corpus when George pushes.
rid_7397ed77b1c667a984cd,Exod 15:22-16:3,Exod 15:22-16:3,Exod 15:22-16:3,1,1,0,pascha_day_hour,Great Thursday | First Hour | OT2,the beginning of the day and watchfulness,,exod-15,exod-15,Patristic homily linkage is not present in this repo and must be joined from the site corpus when George pushes.
rid_5d8c3d9ac563f4f03e39,Exod 15:23-16:3,Exod 15:23-16:3,Exod 15:23-16:3,1,0,1,pascha_source_text,Great Thursday | First Hour | Prophecy,the beginning of the day and watchfulness,,exod-15,exod-15,Patristic homily linkage is not present in this repo and must be joined from the site corpus when George pushes.
rid_9905be0bd5f113e1fd65,Exod 17:1-7,Exod 17:1-7,Exod 17:1-7,2,2,0,coptic_reader_fixture; pascha_day_hour,Wednesday | First Hour | OT1 || Wednesday | First Hour | prophecy,the beginning of the day and watchfulness,,exod-17,exod-17,Patristic homily linkage is not present in this repo and must be joined from the site corpus when George pushes.
rid_191a72ac88bd1c4d0822,Exod 17:8-16,Exod 17:8-16,Exod 17:8-16,1,1,0,pascha_day_hour,Great Thursday | First Hour | OT1,the beginning of the day and watchfulness,,exod-17,exod-17,Patristic homily linkage is not present in this repo and must be joined from the site corpus when George pushes.
rid_2ef423835894cc5bd95c,Exod 19:1-9,Exod 19:1-9,Exod 19:1-9,1,1,0,pascha_day_hour,Tuesday | First Hour | OT1,the beginning of the day and watchfulness,,exod-19,exod-19,Patristic homily linkage is not present in this repo and must be joined from the site corpus when George pushes.
rid_372e8e5c46f977c30bf3,Exod 2:11-20,Exod 2:11-20,Exod 2:11-20,1,1,0,katameros_cycle,prophecy | prophecy,,,exod-2,exod-2,Patristic homily linkage is not present in this repo and must be joined from the site corpus when George pushes.
rid_1f515c152ce04fcd17a8,Exod 2:23-25,Exod 2:23-25,Exod 2:23-25,1,1,0,katameros_cycle,prophecy | prophecy,,,exod-2,exod-2,Patristic homily linkage is not present in this repo and must be joined from the site corpus when George pushes.
rid_358e39ca423031cc9ba2,Exod 32:30-33:5,Exod 32:30-33:5,Exod 32:30-33:5,1,1,0,pascha_day_hour,Great Thursday | Third Hour | OT1,the descent of the Holy Spirit and the trial of the heart,,exod-32,exod-32,Patristic homily linkage is not present in this repo and must be joined from the site corpus when George pushes.
rid_98338e5b95a885a3d127,Exod 32:7-15,Exod 32:7-15,Exod 32:7-15,1,1,0,pascha_day_hour,Monday | Sixth Hour | OT1,the Cross and the Lord's willing suffering,,exod-32,exod-32,Patristic homily linkage is not present in this repo and must be joined from the site corpus when George pushes.
rid_e3e6cd74db3d8ad86c02,Exod 3:1-5,Exod 3:1-5,Exod 3:1-5,1,1,0,katameros_cycle,prophecy | prophecy,,,exod-3,exod-3,Patristic homily linkage is not present in this repo and must be joined from the site corpus when George pushes.
rid_6f8e2fb74e16b0889616,Exod 3:6-14,Exod 3:6-14,Exod 3:6-14,1,1,0,katameros_cycle,prophecy | prophecy,,,exod-3,exod-3,Patristic homily linkage is not present in this repo and must be joined from the site corpus when George pushes.
rid_cfc5de46483130c73bc8,Exod 4:19-31,Exod 4:19-31,Exod 4:19-31,1,1,0,katameros_cycle,prophecy | prophecy,,,exod-4,exod-4,Patristic homily linkage is not present in this repo and must be joined from the site corpus when George pushes.
rid_803ec6ce8fc0d2d0dc59,Exod 5:1-23,Exod 5:1-23,Exod 5:1-23,1,1,0,katameros_cycle,prophecy | prophecy,,,exod-5,exod-5,Patristic homily linkage is not present in this repo and must be joined from the site corpus when George pushes.
rid_1d06d1072696b24041f3,Exod 6:1-13,Exod 6:1-13,Exod 6:1-13,1,1,0,katameros_cycle,prophecy | prophecy,,,exod-6,exod-6,Patristic homily linkage is not present in this repo and must be joined from the site corpus when George pushes.
rid_05376466919d90b38a8b,Exod 7:14-25,Exod 7:14-25,Exod 7:14-25,2,2,0,katameros_cycle,prophecy | prophecy,,,exod-7,exod-7,Patristic homily linkage is not present in this repo and must be joined from the site corpus when George pushes.
rid_f231e32d73929615cd22,Exod 7:2-15,Exod 7:2-15,Exod 7:2-15,1,1,0,pascha_day_hour,Great Thursday | Sixth Hour | OT1,the Cross and the Lord's willing suffering,,exod-7,exod-7,Patristic homily linkage is not present in this repo and must be joined from the site corpus when George pushes.
rid_8afd810d49c0122bd61e,Exod 8:1-19,Exod 8:1-19,Exod 8:1-19,2,2,0,katameros_cycle,prophecy | prophecy,,,exod-8,exod-8,Patristic homily linkage is not present in this repo and must be joined from the site corpus when George pushes.
rid_bb89ec31894d97d8b517,Exod 8:20-32,Exod 8:20-32,Exod 8:20-32,1,1,0,katameros_cycle,prophecy | prophecy,,,exod-8,exod-8,Patristic homily linkage is not present in this repo and must be joined from the site corpus when George pushes.
rid_bd314b8f07406c2ab5ea,Exod 9:1-35,Exod 9:1-35,Exod 9:1-35,1,1,0,katameros_cycle,prophecy | prophecy,,,exod-9,exod-9,Patristic homily linkage is not present in this repo and must be joined from the site corpus when George pushes.
rid_9ecc8c399393c3ead32d,Ezek 18:20-32,Ezek 18:20-32,Ezek 18:20-32,1,1,0,pascha_day_hour,Great Thursday | First Hour | OT4,the beginning of the day and watchfulness,,ezek-18,ezek-18,Patristic homily linkage is not present in this repo and must be joined from the site corpus when George pushes.
rid_881bb20c0cd652123171,Ezek 20:27-33,Ezek 20:27-33,Ezek 20:27-33,2,1,1,pascha_day_hour; pascha_source_text,Wednesday Eve | Ninth Hour | OT1 || Great Thursday Eve | Ninth Hour | Prophecy,the saving death of Christ and repentance,,ezek-20,ezek-20,Patristic homily linkage is not present in this repo and must be joined from the site corpus when George pushes.
rid_3494c221c851bd7abef8,Ezek 20:39-44,Ezek 20:39-44,Ezek 20:39-44,1,1,0,pascha_day_hour,Great Thursday | Sixth Hour | OT2,the Cross and the Lord's willing suffering,,ezek-20,ezek-20,Patristic homily linkage is not present in this repo and must be joined from the site corpus when George pushes.
rid_a8741a547e4efd582561,Ezek 21:28-32,Ezek 21:28-32,Ezek 21:28-32,1,0,1,pascha_source_text,Good Friday Eve | Ninth Hour | Prophecy,the saving death of Christ and repentance,,ezek-21,ezek-21,Patristic homily linkage is not present in this repo and must be joined from the site corpus when George pushes.
rid_2e7fe759de5c87f9e998,Ezek 21:3-13,Ezek 21:3-13,Ezek 21:3-13,1,1,0,pascha_day_hour,Tuesday | Sixth Hour | OT1,the Cross and the Lord's willing suffering,,ezek-21,ezek-21,Patristic homily linkage is not present in this repo and must be joined from the site corpus when George pushes.
rid_be75fb5a12d73aea27b2,Ezek 21:33-37,Ezek 21:33-37,Ezek 21:33-37,1,1,0,pascha_day_hour,Great Thursday Eve | Ninth Hour | OT2,the saving death of Christ and repentance,,ezek-21,ezek-21,Patristic homily linkage is not present in this repo and must be joined from the site corpus when George pushes.
rid_e5780cc9c4eea5ac6dec,Ezek 22:17-22,Ezek 22:17-22,Ezek 22:17-22,1,0,1,pascha_source_text,Wednesday Eve | First Hour | Prophecy,the beginning of the day and watchfulness,,ezek-22,ezek-22,Patristic homily linkage is not present in this repo and must be joined from the site corpus when George pushes.
rid_b938964452264e52d765,Ezek 22:23-28,Ezek 22:23-28,Ezek 22:23-28,2,1,1,pascha_day_hour; pascha_source_text,Great Thursday Eve | Sixth Hour | OT1 || Wednesday Eve | First Hour | Prophecy,the Cross and the Lord's willing suffering; the beginning of the day and watchfulness,,ezek-22,ezek-22,Patristic homily linkage is not present in this repo and must be joined from the site corpus when George pushes.
rid_3576dbba679c4d5bfd4c,Ezek 36:16-23,Ezek 36:16-23,Ezek 36:16-23,1,1,0,pascha_day_hour,Great Thursday Eve | Third Hour | OT1,the descent of the Holy Spirit and the trial of the heart,,ezek-36,ezek-36,Patristic homily linkage is not present in this repo and must be joined from the site corpus when George pushes.
rid_c685890b74f9cd39b3d5,Ezek 36:25-29,Ezek 36:25-29,Ezek 36:25-29,1,0,1,pascha_source_text,Great Thursday | Liturgy of Blessing of the Water | Prophecy,,,ezek-36,ezek-36,Patristic homily linkage is not present in this repo and must be joined from the site corpus when George pushes.
rid_bb0b0325d6e577eccdfa,Ezek 37:1-14,Ezek 37:1-14,Ezek 37:1-14,1,1,0,special_service,general_funeral | prophecy | prophecy,,,ezek-37,ezek-37,Patristic homily linkage is not present in this repo and must be joined from the site corpus when George pushes.
rid_6627b953cbdb71691206,Ezek 43:5-11,Ezek 43:5-11,Ezek 43:5-11,1,0,1,pascha_source_text,Great Thursday Eve | First Hour | Prophecy,the beginning of the day and watchfulness,,ezek-43,ezek-43,Patristic homily linkage is not present in this repo and must be joined from the site corpus when George pushes.
rid_1f622641fffc8ac04b85,Ezek 47:1-9,Ezek 47:1-9,Ezek 47:1-9,1,0,1,pascha_source_text,Great Thursday | Liturgy of Blessing of the Water | Prophecy,,,ezek-47,ezek-47,Patristic homily linkage is not present in this repo and must be joined from the site corpus when George pushes.
rid_77f730460755dbd4fd0b,Gal 1:1-19,Gal 1:1-19,Gal 1:1-19,116,116,0,copticchurch_date; katameros_cycle,Abib 23 | Liturgy | Pauline Epistle,the Eucharistic gathering of the Church,,gal-1,gal-1,Patristic homily linkage is not present in this repo and must be joined from the site corpus when George pushes.
rid_db0312fce5689e3e67ed,Gal 1:1-24,Gal 1:1-24,Gal 1:1-24,17,17,0,copticchurch_date; katameros_cycle,The second Sunday of Abib | Liturgy | Pauline Epistle,the Eucharistic gathering of the Church,,gal-1,gal-1,Patristic homily linkage is not present in this repo and must be joined from the site corpus when George pushes.
rid_1bb843ea463e0d23bc7f,Gal 2:16-20,Gal 2:16-20,Gal 2:16-20,1,1,0,special_service,unction_of_the_sick | fifth_prayer | fifth_prayer,,,gal-2,gal-2,Patristic homily linkage is not present in this repo and must be joined from the site corpus when George pushes.
rid_097e29504a6631f99f85,Gal 3:1-6,Gal 3:1-6,Gal 3:1-6,1,0,1,pascha_source_text,Good Friday | Eleventh Hour | Pauline,the late call to repentance and mercy,,gal-3,gal-3,Patristic homily linkage is not present in this repo and must be joined from the site corpus when George pushes.
rid_a13b0cb28339994f2c53,Gal 3:15-29,Gal 3:15-29,Gal 3:15-29,1,1,0,katameros_cycle,liturgy_pauline | liturgy_pauline,,,gal-3,gal-3,Patristic homily linkage is not present in this repo and must be joined from the site corpus when George pushes.
rid_2fa95a0e064856e89c83,Gal 3:15-4:18,Gal 3:15-4:18,Gal 3:15-4:18,20,20,0,copticchurch_date,Christmas Paramoune | Liturgy | Pauline Epistle,the Eucharistic gathering of the Church,,gal-3,gal-3,Patristic homily linkage is not present in this repo and must be joined from the site corpus when George pushes.
rid_10c84979bd9de5ce814c,Gal 3:5-11,Gal 3:5-11,Gal 3:5-11,17,17,0,copticchurch_date; katameros_cycle,Saturday of the third week of the holy fifty days | Liturgy | Pauline Epistle,the Eucharistic gathering of the Church,,gal-3,gal-3,Patristic homily linkage is not present in this repo and must be joined from the site corpus when George pushes.
rid_7463e86e31aa8cac9cc2,Gal 4:1-18,Gal 4:1-18,Gal 4:1-18,1,1,0,katameros_cycle,liturgy_pauline | liturgy_pauline,,,gal-4,gal-4,Patristic homily linkage is not present in this repo and must be joined from the site corpus when George pushes.
rid_0019682cd0b52779c28f,Gal 4:19-31,Gal 4:19-31,Gal 4:19-31,1,1,0,katameros_cycle,liturgy_pauline | liturgy_pauline,,,gal-4,gal-4,Patristic homily linkage is not present in this repo and must be joined from the site corpus when George pushes.
rid_19ca5df0fa618e4e7217,Gal 4:19-5:1,Gal 4:19-5:1,Gal 4:19-5:1,13,13,0,copticchurch_date,Kiak 30 | Liturgy | Pauline Epistle,the Eucharistic gathering of the Church,,gal-4,gal-4,Patristic homily linkage is not present in this repo and must be joined from the site corpus when George pushes.
rid_b216b6fac3f7c59a7fd0,Gal 5:1,Gal 5:1,Gal 5:1,1,1,0,katameros_cycle,liturgy_pauline | liturgy_pauline,,,gal-5,gal-5,Patristic homily linkage is not present in this repo and must be joined from the site corpus when George pushes.
rid_4cead10d349a8e5ed3cb,Gal 5:16-26,Gal 5:16-26,Gal 5:16-26,1,1,0,katameros_cycle,liturgy_pauline | liturgy_pauline,,,gal-5,gal-5,Patristic homily linkage is not present in this repo and must be joined from the site corpus when George pushes.
rid_2984f9138111427a2476,Gal 5:16-6:2,Gal 5:16-6:2,Gal 5:16-6:2,15,15,0,copticchurch_date,Saturday of the fifth week of Great Lent | Liturgy | Pauline Epistle,the Eucharistic gathering of the Church,,gal-5,gal-5,Patristic homily linkage is not present in this repo and must be joined from the site corpus when George pushes.
rid_ad878b8b3ac3c3c6b778,Gal 5:2-10,Gal 5:2-10,Gal 5:2-10,9,9,0,copticchurch_date; katameros_cycle,The second Sunday of Toba | Liturgy | Pauline Epistle || Second Sunday of Tubah | liturgy_pauline | liturgy_pauline,the Eucharistic gathering of the Church,,gal-5,gal-5,Patristic homily linkage is not present in this repo and must be joined from the site corpus when George pushes.
rid_18480321110d96187aca,Gal 6:1-2,Gal 6:1-2,Gal 6:1-2,1,1,0,katameros_cycle,liturgy_pauline | liturgy_pauline,,,gal-6,gal-6,Patristic homily linkage is not present in this repo and must be joined from the site corpus when George pushes.
rid_7b02e4cc728b51e47381,Gal 6:11-18,Gal 6:11-18,Gal 6:11-18,17,17,0,copticchurch_date; katameros_cycle,"Sunday, Tout 18 (Feast of the Cross) | Liturgy | Pauline Epistle || Tout 18 (Feast of the Cross) | Liturgy | Pauline Epistle",the Eucharistic gathering of the Church,,gal-6,gal-6,Patristic homily linkage is not present in this repo and must be joined from the site corpus when George pushes.
rid_a98f1b11fcc1e6089f13,Gal 6:14-18,Gal 6:14-18,Gal 6:14-18,1,1,0,pascha_day_hour,Good Friday | Sixth Hour | Pauline,the Cross and the Lord's willing suffering,,gal-6,gal-6,Patristic homily linkage is not present in this repo and must be joined from the site corpus when George pushes.
rid_9bfffc9b854f3b3e550c,Gen 14:17-20,Gen 14:17-20,Gen 14:17-20,1,1,0,pascha_day_hour,Great Thursday | Ninth Hour | OT3,the saving death of Christ and repentance,,gen-14,gen-14,Patristic homily linkage is not present in this repo and must be joined from the site corpus when George pushes.
rid_8d1cd43d499e5e040ff1,Gen 18:1-23,Gen 18:1-23,Gen 18:1-23,1,1,0,pascha_day_hour,Great Thursday | Liturgy of Blessing of the Water | OT1,,,gen-18,gen-18,Patristic homily linkage is not present in this repo and must be joined from the site corpus when George pushes.
rid_1fcf22633783df093c0e,Gen 18:17-33,Gen 18:17-33,Gen 18:17-33,1,1,0,katameros_cycle,prophecy | prophecy,,,gen-18,gen-18,Patristic homily linkage is not present in this repo and must be joined from the site corpus when George pushes.
rid_4a238e3e54e818dd8b81,Gen 19:1-29,Gen 19:1-29,Gen 19:1-29,1,1,0,katameros_cycle,prophecy | prophecy,,,gen-19,gen-19,Patristic homily linkage is not present in this repo and must be joined from the site corpus when George pushes.
rid_1799bfb4477d9a219633,Gen 1:1-2:3,Gen 1:1-2:3,Gen 1:1-2:3,1,0,1,pascha_source_text,Monday | First Hour | Prophecy,the beginning of the day and watchfulness,,gen-1,gen-1,Patristic homily linkage is not present in this repo and must be joined from the site corpus when George pushes.
rid_771aba4408e0d1979413,Gen 1:1-31,Gen 1:1-31,Gen 1:1-31,1,1,0,pascha_day_hour,Monday | First Hour | OT1,the beginning of the day and watchfulness,,gen-1,gen-1,Patristic homily linkage is not present in this repo and must be joined from the site corpus when George pushes.
rid_79aceefcf04824d08744,Gen 22:1-18,Gen 22:1-18,Gen 22:1-18,1,1,0,katameros_cycle,prophecy | prophecy,,,gen-22,gen-22,Patristic homily linkage is not present in this repo and must be joined from the site corpus when George pushes.
rid_1cc3bd69010af9825fa2,Gen 22:1-19,Gen 22:1-19,Gen 22:1-19,2,1,1,pascha_day_hour; pascha_source_text,Great Thursday | Ninth Hour | OT1 || Thursday | Ninth Hour | Prophecy,the saving death of Christ and repentance,,gen-22,gen-22,Patristic homily linkage is not present in this repo and must be joined from the site corpus when George pushes.
rid_49b5d1b0bfe90a04ef79,Gen 23:1-20,Gen 23:1-20,Gen 23:1-20,2,2,0,special_service,funeral | at_burial_site_override | at_burial_site_override,,,gen-23,gen-23,Patristic homily linkage is not present in this repo and must be joined from the site corpus when George pushes.
rid_94af5245704b7ce8f77d,Gen 24:1-67,Gen 24:1-67,Gen 24:1-67,2,2,0,special_service,funeral | at_burial_site_override | at_burial_site_override,,,gen-24,gen-24,Patristic homily linkage is not present in this repo and must be joined from the site corpus when George pushes.
rid_70dcf815719cbba3ec68,Gen 24:1-9,Gen 24:1-9,Gen 24:1-9,2,2,0,coptic_reader_fixture; pascha_day_hour,Wednesday | Ninth Hour | OT1 || Wednesday | Ninth Hour | prophecy,the saving death of Christ and repentance,,gen-24,gen-24,Patristic homily linkage is not present in this repo and must be joined from the site corpus when George pushes.
rid_0d43642db1899eccc059,Gen 27:1-41,Gen 27:1-41,Gen 27:1-41,1,1,0,katameros_cycle,prophecy | prophecy,,,gen-27,gen-27,Patristic homily linkage is not present in this repo and must be joined from the site corpus when George pushes.
rid_e4ad2495f36e52254db7,Gen 28:10-22,Gen 28:10-22,Gen 28:10-22,1,1,0,katameros_cycle,prophecy | prophecy,,,gen-28,gen-28,Patristic homily linkage is not present in this repo and must be joined from the site corpus when George pushes.
rid_04a969a7886e517ea771,Gen 28:10-31,Gen 28:10-31,Gen 28:10-31,1,1,0,special_service,cornerstone_prayer | foundation_cornerstone | foundation_cornerstone,,,gen-28,gen-28,Patristic homily linkage is not present in this repo and must be joined from the site corpus when George pushes.
rid_1003c683c9f754a608c9,Gen 2:1-3,Gen 2:1-3,Gen 2:1-3,1,1,0,pascha_day_hour,Monday | First Hour | OT1,the beginning of the day and watchfulness,,gen-2,gen-2,Patristic homily linkage is not present in this repo and must be joined from the site corpus when George pushes.
rid_a807e22524aab669e3c2,Gen 2:15-25,Gen 2:15-25,Gen 2:15-25,1,1,0,pascha_day_hour,Monday | Ninth Hour | OT1,the saving death of Christ and repentance,,gen-2,gen-2,Patristic homily linkage is not present in this repo and must be joined from the site corpus when George pushes.
rid_08ac8d6676963ff43fe0,Gen 2:15-3:24,Gen 2:15-3:24,Gen 2:15-3:24,1,0,1,pascha_source_text,Monday | Ninth Hour | Prophecy,the saving death of Christ and repentance,,gen-2,gen-2,Patristic homily linkage is not present in this repo and must be joined from the site corpus when George pushes.
rid_b667e8ab46fc54c07c26,Gen 32:1-30,Gen 32:1-30,Gen 32:1-30,1,1,0,katameros_cycle,prophecy | prophecy,,,gen-32,gen-32,Patristic homily linkage is not present in this repo and must be joined from the site corpus when George pushes.
rid_6e03959e33c5b565163e,Gen 3:1-24,Gen 3:1-24,Gen 3:1-24,1,1,0,pascha_day_hour,Monday | Ninth Hour | OT1,the saving death of Christ and repentance,,gen-3,gen-3,Patristic homily linkage is not present in this repo and must be joined from the site corpus when George pushes.
rid_0d9c06792fbd4d0fa751,Gen 48:1-19,Gen 48:1-19,Gen 48:1-19,1,1,0,pascha_day_hour,Good Friday | Third Hour | OT1,the descent of the Holy Spirit and the trial of the heart,,gen-48,gen-48,Patristic homily linkage is not present in this repo and must be joined from the site corpus when George pushes.
rid_ad8efa62b0f2e1a3a73a,Gen 49:1-28,Gen 49:1-28,Gen 49:1-28,1,1,0,katameros_cycle,Lazarus Saturday of Great Lent | prophecy | prophecy,,,gen-49,gen-49,Patristic homily linkage is not present in this repo and must be joined from the site corpus when George pushes.
rid_7f4abff2c2f3d4adb12d,Gen 49:33,Gen 49:33,Gen 49:33,1,1,0,katameros_cycle,prophecy | prophecy,,,gen-49,gen-49,Patristic homily linkage is not present in this repo and must be joined from the site corpus when George pushes.
rid_4a113fab3e009577ae3d,Gen 50:1-26,Gen 50:1-26,Gen 50:1-26,1,1,0,katameros_cycle,prophecy | prophecy,,,gen-50,gen-50,Patristic homily linkage is not present in this repo and must be joined from the site corpus when George pushes.
rid_158374ebe7bf289434d0,Gen 50:4-25,Gen 50:4-25,Gen 50:4-25,1,1,0,special_service,funeral | at_burial_site_override | at_burial_site_override,,,gen-50,gen-50,Patristic homily linkage is not present in this repo and must be joined from the site corpus when George pushes.
rid_ac097753b41af879d334,Gen 6:5-9:7,Gen 6:5-9:7,Gen 6:5-9:7,1,1,0,pascha_day_hour,Tuesday | Ninth Hour | OT1,the saving death of Christ and repentance,,gen-6,gen-6,Patristic homily linkage is not present in this repo and must be joined from the site corpus when George pushes.
rid_ae935a5d9cc3c760e89a,Hab 3:2-19,Hab 3:2-19,Hab 3:2-19,1,1,0,bright_saturday_service_order,Bright Saturday | Midnight Praises | Prayer of Habakkuk,,,hab-3,hab-3,Patristic homily linkage is not present in this repo and must be joined from the site corpus when George pushes.
rid_47cc080c01c28b7849a2,Heb 10:1-13,Heb 10:1-13,Heb 10:1-13,17,17,0,copticchurch_date; katameros_cycle,Saturday of the fifth week of the holy fifty days | Liturgy | Pauline Epistle,the Eucharistic gathering of the Church,,heb-10,heb-10,Patristic homily linkage is not present in this repo and must be joined from the site corpus when George pushes.
rid_e8749eae26746d9570cf,Heb 10:1-24,Heb 10:1-24,Heb 10:1-24,1,1,0,special_service,myron_consecration | liturgy | liturgy,,,heb-10,heb-10,Patristic homily linkage is not present in this repo and must be joined from the site corpus when George pushes.
rid_454970a237b6ab364fca,Heb 10:19-38,Heb 10:19-38,Heb 10:19-38,17,17,0,copticchurch_date; katameros_cycle,Sunday of the fifth week of the holy fifty days | Liturgy | Pauline Epistle,the Eucharistic gathering of the Church,,heb-10,heb-10,Patristic homily linkage is not present in this repo and must be joined from the site corpus when George pushes.
rid_563ed5a1afc496bd9cc0,Heb 10:19-39,Heb 10:19-39,Heb 10:19-39,17,17,0,copticchurch_date; katameros_cycle,The third Sunday of Toba | Liturgy | Pauline Epistle,the Eucharistic gathering of the Church,,heb-10,heb-10,Patristic homily linkage is not present in this repo and must be joined from the site corpus when George pushes.
rid_f85d19f8363d07ad8338,Heb 11:1-10,Heb 11:1-10,Heb 11:1-10,24,24,0,copticchurch_date; katameros_cycle,Mesra 28 | Liturgy | Pauline Epistle,the Eucharistic gathering of the Church,,heb-11,heb-11,Patristic homily linkage is not present in this repo and must be joined from the site corpus when George pushes.
rid_6b916e183723392840b2,Heb 11:1-8,Heb 11:1-8,Heb 11:1-8,17,17,0,copticchurch_date; katameros_cycle,Friday of the third week of Great Lent | Liturgy | Pauline Epistle,the Eucharistic gathering of the Church,,heb-11,heb-11,Patristic homily linkage is not present in this repo and must be joined from the site corpus when George pushes.
rid_8ba8ad59348fb351c1fa,Heb 11:17-27,Heb 11:17-27,Heb 11:17-27,228,228,0,copticchurch_date; katameros_cycle,Abib 26 | Liturgy | Pauline Epistle,the Eucharistic gathering of the Church,,heb-11,heb-11,Patristic homily linkage is not present in this repo and must be joined from the site corpus when George pushes.
rid_e08130415c1fdf776b09,Heb 11:17-31,Heb 11:17-31,Heb 11:17-31,41,41,0,copticchurch_date; katameros_cycle,Amshir 5 | Liturgy | Pauline Epistle || Baba 27 | Liturgy | Pauline Epistle,the Eucharistic gathering of the Church,,heb-11,heb-11,Patristic homily linkage is not present in this repo and must be joined from the site corpus when George pushes.
rid_8a59ecba16905c11803b,Heb 11:32-12:2,Heb 11:32-12:2,Heb 11:32-12:2,117,117,0,copticchurch_date,Amshir 15 | Liturgy | Pauline Epistle || Fast of Ninevah | Liturgy | Pauline Epistle || Hator 16 of Christmas Fast | Liturgy | Pauline Epistle,the Eucharistic gathering of the Church,,heb-11,heb-11,Patristic homily linkage is not present in this repo and must be joined from the site corpus when George pushes.
rid_f54d6885def502dfee8f,Heb 11:32-40,Heb 11:32-40,Heb 11:32-40,11,11,0,katameros_cycle,liturgy_pauline | liturgy_pauline,,,heb-11,heb-11,Patristic homily linkage is not present in this repo and must be joined from the site corpus when George pushes.
rid_67b2497331d9ece43cef,Heb 12:1-2,Heb 12:1-2,Heb 12:1-2,10,10,0,katameros_cycle,liturgy_pauline | liturgy_pauline,,,heb-12,heb-12,Patristic homily linkage is not present in this repo and must be joined from the site corpus when George pushes.
rid_0b678bece5ec7c923e5b,Heb 12:13-14,Heb 12:13-14,Heb 12:13-14,70,70,0,copticchurch_date,Abib 12 | Liturgy | Pauline Epistle,the Eucharistic gathering of the Church,,heb-12,heb-12,Patristic homily linkage is not present in this repo and must be joined from the site corpus when George pushes.
rid_0390900d0a6d9e7881fd,Heb 12:21-13:2,Heb 12:21-13:2,Heb 12:21-13:2,13,13,0,copticchurch_date,Hator 8 | Liturgy | Pauline Epistle,the Eucharistic gathering of the Church,,heb-12,heb-12,Patristic homily linkage is not present in this repo and must be joined from the site corpus when George pushes.
rid_8933ad0bde373d68d9eb,Heb 12:21-39,Heb 12:21-39,Heb 12:21-39,1,1,0,katameros_cycle,liturgy_pauline | liturgy_pauline,,,heb-12,heb-12,Patristic homily linkage is not present in this repo and must be joined from the site corpus when George pushes.
rid_e93bd605dcaccae97466,Heb 12:28-13:16,Heb 12:28-13:16,Heb 12:28-13:16,13,13,0,copticchurch_date,Friday of the second week of Great Lent | Liturgy | Pauline Epistle,the Eucharistic gathering of the Church,,heb-12,heb-12,Patristic homily linkage is not present in this repo and must be joined from the site corpus when George pushes.
rid_5848ce8891009ef845d3,Heb 12:28-29,Heb 12:28-29,Heb 12:28-29,1,1,0,katameros_cycle,liturgy_pauline | liturgy_pauline,,,heb-12,heb-12,Patristic homily linkage is not present in this repo and must be joined from the site corpus when George pushes.
rid_1d81404309efbefe30e7,Heb 12:3-14,Heb 12:3-14,Heb 12:3-14,93,93,0,copticchurch_date; katameros_cycle,Amshir 6 | Liturgy | Pauline Epistle || Fast of Ninevah | Liturgy | Pauline Epistle,the Eucharistic gathering of the Church,,heb-12,heb-12,Patristic homily linkage is not present in this repo and must be joined from the site corpus when George pushes.
rid_41eac7365a84da9e4af4,Heb 12:5-16,Heb 12:5-16,Heb 12:5-16,17,17,0,copticchurch_date; katameros_cycle,Friday of the fifth week of Great Lent | Liturgy | Pauline Epistle,the Eucharistic gathering of the Church,,heb-12,heb-12,Patristic homily linkage is not present in this repo and must be joined from the site corpus when George pushes.
rid_74be0aacf15ff74b3470,Heb 13:1-16,Heb 13:1-16,Heb 13:1-16,1,1,0,katameros_cycle,liturgy_pauline | liturgy_pauline,,,heb-13,heb-13,Patristic homily linkage is not present in this repo and must be joined from the site corpus when George pushes.
rid_fd6b600bc4e5d7f07001,Heb 13:1-2,Heb 13:1-2,Heb 13:1-2,1,1,0,katameros_cycle,liturgy_pauline | liturgy_pauline,,,heb-13,heb-13,Patristic homily linkage is not present in this repo and must be joined from the site corpus when George pushes.
rid_8b47461cceeade48e2d7,Heb 13:10-16,Heb 13:10-16,Heb 13:10-16,1,1,0,special_service,altar_consecration | part_3 | part_3,,,heb-13,heb-13,Patristic homily linkage is not present in this repo and must be joined from the site corpus when George pushes.
rid_a22d3044da3eb36aaa7f,Heb 13:10-21,Heb 13:10-21,Heb 13:10-21,17,17,0,copticchurch_date; katameros_cycle,Friday of the first week of the holy fifty days | Liturgy | Pauline Epistle,the Eucharistic gathering of the Church,,heb-13,heb-13,Patristic homily linkage is not present in this repo and must be joined from the site corpus when George pushes.
rid_848874c85617eb5d06ba,Heb 13:7-16,Heb 13:7-16,Heb 13:7-16,17,17,0,copticchurch_date; katameros_cycle,Friday of the fourth week of Great Lent | Liturgy | Pauline Epistle,the Eucharistic gathering of the Church,,heb-13,heb-13,Patristic homily linkage is not present in this repo and must be joined from the site corpus when George pushes.
rid_35b75730fc9dc76fe145,Heb 13:7-25,Heb 13:7-25,Heb 13:7-25,71,71,0,copticchurch_date; katameros_cycle,Abib 7 | Liturgy | Pauline Epistle,the Eucharistic gathering of the Church,,heb-13,heb-13,Patristic homily linkage is not present in this repo and must be joined from the site corpus when George pushes.
rid_9ee6e8c4a43f7e4946ce,Heb 1:1-14,Heb 1:1-14,Heb 1:1-14,4,4,0,katameros_cycle; special_service,liturgy_pauline | liturgy_pauline || myron_consecration | liturgy | liturgy,,,heb-1,heb-1,Patristic homily linkage is not present in this repo and must be joined from the site corpus when George pushes.
rid_4dbd6d770efec3ab3975,Heb 1:1-2:4,Heb 1:1-2:4,Heb 1:1-2:4,44,44,0,copticchurch_date,Christmas | Liturgy | Pauline Epistle,the Eucharistic gathering of the Church,,heb-1,heb-1,Patristic homily linkage is not present in this repo and must be joined from the site corpus when George pushes.
rid_ab49aa66d3a7b96205d2,Heb 1:8-12,Heb 1:8-12,Heb 1:8-12,1,1,0,special_service,baptism | part_1 | part_1,,,heb-1,heb-1,Patristic homily linkage is not present in this repo and must be joined from the site corpus when George pushes.
rid_36664cc810e9d783f822,Heb 2:1-4,Heb 2:1-4,Heb 2:1-4,4,4,0,katameros_cycle; special_service,liturgy_pauline | liturgy_pauline || myron_consecration | liturgy | liturgy,,,heb-2,heb-2,Patristic homily linkage is not present in this repo and must be joined from the site corpus when George pushes.
rid_2dc57c0891d4360e6ef2,Heb 2:5-18,Heb 2:5-18,Heb 2:5-18,44,44,0,copticchurch_date; katameros_cycle,Kiak 22 | Liturgy | Pauline Epistle,the Eucharistic gathering of the Church,,heb-2,heb-2,Patristic homily linkage is not present in this repo and must be joined from the site corpus when George pushes.
rid_ac67b1b479a5b0b2e7f5,Heb 3:1-19,Heb 3:1-19,Heb 3:1-19,1,1,0,katameros_cycle,Third Sunday of Amshir | liturgy_pauline | liturgy_pauline,,,heb-3,heb-3,Patristic homily linkage is not present in this repo and must be joined from the site corpus when George pushes.
rid_f10db104523ae2cfb718,Heb 3:1-4:2,Heb 3:1-4:2,Heb 3:1-4:2,6,6,0,copticchurch_date,The third Sunday of Amshir | Liturgy | Pauline Epistle,the Eucharistic gathering of the Church,,heb-3,heb-3,Patristic homily linkage is not present in this repo and must be joined from the site corpus when George pushes.
rid_b12a76b0e9abd31bf37c,Heb 4:1-2,Heb 4:1-2,Heb 4:1-2,1,1,0,katameros_cycle,Third Sunday of Amshir | liturgy_pauline | liturgy_pauline,,,heb-4,heb-4,Patristic homily linkage is not present in this repo and must be joined from the site corpus when George pushes.
rid_061a5da1ef8a9cd07088,Heb 4:14-16,Heb 4:14-16,Heb 4:14-16,15,15,0,katameros_cycle,liturgy_pauline | liturgy_pauline,,,heb-4,heb-4,Patristic homily linkage is not present in this repo and must be joined from the site corpus when George pushes.
rid_8f8ff16b753e39f08313,Heb 4:14-5:14,Heb 4:14-5:14,Heb 4:14-5:14,83,83,0,copticchurch_date,Amshir 11 | Liturgy | Pauline Epistle || Amshir 20 | Liturgy | Pauline Epistle,the Eucharistic gathering of the Church,,heb-4,heb-4,Patristic homily linkage is not present in this repo and must be joined from the site corpus when George pushes.
rid_e7ea1bbca9d7c1374493,Heb 5:1-14,Heb 5:1-14,Heb 5:1-14,15,15,0,katameros_cycle,liturgy_pauline | liturgy_pauline,,,heb-5,heb-5,Patristic homily linkage is not present in this repo and must be joined from the site corpus when George pushes.
rid_d40a041274dadd109c80,Heb 6:7-15,Heb 6:7-15,Heb 6:7-15,17,17,0,copticchurch_date; katameros_cycle,The second Sunday of Hator | Liturgy | Pauline Epistle,the Eucharistic gathering of the Church,,heb-6,heb-6,Patristic homily linkage is not present in this repo and must be joined from the site corpus when George pushes.
rid_c24e83e91070a6b44eca,Heb 7:1-17,Heb 7:1-17,Heb 7:1-17,28,28,0,copticchurch_date; katameros_cycle,The fifth Sunday of Baba | Liturgy | Pauline Epistle || The fifth Sunday of Kiak | Liturgy | Pauline Epistle || The fifth Sunday of Toba | Liturgy | Pauline Epistle || The fifth Sunday of Tout | Liturgy | Pauline Epistle || The second Sunday of Amshir | Liturgy | Pauline Epistle,the Eucharistic gathering of the Church,,heb-7,heb-7,Patristic homily linkage is not present in this repo and must be joined from the site corpus when George pushes.
rid_6ccefd1363f399b4c944,Heb 7:18-28,Heb 7:18-28,Heb 7:18-28,27,27,0,katameros_cycle,liturgy_pauline | liturgy_pauline,,,heb-7,heb-7,Patristic homily linkage is not present in this repo and must be joined from the site corpus when George pushes.
rid_04760e5acbd812273838,Heb 7:18-8:13,Heb 7:18-8:13,Heb 7:18-8:13,249,249,0,copticchurch_date,Abib 10 | Liturgy | Pauline Epistle,the Eucharistic gathering of the Church,,heb-7,heb-7,Patristic homily linkage is not present in this repo and must be joined from the site corpus when George pushes.
rid_19297e7bfc90b2b19f6b,Heb 7:26-28,Heb 7:26-28,Heb 7:26-28,1,1,0,special_service,myron_consecration | liturgy | liturgy,,,heb-7,heb-7,Patristic homily linkage is not present in this repo and must be joined from the site corpus when George pushes.
rid_d19c255410d713fe4b62,Heb 8,Heb 8,Heb 8,1,1,0,special_service,myron_consecration | liturgy | liturgy,,,heb-8,heb-8,Patristic homily linkage is not present in this repo and must be joined from the site corpus when George pushes.
rid_377779f8ff1ee868fbe6,Heb 8:1-13,Heb 8:1-13,Heb 8:1-13,27,27,0,katameros_cycle,liturgy_pauline | liturgy_pauline,,,heb-8,heb-8,Patristic homily linkage is not present in this repo and must be joined from the site corpus when George pushes.
rid_598f27d79e464fd1ae7f,Heb 9:1-10,Heb 9:1-10,Heb 9:1-10,20,20,0,copticchurch_date; katameros_cycle; special_service,Tout 16 | Liturgy | Pauline Epistle,the Eucharistic gathering of the Church,,heb-9,heb-9,Patristic homily linkage is not present in this repo and must be joined from the site corpus when George pushes.
rid_734d1fb697841eee02a4,Heb 9:1-12,Heb 9:1-12,Heb 9:1-12,62,62,0,copticchurch_date; katameros_cycle,Fast of Ninevah | Liturgy | Pauline Epistle || Kiak 3 | Liturgy | Pauline Epistle,the Eucharistic gathering of the Church,,heb-9,heb-9,Patristic homily linkage is not present in this repo and must be joined from the site corpus when George pushes.
rid_f35aa8dad0b5d7ca3707,Heb 9:11-28,Heb 9:11-28,Heb 9:11-28,20,20,0,copticchurch_date; katameros_cycle; pascha_day_hour; special_service,Palm Sunday | Liturgy | Pauline Epistle,the Eucharistic gathering of the Church,,heb-9,heb-9,Patristic homily linkage is not present in this repo and must be joined from the site corpus when George pushes.
rid_bfa3449dafe309ebcb10,Hos 10:12-11:2,Hos 10:12-11:2,Hos 10:12-11:2,1,0,1,pascha_source_text,Tuesday Eve | Ninth Hour | Prophecy,the saving death of Christ and repentance,,hos-10,hos-10,Patristic homily linkage is not present in this repo and must be joined from the site corpus when George pushes.
rid_5aa65ef9c811a749bc66,Hos 10:12-15,Hos 10:12-15,Hos 10:12-15,2,2,0,pascha_day_hour,Monday Eve | Ninth Hour | OT1 || Tuesday Eve | Ninth Hour | OT1,the saving death of Christ and repentance,,hos-10,hos-10,Patristic homily linkage is not present in this repo and must be joined from the site corpus when George pushes.
rid_a5542ccaf2c934bbd997,Hos 11:1-2,Hos 11:1-2,Hos 11:1-2,2,2,0,pascha_day_hour,Monday Eve | Ninth Hour | OT1 || Tuesday Eve | Ninth Hour | OT1,the saving death of Christ and repentance,,hos-11,hos-11,Patristic homily linkage is not present in this repo and must be joined from the site corpus when George pushes.
rid_51b705f0fe56936ed731,"Hos 2:1-3,2:10-11","Hos 2:1-3,2:10-11","Hos 2:1-3,2:10-11",1,1,0,pascha_day_hour,Good Friday | Ninth Hour | OT3,the saving death of Christ and repentance,,hos-2,hos-2,Patristic homily linkage is not present in this repo and must be joined from the site corpus when George pushes.
rid_132d5d45dd7e31f004b7,Hos 4:1-8,Hos 4:1-8,Hos 4:1-8,1,1,0,pascha_day_hour,Tuesday | First Hour | OT3,the beginning of the day and watchfulness,,hos-4,hos-4,Patristic homily linkage is not present in this repo and must be joined from the site corpus when George pushes.
rid_4174ab42642c34a54f1e,Hos 4:15-19,Hos 4:15-19,Hos 4:15-19,2,2,0,pascha_day_hour,Monday Eve | Sixth Hour | OT1 || Tuesday Eve | Sixth Hour | OT1,the Cross and the Lord's willing suffering,,hos-4,hos-4,Patristic homily linkage is not present in this repo and must be joined from the site corpus when George pushes.
rid_6375e2206441e7c82c00,Hos 4:15-5:7,Hos 4:15-5:7,Hos 4:15-5:7,1,0,1,pascha_source_text,Tuesday Eve | Sixth Hour | Prophecy,the Cross and the Lord's willing suffering,,hos-4,hos-4,Patristic homily linkage is not present in this repo and must be joined from the site corpus when George pushes.
rid_a5512dbf2aba7b654f97,Hos 5:1-7,Hos 5:1-7,Hos 5:1-7,2,2,0,pascha_day_hour,Monday Eve | Sixth Hour | OT1 || Tuesday Eve | Sixth Hour | OT1,the Cross and the Lord's willing suffering,,hos-5,hos-5,Patristic homily linkage is not present in this repo and must be joined from the site corpus when George pushes.
rid_2397fc80704f44df38d6,Hos 5:13-6:3,Hos 5:13-6:3,Hos 5:13-6:3,2,2,0,coptic_reader_fixture; pascha_day_hour,Wednesday | First Hour | OT3 || Wednesday | First Hour | prophecy,the beginning of the day and watchfulness,,hos-5,hos-5,Patristic homily linkage is not present in this repo and must be joined from the site corpus when George pushes.
rid_aea37d12f9fcde6a714f,Hos 9:14-10:2,Hos 9:14-10:2,Hos 9:14-10:2,1,0,1,pascha_source_text,Wednesday Eve | Ninth Hour | Prophecy,the saving death of Christ and repentance,,hos-9,hos-9,Patristic homily linkage is not present in this repo and must be joined from the site corpus when George pushes.
rid_1b71fb689c25c031a97a,Isa 10:1-4,Isa 10:1-4,Isa 10:1-4,1,1,0,katameros_cycle,prophecy | prophecy,,,isa-10,isa-10,Patristic homily linkage is not present in this repo and must be joined from the site corpus when George pushes.
rid_261e16223cf9307a0a24,Isa 10:12-21,Isa 10:12-21,Isa 10:12-21,1,1,0,katameros_cycle,prophecy | prophecy,,,isa-10,isa-10,Patristic homily linkage is not present in this repo and must be joined from the site corpus when George pushes.
rid_17f67d20179e4647e731,Isa 11:10-16,Isa 11:10-16,Isa 11:10-16,1,1,0,katameros_cycle,prophecy | prophecy,,,isa-11,isa-11,Patristic homily linkage is not present in this repo and must be joined from the site corpus when George pushes.
rid_3808a4494242e428c6ef,Isa 12:1-2,Isa 12:1-2,Isa 12:1-2,1,1,0,katameros_cycle,prophecy | prophecy,,,isa-12,isa-12,Patristic homily linkage is not present in this repo and must be joined from the site corpus when George pushes.
rid_10578ba445da60f939f0,Isa 12:2-13:10,Isa 12:2-13:10,Isa 12:2-13:10,1,1,0,pascha_day_hour,Good Friday | Sixth Hour | OT3,the Cross and the Lord's willing suffering,,isa-12,isa-12,Patristic homily linkage is not present in this repo and must be joined from the site corpus when George pushes.
rid_345ec4159fec4bfb52b2,Isa 13:2-13,Isa 13:2-13,Isa 13:2-13,1,1,0,katameros_cycle,prophecy | prophecy,,,isa-13,isa-13,Patristic homily linkage is not present in this repo and must be joined from the site corpus when George pushes.
rid_f9d721dc98af6d7d345b,Isa 14:24-32,Isa 14:24-32,Isa 14:24-32,1,1,0,katameros_cycle,prophecy | prophecy,,,isa-14,isa-14,Patristic homily linkage is not present in this repo and must be joined from the site corpus when George pushes.
rid_c07f2d7123e4d534e97d,Isa 19:19-25,Isa 19:19-25,Isa 19:19-25,1,1,0,pascha_day_hour,Great Thursday | Eleventh Hour | OT2,the late call to repentance and mercy,,isa-19,isa-19,Patristic homily linkage is not present in this repo and must be joined from the site corpus when George pushes.
rid_3653df6dccdcc78ae8c7,Isa 1:1-9,Isa 1:1-9,Isa 1:1-9,1,1,0,pascha_day_hour,Tuesday | Sixth Hour | OT3,the Cross and the Lord's willing suffering,,isa-1,isa-1,Patristic homily linkage is not present in this repo and must be joined from the site corpus when George pushes.
rid_daa1fa465e092161ee7e,Isa 1:19-25,Isa 1:19-25,Isa 1:19-25,1,1,0,katameros_cycle,prophecy | prophecy,,,isa-1,isa-1,Patristic homily linkage is not present in this repo and must be joined from the site corpus when George pushes.
rid_e6af0766ab457676feb2,Isa 1:2-18,Isa 1:2-18,Isa 1:2-18,1,1,0,katameros_cycle,prophecy | prophecy,,,isa-1,isa-1,Patristic homily linkage is not present in this repo and must be joined from the site corpus when George pushes.
rid_4c5e32ae725adad6fccd,Isa 1:2-9,Isa 1:2-9,Isa 1:2-9,1,1,0,pascha_day_hour,Good Friday | First Hour | OT2,the beginning of the day and watchfulness,,isa-1,isa-1,Patristic homily linkage is not present in this repo and must be joined from the site corpus when George pushes.
rid_242bbbab85a3f359203a,Isa 24:1-13,Isa 24:1-13,Isa 24:1-13,1,1,0,pascha_day_hour,Good Friday | First Hour | OT5,the beginning of the day and watchfulness,,isa-24,isa-24,Patristic homily linkage is not present in this repo and must be joined from the site corpus when George pushes.
rid_8e142dce9dfba9abf968,Isa 25:1-12,Isa 25:1-12,Isa 25:1-12,2,2,0,bright_saturday_service_order; katameros_cycle,Bright Saturday | Midnight Praises | Second Prayer of Isaiah || prophecy | prophecy,,,isa-25,isa-25,Patristic homily linkage is not present in this repo and must be joined from the site corpus when George pushes.
rid_c284a54c620f3367324c,Isa 26:1-8,Isa 26:1-8,Isa 26:1-8,1,1,0,katameros_cycle,prophecy | prophecy,,,isa-26,isa-26,Patristic homily linkage is not present in this repo and must be joined from the site corpus when George pushes.
rid_bb48bc796b8760df10fa,Isa 26:1-9,Isa 26:1-9,Isa 26:1-9,1,1,0,bright_saturday_service_order,Bright Saturday | Midnight Praises | Third Prayer of Isaiah,,,isa-26,isa-26,Patristic homily linkage is not present in this repo and must be joined from the site corpus when George pushes.
rid_5c40444db14df63b23a8,Isa 26:21-27,Isa 26:21-27,Isa 26:21-27,2,2,0,katameros_cycle,prophecy | prophecy,,,isa-26,isa-26,Patristic homily linkage is not present in this repo and must be joined from the site corpus when George pushes.
rid_e013d16647a0acb4732f,Isa 26:9-20,Isa 26:9-20,Isa 26:9-20,2,2,0,bright_saturday_service_order; special_service,Bright Saturday | Midnight Praises | First Prayer of Isaiah || funeral | part_3 | part_3,,,isa-26,isa-26,Patristic homily linkage is not present in this repo and must be joined from the site corpus when George pushes.
rid_d0c31ecd81d3e2ebb47a,Isa 27:11-28:15,Isa 27:11-28:15,Isa 27:11-28:15,1,1,0,pascha_day_hour,Great Thursday Eve | Eleventh Hour | OT1,the late call to repentance and mercy,,isa-27,isa-27,Patristic homily linkage is not present in this repo and must be joined from the site corpus when George pushes.
rid_13581b8cbe1df6d4a06c,Isa 28:14-22,Isa 28:14-22,Isa 28:14-22,1,1,0,katameros_cycle,prophecy | prophecy,,,isa-28,isa-28,Patristic homily linkage is not present in this repo and must be joined from the site corpus when George pushes.
rid_277b3bf74110c25ffb6e,Isa 28:16-29,Isa 28:16-29,Isa 28:16-29,2,2,0,coptic_reader_fixture; pascha_day_hour,Wednesday | Eleventh Hour | OT1 || Wednesday | Eleventh Hour | prophecy,the late call to repentance and mercy,,isa-28,isa-28,Patristic homily linkage is not present in this repo and must be joined from the site corpus when George pushes.
rid_5113dd5a8828bded1acd,Isa 29:12-23,Isa 29:12-23,Isa 29:12-23,1,1,0,katameros_cycle,prophecy | prophecy,,,isa-29,isa-29,Patristic homily linkage is not present in this repo and must be joined from the site corpus when George pushes.
rid_b56f3da7126f7979db10,Isa 2:1-3,Isa 2:1-3,Isa 2:1-3,1,1,0,katameros_cycle,prophecy | prophecy,,,isa-2,isa-2,Patristic homily linkage is not present in this repo and must be joined from the site corpus when George pushes.
rid_e69cf669f4becb218ff3,Isa 2:10-21,Isa 2:10-21,Isa 2:10-21,1,1,0,pascha_day_hour,Good Friday | First Hour | OT3,the beginning of the day and watchfulness,,isa-2,isa-2,Patristic homily linkage is not present in this repo and must be joined from the site corpus when George pushes.
rid_a3cfd4d13a9e55f578b2,Isa 2:11-19,Isa 2:11-19,Isa 2:11-19,1,1,0,katameros_cycle,prophecy | prophecy,,,isa-2,isa-2,Patristic homily linkage is not present in this repo and must be joined from the site corpus when George pushes.
rid_9c393f2824bed58f1a9f,Isa 2:3-11,Isa 2:3-11,Isa 2:3-11,1,1,0,katameros_cycle,prophecy | prophecy,,,isa-2,isa-2,Patristic homily linkage is not present in this repo and must be joined from the site corpus when George pushes.
rid_e26edbf31ba81691553f,Isa 30:25-30,Isa 30:25-30,Isa 30:25-30,1,0,1,pascha_source_text,Tuesday | Eleventh Hour | Prophecy,the late call to repentance and mercy,,isa-30,isa-30,Patristic homily linkage is not present in this repo and must be joined from the site corpus when George pushes.
rid_2a7ec8679d59a9d7d69e,Isa 37:33-38,Isa 37:33-38,Isa 37:33-38,1,1,0,katameros_cycle,prophecy | prophecy,,,isa-37,isa-37,Patristic homily linkage is not present in this repo and must be joined from the site corpus when George pushes.
rid_bf915f5f1529658abed4,Isa 38:1-6,Isa 38:1-6,Isa 38:1-6,1,1,0,katameros_cycle,prophecy | prophecy,,,isa-38,isa-38,Patristic homily linkage is not present in this repo and must be joined from the site corpus when George pushes.
rid_796d3974d64c02889ca1,Isa 38:10-20,Isa 38:10-20,Isa 38:10-20,1,1,0,bright_saturday_service_order,Bright Saturday | Midnight Praises | Prayer of Hezekiah,,,isa-38,isa-38,Patristic homily linkage is not present in this repo and must be joined from the site corpus when George pushes.
rid_1ebd99d5b80b35e4c5e1,Isa 3:1-14,Isa 3:1-14,Isa 3:1-14,1,1,0,katameros_cycle,prophecy | prophecy,,,isa-3,isa-3,Patristic homily linkage is not present in this repo and must be joined from the site corpus when George pushes.
rid_2f2ca45446d156914dd8,Isa 3:5-12,Isa 3:5-12,Isa 3:5-12,1,1,0,pascha_day_hour,Good Friday | Eleventh Hour | OT2,the late call to repentance and mercy,,isa-3,isa-3,Patristic homily linkage is not present in this repo and must be joined from the site corpus when George pushes.
rid_2d7636b67c778e36f4c5,Isa 3:9-15,Isa 3:9-15,Isa 3:9-15,1,1,0,pascha_day_hour,Good Friday | Third Hour | OT3,the descent of the Holy Spirit and the trial of the heart,,isa-3,isa-3,Patristic homily linkage is not present in this repo and must be joined from the site corpus when George pushes.
rid_07a98121b2a6c00d24d1,Isa 40:1-5,Isa 40:1-5,Isa 40:1-5,2,2,0,pascha_day_hour,Monday | Ninth Hour | OT2 || Tuesday | Ninth Hour | OT2,the saving death of Christ and repentance,,isa-40,isa-40,Patristic homily linkage is not present in this repo and must be joined from the site corpus when George pushes.
rid_aabd8eede1db1452040d,Isa 40:1-8,Isa 40:1-8,Isa 40:1-8,1,1,0,katameros_cycle,prophecy | prophecy,,,isa-40,isa-40,Patristic homily linkage is not present in this repo and must be joined from the site corpus when George pushes.
rid_4d92d06751339ef3ceae,Isa 40:9-31,Isa 40:9-31,Isa 40:9-31,2,1,1,katameros_cycle; pascha_source_text,Lazarus Saturday of Great Lent | prophecy | prophecy || Tuesday | Ninth Hour | Prophecy,the saving death of Christ and repentance,,isa-40,isa-40,Patristic homily linkage is not present in this repo and must be joined from the site corpus when George pushes.
rid_093d5eedb086e29ebc63,Isa 41:4-14,Isa 41:4-14,Isa 41:4-14,1,1,0,katameros_cycle,prophecy | prophecy,,,isa-41,isa-41,Patristic homily linkage is not present in this repo and must be joined from the site corpus when George pushes.
rid_d6f2833271b2dfe3f053,Isa 42:5-16,Isa 42:5-16,Isa 42:5-16,1,1,0,katameros_cycle,prophecy | prophecy,,,isa-42,isa-42,Patristic homily linkage is not present in this repo and must be joined from the site corpus when George pushes.
rid_5de3b57a8eb2e60b67f9,Isa 43:1-9,Isa 43:1-9,Isa 43:1-9,1,1,0,katameros_cycle,prophecy | prophecy,,,isa-43,isa-43,Patristic homily linkage is not present in this repo and must be joined from the site corpus when George pushes.
rid_f28943ae9157d9dc17c8,Isa 43:10-28,Isa 43:10-28,Isa 43:10-28,1,1,0,katameros_cycle,prophecy | prophecy,,,isa-43,isa-43,Patristic homily linkage is not present in this repo and must be joined from the site corpus when George pushes.
rid_d83435172422f2c9d401,Isa 44:1-8,Isa 44:1-8,Isa 44:1-8,1,1,0,katameros_cycle,prophecy | prophecy,,,isa-44,isa-44,Patristic homily linkage is not present in this repo and must be joined from the site corpus when George pushes.
rid_b95b0c7cd2e5bb5f1850,Isa 44:21-28,Isa 44:21-28,Isa 44:21-28,1,1,0,katameros_cycle,prophecy | prophecy,,,isa-44,isa-44,Patristic homily linkage is not present in this repo and must be joined from the site corpus when George pushes.
rid_cd2f7760728190e1ee8a,Isa 45:1-10,Isa 45:1-10,Isa 45:1-10,1,1,0,katameros_cycle,prophecy | prophecy,,,isa-45,isa-45,Patristic homily linkage is not present in this repo and must be joined from the site corpus when George pushes.
rid_37669df5f667d06d5932,Isa 45:11-17,Isa 45:11-17,Isa 45:11-17,1,1,0,katameros_cycle,prophecy | prophecy,,,isa-45,isa-45,Patristic homily linkage is not present in this repo and must be joined from the site corpus when George pushes.
rid_f9c44ef673989a2ef9c9,Isa 45:15-20,Isa 45:15-20,Isa 45:15-20,1,1,0,bright_saturday_service_order,Bright Saturday | 9th Hour | Prophecy,,,isa-45,isa-45,Patristic homily linkage is not present in this repo and must be joined from the site corpus when George pushes.
rid_308d53d2c6f594fc6484,Isa 48:12-22,Isa 48:12-22,Isa 48:12-22,1,0,1,pascha_source_text,Hosanna Sunday | Eleventh Hour | Prophecy,the late call to repentance and mercy,,isa-48,isa-48,Patristic homily linkage is not present in this repo and must be joined from the site corpus when George pushes.
rid_fb3286a3b716be3bc566,Isa 48:17-22,Isa 48:17-22,Isa 48:17-22,1,1,0,katameros_cycle,prophecy | prophecy,,,isa-48,isa-48,Patristic homily linkage is not present in this repo and must be joined from the site corpus when George pushes.
rid_23e796cf24baa1d2420a,Isa 49:1-4,Isa 49:1-4,Isa 49:1-4,1,1,0,katameros_cycle,prophecy | prophecy,,,isa-49,isa-49,Patristic homily linkage is not present in this repo and must be joined from the site corpus when George pushes.
rid_2c6dd9c4ccd8693052d7,Isa 49:6-10,Isa 49:6-10,Isa 49:6-10,1,1,0,katameros_cycle,prophecy | prophecy,,,isa-49,isa-49,Patristic homily linkage is not present in this repo and must be joined from the site corpus when George pushes.
rid_f3a1ac3a67cfbdaf1456,Isa 4:2-4,Isa 4:2-4,Isa 4:2-4,1,0,1,pascha_source_text,Great Thursday | Liturgy of Blessing of the Water | Prophecy,,,isa-4,isa-4,Patristic homily linkage is not present in this repo and must be joined from the site corpus when George pushes.
rid_d5651e629edb1dc48704,Isa 4:2-5,Isa 4:2-5,Isa 4:2-5,1,1,0,katameros_cycle,prophecy | prophecy,,,isa-4,isa-4,Patristic homily linkage is not present in this repo and must be joined from the site corpus when George pushes.
rid_d5c12afc31445328b9db,Isa 50:1-3,Isa 50:1-3,Isa 50:1-3,2,2,0,pascha_day_hour,Monday | Eleventh Hour | OT1 || Tuesday | Eleventh Hour | OT1,the late call to repentance and mercy,,isa-50,isa-50,Patristic homily linkage is not present in this repo and must be joined from the site corpus when George pushes.
rid_71b3fe84003b92418b6f,Isa 50:10-51:8,Isa 50:10-51:8,Isa 50:10-51:8,1,1,0,bright_saturday_service_order,Bright Saturday | 6th Hour | Prophecy,,,isa-50,isa-50,Patristic homily linkage is not present in this repo and must be joined from the site corpus when George pushes.
rid_d6e8dfd11429bf871d5d,Isa 50:4-9,Isa 50:4-9,Isa 50:4-9,1,1,0,pascha_day_hour,Good Friday | Third Hour | OT2,the descent of the Holy Spirit and the trial of the heart,,isa-50,isa-50,Patristic homily linkage is not present in this repo and must be joined from the site corpus when George pushes.
rid_03fafca6599b3a156cd0,Isa 52:13-53:12,Isa 52:13-53:12,Isa 52:13-53:12,1,1,0,pascha_day_hour,Great Thursday | Eleventh Hour | OT1,the late call to repentance and mercy,,isa-52,isa-52,Patristic homily linkage is not present in this repo and must be joined from the site corpus when George pushes.
rid_29c24f86b54049f3ab8f,Isa 53:7-12,Isa 53:7-12,Isa 53:7-12,1,1,0,pascha_day_hour,Good Friday | Sixth Hour | OT2,the Cross and the Lord's willing suffering,,isa-53,isa-53,Patristic homily linkage is not present in this repo and must be joined from the site corpus when George pushes.
rid_2159320effb3da6bddcb,Isa 55:1-56:1,Isa 55:1-56:1,Isa 55:1-56:1,1,0,1,pascha_source_text,Great Thursday | Liturgy of Blessing of the Water | Prophecy,,,isa-55,isa-55,Patristic homily linkage is not present in this repo and must be joined from the site corpus when George pushes.
rid_7002fcf1a7d6c8d16f97,Isa 58:1-11,Isa 58:1-11,Isa 58:1-11,2,1,1,katameros_cycle; pascha_source_text,prophecy | prophecy || Great Thursday | First Hour | Prophecy,the beginning of the day and watchfulness,,isa-58,isa-58,Patristic homily linkage is not present in this repo and must be joined from the site corpus when George pushes.
rid_bead7107aacfe0ce9e81,Isa 58:1-9,Isa 58:1-9,Isa 58:1-9,1,1,0,pascha_day_hour,Great Thursday | First Hour | OT3,the beginning of the day and watchfulness,,isa-58,isa-58,Patristic homily linkage is not present in this repo and must be joined from the site corpus when George pushes.
rid_4eb25ced32de0a82f2e8,Isa 59:1-17,Isa 59:1-17,Isa 59:1-17,1,0,1,pascha_day_hour,Wednesday | Ninth Hour | OT4,the saving death of Christ and repentance,,isa-59,isa-59,Patristic homily linkage is not present in this repo and must be joined from the site corpus when George pushes.
rid_613a5f1b1a33e624d353,Isa 5:1-9,Isa 5:1-9,Isa 5:1-9,1,1,0,pascha_day_hour,Monday | First Hour | OT2,the beginning of the day and watchfulness,,isa-5,isa-5,Patristic homily linkage is not present in this repo and must be joined from the site corpus when George pushes.
rid_498c51b39c251a62bdad,Isa 5:17-25,Isa 5:17-25,Isa 5:17-25,1,1,0,katameros_cycle,prophecy | prophecy,,,isa-5,isa-5,Patristic homily linkage is not present in this repo and must be joined from the site corpus when George pushes.
rid_dea460583107611686de,Isa 5:20-30,Isa 5:20-30,Isa 5:20-30,2,2,0,pascha_day_hour,Monday | Third Hour | OT1 || Tuesday | Third Hour | OT1,the descent of the Holy Spirit and the trial of the heart,,isa-5,isa-5,Patristic homily linkage is not present in this repo and must be joined from the site corpus when George pushes.
rid_a89e94473ae8cf0f2831,Isa 5:7-16,Isa 5:7-16,Isa 5:7-16,1,1,0,katameros_cycle,prophecy | prophecy,,,isa-5,isa-5,Patristic homily linkage is not present in this repo and must be joined from the site corpus when George pushes.
rid_e14a8c6fa7cab6a53d85,Isa 61:1-6,Isa 61:1-6,Isa 61:1-6,1,0,1,pascha_source_text,Great Thursday | Ninth Hour | Prophecy,the saving death of Christ and repentance,,isa-61,isa-61,Patristic homily linkage is not present in this repo and must be joined from the site corpus when George pushes.
rid_70f5df2017474bb92728,Isa 61:1-7,Isa 61:1-7,Isa 61:1-7,1,1,0,pascha_day_hour,Great Thursday | Ninth Hour | OT2,the saving death of Christ and repentance,,isa-61,isa-61,Patristic homily linkage is not present in this repo and must be joined from the site corpus when George pushes.
rid_1c04a2743cc97f065bd4,Isa 63:1-7,Isa 63:1-7,Isa 63:1-7,1,1,0,pascha_day_hour,Good Friday | Third Hour | OT4,the descent of the Holy Spirit and the trial of the heart,,isa-63,isa-63,Patristic homily linkage is not present in this repo and must be joined from the site corpus when George pushes.
rid_0ee44f141647ee93f14c,Isa 65:8-16,Isa 65:8-16,Isa 65:8-16,1,1,0,katameros_cycle,prophecy | prophecy,,,isa-65,isa-65,Patristic homily linkage is not present in this repo and must be joined from the site corpus when George pushes.
rid_1ffbacb34c19593b1df0,Isa 66:10-24,Isa 66:10-24,Isa 66:10-24,1,1,0,katameros_cycle,prophecy | prophecy,,,isa-66,isa-66,Patristic homily linkage is not present in this repo and must be joined from the site corpus when George pushes.
rid_f692017e33ddfefc5038,Isa 6:1-12,Isa 6:1-12,Isa 6:1-12,1,1,0,katameros_cycle,prophecy | prophecy,,,isa-6,isa-6,Patristic homily linkage is not present in this repo and must be joined from the site corpus when George pushes.
rid_492acf32421a7642de14,Isa 7:1-14,Isa 7:1-14,Isa 7:1-14,1,1,0,katameros_cycle,prophecy | prophecy,,,isa-7,isa-7,Patristic homily linkage is not present in this repo and must be joined from the site corpus when George pushes.
rid_21a4d38c8b39bcc1f8cc,Isa 8:13-9,Isa 8:13-9,Isa 8:13-9,1,1,0,katameros_cycle,prophecy | prophecy,,,isa-8,isa-8,Patristic homily linkage is not present in this repo and must be joined from the site corpus when George pushes.
rid_8095fa10dedae7b5ad4a,Isa 9:9-21,Isa 9:9-21,Isa 9:9-21,1,1,0,katameros_cycle,prophecy | prophecy,,,isa-9,isa-9,Patristic homily linkage is not present in this repo and must be joined from the site corpus when George pushes.
rid_6d8a99da1f1ae35aa028,James 1:1-12,James 1:1-12,James 1:1-12,41,41,0,copticchurch_date; katameros_cycle,Saturday of the first week of Great Lent | Liturgy | Catholic Epistle,the Eucharistic gathering of the Church,,james-1,james-1,Patristic homily linkage is not present in this repo and must be joined from the site corpus when George pushes.
rid_2c22a9d009de1253cc29,James 1:1-18,James 1:1-18,James 1:1-18,22,22,0,copticchurch_date; katameros_cycle,The first Sunday of Kiak | Liturgy | Catholic Epistle,the Eucharistic gathering of the Church,,james-1,james-1,Patristic homily linkage is not present in this repo and must be joined from the site corpus when George pushes.
rid_663541d046c596982394,James 1:12-21,James 1:12-21,James 1:12-21,8,8,0,katameros_cycle,liturgy_catholic | liturgy_catholic,,,james-1,james-1,Patristic homily linkage is not present in this repo and must be joined from the site corpus when George pushes.
rid_5742abafe183467c6f05,James 1:13-21,James 1:13-21,James 1:13-21,36,36,0,copticchurch_date; katameros_cycle,Sunday of the first week of Great Lent | Liturgy | Catholic Epistle,the Eucharistic gathering of the Church,,james-1,james-1,Patristic homily linkage is not present in this repo and must be joined from the site corpus when George pushes.
rid_c1c72b89be8e8808ee92,James 1:22-27,James 1:22-27,James 1:22-27,35,35,0,copticchurch_date; katameros_cycle,Saturday of the second week of Great Lent | Liturgy | Catholic Epistle,the Eucharistic gathering of the Church,,james-1,james-1,Patristic homily linkage is not present in this repo and must be joined from the site corpus when George pushes.
rid_16f5f529551f8fa32a96,James 1:22-2:1,James 1:22-2:1,James 1:22-2:1,16,16,0,copticchurch_date,Tuesday of the sixth week of Great Lent | Liturgy | Catholic Epistle,the Eucharistic gathering of the Church,,james-1,james-1,Patristic homily linkage is not present in this repo and must be joined from the site corpus when George pushes.
rid_84db6ef2fca9e7270f03,James 2:1,James 2:1,James 2:1,1,1,0,katameros_cycle,liturgy_catholic | liturgy_catholic,,,james-2,james-2,Patristic homily linkage is not present in this repo and must be joined from the site corpus when George pushes.
rid_7ac496e1325e1ac03469,James 2:1-13,James 2:1-13,James 2:1-13,18,18,0,copticchurch_date; katameros_cycle,Sunday of the second week of Great Lent | Liturgy | Catholic Epistle,the Eucharistic gathering of the Church,,james-2,james-2,Patristic homily linkage is not present in this repo and must be joined from the site corpus when George pushes.
rid_d74621ac359a88f002f3,James 2:14-23,James 2:14-23,James 2:14-23,1,1,0,katameros_cycle,liturgy_catholic | liturgy_catholic,,,james-2,james-2,Patristic homily linkage is not present in this repo and must be joined from the site corpus when George pushes.
rid_62bbccbce9daa1b898ba,James 2:14-26,James 2:14-26,James 2:14-26,15,15,0,copticchurch_date; katameros_cycle,Saturday of the third week of Great Lent | Liturgy | Catholic Epistle,the Eucharistic gathering of the Church,,james-2,james-2,Patristic homily linkage is not present in this repo and must be joined from the site corpus when George pushes.
rid_07502e6b95df42276ac4,James 2:5-13,James 2:5-13,James 2:5-13,33,33,0,copticchurch_date; katameros_cycle,Monday of the seventh week of Great Lent | Liturgy | Catholic Epistle,the Eucharistic gathering of the Church,,james-2,james-2,Patristic homily linkage is not present in this repo and must be joined from the site corpus when George pushes.
rid_0e2b5b327b2a1fc47f66,James 3:1-12,James 3:1-12,James 3:1-12,36,36,0,copticchurch_date; katameros_cycle,Sunday of the third week of Great Lent | Liturgy | Catholic Epistle,the Eucharistic gathering of the Church,,james-3,james-3,Patristic homily linkage is not present in this repo and must be joined from the site corpus when George pushes.
rid_8a3699fd82bfa2a98685,James 3:13-18,James 3:13-18,James 3:13-18,2,2,0,katameros_cycle,Second Sunday of Babah | liturgy_catholic | liturgy_catholic || liturgy_catholic | liturgy_catholic,,,james-3,james-3,Patristic homily linkage is not present in this repo and must be joined from the site corpus when George pushes.
rid_6c402f1ab8b919ad82a0,James 3:13-4,James 3:13-4,James 3:13-4,2,2,0,katameros_cycle,liturgy_catholic | liturgy_catholic,,,james-3,james-3,Patristic homily linkage is not present in this repo and must be joined from the site corpus when George pushes.
rid_c1086514dfaad3bd09b6,James 3:13-4:4,James 3:13-4:4,James 3:13-4:4,15,15,0,copticchurch_date,Wednesday of the fourth week of Great Lent | Liturgy | Catholic Epistle,the Eucharistic gathering of the Church,,james-3,james-3,Patristic homily linkage is not present in this repo and must be joined from the site corpus when George pushes.
rid_f3010fd3d3e177a7b0d0,James 3:13-4:6,James 3:13-4:6,James 3:13-4:6,32,32,0,copticchurch_date,Saturday of the fourth week of Great Lent | Liturgy | Catholic Epistle,the Eucharistic gathering of the Church,,james-3,james-3,Patristic homily linkage is not present in this repo and must be joined from the site corpus when George pushes.
rid_d5989c1f1ac3d00f61c0,James 3:4-12,James 3:4-12,James 3:4-12,16,16,0,copticchurch_date,The third Sunday of Abib | Liturgy | Catholic Epistle,the Eucharistic gathering of the Church,,james-3,james-3,Patristic homily linkage is not present in this repo and must be joined from the site corpus when George pushes.
rid_62e498229b0219882159,James 4:1-10,James 4:1-10,James 4:1-10,17,17,0,copticchurch_date; katameros_cycle,Thursday of the third week of Great Lent | Liturgy | Catholic Epistle,the Eucharistic gathering of the Church,,james-4,james-4,Patristic homily linkage is not present in this repo and must be joined from the site corpus when George pushes.
rid_635c3219553c42e258c9,James 4:1-6,James 4:1-6,James 4:1-6,2,2,0,katameros_cycle,Second Sunday of Babah | liturgy_catholic | liturgy_catholic || liturgy_catholic | liturgy_catholic,,,james-4,james-4,Patristic homily linkage is not present in this repo and must be joined from the site corpus when George pushes.
rid_57a1cad6b6b00bb5d348,James 4:11-5,James 4:11-5,James 4:11-5,1,1,0,katameros_cycle,liturgy_catholic | liturgy_catholic,,,james-4,james-4,Patristic homily linkage is not present in this repo and must be joined from the site corpus when George pushes.
rid_d8bc909efb7127bc994b,James 4:11-5:3,James 4:11-5:3,James 4:11-5:3,15,15,0,copticchurch_date,Thursday of the fourth week of Great Lent | Liturgy | Catholic Epistle,the Eucharistic gathering of the Church,,james-4,james-4,Patristic homily linkage is not present in this repo and must be joined from the site corpus when George pushes.
rid_5c4144dbee04bf722acd,James 4:17,James 4:17,James 4:17,17,17,0,copticchurch_date; katameros_cycle,The fourth Sunday of Baba | Liturgy | Catholic Epistle,the Eucharistic gathering of the Church,,james-4,james-4,Patristic homily linkage is not present in this repo and must be joined from the site corpus when George pushes.
rid_4f6a1ee974a0515b9988,James 4:7-12,James 4:7-12,James 4:7-12,16,16,0,copticchurch_date; katameros_cycle,Monday of the sixth week of Great Lent | Liturgy | Catholic Epistle,the Eucharistic gathering of the Church,,james-4,james-4,Patristic homily linkage is not present in this repo and must be joined from the site corpus when George pushes.
rid_c9bcc6f0ddbcd0f05e69,James 4:7-17,James 4:7-17,James 4:7-17,32,32,0,copticchurch_date; katameros_cycle,Sunday of the fourth week of Great Lent | Liturgy | Catholic Epistle,the Eucharistic gathering of the Church,,james-4,james-4,Patristic homily linkage is not present in this repo and must be joined from the site corpus when George pushes.
rid_1f1781b71a1d9fc9069d,James 4:7-5:5,James 4:7-5:5,James 4:7-5:5,16,16,0,copticchurch_date,The fourth Sunday of Mesra | Liturgy | Catholic Epistle,the Eucharistic gathering of the Church,,james-4,james-4,Patristic homily linkage is not present in this repo and must be joined from the site corpus when George pushes.
rid_9eb9816e1719955d7aa6,James 5:1-11,James 5:1-11,James 5:1-11,17,17,0,copticchurch_date; katameros_cycle,The fourth Sunday of Baba | Liturgy | Catholic Epistle,the Eucharistic gathering of the Church,,james-5,james-5,Patristic homily linkage is not present in this repo and must be joined from the site corpus when George pushes.
rid_3f1b9ff6263a9a84bcdf,James 5:1-5,James 5:1-5,James 5:1-5,1,1,0,katameros_cycle,Fourth Sunday of Misra | liturgy_catholic | liturgy_catholic,,,james-5,james-5,Patristic homily linkage is not present in this repo and must be joined from the site corpus when George pushes.
rid_6edfd679a3d0d8efb085,James 5:1-8,James 5:1-8,James 5:1-8,15,15,0,copticchurch_date; katameros_cycle,The fifth Sunday of Abib | Liturgy | Catholic Epistle || The fifth Sunday of Bashons | Liturgy | Catholic Epistle || The fifth Sunday of Mesra | Liturgy | Catholic Epistle || The fifth Sunday of Paona | Liturgy | Catholic Epistle || Fifth Sunday of Abib | liturgy_catholic | liturgy_catholic || Fifth Sunday of Baramhat | liturgy_catholic | liturgy_catholic || Fifth Sunday of Baramudah | liturgy_catholic | liturgy_catholic,the Eucharistic gathering of the Church,,james-5,james-5,Patristic homily linkage is not present in this repo and must be joined from the site corpus when George pushes.
rid_73eb8e0c8851bf6f8b4d,James 5:10-20,James 5:10-20,James 5:10-20,1,1,0,special_service,unction_of_the_sick | first_prayer | first_prayer,,,james-5,james-5,Patristic homily linkage is not present in this repo and must be joined from the site corpus when George pushes.
rid_8010f3dca532250ced0d,James 5:16-20,James 5:16-20,James 5:16-20,18,18,0,copticchurch_date; katameros_cycle,Monday of the fourth week of Great Lent | Liturgy | Catholic Epistle,the Eucharistic gathering of the Church,,james-5,james-5,Patristic homily linkage is not present in this repo and must be joined from the site corpus when George pushes.
rid_44e906ca9b1306cdc954,James 5:7-11,James 5:7-11,James 5:7-11,16,16,0,copticchurch_date; katameros_cycle,Saturday of the fifth week of Great Lent | Liturgy | Catholic Epistle,the Eucharistic gathering of the Church,,james-5,james-5,Patristic homily linkage is not present in this repo and must be joined from the site corpus when George pushes.
rid_f01d9ec0374dc07698d6,James 5:7-13,James 5:7-13,James 5:7-13,1,1,0,katameros_cycle,liturgy_catholic | liturgy_catholic,,,james-5,james-5,Patristic homily linkage is not present in this repo and must be joined from the site corpus when George pushes.
rid_a4c0a7cdecc3cf8d3140,James 5:7-16,James 5:7-16,James 5:7-16,15,15,0,copticchurch_date; katameros_cycle,Friday of the seventh week of Great Lent | Liturgy | Catholic Epistle,the Eucharistic gathering of the Church,,james-5,james-5,Patristic homily linkage is not present in this repo and must be joined from the site corpus when George pushes.
rid_11ad42470318eb76afb1,James 5:9-12,James 5:9-12,James 5:9-12,1,1,0,katameros_cycle,liturgy_catholic | liturgy_catholic,,,james-5,james-5,Patristic homily linkage is not present in this repo and must be joined from the site corpus when George pushes.
rid_be33a7a551bd67248eee,James 5:9-20,James 5:9-20,James 5:9-20,33,33,0,copticchurch_date; katameros_cycle,The fourth Sunday of Paona | Liturgy | Catholic Epistle,the Eucharistic gathering of the Church,,james-5,james-5,Patristic homily linkage is not present in this repo and must be joined from the site corpus when George pushes.
rid_145d2c9c04a366b7ee0b,Jer 11:18-12:13,Jer 11:18-12:13,Jer 11:18-12:13,1,1,0,pascha_day_hour,Good Friday | Ninth Hour | OT1,the saving death of Christ and repentance,,jer-11,jer-11,Patristic homily linkage is not present in this repo and must be joined from the site corpus when George pushes.
rid_0946df3427160b8ebe38,Jer 12:1-14,Jer 12:1-14,Jer 12:1-14,1,1,0,pascha_day_hour,Good Friday | Eleventh Hour | OT1,the late call to repentance and mercy,,jer-12,jer-12,Patristic homily linkage is not present in this repo and must be joined from the site corpus when George pushes.
rid_b5805b639a39b0478c1e,Jer 13:15-22,Jer 13:15-22,Jer 13:15-22,1,1,0,bright_saturday_service_order,Bright Saturday | 3rd Hour | Prophecy,,,jer-13,jer-13,Patristic homily linkage is not present in this repo and must be joined from the site corpus when George pushes.
rid_dfc183cd3c70f6d0c11e,Jer 16:9-13,Jer 16:9-13,Jer 16:9-13,1,0,1,pascha_source_text,Wednesday Eve | Sixth Hour | Prophecy,the Cross and the Lord's willing suffering,,jer-16,jer-16,Patristic homily linkage is not present in this repo and must be joined from the site corpus when George pushes.
rid_83c98f60585bb30ff4b0,Jer 22:29-23:6,Jer 22:29-23:6,Jer 22:29-23:6,1,1,0,pascha_day_hour,Good Friday | First Hour | OT4,the beginning of the day and watchfulness,,jer-22,jer-22,Patristic homily linkage is not present in this repo and must be joined from the site corpus when George pushes.
rid_927f8866ee2b958ca552,Jer 31:31-34,Jer 31:31-34,Jer 31:31-34,1,1,0,bright_saturday_service_order,Bright Saturday | 9th Hour | Prophecy,,,jer-31,jer-31,Patristic homily linkage is not present in this repo and must be joined from the site corpus when George pushes.
rid_af6bf4bf6c1d0b812cd2,Jer 43:5-11,Jer 43:5-11,Jer 43:5-11,1,1,0,pascha_day_hour,Wednesday Eve | First Hour | OT1,the beginning of the day and watchfulness,,jer-43,jer-43,Patristic homily linkage is not present in this repo and must be joined from the site corpus when George pushes.
rid_1cb2d1b2c02e66478268,Jer 7:2-15,Jer 7:2-15,Jer 7:2-15,1,0,1,pascha_source_text,Great Thursday | Sixth Hour | Prophecy,the Cross and the Lord's willing suffering,,jer-7,jer-7,Patristic homily linkage is not present in this repo and must be joined from the site corpus when George pushes.
rid_11318755d7e7bb01e045,Jer 8:17-9:6,Jer 8:17-9:6,Jer 8:17-9:6,1,1,0,pascha_day_hour,Great Thursday Eve | First Hour | OT1,the beginning of the day and watchfulness,,jer-8,jer-8,Patristic homily linkage is not present in this repo and must be joined from the site corpus when George pushes.
rid_16337d9b7cbd88ba893e,Jer 8:4-9,Jer 8:4-9,Jer 8:4-9,1,0,1,pascha_source_text,Great Thursday Eve | Eleventh Hour | Prophecy,the late call to repentance and mercy,,jer-8,jer-8,Patristic homily linkage is not present in this repo and must be joined from the site corpus when George pushes.
rid_fcbca4c8026ae9ed4e8f,Jer 9:12-19,Jer 9:12-19,Jer 9:12-19,2,2,0,pascha_day_hour,Monday | Third Hour | OT2 || Tuesday | Third Hour | OT2,the descent of the Holy Spirit and the trial of the heart,,jer-9,jer-9,Patristic homily linkage is not present in this repo and must be joined from the site corpus when George pushes.
rid_6d48106270b82e0e3bd4,Jer 9:6-10,Jer 9:6-10,Jer 9:6-10,1,1,0,pascha_day_hour,Great Thursday Eve | Ninth Hour | OT1,the saving death of Christ and repentance,,jer-9,jer-9,Patristic homily linkage is not present in this repo and must be joined from the site corpus when George pushes.
rid_000333f2b55f4f89b928,Jer 9:7-11,Jer 9:7-11,Jer 9:7-11,1,0,1,pascha_source_text,Great Thursday Eve | Ninth Hour | Prophecy,the saving death of Christ and repentance,,jer-9,jer-9,Patristic homily linkage is not present in this repo and must be joined from the site corpus when George pushes.
rid_b642f36f2fb50973c40e,Jn 10:1-16,Jn 10:1-16,Jn 10:1-16,428,428,0,copticchurch_date; katameros_cycle,Abib 14 | Liturgy | Gospel,the Eucharistic gathering of the Church,,jn-10,jn-10,Patristic homily linkage is not present in this repo and must be joined from the site corpus when George pushes.
rid_4c8185db2dc57feb8771,Jn 10:17-21,Jn 10:17-21,Jn 10:17-21,2,1,1,pascha_day_hour; pascha_source_text,Wednesday Eve | First Hour | Psalm+Gospel || Thursday Eve | First Hour | Gospel,the beginning of the day and watchfulness,,jn-10,jn-10,Patristic homily linkage is not present in this repo and must be joined from the site corpus when George pushes.
rid_82cf0a1f33c9591fa519,Jn 10:22-38,Jn 10:22-38,Jn 10:22-38,49,49,0,copticchurch_date; katameros_cycle,Friday of the second week of Great Lent <br>(Feast of the Cross - Readings of 10th Baramhat) | Liturgy | Gospel || Mesra 12 | Liturgy | Gospel,the Eucharistic gathering of the Church,,jn-10,jn-10,Patristic homily linkage is not present in this repo and must be joined from the site corpus when George pushes.
rid_c131556038d5f2b24bfe,Jn 10:29-38,Jn 10:29-38,Jn 10:29-38,2,1,1,pascha_day_hour; pascha_source_text,Wednesday Eve | Ninth Hour | Psalm+Gospel || Thursday Eve | Ninth Hour | Gospel,the saving death of Christ and repentance,,jn-10,jn-10,Patristic homily linkage is not present in this repo and must be joined from the site corpus when George pushes.
rid_27497bd91f7797a69e4a,Jn 10:34-38,Jn 10:34-38,Jn 10:34-38,17,17,0,copticchurch_date; katameros_cycle,Friday of the fourth week of the holy fifty days | Liturgy | Gospel,the Eucharistic gathering of the Church,,jn-10,jn-10,Patristic homily linkage is not present in this repo and must be joined from the site corpus when George pushes.
rid_8f3432ee6777783eba81,Jn 11:1-45,Jn 11:1-45,Jn 11:1-45,34,34,0,copticchurch_date; katameros_cycle,Lazarus Saturday of Great Lent | Liturgy | Gospel,the Eucharistic gathering of the Church,,jn-11,jn-11,Patristic homily linkage is not present in this repo and must be joined from the site corpus when George pushes.
rid_3503dab946c9a441f29a,Jn 11:12-24,Jn 11:12-24,Jn 11:12-24,1,1,0,pascha_day_hour,Tuesday | First Hour | Psalm+Gospel,the beginning of the day and watchfulness,,jn-11,jn-11,Patristic homily linkage is not present in this repo and must be joined from the site corpus when George pushes.
rid_584cd7f7294a3f6c4b65,Jn 11:38-45,Jn 11:38-45,Jn 11:38-45,1,1,0,special_service,funeral | part_6 | part_6,,,jn-11,jn-11,Patristic homily linkage is not present in this repo and must be joined from the site corpus when George pushes.
rid_467e73392b86e856773a,Jn 11:46-57,Jn 11:46-57,Jn 11:46-57,2,2,0,coptic_reader_fixture; pascha_day_hour,Wednesday | First Hour | Psalm+Gospel || Wednesday | First Hour | gospel,the beginning of the day and watchfulness,,jn-11,jn-11,Patristic homily linkage is not present in this repo and must be joined from the site corpus when George pushes.
rid_86a14760f5eee2200c69,Jn 11:55-57,Jn 11:55-57,Jn 11:55-57,1,1,0,pascha_day_hour,Wednesday Eve | Eleventh Hour | Psalm+Gospel,the late call to repentance and mercy,,jn-11,jn-11,Patristic homily linkage is not present in this repo and must be joined from the site corpus when George pushes.
rid_1a9356fccd88919843b0,Jn 12:1-11,Jn 12:1-11,Jn 12:1-11,19,19,0,copticchurch_date; katameros_cycle; pascha_day_hour; special_service,Palm Sunday | Vespers | Gospel,evening thanksgiving and watchfulness,,jn-12,jn-12,Patristic homily linkage is not present in this repo and must be joined from the site corpus when George pushes.
rid_8c5876bf280fd5764810,Jn 12:1-8,Jn 12:1-8,Jn 12:1-8,2,2,0,coptic_reader_fixture; pascha_day_hour,Wednesday | Sixth Hour | Psalm+Gospel || Wednesday | Sixth Hour | gospel,the Cross and the Lord's willing suffering,,jn-12,jn-12,Patristic homily linkage is not present in this repo and must be joined from the site corpus when George pushes.
rid_56258ae52dbbe285370a,Jn 12:12-19,Jn 12:12-19,Jn 12:12-19,19,19,0,copticchurch_date; katameros_cycle; pascha_day_hour; special_service,Palm Sunday | Liturgy | Gospel,the Eucharistic gathering of the Church,,jn-12,jn-12,Patristic homily linkage is not present in this repo and must be joined from the site corpus when George pushes.
rid_649d128fd9069419bfb6,Jn 12:20-26,Jn 12:20-26,Jn 12:20-26,117,117,0,copticchurch_date; katameros_cycle,Abib 6 | Matins | Gospel,awakening to praise and repentance,,jn-12,jn-12,Patristic homily linkage is not present in this repo and must be joined from the site corpus when George pushes.
rid_193f8aa3590344f358a1,Jn 12:20-36,Jn 12:20-36,Jn 12:20-36,1,0,1,pascha_source_text,Monday Eve | First Hour | Gospel,the beginning of the day and watchfulness,,jn-12,jn-12,Patristic homily linkage is not present in this repo and must be joined from the site corpus when George pushes.
rid_0a5c80b43db5b72b6bb4,Jn 12:26-36,Jn 12:26-36,Jn 12:26-36,63,63,0,copticchurch_date; katameros_cycle,Friday of the second week of Great Lent <br>(Feast of the Cross - Readings of 10th Baramhat) | Matins | Gospel || Hator 8 | Matins | Gospel,awakening to praise and repentance,,jn-12,jn-12,Patristic homily linkage is not present in this repo and must be joined from the site corpus when George pushes.
rid_2743446b52a2479a34ac,Jn 12:27-36,Jn 12:27-36,Jn 12:27-36,2,2,0,coptic_reader_fixture; pascha_day_hour,Wednesday | Eleventh Hour | Psalm+Gospel || Wednesday | Eleventh Hour | gospel,the late call to repentance and mercy,,jn-12,jn-12,Patristic homily linkage is not present in this repo and must be joined from the site corpus when George pushes.
rid_909164138b6e22935114,Jn 12:35-50,Jn 12:35-50,Jn 12:35-50,17,17,0,copticchurch_date; katameros_cycle,Sunday of the fourth week of the holy fifty days | Liturgy | Gospel,the Eucharistic gathering of the Church,,jn-12,jn-12,Patristic homily linkage is not present in this repo and must be joined from the site corpus when George pushes.
rid_5c9302e6d595d190dd11,Jn 12:36-43,Jn 12:36-43,Jn 12:36-43,18,17,1,copticchurch_date; katameros_cycle; pascha_day_hour; pascha_source_text,Tuesday of the seventh week of Great Lent | Liturgy | Gospel,the Cross and the Lord's willing suffering; the Eucharistic gathering of the Church,,jn-12,jn-12,Patristic homily linkage is not present in this repo and must be joined from the site corpus when George pushes.
rid_37be1abebccf34df8ceb,Jn 12:44-48,Jn 12:44-48,Jn 12:44-48,17,17,0,copticchurch_date; katameros_cycle,Tuesday of the fifth week of the holy fifty days | Liturgy | Gospel,the Eucharistic gathering of the Church,,jn-12,jn-12,Patristic homily linkage is not present in this repo and must be joined from the site corpus when George pushes.
rid_5e19e735d67290e758ed,Jn 12:44-50,Jn 12:44-50,Jn 12:44-50,25,24,1,copticchurch_date; katameros_cycle; pascha_source_text,The third Sunday of Amshir | Matins | Gospel || Thursday of the third week of Great Lent | Liturgy | Gospel,awakening to praise and repentance; the Eucharistic gathering of the Church; the late call to repentance and mercy,,jn-12,jn-12,Patristic homily linkage is not present in this repo and must be joined from the site corpus when George pushes.
rid_0835e229a159266e1b48,Jn 13:1-17,Jn 13:1-17,Jn 13:1-17,1,0,1,pascha_source_text,Great Thursday | Liturgy of Blessing of the Water | Gospel,,,jn-13,jn-13,Patristic homily linkage is not present in this repo and must be joined from the site corpus when George pushes.
rid_17528af9e1b0b3d322c1,Jn 13:16-20,Jn 13:16-20,Jn 13:16-20,17,17,0,copticchurch_date; katameros_cycle,Wednesday of the fifth week of the holy fifty days | Liturgy | Gospel,the Eucharistic gathering of the Church,,jn-13,jn-13,Patristic homily linkage is not present in this repo and must be joined from the site corpus when George pushes.
rid_6275cd3bdf99db46179c,Jn 13:21-30,Jn 13:21-30,Jn 13:21-30,1,1,0,pascha_day_hour,Great Thursday | Eleventh Hour | Psalm+Gospel,the late call to repentance and mercy,,jn-13,jn-13,Patristic homily linkage is not present in this repo and must be joined from the site corpus when George pushes.
rid_773de5842dcd7f21c1c7,Jn 13:33-14:25,Jn 13:33-14:25,Jn 13:33-14:25,2,1,1,pascha_day_hour; pascha_source_text,Great Thursday Eve | First Hour | Psalm+Gospel || Good Friday Eve | First Hour | Gospel,the beginning of the day and watchfulness,,jn-13,jn-13,Patristic homily linkage is not present in this repo and must be joined from the site corpus when George pushes.
rid_69fddcbfdd24c324d429,Jn 14:1-11,Jn 14:1-11,Jn 14:1-11,34,34,0,copticchurch_date; katameros_cycle,Saturday of the fifth week of the holy fifty days | Liturgy | Gospel,the Eucharistic gathering of the Church,,jn-14,jn-14,Patristic homily linkage is not present in this repo and must be joined from the site corpus when George pushes.
rid_990f45a2305d61a5cf94,Jn 14:1-19,Jn 14:1-19,Jn 14:1-19,1,1,0,special_service,unction_of_the_sick | fifth_prayer | fifth_prayer,,,jn-14,jn-14,Patristic homily linkage is not present in this repo and must be joined from the site corpus when George pushes.
rid_55af718920778d746efb,Jn 14:21-25,Jn 14:21-25,Jn 14:21-25,17,17,0,copticchurch_date; katameros_cycle,Sunday of the fifth week of the holy fifty days | Vespers | Gospel,evening thanksgiving and watchfulness,,jn-14,jn-14,Patristic homily linkage is not present in this repo and must be joined from the site corpus when George pushes.
rid_87fe4b9917580f99ceba,Jn 14:26-15,Jn 14:26-15,Jn 14:26-15,1,1,0,katameros_cycle,The Great Feast Of The Pentecost | matins_gospel | matins_gospel,,,jn-14,jn-14,Patristic homily linkage is not present in this repo and must be joined from the site corpus when George pushes.
rid_e69055fe05d746b7a23e,Jn 14:26-15:25,Jn 14:26-15:25,Jn 14:26-15:25,2,1,1,pascha_day_hour; pascha_source_text,Great Thursday Eve | First Hour | Psalm+Gospel || Good Friday Eve | First Hour | Gospel,the beginning of the day and watchfulness,,jn-14,jn-14,Patristic homily linkage is not present in this repo and must be joined from the site corpus when George pushes.
rid_dd8688ce421e806bf530,Jn 14:26-15:4,Jn 14:26-15:4,Jn 14:26-15:4,17,17,0,agpeya; copticchurch_date,Third Hour (Terce) | Third Hour (Terce) | gospel || Pentecost | Matins | Gospel,awakening to praise and repentance,,jn-14,jn-14,Patristic homily linkage is not present in this repo and must be joined from the site corpus when George pushes.
rid_d5f8ae7c8145be0b562b,Jn 14:26-31,Jn 14:26-31,Jn 14:26-31,17,17,0,copticchurch_date; katameros_cycle,Friday of the sixth week of the holy fifty days | Liturgy | Gospel,the Eucharistic gathering of the Church,,jn-14,jn-14,Patristic homily linkage is not present in this repo and must be joined from the site corpus when George pushes.
rid_a07a7d835fb43d67a1d5,Jn 14:8-14,Jn 14:8-14,Jn 14:8-14,17,17,0,copticchurch_date; katameros_cycle,Sunday of the sixth week of the holy fifty days | Matins | Gospel,awakening to praise and repentance,,jn-14,jn-14,Patristic homily linkage is not present in this repo and must be joined from the site corpus when George pushes.
rid_9659d68fa31711ab2938,Jn 15:1-8,Jn 15:1-8,Jn 15:1-8,17,17,0,copticchurch_date; katameros_cycle,Monday of the seventh week of the holy fifty days | Liturgy | Gospel,the Eucharistic gathering of the Church,,jn-15,jn-15,Patristic homily linkage is not present in this repo and must be joined from the site corpus when George pushes.
rid_2a5643a98e93ee771727,Jn 15:12-16,Jn 15:12-16,Jn 15:12-16,17,17,0,copticchurch_date; katameros_cycle,Wednesday of the seventh week of the holy fifty days | Liturgy | Gospel,the Eucharistic gathering of the Church,,jn-15,jn-15,Patristic homily linkage is not present in this repo and must be joined from the site corpus when George pushes.
rid_171c78749412def8afc9,Jn 15:17-25,Jn 15:17-25,Jn 15:17-25,247,247,0,copticchurch_date; katameros_cycle,Abib 14 | Matins | Gospel,awakening to praise and repentance; the Eucharistic gathering of the Church,,jn-15,jn-15,Patristic homily linkage is not present in this repo and must be joined from the site corpus when George pushes.
rid_ebdff2541ac9a5a9cabe,Jn 15:26-16,Jn 15:26-16,Jn 15:26-16,1,1,0,katameros_cycle,The Great Feast Of The Pentecost | liturgy_gospel | liturgy_gospel,,,jn-15,jn-15,Patristic homily linkage is not present in this repo and must be joined from the site corpus when George pushes.
rid_21f072c45ce732cc4da3,Jn 15:26-16:15,Jn 15:26-16:15,Jn 15:26-16:15,16,16,0,copticchurch_date,Pentecost | Liturgy | Gospel,the Eucharistic gathering of the Church,,jn-15,jn-15,Patristic homily linkage is not present in this repo and must be joined from the site corpus when George pushes.
rid_d2ef1aec8036b3eecd7d,Jn 15:26-16:33,Jn 15:26-16:33,Jn 15:26-16:33,2,1,1,pascha_day_hour; pascha_source_text,Great Thursday Eve | First Hour | Psalm+Gospel || Good Friday Eve | First Hour | Gospel,the beginning of the day and watchfulness,,jn-15,jn-15,Patristic homily linkage is not present in this repo and must be joined from the site corpus when George pushes.
rid_bac5e064545b40325db2,Jn 15:4-8,Jn 15:4-8,Jn 15:4-8,17,17,0,copticchurch_date; katameros_cycle,Sunday of the fifth week of the holy fifty days | Matins | Gospel,awakening to praise and repentance,,jn-15,jn-15,Patristic homily linkage is not present in this repo and must be joined from the site corpus when George pushes.
rid_5f3b71efce249c4e3902,Jn 15:7-16,Jn 15:7-16,Jn 15:7-16,65,65,0,copticchurch_date; katameros_cycle,Abib 16 | Vespers | Gospel,evening thanksgiving and watchfulness,,jn-15,jn-15,Patristic homily linkage is not present in this repo and must be joined from the site corpus when George pushes.
rid_e4d90f91c3017b5f7b75,Jn 15:9-15,Jn 15:9-15,Jn 15:9-15,17,17,0,copticchurch_date; katameros_cycle,Tuesday of the seventh week of the holy fifty days | Liturgy | Gospel,the Eucharistic gathering of the Church,,jn-15,jn-15,Patristic homily linkage is not present in this repo and must be joined from the site corpus when George pushes.
rid_ad1d07afea620dc5f158,Jn 16:15-23,Jn 16:15-23,Jn 16:15-23,34,34,0,copticchurch_date; katameros_cycle,Monday of the sixth week of the holy fifty days | Liturgy | Gospel,the Eucharistic gathering of the Church,,jn-16,jn-16,Patristic homily linkage is not present in this repo and must be joined from the site corpus when George pushes.
rid_02267835ab1d5a550304,Jn 16:20-23,Jn 16:20-23,Jn 16:20-23,1,1,0,special_service,funeral | part_3 | part_3,,,jn-16,jn-16,Patristic homily linkage is not present in this repo and must be joined from the site corpus when George pushes.
rid_ec4517317bd7a90ef923,Jn 16:20-33,Jn 16:20-33,Jn 16:20-33,276,276,0,copticchurch_date; katameros_cycle,Abib 10 | Liturgy | Gospel,the Eucharistic gathering of the Church,,jn-16,jn-16,Patristic homily linkage is not present in this repo and must be joined from the site corpus when George pushes.
rid_191a9354e4a9df3ef89b,Jn 16:23-33,Jn 16:23-33,Jn 16:23-33,34,34,0,copticchurch_date; katameros_cycle,Sunday of the sixth week of the holy fifty days | Liturgy | Gospel,the Eucharistic gathering of the Church,,jn-16,jn-16,Patristic homily linkage is not present in this repo and must be joined from the site corpus when George pushes.
rid_8b76f1590adfedfd0868,Jn 17:1-13,Jn 17:1-13,Jn 17:1-13,17,17,0,copticchurch_date; katameros_cycle,Saturday of the seventh week of the holy fifty days | Matins | Gospel,awakening to praise and repentance,,jn-17,jn-17,Patristic homily linkage is not present in this repo and must be joined from the site corpus when George pushes.
rid_bab24240810a4c3ee83b,Jn 17:1-26,Jn 17:1-26,Jn 17:1-26,3,2,1,pascha_day_hour; pascha_source_text; special_service,Great Thursday Eve | First Hour | Psalm+Gospel || Good Friday Eve | First Hour | Gospel || pentecost_prostration | main_readings | main_readings,the beginning of the day and watchfulness,,jn-17,jn-17,Patristic homily linkage is not present in this repo and must be joined from the site corpus when George pushes.
rid_0d47201196df41908f58,Jn 17:1-8,Jn 17:1-8,Jn 17:1-8,1,1,0,katameros_cycle,liturgy_gospel | liturgy_gospel,,,jn-17,jn-17,Patristic homily linkage is not present in this repo and must be joined from the site corpus when George pushes.
rid_e7f7e8a78704b3790ffa,Jn 17:1-9,Jn 17:1-9,Jn 17:1-9,16,16,0,copticchurch_date,Wednesday of the sixth week of the holy fifty days | Liturgy | Gospel,the Eucharistic gathering of the Church,,jn-17,jn-17,Patristic homily linkage is not present in this repo and must be joined from the site corpus when George pushes.
rid_efae89ca8b6f01c4c7a0,Jn 17:14-26,Jn 17:14-26,Jn 17:14-26,17,17,0,copticchurch_date; katameros_cycle,Saturday of the seventh week of the holy fifty days | Liturgy | Gospel,the Eucharistic gathering of the Church,,jn-17,jn-17,Patristic homily linkage is not present in this repo and must be joined from the site corpus when George pushes.
rid_64476e601e8aa1bb0561,Jn 17:18-21,Jn 17:18-21,Jn 17:18-21,17,17,0,copticchurch_date; katameros_cycle,Thursday of the fifth week of the holy fifty days | Liturgy | Gospel,the Eucharistic gathering of the Church,,jn-17,jn-17,Patristic homily linkage is not present in this repo and must be joined from the site corpus when George pushes.
rid_61808e4029b722cd0afb,Jn 17:22-26,Jn 17:22-26,Jn 17:22-26,17,17,0,copticchurch_date; katameros_cycle,Friday of the fifth week of the holy fifty days | Liturgy | Gospel,the Eucharistic gathering of the Church,,jn-17,jn-17,Patristic homily linkage is not present in this repo and must be joined from the site corpus when George pushes.
rid_a2b7251a4e33d427e7d7,"Jn 18:1,18:2","Jn 18:1,18:2","Jn 18:1,18:2",1,1,0,pascha_day_hour,Great Thursday Eve | Third Hour | Psalm+Gospel,the descent of the Holy Spirit and the trial of the heart,,jn-18,jn-18,Patristic homily linkage is not present in this repo and must be joined from the site corpus when George pushes.
rid_7bbf527f8f5e9506d796,Jn 18:1-2,Jn 18:1-2,Jn 18:1-2,1,0,1,pascha_source_text,Good Friday Eve | Third Hour | Gospel,the descent of the Holy Spirit and the trial of the heart,,jn-18,jn-18,Patristic homily linkage is not present in this repo and must be joined from the site corpus when George pushes.
rid_e6215706f1c6ecf05620,Jn 18:10-14,Jn 18:10-14,Jn 18:10-14,2,1,1,pascha_day_hour; pascha_source_text,Great Thursday Eve | Ninth Hour | Psalm+Gospel || Good Friday Eve | Ninth Hour | Gospel,the saving death of Christ and repentance,,jn-18,jn-18,Patristic homily linkage is not present in this repo and must be joined from the site corpus when George pushes.
rid_36c4d61e50be4ea3e396,Jn 18:15-27,Jn 18:15-27,Jn 18:15-27,2,1,1,pascha_day_hour; pascha_source_text,Great Thursday Eve | Eleventh Hour | Psalm+Gospel || Good Friday Eve | Eleventh Hour | Gospel,the late call to repentance and mercy,,jn-18,jn-18,Patristic homily linkage is not present in this repo and must be joined from the site corpus when George pushes.
rid_0e4e43f572c6fd382090,Jn 18:28-40,Jn 18:28-40,Jn 18:28-40,1,1,0,pascha_day_hour,Good Friday | First Hour | Psalm+Gospel,the beginning of the day and watchfulness,,jn-18,jn-18,Patristic homily linkage is not present in this repo and must be joined from the site corpus when George pushes.
rid_5cdda0225a73ab9902d6,Jn 18:3-9,Jn 18:3-9,Jn 18:3-9,2,1,1,pascha_day_hour; pascha_source_text,Great Thursday Eve | Sixth Hour | Psalm+Gospel || Good Friday Eve | Sixth Hour | Gospel,the Cross and the Lord's willing suffering,,jn-18,jn-18,Patristic homily linkage is not present in this repo and must be joined from the site corpus when George pushes.
rid_d29544c970904a8ee5f2,Jn 19:1-12,Jn 19:1-12,Jn 19:1-12,2,2,0,pascha_day_hour,Good Friday | Sixth Hour | Psalm+Gospel || Good Friday | Third Hour | Psalm+Gospel,the Cross and the Lord's willing suffering; the descent of the Holy Spirit and the trial of the heart,,jn-19,jn-19,Patristic homily linkage is not present in this repo and must be joined from the site corpus when George pushes.
rid_2afa3534e5c24e29a17a,Jn 19:13-27,Jn 19:13-27,Jn 19:13-27,1,0,1,pascha_source_text,Good Friday | Sixth Hour | Gospel,the Cross and the Lord's willing suffering,,jn-19,jn-19,Patristic homily linkage is not present in this repo and must be joined from the site corpus when George pushes.
rid_33b101d296d4091859e9,Jn 19:28-30,Jn 19:28-30,Jn 19:28-30,1,1,0,pascha_day_hour,Good Friday | Ninth Hour | Psalm+Gospel,the saving death of Christ and repentance,,jn-19,jn-19,Patristic homily linkage is not present in this repo and must be joined from the site corpus when George pushes.
rid_5e749b252589833af6cb,Jn 19:31-37,Jn 19:31-37,Jn 19:31-37,1,1,0,pascha_day_hour,Good Friday | Eleventh Hour | Psalm+Gospel,the late call to repentance and mercy,,jn-19,jn-19,Patristic homily linkage is not present in this repo and must be joined from the site corpus when George pushes.
rid_012e29237f7019faa707,Jn 19:38-42,Jn 19:38-42,Jn 19:38-42,2,2,0,pascha_day_hour; special_service,Good Friday | Twelfth Hour | Psalm+Gospel || myron_consecration | liturgy | liturgy,"burial, waiting, and hope",,jn-19,jn-19,Patristic homily linkage is not present in this repo and must be joined from the site corpus when George pushes.
rid_15ef774cdeb7e8f9f4b7,Jn 1:1-13,Jn 1:1-13,Jn 1:1-13,14,14,0,copticchurch_date; katameros_cycle,Kiak 30 | Liturgy | Gospel,the Eucharistic gathering of the Church,,jn-1,jn-1,Patristic homily linkage is not present in this repo and must be joined from the site corpus when George pushes.
rid_ab056b3f3f04f22996b0,Jn 1:1-17,Jn 1:1-17,Jn 1:1-17,82,82,0,agpeya; copticchurch_date; katameros_cycle,First Hour (Prime / Morning Prayer) | First Hour (Prime / Morning Prayer) | gospel || Abib 16 | Matins | Gospel,awakening to praise and repentance; the Eucharistic gathering of the Church,,jn-1,jn-1,Patristic homily linkage is not present in this repo and must be joined from the site corpus when George pushes.
rid_dacf45caa8db51368840,Jn 1:14-17,Jn 1:14-17,Jn 1:14-17,21,21,0,copticchurch_date; katameros_cycle,Christmas | Matins | Gospel,awakening to praise and repentance,,jn-1,jn-1,Patristic homily linkage is not present in this repo and must be joined from the site corpus when George pushes.
rid_e2143e4d5a0ab23e8727,Jn 1:18-34,Jn 1:18-34,Jn 1:18-34,17,17,0,copticchurch_date; katameros_cycle,The Feast of Epiphany | Liturgy | Gospel,the Eucharistic gathering of the Church,,jn-1,jn-1,Patristic homily linkage is not present in this repo and must be joined from the site corpus when George pushes.
rid_8446f7673230c029b21f,Jn 1:18-42,Jn 1:18-42,Jn 1:18-42,1,1,0,special_service,myron_consecration | matins | matins,,,jn-1,jn-1,Patristic homily linkage is not present in this repo and must be joined from the site corpus when George pushes.
rid_aaf28ad437b310b597f2,Jn 1:35-51,Jn 1:35-51,Jn 1:35-51,17,17,0,copticchurch_date; katameros_cycle,The Second Day of Feast of Epiphany | Liturgy | Gospel,the Eucharistic gathering of the Church,,jn-1,jn-1,Patristic homily linkage is not present in this repo and must be joined from the site corpus when George pushes.
rid_3fdf8667f8239980ee84,Jn 1:43-51,Jn 1:43-51,Jn 1:43-51,31,31,0,copticchurch_date; katameros_cycle; special_service,Baba 14 | Matins | Gospel,awakening to praise and repentance; the Eucharistic gathering of the Church,,jn-1,jn-1,Patristic homily linkage is not present in this repo and must be joined from the site corpus when George pushes.
rid_3c4aa7f777dd35c3304b,Jn 1:9-14,Jn 1:9-14,Jn 1:9-14,16,16,0,copticchurch_date,Wednesday of the first week of the holy fifty days | Matins | Gospel,awakening to praise and repentance,,jn-1,jn-1,Patristic homily linkage is not present in this repo and must be joined from the site corpus when George pushes.
rid_84a8756517ae6de8bcee,Jn 1:9-15,Jn 1:9-15,Jn 1:9-15,1,1,0,katameros_cycle,matins_gospel | matins_gospel,,,jn-1,jn-1,Patristic homily linkage is not present in this repo and must be joined from the site corpus when George pushes.
rid_1eb4d683a7288f14ac38,Jn 20:1-18,Jn 20:1-18,Jn 20:1-18,106,106,0,copticchurch_date; katameros_cycle; special_service,The Feast of Resurrection | Liturgy | Gospel,awakening to praise and repentance; the Eucharistic gathering of the Church,,jn-20,jn-20,Patristic homily linkage is not present in this repo and must be joined from the site corpus when George pushes.
rid_fb6bced8be0d2c727f6a,Jn 20:19-23,Jn 20:19-23,Jn 20:19-23,34,34,0,copticchurch_date; katameros_cycle,Monday of the first week of the holy fifty days | Vespers | Gospel,awakening to praise and repentance; evening thanksgiving and watchfulness,,jn-20,jn-20,Patristic homily linkage is not present in this repo and must be joined from the site corpus when George pushes.
rid_9259dfa1f82b8a7446e1,Jn 20:19-31,Jn 20:19-31,Jn 20:19-31,17,17,0,copticchurch_date; katameros_cycle,Thomas Sunday | Liturgy | Gospel,the Eucharistic gathering of the Church,,jn-20,jn-20,Patristic homily linkage is not present in this repo and must be joined from the site corpus when George pushes.
rid_824cb2b301393981f029,Jn 20:24-31,Jn 20:24-31,Jn 20:24-31,4,4,0,copticchurch_date; katameros_cycle,Bashons 26 | Liturgy | Gospel || liturgy_gospel | liturgy_gospel,the Eucharistic gathering of the Church,,jn-20,jn-20,Patristic homily linkage is not present in this repo and must be joined from the site corpus when George pushes.
rid_c970f03e5876173b64dc,Jn 21:1-14,Jn 21:1-14,Jn 21:1-14,17,17,0,copticchurch_date; katameros_cycle,Thomas Sunday | Matins | Gospel,awakening to praise and repentance,,jn-21,jn-21,Patristic homily linkage is not present in this repo and must be joined from the site corpus when George pushes.
rid_597c62224c90cc3de744,Jn 21:15-25,Jn 21:15-25,Jn 21:15-25,66,66,0,copticchurch_date; katameros_cycle,Abib 16 | Liturgy | Gospel,the Eucharistic gathering of the Church,,jn-21,jn-21,Patristic homily linkage is not present in this repo and must be joined from the site corpus when George pushes.
rid_39958ad229757fe28c41,Jn 21:34-38,Jn 21:34-38,Jn 21:34-38,2,2,0,pascha_day_hour,Monday Eve | Sixth Hour | Psalm+Gospel || Tuesday Eve | Sixth Hour | Psalm+Gospel,the Cross and the Lord's willing suffering,,jn-21,jn-21,Patristic homily linkage is not present in this repo and must be joined from the site corpus when George pushes.
rid_2cf8b8c7ff761958523e,Jn 2:1-11,Jn 2:1-11,Jn 2:1-11,35,35,0,copticchurch_date; katameros_cycle,Baba 6 | Liturgy | Gospel,the Eucharistic gathering of the Church,,jn-2,jn-2,Patristic homily linkage is not present in this repo and must be joined from the site corpus when George pushes.
rid_4fb31b7bd0cfe0b60bf3,Jn 2:12-25,Jn 2:12-25,Jn 2:12-25,33,33,0,copticchurch_date; katameros_cycle,Jonah's Feast | Liturgy | Gospel,the Eucharistic gathering of the Church,,jn-2,jn-2,Patristic homily linkage is not present in this repo and must be joined from the site corpus when George pushes.
rid_09c47202658ca3a2f9c2,Jn 2:13-17,Jn 2:13-17,Jn 2:13-17,1,1,0,pascha_day_hour,Monday | Sixth Hour | Psalm+Gospel,the Cross and the Lord's willing suffering,,jn-2,jn-2,Patristic homily linkage is not present in this repo and must be joined from the site corpus when George pushes.
rid_a78c62353ebad422fd72,Jn 2:7-11,Jn 2:7-11,Jn 2:7-11,28,28,0,copticchurch_date,Tout 21 | Liturgy | Catholic Epistle,the Eucharistic gathering of the Church,,jn-2,jn-2,Patristic homily linkage is not present in this repo and must be joined from the site corpus when George pushes.
rid_a1dcba6882f9055567ed,Jn 3:1-13,Jn 3:1-13,Jn 3:1-13,17,17,0,copticchurch_date; katameros_cycle,Friday of the sixth week of Great Lent | Liturgy | Gospel,the Eucharistic gathering of the Church,,jn-3,jn-3,Patristic homily linkage is not present in this repo and must be joined from the site corpus when George pushes.
rid_0573a5b25c908dc753df,Jn 3:1-21,Jn 3:1-21,Jn 3:1-21,35,35,0,copticchurch_date; katameros_cycle; special_service,Baba 14 | Liturgy | Gospel,awakening to praise and repentance; the Eucharistic gathering of the Church,,jn-3,jn-3,Patristic homily linkage is not present in this repo and must be joined from the site corpus when George pushes.
rid_84c2fe51c67bcb04bbce,Jn 3:14-21,Jn 3:14-21,Jn 3:14-21,34,34,0,copticchurch_date; katameros_cycle,Friday of the sixth week of Great Lent | Matins | Gospel,awakening to praise and repentance,,jn-3,jn-3,Patristic homily linkage is not present in this repo and must be joined from the site corpus when George pushes.
rid_08812c5037478ed4eacc,Jn 3:17-21,Jn 3:17-21,Jn 3:17-21,28,28,0,copticchurch_date; katameros_cycle,The fifth Sunday of Baba | Matins | Gospel || The fifth Sunday of Kiak | Matins | Gospel || The fifth Sunday of Toba | Matins | Gospel || The fifth Sunday of Tout | Matins | Gospel || The second Sunday of Amshir | Matins | Gospel,awakening to praise and repentance,,jn-3,jn-3,Patristic homily linkage is not present in this repo and must be joined from the site corpus when George pushes.
rid_cc6e1eb86deec417a437,Jn 3:22-29,Jn 3:22-29,Jn 3:22-29,21,21,0,copticchurch_date; katameros_cycle,Epiphany Paramoune | Matins | Gospel,awakening to praise and repentance,,jn-3,jn-3,Patristic homily linkage is not present in this repo and must be joined from the site corpus when George pushes.
rid_64b1f647bc45c061e54a,Jn 3:22-36,Jn 3:22-36,Jn 3:22-36,18,18,0,copticchurch_date; katameros_cycle; special_service,The third Sunday of Toba | Liturgy | Gospel,the Eucharistic gathering of the Church,,jn-3,jn-3,Patristic homily linkage is not present in this repo and must be joined from the site corpus when George pushes.
rid_042c783352139d005521,Jn 3:25-30,Jn 3:25-30,Jn 3:25-30,17,17,0,copticchurch_date; katameros_cycle,Monday of the fifth week of the holy fifty days | Liturgy | Gospel,the Eucharistic gathering of the Church,,jn-3,jn-3,Patristic homily linkage is not present in this repo and must be joined from the site corpus when George pushes.
rid_6667c08491de7cb2702c,Jn 3:25-36,Jn 3:25-36,Jn 3:25-36,9,9,0,copticchurch_date; katameros_cycle,Paona 2 | Matins | Gospel || matins_gospel | matins_gospel,awakening to praise and repentance,,jn-3,jn-3,Patristic homily linkage is not present in this repo and must be joined from the site corpus when George pushes.
rid_da4630814304ea627fb5,Jn 3:31-36,Jn 3:31-36,Jn 3:31-36,34,34,0,copticchurch_date; katameros_cycle,Monday of the second week of the holy fifty days | Liturgy | Gospel,evening thanksgiving and watchfulness; the Eucharistic gathering of the Church,,jn-3,jn-3,Patristic homily linkage is not present in this repo and must be joined from the site corpus when George pushes.
rid_6a2dc243550aa22d93f9,Jn 4:1-2,Jn 4:1-2,Jn 4:1-2,1,1,0,special_service,myron_consecration | matins | matins,,,jn-4,jn-4,Patristic homily linkage is not present in this repo and must be joined from the site corpus when George pushes.
rid_5f2bb81ffde91e42959e,Jn 4:1-24,Jn 4:1-24,Jn 4:1-24,1,1,0,special_service,pentecost_prostration | main_readings | main_readings,,,jn-4,jn-4,Patristic homily linkage is not present in this repo and must be joined from the site corpus when George pushes.
rid_6dc03d67e811298b0c5d,Jn 4:1-42,Jn 4:1-42,Jn 4:1-42,31,31,0,copticchurch_date; katameros_cycle,Sunday of the fourth week of Great Lent | Liturgy | Gospel,the Eucharistic gathering of the Church,,jn-4,jn-4,Patristic homily linkage is not present in this repo and must be joined from the site corpus when George pushes.
rid_52f89b3fbe6ee628d848,Jn 4:15-21,Jn 4:15-21,Jn 4:15-21,1,1,0,katameros_cycle,Third Sunday of Bashans | liturgy_catholic | liturgy_catholic,,,jn-4,jn-4,Patristic homily linkage is not present in this repo and must be joined from the site corpus when George pushes.
rid_e1353a99466dc0cf99e7,Jn 4:15-24,Jn 4:15-24,Jn 4:15-24,249,249,0,copticchurch_date; katameros_cycle,Abib 1 | Matins | Gospel,awakening to praise and repentance,,jn-4,jn-4,Patristic homily linkage is not present in this repo and must be joined from the site corpus when George pushes.
rid_221e16dcd1b55c895bcb,Jn 4:19-24,Jn 4:19-24,Jn 4:19-24,17,17,0,copticchurch_date; katameros_cycle,"Sunday, Tout 18 (Feast of the Cross) | Vespers | Gospel || Tout 18 (Feast of the Cross) | Vespers | Gospel",evening thanksgiving and watchfulness,,jn-4,jn-4,Patristic homily linkage is not present in this repo and must be joined from the site corpus when George pushes.
rid_4dddf743ccc6d13577bb,Jn 4:43-54,Jn 4:43-54,Jn 4:43-54,30,30,0,copticchurch_date; katameros_cycle,Baba 6 | Matins | Gospel,awakening to praise and repentance,,jn-4,jn-4,Patristic homily linkage is not present in this repo and must be joined from the site corpus when George pushes.
rid_f1a43e5c136b5b22efc2,Jn 4:46-53,Jn 4:46-53,Jn 4:46-53,28,28,0,copticchurch_date; katameros_cycle,The fifth Sunday of Baba | Vespers | Gospel || The fifth Sunday of Kiak | Vespers | Gospel || The fifth Sunday of Toba | Vespers | Gospel || The fifth Sunday of Tout | Vespers | Gospel || The second Sunday of Amshir | Vespers | Gospel,evening thanksgiving and watchfulness,,jn-4,jn-4,Patristic homily linkage is not present in this repo and must be joined from the site corpus when George pushes.
rid_0f95afa4d835909b9cf1,Jn 5:1-17,Jn 5:1-17,Jn 5:1-17,1,1,0,special_service,unction_of_the_sick | first_prayer | first_prayer,,,jn-5,jn-5,Patristic homily linkage is not present in this repo and must be joined from the site corpus when George pushes.
rid_dac405d1cd8f883f703a,Jn 5:1-18,Jn 5:1-18,Jn 5:1-18,32,32,0,copticchurch_date; katameros_cycle,Sunday of the fifth week of Great Lent | Liturgy | Gospel,evening thanksgiving and watchfulness; the Eucharistic gathering of the Church,,jn-5,jn-5,Patristic homily linkage is not present in this repo and must be joined from the site corpus when George pushes.
rid_d728f6ff133e6fbe1393,Jn 5:19-29,Jn 5:19-29,Jn 5:19-29,2,2,0,special_service,funeral | part_1 | part_1 || general_funeral | main_readings | main_readings,,,jn-5,jn-5,Patristic homily linkage is not present in this repo and must be joined from the site corpus when George pushes.
rid_de26b8575994a6fd759d,Jn 5:21-30,Jn 5:21-30,Jn 5:21-30,1,1,0,bright_saturday_service_order,Bright Saturday | 9th Hour | Psalm + Gospel,,,jn-5,jn-5,Patristic homily linkage is not present in this repo and must be joined from the site corpus when George pushes.
rid_198ac0ac9329ba39ceeb,Jn 5:22-24,Jn 5:22-24,Jn 5:22-24,17,17,0,copticchurch_date; katameros_cycle,Tuesday of the second week of the holy fifty days | Liturgy | Gospel,the Eucharistic gathering of the Church,,jn-5,jn-5,Patristic homily linkage is not present in this repo and must be joined from the site corpus when George pushes.
rid_e9411708706b1f0f233b,Jn 5:31-37,Jn 5:31-37,Jn 5:31-37,17,17,0,copticchurch_date; katameros_cycle,Wednesday of the second week of the holy fifty days | Liturgy | Gospel,the Eucharistic gathering of the Church,,jn-5,jn-5,Patristic homily linkage is not present in this repo and must be joined from the site corpus when George pushes.
rid_bb5d0d9b8a3042c21cfd,Jn 5:31-46,Jn 5:31-46,Jn 5:31-46,17,17,0,copticchurch_date; katameros_cycle,The fourth Sunday of Toba | Vespers | Gospel,evening thanksgiving and watchfulness,,jn-5,jn-5,Patristic homily linkage is not present in this repo and must be joined from the site corpus when George pushes.
rid_9c235eb09a702a4ba812,Jn 5:31-47,Jn 5:31-47,Jn 5:31-47,16,16,0,copticchurch_date; katameros_cycle,Monday of the seventh week of Great Lent | Liturgy | Gospel,the Eucharistic gathering of the Church,,jn-5,jn-5,Patristic homily linkage is not present in this repo and must be joined from the site corpus when George pushes.
rid_1f222b06d70c05ebc7a4,Jn 5:37-47,Jn 5:37-47,Jn 5:37-47,17,17,0,copticchurch_date; katameros_cycle,Saturday of the second week of the holy fifty days | Matins | Gospel,awakening to praise and repentance,,jn-5,jn-5,Patristic homily linkage is not present in this repo and must be joined from the site corpus when George pushes.
rid_c53fb31213b5ac038fb7,Jn 5:39-47,Jn 5:39-47,Jn 5:39-47,24,24,0,copticchurch_date; katameros_cycle,The third Sunday of Amshir | Vespers | Gospel || Thursday of the second week of the holy fifty days | Liturgy | Gospel,evening thanksgiving and watchfulness; the Eucharistic gathering of the Church,,jn-5,jn-5,Patristic homily linkage is not present in this repo and must be joined from the site corpus when George pushes.
rid_73c5ecceaab9ad265b29,Jn 6:1-14,Jn 6:1-14,Jn 6:1-14,17,17,0,copticchurch_date; katameros_cycle,Saturday of the second week of the holy fifty days | Liturgy | Gospel,the Eucharistic gathering of the Church,,jn-6,jn-6,Patristic homily linkage is not present in this repo and must be joined from the site corpus when George pushes.
rid_f54f4e6f0b461bbf951e,Jn 6:15-21,Jn 6:15-21,Jn 6:15-21,15,15,0,copticchurch_date; katameros_cycle,The first Sunday of Amshir | Vespers | Gospel,evening thanksgiving and watchfulness,,jn-6,jn-6,Patristic homily linkage is not present in this repo and must be joined from the site corpus when George pushes.
rid_bc949a592e67e06fe07d,Jn 6:15-22,Jn 6:15-22,Jn 6:15-22,17,17,0,copticchurch_date; katameros_cycle,Tuesday of the first week of the holy fifty days | Vespers | Gospel,evening thanksgiving and watchfulness,,jn-6,jn-6,Patristic homily linkage is not present in this repo and must be joined from the site corpus when George pushes.
rid_512f64d5b016d15871fb,Jn 6:15-23,Jn 6:15-23,Jn 6:15-23,1,1,0,agpeya,Veil Prayer | Veil Prayer | gospel,,,jn-6,jn-6,Patristic homily linkage is not present in this repo and must be joined from the site corpus when George pushes.
rid_a7b45ccdfd7da31d2835,Jn 6:16-23,Jn 6:16-23,Jn 6:16-23,17,17,0,copticchurch_date; katameros_cycle,Sunday of the second week of the holy fifty days | Vespers | Gospel,evening thanksgiving and watchfulness,,jn-6,jn-6,Patristic homily linkage is not present in this repo and must be joined from the site corpus when George pushes.
rid_d3e7713ab1d7e6e8822d,Jn 6:22-27,Jn 6:22-27,Jn 6:22-27,15,15,0,copticchurch_date; katameros_cycle,The first Sunday of Amshir | Liturgy | Gospel,the Eucharistic gathering of the Church,,jn-6,jn-6,Patristic homily linkage is not present in this repo and must be joined from the site corpus when George pushes.
rid_2202eb34788c8e7396af,Jn 6:24-33,Jn 6:24-33,Jn 6:24-33,17,17,0,copticchurch_date; katameros_cycle,Sunday of the second week of the holy fifty days | Matins | Gospel,awakening to praise and repentance,,jn-6,jn-6,Patristic homily linkage is not present in this repo and must be joined from the site corpus when George pushes.
rid_2ef61bea2048178d6e23,Jn 6:27-46,Jn 6:27-46,Jn 6:27-46,7,7,0,copticchurch_date; katameros_cycle,The third Sunday of Amshir | Liturgy | Gospel || Third Sunday of Amshir | liturgy_gospel | liturgy_gospel,the Eucharistic gathering of the Church,,jn-6,jn-6,Patristic homily linkage is not present in this repo and must be joined from the site corpus when George pushes.
rid_1eb2f8264b9b851f706b,Jn 6:35-45,Jn 6:35-45,Jn 6:35-45,34,34,0,copticchurch_date; katameros_cycle,Sunday of the second week of the holy fifty days | Liturgy | Gospel,the Eucharistic gathering of the Church,,jn-6,jn-6,Patristic homily linkage is not present in this repo and must be joined from the site corpus when George pushes.
rid_e4594bee3714f661e16b,Jn 6:35-46,Jn 6:35-46,Jn 6:35-46,17,17,0,copticchurch_date; katameros_cycle,"Sunday, Tout 18 (Feast of the Cross) | Liturgy | Gospel || Tout 18 (Feast of the Cross) | Liturgy | Gospel",the Eucharistic gathering of the Church,,jn-6,jn-6,Patristic homily linkage is not present in this repo and must be joined from the site corpus when George pushes.
rid_47d888fdd831e7aa21bc,Jn 6:47-56,Jn 6:47-56,Jn 6:47-56,17,17,0,copticchurch_date; katameros_cycle,Saturday of the third week of the holy fifty days | Liturgy | Gospel,the Eucharistic gathering of the Church,,jn-6,jn-6,Patristic homily linkage is not present in this repo and must be joined from the site corpus when George pushes.
rid_95a36643f854bc923ec1,Jn 6:47-58,Jn 6:47-58,Jn 6:47-58,17,17,0,copticchurch_date; katameros_cycle,The fourth Sunday of Toba | Matins | Gospel,awakening to praise and repentance,,jn-6,jn-6,Patristic homily linkage is not present in this repo and must be joined from the site corpus when George pushes.
rid_12256d50277bd593658f,Jn 6:47-71,Jn 6:47-71,Jn 6:47-71,15,15,0,copticchurch_date; katameros_cycle,Thursday of the sixth week of Great Lent | Liturgy | Gospel,the Eucharistic gathering of the Church,,jn-6,jn-6,Patristic homily linkage is not present in this repo and must be joined from the site corpus when George pushes.
rid_ae0334469b32e4bcf43f,Jn 6:5-14,Jn 6:5-14,Jn 6:5-14,28,28,0,copticchurch_date; katameros_cycle,The fifth Sunday of Baba | Liturgy | Gospel || The fifth Sunday of Kiak | Liturgy | Gospel || The fifth Sunday of Toba | Liturgy | Gospel || The fifth Sunday of Tout | Liturgy | Gospel || The second Sunday of Amshir | Liturgy | Gospel,the Eucharistic gathering of the Church,,jn-6,jn-6,Patristic homily linkage is not present in this repo and must be joined from the site corpus when George pushes.
rid_42ddf4872b3ddd16ff9a,Jn 6:54-58,Jn 6:54-58,Jn 6:54-58,34,34,0,copticchurch_date; katameros_cycle,Friday of the second week of the holy fifty days | Liturgy | Gospel,evening thanksgiving and watchfulness; the Eucharistic gathering of the Church,,jn-6,jn-6,Patristic homily linkage is not present in this repo and must be joined from the site corpus when George pushes.
rid_4b2d9e0383119dcb2bba,Jn 6:57-69,Jn 6:57-69,Jn 6:57-69,17,17,0,copticchurch_date; katameros_cycle,Sunday of the fourth week of the holy fifty days | Vespers | Gospel,evening thanksgiving and watchfulness,,jn-6,jn-6,Patristic homily linkage is not present in this repo and must be joined from the site corpus when George pushes.
rid_ba4d527396fcbea3fe59,Jn 6:70-7,Jn 6:70-7,Jn 6:70-7,1,1,0,katameros_cycle,vespers_gospel | vespers_gospel,,,jn-6,jn-6,Patristic homily linkage is not present in this repo and must be joined from the site corpus when George pushes.
rid_8bfbec7d5f0db370c15b,Jn 6:70-7:1,Jn 6:70-7:1,Jn 6:70-7:1,16,16,0,copticchurch_date,Thursday of the fifth week of the holy fifty days | Vespers | Gospel,evening thanksgiving and watchfulness,,jn-6,jn-6,Patristic homily linkage is not present in this repo and must be joined from the site corpus when George pushes.
rid_439bb8da895d2c372968,Jn 7:10-13,Jn 7:10-13,Jn 7:10-13,17,17,0,copticchurch_date; katameros_cycle,Saturday of the third week of the holy fifty days | Matins | Gospel,awakening to praise and repentance,,jn-7,jn-7,Patristic homily linkage is not present in this repo and must be joined from the site corpus when George pushes.
rid_1790d5304592d516abcc,Jn 7:14-24,Jn 7:14-24,Jn 7:14-24,17,17,0,copticchurch_date; katameros_cycle,Saturday of the fourth week of the holy fifty days | Liturgy | Gospel,the Eucharistic gathering of the Church,,jn-7,jn-7,Patristic homily linkage is not present in this repo and must be joined from the site corpus when George pushes.
rid_a6a63b349b4c792d06aa,Jn 7:14-29,Jn 7:14-29,Jn 7:14-29,17,17,0,copticchurch_date; katameros_cycle,Wednesday of the fourth week of the holy fifty days | Liturgy | Gospel,the Eucharistic gathering of the Church,,jn-7,jn-7,Patristic homily linkage is not present in this repo and must be joined from the site corpus when George pushes.
rid_890e497e595c54d1fd3a,Jn 7:31-36,Jn 7:31-36,Jn 7:31-36,17,17,0,copticchurch_date; katameros_cycle,Saturday of the fourth week of the holy fifty days | Matins | Gospel,awakening to praise and repentance,,jn-7,jn-7,Patristic homily linkage is not present in this repo and must be joined from the site corpus when George pushes.
rid_e55e40778dc9c0f5d941,Jn 7:37-39,Jn 7:37-39,Jn 7:37-39,17,17,0,copticchurch_date; katameros_cycle,Friday of the seventh week of the holy fifty days | Liturgy | Gospel,the Eucharistic gathering of the Church,,jn-7,jn-7,Patristic homily linkage is not present in this repo and must be joined from the site corpus when George pushes.
rid_a9f2fa806c29c0174118,Jn 7:37-44,Jn 7:37-44,Jn 7:37-44,17,17,0,copticchurch_date; katameros_cycle,Pentecost | Vespers | Gospel,evening thanksgiving and watchfulness,,jn-7,jn-7,Patristic homily linkage is not present in this repo and must be joined from the site corpus when George pushes.
rid_2c6593cd9a75a054ebe7,Jn 7:37-46,Jn 7:37-46,Jn 7:37-46,17,17,0,copticchurch_date; katameros_cycle,Saturday of the fifth week of the holy fifty days | Matins | Gospel,awakening to praise and repentance,,jn-7,jn-7,Patristic homily linkage is not present in this repo and must be joined from the site corpus when George pushes.
rid_bd0e2d93efb9a4cbf94b,Jn 7:39-42,Jn 7:39-42,Jn 7:39-42,17,17,0,copticchurch_date; katameros_cycle,Monday of the third week of the holy fifty days | Liturgy | Gospel,the Eucharistic gathering of the Church,,jn-7,jn-7,Patristic homily linkage is not present in this repo and must be joined from the site corpus when George pushes.
rid_7abf0c0a4a3c6bdfc574,Jn 7:40-53,Jn 7:40-53,Jn 7:40-53,1,1,0,katameros_cycle,vespers_gospel | vespers_gospel,,,jn-7,jn-7,Patristic homily linkage is not present in this repo and must be joined from the site corpus when George pushes.
rid_ba6542dabafac4f0846f,Jn 8:12-16,Jn 8:12-16,Jn 8:12-16,17,17,0,copticchurch_date; katameros_cycle,Tuesday of the third week of the holy fifty days | Liturgy | Gospel,the Eucharistic gathering of the Church,,jn-8,jn-8,Patristic homily linkage is not present in this repo and must be joined from the site corpus when George pushes.
rid_388d1961e4babe1f51e7,Jn 8:12-20,Jn 8:12-20,Jn 8:12-20,35,35,0,copticchurch_date; katameros_cycle; pascha_day_hour,Sunday of the third week of the holy fifty days | Vespers | Gospel,evening thanksgiving and watchfulness; the Cross and the Lord's willing suffering; the Eucharistic gathering of the Church,,jn-8,jn-8,Patristic homily linkage is not present in this repo and must be joined from the site corpus when George pushes.
rid_177da4927855516fe528,Jn 8:21-27,Jn 8:21-27,Jn 8:21-27,32,32,0,copticchurch_date; katameros_cycle,Friday of the fifth week of Great Lent | Liturgy | Gospel,the Eucharistic gathering of the Church,,jn-8,jn-8,Patristic homily linkage is not present in this repo and must be joined from the site corpus when George pushes.
rid_0ad38842c158db44a98c,Jn 8:21-29,Jn 8:21-29,Jn 8:21-29,1,0,1,pascha_source_text,Tuesday | First Hour | Gospel,the beginning of the day and watchfulness,,jn-8,jn-8,Patristic homily linkage is not present in this repo and must be joined from the site corpus when George pushes.
rid_d5412fe9c59e9727418d,Jn 8:21-30,Jn 8:21-30,Jn 8:21-30,17,17,0,copticchurch_date; katameros_cycle,Sunday of the third week of the holy fifty days | Matins | Gospel,awakening to praise and repentance,,jn-8,jn-8,Patristic homily linkage is not present in this repo and must be joined from the site corpus when George pushes.
rid_5c6cf711b47cc16e87c2,Jn 8:23-26,Jn 8:23-26,Jn 8:23-26,17,17,0,copticchurch_date; katameros_cycle,Wednesday of the third week of the holy fifty days | Liturgy | Gospel,the Eucharistic gathering of the Church,,jn-8,jn-8,Patristic homily linkage is not present in this repo and must be joined from the site corpus when George pushes.
rid_0048d289ba747d2efffa,Jn 8:28-30,Jn 8:28-30,Jn 8:28-30,17,17,0,copticchurch_date; katameros_cycle,Thursday of the third week of the holy fifty days | Liturgy | Gospel,the Eucharistic gathering of the Church,,jn-8,jn-8,Patristic homily linkage is not present in this repo and must be joined from the site corpus when George pushes.
rid_71bf10373c4c8834ed5d,Jn 8:28-42,Jn 8:28-42,Jn 8:28-42,49,49,0,copticchurch_date; katameros_cycle,Friday of the second week of Great Lent <br>(Feast of the Cross - Readings of 10th Baramhat) | Vespers | Gospel || Mesra 12 | Vespers | Gospel,evening thanksgiving and watchfulness,,jn-8,jn-8,Patristic homily linkage is not present in this repo and must be joined from the site corpus when George pushes.
rid_8c050d495d392cf0fc67,Jn 8:31-39,Jn 8:31-39,Jn 8:31-39,33,33,0,copticchurch_date; katameros_cycle,Friday of the third week of the holy fifty days | Liturgy | Gospel,the Eucharistic gathering of the Church,,jn-8,jn-8,Patristic homily linkage is not present in this repo and must be joined from the site corpus when George pushes.
rid_ce6d9bb00a81c397e3e1,Jn 8:39-42,Jn 8:39-42,Jn 8:39-42,17,17,0,copticchurch_date; katameros_cycle,Monday of the fourth week of the holy fifty days | Liturgy | Gospel,the Eucharistic gathering of the Church,,jn-8,jn-8,Patristic homily linkage is not present in this repo and must be joined from the site corpus when George pushes.
rid_2e2056303a4e6a49c479,Jn 8:51-55,Jn 8:51-55,Jn 8:51-55,17,17,0,copticchurch_date; katameros_cycle,Tuesday of the fourth week of the holy fifty days | Liturgy | Gospel,the Eucharistic gathering of the Church,,jn-8,jn-8,Patristic homily linkage is not present in this repo and must be joined from the site corpus when George pushes.
rid_6297f04e598f02483db6,Jn 8:51-59,Jn 8:51-59,Jn 8:51-59,34,34,0,copticchurch_date; katameros_cycle; pascha_day_hour,Sunday of the fourth week of the holy fifty days | Matins | Gospel,awakening to praise and repentance; the late call to repentance and mercy,,jn-8,jn-8,Patristic homily linkage is not present in this repo and must be joined from the site corpus when George pushes.
rid_b006963f493018fa540d,Jn 8:54-59,Jn 8:54-59,Jn 8:54-59,17,17,0,copticchurch_date; katameros_cycle,Thursday of the fourth week of the holy fifty days | Liturgy | Gospel,the Eucharistic gathering of the Church,,jn-8,jn-8,Patristic homily linkage is not present in this repo and must be joined from the site corpus when George pushes.
rid_f6712f48f651675e2af4,Jn 9:1-38,Jn 9:1-38,Jn 9:1-38,17,17,0,copticchurch_date; katameros_cycle,The fourth Sunday of Toba | Liturgy | Gospel,the Eucharistic gathering of the Church,,jn-9,jn-9,Patristic homily linkage is not present in this repo and must be joined from the site corpus when George pushes.
rid_9e69039ef067798740c7,Jn 9:1-41,Jn 9:1-41,Jn 9:1-41,17,17,0,copticchurch_date; katameros_cycle,Sunday of the sixth week of Great Lent | Liturgy | Gospel,the Eucharistic gathering of the Church,,jn-9,jn-9,Patristic homily linkage is not present in this repo and must be joined from the site corpus when George pushes.
rid_5e54f07474343f60c6a8,Job 11:1-20,Job 11:1-20,Job 11:1-20,1,1,0,katameros_cycle,prophecy | prophecy,,,job-11,job-11,Patristic homily linkage is not present in this repo and must be joined from the site corpus when George pushes.
rid_09cc05198438a5dfaace,Job 12:1-25,Job 12:1-25,Job 12:1-25,1,1,0,katameros_cycle,prophecy | prophecy,,,job-12,job-12,Patristic homily linkage is not present in this repo and must be joined from the site corpus when George pushes.
rid_7b236fc4fd0b2fc92efb,Job 12:17-13:1,Job 12:17-13:1,Job 12:17-13:1,1,0,1,pascha_source_text,Good Friday | First Hour | Prophecy,the beginning of the day and watchfulness,,job-12,job-12,Patristic homily linkage is not present in this repo and must be joined from the site corpus when George pushes.
rid_1bd94b83cab75135b002,Job 12:18-13:1,Job 12:18-13:1,Job 12:18-13:1,1,1,0,pascha_day_hour,Good Friday | First Hour | OT7,the beginning of the day and watchfulness,,job-12,job-12,Patristic homily linkage is not present in this repo and must be joined from the site corpus when George pushes.
rid_194c226ed96d82296199,Job 13:1-28,Job 13:1-28,Job 13:1-28,1,1,0,katameros_cycle,prophecy | prophecy,,,job-13,job-13,Patristic homily linkage is not present in this repo and must be joined from the site corpus when George pushes.
rid_3e96235f46cac5288beb,Job 14:1-22,Job 14:1-22,Job 14:1-22,1,1,0,katameros_cycle,prophecy | prophecy,,,job-14,job-14,Patristic homily linkage is not present in this repo and must be joined from the site corpus when George pushes.
rid_e0c7423a483f175f457b,Job 15:1-35,Job 15:1-35,Job 15:1-35,1,1,0,katameros_cycle,prophecy | prophecy,,,job-15,job-15,Patristic homily linkage is not present in this repo and must be joined from the site corpus when George pushes.
rid_aa0b7a0d4f8b63882303,Job 16:1-17,Job 16:1-17,Job 16:1-17,1,1,0,katameros_cycle,prophecy | prophecy,,,job-16,job-16,Patristic homily linkage is not present in this repo and must be joined from the site corpus when George pushes.
rid_3aa2028cfd5a5e6e24cb,Job 18:1-21,Job 18:1-21,Job 18:1-21,1,1,0,katameros_cycle,prophecy | prophecy,,,job-18,job-18,Patristic homily linkage is not present in this repo and must be joined from the site corpus when George pushes.
rid_00952536c7e60965ed13,Job 19:1-26,Job 19:1-26,Job 19:1-26,1,1,0,katameros_cycle,prophecy | prophecy,,,job-19,job-19,Patristic homily linkage is not present in this repo and must be joined from the site corpus when George pushes.
rid_e257b21fe3ae5c18cbf5,Job 1:1-22,Job 1:1-22,Job 1:1-22,2,2,0,katameros_cycle,prophecy | prophecy,,,job-1,job-1,Patristic homily linkage is not present in this repo and must be joined from the site corpus when George pushes.
rid_5cb02cd760ba1de1281b,Job 20:1-29,Job 20:1-29,Job 20:1-29,1,1,0,katameros_cycle,prophecy | prophecy,,,job-20,job-20,Patristic homily linkage is not present in this repo and must be joined from the site corpus when George pushes.
rid_8cd300cf317fb39411e3,Job 21:1-34,Job 21:1-34,Job 21:1-34,1,1,0,katameros_cycle,prophecy | prophecy,,,job-21,job-21,Patristic homily linkage is not present in this repo and must be joined from the site corpus when George pushes.
rid_b5cfe71ce05b2adf385c,Job 22:1-30,Job 22:1-30,Job 22:1-30,1,1,0,katameros_cycle,prophecy | prophecy,,,job-22,job-22,Patristic homily linkage is not present in this repo and must be joined from the site corpus when George pushes.
rid_5f20dd8e89269bd707d6,Job 23:2-17,Job 23:2-17,Job 23:2-17,1,1,0,pascha_day_hour,Tuesday | First Hour | OT2,the beginning of the day and watchfulness,,job-23,job-23,Patristic homily linkage is not present in this repo and must be joined from the site corpus when George pushes.
rid_6546e2768925e859a2a6,Job 23:2-24:25,Job 23:2-24:25,Job 23:2-24:25,1,0,1,pascha_source_text,Tuesday | First Hour | Prophecy,the beginning of the day and watchfulness,,job-23,job-23,Patristic homily linkage is not present in this repo and must be joined from the site corpus when George pushes.
rid_a2e0d4c29f4097baa4a2,Job 24:1-25,Job 24:1-25,Job 24:1-25,1,1,0,pascha_day_hour,Tuesday | First Hour | OT2,the beginning of the day and watchfulness,,job-24,job-24,Patristic homily linkage is not present in this repo and must be joined from the site corpus when George pushes.
rid_07bf51e9ea4f9567d34b,Job 25:1-6,Job 25:1-6,Job 25:1-6,1,1,0,katameros_cycle,prophecy | prophecy,,,job-25,job-25,Patristic homily linkage is not present in this repo and must be joined from the site corpus when George pushes.
rid_96c782374aa4b07ba6ce,Job 26:1-14,Job 26:1-14,Job 26:1-14,1,1,0,katameros_cycle,prophecy | prophecy,,,job-26,job-26,Patristic homily linkage is not present in this repo and must be joined from the site corpus when George pushes.
rid_ca96f0f620d9e3e08225,Job 27:16-20,Job 27:16-20,Job 27:16-20,1,0,1,pascha_day_hour,Wednesday | Sixth Hour | OT3,the Cross and the Lord's willing suffering,,job-27,job-27,Patristic homily linkage is not present in this repo and must be joined from the site corpus when George pushes.
rid_d6ad5776f0ccbae35639,Job 27:16-28:2,Job 27:16-28:2,Job 27:16-28:2,1,0,1,pascha_source_text,Wednesday | Third Hour | Prophecy,the descent of the Holy Spirit and the trial of the heart,,job-27,job-27,Patristic homily linkage is not present in this repo and must be joined from the site corpus when George pushes.
rid_eea6aa8f3a611b69760d,Job 27:2-28:13,Job 27:2-28:13,Job 27:2-28:13,1,1,0,pascha_day_hour,Great Thursday | Ninth Hour | OT4,the saving death of Christ and repentance,,job-27,job-27,Patristic homily linkage is not present in this repo and must be joined from the site corpus when George pushes.
rid_5c3fb3c80463cc0380d6,Job 27:2-28:2,Job 27:2-28:2,Job 27:2-28:2,1,0,1,pascha_source_text,Tuesday | Third Hour | Prophecy,the descent of the Holy Spirit and the trial of the heart,,job-27,job-27,Patristic homily linkage is not present in this repo and must be joined from the site corpus when George pushes.
rid_bcacd0a510d40997540d,Job 28:1-2,Job 28:1-2,Job 28:1-2,1,0,1,pascha_day_hour,Wednesday | Sixth Hour | OT3,the Cross and the Lord's willing suffering,,job-28,job-28,Patristic homily linkage is not present in this repo and must be joined from the site corpus when George pushes.
rid_d583115ee80b29a3e9b7,Job 28:12-28,Job 28:12-28,Job 28:12-28,1,1,0,katameros_cycle,prophecy | prophecy,,,job-28,job-28,Patristic homily linkage is not present in this repo and must be joined from the site corpus when George pushes.
rid_dee22707ea689b693a5d,Job 29:2-20,Job 29:2-20,Job 29:2-20,1,1,0,katameros_cycle,prophecy | prophecy,,,job-29,job-29,Patristic homily linkage is not present in this repo and must be joined from the site corpus when George pushes.
rid_70428ebc4e8c9db0312c,"Job 29:21-25,30:1-10","Job 29:21-25,30:1-10","Job 29:21-25,30:1-10",1,0,1,pascha_source_text,Good Friday | Third Hour | Prophecy,the descent of the Holy Spirit and the trial of the heart,,job-29,job-29,Patristic homily linkage is not present in this repo and must be joined from the site corpus when George pushes.
rid_d1444a3b6a7ac131d921,Job 29:21-30:10,Job 29:21-30:10,Job 29:21-30:10,1,1,0,pascha_day_hour,Good Friday | Third Hour | OT6,the descent of the Holy Spirit and the trial of the heart,,job-29,job-29,Patristic homily linkage is not present in this repo and must be joined from the site corpus when George pushes.
rid_47752f169d8d932e8c71,Job 30:9-31,Job 30:9-31,Job 30:9-31,1,1,0,katameros_cycle,prophecy | prophecy,,,job-30,job-30,Patristic homily linkage is not present in this repo and must be joined from the site corpus when George pushes.
rid_0cddadeedfd5897a97df,Job 32:1-5,Job 32:1-5,Job 32:1-5,1,1,0,katameros_cycle,prophecy | prophecy,,,job-32,job-32,Patristic homily linkage is not present in this repo and must be joined from the site corpus when George pushes.
rid_3c10cc9505a6032a8896,Job 32:17-22,Job 32:17-22,Job 32:17-22,1,1,0,katameros_cycle,prophecy | prophecy,,,job-32,job-32,Patristic homily linkage is not present in this repo and must be joined from the site corpus when George pushes.
rid_9476e90f6d59c93b692b,Job 32:6-16,Job 32:6-16,Job 32:6-16,1,1,0,katameros_cycle,prophecy | prophecy,,,job-32,job-32,Patristic homily linkage is not present in this repo and must be joined from the site corpus when George pushes.
rid_4d93704eb33576db6983,Job 33:1-33,Job 33:1-33,Job 33:1-33,1,1,0,katameros_cycle,prophecy | prophecy,,,job-33,job-33,Patristic homily linkage is not present in this repo and must be joined from the site corpus when George pushes.
rid_ab6a744cafac8e63e911,Job 34:1-37,Job 34:1-37,Job 34:1-37,1,1,0,katameros_cycle,prophecy | prophecy,,,job-34,job-34,Patristic homily linkage is not present in this repo and must be joined from the site corpus when George pushes.
rid_def32754dd9013cfcecd,Job 35:1-16,Job 35:1-16,Job 35:1-16,1,1,0,katameros_cycle,prophecy | prophecy,,,job-35,job-35,Patristic homily linkage is not present in this repo and must be joined from the site corpus when George pushes.
rid_0219b4bc39a4df050711,Job 36:1-33,Job 36:1-33,Job 36:1-33,1,1,0,katameros_cycle,prophecy | prophecy,,,job-36,job-36,Patristic homily linkage is not present in this repo and must be joined from the site corpus when George pushes.
rid_29c4341768be1672b4f1,Job 37:1-4,Job 37:1-4,Job 37:1-4,1,1,0,katameros_cycle,prophecy | prophecy,,,job-37,job-37,Patristic homily linkage is not present in this repo and must be joined from the site corpus when George pushes.
rid_b9e6819ad82d0c0a96b8,Job 38:1-36,Job 38:1-36,Job 38:1-36,1,1,0,katameros_cycle,prophecy | prophecy,,,job-38,job-38,Patristic homily linkage is not present in this repo and must be joined from the site corpus when George pushes.
rid_628f997b9a8745d5c67c,Job 38:37-41,Job 38:37-41,Job 38:37-41,1,1,0,katameros_cycle,prophecy | prophecy,,,job-38,job-38,Patristic homily linkage is not present in this repo and must be joined from the site corpus when George pushes.
rid_d160e117dffcba4588a4,Job 39:1-30,Job 39:1-30,Job 39:1-30,1,1,0,katameros_cycle,prophecy | prophecy,,,job-39,job-39,Patristic homily linkage is not present in this repo and must be joined from the site corpus when George pushes.
rid_de6f85d36214064a3803,Job 40:1-24,Job 40:1-24,Job 40:1-24,1,1,0,katameros_cycle,prophecy | prophecy,,,job-40,job-40,Patristic homily linkage is not present in this repo and must be joined from the site corpus when George pushes.
rid_af57469e5f628d7bada7,Job 41:1-34,Job 41:1-34,Job 41:1-34,1,1,0,katameros_cycle,prophecy | prophecy,,,job-41,job-41,Patristic homily linkage is not present in this repo and must be joined from the site corpus when George pushes.
rid_cc6543b619fae78dcdf1,Job 42:1-6,Job 42:1-6,Job 42:1-6,1,1,0,katameros_cycle,prophecy | prophecy,,,job-42,job-42,Patristic homily linkage is not present in this repo and must be joined from the site corpus when George pushes.
rid_5acf071191b9e225a0a9,Job 42:7-17,Job 42:7-17,Job 42:7-17,1,1,0,katameros_cycle,prophecy | prophecy,,,job-42,job-42,Patristic homily linkage is not present in this repo and must be joined from the site corpus when George pushes.
rid_890cfff10ed8cb0f7ab6,Joel 1:5-15,Joel 1:5-15,Joel 1:5-15,1,0,1,pascha_source_text,Monday Eve | Sixth Hour | Prophecy,the Cross and the Lord's willing suffering,,joel-1,joel-1,Patristic homily linkage is not present in this repo and must be joined from the site corpus when George pushes.
rid_4bd7efb34bc72cf518de,"Joel 2:1-3,2:10-11","Joel 2:1-3,2:10-11","Joel 2:1-3,2:10-11",1,0,1,pascha_source_text,Good Friday | Ninth Hour | Prophecy,the saving death of Christ and repentance,,joel-2,joel-2,Patristic homily linkage is not present in this repo and must be joined from the site corpus when George pushes.
rid_0fd69cb746d80a28634e,Joel 2:12-27,Joel 2:12-27,Joel 2:12-27,1,1,0,katameros_cycle,prophecy | prophecy,,,joel-2,joel-2,Patristic homily linkage is not present in this repo and must be joined from the site corpus when George pushes.
rid_25f0fa20c71ae9da8599,Joel 2:21-26,Joel 2:21-26,Joel 2:21-26,1,1,0,katameros_cycle,prophecy | prophecy,,,joel-2,joel-2,Patristic homily linkage is not present in this repo and must be joined from the site corpus when George pushes.
rid_6f3349176f2a3399b3dd,Joel 2:28-32,Joel 2:28-32,Joel 2:28-32,2,2,0,katameros_cycle,prophecy | prophecy,,,joel-2,joel-2,Patristic homily linkage is not present in this repo and must be joined from the site corpus when George pushes.
rid_7e886cedbb8f04446d69,Joel 3:9-21,Joel 3:9-21,Joel 3:9-21,1,1,0,katameros_cycle,prophecy | prophecy,,,joel-3,joel-3,Patristic homily linkage is not present in this repo and must be joined from the site corpus when George pushes.
rid_c7eb1b93e16f07615b88,Jonah 1:10-2:7,Jonah 1:10-2:7,Jonah 1:10-2:7,1,0,1,pascha_source_text,Good Friday | Twelfth Hour | Prophecy,"burial, waiting, and hope",,jonah-1,jonah-1,Patristic homily linkage is not present in this repo and must be joined from the site corpus when George pushes.
rid_d468220423ee60d06941,Jonah 1:10-2:8,Jonah 1:10-2:8,Jonah 1:10-2:8,1,1,0,pascha_day_hour,Good Friday | Twelfth Hour | OT2,"burial, waiting, and hope",,jonah-1,jonah-1,Patristic homily linkage is not present in this repo and must be joined from the site corpus when George pushes.
rid_9914d4c45c6fa8e141cc,Jonah 2:2-10,Jonah 2:2-10,Jonah 2:2-10,1,1,0,bright_saturday_service_order,Bright Saturday | Midnight Praises | Prayer of Jonah,,,jonah-2,jonah-2,Patristic homily linkage is not present in this repo and must be joined from the site corpus when George pushes.
rid_358b5d969521c4560f58,Josh 2:1-24,Josh 2:1-24,Josh 2:1-24,1,1,0,katameros_cycle,prophecy | prophecy,,,josh-2,josh-2,Patristic homily linkage is not present in this repo and must be joined from the site corpus when George pushes.
rid_d66f37b9ed2ed06b7d14,Josh 6:1-27,Josh 6:1-27,Josh 6:1-27,1,1,0,katameros_cycle,prophecy | prophecy,,,josh-6,josh-6,Patristic homily linkage is not present in this repo and must be joined from the site corpus when George pushes.
rid_0a512e323e73cd427d35,Jude 1:1-13,Jude 1:1-13,Jude 1:1-13,26,26,0,copticchurch_date; katameros_cycle,Hator 12 | Liturgy | Catholic Epistle,the Eucharistic gathering of the Church,,jude-1,jude-1,Patristic homily linkage is not present in this repo and must be joined from the site corpus when George pushes.
rid_689f437d2cbc516a8723,Jude 1:1-8,Jude 1:1-8,Jude 1:1-8,17,17,0,copticchurch_date; katameros_cycle,Monday of the second week of Great Lent | Liturgy | Catholic Epistle,the Eucharistic gathering of the Church,,jude-1,jude-1,Patristic homily linkage is not present in this repo and must be joined from the site corpus when George pushes.
rid_e5e74f42aa2759ee4d4f,Jude 1:14-25,Jude 1:14-25,Jude 1:14-25,25,25,0,copticchurch_date; katameros_cycle,The second Sunday of Hator | Liturgy | Catholic Epistle,the Eucharistic gathering of the Church,,jude-1,jude-1,Patristic homily linkage is not present in this repo and must be joined from the site corpus when George pushes.
rid_585355a8efb2bc9244fe,Jude 1:17-25,Jude 1:17-25,Jude 1:17-25,17,17,0,copticchurch_date; katameros_cycle,Friday of the third week of Great Lent | Liturgy | Catholic Epistle,the Eucharistic gathering of the Church,,jude-1,jude-1,Patristic homily linkage is not present in this repo and must be joined from the site corpus when George pushes.
rid_87924968b3eb5ee55987,Jude 1:19-25,Jude 1:19-25,Jude 1:19-25,15,15,0,copticchurch_date; katameros_cycle,Thursday of the sixth week of Great Lent | Liturgy | Catholic Epistle,the Eucharistic gathering of the Church,,jude-1,jude-1,Patristic homily linkage is not present in this repo and must be joined from the site corpus when George pushes.
rid_d6785944f5039e0a62ab,Jude 1:22-25,Jude 1:22-25,Jude 1:22-25,17,17,0,copticchurch_date; katameros_cycle,Friday of the seventh week of the holy fifty days | Liturgy | Catholic Epistle,the Eucharistic gathering of the Church,,jude-1,jude-1,Patristic homily linkage is not present in this repo and must be joined from the site corpus when George pushes.
rid_9150ad32bc8e73145133,Judg 11:30-40,Judg 11:30-40,Judg 11:30-40,1,1,0,special_service,funeral | at_burial_site_override | at_burial_site_override,,,judg-11,judg-11,Patristic homily linkage is not present in this repo and must be joined from the site corpus when George pushes.
rid_6f2b1cdfaffff2641d58,Lam 1:1-4,Lam 1:1-4,Lam 1:1-4,1,0,1,pascha_source_text,Hosanna Sunday | Ninth Hour | Prophecy,the saving death of Christ and repentance,,lam-1,lam-1,Patristic homily linkage is not present in this repo and must be joined from the site corpus when George pushes.
rid_af82ad7320273c8eff8f,Lam 3:1-66,Lam 3:1-66,Lam 3:1-66,1,1,0,pascha_day_hour,Good Friday | Twelfth Hour | OT1,"burial, waiting, and hope",,lam-3,lam-3,Patristic homily linkage is not present in this repo and must be joined from the site corpus when George pushes.
rid_365eb7845f47e990c4c9,Lam 5:16-22,Lam 5:16-22,Lam 5:16-22,1,1,0,bright_saturday_service_order,Bright Saturday | Midnight Praises | Prayer of Jeremiah,,,lam-5,lam-5,Patristic homily linkage is not present in this repo and must be joined from the site corpus when George pushes.
rid_a971392ddfbc3a0f06b3,Lev 23:5-12,Lev 23:5-12,Lev 23:5-12,1,0,1,pascha_source_text,Good Friday | Eleventh Hour | Prophecy,the late call to repentance and mercy,,lev-23,lev-23,Patristic homily linkage is not present in this repo and must be joined from the site corpus when George pushes.
rid_f9a02c6d7eac719085c9,Lk 10:1-12,Lk 10:1-12,Lk 10:1-12,1,1,0,special_service,palm_sunday | procession_station_05_st_mark_evangelist | procession_station_05_st_mark_evangelist,,,lk-10,lk-10,Patristic homily linkage is not present in this repo and must be joined from the site corpus when George pushes.
rid_3de258c188865885d6f4,Lk 10:1-20,Lk 10:1-20,Lk 10:1-20,189,189,0,copticchurch_date; katameros_cycle,Abib 6 | Liturgy | Gospel,evening thanksgiving and watchfulness; the Eucharistic gathering of the Church,,lk-10,lk-10,Patristic homily linkage is not present in this repo and must be joined from the site corpus when George pushes.
rid_95f5445f6c9a348ebe7b,Lk 10:1-9,Lk 10:1-9,Lk 10:1-9,1,1,0,special_service,unction_of_the_sick | fourth_prayer | fourth_prayer,,,lk-10,lk-10,Patristic homily linkage is not present in this repo and must be joined from the site corpus when George pushes.
rid_fef7458fd863544fbf15,Lk 10:21-24,Lk 10:21-24,Lk 10:21-24,85,85,0,copticchurch_date; katameros_cycle,Abib 20 | Liturgy | Gospel,awakening to praise and repentance; the Eucharistic gathering of the Church,,lk-10,lk-10,Patristic homily linkage is not present in this repo and must be joined from the site corpus when George pushes.
rid_73bd16bd8cfac865cb3e,Lk 10:21-28,Lk 10:21-28,Lk 10:21-28,17,17,0,copticchurch_date; katameros_cycle,The second Sunday of Tout | Liturgy | Gospel,the Eucharistic gathering of the Church,,lk-10,lk-10,Patristic homily linkage is not present in this repo and must be joined from the site corpus when George pushes.
rid_47c0205315433c7c3af3,Lk 10:25-37,Lk 10:25-37,Lk 10:25-37,1,1,0,katameros_cycle,Third Sunday of Bashans | liturgy_gospel | liturgy_gospel,,,lk-10,lk-10,Patristic homily linkage is not present in this repo and must be joined from the site corpus when George pushes.
rid_8edc51c462bedd943665,Lk 10:38-42,Lk 10:38-42,Lk 10:38-42,20,20,0,copticchurch_date; katameros_cycle; special_service,Paona 21 | Vespers | Gospel,evening thanksgiving and watchfulness,,lk-10,lk-10,Patristic homily linkage is not present in this repo and must be joined from the site corpus when George pushes.
rid_ae0bfbf1917003533010,Lk 10:38-52,Lk 10:38-52,Lk 10:38-52,43,43,0,copticchurch_date,Fast of Ninevah | Vespers | Gospel || Kiak 3 | Vespers | Gospel,evening thanksgiving and watchfulness,,lk-10,lk-10,Patristic homily linkage is not present in this repo and must be joined from the site corpus when George pushes.
rid_dfc78368362bb710041f,Lk 11:1-10,Lk 11:1-10,Lk 11:1-10,17,17,0,copticchurch_date; katameros_cycle,Friday of the first week of Great Lent | Liturgy | Gospel,the Eucharistic gathering of the Church,,lk-11,lk-11,Patristic homily linkage is not present in this repo and must be joined from the site corpus when George pushes.
rid_63151e189745cc4f402e,Lk 11:1-13,Lk 11:1-13,Lk 11:1-13,8,8,0,copticchurch_date; katameros_cycle,The first Sunday of Paona | Liturgy | Gospel || First Sunday of Baunahh | liturgy_gospel | liturgy_gospel,the Eucharistic gathering of the Church,,lk-11,lk-11,Patristic homily linkage is not present in this repo and must be joined from the site corpus when George pushes.
rid_4ad54a0e2efe4cd280c1,Lk 11:14-26,Lk 11:14-26,Lk 11:14-26,17,17,0,copticchurch_date; katameros_cycle,Friday of the third week of Great Lent | Liturgy | Gospel,the Eucharistic gathering of the Church,,lk-11,lk-11,Patristic homily linkage is not present in this repo and must be joined from the site corpus when George pushes.
rid_fa6fa2ec0525f7fc59ad,Lk 11:17-23,Lk 11:17-23,Lk 11:17-23,17,17,0,copticchurch_date; katameros_cycle,Saturday of the fourth week of the holy fifty days | Vespers | Gospel,evening thanksgiving and watchfulness,,lk-11,lk-11,Patristic homily linkage is not present in this repo and must be joined from the site corpus when George pushes.
rid_90b829a8d2f8e969811f,Lk 11:20-28,Lk 11:20-28,Lk 11:20-28,46,46,0,copticchurch_date; katameros_cycle,Annunciation | Matins | Gospel,awakening to praise and repentance,,lk-11,lk-11,Patristic homily linkage is not present in this repo and must be joined from the site corpus when George pushes.
rid_48b36795d962901736cf,Lk 11:24-26,Lk 11:24-26,Lk 11:24-26,17,17,0,copticchurch_date; katameros_cycle,Friday of the seventh week of the holy fifty days | Vespers | Gospel,evening thanksgiving and watchfulness,,lk-11,lk-11,Patristic homily linkage is not present in this repo and must be joined from the site corpus when George pushes.
rid_2451dc9f945b67204b27,Lk 11:27-36,Lk 11:27-36,Lk 11:27-36,23,23,0,copticchurch_date; katameros_cycle,The second Sunday of Toba | Liturgy | Gospel || The third Sunday of Mesra | Vespers | Gospel,evening thanksgiving and watchfulness; the Eucharistic gathering of the Church,,lk-11,lk-11,Patristic homily linkage is not present in this repo and must be joined from the site corpus when George pushes.
rid_3a570372c65db972e67b,Lk 11:29-36,Lk 11:29-36,Lk 11:29-36,14,14,0,copticchurch_date,Tuesday of Ninevah's Fast | Liturgy | Gospel,the Eucharistic gathering of the Church,,lk-11,lk-11,Patristic homily linkage is not present in this repo and must be joined from the site corpus when George pushes.
rid_0a2fcec46d8be9229930,Lk 11:33-36,Lk 11:33-36,Lk 11:33-36,16,16,0,copticchurch_date; katameros_cycle,Monday of the third week of Great Lent | Liturgy | Gospel,the Eucharistic gathering of the Church,,lk-11,lk-11,Patristic homily linkage is not present in this repo and must be joined from the site corpus when George pushes.
rid_875283c8a2bfb534d4ab,Lk 11:37-51,Lk 11:37-51,Lk 11:37-51,228,228,0,copticchurch_date; katameros_cycle,Abib 26 | Vespers | Gospel,evening thanksgiving and watchfulness,,lk-11,lk-11,Patristic homily linkage is not present in this repo and must be joined from the site corpus when George pushes.
rid_6aabe84d9ce769531566,Lk 11:37-52,Lk 11:37-52,Lk 11:37-52,2,2,0,pascha_day_hour,Monday Eve | Ninth Hour | Psalm+Gospel || Tuesday Eve | Ninth Hour | Psalm+Gospel,the saving death of Christ and repentance,,lk-11,lk-11,Patristic homily linkage is not present in this repo and must be joined from the site corpus when George pushes.
rid_c93d9a8646a85addd9fe,Lk 11:45-52,Lk 11:45-52,Lk 11:45-52,17,17,0,copticchurch_date; katameros_cycle,Wednesday of the sixth week of Great Lent | Liturgy | Gospel,the Eucharistic gathering of the Church,,lk-11,lk-11,Patristic homily linkage is not present in this repo and must be joined from the site corpus when George pushes.
rid_c289bcf1beff06823d08,Lk 11:53-12:12,Lk 11:53-12:12,Lk 11:53-12:12,193,193,0,copticchurch_date,Abib 12 | Liturgy | Gospel,the Eucharistic gathering of the Church,,lk-11,lk-11,Patristic homily linkage is not present in this repo and must be joined from the site corpus when George pushes.
rid_5261978d79d1157cb7b3,Lk 11:53-12:3,Lk 11:53-12:3,Lk 11:53-12:3,16,16,0,copticchurch_date,Saturday of the sixth week of the holy fifty days | Vespers | Gospel,evening thanksgiving and watchfulness,,lk-11,lk-11,Patristic homily linkage is not present in this repo and must be joined from the site corpus when George pushes.
rid_aad3c1665271c51d6931,Lk 11:53-54,Lk 11:53-54,Lk 11:53-54,17,17,0,katameros_cycle,liturgy_gospel | liturgy_gospel,,,lk-11,lk-11,Patristic homily linkage is not present in this repo and must be joined from the site corpus when George pushes.
rid_63d8fe7a9e9154128ec5,Lk 12:1-12,Lk 12:1-12,Lk 12:1-12,16,16,0,katameros_cycle,liturgy_gospel | liturgy_gospel,,,lk-12,lk-12,Patristic homily linkage is not present in this repo and must be joined from the site corpus when George pushes.
rid_401f30d0c23d534559b6,Lk 12:1-3,Lk 12:1-3,Lk 12:1-3,1,1,0,katameros_cycle,vespers_gospel | vespers_gospel,,,lk-12,lk-12,Patristic homily linkage is not present in this repo and must be joined from the site corpus when George pushes.
rid_54c40de5d8e11ed43d52,Lk 12:16-21,Lk 12:16-21,Lk 12:16-21,17,17,0,copticchurch_date; katameros_cycle,Monday of the fifth week of Great Lent | Matins | Gospel,awakening to praise and repentance,,lk-12,lk-12,Patristic homily linkage is not present in this repo and must be joined from the site corpus when George pushes.
rid_af5dd5b55583337544b8,Lk 12:22-31,Lk 12:22-31,Lk 12:22-31,30,30,0,copticchurch_date; katameros_cycle,Sunday of the fourth week of Great Lent | Vespers | Gospel,awakening to praise and repentance; evening thanksgiving and watchfulness,,lk-12,lk-12,Patristic homily linkage is not present in this repo and must be joined from the site corpus when George pushes.
rid_cd35ac3b450c7672470e,Lk 12:27-31,Lk 12:27-31,Lk 12:27-31,17,17,0,copticchurch_date; katameros_cycle,The second Sunday of Hator | Vespers | Gospel,evening thanksgiving and watchfulness,,lk-12,lk-12,Patristic homily linkage is not present in this repo and must be joined from the site corpus when George pushes.
rid_d66d6d408de5af0f376d,Lk 12:32-44,Lk 12:32-44,Lk 12:32-44,180,180,0,copticchurch_date; katameros_cycle,Amshir 15 | Liturgy | Gospel || Baba 24 | Liturgy | Gospel,the Eucharistic gathering of the Church,,lk-12,lk-12,Patristic homily linkage is not present in this repo and must be joined from the site corpus when George pushes.
rid_54ee438406c56ef370c7,Lk 12:32-46,Lk 12:32-46,Lk 12:32-46,1,1,0,agpeya,Midnight Prayer - Third Watch | Midnight Prayer - Third Watch | gospel,,,lk-12,lk-12,Patristic homily linkage is not present in this repo and must be joined from the site corpus when George pushes.
rid_0cb658fe93765848274d,Lk 12:4-12,Lk 12:4-12,Lk 12:4-12,211,211,0,copticchurch_date; katameros_cycle,Abib 11 | Liturgy | Gospel,awakening to praise and repentance; the Eucharistic gathering of the Church,,lk-12,lk-12,Patristic homily linkage is not present in this repo and must be joined from the site corpus when George pushes.
rid_6cb7f97a15f5b28dcc98,Lk 12:41-50,Lk 12:41-50,Lk 12:41-50,17,17,0,copticchurch_date; katameros_cycle,Tuesday of the first week of Great Lent | Liturgy | Gospel,the Eucharistic gathering of the Church,,lk-12,lk-12,Patristic homily linkage is not present in this repo and must be joined from the site corpus when George pushes.
rid_a9abcf7c09f4be0128d4,Lk 12:54-59,Lk 12:54-59,Lk 12:54-59,16,16,0,copticchurch_date; katameros_cycle,Tuesday of the third week of Great Lent | Matins | Gospel,awakening to praise and repentance,,lk-12,lk-12,Patristic homily linkage is not present in this repo and must be joined from the site corpus when George pushes.
rid_16859e390156439ac020,Lk 13:1-5,Lk 13:1-5,Lk 13:1-5,32,32,0,copticchurch_date; katameros_cycle,Monday of the sixth week of Great Lent | Liturgy | Gospel,the Eucharistic gathering of the Church,,lk-13,lk-13,Patristic homily linkage is not present in this repo and must be joined from the site corpus when George pushes.
rid_2c7de976a1cebe015e89,Lk 13:10-17,Lk 13:10-17,Lk 13:10-17,21,21,0,copticchurch_date; katameros_cycle,Nasie 6 | Vespers | Gospel || Thursday of the fifth week of Great Lent | Liturgy | Gospel,evening thanksgiving and watchfulness; the Eucharistic gathering of the Church,,lk-13,lk-13,Patristic homily linkage is not present in this repo and must be joined from the site corpus when George pushes.
rid_726b114b4deca45e1daa,Lk 13:18-22,Lk 13:18-22,Lk 13:18-22,17,17,0,copticchurch_date; katameros_cycle,Wednesday of the third week of Great Lent | Matins | Gospel,awakening to praise and repentance,,lk-13,lk-13,Patristic homily linkage is not present in this repo and must be joined from the site corpus when George pushes.
rid_549a4b10370341e6a047,Lk 13:22-30,Lk 13:22-30,Lk 13:22-30,1,1,0,special_service,palm_sunday | procession_station_09_northern_door | procession_station_09_northern_door,,,lk-13,lk-13,Patristic homily linkage is not present in this repo and must be joined from the site corpus when George pushes.
rid_8b013083b5b9350220b0,Lk 13:22-35,Lk 13:22-35,Lk 13:22-35,17,17,0,copticchurch_date; katameros_cycle,Sunday of the sixth week of Great Lent | Vespers | Gospel,evening thanksgiving and watchfulness,,lk-13,lk-13,Patristic homily linkage is not present in this repo and must be joined from the site corpus when George pushes.
rid_e2d8832a22e439862231,Lk 13:23-30,Lk 13:23-30,Lk 13:23-30,101,101,0,copticchurch_date; katameros_cycle; pascha_day_hour,Abib 15 | Matins | Gospel,awakening to praise and repentance; the beginning of the day and watchfulness,,lk-13,lk-13,Patristic homily linkage is not present in this repo and must be joined from the site corpus when George pushes.
rid_b9224e7edb547a30e943,Lk 13:31-35,Lk 13:31-35,Lk 13:31-35,17,17,0,copticchurch_date; katameros_cycle; pascha_day_hour,Friday of the seventh week of Great Lent | Liturgy | Gospel,the Eucharistic gathering of the Church; the descent of the Holy Spirit and the trial of the heart,,lk-13,lk-13,Patristic homily linkage is not present in this repo and must be joined from the site corpus when George pushes.
rid_992520a4df169b6fe1b4,Lk 13:6-9,Lk 13:6-9,Lk 13:6-9,27,27,0,copticchurch_date; katameros_cycle,Tuesday of Ninevah's Fast | Matins | Gospel,awakening to praise and repentance; the Eucharistic gathering of the Church,,lk-13,lk-13,Patristic homily linkage is not present in this repo and must be joined from the site corpus when George pushes.
rid_61a382fecf6763df1216,Lk 14:1-6,Lk 14:1-6,Lk 14:1-6,17,17,0,copticchurch_date; katameros_cycle,Saturday of the fifth week of the holy fifty days | Vespers | Gospel,evening thanksgiving and watchfulness,,lk-14,lk-14,Patristic homily linkage is not present in this repo and must be joined from the site corpus when George pushes.
rid_e9c4b371762322685b95,Lk 14:12-15,Lk 14:12-15,Lk 14:12-15,17,17,0,copticchurch_date; katameros_cycle,Friday of the fifth week of the holy fifty days | Matins | Gospel,awakening to praise and repentance,,lk-14,lk-14,Patristic homily linkage is not present in this repo and must be joined from the site corpus when George pushes.
rid_c21f5596a40b42fc8c99,Lk 14:16-24,Lk 14:16-24,Lk 14:16-24,31,31,0,copticchurch_date; katameros_cycle,Mesra 30 | Liturgy | Gospel,awakening to praise and repentance; the Eucharistic gathering of the Church,,lk-14,lk-14,Patristic homily linkage is not present in this repo and must be joined from the site corpus when George pushes.
rid_9d243744b04c0c48d231,Lk 14:25-32,Lk 14:25-32,Lk 14:25-32,16,16,0,copticchurch_date,"Sunday, Tout 19 (Feast of the Cross) | Liturgy | Gospel || Tout 19 (Feast of the Cross) | Liturgy | Gospel",the Eucharistic gathering of the Church,,lk-14,lk-14,Patristic homily linkage is not present in this repo and must be joined from the site corpus when George pushes.
rid_6e1ac90c24fcf4391a9b,Lk 14:25-35,Lk 14:25-35,Lk 14:25-35,117,117,0,copticchurch_date; katameros_cycle,Abib 15 | Liturgy | Gospel,the Eucharistic gathering of the Church,,lk-14,lk-14,Patristic homily linkage is not present in this repo and must be joined from the site corpus when George pushes.
rid_68d20b208334b5cd779e,Lk 14:28-35,Lk 14:28-35,Lk 14:28-35,17,17,0,copticchurch_date; katameros_cycle,Wednesday of the seventh week of Great Lent | Matins | Gospel,awakening to praise and repentance,,lk-14,lk-14,Patristic homily linkage is not present in this repo and must be joined from the site corpus when George pushes.
rid_20ec1d4bf5637404a54d,Lk 14:7-11,Lk 14:7-11,Lk 14:7-11,17,17,0,copticchurch_date; katameros_cycle,Friday of the fifth week of the holy fifty days | Vespers | Gospel,evening thanksgiving and watchfulness,,lk-14,lk-14,Patristic homily linkage is not present in this repo and must be joined from the site corpus when George pushes.
rid_6c374cba3e6e0854d1e8,Lk 14:7-15,Lk 14:7-15,Lk 14:7-15,34,34,0,copticchurch_date; katameros_cycle,Monday of the fourth week of Great Lent | Matins | Gospel,awakening to praise and repentance; evening thanksgiving and watchfulness,,lk-14,lk-14,Patristic homily linkage is not present in this repo and must be joined from the site corpus when George pushes.
rid_7fbeb098943ab90459ff,Lk 15:11-32,Lk 15:11-32,Lk 15:11-32,17,17,0,copticchurch_date; katameros_cycle,Sunday of the third week of Great Lent | Liturgy | Gospel,the Eucharistic gathering of the Church,,lk-15,lk-15,Patristic homily linkage is not present in this repo and must be joined from the site corpus when George pushes.
rid_cbd7fda2f62c37b4b45b,Lk 15:3-10,Lk 15:3-10,Lk 15:3-10,42,42,0,copticchurch_date; katameros_cycle,Hator 12 | Matins | Gospel,awakening to praise and repentance,,lk-15,lk-15,Patristic homily linkage is not present in this repo and must be joined from the site corpus when George pushes.
rid_22ab3bbd6e7558260a9c,Lk 16:1-12,Lk 16:1-12,Lk 16:1-12,152,152,0,copticchurch_date; katameros_cycle,Amshir 12 | Liturgy | Gospel || Amshir 19 | Liturgy | Gospel,the Eucharistic gathering of the Church,,lk-16,lk-16,Patristic homily linkage is not present in this repo and must be joined from the site corpus when George pushes.
rid_504c0a71fffe7cd9eb5c,Lk 16:1-18,Lk 16:1-18,Lk 16:1-18,17,17,0,copticchurch_date; katameros_cycle,The second Sunday of Abib | Vespers | Gospel,evening thanksgiving and watchfulness,,lk-16,lk-16,Patristic homily linkage is not present in this repo and must be joined from the site corpus when George pushes.
rid_439e388ac83f9831aaf3,Lk 16:1-9,Lk 16:1-9,Lk 16:1-9,17,17,0,copticchurch_date; katameros_cycle,Monday of the fourth week of Great Lent | Liturgy | Gospel,the Eucharistic gathering of the Church,,lk-16,lk-16,Patristic homily linkage is not present in this repo and must be joined from the site corpus when George pushes.
rid_13fd99bcce95426cf8a8,Lk 16:19-31,Lk 16:19-31,Lk 16:19-31,48,48,0,copticchurch_date; katameros_cycle,Mesra 28 | Matins | Gospel,awakening to praise and repentance,,lk-16,lk-16,Patristic homily linkage is not present in this repo and must be joined from the site corpus when George pushes.
rid_719914a857831f1b2909,Lk 17:1-10,Lk 17:1-10,Lk 17:1-10,18,18,0,copticchurch_date; katameros_cycle,The fourth Sunday of Amshir | Vespers | Gospel || Tuesday of the seventh week of Great Lent | Matins | Gospel,awakening to praise and repentance; evening thanksgiving and watchfulness,,lk-17,lk-17,Patristic homily linkage is not present in this repo and must be joined from the site corpus when George pushes.
rid_401db14b20c950aff526,Lk 17:11-19,Lk 17:11-19,Lk 17:11-19,2,2,0,copticchurch_date; katameros_cycle,The fourth Sunday of Amshir | Matins | Gospel || Fourth Sunday of Amshir | matins_gospel | matins_gospel,awakening to praise and repentance,,lk-17,lk-17,Patristic homily linkage is not present in this repo and must be joined from the site corpus when George pushes.
rid_4d23f62ed8c5e911a6a7,Lk 17:20-36,Lk 17:20-36,Lk 17:20-36,16,16,0,copticchurch_date,The fourth Sunday of Mesra | Vespers | Gospel,evening thanksgiving and watchfulness,,lk-17,lk-17,Patristic homily linkage is not present in this repo and must be joined from the site corpus when George pushes.
rid_ecced7e035cb579bd75d,Lk 17:20-37,Lk 17:20-37,Lk 17:20-37,15,15,0,copticchurch_date; katameros_cycle,Friday of the seventh week of Great Lent | Matins | Gospel,awakening to praise and repentance,,lk-17,lk-17,Patristic homily linkage is not present in this repo and must be joined from the site corpus when George pushes.
rid_e0008f54f6d3f8a0ce29,Lk 17:3-10,Lk 17:3-10,Lk 17:3-10,16,16,0,copticchurch_date; katameros_cycle,Sunday of the week before Great Lent | Matins | Gospel,awakening to praise and repentance,,lk-17,lk-17,Patristic homily linkage is not present in this repo and must be joined from the site corpus when George pushes.
rid_75c8850b339e59243f21,Lk 17:3-6,Lk 17:3-6,Lk 17:3-6,16,16,0,copticchurch_date; katameros_cycle,Saturday of the week before Great Lent | Vespers | Gospel,evening thanksgiving and watchfulness,,lk-17,lk-17,Patristic homily linkage is not present in this repo and must be joined from the site corpus when George pushes.
rid_be35f0d2b939ed3c2b9f,Lk 17:5-10,Lk 17:5-10,Lk 17:5-10,40,40,0,copticchurch_date; katameros_cycle,Amshir 4 | Matins | Gospel || Baba 22 | Matins | Gospel,awakening to praise and repentance,,lk-17,lk-17,Patristic homily linkage is not present in this repo and must be joined from the site corpus when George pushes.
rid_1bf7f47d81db842c0930,Lk 18:1-8,Lk 18:1-8,Lk 18:1-8,32,32,0,copticchurch_date; katameros_cycle,Monday of the second week of Great Lent | Liturgy | Gospel,evening thanksgiving and watchfulness; the Eucharistic gathering of the Church,,lk-18,lk-18,Patristic homily linkage is not present in this repo and must be joined from the site corpus when George pushes.
rid_b39bbc1b9a7362ac7881,Lk 18:35-43,Lk 18:35-43,Lk 18:35-43,50,50,0,copticchurch_date; katameros_cycle,Lazarus Saturday of Great Lent | Matins | Gospel,awakening to praise and repentance; evening thanksgiving and watchfulness; the Eucharistic gathering of the Church,,lk-18,lk-18,Patristic homily linkage is not present in this repo and must be joined from the site corpus when George pushes.
rid_4c381a42071c43168ee0,Lk 18:9-17,Lk 18:9-17,Lk 18:9-17,15,15,0,copticchurch_date; katameros_cycle,The second Sunday of Mesra | Vespers | Gospel,evening thanksgiving and watchfulness,,lk-18,lk-18,Patristic homily linkage is not present in this repo and must be joined from the site corpus when George pushes.
rid_5fc3baae94a37d1b025f,Lk 19:1-10,Lk 19:1-10,Lk 19:1-10,51,51,0,copticchurch_date; katameros_cycle; pascha_day_hour; special_service,Palm Sunday | Matins | Gospel,awakening to praise and repentance; the Eucharistic gathering of the Church,,lk-19,lk-19,Patristic homily linkage is not present in this repo and must be joined from the site corpus when George pushes.
rid_dec8eb3b8e4cb1bedf89,Lk 19:11-19,Lk 19:11-19,Lk 19:11-19,180,180,0,copticchurch_date; katameros_cycle,Amshir 15 | Matins | Gospel || Baba 24 | Matins | Gospel,awakening to praise and repentance,,lk-19,lk-19,Patristic homily linkage is not present in this repo and must be joined from the site corpus when George pushes.
rid_e210b3f8870480f83a87,Lk 19:11-28,Lk 19:11-28,Lk 19:11-28,16,16,0,copticchurch_date; katameros_cycle,Monday of the third week of Great Lent | Matins | Gospel,awakening to praise and repentance,,lk-19,lk-19,Patristic homily linkage is not present in this repo and must be joined from the site corpus when George pushes.
rid_961bac1556ad1d6c41f0,Lk 19:29-48,Lk 19:29-48,Lk 19:29-48,19,19,0,copticchurch_date; katameros_cycle; pascha_day_hour; special_service,Palm Sunday | Liturgy | Gospel,the Eucharistic gathering of the Church,,lk-19,lk-19,Patristic homily linkage is not present in this repo and must be joined from the site corpus when George pushes.
rid_3ce0baee5d7a9bf86c38,Lk 1:1-25,Lk 1:1-25,Lk 1:1-25,67,67,0,copticchurch_date; katameros_cycle,Amshir 16 | Liturgy | Gospel || Great Lent | Liturgy | Gospel || Kiak 13 | Liturgy | Gospel,the Eucharistic gathering of the Church,,lk-1,lk-1,Patristic homily linkage is not present in this repo and must be joined from the site corpus when George pushes.
rid_d7ed1f003d204658d137,Lk 1:26-38,Lk 1:26-38,Lk 1:26-38,63,63,0,copticchurch_date; katameros_cycle; special_service,Annunciation | Liturgy | Gospel,the Eucharistic gathering of the Church,,lk-1,lk-1,Patristic homily linkage is not present in this repo and must be joined from the site corpus when George pushes.
rid_f160e19bc54059c80ed3,Lk 1:39-56,Lk 1:39-56,Lk 1:39-56,80,80,0,copticchurch_date; katameros_cycle; special_service,Fast of Ninevah | Liturgy | Gospel || Kiak 3 | Liturgy | Gospel,the Eucharistic gathering of the Church,,lk-1,lk-1,Patristic homily linkage is not present in this repo and must be joined from the site corpus when George pushes.
rid_aa8b1eaebc51c5cf573a,Lk 1:46-55,Lk 1:46-55,Lk 1:46-55,1,1,0,bright_saturday_service_order,Bright Saturday | Midnight Praises | Praise of the Virgin Mary,,,lk-1,lk-1,Patristic homily linkage is not present in this repo and must be joined from the site corpus when George pushes.
rid_58ca0ac095b0a3bf0ad2,Lk 1:57-80,Lk 1:57-80,Lk 1:57-80,32,32,0,copticchurch_date; katameros_cycle,Paona 30 | Liturgy | Gospel,the Eucharistic gathering of the Church,,lk-1,lk-1,Patristic homily linkage is not present in this repo and must be joined from the site corpus when George pushes.
rid_e4859f1ca244e7ed7bfb,Lk 1:68-79,Lk 1:68-79,Lk 1:68-79,1,1,0,bright_saturday_service_order,Bright Saturday | Midnight Praises | Prayer of Zacharias the Priest,,,lk-1,lk-1,Patristic homily linkage is not present in this repo and must be joined from the site corpus when George pushes.
rid_2ee959881b25cbbe443a,Lk 20:20-26,Lk 20:20-26,Lk 20:20-26,17,17,0,copticchurch_date; katameros_cycle,Thursday of the third week of Great Lent | Matins | Gospel,awakening to praise and repentance,,lk-20,lk-20,Patristic homily linkage is not present in this repo and must be joined from the site corpus when George pushes.
rid_67eadb6baa162f5e4e35,Lk 20:27-38,Lk 20:27-38,Lk 20:27-38,17,17,0,copticchurch_date; katameros_cycle,Friday of the third week of Great Lent | Matins | Gospel,awakening to praise and repentance,,lk-20,lk-20,Patristic homily linkage is not present in this repo and must be joined from the site corpus when George pushes.
rid_ef7ddadb622f220c6a29,Lk 20:27-39,Lk 20:27-39,Lk 20:27-39,17,17,0,copticchurch_date; katameros_cycle,Friday of the first week of the holy fifty days | Matins | Gospel,awakening to praise and repentance,,lk-20,lk-20,Patristic homily linkage is not present in this repo and must be joined from the site corpus when George pushes.
rid_f6529d44d933a983a8d0,Lk 20:9-19,Lk 20:9-19,Lk 20:9-19,30,30,0,copticchurch_date; katameros_cycle,The first Sunday of Mesra | Liturgy | Gospel,awakening to praise and repentance; the Eucharistic gathering of the Church,,lk-20,lk-20,Patristic homily linkage is not present in this repo and must be joined from the site corpus when George pushes.
rid_b0ae67050e30f124dcef,Lk 21:12-19,Lk 21:12-19,Lk 21:12-19,278,278,0,copticchurch_date; katameros_cycle; special_service,Abib 19 | Liturgy | Gospel,the Eucharistic gathering of the Church,,lk-21,lk-21,Patristic homily linkage is not present in this repo and must be joined from the site corpus when George pushes.
rid_9d3f5b5115fa85aef69b,Lk 21:12-33,Lk 21:12-33,Lk 21:12-33,12,12,0,copticchurch_date; katameros_cycle,The first Sunday of Nasie | Vespers | Gospel || Sunday of Nasie | vespers_gospel | vespers_gospel,evening thanksgiving and watchfulness,,lk-21,lk-21,Patristic homily linkage is not present in this repo and must be joined from the site corpus when George pushes.
rid_6a9295908d82ab679d2e,Lk 21:34-38,Lk 21:34-38,Lk 21:34-38,1,0,1,pascha_source_text,Tuesday Eve | Sixth Hour | Gospel,the Cross and the Lord's willing suffering,,lk-21,lk-21,Patristic homily linkage is not present in this repo and must be joined from the site corpus when George pushes.
rid_ecefcd5c90972a53de97,Lk 22:1-6,Lk 22:1-6,Lk 22:1-6,2,2,0,coptic_reader_fixture; pascha_day_hour,Wednesday | Third Hour | Psalm+Gospel || Wednesday | Third Hour | gospel,the descent of the Holy Spirit and the trial of the heart,,lk-22,lk-22,Patristic homily linkage is not present in this repo and must be joined from the site corpus when George pushes.
rid_7ac194a21c50a7f2088b,Lk 22:24-30,Lk 22:24-30,Lk 22:24-30,71,71,0,copticchurch_date; katameros_cycle,Abib 7 | Vespers | Gospel,evening thanksgiving and watchfulness,,lk-22,lk-22,Patristic homily linkage is not present in this repo and must be joined from the site corpus when George pushes.
rid_9e07e002c25695ea73d1,Lk 22:31-39,Lk 22:31-39,Lk 22:31-39,2,1,1,pascha_day_hour; pascha_source_text,Great Thursday Eve | Third Hour | Psalm+Gospel || Good Friday Eve | Third Hour | Gospel,the descent of the Holy Spirit and the trial of the heart,,lk-22,lk-22,Patristic homily linkage is not present in this repo and must be joined from the site corpus when George pushes.
rid_571eacc33855c99b5a88,Lk 22:40-46,Lk 22:40-46,Lk 22:40-46,2,1,1,pascha_day_hour; pascha_source_text,Great Thursday Eve | Sixth Hour | Psalm+Gospel || Good Friday Eve | Sixth Hour | Gospel,the Cross and the Lord's willing suffering,,lk-22,lk-22,Patristic homily linkage is not present in this repo and must be joined from the site corpus when George pushes.
rid_b879c3ed81eee1a870e2,Lk 22:47-55,Lk 22:47-55,Lk 22:47-55,2,1,1,pascha_day_hour; pascha_source_text,Great Thursday Eve | Ninth Hour | Psalm+Gospel || Good Friday Eve | Ninth Hour | Gospel,the saving death of Christ and repentance,,lk-22,lk-22,Patristic homily linkage is not present in this repo and must be joined from the site corpus when George pushes.
rid_d6c8e6988b3a6d0846fb,Lk 22:56-65,Lk 22:56-65,Lk 22:56-65,2,1,1,pascha_day_hour; pascha_source_text,Great Thursday Eve | Eleventh Hour | Psalm+Gospel || Good Friday Eve | Eleventh Hour | Gospel,the late call to repentance and mercy,,lk-22,lk-22,Patristic homily linkage is not present in this repo and must be joined from the site corpus when George pushes.
rid_e8d2287daadb518b87d7,Lk 22:66-23:12,Lk 22:66-23:12,Lk 22:66-23:12,1,1,0,pascha_day_hour,Good Friday | First Hour | Psalm+Gospel,the beginning of the day and watchfulness,,lk-22,lk-22,Patristic homily linkage is not present in this repo and must be joined from the site corpus when George pushes.
rid_1ff72330fa7eb181c3b0,Lk 22:7-13,Lk 22:7-13,Lk 22:7-13,1,1,0,pascha_day_hour,Great Thursday | First Hour | Psalm+Gospel,the beginning of the day and watchfulness,,lk-22,lk-22,Patristic homily linkage is not present in this repo and must be joined from the site corpus when George pushes.
rid_166ab888c1fa87ebe7de,Lk 23:13-25,Lk 23:13-25,Lk 23:13-25,1,1,0,pascha_day_hour,Good Friday | Third Hour | Psalm+Gospel,the descent of the Holy Spirit and the trial of the heart,,lk-23,lk-23,Patristic homily linkage is not present in this repo and must be joined from the site corpus when George pushes.
rid_bf10fb2f935b760ee353,Lk 23:26-44,Lk 23:26-44,Lk 23:26-44,1,1,0,pascha_day_hour,Good Friday | Sixth Hour | Psalm+Gospel,the Cross and the Lord's willing suffering,,lk-23,lk-23,Patristic homily linkage is not present in this repo and must be joined from the site corpus when George pushes.
rid_531fe2f5362c3cb5861e,Lk 23:45-46,Lk 23:45-46,Lk 23:45-46,1,1,0,pascha_day_hour,Good Friday | Ninth Hour | Psalm+Gospel,the saving death of Christ and repentance,,lk-23,lk-23,Patristic homily linkage is not present in this repo and must be joined from the site corpus when George pushes.
rid_355c550ac44ac9c37fd4,Lk 23:47-49,Lk 23:47-49,Lk 23:47-49,1,1,0,pascha_day_hour,Good Friday | Eleventh Hour | Psalm+Gospel,the late call to repentance and mercy,,lk-23,lk-23,Patristic homily linkage is not present in this repo and must be joined from the site corpus when George pushes.
rid_32a40ab8ada951a59f7a,Lk 23:50-56,Lk 23:50-56,Lk 23:50-56,2,2,0,pascha_day_hour; special_service,Good Friday | Twelfth Hour | Psalm+Gospel || myron_consecration | vespers | vespers,"burial, waiting, and hope",,lk-23,lk-23,Patristic homily linkage is not present in this repo and must be joined from the site corpus when George pushes.
rid_ca4b57d664d6ae9fe6fc,Lk 24:1-12,Lk 24:1-12,Lk 24:1-12,100,100,0,copticchurch_date; katameros_cycle; special_service,Monday of the first week of the holy fifty days | Matins | Gospel,awakening to praise and repentance,,lk-24,lk-24,Patristic homily linkage is not present in this repo and must be joined from the site corpus when George pushes.
rid_2d4a0855ee2194681fac,Lk 24:13-35,Lk 24:13-35,Lk 24:13-35,17,17,0,copticchurch_date; katameros_cycle,Monday of the first week of the holy fifty days | Liturgy | Gospel,the Eucharistic gathering of the Church,,lk-24,lk-24,Patristic homily linkage is not present in this repo and must be joined from the site corpus when George pushes.
rid_5e0b5bbe15a9bd0614ac,Lk 24:36-53,Lk 24:36-53,Lk 24:36-53,18,18,0,copticchurch_date; katameros_cycle; special_service,The Feast of the Ascension | Liturgy | Gospel,the Eucharistic gathering of the Church,,lk-24,lk-24,Patristic homily linkage is not present in this repo and must be joined from the site corpus when George pushes.
rid_5c9d7dc851a15823998d,Lk 2:1-20,Lk 2:1-20,Lk 2:1-20,21,21,0,copticchurch_date; katameros_cycle,Christmas Paramoune | Liturgy | Gospel,the Eucharistic gathering of the Church,,lk-2,lk-2,Patristic homily linkage is not present in this repo and must be joined from the site corpus when George pushes.
rid_27d4ffd74c7b459a324d,Lk 2:15-20,Lk 2:15-20,Lk 2:15-20,34,34,0,copticchurch_date; katameros_cycle,Circumcision of our Lord | Vespers | Gospel,evening thanksgiving and watchfulness,,lk-2,lk-2,Patristic homily linkage is not present in this repo and must be joined from the site corpus when George pushes.
rid_aae0ea2f3d6bc3bbbeea,Lk 2:21-35,Lk 2:21-35,Lk 2:21-35,1,1,0,special_service,baptism | part_1 | part_1,,,lk-2,lk-2,Patristic homily linkage is not present in this repo and must be joined from the site corpus when George pushes.
rid_a2d1fdb36fa878c57dfb,Lk 2:21-39,Lk 2:21-39,Lk 2:21-39,34,34,0,copticchurch_date; katameros_cycle,Circumcision of our Lord | Liturgy | Gospel,the Eucharistic gathering of the Church,,lk-2,lk-2,Patristic homily linkage is not present in this repo and must be joined from the site corpus when George pushes.
rid_3dc4b088d2d1cd3c4b02,Lk 2:25-32,Lk 2:25-32,Lk 2:25-32,1,1,0,agpeya,Twelfth Hour (Compline / Before Sleep) | Twelfth Hour (Compline / Before Sleep) | gospel,,,lk-2,lk-2,Patristic homily linkage is not present in this repo and must be joined from the site corpus when George pushes.
rid_5d2fe211f1b9d8ed7107,Lk 2:29-32,Lk 2:29-32,Lk 2:29-32,1,1,0,bright_saturday_service_order,Bright Saturday | Midnight Praises | Prayer of Simeon the Elder,,,lk-2,lk-2,Patristic homily linkage is not present in this repo and must be joined from the site corpus when George pushes.
rid_44aca0c7d72925f4ea8a,Lk 2:40-52,Lk 2:40-52,Lk 2:40-52,34,34,0,copticchurch_date; katameros_cycle,Circumcision of our Lord | Matins | Gospel,awakening to praise and repentance,,lk-2,lk-2,Patristic homily linkage is not present in this repo and must be joined from the site corpus when George pushes.
rid_fcbfc9ce1b59424f7922,Lk 3:1-18,Lk 3:1-18,Lk 3:1-18,21,21,0,copticchurch_date; katameros_cycle,Epiphany Paramoune | Liturgy | Gospel,the Eucharistic gathering of the Church,,lk-3,lk-3,Patristic homily linkage is not present in this repo and must be joined from the site corpus when George pushes.
rid_c25c03f4f7cb51edf656,Lk 3:21-22,Lk 3:21-22,Lk 3:21-22,17,17,0,copticchurch_date; katameros_cycle,The Second Day of Feast of Epiphany | Vespers | Gospel,evening thanksgiving and watchfulness,,lk-3,lk-3,Patristic homily linkage is not present in this repo and must be joined from the site corpus when George pushes.
rid_947a68de15187ad3334b,Lk 3:23-38,Lk 3:23-38,Lk 3:23-38,21,21,0,copticchurch_date; katameros_cycle,Christmas | Vespers | Gospel,evening thanksgiving and watchfulness,,lk-3,lk-3,Patristic homily linkage is not present in this repo and must be joined from the site corpus when George pushes.
rid_c84a11b94ea2e61a1ccc,Lk 4:1-13,Lk 4:1-13,Lk 4:1-13,37,37,0,copticchurch_date; katameros_cycle,Sunday of the second week of Great Lent | Matins | Gospel,awakening to praise and repentance; the Eucharistic gathering of the Church,,lk-4,lk-4,Patristic homily linkage is not present in this repo and must be joined from the site corpus when George pushes.
rid_2adc87da331a6ae1b9c5,Lk 4:14-30,Lk 4:14-30,Lk 4:14-30,17,17,0,copticchurch_date; katameros_cycle,Feast of Nayrouz - (Readings of the First of Tut) | Liturgy | Gospel || Tout 1 | Liturgy | Gospel,the Eucharistic gathering of the Church,,lk-4,lk-4,Patristic homily linkage is not present in this repo and must be joined from the site corpus when George pushes.
rid_ce5aa73bf54fe98c35eb,Lk 4:22-30,Lk 4:22-30,Lk 4:22-30,17,17,0,copticchurch_date; katameros_cycle,Tuesday of the sixth week of Great Lent | Matins | Gospel,awakening to praise and repentance,,lk-4,lk-4,Patristic homily linkage is not present in this repo and must be joined from the site corpus when George pushes.
rid_64b1896f50ba882a6cde,Lk 4:23-30,Lk 4:23-30,Lk 4:23-30,5,5,0,copticchurch_date; katameros_cycle,Nasie 6 | Matins | Gospel || matins_gospel | matins_gospel,awakening to praise and repentance,,lk-4,lk-4,Patristic homily linkage is not present in this repo and must be joined from the site corpus when George pushes.
rid_d41bc178c49821bfd2d3,Lk 4:31-37,Lk 4:31-37,Lk 4:31-37,32,32,0,copticchurch_date; katameros_cycle,Friday of the fourth week of Great Lent | Matins | Gospel,awakening to praise and repentance,,lk-4,lk-4,Patristic homily linkage is not present in this repo and must be joined from the site corpus when George pushes.
rid_f71ad9397c837206e5c4,Lk 4:38-41,Lk 4:38-41,Lk 4:38-41,61,61,0,agpeya; copticchurch_date; katameros_cycle,Eleventh Hour (Vespers) | Eleventh Hour (Vespers) | gospel || Monday of the seventh week of the holy fifty days | Vespers | Gospel,evening thanksgiving and watchfulness,,lk-4,lk-4,Patristic homily linkage is not present in this repo and must be joined from the site corpus when George pushes.
rid_e45a019ce84e6958ed60,Lk 4:38-42,Lk 4:38-42,Lk 4:38-42,17,17,0,copticchurch_date; katameros_cycle,Friday of the first week of the holy fifty days | Vespers | Gospel,evening thanksgiving and watchfulness,,lk-4,lk-4,Patristic homily linkage is not present in this repo and must be joined from the site corpus when George pushes.
rid_6422a1b6475d34d053b6,Lk 4:40-44,Lk 4:40-44,Lk 4:40-44,15,15,0,copticchurch_date; katameros_cycle,The first Sunday of Toba | Vespers | Gospel,evening thanksgiving and watchfulness,,lk-4,lk-4,Patristic homily linkage is not present in this repo and must be joined from the site corpus when George pushes.
rid_b9c13c5810d2ec2c12af,Lk 4:42-5,Lk 4:42-5,Lk 4:42-5,1,1,0,katameros_cycle,Readings for Entrance into Egypt | matins_gospel | matins_gospel,,,lk-4,lk-4,Patristic homily linkage is not present in this repo and must be joined from the site corpus when George pushes.
rid_b0f69c5b839b3f6bd5ee,Lk 4:42-5:3,Lk 4:42-5:3,Lk 4:42-5:3,16,16,0,copticchurch_date,Monday of the seventh week of the holy fifty days | Matins | Gospel,awakening to praise and repentance,,lk-4,lk-4,Patristic homily linkage is not present in this repo and must be joined from the site corpus when George pushes.
rid_372a0442b6ac5a6fafdb,Lk 5:1-11,Lk 5:1-11,Lk 5:1-11,34,34,0,copticchurch_date; katameros_cycle,The second Sunday of Baba | Liturgy | Gospel,evening thanksgiving and watchfulness; the Eucharistic gathering of the Church,,lk-5,lk-5,Patristic homily linkage is not present in this repo and must be joined from the site corpus when George pushes.
rid_4993b6a1d5528b92085a,Lk 5:12-16,Lk 5:12-16,Lk 5:12-16,17,17,0,copticchurch_date; katameros_cycle,Friday of the first week of Great Lent | Matins | Gospel,awakening to praise and repentance,,lk-5,lk-5,Patristic homily linkage is not present in this repo and must be joined from the site corpus when George pushes.
rid_1fd0e502a44a146b835e,Lk 5:17-26,Lk 5:17-26,Lk 5:17-26,11,11,0,copticchurch_date; katameros_cycle,The second Sunday of Paona | Liturgy | Gospel || Second Sunday of Baunahh | liturgy_gospel | liturgy_gospel,the Eucharistic gathering of the Church,,lk-5,lk-5,Patristic homily linkage is not present in this repo and must be joined from the site corpus when George pushes.
rid_8b50876cbfc0b87ef5f1,Lk 5:18-26,Lk 5:18-26,Lk 5:18-26,15,15,0,copticchurch_date; katameros_cycle,Nasie 2 | Matins | Gospel,awakening to praise and repentance,,lk-5,lk-5,Patristic homily linkage is not present in this repo and must be joined from the site corpus when George pushes.
rid_fb3a08ad47a1a3648ffe,Lk 5:27-32,Lk 5:27-32,Lk 5:27-32,16,16,0,copticchurch_date; katameros_cycle,Baba 12 | Liturgy | Gospel,the Eucharistic gathering of the Church,,lk-5,lk-5,Patristic homily linkage is not present in this repo and must be joined from the site corpus when George pushes.
rid_9d5f3846f6e439b8eb2b,Lk 5:27-39,Lk 5:27-39,Lk 5:27-39,15,15,0,copticchurch_date; katameros_cycle,The second Sunday of Mesra | Liturgy | Gospel,the Eucharistic gathering of the Church,,lk-5,lk-5,Patristic homily linkage is not present in this repo and must be joined from the site corpus when George pushes.
rid_5282dc56311ecdd7d020,Lk 6:12-16,Lk 6:12-16,Lk 6:12-16,17,17,0,copticchurch_date; katameros_cycle,Tuesday of the seventh week of the holy fifty days | Matins | Gospel,awakening to praise and repentance,,lk-6,lk-6,Patristic homily linkage is not present in this repo and must be joined from the site corpus when George pushes.
rid_69dca3a06350d985f513,Lk 6:12-23,Lk 6:12-23,Lk 6:12-23,123,123,0,copticchurch_date; katameros_cycle,Abib 18 | Matins | Gospel,awakening to praise and repentance; the Eucharistic gathering of the Church,,lk-6,lk-6,Patristic homily linkage is not present in this repo and must be joined from the site corpus when George pushes.
rid_3b514969a9bfa599308e,Lk 6:17-23,Lk 6:17-23,Lk 6:17-23,602,602,0,copticchurch_date; katameros_cycle,Abib 10 | Matins | Gospel,awakening to praise and repentance,,lk-6,lk-6,Patristic homily linkage is not present in this repo and must be joined from the site corpus when George pushes.
rid_2edad2b3cc5a79851cc0,Lk 6:24-34,Lk 6:24-34,Lk 6:24-34,16,16,0,copticchurch_date; katameros_cycle,Wednesday of the first week of Great Lent | Matins | Gospel,awakening to praise and repentance,,lk-6,lk-6,Patristic homily linkage is not present in this repo and must be joined from the site corpus when George pushes.
rid_56576de9108ac8bbfcbd,Lk 6:27-38,Lk 6:27-38,Lk 6:27-38,17,17,0,copticchurch_date; katameros_cycle,The fourth Sunday of Paona | Liturgy | Gospel,the Eucharistic gathering of the Church,,lk-6,lk-6,Patristic homily linkage is not present in this repo and must be joined from the site corpus when George pushes.
rid_e6204969235e41c64177,Lk 6:35-38,Lk 6:35-38,Lk 6:35-38,16,16,0,copticchurch_date; katameros_cycle,Wednesday of the first week of Great Lent | Liturgy | Gospel,the Eucharistic gathering of the Church,,lk-6,lk-6,Patristic homily linkage is not present in this repo and must be joined from the site corpus when George pushes.
rid_2c47e6ca27f157322100,Lk 6:39-49,Lk 6:39-49,Lk 6:39-49,14,14,0,copticchurch_date; katameros_cycle,Friday of the second week of Great Lent | Liturgy | Gospel,the Eucharistic gathering of the Church,,lk-6,lk-6,Patristic homily linkage is not present in this repo and must be joined from the site corpus when George pushes.
rid_1325ebd45f2cf5527a7d,Lk 7:1-10,Lk 7:1-10,Lk 7:1-10,34,34,0,copticchurch_date; katameros_cycle,The fourth Sunday of Abib | Vespers | Gospel,evening thanksgiving and watchfulness,,lk-7,lk-7,Patristic homily linkage is not present in this repo and must be joined from the site corpus when George pushes.
rid_982210c24fdc90c25e07,Lk 7:11-16,Lk 7:11-16,Lk 7:11-16,1,1,0,special_service,funeral | part_4 | part_4,,,lk-7,lk-7,Patristic homily linkage is not present in this repo and must be joined from the site corpus when George pushes.
rid_ca75f6c1f9e977967e0f,Lk 7:11-17,Lk 7:11-17,Lk 7:11-17,102,102,0,copticchurch_date; katameros_cycle,Abib 20 | Matins | Gospel,awakening to praise and repentance; the Eucharistic gathering of the Church,,lk-7,lk-7,Patristic homily linkage is not present in this repo and must be joined from the site corpus when George pushes.
rid_8b52f2bd3e146094caf5,Lk 7:18-23,Lk 7:18-23,Lk 7:18-23,17,17,0,copticchurch_date; katameros_cycle,Wednesday of the seventh week of the holy fifty days | Vespers | Gospel,evening thanksgiving and watchfulness,,lk-7,lk-7,Patristic homily linkage is not present in this repo and must be joined from the site corpus when George pushes.
rid_857340c0111a6419e273,Lk 7:18-28,Lk 7:18-28,Lk 7:18-28,9,9,0,copticchurch_date; katameros_cycle,Paona 2 | Vespers | Gospel || vespers_gospel | vespers_gospel,evening thanksgiving and watchfulness,,lk-7,lk-7,Patristic homily linkage is not present in this repo and must be joined from the site corpus when George pushes.
rid_e88712f8b2196d955c69,Lk 7:24-28,Lk 7:24-28,Lk 7:24-28,17,17,0,copticchurch_date; katameros_cycle,Wednesday of the seventh week of the holy fifty days | Matins | Gospel,awakening to praise and repentance,,lk-7,lk-7,Patristic homily linkage is not present in this repo and must be joined from the site corpus when George pushes.
rid_9c3906f711c59b5c5078,Lk 7:28-35,Lk 7:28-35,Lk 7:28-35,33,33,0,copticchurch_date; katameros_cycle; special_service,Paona 30 | Vespers | Gospel,evening thanksgiving and watchfulness; the Eucharistic gathering of the Church,,lk-7,lk-7,Patristic homily linkage is not present in this repo and must be joined from the site corpus when George pushes.
rid_17f9065587d4ebfb137e,Lk 7:36-50,Lk 7:36-50,Lk 7:36-50,65,65,0,agpeya; copticchurch_date; katameros_cycle; special_service,Midnight Prayer - Second Watch | Midnight Prayer - Second Watch | gospel || Annunciation | Vespers | Gospel,evening thanksgiving and watchfulness; the Eucharistic gathering of the Church,,lk-7,lk-7,Patristic homily linkage is not present in this repo and must be joined from the site corpus when George pushes.
rid_23992b16482d71d0625b,Lk 8:1-3,Lk 8:1-3,Lk 8:1-3,34,34,0,copticchurch_date; katameros_cycle,The fourth Sunday of Kiak | Vespers | Gospel,awakening to praise and repentance; evening thanksgiving and watchfulness,,lk-8,lk-8,Patristic homily linkage is not present in this repo and must be joined from the site corpus when George pushes.
rid_ea97249fb6cabfbc12ea,Lk 8:18-21,Lk 8:18-21,Lk 8:18-21,17,17,0,copticchurch_date; katameros_cycle,Friday of the seventh week of the holy fifty days | Matins | Gospel,awakening to praise and repentance,,lk-8,lk-8,Patristic homily linkage is not present in this repo and must be joined from the site corpus when George pushes.
rid_df4b2d2be1805e21db0d,Lk 8:22-25,Lk 8:22-25,Lk 8:22-25,17,17,0,copticchurch_date; katameros_cycle,Thursday of the seventh week of the holy fifty days | Vespers | Gospel,evening thanksgiving and watchfulness,,lk-8,lk-8,Patristic homily linkage is not present in this repo and must be joined from the site corpus when George pushes.
rid_bc6cdfc1625a91da2932,Lk 8:23-25,Lk 8:23-25,Lk 8:23-25,16,16,0,copticchurch_date; katameros_cycle,Thursday of the first week of Great Lent | Matins | Gospel,awakening to praise and repentance,,lk-8,lk-8,Patristic homily linkage is not present in this repo and must be joined from the site corpus when George pushes.
rid_5202bebdd98b12ab5607,Lk 8:4-15,Lk 8:4-15,Lk 8:4-15,17,17,0,copticchurch_date; katameros_cycle,The first Sunday of Hator | Liturgy | Gospel,the Eucharistic gathering of the Church,,lk-8,lk-8,Patristic homily linkage is not present in this repo and must be joined from the site corpus when George pushes.
rid_eb10fad9b3b0c1a61853,Lk 8:40-56,Lk 8:40-56,Lk 8:40-56,17,17,0,copticchurch_date; katameros_cycle,Saturday of the seventh week of the holy fifty days | Vespers | Gospel,evening thanksgiving and watchfulness,,lk-8,lk-8,Patristic homily linkage is not present in this repo and must be joined from the site corpus when George pushes.
rid_2c3227d9d1cd63f0a48a,Lk 9:1-6,Lk 9:1-6,Lk 9:1-6,57,57,0,copticchurch_date; katameros_cycle,Amshir 4 | Vespers | Gospel || Baba 22 | Vespers | Gospel,evening thanksgiving and watchfulness,,lk-9,lk-9,Patristic homily linkage is not present in this repo and must be joined from the site corpus when George pushes.
rid_4b76d51c8dfc9058348e,Lk 9:10-17,Lk 9:10-17,Lk 9:10-17,18,18,0,agpeya; copticchurch_date; katameros_cycle,Ninth Hour (None) | Ninth Hour (None) | gospel || The third Sunday of Abib | Liturgy | Gospel,the Eucharistic gathering of the Church,,lk-9,lk-9,Patristic homily linkage is not present in this repo and must be joined from the site corpus when George pushes.
rid_8824c8a4b07d2321f5ef,Lk 9:12-17,Lk 9:12-17,Lk 9:12-17,32,32,0,copticchurch_date; katameros_cycle,Monday of the fifth week of Great Lent | Liturgy | Gospel,the Eucharistic gathering of the Church,,lk-9,lk-9,Patristic homily linkage is not present in this repo and must be joined from the site corpus when George pushes.
rid_752f74d0fb9e9f2a1459,Lk 9:18-22,Lk 9:18-22,Lk 9:18-22,18,17,1,copticchurch_date; katameros_cycle; pascha_source_text,Tuesday of the sixth week of Great Lent | Liturgy | Gospel,the Eucharistic gathering of the Church; the descent of the Holy Spirit and the trial of the heart,,lk-9,lk-9,Patristic homily linkage is not present in this repo and must be joined from the site corpus when George pushes.
rid_b53357ba2439b88e5faa,Lk 9:18-27,Lk 9:18-27,Lk 9:18-27,98,98,0,copticchurch_date; katameros_cycle,Amshir 11 | Vespers | Gospel || Amshir 20 | Vespers | Gospel,evening thanksgiving and watchfulness,,lk-9,lk-9,Patristic homily linkage is not present in this repo and must be joined from the site corpus when George pushes.
rid_6658407b8d74b1799e2a,Lk 9:28-35,Lk 9:28-35,Lk 9:28-35,19,19,0,copticchurch_date; katameros_cycle; special_service,Saturday of the first week of the holy fifty days | Liturgy | Gospel,the Eucharistic gathering of the Church,,lk-9,lk-9,Patristic homily linkage is not present in this repo and must be joined from the site corpus when George pushes.
rid_60bfb4f154af61093493,Lk 9:28-36,Lk 9:28-36,Lk 9:28-36,35,35,0,copticchurch_date; katameros_cycle,Thursday of the first week of the holy fifty days | Matins | Gospel,awakening to praise and repentance; evening thanksgiving and watchfulness,,lk-9,lk-9,Patristic homily linkage is not present in this repo and must be joined from the site corpus when George pushes.
rid_cf40940529b78574d80b,Lk 9:37-43,Lk 9:37-43,Lk 9:37-43,16,16,0,copticchurch_date; katameros_cycle,Thursday of the fifth week of Great Lent | Matins | Gospel,awakening to praise and repentance,,lk-9,lk-9,Patristic homily linkage is not present in this repo and must be joined from the site corpus when George pushes.
rid_35165962dabca73ca1b9,Lk 9:51-62,Lk 9:51-62,Lk 9:51-62,17,17,0,copticchurch_date; katameros_cycle,The Feast of the Ascension | Vespers | Gospel,evening thanksgiving and watchfulness,,lk-9,lk-9,Patristic homily linkage is not present in this repo and must be joined from the site corpus when George pushes.
rid_4e7b7b78e4f0d502a6ee,Lk 9:57-62,Lk 9:57-62,Lk 9:57-62,17,17,0,copticchurch_date; katameros_cycle,Tuesday of the fourth week of Great Lent | Liturgy | Gospel,the Eucharistic gathering of the Church,,lk-9,lk-9,Patristic homily linkage is not present in this repo and must be joined from the site corpus when George pushes.
rid_3e62bb1d633c19186599,Lk 9:7-12,Lk 9:7-12,Lk 9:7-12,15,15,0,copticchurch_date; katameros_cycle,Tout 2 | Matins | Gospel,awakening to praise and repentance,,lk-9,lk-9,Patristic homily linkage is not present in this repo and must be joined from the site corpus when George pushes.
rid_f5ce91b8996a871b27ba,Mal 1:1-9,Mal 1:1-9,Mal 1:1-9,2,2,0,pascha_day_hour,Monday Eve | Third Hour | OT1 || Tuesday Eve | Third Hour | OT1,the descent of the Holy Spirit and the trial of the heart,,mal-1,mal-1,Patristic homily linkage is not present in this repo and must be joined from the site corpus when George pushes.
rid_6636e99c417825f6e8aa,Mal 1:6-14,Mal 1:6-14,Mal 1:6-14,1,1,0,katameros_cycle,prophecy | prophecy,,,mal-1,mal-1,Patristic homily linkage is not present in this repo and must be joined from the site corpus when George pushes.
rid_3971469b7e3a53d1f98e,Mal 3:1-18,Mal 3:1-18,Mal 3:1-18,1,1,0,katameros_cycle,prophecy | prophecy,,,mal-3,mal-3,Patristic homily linkage is not present in this repo and must be joined from the site corpus when George pushes.
rid_8954345f6b37ca0a7e8d,Mark 10:1-12,Mark 10:1-12,Mark 10:1-12,13,13,0,copticchurch_date; katameros_cycle,Wednesday of the fifth week of Great Lent | Matins | Gospel,awakening to praise and repentance,,mark-10,mark-10,Patristic homily linkage is not present in this repo and must be joined from the site corpus when George pushes.
rid_aa9235f02bff0385e97c,Mark 10:13-16,Mark 10:13-16,Mark 10:13-16,16,16,0,copticchurch_date; katameros_cycle,Mesra 8 | Matins | Gospel,awakening to praise and repentance,,mark-10,mark-10,Patristic homily linkage is not present in this repo and must be joined from the site corpus when George pushes.
rid_37f4c955f19c5c1fcb04,Mark 10:17-27,Mark 10:17-27,Mark 10:17-27,31,31,0,copticchurch_date; katameros_cycle,Saturday of the third week of Great Lent | Matins | Gospel,awakening to praise and repentance; the Eucharistic gathering of the Church,,mark-10,mark-10,Patristic homily linkage is not present in this repo and must be joined from the site corpus when George pushes.
rid_2ea9cdd3ce5e4a482847,Mark 10:17-30,Mark 10:17-30,Mark 10:17-30,76,76,0,copticchurch_date; katameros_cycle,Abib 2 | Matins | Gospel,awakening to praise and repentance,,mark-10,mark-10,Patristic homily linkage is not present in this repo and must be joined from the site corpus when George pushes.
rid_2583d0586a8f2a6e7453,Mark 10:17-31,Mark 10:17-31,Mark 10:17-31,17,17,0,copticchurch_date; katameros_cycle,The fourth Sunday of Hator | Liturgy | Gospel,the Eucharistic gathering of the Church,,mark-10,mark-10,Patristic homily linkage is not present in this repo and must be joined from the site corpus when George pushes.
rid_c5eeff74dd07f0aa99f2,Mark 10:32-34,Mark 10:32-34,Mark 10:32-34,1,0,1,pascha_source_text,Monday Eve | Sixth Hour | Gospel,the Cross and the Lord's willing suffering,,mark-10,mark-10,Patristic homily linkage is not present in this repo and must be joined from the site corpus when George pushes.
rid_34262fb65806137794a6,Mark 10:35-45,Mark 10:35-45,Mark 10:35-45,116,116,0,copticchurch_date; katameros_cycle,Abib 23 | Liturgy | Gospel,the Eucharistic gathering of the Church,,mark-10,mark-10,Patristic homily linkage is not present in this repo and must be joined from the site corpus when George pushes.
rid_98bb0e226d9444a56dd5,Mark 10:46-52,Mark 10:46-52,Mark 10:46-52,17,17,0,copticchurch_date; katameros_cycle,Saturday of the sixth week of Great Lent | Liturgy | Gospel,the Eucharistic gathering of the Church,,mark-10,mark-10,Patristic homily linkage is not present in this repo and must be joined from the site corpus when George pushes.
rid_086294f1b3af0bf3e9ff,Mark 11:1-11,Mark 11:1-11,Mark 11:1-11,19,19,0,copticchurch_date; katameros_cycle; pascha_day_hour; special_service,Palm Sunday | Liturgy | Gospel,the Eucharistic gathering of the Church,,mark-11,mark-11,Patristic homily linkage is not present in this repo and must be joined from the site corpus when George pushes.
rid_d1cf895fb56180180bb0,Mark 11:11-19,Mark 11:11-19,Mark 11:11-19,2,2,0,pascha_day_hour,Monday | Third Hour | Psalm+Gospel || Tuesday | Third Hour | Psalm+Gospel,the descent of the Holy Spirit and the trial of the heart,,mark-11,mark-11,Patristic homily linkage is not present in this repo and must be joined from the site corpus when George pushes.
rid_9b559d734f895f470341,Mark 11:12-24,Mark 11:12-24,Mark 11:12-24,1,1,0,pascha_day_hour,Monday | First Hour | Psalm+Gospel,the beginning of the day and watchfulness,,mark-11,mark-11,Patristic homily linkage is not present in this repo and must be joined from the site corpus when George pushes.
rid_38628fc59a5e937bb179,Mark 11:22-26,Mark 11:22-26,Mark 11:22-26,16,16,0,copticchurch_date; katameros_cycle,Sunday of the week before Great Lent | Vespers | Gospel,evening thanksgiving and watchfulness,,mark-11,mark-11,Patristic homily linkage is not present in this repo and must be joined from the site corpus when George pushes.
rid_a988148f0743edc8cb40,Mark 12:1-12,Mark 12:1-12,Mark 12:1-12,16,16,0,copticchurch_date; katameros_cycle,Monday of the sixth week of Great Lent | Matins | Gospel,awakening to praise and repentance,,mark-12,mark-12,Patristic homily linkage is not present in this repo and must be joined from the site corpus when George pushes.
rid_35ae379687565bb9e4c8,Mark 12:18-27,Mark 12:18-27,Mark 12:18-27,31,31,0,copticchurch_date; katameros_cycle,Mesra 28 | Liturgy | Gospel,the Eucharistic gathering of the Church,,mark-12,mark-12,Patristic homily linkage is not present in this repo and must be joined from the site corpus when George pushes.
rid_1f05d4158bf10ae65138,Mark 12:28-34,Mark 12:28-34,Mark 12:28-34,34,34,0,copticchurch_date; katameros_cycle,Friday of the fifth week of Great Lent | Matins | Gospel,awakening to praise and repentance,,mark-12,mark-12,Patristic homily linkage is not present in this repo and must be joined from the site corpus when George pushes.
rid_9b724c91ec06f732fc0c,Mark 12:28-37,Mark 12:28-37,Mark 12:28-37,17,17,0,copticchurch_date; katameros_cycle,Sunday of the sixth week of the holy fifty days | Vespers | Gospel,evening thanksgiving and watchfulness,,mark-12,mark-12,Patristic homily linkage is not present in this repo and must be joined from the site corpus when George pushes.
rid_7feecdfad27c7cfc5088,Mark 12:35-40,Mark 12:35-40,Mark 12:35-40,17,17,0,copticchurch_date; katameros_cycle,Wednesday of the fifth week of the holy fifty days | Vespers | Gospel,evening thanksgiving and watchfulness,,mark-12,mark-12,Patristic homily linkage is not present in this repo and must be joined from the site corpus when George pushes.
rid_400e62f7580d4b6c4e0f,Mark 12:41-44,Mark 12:41-44,Mark 12:41-44,67,67,0,copticchurch_date; katameros_cycle,Amshir 16 | Matins | Gospel || Great Lent | Matins | Gospel || Kiak 13 | Matins | Gospel,awakening to praise and repentance,,mark-12,mark-12,Patristic homily linkage is not present in this repo and must be joined from the site corpus when George pushes.
rid_2e7ea75a0b26a302b616,Mark 13:3-37,Mark 13:3-37,Mark 13:3-37,17,17,0,copticchurch_date; katameros_cycle,The fourth Sunday of Mesra | Liturgy | Gospel,the Eucharistic gathering of the Church,,mark-13,mark-13,Patristic homily linkage is not present in this repo and must be joined from the site corpus when George pushes.
rid_cb849036aa32c7c89b5b,Mark 13:32-14:2,Mark 13:32-14:2,Mark 13:32-14:2,1,0,1,pascha_source_text,Tuesday Eve | Eleventh Hour | Gospel,the late call to repentance and mercy,,mark-13,mark-13,Patristic homily linkage is not present in this repo and must be joined from the site corpus when George pushes.
rid_84a2b9f4f6446d60c2e5,Mark 13:32-37,Mark 13:32-37,Mark 13:32-37,14,14,0,copticchurch_date; katameros_cycle; pascha_day_hour,The first Sunday of Nasie | Matins | Gospel || Sunday of Nasie | matins_gospel | matins_gospel,awakening to praise and repentance; the late call to repentance and mercy,,mark-13,mark-13,Patristic homily linkage is not present in this repo and must be joined from the site corpus when George pushes.
rid_36e01ac81809e1eb569e,Mark 13:33-37,Mark 13:33-37,Mark 13:33-37,168,168,0,copticchurch_date; katameros_cycle,Amshir 12 | Matins | Gospel || Amshir 19 | Matins | Gospel,awakening to praise and repentance,,mark-13,mark-13,Patristic homily linkage is not present in this repo and must be joined from the site corpus when George pushes.
rid_1cacea9ee2f1397884cf,Mark 13:9-13,Mark 13:9-13,Mark 13:9-13,195,195,0,copticchurch_date; katameros_cycle,Abib 12 | Matins | Gospel,awakening to praise and repentance,,mark-13,mark-13,Patristic homily linkage is not present in this repo and must be joined from the site corpus when George pushes.
rid_11bd89b024291dd99c06,Mark 14:1-2,Mark 14:1-2,Mark 14:1-2,2,2,0,pascha_day_hour,Monday Eve | Eleventh Hour | Psalm+Gospel || Tuesday Eve | Eleventh Hour | Psalm+Gospel,the late call to repentance and mercy,,mark-14,mark-14,Patristic homily linkage is not present in this repo and must be joined from the site corpus when George pushes.
rid_a284b3c1bdcb5a87067f,Mark 14:12-16,Mark 14:12-16,Mark 14:12-16,1,1,0,pascha_day_hour,Great Thursday | Sixth Hour | Psalm+Gospel,the Cross and the Lord's willing suffering,,mark-14,mark-14,Patristic homily linkage is not present in this repo and must be joined from the site corpus when George pushes.
rid_7e14e2f07af8158c8b9b,Mark 14:26-31,Mark 14:26-31,Mark 14:26-31,2,1,1,pascha_day_hour; pascha_source_text,Great Thursday Eve | Third Hour | Psalm+Gospel || Good Friday Eve | Third Hour | Gospel,the descent of the Holy Spirit and the trial of the heart,,mark-14,mark-14,Patristic homily linkage is not present in this repo and must be joined from the site corpus when George pushes.
rid_16b69d94202a0f29db61,Mark 14:3-11,Mark 14:3-11,Mark 14:3-11,2,1,1,pascha_day_hour; pascha_source_text,Wednesday Eve | Third Hour | Psalm+Gospel || Thursday Eve | Third Hour | Gospel,the descent of the Holy Spirit and the trial of the heart,,mark-14,mark-14,Patristic homily linkage is not present in this repo and must be joined from the site corpus when George pushes.
rid_10a2de1e2fe898df43b5,Mark 14:3-9,Mark 14:3-9,Mark 14:3-9,55,55,0,copticchurch_date; katameros_cycle; special_service,Amshir 16 | Vespers | Gospel || Great Lent | Vespers | Gospel || Kiak 13 | Vespers | Gospel,evening thanksgiving and watchfulness,,mark-14,mark-14,Patristic homily linkage is not present in this repo and must be joined from the site corpus when George pushes.
rid_1bd466dd3b9c1441c100,Mark 14:32-42,Mark 14:32-42,Mark 14:32-42,2,1,1,pascha_day_hour; pascha_source_text,Great Thursday Eve | Sixth Hour | Psalm+Gospel || Good Friday Eve | Sixth Hour | Gospel,the Cross and the Lord's willing suffering,,mark-14,mark-14,Patristic homily linkage is not present in this repo and must be joined from the site corpus when George pushes.
rid_24a3269b0d1a1fb0412d,Mark 14:39,Mark 14:39,Mark 14:39,13,13,0,copticchurch_date,Mesra 7 | Vespers | Gospel,evening thanksgiving and watchfulness,,mark-14,mark-14,Patristic homily linkage is not present in this repo and must be joined from the site corpus when George pushes.
rid_9cb6d212470da10befe0,Mark 14:43-54,Mark 14:43-54,Mark 14:43-54,2,1,1,pascha_day_hour; pascha_source_text,Great Thursday Eve | Ninth Hour | Psalm+Gospel || Good Friday Eve | Ninth Hour | Gospel,the saving death of Christ and repentance,,mark-14,mark-14,Patristic homily linkage is not present in this repo and must be joined from the site corpus when George pushes.
rid_23f384e2033d8d427492,Mark 14:55-72,Mark 14:55-72,Mark 14:55-72,2,1,1,pascha_day_hour; pascha_source_text,Great Thursday Eve | Eleventh Hour | Psalm+Gospel || Good Friday Eve | Eleventh Hour | Gospel,the late call to repentance and mercy,,mark-14,mark-14,Patristic homily linkage is not present in this repo and must be joined from the site corpus when George pushes.
rid_8eedced3940450abfdfe,Mark 15:1-5,Mark 15:1-5,Mark 15:1-5,1,1,0,pascha_day_hour,Good Friday | First Hour | Psalm+Gospel,the beginning of the day and watchfulness,,mark-15,mark-15,Patristic homily linkage is not present in this repo and must be joined from the site corpus when George pushes.
rid_d07c8599ec57244053cc,Mark 15:26-33,Mark 15:26-33,Mark 15:26-33,1,1,0,pascha_day_hour,Good Friday | Sixth Hour | Psalm+Gospel,the Cross and the Lord's willing suffering,,mark-15,mark-15,Patristic homily linkage is not present in this repo and must be joined from the site corpus when George pushes.
rid_bd7ac0a5c58afe9d44af,Mark 15:34-37,Mark 15:34-37,Mark 15:34-37,1,1,0,pascha_day_hour,Good Friday | Ninth Hour | Psalm+Gospel,the saving death of Christ and repentance,,mark-15,mark-15,Patristic homily linkage is not present in this repo and must be joined from the site corpus when George pushes.
rid_35684aad2907eda3d30b,Mark 15:38-41,Mark 15:38-41,Mark 15:38-41,1,1,0,pascha_day_hour,Good Friday | Eleventh Hour | Psalm+Gospel,the late call to repentance and mercy,,mark-15,mark-15,Patristic homily linkage is not present in this repo and must be joined from the site corpus when George pushes.
rid_354aecd9e2e00fd91078,Mark 15:42-16:1,Mark 15:42-16:1,Mark 15:42-16:1,1,1,0,pascha_day_hour,Good Friday | Twelfth Hour | Psalm+Gospel,"burial, waiting, and hope",,mark-15,mark-15,Patristic homily linkage is not present in this repo and must be joined from the site corpus when George pushes.
rid_ed470e4ffae755d81c63,Mark 15:6-25,Mark 15:6-25,Mark 15:6-25,1,1,0,pascha_day_hour,Good Friday | Third Hour | Psalm+Gospel,the descent of the Holy Spirit and the trial of the heart,,mark-15,mark-15,Patristic homily linkage is not present in this repo and must be joined from the site corpus when George pushes.
rid_a695bf38aa2de224342d,Mark 16,Mark 16,Mark 16,1,1,0,special_service,myron_consecration | matins | matins,,,mark-16,mark-16,Patristic homily linkage is not present in this repo and must be joined from the site corpus when George pushes.
rid_961c08ea064e7d06a7b6,Mark 16:12-20,Mark 16:12-20,Mark 16:12-20,17,17,0,copticchurch_date; katameros_cycle,The Feast of the Ascension | Matins | Gospel,awakening to praise and repentance,,mark-16,mark-16,Patristic homily linkage is not present in this repo and must be joined from the site corpus when George pushes.
rid_6ee02d7cd057665b21b9,Mark 16:17-20,Mark 16:17-20,Mark 16:17-20,17,17,0,copticchurch_date; katameros_cycle,Monday of the fourth week of the holy fifty days | Vespers | Gospel,evening thanksgiving and watchfulness,,mark-16,mark-16,Patristic homily linkage is not present in this repo and must be joined from the site corpus when George pushes.
rid_31877e006a7d26f52225,Mark 16:2-11,Mark 16:2-11,Mark 16:2-11,17,17,0,copticchurch_date; katameros_cycle,The Feast of Resurrection | Matins | Gospel,awakening to praise and repentance,,mark-16,mark-16,Patristic homily linkage is not present in this repo and must be joined from the site corpus when George pushes.
rid_34afd06191866d7d22c5,Mark 16:2-8,Mark 16:2-8,Mark 16:2-8,94,94,0,copticchurch_date; katameros_cycle,Friday of the first week of the holy fifty days | Liturgy | Gospel,awakening to praise and repentance; the Eucharistic gathering of the Church,,mark-16,mark-16,Patristic homily linkage is not present in this repo and must be joined from the site corpus when George pushes.
rid_1c337df1b8b037d1880d,Mark 16:9-20,Mark 16:9-20,Mark 16:9-20,17,17,0,copticchurch_date; katameros_cycle,Tuesday of the first week of the holy fifty days | Liturgy | Gospel,the Eucharistic gathering of the Church,,mark-16,mark-16,Patristic homily linkage is not present in this repo and must be joined from the site corpus when George pushes.
rid_3e732659c34adf57f891,Mark 19:9-13,Mark 19:9-13,Mark 19:9-13,14,14,0,copticchurch_date,Abib 21 | Matins | Gospel,awakening to praise and repentance,,mark-19,mark-19,Patristic homily linkage is not present in this repo and must be joined from the site corpus when George pushes.
rid_dfa7bc8cdcabaca750e6,Mark 1:1-11,Mark 1:1-11,Mark 1:1-11,93,93,0,copticchurch_date; katameros_cycle,Abib 2 | Liturgy | Gospel,awakening to praise and repentance; the Eucharistic gathering of the Church,,mark-1,mark-1,Patristic homily linkage is not present in this repo and must be joined from the site corpus when George pushes.
rid_60071e93fe204dde4f71,Mark 1:12-15,Mark 1:12-15,Mark 1:12-15,17,17,0,copticchurch_date; katameros_cycle,Sunday of the second week of Great Lent | Vespers | Gospel,evening thanksgiving and watchfulness,,mark-1,mark-1,Patristic homily linkage is not present in this repo and must be joined from the site corpus when George pushes.
rid_733e42b7085cfc862545,Mark 1:16-22,Mark 1:16-22,Mark 1:16-22,116,116,0,copticchurch_date; katameros_cycle,Abib 23 | Vespers | Gospel,evening thanksgiving and watchfulness,,mark-1,mark-1,Patristic homily linkage is not present in this repo and must be joined from the site corpus when George pushes.
rid_6c5b3bf4117d7f81216e,Mark 1:23-31,Mark 1:23-31,Mark 1:23-31,17,17,0,copticchurch_date; katameros_cycle,The third Sunday of Kiak | Vespers | Gospel,evening thanksgiving and watchfulness,,mark-1,mark-1,Patristic homily linkage is not present in this repo and must be joined from the site corpus when George pushes.
rid_dff9ba72e0b0cd7051b0,Mark 1:29-34,Mark 1:29-34,Mark 1:29-34,10,10,0,copticchurch_date; katameros_cycle,The third Sunday of Tout | Vespers | Gospel || Third Sunday of Tut | vespers_gospel | vespers_gospel,evening thanksgiving and watchfulness,,mark-1,mark-1,Patristic homily linkage is not present in this repo and must be joined from the site corpus when George pushes.
rid_492fed4b559c28237ad9,Mark 1:35-39,Mark 1:35-39,Mark 1:35-39,17,17,0,copticchurch_date; katameros_cycle,The second Sunday of Tout | Matins | Gospel,awakening to praise and repentance,,mark-1,mark-1,Patristic homily linkage is not present in this repo and must be joined from the site corpus when George pushes.
rid_b547018ffcaa85ab6616,Mark 1:40-44,Mark 1:40-44,Mark 1:40-44,17,17,0,copticchurch_date; katameros_cycle,Tuesday of the fourth week of the holy fifty days | Matins | Gospel,awakening to praise and repentance,,mark-1,mark-1,Patristic homily linkage is not present in this repo and must be joined from the site corpus when George pushes.
rid_fc79833bb75de826b7fd,Mark 2:1-12,Mark 2:1-12,Mark 2:1-12,17,17,0,copticchurch_date; katameros_cycle,The first Sunday of Baba | Liturgy | Gospel,the Eucharistic gathering of the Church,,mark-2,mark-2,Patristic homily linkage is not present in this repo and must be joined from the site corpus when George pushes.
rid_12482d0c91aff1f01a26,Mark 2:13-17,Mark 2:13-17,Mark 2:13-17,16,16,0,copticchurch_date; katameros_cycle,Baba 12 | Matins | Gospel,awakening to praise and repentance,,mark-2,mark-2,Patristic homily linkage is not present in this repo and must be joined from the site corpus when George pushes.
rid_99ae9cead59d3777cc7f,Mark 2:18-22,Mark 2:18-22,Mark 2:18-22,17,17,0,copticchurch_date; katameros_cycle,Feast of Nayrouz - (Readings of the First of Tut) | Matins | Gospel || Tout 1 | Matins | Gospel,awakening to praise and repentance,,mark-2,mark-2,Patristic homily linkage is not present in this repo and must be joined from the site corpus when George pushes.
rid_e1e4658148b1cf57688f,Mark 2:3-13,Mark 2:3-13,Mark 2:3-13,17,17,0,copticchurch_date; katameros_cycle,Thursday of the first week of the holy fifty days | Vespers | Gospel,evening thanksgiving and watchfulness,,mark-2,mark-2,Patristic homily linkage is not present in this repo and must be joined from the site corpus when George pushes.
rid_a6664e9c88c49d81ff2d,Mark 3:22-27,Mark 3:22-27,Mark 3:22-27,33,33,0,copticchurch_date; katameros_cycle,Tout 21 | Matins | Gospel,awakening to praise and repentance,,mark-3,mark-3,Patristic homily linkage is not present in this repo and must be joined from the site corpus when George pushes.
rid_e3d03967e50508053def,Mark 3:22-34,Mark 3:22-34,Mark 3:22-34,13,13,0,copticchurch_date,The third Sunday of Mesra | Liturgy | Gospel,the Eucharistic gathering of the Church,,mark-3,mark-3,Patristic homily linkage is not present in this repo and must be joined from the site corpus when George pushes.
rid_e5b9bcd819253f65bfb6,Mark 3:22-35,Mark 3:22-35,Mark 3:22-35,1,1,0,katameros_cycle,Third Sunday of Misra | liturgy_gospel | liturgy_gospel,,,mark-3,mark-3,Patristic homily linkage is not present in this repo and must be joined from the site corpus when George pushes.
rid_a9523d0460a5ea788166,Mark 3:28-35,Mark 3:28-35,Mark 3:28-35,50,50,0,copticchurch_date; katameros_cycle,The fourth Sunday of Kiak | Matins | Gospel,awakening to praise and repentance; the Eucharistic gathering of the Church,,mark-3,mark-3,Patristic homily linkage is not present in this repo and must be joined from the site corpus when George pushes.
rid_23e0bd836678537cd059,Mark 3:31-35,Mark 3:31-35,Mark 3:31-35,17,17,0,copticchurch_date; katameros_cycle,Wednesday of the fourth week of the holy fifty days | Matins | Gospel,awakening to praise and repentance,,mark-3,mark-3,Patristic homily linkage is not present in this repo and must be joined from the site corpus when George pushes.
rid_0dcee82ae6752d98ad58,Mark 3:7-12,Mark 3:7-12,Mark 3:7-12,25,25,0,copticchurch_date; katameros_cycle,The second Sunday of Toba | Matins | Gospel || Thursday of the fourth week of Great Lent | Matins | Gospel,awakening to praise and repentance,,mark-3,mark-3,Patristic homily linkage is not present in this repo and must be joined from the site corpus when George pushes.
rid_2bd483556c91ffe90fc7,Mark 3:7-21,Mark 3:7-21,Mark 3:7-21,108,108,0,copticchurch_date; katameros_cycle,Abib 18 | Vespers | Gospel,evening thanksgiving and watchfulness,,mark-3,mark-3,Patristic homily linkage is not present in this repo and must be joined from the site corpus when George pushes.
rid_f2b89c4068903d5202b0,Mark 4:10-20,Mark 4:10-20,Mark 4:10-20,1,1,0,katameros_cycle,First Sunday of Hatur | vespers_gospel | vespers_gospel,,,mark-4,mark-4,Patristic homily linkage is not present in this repo and must be joined from the site corpus when George pushes.
rid_19a8ae89f6542d55483f,Mark 4:21-25,Mark 4:21-25,Mark 4:21-25,50,50,0,copticchurch_date; katameros_cycle,Thursday of the fourth week of the holy fifty days | Matins | Gospel,awakening to praise and repentance; evening thanksgiving and watchfulness,,mark-4,mark-4,Patristic homily linkage is not present in this repo and must be joined from the site corpus when George pushes.
rid_055358e32f12555af2d0,Mark 4:21-29,Mark 4:21-29,Mark 4:21-29,16,16,0,copticchurch_date; katameros_cycle,Thursday of the first week of Great Lent | Liturgy | Gospel,the Eucharistic gathering of the Church,,mark-4,mark-4,Patristic homily linkage is not present in this repo and must be joined from the site corpus when George pushes.
rid_c223ca0ac09398fa236f,Mark 4:26-29,Mark 4:26-29,Mark 4:26-29,17,17,0,copticchurch_date; katameros_cycle,Friday of the fourth week of the holy fifty days | Matins | Gospel,awakening to praise and repentance,,mark-4,mark-4,Patristic homily linkage is not present in this repo and must be joined from the site corpus when George pushes.
rid_83a8b38cb35fcbd4c907,Mark 4:30-34,Mark 4:30-34,Mark 4:30-34,34,34,0,copticchurch_date; katameros_cycle,Monday of the fifth week of the holy fifty days | Matins | Gospel,awakening to praise and repentance,,mark-4,mark-4,Patristic homily linkage is not present in this repo and must be joined from the site corpus when George pushes.
rid_428a5e6ab93413e9b51d,Mark 4:35-41,Mark 4:35-41,Mark 4:35-41,68,68,0,copticchurch_date; katameros_cycle,The third Sunday of Baba | Vespers | Gospel,awakening to praise and repentance; evening thanksgiving and watchfulness; the Eucharistic gathering of the Church,,mark-4,mark-4,Patristic homily linkage is not present in this repo and must be joined from the site corpus when George pushes.
rid_5429c24c82043b7bb282,Mark 5:21-43,Mark 5:21-43,Mark 5:21-43,17,17,0,copticchurch_date; katameros_cycle,Monday of the fifth week of the holy fifty days | Vespers | Gospel,evening thanksgiving and watchfulness,,mark-5,mark-5,Patristic homily linkage is not present in this repo and must be joined from the site corpus when George pushes.
rid_ae9d16282b49cebed612,Mark 6:14-29,Mark 6:14-29,Mark 6:14-29,15,15,0,copticchurch_date; katameros_cycle,Tout 2 | Liturgy | Gospel,the Eucharistic gathering of the Church,,mark-6,mark-6,Patristic homily linkage is not present in this repo and must be joined from the site corpus when George pushes.
rid_ef52e5451dafb7727d68,Mark 6:30-34,Mark 6:30-34,Mark 6:30-34,17,17,0,copticchurch_date; katameros_cycle,Monday of the sixth week of the holy fifty days | Vespers | Gospel,evening thanksgiving and watchfulness,,mark-6,mark-6,Patristic homily linkage is not present in this repo and must be joined from the site corpus when George pushes.
rid_b0673401d1e3fc6282f1,Mark 6:35-44,Mark 6:35-44,Mark 6:35-44,15,15,0,copticchurch_date; katameros_cycle,The fifth Sunday of Abib | Matins | Gospel || The fifth Sunday of Bashons | Matins | Gospel || The fifth Sunday of Mesra | Matins | Gospel || The fifth Sunday of Paona | Matins | Gospel || Fifth Sunday of Abib | matins_gospel | matins_gospel || Fifth Sunday of Baramhat | matins_gospel | matins_gospel || Fifth Sunday of Baramudah | matins_gospel | matins_gospel,awakening to praise and repentance,,mark-6,mark-6,Patristic homily linkage is not present in this repo and must be joined from the site corpus when George pushes.
rid_ada201dc1f7febb10341,Mark 6:45-56,Mark 6:45-56,Mark 6:45-56,15,15,0,copticchurch_date; katameros_cycle,The first Sunday of Mesra | Vespers | Gospel,evening thanksgiving and watchfulness,,mark-6,mark-6,Patristic homily linkage is not present in this repo and must be joined from the site corpus when George pushes.
rid_551e2399649f57139aa9,Mark 6:47-52,Mark 6:47-52,Mark 6:47-52,17,17,0,copticchurch_date; katameros_cycle,Wednesday of the fourth week of the holy fifty days | Vespers | Gospel,evening thanksgiving and watchfulness,,mark-6,mark-6,Patristic homily linkage is not present in this repo and must be joined from the site corpus when George pushes.
rid_dee346ab20e506858ca5,Mark 6:6-13,Mark 6:6-13,Mark 6:6-13,76,76,0,copticchurch_date; katameros_cycle,Abib 2 | Vespers | Gospel,evening thanksgiving and watchfulness,,mark-6,mark-6,Patristic homily linkage is not present in this repo and must be joined from the site corpus when George pushes.
rid_1960cb581339d451a16b,Mark 7:1-20,Mark 7:1-20,Mark 7:1-20,17,17,0,copticchurch_date; katameros_cycle,Wednesday of the sixth week of Great Lent | Matins | Gospel,awakening to praise and repentance,,mark-7,mark-7,Patristic homily linkage is not present in this repo and must be joined from the site corpus when George pushes.
rid_eee5ba9ce801121aa1fc,Mark 7:1-4,Mark 7:1-4,Mark 7:1-4,17,17,0,copticchurch_date; katameros_cycle,Thursday of the fourth week of the holy fifty days | Vespers | Gospel,evening thanksgiving and watchfulness,,mark-7,mark-7,Patristic homily linkage is not present in this repo and must be joined from the site corpus when George pushes.
rid_61775ea4bc692a03c20f,Mark 7:5-8,Mark 7:5-8,Mark 7:5-8,17,17,0,copticchurch_date; katameros_cycle,Thursday of the fifth week of the holy fifty days | Matins | Gospel,awakening to praise and repentance,,mark-7,mark-7,Patristic homily linkage is not present in this repo and must be joined from the site corpus when George pushes.
rid_227bec8a613b18104adc,Mark 8:10-15,Mark 8:10-15,Mark 8:10-15,17,17,0,copticchurch_date; katameros_cycle,Friday of the fourth week of the holy fifty days | Vespers | Gospel,evening thanksgiving and watchfulness,,mark-8,mark-8,Patristic homily linkage is not present in this repo and must be joined from the site corpus when George pushes.
rid_b896be490e3feca0d389,Mark 8:10-21,Mark 8:10-21,Mark 8:10-21,16,16,0,copticchurch_date,Jonah's Feast | Matins | Gospel,awakening to praise and repentance,,mark-8,mark-8,Patristic homily linkage is not present in this repo and must be joined from the site corpus when George pushes.
rid_9de2c575ac3e53eac3a3,Mark 8:22-26,Mark 8:22-26,Mark 8:22-26,17,17,0,copticchurch_date; katameros_cycle,Monday of the sixth week of the holy fifty days | Matins | Gospel,awakening to praise and repentance,,mark-8,mark-8,Patristic homily linkage is not present in this repo and must be joined from the site corpus when George pushes.
rid_3723016a737ab53da217,Mark 8:22-29,Mark 8:22-29,Mark 8:22-29,98,98,0,copticchurch_date; katameros_cycle,Amshir 11 | Matins | Gospel || Amshir 20 | Matins | Gospel,awakening to praise and repentance,,mark-8,mark-8,Patristic homily linkage is not present in this repo and must be joined from the site corpus when George pushes.
rid_ba1bb0c70fce2675fe62,Mark 8:27-33,Mark 8:27-33,Mark 8:27-33,1,0,1,pascha_source_text,Monday Eve | Ninth Hour | Gospel,the saving death of Christ and repentance,,mark-8,mark-8,Patristic homily linkage is not present in this repo and must be joined from the site corpus when George pushes.
rid_3ea189be98ad416c9c45,Mark 8:34-38,Mark 8:34-38,Mark 8:34-38,25,25,0,katameros_cycle,matins_gospel | matins_gospel,,,mark-8,mark-8,Patristic homily linkage is not present in this repo and must be joined from the site corpus when George pushes.
rid_e9ffb4c8193ca5db1abd,Mark 8:34-9,Mark 8:34-9,Mark 8:34-9,1,1,0,katameros_cycle,vespers_gospel | vespers_gospel,,,mark-8,mark-8,Patristic homily linkage is not present in this repo and must be joined from the site corpus when George pushes.
rid_d07db8507f5c44129ec1,Mark 8:34-9:1,Mark 8:34-9:1,Mark 8:34-9:1,284,284,0,copticchurch_date,Abib 19 | Matins | Gospel,awakening to praise and repentance; evening thanksgiving and watchfulness,,mark-8,mark-8,Patristic homily linkage is not present in this repo and must be joined from the site corpus when George pushes.
rid_2dc4f93407546fc3d949,Mark 9:1,Mark 9:1,Mark 9:1,25,25,0,katameros_cycle,matins_gospel | matins_gospel,,,mark-9,mark-9,Patristic homily linkage is not present in this repo and must be joined from the site corpus when George pushes.
rid_b2aabe1658ac1a148642,Mark 9:14-24,Mark 9:14-24,Mark 9:14-24,17,17,0,copticchurch_date; katameros_cycle,Tuesday of the fifth week of Great Lent | Matins | Gospel,awakening to praise and repentance,,mark-9,mark-9,Patristic homily linkage is not present in this repo and must be joined from the site corpus when George pushes.
rid_05d8239ab3e7704a9756,Mark 9:14-29,Mark 9:14-29,Mark 9:14-29,34,34,0,copticchurch_date; katameros_cycle,Tuesday of the seventh week of the holy fifty days | Vespers | Gospel,evening thanksgiving and watchfulness,,mark-9,mark-9,Patristic homily linkage is not present in this repo and must be joined from the site corpus when George pushes.
rid_c36d051a3e2085e3e072,Mark 9:2-13,Mark 9:2-13,Mark 9:2-13,18,18,0,copticchurch_date; katameros_cycle,Transfiguration | Liturgy | Gospel,the Eucharistic gathering of the Church,,mark-9,mark-9,Patristic homily linkage is not present in this repo and must be joined from the site corpus when George pushes.
rid_1587182a04380d188d6a,Mark 9:2-7,Mark 9:2-7,Mark 9:2-7,17,17,0,copticchurch_date; katameros_cycle,Friday of the sixth week of the holy fifty days | Matins | Gospel,awakening to praise and repentance,,mark-9,mark-9,Patristic homily linkage is not present in this repo and must be joined from the site corpus when George pushes.
rid_b5488768d7ed3c841aa7,Mark 9:25-29,Mark 9:25-29,Mark 9:25-29,17,17,0,copticchurch_date; katameros_cycle,Monday of the second week of Great Lent | Matins | Gospel,awakening to praise and repentance,,mark-9,mark-9,Patristic homily linkage is not present in this repo and must be joined from the site corpus when George pushes.
rid_bcb79aab7244262fd800,Mark 9:30-32,Mark 9:30-32,Mark 9:30-32,17,17,0,copticchurch_date; katameros_cycle,Tuesday of the sixth week of the holy fifty days | Matins | Gospel,awakening to praise and repentance,,mark-9,mark-9,Patristic homily linkage is not present in this repo and must be joined from the site corpus when George pushes.
rid_6e7c72682bbe1e7b6a96,Mark 9:33-37,Mark 9:33-37,Mark 9:33-37,17,17,0,copticchurch_date; katameros_cycle,Wednesday of the sixth week of the holy fifty days | Vespers | Gospel,evening thanksgiving and watchfulness,,mark-9,mark-9,Patristic homily linkage is not present in this repo and must be joined from the site corpus when George pushes.
rid_78d85f1ef4f51d90b1af,Mark 9:33-41,Mark 9:33-41,Mark 9:33-41,45,45,0,copticchurch_date; katameros_cycle,Baba 20 | Liturgy | Gospel,the Eucharistic gathering of the Church,,mark-9,mark-9,Patristic homily linkage is not present in this repo and must be joined from the site corpus when George pushes.
rid_1ccbfc8d0b2d76292955,Mark 9:33-50,Mark 9:33-50,Mark 9:33-50,1,1,0,katameros_cycle,liturgy_gospel | liturgy_gospel,,,mark-9,mark-9,Patristic homily linkage is not present in this repo and must be joined from the site corpus when George pushes.
rid_02c10ae4b144e7a936cc,Mark 9:38-42,Mark 9:38-42,Mark 9:38-42,17,17,0,copticchurch_date; katameros_cycle,Wednesday of the sixth week of the holy fifty days | Matins | Gospel,awakening to praise and repentance,,mark-9,mark-9,Patristic homily linkage is not present in this repo and must be joined from the site corpus when George pushes.
rid_fbb4043a71874e8bcfc9,Mark 9:43-50,Mark 9:43-50,Mark 9:43-50,17,17,0,copticchurch_date; katameros_cycle,Saturday of the second week of Great Lent | Matins | Gospel,awakening to praise and repentance,,mark-9,mark-9,Patristic homily linkage is not present in this repo and must be joined from the site corpus when George pushes.
rid_a26e116439fc5b82e20a,Matt 10:1-15,Matt 10:1-15,Matt 10:1-15,104,104,0,copticchurch_date; katameros_cycle,Abib 18 | Liturgy | Gospel,the Eucharistic gathering of the Church,,matt-10,matt-10,Patristic homily linkage is not present in this repo and must be joined from the site corpus when George pushes.
rid_1ef09277bc7b4ac91f24,Matt 10:1-8,Matt 10:1-8,Matt 10:1-8,2,2,0,special_service,palm_sunday | procession_station_06_holy_apostles | procession_station_06_holy_apostles || unction_of_the_sick | third_prayer | third_prayer,,,matt-10,matt-10,Patristic homily linkage is not present in this repo and must be joined from the site corpus when George pushes.
rid_2b2813eb574b2d914256,Matt 10:16-22,Matt 10:16-22,Matt 10:16-22,87,87,0,copticchurch_date; katameros_cycle,Abib 27 | Vespers | Gospel,evening thanksgiving and watchfulness,,matt-10,matt-10,Patristic homily linkage is not present in this repo and must be joined from the site corpus when George pushes.
rid_bbb864cf3f5191fc69c5,Matt 10:16-23,Matt 10:16-23,Matt 10:16-23,202,202,0,copticchurch_date; katameros_cycle,Abib 12 | Vespers | Gospel,evening thanksgiving and watchfulness,,matt-10,matt-10,Patristic homily linkage is not present in this repo and must be joined from the site corpus when George pushes.
rid_cdab176cfc55e6981df0,Matt 10:24-33,Matt 10:24-33,Matt 10:24-33,306,306,0,copticchurch_date; katameros_cycle,Abib 19 | Vespers | Gospel,evening thanksgiving and watchfulness,,matt-10,matt-10,Patristic homily linkage is not present in this repo and must be joined from the site corpus when George pushes.
rid_ea79bdd54bf7cef2a9eb,Matt 10:34-42,Matt 10:34-42,Matt 10:34-42,453,453,0,copticchurch_date; katameros_cycle,Abib 10 | Vespers | Gospel,awakening to praise and repentance; evening thanksgiving and watchfulness,,matt-10,matt-10,Patristic homily linkage is not present in this repo and must be joined from the site corpus when George pushes.
rid_ff6c075c99d63bde3bf5,Matt 11:11-15,Matt 11:11-15,Matt 11:11-15,17,17,0,copticchurch_date; katameros_cycle,Thursday of the second week of the holy fifty days | Vespers | Gospel,evening thanksgiving and watchfulness,,matt-11,matt-11,Patristic homily linkage is not present in this repo and must be joined from the site corpus when George pushes.
rid_bb62df1a4a49e3bbcbde,Matt 11:11-19,Matt 11:11-19,Matt 11:11-19,32,32,0,copticchurch_date; katameros_cycle,Paona 30 | Matins | Gospel,awakening to praise and repentance; evening thanksgiving and watchfulness,,matt-11,matt-11,Patristic homily linkage is not present in this repo and must be joined from the site corpus when George pushes.
rid_bc960740d7aeeaf5dc88,Matt 11:2-10,Matt 11:2-10,Matt 11:2-10,9,9,0,copticchurch_date; katameros_cycle,Paona 2 | Liturgy | Gospel || liturgy_gospel | liturgy_gospel,the Eucharistic gathering of the Church,,matt-11,matt-11,Patristic homily linkage is not present in this repo and must be joined from the site corpus when George pushes.
rid_037ec4ad3acdae8dadae,Matt 11:2-6,Matt 11:2-6,Matt 11:2-6,17,17,0,copticchurch_date; katameros_cycle,Thursday of the second week of the holy fifty days | Matins | Gospel,awakening to praise and repentance,,matt-11,matt-11,Patristic homily linkage is not present in this repo and must be joined from the site corpus when George pushes.
rid_c65267a1d5fcf061ea81,Matt 11:20-24,Matt 11:20-24,Matt 11:20-24,17,17,0,copticchurch_date; katameros_cycle,Friday of the third week of the holy fifty days | Vespers | Gospel,evening thanksgiving and watchfulness,,matt-11,matt-11,Patristic homily linkage is not present in this repo and must be joined from the site corpus when George pushes.
rid_e7bb3a3574a6dd6cbbce,Matt 11:20-30,Matt 11:20-30,Matt 11:20-30,17,17,0,copticchurch_date; katameros_cycle,Thursday of the second week of Great Lent | Matins | Gospel,awakening to praise and repentance,,matt-11,matt-11,Patristic homily linkage is not present in this repo and must be joined from the site corpus when George pushes.
rid_06f9ac3dcc84ba83ab75,Matt 11:25-30,Matt 11:25-30,Matt 11:25-30,64,64,0,copticchurch_date; katameros_cycle,Hator 24 | Vespers | Gospel,awakening to praise and repentance; evening thanksgiving and watchfulness,,matt-11,matt-11,Patristic homily linkage is not present in this repo and must be joined from the site corpus when George pushes.
rid_6d8d52b6341b8e102fb7,Matt 12:1-8,Matt 12:1-8,Matt 12:1-8,16,16,0,copticchurch_date; katameros_cycle,Hator 24 | Matins | Gospel,awakening to praise and repentance,,matt-12,matt-12,Patristic homily linkage is not present in this repo and must be joined from the site corpus when George pushes.
rid_37424e94554789b41fc3,Matt 12:15-23,Matt 12:15-23,Matt 12:15-23,28,28,0,copticchurch_date; katameros_cycle,Entrance into Egypt | Matins | Gospel || Kiak 30 | Vespers | Gospel,awakening to praise and repentance; evening thanksgiving and watchfulness,,matt-12,matt-12,Patristic homily linkage is not present in this repo and must be joined from the site corpus when George pushes.
rid_937b344d6fae1c32e14a,Matt 12:22-28,Matt 12:22-28,Matt 12:22-28,17,17,0,copticchurch_date; katameros_cycle,The third Sunday of Baba | Liturgy | Gospel,the Eucharistic gathering of the Church,,matt-12,matt-12,Patristic homily linkage is not present in this repo and must be joined from the site corpus when George pushes.
rid_74824fc5f55f86e37153,Matt 12:22-37,Matt 12:22-37,Matt 12:22-37,16,16,0,copticchurch_date; katameros_cycle,The third Sunday of Paona | Liturgy | Gospel,the Eucharistic gathering of the Church,,matt-12,matt-12,Patristic homily linkage is not present in this repo and must be joined from the site corpus when George pushes.
rid_8bd8c1d0b59b3e302f06,Matt 12:24-34,Matt 12:24-34,Matt 12:24-34,1,1,0,katameros_cycle,matins_gospel | matins_gospel,,,matt-12,matt-12,Patristic homily linkage is not present in this repo and must be joined from the site corpus when George pushes.
rid_f15ed4306cff1e1abf32,Matt 12:35-50,Matt 12:35-50,Matt 12:35-50,62,62,0,copticchurch_date; katameros_cycle,Fast of Ninevah | Matins | Gospel || Kiak 3 | Matins | Gospel,awakening to praise and repentance,,matt-12,matt-12,Patristic homily linkage is not present in this repo and must be joined from the site corpus when George pushes.
rid_23c61e14813bea430d5a,Matt 12:9-23,Matt 12:9-23,Matt 12:9-23,78,78,0,copticchurch_date; katameros_cycle,Abib 25 | Liturgy | Gospel,the Eucharistic gathering of the Church,,matt-12,matt-12,Patristic homily linkage is not present in this repo and must be joined from the site corpus when George pushes.
rid_ab3f5ab843f6b71dfd34,Matt 13:1-9,Matt 13:1-9,Matt 13:1-9,17,17,0,copticchurch_date; katameros_cycle,The second Sunday of Hator | Liturgy | Gospel,the Eucharistic gathering of the Church,,matt-13,matt-13,Patristic homily linkage is not present in this repo and must be joined from the site corpus when George pushes.
rid_b06fe81474d799d365ce,Matt 13:24-43,Matt 13:24-43,Matt 13:24-43,26,26,0,copticchurch_date; katameros_cycle,Hator 12 | Liturgy | Gospel,the Eucharistic gathering of the Church,,matt-13,matt-13,Patristic homily linkage is not present in this repo and must be joined from the site corpus when George pushes.
rid_f0b6dc17cd9e0dedaf2d,Matt 13:44-52,Matt 13:44-52,Matt 13:44-52,43,43,0,copticchurch_date; katameros_cycle,Feast of Nayrouz - (Readings of the First of Tut) | Vespers | Gospel || Hator 12 | Vespers | Gospel,evening thanksgiving and watchfulness,,matt-13,matt-13,Patristic homily linkage is not present in this repo and must be joined from the site corpus when George pushes.
rid_40f8e3cd6228a851d482,Matt 13:44-53,Matt 13:44-53,Matt 13:44-53,1,1,0,special_service,palm_sunday | procession_station_04_archangel_michael | procession_station_04_archangel_michael,,,matt-13,matt-13,Patristic homily linkage is not present in this repo and must be joined from the site corpus when George pushes.
rid_2145721e4fcc35034f86,Matt 13:53-58,Matt 13:53-58,Matt 13:53-58,31,31,0,copticchurch_date; katameros_cycle,Mesra 30 | Vespers | Gospel,evening thanksgiving and watchfulness,,matt-13,matt-13,Patristic homily linkage is not present in this repo and must be joined from the site corpus when George pushes.
rid_7be2a37ebca10adca7ea,Matt 14:1-12,Matt 14:1-12,Matt 14:1-12,15,15,0,copticchurch_date; katameros_cycle,Tout 2 | Vespers | Gospel,evening thanksgiving and watchfulness,,matt-14,matt-14,Patristic homily linkage is not present in this repo and must be joined from the site corpus when George pushes.
rid_7c4414603ce18dc6d490,Matt 14:1-5,Matt 14:1-5,Matt 14:1-5,14,14,0,copticchurch_date; katameros_cycle,Mesra 30 | Matins | Gospel,awakening to praise and repentance,,matt-14,matt-14,Patristic homily linkage is not present in this repo and must be joined from the site corpus when George pushes.
rid_7173da54b6523438d22d,Matt 14:15-21,Matt 14:15-21,Matt 14:15-21,48,48,0,copticchurch_date; katameros_cycle,The fifth Sunday of Abib | Vespers | Gospel || The fifth Sunday of Bashons | Vespers | Gospel || The fifth Sunday of Mesra | Vespers | Gospel || The fifth Sunday of Paona | Vespers | Gospel || The first Sunday of Baba | Vespers | Gospel,evening thanksgiving and watchfulness,,matt-14,matt-14,Patristic homily linkage is not present in this repo and must be joined from the site corpus when George pushes.
rid_bc837fbd76ae9ee2ca3c,Matt 14:22-26,Matt 14:22-26,Matt 14:22-26,16,16,0,copticchurch_date,The fourth Sunday of Baba | Vespers | Gospel,evening thanksgiving and watchfulness,,matt-14,matt-14,Patristic homily linkage is not present in this repo and must be joined from the site corpus when George pushes.
rid_08a0ce7f310caefbd887,Matt 14:22-36,Matt 14:22-36,Matt 14:22-36,10,10,0,copticchurch_date; katameros_cycle,The second Sunday of Toba | Vespers | Gospel || Fourth Sunday of Babah | vespers_gospel | vespers_gospel || Second Sunday of Tubah | vespers_gospel | vespers_gospel,evening thanksgiving and watchfulness,,matt-14,matt-14,Patristic homily linkage is not present in this repo and must be joined from the site corpus when George pushes.
rid_c83335a4fa156eb0397c,Matt 14:23-33,Matt 14:23-33,Matt 14:23-33,17,17,0,copticchurch_date; katameros_cycle,Monday of the second week of the holy fifty days | Vespers | Gospel,evening thanksgiving and watchfulness,,matt-14,matt-14,Patristic homily linkage is not present in this repo and must be joined from the site corpus when George pushes.
rid_9b8a1d3e41518d6db83a,Matt 15:1-11,Matt 15:1-11,Matt 15:1-11,15,15,0,copticchurch_date; katameros_cycle,Mesra 29 | Vespers | Gospel,evening thanksgiving and watchfulness,,matt-15,matt-15,Patristic homily linkage is not present in this repo and must be joined from the site corpus when George pushes.
rid_38392da17aebca66746d,Matt 15:1-20,Matt 15:1-20,Matt 15:1-20,17,17,0,copticchurch_date; katameros_cycle,Sunday of the third week of Great Lent | Vespers | Gospel,evening thanksgiving and watchfulness,,matt-15,matt-15,Patristic homily linkage is not present in this repo and must be joined from the site corpus when George pushes.
rid_944de72ab8333eed826b,Matt 15:12-20,Matt 15:12-20,Matt 15:12-20,15,15,0,copticchurch_date; katameros_cycle,Mesra 29 | Matins | Gospel,awakening to praise and repentance,,matt-15,matt-15,Patristic homily linkage is not present in this repo and must be joined from the site corpus when George pushes.
rid_9a6a12c00d2a4fed5504,Matt 15:21-28,Matt 15:21-28,Matt 15:21-28,17,17,0,copticchurch_date; katameros_cycle,The fourth Sunday of Tout | Matins | Gospel,awakening to praise and repentance,,matt-15,matt-15,Patristic homily linkage is not present in this repo and must be joined from the site corpus when George pushes.
rid_66c05e936dc1cb3bf3b8,Matt 15:21-31,Matt 15:21-31,Matt 15:21-31,34,34,0,copticchurch_date; katameros_cycle,Friday of the fourth week of Great Lent | Liturgy | Gospel,awakening to praise and repentance; the Eucharistic gathering of the Church,,matt-15,matt-15,Patristic homily linkage is not present in this repo and must be joined from the site corpus when George pushes.
rid_0c9e6d54f0b64375ccc1,Matt 15:29-31,Matt 15:29-31,Matt 15:29-31,17,17,0,copticchurch_date; katameros_cycle,Saturday of the third week of the holy fifty days | Vespers | Gospel,evening thanksgiving and watchfulness,,matt-15,matt-15,Patristic homily linkage is not present in this repo and must be joined from the site corpus when George pushes.
rid_41cccbd956afda4dca87,Matt 15:32-16:4,Matt 15:32-16:4,Matt 15:32-16:4,16,16,0,copticchurch_date,Wednesday of Ninevah's Fast | Liturgy | Gospel,the Eucharistic gathering of the Church,,matt-15,matt-15,Patristic homily linkage is not present in this repo and must be joined from the site corpus when George pushes.
rid_6cd3553f76f668da8805,Matt 15:32-38,Matt 15:32-38,Matt 15:32-38,17,17,0,copticchurch_date; katameros_cycle,Wednesday of the second week of Great Lent | Liturgy | Gospel,the Eucharistic gathering of the Church,,matt-15,matt-15,Patristic homily linkage is not present in this repo and must be joined from the site corpus when George pushes.
rid_effc7629b9f4de1d428f,Matt 15:39,Matt 15:39,Matt 15:39,1,1,0,katameros_cycle,matins_gospel | matins_gospel,,,matt-15,matt-15,Patristic homily linkage is not present in this repo and must be joined from the site corpus when George pushes.
rid_ad761dcaab337895eb8c,Matt 15:39-16:12,Matt 15:39-16:12,Matt 15:39-16:12,13,13,0,copticchurch_date,Friday of the second week of Great Lent | Matins | Gospel,awakening to praise and repentance,,matt-15,matt-15,Patristic homily linkage is not present in this repo and must be joined from the site corpus when George pushes.
rid_7344598c4ea5627c3711,Matt 16:1-12,Matt 16:1-12,Matt 16:1-12,1,1,0,katameros_cycle,matins_gospel | matins_gospel,,,matt-16,matt-16,Patristic homily linkage is not present in this repo and must be joined from the site corpus when George pushes.
rid_23356303ca5162d8c13b,Matt 16:13-19,Matt 16:13-19,Matt 16:13-19,403,403,0,copticchurch_date; katameros_cycle,Abib 14 | Vespers | Gospel,evening thanksgiving and watchfulness; the Eucharistic gathering of the Church,,matt-16,matt-16,Patristic homily linkage is not present in this repo and must be joined from the site corpus when George pushes.
rid_6105fa8c8566c7489db8,Matt 16:21-23,Matt 16:21-23,Matt 16:21-23,17,17,0,copticchurch_date; katameros_cycle,Friday of the second week of the holy fifty days | Matins | Gospel,awakening to praise and repentance,,matt-16,matt-16,Patristic homily linkage is not present in this repo and must be joined from the site corpus when George pushes.
rid_71fbfe15dadcf0c7a58b,Matt 16:21-26,Matt 16:21-26,Matt 16:21-26,17,17,0,copticchurch_date; katameros_cycle,"Sunday, Tout 19 (Feast of the Cross) | Vespers | Gospel || Tout 19 (Feast of the Cross) | Vespers | Gospel",evening thanksgiving and watchfulness,,matt-16,matt-16,Patristic homily linkage is not present in this repo and must be joined from the site corpus when George pushes.
rid_ccab95826fc87dbb6a67,Matt 16:24-28,Matt 16:24-28,Matt 16:24-28,254,254,0,bright_saturday_service_order; copticchurch_date; katameros_cycle; special_service,Bright Saturday | 3rd Hour | Psalm + Gospel || Abib 11 | Vespers | Gospel,evening thanksgiving and watchfulness,,matt-16,matt-16,Patristic homily linkage is not present in this repo and must be joined from the site corpus when George pushes.
rid_a1d532171f75bcd60361,Matt 17:1-13,Matt 17:1-13,Matt 17:1-13,8,8,0,copticchurch_date; katameros_cycle,The first Sunday of Paona | Vespers | Gospel || First Sunday of Baunahh | vespers_gospel | vespers_gospel,evening thanksgiving and watchfulness,,matt-17,matt-17,Patristic homily linkage is not present in this repo and must be joined from the site corpus when George pushes.
rid_90f9856d0b9722750c38,Matt 17:1-9,Matt 17:1-9,Matt 17:1-9,246,246,0,copticchurch_date; katameros_cycle,Abib 26 | Matins | Gospel,awakening to praise and repentance,,matt-17,matt-17,Patristic homily linkage is not present in this repo and must be joined from the site corpus when George pushes.
rid_b32dfab3bf690cd8171a,Matt 17:10-13,Matt 17:10-13,Matt 17:10-13,17,17,0,copticchurch_date; katameros_cycle,Monday of the third week of the holy fifty days | Matins | Gospel,awakening to praise and repentance,,matt-17,matt-17,Patristic homily linkage is not present in this repo and must be joined from the site corpus when George pushes.
rid_f118e4711738a2859ae1,Matt 17:14-18,Matt 17:14-18,Matt 17:14-18,17,17,0,copticchurch_date; katameros_cycle,Friday of the second week of the holy fifty days | Vespers | Gospel,evening thanksgiving and watchfulness,,matt-17,matt-17,Patristic homily linkage is not present in this repo and must be joined from the site corpus when George pushes.
rid_34651ad236f753d39cab,Matt 17:14-21,Matt 17:14-21,Matt 17:14-21,17,17,0,copticchurch_date; katameros_cycle,The fourth Sunday of Hator | Vespers | Gospel,evening thanksgiving and watchfulness,,matt-17,matt-17,Patristic homily linkage is not present in this repo and must be joined from the site corpus when George pushes.
rid_fbe720df2033b694cf9b,Matt 17:19-23,Matt 17:19-23,Matt 17:19-23,18,17,1,copticchurch_date; katameros_cycle; pascha_source_text,Tuesday of the second week of the holy fifty days | Vespers | Gospel,evening thanksgiving and watchfulness; the late call to repentance and mercy,,matt-17,matt-17,Patristic homily linkage is not present in this repo and must be joined from the site corpus when George pushes.
rid_67ec31ae20b630703928,Matt 17:20-23,Matt 17:20-23,Matt 17:20-23,17,17,0,copticchurch_date; katameros_cycle,Tuesday of the third week of the holy fifty days | Matins | Gospel,awakening to praise and repentance,,matt-17,matt-17,Patristic homily linkage is not present in this repo and must be joined from the site corpus when George pushes.
rid_948eab62c85cd6236ce9,Matt 17:24-27,Matt 17:24-27,Matt 17:24-27,17,17,0,copticchurch_date; katameros_cycle,The second Sunday of Baba | Vespers | Gospel,evening thanksgiving and watchfulness,,matt-17,matt-17,Patristic homily linkage is not present in this repo and must be joined from the site corpus when George pushes.
rid_4a5d813c6da3ea5dab20,Matt 18:1-5,Matt 18:1-5,Matt 18:1-5,17,17,0,copticchurch_date; katameros_cycle,Monday of the third week of the holy fifty days | Vespers | Gospel,evening thanksgiving and watchfulness,,matt-18,matt-18,Patristic homily linkage is not present in this repo and must be joined from the site corpus when George pushes.
rid_c7deb5f754e217be96ea,Matt 18:1-7,Matt 18:1-7,Matt 18:1-7,25,25,0,copticchurch_date; katameros_cycle,Amshir 7 | Vespers | Gospel || Fast of Ninevah | Vespers | Gospel || Toba 3 | Vespers | Gospel,evening thanksgiving and watchfulness,,matt-18,matt-18,Patristic homily linkage is not present in this repo and must be joined from the site corpus when George pushes.
rid_ae79e598ddf290ac185f,Matt 18:1-9,Matt 18:1-9,Matt 18:1-9,17,17,0,copticchurch_date; katameros_cycle,The second Sunday of Abib | Liturgy | Gospel,the Eucharistic gathering of the Church,,matt-18,matt-18,Patristic homily linkage is not present in this repo and must be joined from the site corpus when George pushes.
rid_7315e3eb01077d30448f,Matt 18:10-20,Matt 18:10-20,Matt 18:10-20,85,85,0,copticchurch_date; katameros_cycle,Amshir 7 | Matins | Gospel || Fast of Ninevah | Matins | Gospel || Kiak 22 | Matins | Gospel,awakening to praise and repentance; the Eucharistic gathering of the Church,,matt-18,matt-18,Patristic homily linkage is not present in this repo and must be joined from the site corpus when George pushes.
rid_21df56714b88292e1e4a,Matt 18:23-35,Matt 18:23-35,Matt 18:23-35,15,15,0,copticchurch_date; katameros_cycle,Saturday of the third week of Great Lent | Liturgy | Gospel,the Eucharistic gathering of the Church,,matt-18,matt-18,Patristic homily linkage is not present in this repo and must be joined from the site corpus when George pushes.
rid_6998c184da2de4f40b54,Matt 18:6-7,Matt 18:6-7,Matt 18:6-7,17,17,0,copticchurch_date; katameros_cycle,Tuesday of the third week of the holy fifty days | Vespers | Gospel,evening thanksgiving and watchfulness,,matt-18,matt-18,Patristic homily linkage is not present in this repo and must be joined from the site corpus when George pushes.
rid_d6caf41e966966e74d78,Matt 19:1-12,Matt 19:1-12,Matt 19:1-12,30,30,0,copticchurch_date; katameros_cycle,Baba 6 | Vespers | Gospel,evening thanksgiving and watchfulness,,matt-19,matt-19,Patristic homily linkage is not present in this repo and must be joined from the site corpus when George pushes.
rid_99b65b301c403b103eae,Matt 19:1-6,Matt 19:1-6,Matt 19:1-6,1,1,0,special_service,wedding_crowning | main_readings | main_readings,,,matt-19,matt-19,Patristic homily linkage is not present in this repo and must be joined from the site corpus when George pushes.
rid_eff4f30d94f355933098,Matt 19:16-30,Matt 19:16-30,Matt 19:16-30,17,17,0,copticchurch_date; katameros_cycle,Thursday of the second week of Great Lent | Liturgy | Gospel,the Eucharistic gathering of the Church,,matt-19,matt-19,Patristic homily linkage is not present in this repo and must be joined from the site corpus when George pushes.
rid_a004dadd4c0a8fc5c27e,Matt 1:1-17,Matt 1:1-17,Matt 1:1-17,21,21,0,copticchurch_date; katameros_cycle,Christmas Paramoune | Vespers | Gospel,evening thanksgiving and watchfulness,,matt-1,matt-1,Patristic homily linkage is not present in this repo and must be joined from the site corpus when George pushes.
rid_db4b9e0678c935e5f3f6,Matt 1:18-25,Matt 1:18-25,Matt 1:18-25,21,21,0,copticchurch_date; katameros_cycle,Christmas Paramoune | Matins | Gospel,awakening to praise and repentance,,matt-1,matt-1,Patristic homily linkage is not present in this repo and must be joined from the site corpus when George pushes.
rid_ab78db0e1c5277648093,Matt 20:1-16,Matt 20:1-16,Matt 20:1-16,17,17,0,copticchurch_date; katameros_cycle,Sunday of the third week of Great Lent | Matins | Gospel,awakening to praise and repentance,,matt-20,matt-20,Patristic homily linkage is not present in this repo and must be joined from the site corpus when George pushes.
rid_e97a70f07c5d761178bb,Matt 20:17-19,Matt 20:17-19,Matt 20:17-19,17,17,0,copticchurch_date; katameros_cycle,Wednesday of the third week of the holy fifty days | Matins | Gospel,awakening to praise and repentance,,matt-20,matt-20,Patristic homily linkage is not present in this repo and must be joined from the site corpus when George pushes.
rid_3f05adb088ea4fb9b1e9,Matt 20:20-28,Matt 20:20-28,Matt 20:20-28,18,18,0,copticchurch_date; katameros_cycle; pascha_day_hour,Thursday of the seventh week of Great Lent | Matins | Gospel,awakening to praise and repentance; the late call to repentance and mercy,,matt-20,matt-20,Patristic homily linkage is not present in this repo and must be joined from the site corpus when George pushes.
rid_4de2eb0c01c816c29733,Matt 20:29-33,Matt 20:29-33,Matt 20:29-33,16,16,0,copticchurch_date,Wednesday of the third week of the holy fifty days | Vespers | Gospel,evening thanksgiving and watchfulness,,matt-20,matt-20,Patristic homily linkage is not present in this repo and must be joined from the site corpus when George pushes.
rid_a4af8cee45fc46547534,Matt 20:29-34,Matt 20:29-34,Matt 20:29-34,1,1,0,katameros_cycle,vespers_gospel | vespers_gospel,,,matt-20,matt-20,Patristic homily linkage is not present in this repo and must be joined from the site corpus when George pushes.
rid_fd4339205c64884582cf,Matt 21:1-11,Matt 21:1-11,Matt 21:1-11,1,1,0,special_service,palm_sunday | procession_station_11_southern_door | procession_station_11_southern_door,,,matt-21,matt-21,Patristic homily linkage is not present in this repo and must be joined from the site corpus when George pushes.
rid_c41957d659db423dcab9,Matt 21:1-17,Matt 21:1-17,Matt 21:1-17,19,19,0,copticchurch_date; katameros_cycle; pascha_day_hour; special_service,Palm Sunday | Liturgy | Gospel,the Eucharistic gathering of the Church,,matt-21,matt-21,Patristic homily linkage is not present in this repo and must be joined from the site corpus when George pushes.
rid_febdbadd9aea980d2dbb,Matt 21:10-17,Matt 21:10-17,Matt 21:10-17,1,1,0,pascha_day_hour,Hosanna Sunday | Ninth Hour | Psalm+Gospel,the saving death of Christ and repentance,,matt-21,matt-21,Patristic homily linkage is not present in this repo and must be joined from the site corpus when George pushes.
rid_68809512622d19856234,Matt 21:23-27,Matt 21:23-27,Matt 21:23-27,19,19,0,copticchurch_date; katameros_cycle; pascha_day_hour,The first Sunday of Tout | Matins | Gospel,awakening to praise and repentance; the saving death of Christ and repentance,,matt-21,matt-21,Patristic homily linkage is not present in this repo and must be joined from the site corpus when George pushes.
rid_d2390b763a5df2a55b60,Matt 21:28-32,Matt 21:28-32,Matt 21:28-32,17,17,0,copticchurch_date; katameros_cycle,Tuesday of the fourth week of Great Lent | Matins | Gospel,awakening to praise and repentance,,matt-21,matt-21,Patristic homily linkage is not present in this repo and must be joined from the site corpus when George pushes.
rid_2f323268ca611fef544c,Matt 21:33-45,Matt 21:33-45,Matt 21:33-45,16,16,0,copticchurch_date,Saturday of the fourth week of Great Lent | Liturgy | Gospel,the Eucharistic gathering of the Church,,matt-21,matt-21,Patristic homily linkage is not present in this repo and must be joined from the site corpus when George pushes.
rid_f80ce34ef4f5435430fe,Matt 21:33-46,Matt 21:33-46,Matt 21:33-46,16,16,0,copticchurch_date; katameros_cycle,Sunday of the fifth week of Great Lent | Matins | Gospel,awakening to praise and repentance,,matt-21,matt-21,Patristic homily linkage is not present in this repo and must be joined from the site corpus when George pushes.
rid_067caec0901dc9284fdd,Matt 22:1-14,Matt 22:1-14,Matt 22:1-14,15,14,1,copticchurch_date; katameros_cycle; pascha_source_text,Sunday of the fourth week of Great Lent | Matins | Gospel,awakening to praise and repentance; the beginning of the day and watchfulness,,matt-22,matt-22,Patristic homily linkage is not present in this repo and must be joined from the site corpus when George pushes.
rid_22a444a6ccc923e74f8e,Matt 22:34-40,Matt 22:34-40,Matt 22:34-40,18,18,0,copticchurch_date; katameros_cycle,Thursday of the third week of the holy fifty days | Matins | Gospel,awakening to praise and repentance,,matt-22,matt-22,Patristic homily linkage is not present in this repo and must be joined from the site corpus when George pushes.
rid_f3f2e73ec6afa8fb73e0,Matt 22:35-46,Matt 22:35-46,Matt 22:35-46,1,1,0,katameros_cycle,liturgy_gospel | liturgy_gospel,,,matt-22,matt-22,Patristic homily linkage is not present in this repo and must be joined from the site corpus when George pushes.
rid_c19f6ca95883077ff177,Matt 22:41-46,Matt 22:41-46,Matt 22:41-46,34,34,0,copticchurch_date; katameros_cycle,Friday of the third week of the holy fifty days | Matins | Gospel,awakening to praise and repentance; evening thanksgiving and watchfulness,,matt-22,matt-22,Patristic homily linkage is not present in this repo and must be joined from the site corpus when George pushes.
rid_9c0b4293b80baf411424,Matt 23:1-39,Matt 23:1-39,Matt 23:1-39,17,17,0,copticchurch_date; katameros_cycle,Sunday of the sixth week of Great Lent | Matins | Gospel,awakening to praise and repentance,,matt-23,matt-23,Patristic homily linkage is not present in this repo and must be joined from the site corpus when George pushes.
rid_84ed6fb31aac63feec5f,Matt 23:13-26,Matt 23:13-26,Matt 23:13-26,97,97,0,copticchurch_date,Abib 26 | Liturgy | Gospel,the Eucharistic gathering of the Church,,matt-23,matt-23,Patristic homily linkage is not present in this repo and must be joined from the site corpus when George pushes.
rid_7c71f36964601d23c46a,Matt 23:13-36,Matt 23:13-36,Matt 23:13-36,131,131,0,copticchurch_date; katameros_cycle,Amshir 26 | Liturgy | Gospel || Baba 21 | Liturgy | Gospel,the Eucharistic gathering of the Church,,matt-23,matt-23,Patristic homily linkage is not present in this repo and must be joined from the site corpus when George pushes.
rid_3c38471e9828c00a8af8,Matt 23:13-39,Matt 23:13-39,Matt 23:13-39,1,1,0,katameros_cycle,liturgy_gospel | liturgy_gospel,,,matt-23,matt-23,Patristic homily linkage is not present in this repo and must be joined from the site corpus when George pushes.
rid_bc77b80fde4a799cf0f9,Matt 23:14-39,Matt 23:14-39,Matt 23:14-39,15,15,0,copticchurch_date,Saturday of the fifth week of Great Lent | Liturgy | Gospel,the Eucharistic gathering of the Church,,matt-23,matt-23,Patristic homily linkage is not present in this repo and must be joined from the site corpus when George pushes.
rid_d65723c38c9c1d636c4e,Matt 23:29-36,Matt 23:29-36,Matt 23:29-36,1,0,1,pascha_source_text,Wednesday Eve | Ninth Hour | Gospel,the saving death of Christ and repentance,,matt-23,matt-23,Patristic homily linkage is not present in this repo and must be joined from the site corpus when George pushes.
rid_9b1dabfd305d19da4f68,Matt 23:37-24:2,Matt 23:37-24:2,Matt 23:37-24:2,1,0,1,pascha_source_text,Tuesday | Third Hour | Gospel,the descent of the Holy Spirit and the trial of the heart,,matt-23,matt-23,Patristic homily linkage is not present in this repo and must be joined from the site corpus when George pushes.
rid_0235a0e85b16bc465a27,Matt 24:3-35,Matt 24:3-35,Matt 24:3-35,13,12,1,copticchurch_date; katameros_cycle; pascha_source_text,The first Sunday of Nasie | Liturgy | Gospel || Sunday of Nasie | liturgy_gospel | liturgy_gospel,the Eucharistic gathering of the Church; the saving death of Christ and repentance,,matt-24,matt-24,Patristic homily linkage is not present in this repo and must be joined from the site corpus when George pushes.
rid_bfedafb928b1c2a873a2,Matt 24:36-51,Matt 24:36-51,Matt 24:36-51,1,0,1,pascha_source_text,Wednesday Eve | Third Hour | Gospel,the descent of the Holy Spirit and the trial of the heart,,matt-24,matt-24,Patristic homily linkage is not present in this repo and must be joined from the site corpus when George pushes.
rid_7f57959f19458a944d69,Matt 24:42-47,Matt 24:42-47,Matt 24:42-47,233,233,0,copticchurch_date; katameros_cycle,Amshir 12 | Vespers | Gospel || Amshir 15 | Vespers | Gospel,evening thanksgiving and watchfulness,,matt-24,matt-24,Patristic homily linkage is not present in this repo and must be joined from the site corpus when George pushes.
rid_32c43e508ddf3a451683,Matt 25:1-13,Matt 25:1-13,Matt 25:1-13,251,250,1,agpeya; copticchurch_date; katameros_cycle; pascha_source_text,Midnight Prayer - First Watch | Midnight Prayer - First Watch | gospel || Abib 1 | Liturgy | Gospel,the Cross and the Lord's willing suffering; the Eucharistic gathering of the Church,,matt-25,matt-25,Patristic homily linkage is not present in this repo and must be joined from the site corpus when George pushes.
rid_e7e17e68ca54c1f75f65,Matt 25:14-23,Matt 25:14-23,Matt 25:14-23,269,269,0,copticchurch_date; katameros_cycle,Abib 7 | Matins | Gospel,awakening to praise and repentance; evening thanksgiving and watchfulness,,matt-25,matt-25,Patristic homily linkage is not present in this repo and must be joined from the site corpus when George pushes.
rid_3bc4b2afd00d29375c46,Matt 25:14-26:2,Matt 25:14-26:2,Matt 25:14-26:2,1,0,1,pascha_source_text,Tuesday | Eleventh Hour | Gospel,the late call to repentance and mercy,,matt-25,matt-25,Patristic homily linkage is not present in this repo and must be joined from the site corpus when George pushes.
rid_aced6b77a8e9dca5153a,Matt 25:31-46,Matt 25:31-46,Matt 25:31-46,14,14,0,copticchurch_date; katameros_cycle,Paona 13 | Liturgy | Gospel,the Eucharistic gathering of the Church,,matt-25,matt-25,Patristic homily linkage is not present in this repo and must be joined from the site corpus when George pushes.
rid_58ec1a2b587e270899b4,Matt 25:32-46,Matt 25:32-46,Matt 25:32-46,14,14,0,copticchurch_date,Nasie 3 | Liturgy | Gospel,the Eucharistic gathering of the Church,,matt-25,matt-25,Patristic homily linkage is not present in this repo and must be joined from the site corpus when George pushes.
rid_a3e2c8af7f4595282adb,Matt 26:17-19,Matt 26:17-19,Matt 26:17-19,2,2,0,pascha_day_hour,Great Thursday | Ninth Hour | Psalm+Gospel || Great Thursday | Third Hour | Psalm+Gospel,the descent of the Holy Spirit and the trial of the heart; the saving death of Christ and repentance,,matt-26,matt-26,Patristic homily linkage is not present in this repo and must be joined from the site corpus when George pushes.
rid_d4896e0e8c34cd17fa1c,Matt 26:20-29,Matt 26:20-29,Matt 26:20-29,1,0,1,pascha_source_text,the Covenant Thursday | Liturgy | Gospel,the Eucharistic gathering of the Church,,matt-26,matt-26,Patristic homily linkage is not present in this repo and must be joined from the site corpus when George pushes.
rid_ee62ed11065129a5f12c,Matt 26:3-16,Matt 26:3-16,Matt 26:3-16,3,2,1,coptic_reader_fixture; pascha_day_hour; pascha_source_text,Wednesday | Ninth Hour | Psalm+Gospel || Great Thursday | Ninth Hour | Gospel || Wednesday | Ninth Hour | gospel,the saving death of Christ and repentance,,matt-26,matt-26,Patristic homily linkage is not present in this repo and must be joined from the site corpus when George pushes.
rid_e0e34ff78ea55157b2aa,Matt 26:30-35,Matt 26:30-35,Matt 26:30-35,2,1,1,pascha_day_hour; pascha_source_text,Great Thursday Eve | Third Hour | Psalm+Gospel || Good Friday Eve | Third Hour | Gospel,the descent of the Holy Spirit and the trial of the heart,,matt-26,matt-26,Patristic homily linkage is not present in this repo and must be joined from the site corpus when George pushes.
rid_81b030906fd3b5f4e131,Matt 26:36-46,Matt 26:36-46,Matt 26:36-46,2,1,1,pascha_day_hour; pascha_source_text,Great Thursday Eve | Sixth Hour | Psalm+Gospel || Good Friday Eve | Sixth Hour | Gospel,the Cross and the Lord's willing suffering,,matt-26,matt-26,Patristic homily linkage is not present in this repo and must be joined from the site corpus when George pushes.
rid_3fef339e84720cf43736,Matt 26:47-58,Matt 26:47-58,Matt 26:47-58,2,1,1,pascha_day_hour; pascha_source_text,Great Thursday Eve | Ninth Hour | Psalm+Gospel || Good Friday Eve | Ninth Hour | Gospel,the saving death of Christ and repentance,,matt-26,matt-26,Patristic homily linkage is not present in this repo and must be joined from the site corpus when George pushes.
rid_d17124a46d930986c11b,Matt 26:59-75,Matt 26:59-75,Matt 26:59-75,2,1,1,pascha_day_hour; pascha_source_text,Great Thursday Eve | Eleventh Hour | Psalm+Gospel || Good Friday Eve | Eleventh Hour | Gospel,the late call to repentance and mercy,,matt-26,matt-26,Patristic homily linkage is not present in this repo and must be joined from the site corpus when George pushes.
rid_a2305e5f7df71ec0722c,Matt 26:6-13,Matt 26:6-13,Matt 26:6-13,251,251,0,copticchurch_date; katameros_cycle; special_service,Abib 1 | Vespers | Gospel,evening thanksgiving and watchfulness,,matt-26,matt-26,Patristic homily linkage is not present in this repo and must be joined from the site corpus when George pushes.
rid_eb2cbf4361420fe5dd30,Matt 27:1-14,Matt 27:1-14,Matt 27:1-14,1,1,0,pascha_day_hour,Good Friday | First Hour | Psalm+Gospel,the beginning of the day and watchfulness,,matt-27,matt-27,Patristic homily linkage is not present in this repo and must be joined from the site corpus when George pushes.
rid_9e88db33cb573e2da938,Matt 27:15-26,Matt 27:15-26,Matt 27:15-26,1,1,0,pascha_day_hour,Good Friday | Third Hour | Psalm+Gospel,the descent of the Holy Spirit and the trial of the heart,,matt-27,matt-27,Patristic homily linkage is not present in this repo and must be joined from the site corpus when George pushes.
rid_afffc4e945b4f7124705,Matt 27:27-45,Matt 27:27-45,Matt 27:27-45,1,1,0,pascha_day_hour,Good Friday | Sixth Hour | Psalm+Gospel,the Cross and the Lord's willing suffering,,matt-27,matt-27,Patristic homily linkage is not present in this repo and must be joined from the site corpus when George pushes.
rid_0b612c8635ac0a8f3e74,Matt 27:46-50,Matt 27:46-50,Matt 27:46-50,1,1,0,pascha_day_hour,Good Friday | Ninth Hour | Psalm+Gospel,the saving death of Christ and repentance,,matt-27,matt-27,Patristic homily linkage is not present in this repo and must be joined from the site corpus when George pushes.
rid_2d11e348ed0fff139cbc,Matt 27:51-56,Matt 27:51-56,Matt 27:51-56,1,1,0,pascha_day_hour,Good Friday | Eleventh Hour | Psalm+Gospel,the late call to repentance and mercy,,matt-27,matt-27,Patristic homily linkage is not present in this repo and must be joined from the site corpus when George pushes.
rid_9edabff24638eaef7b45,Matt 27:57-61,Matt 27:57-61,Matt 27:57-61,1,1,0,pascha_day_hour,Good Friday | Twelfth Hour | Psalm+Gospel,"burial, waiting, and hope",,matt-27,matt-27,Patristic homily linkage is not present in this repo and must be joined from the site corpus when George pushes.
rid_cfbba3cbfe82f0f857a7,Matt 27:62-66,Matt 27:62-66,Matt 27:62-66,1,1,0,bright_saturday_service_order,Bright Saturday | Matins | Psalm + Gospel,awakening to praise and repentance,,matt-27,matt-27,Patristic homily linkage is not present in this repo and must be joined from the site corpus when George pushes.
rid_58f31273e478759fa7af,Matt 28:1-20,Matt 28:1-20,Matt 28:1-20,76,76,0,bright_saturday_service_order; copticchurch_date; katameros_cycle; pascha_day_hour,Bright Saturday | Liturgy | Psalm + Gospel || The first Sunday of Abib | Matins | Gospel,awakening to praise and repentance; the Eucharistic gathering of the Church,,matt-28,matt-28,Patristic homily linkage is not present in this repo and must be joined from the site corpus when George pushes.
rid_56405fb0f0b434d8ad1c,Matt 28:16-20,Matt 28:16-20,Matt 28:16-20,18,18,0,copticchurch_date; katameros_cycle; special_service,Tuesday of the first week of the holy fifty days | Matins | Gospel,awakening to praise and repentance,,matt-28,matt-28,Patristic homily linkage is not present in this repo and must be joined from the site corpus when George pushes.
rid_1e76d8b77face1fe9ae6,Matt 2:1-12,Matt 2:1-12,Matt 2:1-12,21,21,0,copticchurch_date; katameros_cycle,Christmas | Liturgy | Gospel,the Eucharistic gathering of the Church,,matt-2,matt-2,Patristic homily linkage is not present in this repo and must be joined from the site corpus when George pushes.
rid_9b9fb26c186e72003e9c,Matt 2:13-23,Matt 2:13-23,Matt 2:13-23,54,54,0,copticchurch_date; katameros_cycle,Amshir 7 | Liturgy | Gospel || Entrance into Egypt | Liturgy | Gospel || Fast of Ninevah | Liturgy | Gospel,the Eucharistic gathering of the Church,,matt-2,matt-2,Patristic homily linkage is not present in this repo and must be joined from the site corpus when George pushes.
rid_3101c602e492860deba6,Matt 3:1-12,Matt 3:1-12,Matt 3:1-12,17,17,0,copticchurch_date; katameros_cycle,The Feast of Epiphany | Vespers | Gospel,evening thanksgiving and watchfulness,,matt-3,matt-3,Patristic homily linkage is not present in this repo and must be joined from the site corpus when George pushes.
rid_84a311a6fcc6e460580b,Matt 3:1-17,Matt 3:1-17,Matt 3:1-17,1,1,0,special_service,liturgy_of_the_waters | main_readings | main_readings,,,matt-3,matt-3,Patristic homily linkage is not present in this repo and must be joined from the site corpus when George pushes.
rid_a26b415021002958b1ae,Matt 3:13-17,Matt 3:13-17,Matt 3:13-17,18,18,0,copticchurch_date; katameros_cycle; special_service,The Second Day of Feast of Epiphany | Matins | Gospel,awakening to praise and repentance,,matt-3,matt-3,Patristic homily linkage is not present in this repo and must be joined from the site corpus when George pushes.
rid_782811a52293dad0ea36,Matt 3:23-5:16,Matt 3:23-5:16,Matt 3:23-5:16,14,14,0,copticchurch_date,Mesra 5 | Liturgy | Gospel,the Eucharistic gathering of the Church,,matt-3,matt-3,Patristic homily linkage is not present in this repo and must be joined from the site corpus when George pushes.
rid_43eb7d0c4a67781968d4,Matt 4:1-11,Matt 4:1-11,Matt 4:1-11,17,17,0,copticchurch_date; katameros_cycle,Sunday of the second week of Great Lent | Liturgy | Gospel,the Eucharistic gathering of the Church,,matt-4,matt-4,Patristic homily linkage is not present in this repo and must be joined from the site corpus when George pushes.
rid_d2857a5170e70b6bb682,Matt 4:12-17,Matt 4:12-17,Matt 4:12-17,14,14,0,copticchurch_date; katameros_cycle,Entrance into Egypt | Vespers | Gospel || Paona 8 | Vespers | Gospel || Feast of St. Joseph the Carpenter | vespers_gospel | vespers_gospel,evening thanksgiving and watchfulness,,matt-4,matt-4,Patristic homily linkage is not present in this repo and must be joined from the site corpus when George pushes.
rid_1d912c94b29ac4d43ab8,Matt 4:12-22,Matt 4:12-22,Matt 4:12-22,21,21,0,copticchurch_date; katameros_cycle,Epiphany Paramoune | Vespers | Gospel,evening thanksgiving and watchfulness,,matt-4,matt-4,Patristic homily linkage is not present in this repo and must be joined from the site corpus when George pushes.
rid_5f099878759f6390a028,Matt 4:18-22,Matt 4:18-22,Matt 4:18-22,116,116,0,copticchurch_date; katameros_cycle,Abib 23 | Matins | Gospel,awakening to praise and repentance,,matt-4,matt-4,Patristic homily linkage is not present in this repo and must be joined from the site corpus when George pushes.
rid_92aae2895a59ca365431,Matt 4:23-25,Matt 4:23-25,Matt 4:23-25,27,27,0,katameros_cycle,liturgy_gospel | liturgy_gospel || vespers_gospel | vespers_gospel,,,matt-4,matt-4,Patristic homily linkage is not present in this repo and must be joined from the site corpus when George pushes.
rid_42e4974f3dd164818cbb,Matt 4:23-5:16,Matt 4:23-5:16,Matt 4:23-5:16,214,214,0,copticchurch_date,Amshir 14 | Vespers | Gospel || Amshir 18 | Vespers | Gospel || Amshir 27 | Vespers | Gospel || Amshir 5 | Liturgy | Gospel,evening thanksgiving and watchfulness; the Eucharistic gathering of the Church,,matt-4,matt-4,Patristic homily linkage is not present in this repo and must be joined from the site corpus when George pushes.
rid_80b8f58fe4c9388d024c,Matt 5:1-16,Matt 5:1-16,Matt 5:1-16,41,41,0,agpeya; copticchurch_date; katameros_cycle,Sixth Hour (Sext) | Sixth Hour (Sext) | gospel || Baba 27 | Liturgy | Gospel,the Eucharistic gathering of the Church,,matt-5,matt-5,Patristic homily linkage is not present in this repo and must be joined from the site corpus when George pushes.
rid_4f5eceda47367b89a41b,Matt 5:17-24,Matt 5:17-24,Matt 5:17-24,17,17,0,copticchurch_date; katameros_cycle,Wednesday of the second week of Great Lent | Matins | Gospel,awakening to praise and repentance,,matt-5,matt-5,Patristic homily linkage is not present in this repo and must be joined from the site corpus when George pushes.
rid_3803cf631880188d0da8,Matt 5:25-37,Matt 5:25-37,Matt 5:25-37,17,17,0,copticchurch_date; katameros_cycle,Saturday of the first week of Great Lent | Matins | Gospel,awakening to praise and repentance,,matt-5,matt-5,Patristic homily linkage is not present in this repo and must be joined from the site corpus when George pushes.
rid_909168ec2eff9427953a,Matt 5:3-12,Matt 5:3-12,Matt 5:3-12,1,1,0,bright_saturday_service_order,Bright Saturday | 6th Hour | Psalm + Gospel,,,matt-5,matt-5,Patristic homily linkage is not present in this repo and must be joined from the site corpus when George pushes.
rid_e873a3cfd9d652cb56f9,Matt 5:34-48,Matt 5:34-48,Matt 5:34-48,17,17,0,copticchurch_date; katameros_cycle,The fourth Sunday of Paona | Vespers | Gospel,evening thanksgiving and watchfulness,,matt-5,matt-5,Patristic homily linkage is not present in this repo and must be joined from the site corpus when George pushes.
rid_2eb91eda48aa8b20692d,Matt 5:38-48,Matt 5:38-48,Matt 5:38-48,17,17,0,copticchurch_date; katameros_cycle,Saturday of the first week of Great Lent | Liturgy | Gospel,the Eucharistic gathering of the Church,,matt-5,matt-5,Patristic homily linkage is not present in this repo and must be joined from the site corpus when George pushes.
rid_a24e1e49a72b980a6790,Matt 6:1-18,Matt 6:1-18,Matt 6:1-18,16,16,0,copticchurch_date; katameros_cycle,Sunday of the week before Great Lent | Liturgy | Gospel,the Eucharistic gathering of the Church,,matt-6,matt-6,Patristic homily linkage is not present in this repo and must be joined from the site corpus when George pushes.
rid_c0f17fa38f90e5dd23d6,Matt 6:14-18,Matt 6:14-18,Matt 6:14-18,1,1,0,special_service,unction_of_the_sick | seventh_prayer | seventh_prayer,,,matt-6,matt-6,Patristic homily linkage is not present in this repo and must be joined from the site corpus when George pushes.
rid_416bf2c3dd81092c1ef7,Matt 6:19-30,Matt 6:19-30,Matt 6:19-30,16,16,0,copticchurch_date,Sunday of the first week of Great Lent | Liturgy | Gospel,the Eucharistic gathering of the Church,,matt-6,matt-6,Patristic homily linkage is not present in this repo and must be joined from the site corpus when George pushes.
rid_ca5544de60b6a4593c80,Matt 6:19-33,Matt 6:19-33,Matt 6:19-33,1,1,0,katameros_cycle,liturgy_gospel | liturgy_gospel,,,matt-6,matt-6,Patristic homily linkage is not present in this repo and must be joined from the site corpus when George pushes.
rid_fd87f1ef66f205cfdb85,Matt 6:34-7,Matt 6:34-7,Matt 6:34-7,1,1,0,katameros_cycle,vespers_gospel | vespers_gospel,,,matt-6,matt-6,Patristic homily linkage is not present in this repo and must be joined from the site corpus when George pushes.
rid_b2ac4118683c033d85d7,Matt 6:34-7:12,Matt 6:34-7:12,Matt 6:34-7:12,16,16,0,copticchurch_date,Sunday of the first week of Great Lent | Vespers | Gospel,evening thanksgiving and watchfulness,,matt-6,matt-6,Patristic homily linkage is not present in this repo and must be joined from the site corpus when George pushes.
rid_22cfcbb3d48ffc6590c8,Matt 7:13-21,Matt 7:13-21,Matt 7:13-21,17,17,0,copticchurch_date; katameros_cycle,Saturday of the second week of Great Lent | Liturgy | Gospel,the Eucharistic gathering of the Church,,matt-7,matt-7,Patristic homily linkage is not present in this repo and must be joined from the site corpus when George pushes.
rid_0280436e63113ac0e88d,Matt 7:22-25,Matt 7:22-25,Matt 7:22-25,99,99,0,copticchurch_date; katameros_cycle,Abib 15 | Vespers | Gospel,evening thanksgiving and watchfulness,,matt-7,matt-7,Patristic homily linkage is not present in this repo and must be joined from the site corpus when George pushes.
rid_267b61b38814458f3532,Matt 7:22-29,Matt 7:22-29,Matt 7:22-29,17,17,0,copticchurch_date; katameros_cycle,Sunday of the first week of Great Lent | Matins | Gospel,awakening to praise and repentance,,matt-7,matt-7,Patristic homily linkage is not present in this repo and must be joined from the site corpus when George pushes.
rid_9ea4498df34593537779,Matt 7:7-12,Matt 7:7-12,Matt 7:7-12,16,16,0,copticchurch_date; katameros_cycle,The third Sunday of Paona | Vespers | Gospel,evening thanksgiving and watchfulness,,matt-7,matt-7,Patristic homily linkage is not present in this repo and must be joined from the site corpus when George pushes.
rid_8893812213530b7c37c1,Matt 8:23-27,Matt 8:23-27,Matt 8:23-27,17,17,0,copticchurch_date; katameros_cycle,Monday of the second week of the holy fifty days | Matins | Gospel,awakening to praise and repentance,,matt-8,matt-8,Patristic homily linkage is not present in this repo and must be joined from the site corpus when George pushes.
rid_730c8ed90f20240ac585,Matt 8:5-13,Matt 8:5-13,Matt 8:5-13,88,88,0,copticchurch_date; katameros_cycle,Abib 25 | Vespers | Gospel,awakening to praise and repentance; evening thanksgiving and watchfulness,,matt-8,matt-8,Patristic homily linkage is not present in this repo and must be joined from the site corpus when George pushes.
rid_86a4a91f0f37dce50265,Matt 9:1-8,Matt 9:1-8,Matt 9:1-8,17,17,0,copticchurch_date; katameros_cycle,Saturday of the sixth week of Great Lent | Matins | Gospel,awakening to praise and repentance,,matt-9,matt-9,Patristic homily linkage is not present in this repo and must be joined from the site corpus when George pushes.
rid_4dc0be1eb5c9c475f402,Matt 9:10-15,Matt 9:10-15,Matt 9:10-15,17,17,0,copticchurch_date; katameros_cycle,Tuesday of the first week of Great Lent | Matins | Gospel,awakening to praise and repentance,,matt-9,matt-9,Patristic homily linkage is not present in this repo and must be joined from the site corpus when George pushes.
rid_d519ea494aae71ff08ac,Matt 9:15-17,Matt 9:15-17,Matt 9:15-17,17,17,0,copticchurch_date; katameros_cycle,Wednesday of the first week of the holy fifty days | Vespers | Gospel,evening thanksgiving and watchfulness,,matt-9,matt-9,Patristic homily linkage is not present in this repo and must be joined from the site corpus when George pushes.
rid_da1fdee073d2c28254a9,Matt 9:18-26,Matt 9:18-26,Matt 9:18-26,18,18,0,copticchurch_date; katameros_cycle; special_service,The fourth Sunday of Tout | Vespers | Gospel,evening thanksgiving and watchfulness,,matt-9,matt-9,Patristic homily linkage is not present in this repo and must be joined from the site corpus when George pushes.
rid_3b5d2948200bf7a7d4c8,Matt 9:27-31,Matt 9:27-31,Matt 9:27-31,17,17,0,copticchurch_date; katameros_cycle,Tuesday of the second week of the holy fifty days | Matins | Gospel,awakening to praise and repentance,,matt-9,matt-9,Patristic homily linkage is not present in this repo and must be joined from the site corpus when George pushes.
rid_1989c7ced9186f4361bb,Matt 9:32-35,Matt 9:32-35,Matt 9:32-35,17,17,0,copticchurch_date; katameros_cycle,Wednesday of the second week of the holy fifty days | Matins | Gospel,awakening to praise and repentance,,matt-9,matt-9,Patristic homily linkage is not present in this repo and must be joined from the site corpus when George pushes.
rid_4da67ad8878aa19724bd,Matt 9:33-41,Matt 9:33-41,Matt 9:33-41,26,26,0,copticchurch_date,Abib 7 | Liturgy | Gospel,the Eucharistic gathering of the Church,,matt-9,matt-9,Patristic homily linkage is not present in this repo and must be joined from the site corpus when George pushes.
rid_8427ab70584e77434618,Matt 9:36-38,Matt 9:36-38,Matt 9:36-38,17,17,0,copticchurch_date; katameros_cycle,Wednesday of the second week of the holy fifty days | Vespers | Gospel,evening thanksgiving and watchfulness,,matt-9,matt-9,Patristic homily linkage is not present in this repo and must be joined from the site corpus when George pushes.
rid_bffc6ba47cc313af9d35,Matt 9:9-13,Matt 9:9-13,Matt 9:9-13,16,16,0,copticchurch_date; katameros_cycle,Baba 12 | Vespers | Gospel,evening thanksgiving and watchfulness,,matt-9,matt-9,Patristic homily linkage is not present in this repo and must be joined from the site corpus when George pushes.
rid_bd2d2d2f3e0117058eb5,Mic 1:16-2:3,Mic 1:16-2:3,Mic 1:16-2:3,1,1,0,pascha_day_hour,Good Friday | First Hour | OT9,the beginning of the day and watchfulness,,mic-1,mic-1,Patristic homily linkage is not present in this repo and must be joined from the site corpus when George pushes.
rid_846ae462b5d3e3ce7e8f,Mic 2:3-10,Mic 2:3-10,Mic 2:3-10,1,0,1,pascha_source_text,Monday Eve | Ninth Hour | Prophecy,the saving death of Christ and repentance,,mic-2,mic-2,Patristic homily linkage is not present in this repo and must be joined from the site corpus when George pushes.
rid_a7c9f87ecffeebc70662,Mic 3:1-4,Mic 3:1-4,Mic 3:1-4,1,0,1,pascha_source_text,Monday Eve | Eleventh Hour | Prophecy,the late call to repentance and mercy,,mic-3,mic-3,Patristic homily linkage is not present in this repo and must be joined from the site corpus when George pushes.
rid_2761bfa9758c6e8b9d42,Mic 7:1-8,Mic 7:1-8,Mic 7:1-8,1,1,0,pascha_day_hour,Good Friday | First Hour | OT10,the beginning of the day and watchfulness,,mic-7,mic-7,Patristic homily linkage is not present in this repo and must be joined from the site corpus when George pushes.
rid_66e208bd48104ce4ce54,Nah 1:2-8,Nah 1:2-8,Nah 1:2-8,1,0,1,pascha_source_text,Hosanna Sunday | Eleventh Hour | Prophecy,the late call to repentance and mercy,,nah-1,nah-1,Patristic homily linkage is not present in this repo and must be joined from the site corpus when George pushes.
rid_40ad655a3a29e825c3db,Num 10:35-36,Num 10:35-36,Num 10:35-36,1,1,0,katameros_cycle,prophecy | prophecy,,,num-10,num-10,Patristic homily linkage is not present in this repo and must be joined from the site corpus when George pushes.
rid_82d431615d1f6eb4e2ba,Num 11:1-35,Num 11:1-35,Num 11:1-35,1,1,0,katameros_cycle,prophecy | prophecy,,,num-11,num-11,Patristic homily linkage is not present in this repo and must be joined from the site corpus when George pushes.
rid_448071a4438a77092116,Num 20:1-13,Num 20:1-13,Num 20:1-13,2,2,0,coptic_reader_fixture; pascha_day_hour,Wednesday | Ninth Hour | OT2 || Wednesday | Ninth Hour | prophecy,the saving death of Christ and repentance,,num-20,num-20,Patristic homily linkage is not present in this repo and must be joined from the site corpus when George pushes.
rid_9944850087ec93cf1f1a,Num 21:1-9,Num 21:1-9,Num 21:1-9,1,1,0,pascha_day_hour,Good Friday | Sixth Hour | OT1,the Cross and the Lord's willing suffering,,num-21,num-21,Patristic homily linkage is not present in this repo and must be joined from the site corpus when George pushes.
rid_29ed3e9dcd60d5394948,Phil 1:1-11,Phil 1:1-11,Phil 1:1-11,33,33,0,copticchurch_date; katameros_cycle,Tout 21 | Liturgy | Pauline Epistle,the Eucharistic gathering of the Church,,phil-1,phil-1,Patristic homily linkage is not present in this repo and must be joined from the site corpus when George pushes.
rid_04b5983768df617ca96e,Phil 1:27-30,Phil 1:27-30,Phil 1:27-30,1,1,0,katameros_cycle,Fourth Sunday of Abib | liturgy_pauline | liturgy_pauline,,,phil-1,phil-1,Patristic homily linkage is not present in this repo and must be joined from the site corpus when George pushes.
rid_02fe8b721c169c9e3435,Phil 2:1-11,Phil 2:1-11,Phil 2:1-11,1,1,0,katameros_cycle,Fourth Sunday of Abib | liturgy_pauline | liturgy_pauline,,,phil-2,phil-2,Patristic homily linkage is not present in this repo and must be joined from the site corpus when George pushes.
rid_81a584783bb900aea49d,Phil 2:1-16,Phil 2:1-16,Phil 2:1-16,17,17,0,copticchurch_date; katameros_cycle,Monday of the fifth week of Great Lent | Liturgy | Pauline Epistle,the Eucharistic gathering of the Church,,phil-2,phil-2,Patristic homily linkage is not present in this repo and must be joined from the site corpus when George pushes.
rid_040b642f478c4c150cbc,Phil 2:22-26,Phil 2:22-26,Phil 2:22-26,17,17,0,copticchurch_date; katameros_cycle,Tuesday of the fifth week of Great Lent | Liturgy | Pauline Epistle,the Eucharistic gathering of the Church,,phil-2,phil-2,Patristic homily linkage is not present in this repo and must be joined from the site corpus when George pushes.
rid_459d5b9ccee8e5bb221f,Phil 2:4-11,Phil 2:4-11,Phil 2:4-11,1,0,1,pascha_source_text,Good Friday | Ninth Hour | Pauline,the saving death of Christ and repentance,,phil-2,phil-2,Patristic homily linkage is not present in this repo and must be joined from the site corpus when George pushes.
rid_f2a5f5034b0412b941ad,Phil 2:5-11,Phil 2:5-11,Phil 2:5-11,1,1,0,pascha_day_hour,Good Friday | Ninth Hour | Pauline,the saving death of Christ and repentance,,phil-2,phil-2,Patristic homily linkage is not present in this repo and must be joined from the site corpus when George pushes.
rid_96f3ace69a48d02879e2,Phil 3:1-12,Phil 3:1-12,Phil 3:1-12,34,34,0,copticchurch_date; katameros_cycle,Circumcision of our Lord | Liturgy | Pauline Epistle,the Eucharistic gathering of the Church,,phil-3,phil-3,Patristic homily linkage is not present in this repo and must be joined from the site corpus when George pushes.
rid_0bff5db63a2c5e0a7e42,Phil 3:20-21,Phil 3:20-21,Phil 3:20-21,10,10,0,katameros_cycle,liturgy_pauline | liturgy_pauline,,,phil-3,phil-3,Patristic homily linkage is not present in this repo and must be joined from the site corpus when George pushes.
rid_bb62163c0f7d4fef0e73,Phil 3:20-4:9,Phil 3:20-4:9,Phil 3:20-4:9,89,89,0,copticchurch_date,Baba 24 | Liturgy | Pauline Epistle,the Eucharistic gathering of the Church,,phil-3,phil-3,Patristic homily linkage is not present in this repo and must be joined from the site corpus when George pushes.
rid_9b6d3b88a15fb8b0e49a,Phil 4:1-9,Phil 4:1-9,Phil 4:1-9,10,10,0,katameros_cycle,liturgy_pauline | liturgy_pauline,,,phil-4,phil-4,Patristic homily linkage is not present in this repo and must be joined from the site corpus when George pushes.
rid_7528a41a25aaf07af211,Phil 4:4-9,Phil 4:4-9,Phil 4:4-9,17,17,0,copticchurch_date; katameros_cycle,Saturday of the fourth week of Great Lent | Liturgy | Pauline Epistle,the Eucharistic gathering of the Church,,phil-4,phil-4,Patristic homily linkage is not present in this repo and must be joined from the site corpus when George pushes.
rid_0229e932a97a15b22fd3,Prov 10:1-16,Prov 10:1-16,Prov 10:1-16,1,1,0,katameros_cycle,prophecy | prophecy,,,prov-10,prov-10,Patristic homily linkage is not present in this repo and must be joined from the site corpus when George pushes.
rid_88ee2ba8752fbc42753f,Prov 10:17-33,Prov 10:17-33,Prov 10:17-33,1,1,0,katameros_cycle,prophecy | prophecy,,,prov-10,prov-10,Patristic homily linkage is not present in this repo and must be joined from the site corpus when George pushes.
rid_152ab02138abb6765787,Prov 10:32,Prov 10:32,Prov 10:32,1,1,0,katameros_cycle,prophecy | prophecy,,,prov-10,prov-10,Patristic homily linkage is not present in this repo and must be joined from the site corpus when George pushes.
rid_4cd1e91accb7d3c333e8,Prov 11:1-13,Prov 11:1-13,Prov 11:1-13,1,1,0,katameros_cycle,prophecy | prophecy,,,prov-11,prov-11,Patristic homily linkage is not present in this repo and must be joined from the site corpus when George pushes.
rid_1da76a8352d1e17b311a,Prov 11:13-26,Prov 11:13-26,Prov 11:13-26,1,1,0,katameros_cycle,prophecy | prophecy,,,prov-11,prov-11,Patristic homily linkage is not present in this repo and must be joined from the site corpus when George pushes.
rid_dc7427e6bd9877d946ad,Prov 11:27-31,Prov 11:27-31,Prov 11:27-31,1,1,0,katameros_cycle,prophecy | prophecy,,,prov-11,prov-11,Patristic homily linkage is not present in this repo and must be joined from the site corpus when George pushes.
rid_cc0f70781ebb775d5c5c,Prov 12:1-22,Prov 12:1-22,Prov 12:1-22,1,1,0,katameros_cycle,prophecy | prophecy,,,prov-12,prov-12,Patristic homily linkage is not present in this repo and must be joined from the site corpus when George pushes.
rid_c68c8617c19b143a586d,Prov 1:1-9,Prov 1:1-9,Prov 1:1-9,2,2,0,pascha_day_hour,Monday | Ninth Hour | OT3 || Tuesday | Ninth Hour | OT3,the saving death of Christ and repentance,,prov-1,prov-1,Patristic homily linkage is not present in this repo and must be joined from the site corpus when George pushes.
rid_8091c39de4e32d4ce20d,Prov 1:10-33,Prov 1:10-33,Prov 1:10-33,1,0,1,pascha_source_text,Wednesday | Ninth Hour | Prophecy,the saving death of Christ and repentance,,prov-1,prov-1,Patristic homily linkage is not present in this repo and must be joined from the site corpus when George pushes.
rid_b7a5aa85795a1f68b5a2,Prov 1:11-35,Prov 1:11-35,Prov 1:11-35,2,2,0,coptic_reader_fixture; pascha_day_hour,Wednesday | Ninth Hour | OT3 || Wednesday | Ninth Hour | prophecy,the saving death of Christ and repentance,,prov-1,prov-1,Patristic homily linkage is not present in this repo and must be joined from the site corpus when George pushes.
rid_3240411c7cffdff13036,Prov 1:20-33,Prov 1:20-33,Prov 1:20-33,1,1,0,katameros_cycle,prophecy | prophecy,,,prov-1,prov-1,Patristic homily linkage is not present in this repo and must be joined from the site corpus when George pushes.
rid_3dc1dbd6c43478e94535,Prov 2:1-15,Prov 2:1-15,Prov 2:1-15,1,1,0,katameros_cycle,prophecy | prophecy,,,prov-2,prov-2,Patristic homily linkage is not present in this repo and must be joined from the site corpus when George pushes.
rid_d1e5d104611aa5d85569,Prov 2:16-22,Prov 2:16-22,Prov 2:16-22,1,1,0,katameros_cycle,prophecy | prophecy,,,prov-2,prov-2,Patristic homily linkage is not present in this repo and must be joined from the site corpus when George pushes.
rid_21c8b4621845f47779c3,Prov 30:2-6,Prov 30:2-6,Prov 30:2-6,1,0,1,pascha_source_text,Great Thursday | Third Hour | Prophecy,the descent of the Holy Spirit and the trial of the heart,,prov-30,prov-30,Patristic homily linkage is not present in this repo and must be joined from the site corpus when George pushes.
rid_f51206084e32d84c6f1c,Prov 3:1-4,Prov 3:1-4,Prov 3:1-4,1,1,0,katameros_cycle,prophecy | prophecy,,,prov-3,prov-3,Patristic homily linkage is not present in this repo and must be joined from the site corpus when George pushes.
rid_077f58bf2fd555bc25cf,Prov 3:19-35,Prov 3:19-35,Prov 3:19-35,1,1,0,katameros_cycle,prophecy | prophecy,,,prov-3,prov-3,Patristic homily linkage is not present in this repo and must be joined from the site corpus when George pushes.
rid_39fa796fd662e4a38893,Prov 3:5-14,Prov 3:5-14,Prov 3:5-14,2,2,0,coptic_reader_fixture; pascha_day_hour,Wednesday | First Hour | OT2 || Wednesday | First Hour | prophecy,the beginning of the day and watchfulness,,prov-3,prov-3,Patristic homily linkage is not present in this repo and must be joined from the site corpus when George pushes.
rid_ea13110a60f21988e5e1,Prov 3:5-18,Prov 3:5-18,Prov 3:5-18,1,1,0,katameros_cycle,prophecy | prophecy,,,prov-3,prov-3,Patristic homily linkage is not present in this repo and must be joined from the site corpus when George pushes.
rid_6288bb3a1a8a9f05db29,Prov 4:1-9,Prov 4:1-9,Prov 4:1-9,1,1,0,katameros_cycle,prophecy | prophecy,,,prov-4,prov-4,Patristic homily linkage is not present in this repo and must be joined from the site corpus when George pushes.
rid_b5ec2116e90a4fdd396a,Prov 4:10-19,Prov 4:10-19,Prov 4:10-19,1,1,0,katameros_cycle,prophecy | prophecy,,,prov-4,prov-4,Patristic homily linkage is not present in this repo and must be joined from the site corpus when George pushes.
rid_8790fbe76d3cdbc913c2,Prov 4:20-27,Prov 4:20-27,Prov 4:20-27,1,1,0,katameros_cycle,prophecy | prophecy,,,prov-4,prov-4,Patristic homily linkage is not present in this repo and must be joined from the site corpus when George pushes.
rid_848c8fc9d17938a036f1,"Prov 4:4-27,5:1-4","Prov 4:4-27,5:1-4","Prov 4:4-27,5:1-4",1,0,1,pascha_source_text,Wednesday | Third Hour | Prophecy,the descent of the Holy Spirit and the trial of the heart,,prov-4,prov-4,Patristic homily linkage is not present in this repo and must be joined from the site corpus when George pushes.
rid_859beff232d60f9a1c69,Prov 4:4-5:4,Prov 4:4-5:4,Prov 4:4-5:4,2,1,1,pascha_day_hour,Great Thursday | Third Hour | OT4 || Wednesday | Third Hour | OT3,the descent of the Holy Spirit and the trial of the heart,,prov-4,prov-4,Patristic homily linkage is not present in this repo and must be joined from the site corpus when George pushes.
rid_b5229b3fdd388875b642,Prov 5:1-12,Prov 5:1-12,Prov 5:1-12,1,1,0,katameros_cycle,prophecy | prophecy,,,prov-5,prov-5,Patristic homily linkage is not present in this repo and must be joined from the site corpus when George pushes.
rid_ee62339c9f14d60ecc90,Prov 6:20-7:4,Prov 6:20-7:4,Prov 6:20-7:4,1,0,1,pascha_source_text,Tuesday | Eleventh Hour | Prophecy,the late call to repentance and mercy,,prov-6,prov-6,Patristic homily linkage is not present in this repo and must be joined from the site corpus when George pushes.
rid_9293bf65e554bea174f1,Prov 8:1-11,Prov 8:1-11,Prov 8:1-11,1,1,0,katameros_cycle,prophecy | prophecy,,,prov-8,prov-8,Patristic homily linkage is not present in this repo and must be joined from the site corpus when George pushes.
rid_6a489a43e790eefa21bb,Prov 8:1-12,Prov 8:1-12,Prov 8:1-12,1,0,1,pascha_source_text,Tuesday | Ninth Hour | Prophecy,the saving death of Christ and repentance,,prov-8,prov-8,Patristic homily linkage is not present in this repo and must be joined from the site corpus when George pushes.
rid_ba8753c7c13e36eb5306,Prov 8:12-21,Prov 8:12-21,Prov 8:12-21,1,1,0,katameros_cycle,prophecy | prophecy,,,prov-8,prov-8,Patristic homily linkage is not present in this repo and must be joined from the site corpus when George pushes.
rid_f159871e2b81eb3343c9,Prov 8:22-36,Prov 8:22-36,Prov 8:22-36,1,1,0,katameros_cycle,prophecy | prophecy,,,prov-8,prov-8,Patristic homily linkage is not present in this repo and must be joined from the site corpus when George pushes.
rid_f5bab1a621383392ade1,Prov 9:1-11,Prov 9:1-11,Prov 9:1-11,3,1,2,katameros_cycle; pascha_source_text,prophecy | prophecy || Great Thursday | Liturgy of Blessing of the Water | Prophecy || Tuesday | Ninth Hour | Prophecy,the saving death of Christ and repentance,,prov-9,prov-9,Patristic homily linkage is not present in this repo and must be joined from the site corpus when George pushes.
rid_49319d50f28c4c46cba5,Prov 9:12-18,Prov 9:12-18,Prov 9:12-18,1,1,0,katameros_cycle,prophecy | prophecy,,,prov-9,prov-9,Patristic homily linkage is not present in this repo and must be joined from the site corpus when George pushes.
rid_a5d0c4da25a47f2d60e3,Ps 1,Ps 1,Ps 1,1,1,0,agpeya,First Hour (Prime / Morning Prayer) | First Hour (Prime / Morning Prayer) | psalm,,,ps-1,ps-1,Patristic homily linkage is not present in this repo and must be joined from the site corpus when George pushes.
rid_baef39bc4f1e48db8a7b,Ps 100 (LXX Ps 99),Ps 100,Ps 99,1,1,0,agpeya,Ninth Hour (None) | Ninth Hour (None) | psalm,,,ps-100,ps-100,Patristic homily linkage is not present in this repo and must be joined from the site corpus when George pushes.
rid_a960d4ac0bd6f5b031b3,Ps 100:1-4 (LXX Ps 99:1-4),Ps 100:1-4,Ps 99:1-4,16,16,0,copticchurch_date,Thursday of the third week of the holy fifty days | Vespers | Psalm,evening thanksgiving and watchfulness,,ps-100,ps-100,Patristic homily linkage is not present in this repo and must be joined from the site corpus when George pushes.
rid_e079dd9306b28ea0559c,Ps 100:2 (LXX Ps 99:2),Ps 100:2,Ps 99:2,15,15,0,copticchurch_date,Sunday of the week before Great Lent | Matins | Psalm,awakening to praise and repentance,,ps-100,ps-100,Patristic homily linkage is not present in this repo and must be joined from the site corpus when George pushes.
rid_0390ff4a265486f5db61,Ps 100:2-3 (LXX Ps 99:2-3),Ps 100:2-3,Ps 99:2-3,1,1,0,katameros_cycle,Preparation Sunday | matins_psalm | matins_psalm,,,ps-100,ps-100,Patristic homily linkage is not present in this repo and must be joined from the site corpus when George pushes.
rid_20caea6a6257b19a50d1,Ps 100:3 (LXX Ps 99:3),Ps 100:3,Ps 99:3,32,32,0,copticchurch_date; katameros_cycle,Sunday of the week before Great Lent | Matins | Psalm,awakening to praise and repentance; the Eucharistic gathering of the Church,,ps-100,ps-100,Patristic homily linkage is not present in this repo and must be joined from the site corpus when George pushes.
rid_5406aa7fa126c04f8aaf,Ps 101 (LXX Ps 100),Ps 101,Ps 100,1,1,0,agpeya,Ninth Hour (None) | Ninth Hour (None) | psalm,,,ps-101,ps-101,Patristic homily linkage is not present in this repo and must be joined from the site corpus when George pushes.
rid_b57c03e7530d3e7e4ac1,Ps 101:1 (LXX Ps 100:1),Ps 101:1,Ps 100:1,15,15,0,copticchurch_date; katameros_cycle,Sunday of the fifth week of Great Lent | Matins | Psalm,awakening to praise and repentance,,ps-101,ps-101,Patristic homily linkage is not present in this repo and must be joined from the site corpus when George pushes.
rid_4d4791b08b55d2be2e1c,Ps 101:12 (LXX Ps 100:12),Ps 101:12,Ps 100:12,14,14,0,copticchurch_date,Sunday of the fifth week of Great Lent | Matins | Psalm,awakening to praise and repentance,,ps-101,ps-101,Patristic homily linkage is not present in this repo and must be joined from the site corpus when George pushes.
rid_4b3a99144651df54ca29,Ps 101:2 (LXX Ps 100:2),Ps 101:2,Ps 100:2,15,15,0,copticchurch_date; katameros_cycle,Sunday of the fifth week of Great Lent | Matins | Psalm,awakening to praise and repentance,,ps-101,ps-101,Patristic homily linkage is not present in this repo and must be joined from the site corpus when George pushes.
rid_38032416cb6f714f9e60,Ps 101:4 (LXX Ps 100:4),Ps 101:4,Ps 100:4,1,1,0,katameros_cycle,vespers_psalm | vespers_psalm,,,ps-101,ps-101,Patristic homily linkage is not present in this repo and must be joined from the site corpus when George pushes.
rid_f5b7904c905b59770c3c,Ps 101:8 (LXX Ps 100:8),Ps 101:8,Ps 100:8,31,31,0,copticchurch_date; katameros_cycle,Mesra 30 | Matins | Psalm,awakening to praise and repentance,,ps-101,ps-101,Patristic homily linkage is not present in this repo and must be joined from the site corpus when George pushes.
rid_87ed1d1d81677262f6d3,Ps 102:1 (LXX Ps 101:1),Ps 102:1,Ps 101:1,1,1,0,katameros_cycle,matins_psalm | matins_psalm,,,ps-102,ps-102,Patristic homily linkage is not present in this repo and must be joined from the site corpus when George pushes.
rid_4971b97c83fa63c3e80e,"Ps 102:1,102:2 (LXX Ps 101:1; Ps 101:2)","Ps 102:1,102:2",Ps 101:1; Ps 101:2,1,0,1,pascha_source_text,Wednesday Eve | Sixth Hour | Psalm,the Cross and the Lord's willing suffering,,ps-102,ps-102,Patristic homily linkage is not present in this repo and must be joined from the site corpus when George pushes.
rid_42043da3e6566eeb0e98,"Ps 102:1,102:8 (LXX Ps 101:1; Ps 101:8)","Ps 102:1,102:8",Ps 101:1; Ps 101:8,1,0,1,pascha_source_text,Good Friday Eve | First Hour | Psalm,the beginning of the day and watchfulness,,ps-102,ps-102,Patristic homily linkage is not present in this repo and must be joined from the site corpus when George pushes.
rid_6f64b15a96190c357af6,Ps 102:1-2 (LXX Ps 101:1-2),Ps 102:1-2,Ps 101:1-2,2,2,0,special_service,home_blessing | main_readings | main_readings || unction_of_the_sick | second_prayer | second_prayer,,,ps-102,ps-102,Patristic homily linkage is not present in this repo and must be joined from the site corpus when George pushes.
rid_ec283651a8ff49328732,Ps 102:12 (LXX Ps 101:12),Ps 102:12,Ps 101:12,29,29,0,copticchurch_date; katameros_cycle,The first Sunday of Nasie | Matins | Psalm || Wednesday of Ninevah's Fast | Matins | Psalm,awakening to praise and repentance,,ps-102,ps-102,Patristic homily linkage is not present in this repo and must be joined from the site corpus when George pushes.
rid_30bf0358b1d84ec910c8,Ps 102:13 (LXX Ps 101:13),Ps 102:13,Ps 101:13,83,83,0,copticchurch_date; katameros_cycle,Amshir 16 | Liturgy | Psalm || Great Lent | Liturgy | Psalm || Kiak 13 | Liturgy | Psalm,awakening to praise and repentance; the Eucharistic gathering of the Church,,ps-102,ps-102,Patristic homily linkage is not present in this repo and must be joined from the site corpus when George pushes.
rid_351253c7a0e0135724b1,Ps 102:14-15 (LXX Ps 101:14-15),Ps 102:14-15,Ps 101:14-15,14,14,0,copticchurch_date,Tuesday of Ninevah's Fast | Matins | Psalm,awakening to praise and repentance,,ps-102,ps-102,Patristic homily linkage is not present in this repo and must be joined from the site corpus when George pushes.
rid_ccee17be9661ee290fd7,Ps 102:16 (LXX Ps 101:16),Ps 102:16,Ps 101:16,67,67,0,copticchurch_date; katameros_cycle,Amshir 16 | Liturgy | Psalm || Great Lent | Liturgy | Psalm || Kiak 13 | Liturgy | Psalm,the Eucharistic gathering of the Church,,ps-102,ps-102,Patristic homily linkage is not present in this repo and must be joined from the site corpus when George pushes.
rid_40d0e8e529978f17ede5,Ps 102:17 (LXX Ps 101:17),Ps 102:17,Ps 101:17,67,67,0,copticchurch_date; katameros_cycle,Amshir 16 | Liturgy | Psalm || Great Lent | Liturgy | Psalm || Kiak 13 | Liturgy | Psalm,awakening to praise and repentance; the Eucharistic gathering of the Church,,ps-102,ps-102,Patristic homily linkage is not present in this repo and must be joined from the site corpus when George pushes.
rid_28a35d82a6b6ec1ca94e,Ps 102:19 (LXX Ps 101:19),Ps 102:19,Ps 101:19,16,16,0,copticchurch_date,The first Sunday of Kiak | Matins | Psalm,awakening to praise and repentance,,ps-102,ps-102,Patristic homily linkage is not present in this repo and must be joined from the site corpus when George pushes.
rid_4579518429cde4306c1a,Ps 102:19-21 (LXX Ps 101:19-21),Ps 102:19-21,Ps 101:19-21,51,51,0,copticchurch_date; katameros_cycle,Amshir 16 | Matins | Psalm || Great Lent | Matins | Psalm || Kiak 13 | Matins | Psalm,awakening to praise and repentance,,ps-102,ps-102,Patristic homily linkage is not present in this repo and must be joined from the site corpus when George pushes.
rid_6f1130ce3e266074cbdd,Ps 102:2 (LXX Ps 101:2),Ps 102:2,Ps 101:2,1,1,0,katameros_cycle,matins_psalm | matins_psalm,,,ps-102,ps-102,Patristic homily linkage is not present in this repo and must be joined from the site corpus when George pushes.
rid_af3c2c6325af2cc1f33a,Ps 102:21 (LXX Ps 101:21),Ps 102:21,Ps 101:21,33,33,0,copticchurch_date; katameros_cycle,The first Sunday of Kiak | Matins | Psalm,awakening to praise and repentance,,ps-102,ps-102,Patristic homily linkage is not present in this repo and must be joined from the site corpus when George pushes.
rid_e5abdc5f59d572e11b52,Ps 102:23 (LXX Ps 101:23),Ps 102:23,Ps 101:23,11,11,0,copticchurch_date,The first Sunday of Nasie | Matins | Psalm,awakening to praise and repentance,,ps-102,ps-102,Patristic homily linkage is not present in this repo and must be joined from the site corpus when George pushes.
rid_c99b525047de34b4d18c,Ps 102:24 (LXX Ps 101:24),Ps 102:24,Ps 101:24,12,12,0,copticchurch_date; katameros_cycle,The first Sunday of Nasie | Matins | Psalm || Sunday of Nasie | matins_psalm | matins_psalm,awakening to praise and repentance,,ps-102,ps-102,Patristic homily linkage is not present in this repo and must be joined from the site corpus when George pushes.
rid_2320041a0dfa518b339b,Ps 102:24-26 (LXX Ps 101:24-26),Ps 102:24-26,Ps 101:24-26,12,12,0,copticchurch_date; katameros_cycle,The first Sunday of Nasie | Liturgy | Psalm || Sunday of Nasie | liturgy_psalm | liturgy_psalm,the Eucharistic gathering of the Church,,ps-102,ps-102,Patristic homily linkage is not present in this repo and must be joined from the site corpus when George pushes.
rid_b814f6f509644a5ce439,Ps 102:7 (LXX Ps 101:7),Ps 102:7,Ps 101:7,14,14,0,copticchurch_date,Tuesday of Ninevah's Fast | Matins | Psalm,awakening to praise and repentance,,ps-102,ps-102,Patristic homily linkage is not present in this repo and must be joined from the site corpus when George pushes.
rid_17ef3a323452fc33926c,Ps 102:9 (LXX Ps 101:9),Ps 102:9,Ps 101:9,14,14,0,copticchurch_date,Tuesday of Ninevah's Fast | Matins | Psalm,awakening to praise and repentance,,ps-102,ps-102,Patristic homily linkage is not present in this repo and must be joined from the site corpus when George pushes.
rid_e42def59c55e49ead8ee,Ps 103:10 (LXX Ps 102:10),Ps 103:10,Ps 102:10,1,1,0,katameros_cycle,Second Sunday of Hatur | liturgy_psalm | liturgy_psalm,,,ps-103,ps-103,Patristic homily linkage is not present in this repo and must be joined from the site corpus when George pushes.
rid_ee6f56b2f1860894a12e,Ps 103:16 (LXX Ps 102:16),Ps 103:16,Ps 102:16,1,1,0,katameros_cycle,Second Sunday of Hatur | liturgy_psalm | liturgy_psalm,,,ps-103,ps-103,Patristic homily linkage is not present in this repo and must be joined from the site corpus when George pushes.
rid_c85c2a5e1eb064a951fb,Ps 103:20-21 (LXX Ps 102:20-21),Ps 103:20-21,Ps 102:20-21,27,27,0,copticchurch_date; katameros_cycle; special_service,Hator 12 | Liturgy | Psalm,the Eucharistic gathering of the Church,,ps-103,ps-103,Patristic homily linkage is not present in this repo and must be joined from the site corpus when George pushes.
rid_322981455ed666125114,Ps 104:1 (LXX Ps 103:1),Ps 104:1,Ps 103:1,31,31,0,copticchurch_date; katameros_cycle,Mesra 25 | Liturgy | Psalm,the Eucharistic gathering of the Church,,ps-104,ps-104,Patristic homily linkage is not present in this repo and must be joined from the site corpus when George pushes.
rid_d3c3dde81a441f853a3a,Ps 104:1-2 (LXX Ps 103:1-2),Ps 104:1-2,Ps 103:1-2,1,1,0,katameros_cycle,liturgy_psalm | liturgy_psalm,,,ps-104,ps-104,Patristic homily linkage is not present in this repo and must be joined from the site corpus when George pushes.
rid_39ee5cc4d6ceffb6c25e,Ps 104:10 (LXX Ps 103:10),Ps 104:10,Ps 103:10,16,16,0,copticchurch_date,The second Sunday of Hator | Liturgy | Psalm,the Eucharistic gathering of the Church,,ps-104,ps-104,Patristic homily linkage is not present in this repo and must be joined from the site corpus when George pushes.
rid_72856393765a1a77c961,Ps 104:13-14 (LXX Ps 103:13-14),Ps 104:13-14,Ps 103:13-14,16,16,0,copticchurch_date,The second Sunday of Hator | Vespers | Psalm,evening thanksgiving and watchfulness,,ps-104,ps-104,Patristic homily linkage is not present in this repo and must be joined from the site corpus when George pushes.
rid_74b97892db711b56d858,Ps 104:14-15 (LXX Ps 103:14-15),Ps 104:14-15,Ps 103:14-15,1,1,0,katameros_cycle,Second Sunday of Hatur | vespers_psalm | vespers_psalm,,,ps-104,ps-104,Patristic homily linkage is not present in this repo and must be joined from the site corpus when George pushes.
rid_4aa94f5e7d58b4eebc4f,Ps 104:15 (LXX Ps 103:15),Ps 104:15,Ps 103:15,17,17,0,copticchurch_date; katameros_cycle,Wedding of Cana | Matins | Psalm,awakening to praise and repentance,,ps-104,ps-104,Patristic homily linkage is not present in this repo and must be joined from the site corpus when George pushes.
rid_21fb72bc52e56350d04d,"Ps 104:15,104:24 (LXX Ps 103:15; Ps 103:24)","Ps 104:15,104:24",Ps 103:15; Ps 103:24,13,13,0,copticchurch_date,Baba 6 | Matins | Psalm,awakening to praise and repentance,,ps-104,ps-104,Patristic homily linkage is not present in this repo and must be joined from the site corpus when George pushes.
rid_7331b306170fbfa1513e,Ps 104:16 (LXX Ps 103:16),Ps 104:16,Ps 103:16,16,16,0,copticchurch_date,The second Sunday of Hator | Liturgy | Psalm,the Eucharistic gathering of the Church,,ps-104,ps-104,Patristic homily linkage is not present in this repo and must be joined from the site corpus when George pushes.
rid_8bfdb42f655a954b6dff,Ps 104:2 (LXX Ps 103:2),Ps 104:2,Ps 103:2,31,31,0,copticchurch_date; katameros_cycle,Mesra 25 | Liturgy | Psalm,the Eucharistic gathering of the Church,,ps-104,ps-104,Patristic homily linkage is not present in this repo and must be joined from the site corpus when George pushes.
rid_d371cb9faa9a7922fbe0,Ps 104:24 (LXX Ps 103:24),Ps 104:24,Ps 103:24,34,34,0,copticchurch_date; katameros_cycle,Monday of the first week of the holy fifty days | Liturgy | Psalm,awakening to praise and repentance; the Eucharistic gathering of the Church,,ps-104,ps-104,Patristic homily linkage is not present in this repo and must be joined from the site corpus when George pushes.
rid_a422cf58f22c99258e6a,Ps 104:3 (LXX Ps 103:3),Ps 104:3,Ps 103:3,26,26,0,copticchurch_date; katameros_cycle,Hator 12 | Matins | Psalm,awakening to praise and repentance,,ps-104,ps-104,Patristic homily linkage is not present in this repo and must be joined from the site corpus when George pushes.
rid_8df78d776117cca26175,Ps 104:30-31 (LXX Ps 103:30-31),Ps 104:30-31,Ps 103:30-31,17,17,0,copticchurch_date; katameros_cycle,Pentecost | Matins | Psalm,awakening to praise and repentance,,ps-104,ps-104,Patristic homily linkage is not present in this repo and must be joined from the site corpus when George pushes.
rid_cba633fdcbbda645aa6f,Ps 104:31 (LXX Ps 103:31),Ps 104:31,Ps 103:31,17,17,0,copticchurch_date; katameros_cycle,Monday of the first week of the holy fifty days | Liturgy | Psalm,the Eucharistic gathering of the Church,,ps-104,ps-104,Patristic homily linkage is not present in this repo and must be joined from the site corpus when George pushes.
rid_3c1ccf2e4cc7dd8cc140,Ps 104:31-32 (LXX Ps 103:31-32),Ps 104:31-32,Ps 103:31-32,18,18,0,copticchurch_date; katameros_cycle,Transfiguration | Matins | Psalm,awakening to praise and repentance,,ps-104,ps-104,Patristic homily linkage is not present in this repo and must be joined from the site corpus when George pushes.
rid_ee9c36fc7d0da0aec058,Ps 104:4 (LXX Ps 103:4),Ps 104:4,Ps 103:4,42,42,0,copticchurch_date; katameros_cycle; special_service,Hator 12 | Matins | Psalm,awakening to praise and repentance; the Eucharistic gathering of the Church,,ps-104,ps-104,Patristic homily linkage is not present in this repo and must be joined from the site corpus when George pushes.
rid_f6922e903d59911e6a82,Ps 105:1 (LXX Ps 104:1),Ps 105:1,Ps 104:1,15,15,0,copticchurch_date; katameros_cycle,Nasie 2 | Liturgy | Psalm,the Eucharistic gathering of the Church,,ps-105,ps-105,Patristic homily linkage is not present in this repo and must be joined from the site corpus when George pushes.
rid_538db7ca045666d9e2a2,Ps 105:1-3 (LXX Ps 104:1-3),Ps 105:1-3,Ps 104:1-3,133,133,0,copticchurch_date; katameros_cycle,Abib 2 | Matins | Psalm,awakening to praise and repentance; evening thanksgiving and watchfulness,,ps-105,ps-105,Patristic homily linkage is not present in this repo and must be joined from the site corpus when George pushes.
rid_85f9906aa8ecfaf9793d,Ps 105:14-15 (LXX Ps 104:14-15),Ps 105:14-15,Ps 104:14-15,228,228,0,copticchurch_date; katameros_cycle,Abib 26 | Vespers | Psalm,evening thanksgiving and watchfulness,,ps-105,ps-105,Patristic homily linkage is not present in this repo and must be joined from the site corpus when George pushes.
rid_5115548868c1f6655cfe,Ps 105:23 (LXX Ps 104:23),Ps 105:23,Ps 104:23,3,3,0,katameros_cycle,Feast of St. Joseph the Carpenter | vespers_psalm | vespers_psalm || vespers_psalm | vespers_psalm,,,ps-105,ps-105,Patristic homily linkage is not present in this repo and must be joined from the site corpus when George pushes.
rid_0becf933ef457203f2be,"Ps 105:23,105:27 (LXX Ps 104:23; Ps 104:27)","Ps 105:23,105:27",Ps 104:23; Ps 104:27,11,11,0,copticchurch_date,Entrance into Egypt | Vespers | Psalm || Paona 8 | Vespers | Psalm,evening thanksgiving and watchfulness,,ps-105,ps-105,Patristic homily linkage is not present in this repo and must be joined from the site corpus when George pushes.
rid_272d86cb0efc0014c158,Ps 105:26 (LXX Ps 104:26),Ps 105:26,Ps 104:26,214,214,0,copticchurch_date; katameros_cycle,Abib 26 | Matins | Psalm,awakening to praise and repentance,,ps-105,ps-105,Patristic homily linkage is not present in this repo and must be joined from the site corpus when George pushes.
rid_5e1b44d279df177dd3ac,"Ps 105:26,105:27,105:45 (LXX Ps 104:26; Ps 104:27; Ps 104:45)","Ps 105:26,105:27,105:45",Ps 104:26; Ps 104:27; Ps 104:45,14,14,0,copticchurch_date,Paona 26 | Matins | Psalm,awakening to praise and repentance,,ps-105,ps-105,Patristic homily linkage is not present in this repo and must be joined from the site corpus when George pushes.
rid_74680c44ac77af7f1091,Ps 105:27 (LXX Ps 104:27),Ps 105:27,Ps 104:27,217,217,0,copticchurch_date; katameros_cycle,Abib 26 | Matins | Psalm,awakening to praise and repentance,,ps-105,ps-105,Patristic homily linkage is not present in this repo and must be joined from the site corpus when George pushes.
rid_b9fe985101ca0adf8b14,Ps 105:3 (LXX Ps 104:3),Ps 105:3,Ps 104:3,1,1,0,katameros_cycle,liturgy_psalm | liturgy_psalm,,,ps-105,ps-105,Patristic homily linkage is not present in this repo and must be joined from the site corpus when George pushes.
rid_6ee059c1d0e605f192a1,Ps 105:3-4 (LXX Ps 104:3-4),Ps 105:3-4,Ps 104:3-4,14,14,0,copticchurch_date; katameros_cycle,Mesra 28 | Matins | Psalm,awakening to praise and repentance,,ps-105,ps-105,Patristic homily linkage is not present in this repo and must be joined from the site corpus when George pushes.
rid_6e4ed9a1bb30af866d7b,Ps 105:3-5 (LXX Ps 104:3-5),Ps 105:3-5,Ps 104:3-5,30,30,0,copticchurch_date; katameros_cycle,Sunday of the fourth week of Great Lent | Liturgy | Psalm,the Eucharistic gathering of the Church,,ps-105,ps-105,Patristic homily linkage is not present in this repo and must be joined from the site corpus when George pushes.
rid_29ca8b547256646fd006,Ps 105:36 (LXX Ps 104:36),Ps 105:36,Ps 104:36,14,14,0,copticchurch_date; katameros_cycle,Entrance into Egypt | Liturgy | Psalm || Paona 8 | Liturgy | Psalm || Feast of St. Joseph the Carpenter | liturgy_psalm | liturgy_psalm,the Eucharistic gathering of the Church,,ps-105,ps-105,Patristic homily linkage is not present in this repo and must be joined from the site corpus when George pushes.
rid_958478b03fbedd8986ec,Ps 105:38 (LXX Ps 104:38),Ps 105:38,Ps 104:38,14,14,0,copticchurch_date; katameros_cycle,Entrance into Egypt | Liturgy | Psalm || Paona 8 | Liturgy | Psalm || Feast of St. Joseph the Carpenter | liturgy_psalm | liturgy_psalm,the Eucharistic gathering of the Church,,ps-105,ps-105,Patristic homily linkage is not present in this repo and must be joined from the site corpus when George pushes.
rid_b3add5908ba377b5d205,Ps 105:4 (LXX Ps 104:4),Ps 105:4,Ps 104:4,1,1,0,katameros_cycle,liturgy_psalm | liturgy_psalm,,,ps-105,ps-105,Patristic homily linkage is not present in this repo and must be joined from the site corpus when George pushes.
rid_8c7861d05d61bc9f60ca,Ps 105:43 (LXX Ps 104:43),Ps 105:43,Ps 104:43,17,17,0,copticchurch_date; katameros_cycle,Wednesday of the first week of the holy fifty days | Matins | Psalm,awakening to praise and repentance,,ps-105,ps-105,Patristic homily linkage is not present in this repo and must be joined from the site corpus when George pushes.
rid_a6ff6259ac1b0e939c38,Ps 105:45 (LXX Ps 104:45),Ps 105:45,Ps 104:45,231,231,0,copticchurch_date; katameros_cycle,Abib 26 | Matins | Psalm,awakening to praise and repentance,,ps-105,ps-105,Patristic homily linkage is not present in this repo and must be joined from the site corpus when George pushes.
rid_f06f0107c87a0bec0793,Ps 105:5 (LXX Ps 104:5),Ps 105:5,Ps 104:5,1,1,0,katameros_cycle,liturgy_psalm | liturgy_psalm,,,ps-105,ps-105,Patristic homily linkage is not present in this repo and must be joined from the site corpus when George pushes.
rid_1b83f67bebdc13381c9e,Ps 105:8-10 (LXX Ps 104:8-10),Ps 105:8-10,Ps 104:8-10,14,14,0,copticchurch_date; katameros_cycle,Mesra 28 | Liturgy | Psalm,the Eucharistic gathering of the Church,,ps-105,ps-105,Patristic homily linkage is not present in this repo and must be joined from the site corpus when George pushes.
rid_aee138fb25f1380ce490,Ps 106:1 (LXX Ps 105:1),Ps 106:1,Ps 105:1,32,32,0,copticchurch_date,Saturday of the third week of the holy fifty days | Matins | Psalm,awakening to praise and repentance; the Eucharistic gathering of the Church,,ps-106,ps-106,Patristic homily linkage is not present in this repo and must be joined from the site corpus when George pushes.
rid_b43cdc5c84cc8567eec1,Ps 106:1-2 (LXX Ps 105:1-2),Ps 106:1-2,Ps 105:1-2,1,1,0,katameros_cycle,liturgy_psalm | liturgy_psalm,,,ps-106,ps-106,Patristic homily linkage is not present in this repo and must be joined from the site corpus when George pushes.
rid_0ddd0c2dbfd1bcf6c5af,Ps 106:2 (LXX Ps 105:2),Ps 106:2,Ps 105:2,32,32,0,copticchurch_date,Saturday of the third week of the holy fifty days | Matins | Psalm,awakening to praise and repentance; the Eucharistic gathering of the Church,,ps-106,ps-106,Patristic homily linkage is not present in this repo and must be joined from the site corpus when George pushes.
rid_ed3491f884817dacae03,Ps 106:21 (LXX Ps 105:21),Ps 106:21,Ps 105:21,14,14,0,copticchurch_date; katameros_cycle,Entrance into Egypt | Matins | Psalm || Paona 8 | Matins | Psalm || Feast of St. Joseph the Carpenter | matins_psalm | matins_psalm,awakening to praise and repentance,,ps-106,ps-106,Patristic homily linkage is not present in this repo and must be joined from the site corpus when George pushes.
rid_072b799562307a05676a,Ps 106:22 (LXX Ps 105:22),Ps 106:22,Ps 105:22,14,14,0,copticchurch_date; katameros_cycle,Entrance into Egypt | Matins | Psalm || Paona 8 | Matins | Psalm || Feast of St. Joseph the Carpenter | matins_psalm | matins_psalm,awakening to praise and repentance,,ps-106,ps-106,Patristic homily linkage is not present in this repo and must be joined from the site corpus when George pushes.
rid_1285a4280cf2cad64e3e,Ps 106:4 (LXX Ps 105:4),Ps 106:4,Ps 105:4,30,30,0,copticchurch_date; katameros_cycle,Entrance into Egypt | Matins | Psalm || Paona 8 | Matins | Psalm || Thursday of the first week of the holy fifty days | Matins | Psalm,awakening to praise and repentance,,ps-106,ps-106,Patristic homily linkage is not present in this repo and must be joined from the site corpus when George pushes.
rid_02b35b44f1d297c9e858,Ps 106:4-5 (LXX Ps 105:4-5),Ps 106:4-5,Ps 105:4-5,1,1,0,katameros_cycle,matins_psalm | matins_psalm,,,ps-106,ps-106,Patristic homily linkage is not present in this repo and must be joined from the site corpus when George pushes.
rid_87be9185f247668fbbaf,Ps 106:47 (LXX Ps 105:47),Ps 106:47,Ps 105:47,17,17,0,copticchurch_date; katameros_cycle,Friday of the first week of the holy fifty days | Matins | Psalm,awakening to praise and repentance,,ps-106,ps-106,Patristic homily linkage is not present in this repo and must be joined from the site corpus when George pushes.
rid_9d5d7a197118f215352b,Ps 106:48 (LXX Ps 105:48),Ps 106:48,Ps 105:48,17,17,0,copticchurch_date; katameros_cycle,Thursday of the first week of the holy fifty days | Liturgy | Psalm,the Eucharistic gathering of the Church,,ps-106,ps-106,Patristic homily linkage is not present in this repo and must be joined from the site corpus when George pushes.
rid_64ab44ee8c8dc8012a6a,Ps 106:5 (LXX Ps 105:5),Ps 106:5,Ps 105:5,16,16,0,copticchurch_date,Thursday of the first week of the holy fifty days | Matins | Psalm,awakening to praise and repentance,,ps-106,ps-106,Patristic homily linkage is not present in this repo and must be joined from the site corpus when George pushes.
rid_a8a5511af17348d9cd8b,Ps 107:1 (LXX Ps 106:1),Ps 107:1,Ps 106:1,16,16,0,copticchurch_date,Friday of the first week of the holy fifty days | Liturgy | Psalm,the Eucharistic gathering of the Church,,ps-107,ps-107,Patristic homily linkage is not present in this repo and must be joined from the site corpus when George pushes.
rid_803afb731900e6362ade,Ps 107:1-2 (LXX Ps 106:1-2),Ps 107:1-2,Ps 106:1-2,2,2,0,katameros_cycle,liturgy_psalm | liturgy_psalm || matins_psalm | matins_psalm,,,ps-107,ps-107,Patristic homily linkage is not present in this repo and must be joined from the site corpus when George pushes.
rid_24fa8084345c3f73a8cd,Ps 107:2 (LXX Ps 106:2),Ps 107:2,Ps 106:2,16,16,0,copticchurch_date,Friday of the first week of the holy fifty days | Liturgy | Psalm,the Eucharistic gathering of the Church,,ps-107,ps-107,Patristic homily linkage is not present in this repo and must be joined from the site corpus when George pushes.
rid_fd50b21382e588e832d9,"Ps 107:2,107:3 (LXX Ps 106:2; Ps 106:3)","Ps 107:2,107:3",Ps 106:2; Ps 106:3,16,16,0,copticchurch_date,Saturday of the seventh week of the holy fifty days | Vespers | Psalm,evening thanksgiving and watchfulness,,ps-107,ps-107,Patristic homily linkage is not present in this repo and must be joined from the site corpus when George pushes.
rid_2dc83ef3e868b9b2e59d,Ps 107:2-3 (LXX Ps 106:2-3),Ps 107:2-3,Ps 106:2-3,1,1,0,katameros_cycle,Saturday before Pentecost | vespers_psalm | vespers_psalm,,,ps-107,ps-107,Patristic homily linkage is not present in this repo and must be joined from the site corpus when George pushes.
rid_4588314bf1649aea7354,Ps 107:20 (LXX Ps 106:20),Ps 107:20,Ps 106:20,17,17,0,copticchurch_date; katameros_cycle,Saturday of the second week of the holy fifty days | Liturgy | Psalm,the Eucharistic gathering of the Church,,ps-107,ps-107,Patristic homily linkage is not present in this repo and must be joined from the site corpus when George pushes.
rid_b45038441e70c9a1faac,Ps 107:22 (LXX Ps 106:22),Ps 107:22,Ps 106:22,17,17,0,copticchurch_date; katameros_cycle,Saturday of the second week of the holy fifty days | Liturgy | Psalm,the Eucharistic gathering of the Church,,ps-107,ps-107,Patristic homily linkage is not present in this repo and must be joined from the site corpus when George pushes.
rid_80c37d1e4cce555da1da,Ps 107:32 (LXX Ps 106:32),Ps 107:32,Ps 106:32,328,328,0,copticchurch_date; katameros_cycle,Abib 14 | Liturgy | Psalm,awakening to praise and repentance; the Eucharistic gathering of the Church,,ps-107,ps-107,Patristic homily linkage is not present in this repo and must be joined from the site corpus when George pushes.
rid_0bb4f75581fd3145f69e,Ps 107:41 (LXX Ps 106:41),Ps 107:41,Ps 106:41,328,328,0,copticchurch_date; katameros_cycle,Abib 14 | Liturgy | Psalm,awakening to praise and repentance; the Eucharistic gathering of the Church,,ps-107,ps-107,Patristic homily linkage is not present in this repo and must be joined from the site corpus when George pushes.
rid_d84c6cd9b7c3956c4458,Ps 107:42 (LXX Ps 106:42),Ps 107:42,Ps 106:42,328,328,0,copticchurch_date; katameros_cycle,Abib 14 | Liturgy | Psalm,awakening to praise and repentance; the Eucharistic gathering of the Church,,ps-107,ps-107,Patristic homily linkage is not present in this repo and must be joined from the site corpus when George pushes.
rid_f0bdf8e256636d437a19,"Ps 108:1,108:2 (LXX Ps 107:1; Ps 107:2)","Ps 108:1,108:2",Ps 107:1; Ps 107:2,1,1,0,pascha_day_hour,Great Thursday Eve | Third Hour | Psalm+Gospel,the descent of the Holy Spirit and the trial of the heart,,ps-108,ps-108,Patristic homily linkage is not present in this repo and must be joined from the site corpus when George pushes.
rid_aa7e92a64ae301cdac77,Ps 108:3 (LXX Ps 107:3),Ps 108:3,Ps 107:3,16,16,0,copticchurch_date,Saturday of the seventh week of the holy fifty days | Liturgy | Psalm,the Eucharistic gathering of the Church,,ps-108,ps-108,Patristic homily linkage is not present in this repo and must be joined from the site corpus when George pushes.
rid_338e2bc70e8019e2a483,Ps 108:3-4 (LXX Ps 107:3-4),Ps 108:3-4,Ps 107:3-4,1,1,0,katameros_cycle,Saturday before Pentecost | liturgy_psalm | liturgy_psalm,,,ps-108,ps-108,Patristic homily linkage is not present in this repo and must be joined from the site corpus when George pushes.
rid_cb76261261997da0536c,Ps 108:4 (LXX Ps 107:4),Ps 108:4,Ps 107:4,16,16,0,copticchurch_date,Saturday of the seventh week of the holy fifty days | Liturgy | Psalm,the Eucharistic gathering of the Church,,ps-108,ps-108,Patristic homily linkage is not present in this repo and must be joined from the site corpus when George pushes.
rid_c4db2659400e729b7cc3,Ps 110 (LXX Ps 109),Ps 110,Ps 109,2,2,0,agpeya,Ninth Hour (None) | Ninth Hour (None) | psalm || Veil Prayer | Veil Prayer | psalm,,,ps-110,ps-110,Patristic homily linkage is not present in this repo and must be joined from the site corpus when George pushes.
rid_c5b7fec13aec781cd771,Ps 110:1 (LXX Ps 109:1),Ps 110:1,Ps 109:1,16,16,0,copticchurch_date,Friday of the sixth week of the holy fifty days | Matins | Psalm,awakening to praise and repentance,,ps-110,ps-110,Patristic homily linkage is not present in this repo and must be joined from the site corpus when George pushes.
rid_3cd19c837969972cfdaf,Ps 110:1-2 (LXX Ps 109:1-2),Ps 110:1-2,Ps 109:1-2,1,1,0,katameros_cycle,matins_psalm | matins_psalm,,,ps-110,ps-110,Patristic homily linkage is not present in this repo and must be joined from the site corpus when George pushes.
rid_4251329fbd6191820286,Ps 110:2 (LXX Ps 109:2),Ps 110:2,Ps 109:2,16,16,0,copticchurch_date,Friday of the sixth week of the holy fifty days | Matins | Psalm,awakening to praise and repentance,,ps-110,ps-110,Patristic homily linkage is not present in this repo and must be joined from the site corpus when George pushes.
rid_53b1bdf8c82ac06a6238,Ps 110:3 (LXX Ps 109:3),Ps 110:3,Ps 109:3,21,21,0,copticchurch_date; katameros_cycle,Christmas Paramoune | Liturgy | Psalm,the Eucharistic gathering of the Church,,ps-110,ps-110,Patristic homily linkage is not present in this repo and must be joined from the site corpus when George pushes.
rid_c9ff9a72883959072149,Ps 110:4 (LXX Ps 109:4),Ps 110:4,Ps 109:4,311,311,0,copticchurch_date; katameros_cycle,Amshir 11 | Liturgy | Psalm || Amshir 14 | Matins | Psalm,awakening to praise and repentance; the Eucharistic gathering of the Church,,ps-110,ps-110,Patristic homily linkage is not present in this repo and must be joined from the site corpus when George pushes.
rid_9e228b7bc34476df1dc2,"Ps 110:4,110:5 (LXX Ps 109:4; Ps 109:5)","Ps 110:4,110:5",Ps 109:4; Ps 109:5,210,210,0,copticchurch_date,Abib 14 | Vespers | Psalm,evening thanksgiving and watchfulness,,ps-110,ps-110,Patristic homily linkage is not present in this repo and must be joined from the site corpus when George pushes.
rid_940c06f32a7136fc8cef,"Ps 110:4,110:5,110:7 (LXX Ps 109:4; Ps 109:5; Ps 109:7)","Ps 110:4,110:5,110:7",Ps 109:4; Ps 109:5; Ps 109:7,18,18,0,copticchurch_date,Amshir 18 | Matins | Psalm || Fast of Ninevah | Matins | Psalm || Kiak 1 | Matins | Psalm,awakening to praise and repentance,,ps-110,ps-110,Patristic homily linkage is not present in this repo and must be joined from the site corpus when George pushes.
rid_4443600214caa17fcaee,Ps 110:4-6 (LXX Ps 109:4-6),Ps 110:4-6,Ps 109:4-6,17,17,0,katameros_cycle,matins_psalm | matins_psalm,,,ps-110,ps-110,Patristic homily linkage is not present in this repo and must be joined from the site corpus when George pushes.
rid_e8084b721f0b88243a15,Ps 110:5 (LXX Ps 109:5),Ps 110:5,Ps 109:5,291,291,0,copticchurch_date; katameros_cycle,Amshir 11 | Liturgy | Psalm || Amshir 14 | Matins | Psalm,awakening to praise and repentance; the Eucharistic gathering of the Church,,ps-110,ps-110,Patristic homily linkage is not present in this repo and must be joined from the site corpus when George pushes.
rid_d3b5b47035d7fa9a9419,Ps 110:7 (LXX Ps 109:7),Ps 110:7,Ps 109:7,521,521,0,copticchurch_date; katameros_cycle,Abib 14 | Vespers | Psalm,awakening to praise and repentance; evening thanksgiving and watchfulness; the Eucharistic gathering of the Church,,ps-110,ps-110,Patristic homily linkage is not present in this repo and must be joined from the site corpus when George pushes.
rid_8f9d07dc4e3a2dde7dc5,Ps 111 (LXX Ps 110),Ps 111,Ps 110,1,1,0,agpeya,Ninth Hour (None) | Ninth Hour (None) | psalm,,,ps-111,ps-111,Patristic homily linkage is not present in this repo and must be joined from the site corpus when George pushes.
rid_bd07fc822f703792544b,Ps 111:1 (LXX Ps 110:1),Ps 111:1,Ps 110:1,17,17,0,copticchurch_date; katameros_cycle,Saturday of the second week of the holy fifty days | Matins | Psalm,awakening to praise and repentance,,ps-111,ps-111,Patristic homily linkage is not present in this repo and must be joined from the site corpus when George pushes.
rid_2fc8a1fa30f2ac41c0e5,"Ps 111:1,111:2 (LXX Ps 110:1; Ps 110:2)","Ps 111:1,111:2",Ps 110:1; Ps 110:2,16,16,0,copticchurch_date,Sunday of the second week of the holy fifty days | Vespers | Psalm,evening thanksgiving and watchfulness,,ps-111,ps-111,Patristic homily linkage is not present in this repo and must be joined from the site corpus when George pushes.
rid_5e07420731b5e5918c92,Ps 111:1-2 (LXX Ps 110:1-2),Ps 111:1-2,Ps 110:1-2,1,1,0,katameros_cycle,matins_psalm | matins_psalm,,,ps-111,ps-111,Patristic homily linkage is not present in this repo and must be joined from the site corpus when George pushes.
rid_b40ea54368d48d642b7d,Ps 111:2 (LXX Ps 110:2),Ps 111:2,Ps 110:2,16,16,0,copticchurch_date,Saturday of the second week of the holy fifty days | Matins | Psalm,awakening to praise and repentance,,ps-111,ps-111,Patristic homily linkage is not present in this repo and must be joined from the site corpus when George pushes.
rid_92ac1f9b17299f4a7cc7,Ps 111:3 (LXX Ps 110:3),Ps 111:3,Ps 110:3,1,1,0,katameros_cycle,vespers_psalm | vespers_psalm,,,ps-111,ps-111,Patristic homily linkage is not present in this repo and must be joined from the site corpus when George pushes.
rid_d87348af951cf7f7ce24,Ps 111:3-4 (LXX Ps 110:3-4),Ps 111:3-4,Ps 110:3-4,17,17,0,copticchurch_date; katameros_cycle,Sunday of the second week of the holy fifty days | Matins | Psalm,awakening to praise and repentance,,ps-111,ps-111,Patristic homily linkage is not present in this repo and must be joined from the site corpus when George pushes.
rid_1e045195cdcbdde93d92,Ps 111:9-10 (LXX Ps 110:9-10),Ps 111:9-10,Ps 110:9-10,17,17,0,copticchurch_date; katameros_cycle,Sunday of the second week of the holy fifty days | Liturgy | Psalm,the Eucharistic gathering of the Church,,ps-111,ps-111,Patristic homily linkage is not present in this repo and must be joined from the site corpus when George pushes.
rid_db315b9f2580dc66fb09,Ps 112 (LXX Ps 111),Ps 112,Ps 111,1,1,0,agpeya,Ninth Hour (None) | Ninth Hour (None) | psalm,,,ps-112,ps-112,Patristic homily linkage is not present in this repo and must be joined from the site corpus when George pushes.
rid_d0bb2c298714e99d1954,Ps 112:1-2 (LXX Ps 111:1-2),Ps 112:1-2,Ps 111:1-2,113,113,0,copticchurch_date; katameros_cycle,Amshir 1 | Matins | Psalm,awakening to praise and repentance; evening thanksgiving and watchfulness,,ps-112,ps-112,Patristic homily linkage is not present in this repo and must be joined from the site corpus when George pushes.
rid_7f6df18fb96e08c6c818,Ps 112:4 (LXX Ps 111:4),Ps 112:4,Ps 111:4,34,34,0,copticchurch_date; katameros_cycle,Monday of the second week of the holy fifty days | Matins | Psalm,awakening to praise and repentance,,ps-112,ps-112,Patristic homily linkage is not present in this repo and must be joined from the site corpus when George pushes.
rid_d99225409123d304d021,Ps 112:6 (LXX Ps 111:6),Ps 112:6,Ps 111:6,37,37,0,copticchurch_date; katameros_cycle,Hator 16 of Christmas Fast | Vespers | Psalm,awakening to praise and repentance; evening thanksgiving and watchfulness,,ps-112,ps-112,Patristic homily linkage is not present in this repo and must be joined from the site corpus when George pushes.
rid_cc33e731b4d0a39ca876,"Ps 112:6,112:7,112:9 (LXX Ps 111:6; Ps 111:7; Ps 111:9)","Ps 112:6,112:7,112:9",Ps 111:6; Ps 111:7; Ps 111:9,61,61,0,copticchurch_date,Amshir 15 | Vespers | Psalm || Fast of Ninevah | Vespers | Psalm || Kiak 11 | Vespers | Psalm,evening thanksgiving and watchfulness,,ps-112,ps-112,Patristic homily linkage is not present in this repo and must be joined from the site corpus when George pushes.
rid_9040452dcc0a4b36f90e,Ps 112:7 (LXX Ps 111:7),Ps 112:7,Ps 111:7,37,37,0,copticchurch_date; katameros_cycle,Hator 16 of Christmas Fast | Vespers | Psalm,awakening to praise and repentance; evening thanksgiving and watchfulness,,ps-112,ps-112,Patristic homily linkage is not present in this repo and must be joined from the site corpus when George pushes.
rid_3ebb200b973b2da07ef5,Ps 112:9 (LXX Ps 111:9),Ps 112:9,Ps 111:9,20,20,0,copticchurch_date; katameros_cycle,Hator 16 of Christmas Fast | Vespers | Psalm,evening thanksgiving and watchfulness,,ps-112,ps-112,Patristic homily linkage is not present in this repo and must be joined from the site corpus when George pushes.
rid_5805611d06175e1f2914,Ps 113 (LXX Ps 112),Ps 113,Ps 112,2,2,0,agpeya,First Hour (Prime / Morning Prayer) | First Hour (Prime / Morning Prayer) | psalm || Ninth Hour (None) | Ninth Hour (None) | psalm,,,ps-113,ps-113,Patristic homily linkage is not present in this repo and must be joined from the site corpus when George pushes.
rid_a0dfdf381cda4e06c98c,Ps 113:1 (LXX Ps 112:1),Ps 113:1,Ps 112:1,14,14,0,copticchurch_date,Toba 3 | Liturgy | Psalm,the Eucharistic gathering of the Church,,ps-113,ps-113,Patristic homily linkage is not present in this repo and must be joined from the site corpus when George pushes.
rid_6a2d01f668e6eab44812,"Ps 113:1,113:2 (LXX Ps 112:1; Ps 112:2)","Ps 113:1,113:2",Ps 112:1; Ps 112:2,10,10,0,copticchurch_date,Amshir 7 | Liturgy | Psalm || Fast of Ninevah | Liturgy | Psalm,the Eucharistic gathering of the Church,,ps-113,ps-113,Patristic homily linkage is not present in this repo and must be joined from the site corpus when George pushes.
rid_214ee45326022abe0ae6,Ps 113:1-2 (LXX Ps 112:1-2),Ps 113:1-2,Ps 112:1-2,178,178,0,copticchurch_date; katameros_cycle,Abib 19 | Matins | Psalm,awakening to praise and repentance,,ps-113,ps-113,Patristic homily linkage is not present in this repo and must be joined from the site corpus when George pushes.
rid_56faf929cac966085f20,Ps 113:2 (LXX Ps 112:2),Ps 113:2,Ps 112:2,14,14,0,copticchurch_date,Toba 3 | Liturgy | Psalm,the Eucharistic gathering of the Church,,ps-113,ps-113,Patristic homily linkage is not present in this repo and must be joined from the site corpus when George pushes.
rid_54a1402e0b5159294e01,Ps 113:3-4 (LXX Ps 112:3-4),Ps 113:3-4,Ps 112:3-4,17,17,0,copticchurch_date; katameros_cycle,The third Sunday of Hator | Matins | Psalm,awakening to praise and repentance,,ps-113,ps-113,Patristic homily linkage is not present in this repo and must be joined from the site corpus when George pushes.
rid_eb3c6ea364808b500dbf,Ps 114:3 (LXX Ps 113:3),Ps 114:3,Ps 113:3,1,1,0,special_service,liturgy_of_the_waters | main_readings | main_readings,,,ps-114,ps-114,Patristic homily linkage is not present in this repo and must be joined from the site corpus when George pushes.
rid_16cbdda3ae52708cb8bb,Ps 114:5 (LXX Ps 113:5),Ps 114:5,Ps 113:5,1,1,0,special_service,liturgy_of_the_waters | main_readings | main_readings,,,ps-114,ps-114,Patristic homily linkage is not present in this repo and must be joined from the site corpus when George pushes.
rid_48946aec0372624b1ff4,Ps 115:12-13 (LXX Ps 113:12-13),Ps 115:12-13,Ps 113:12-13,43,43,0,copticchurch_date; katameros_cycle; special_service,Amshir 7 | Vespers | Psalm || Fast of Ninevah | Vespers | Psalm || Sunday of the third week of the holy fifty days | Liturgy | Psalm,evening thanksgiving and watchfulness; the Eucharistic gathering of the Church,,ps-115,ps-115,Patristic homily linkage is not present in this repo and must be joined from the site corpus when George pushes.
rid_ddf71b0edffe0ceb8d35,Ps 116:1 (LXX Ps 114:1),Ps 116:1,Ps 114:1,16,16,0,copticchurch_date,Tuesday of the sixth week of the holy fifty days | Liturgy | Psalm,the Eucharistic gathering of the Church,,ps-116,ps-116,Patristic homily linkage is not present in this repo and must be joined from the site corpus when George pushes.
rid_64fafd2457b4613be821,"Ps 116:1,116:2 (LXX Ps 114:1; Ps 114:2)","Ps 116:1,116:2",Ps 114:1; Ps 114:2,16,16,0,copticchurch_date,Sunday of the third week of the holy fifty days | Vespers | Psalm,evening thanksgiving and watchfulness,,ps-116,ps-116,Patristic homily linkage is not present in this repo and must be joined from the site corpus when George pushes.
rid_39a81b1308eae48df2f1,Ps 116:1-2 (LXX Ps 114:1-2),Ps 116:1-2,Ps 114:1-2,2,2,0,katameros_cycle,vespers_psalm | vespers_psalm || liturgy_psalm | liturgy_psalm,,,ps-116,ps-116,Patristic homily linkage is not present in this repo and must be joined from the site corpus when George pushes.
rid_9ca703c19d42b9f82757,Ps 116:1-9 (LXX Ps 114:1-9),Ps 116:1-9,Ps 114:1-9,2,2,0,agpeya,Ninth Hour (None) | Ninth Hour (None) | psalm || Veil Prayer | Veil Prayer | psalm,,,ps-116,ps-116,Patristic homily linkage is not present in this repo and must be joined from the site corpus when George pushes.
rid_e403c81a249ac3494d85,Ps 116:10-19 (LXX Ps 115:10-19),Ps 116:10-19,Ps 115:10-19,2,2,0,agpeya,Ninth Hour (None) | Ninth Hour (None) | psalm || Veil Prayer | Veil Prayer | psalm,,,ps-116,ps-116,Patristic homily linkage is not present in this repo and must be joined from the site corpus when George pushes.
rid_b077e7d3a9902f74d1ab,Ps 116:15-16 (LXX Ps 115:15-16),Ps 116:15-16,Ps 115:15-16,15,15,0,copticchurch_date; katameros_cycle,Nasie 4 | Liturgy | Psalm,the Eucharistic gathering of the Church,,ps-116,ps-116,Patristic homily linkage is not present in this repo and must be joined from the site corpus when George pushes.
rid_583a621081fbd626355b,Ps 116:16-19 (LXX Ps 115:16-19),Ps 116:16-19,Ps 115:16-19,34,34,0,copticchurch_date; katameros_cycle,Circumcision of our Lord | Vespers | Psalm,evening thanksgiving and watchfulness,,ps-116,ps-116,Patristic homily linkage is not present in this repo and must be joined from the site corpus when George pushes.
rid_3a2995cd77db7c816728,Ps 116:2 (LXX Ps 114:2),Ps 116:2,Ps 114:2,16,16,0,copticchurch_date,Tuesday of the sixth week of the holy fifty days | Liturgy | Psalm,the Eucharistic gathering of the Church,,ps-116,ps-116,Patristic homily linkage is not present in this repo and must be joined from the site corpus when George pushes.
rid_30f52b1622e32be63c06,Ps 116:4-6 (LXX Ps 114:4-6),Ps 116:4-6,Ps 114:4-6,17,17,0,copticchurch_date; katameros_cycle,Sunday of the third week of the holy fifty days | Matins | Psalm,awakening to praise and repentance,,ps-116,ps-116,Patristic homily linkage is not present in this repo and must be joined from the site corpus when George pushes.
rid_9e7b28171b0e0f1d5925,Ps 116:6 (LXX Ps 114:6),Ps 116:6,Ps 114:6,1,1,0,special_service,funeral | part_4 | part_4,,,ps-116,ps-116,Patristic homily linkage is not present in this repo and must be joined from the site corpus when George pushes.
rid_d9ccd44368cec8c3449c,Ps 116:7-8 (LXX Ps 114:7-8),Ps 116:7-8,Ps 114:7-8,15,15,0,copticchurch_date; katameros_cycle; special_service,Friday of the second week of Great Lent | Matins | Psalm,awakening to praise and repentance,,ps-116,ps-116,Patristic homily linkage is not present in this repo and must be joined from the site corpus when George pushes.
rid_76f375a23b661db37977,Ps 117 (LXX Ps 116),Ps 117,Ps 116,2,2,0,agpeya,Eleventh Hour (Vespers) | Eleventh Hour (Vespers) | psalm || Midnight Prayer - First Watch | Midnight Prayer - First Watch | psalm,,,ps-117,ps-117,Patristic homily linkage is not present in this repo and must be joined from the site corpus when George pushes.
rid_b179d7858f55c5a518fe,Ps 117:1-2 (LXX Ps 116:1-2),Ps 117:1-2,Ps 116:1-2,16,16,0,copticchurch_date,Sunday of the fourth week of the holy fifty days | Vespers | Psalm,evening thanksgiving and watchfulness,,ps-117,ps-117,Patristic homily linkage is not present in this repo and must be joined from the site corpus when George pushes.
rid_5918db64870bb481fbf4,Ps 117:14 (LXX Ps 116:14),Ps 117:14,Ps 116:14,15,15,0,copticchurch_date,Thursday of the first week of Great Lent | Liturgy | Psalm,the Eucharistic gathering of the Church,,ps-117,ps-117,Patristic homily linkage is not present in this repo and must be joined from the site corpus when George pushes.
rid_41b6f4bb89188e5e317e,Ps 117:18 (LXX Ps 116:18),Ps 117:18,Ps 116:18,15,15,0,copticchurch_date,Thursday of the first week of Great Lent | Liturgy | Psalm,the Eucharistic gathering of the Church,,ps-117,ps-117,Patristic homily linkage is not present in this repo and must be joined from the site corpus when George pushes.
rid_9e709321c3aaf6af5ee5,Ps 118 (LXX Ps 117),Ps 118,Ps 117,2,2,0,agpeya,Eleventh Hour (Vespers) | Eleventh Hour (Vespers) | psalm || Midnight Prayer - First Watch | Midnight Prayer - First Watch | psalm,,,ps-118,ps-118,Patristic homily linkage is not present in this repo and must be joined from the site corpus when George pushes.
rid_8dbac121e81951f87813,"Ps 118:1,118:2 (LXX Ps 117:1; Ps 117:2)","Ps 118:1,118:2",Ps 117:1; Ps 117:2,16,16,0,copticchurch_date,Tuesday of the fifth week of the holy fifty days | Vespers | Psalm,evening thanksgiving and watchfulness,,ps-118,ps-118,Patristic homily linkage is not present in this repo and must be joined from the site corpus when George pushes.
rid_15c8d2b5e7623ed787d4,Ps 118:1-2 (LXX Ps 117:1-2),Ps 118:1-2,Ps 117:1-2,18,18,0,copticchurch_date; katameros_cycle,The second Sunday of Abib | Liturgy | Psalm,the Eucharistic gathering of the Church,,ps-118,ps-118,Patristic homily linkage is not present in this repo and must be joined from the site corpus when George pushes.
rid_ec04fb1698cdaaaa43fa,Ps 118:14 (LXX Ps 117:14),Ps 118:14,Ps 117:14,1,1,0,katameros_cycle,liturgy_psalm | liturgy_psalm,,,ps-118,ps-118,Patristic homily linkage is not present in this repo and must be joined from the site corpus when George pushes.
rid_04e5454be8e36ef1f763,Ps 118:14-15 (LXX Ps 117:14-15),Ps 118:14-15,Ps 117:14-15,16,16,0,copticchurch_date,Sunday of the fourth week of the holy fifty days | Liturgy | Psalm,the Eucharistic gathering of the Church,,ps-118,ps-118,Patristic homily linkage is not present in this repo and must be joined from the site corpus when George pushes.
rid_3de2395545ee6abe244b,Ps 118:14-16 (LXX Ps 117:14-16),Ps 118:14-16,Ps 117:14-16,1,1,0,katameros_cycle,liturgy_psalm | liturgy_psalm,,,ps-118,ps-118,Patristic homily linkage is not present in this repo and must be joined from the site corpus when George pushes.
rid_59951fd8c6161e63beda,Ps 118:16 (LXX Ps 117:16),Ps 118:16,Ps 117:16,33,33,0,copticchurch_date; katameros_cycle,Monday of the fifth week of the holy fifty days | Matins | Psalm,awakening to praise and repentance,,ps-118,ps-118,Patristic homily linkage is not present in this repo and must be joined from the site corpus when George pushes.
rid_c6fabd24cc894ceac1b5,Ps 118:16-17 (LXX Ps 117:16-17),Ps 118:16-17,Ps 117:16-17,1,1,0,katameros_cycle,matins_psalm | matins_psalm,,,ps-118,ps-118,Patristic homily linkage is not present in this repo and must be joined from the site corpus when George pushes.
rid_007b1c429434571ff419,Ps 118:17 (LXX Ps 117:17),Ps 118:17,Ps 117:17,16,16,0,copticchurch_date,Monday of the fifth week of the holy fifty days | Matins | Psalm,awakening to praise and repentance,,ps-118,ps-118,Patristic homily linkage is not present in this repo and must be joined from the site corpus when George pushes.
rid_f4cd93504d56f0754100,Ps 118:18 (LXX Ps 117:18),Ps 118:18,Ps 117:18,33,33,0,copticchurch_date; katameros_cycle,Jonah's Feast | Liturgy | Psalm,awakening to praise and repentance; the Eucharistic gathering of the Church,,ps-118,ps-118,Patristic homily linkage is not present in this repo and must be joined from the site corpus when George pushes.
rid_5684a0aa4ead3f993667,Ps 118:18-19 (LXX Ps 117:18-19),Ps 118:18-19,Ps 117:18-19,1,1,0,katameros_cycle,matins_psalm | matins_psalm,,,ps-118,ps-118,Patristic homily linkage is not present in this repo and must be joined from the site corpus when George pushes.
rid_71c2bdb751422f10fe07,Ps 118:19 (LXX Ps 117:19),Ps 118:19,Ps 117:19,32,32,0,copticchurch_date,Saturday of the second week of Great Lent | Liturgy | Psalm,awakening to praise and repentance; the Eucharistic gathering of the Church,,ps-118,ps-118,Patristic homily linkage is not present in this repo and must be joined from the site corpus when George pushes.
rid_4649092dba18f20b9ce8,Ps 118:19-20 (LXX Ps 117:19-20),Ps 118:19-20,Ps 117:19-20,2,2,0,katameros_cycle; special_service,liturgy_psalm | liturgy_psalm || palm_sunday | procession_station_11_southern_door | procession_station_11_southern_door,,,ps-118,ps-118,Patristic homily linkage is not present in this repo and must be joined from the site corpus when George pushes.
rid_55bba8dc0911cbbe715f,Ps 118:20 (LXX Ps 117:20),Ps 118:20,Ps 117:20,16,16,0,copticchurch_date,Saturday of the second week of Great Lent | Liturgy | Psalm,the Eucharistic gathering of the Church,,ps-118,ps-118,Patristic homily linkage is not present in this repo and must be joined from the site corpus when George pushes.
rid_505c2ae86963bd3e61b7,Ps 118:21 (LXX Ps 117:21),Ps 118:21,Ps 117:21,34,34,0,copticchurch_date; katameros_cycle,Friday of the fifth week of the holy fifty days | Matins | Psalm,awakening to praise and repentance,,ps-118,ps-118,Patristic homily linkage is not present in this repo and must be joined from the site corpus when George pushes.
rid_f3aaff8542f500e939dd,Ps 118:24 (LXX Ps 117:24),Ps 118:24,Ps 117:24,17,17,0,copticchurch_date; katameros_cycle,The Feast of Resurrection | Liturgy | Psalm,the Eucharistic gathering of the Church,,ps-118,ps-118,Patristic homily linkage is not present in this repo and must be joined from the site corpus when George pushes.
rid_a4104f77cdd79e7ace28,Ps 118:24-25 (LXX Ps 117:24-25),Ps 118:24-25,Ps 117:24-25,17,17,0,copticchurch_date; katameros_cycle,Wednesday of the fifth week of the holy fifty days | Matins | Psalm,awakening to praise and repentance,,ps-118,ps-118,Patristic homily linkage is not present in this repo and must be joined from the site corpus when George pushes.
rid_1d39d3d944121d247f47,Ps 118:25 (LXX Ps 117:25),Ps 118:25,Ps 117:25,17,17,0,copticchurch_date; katameros_cycle,The Feast of Resurrection | Liturgy | Psalm,the Eucharistic gathering of the Church,,ps-118,ps-118,Patristic homily linkage is not present in this repo and must be joined from the site corpus when George pushes.
rid_68be50d631ea1463ff42,Ps 118:26 (LXX Ps 117:26),Ps 118:26,Ps 117:26,17,17,0,copticchurch_date; katameros_cycle,The Feast of Epiphany | Liturgy | Psalm,the Eucharistic gathering of the Church,,ps-118,ps-118,Patristic homily linkage is not present in this repo and must be joined from the site corpus when George pushes.
rid_bb5242ea646a3d18562d,Ps 118:26-27 (LXX Ps 117:26-27),Ps 118:26-27,Ps 117:26-27,36,36,0,copticchurch_date; katameros_cycle; pascha_day_hour; special_service,Palm Sunday | Vespers | Psalm,awakening to praise and repentance; evening thanksgiving and watchfulness,,ps-118,ps-118,Patristic homily linkage is not present in this repo and must be joined from the site corpus when George pushes.
rid_3dc9b3d3668e725e6365,Ps 118:27 (LXX Ps 117:27),Ps 118:27,Ps 117:27,18,18,0,copticchurch_date; katameros_cycle,The Feast of Resurrection | Liturgy | Psalm,the Eucharistic gathering of the Church,,ps-118,ps-118,Patristic homily linkage is not present in this repo and must be joined from the site corpus when George pushes.
rid_f7dbfc1e1899606d53cd,Ps 118:28 (LXX Ps 117:28),Ps 118:28,Ps 117:28,67,67,0,copticchurch_date; katameros_cycle,Friday of the fifth week of the holy fifty days | Matins | Psalm,awakening to praise and repentance; the Eucharistic gathering of the Church,,ps-118,ps-118,Patristic homily linkage is not present in this repo and must be joined from the site corpus when George pushes.
rid_e785b411e66e179f8d80,Ps 118:5 (LXX Ps 117:5),Ps 118:5,Ps 117:5,16,16,0,copticchurch_date,Jonah's Feast | Liturgy | Psalm,the Eucharistic gathering of the Church,,ps-118,ps-118,Patristic homily linkage is not present in this repo and must be joined from the site corpus when George pushes.
rid_2b223c93f1e318a42d67,Ps 118:8-9 (LXX Ps 117:8-9),Ps 118:8-9,Ps 117:8-9,34,34,0,copticchurch_date; katameros_cycle,Friday of the fifth week of the holy fifty days | Vespers | Psalm,evening thanksgiving and watchfulness; the Eucharistic gathering of the Church,,ps-118,ps-118,Patristic homily linkage is not present in this repo and must be joined from the site corpus when George pushes.
rid_b2d956e9a8773bf294d0,Ps 119 (LXX Ps 118),Ps 119,Ps 118,1,1,0,agpeya,Midnight Prayer - First Watch | Midnight Prayer - First Watch | psalm,,,ps-119,ps-119,Patristic homily linkage is not present in this repo and must be joined from the site corpus when George pushes.
rid_646a62086b64064fabed,Ps 119:1-2 (LXX Ps 118:1-2),Ps 119:1-2,Ps 118:1-2,1,1,0,katameros_cycle,Second Sunday of Abib | liturgy_psalm | liturgy_psalm,,,ps-119,ps-119,Patristic homily linkage is not present in this repo and must be joined from the site corpus when George pushes.
rid_c22b9c3ef81091403ebe,"Ps 119:10,119:11 (LXX Ps 118:10; Ps 118:11)","Ps 119:10,119:11",Ps 118:10; Ps 118:11,16,16,0,copticchurch_date,Saturday of the first week of the holy fifty days | Vespers | Psalm,evening thanksgiving and watchfulness,,ps-119,ps-119,Patristic homily linkage is not present in this repo and must be joined from the site corpus when George pushes.
rid_ab3eb5736fd6dc5700ad,Ps 119:10-11 (LXX Ps 118:10-11),Ps 119:10-11,Ps 118:10-11,1,1,0,katameros_cycle,vespers_psalm | vespers_psalm,,,ps-119,ps-119,Patristic homily linkage is not present in this repo and must be joined from the site corpus when George pushes.
rid_98701a669aa7ac60255e,Ps 119:105 (LXX Ps 118:105),Ps 119:105,Ps 118:105,32,32,0,copticchurch_date; katameros_cycle,Monday of the fourth week of the holy fifty days | Liturgy | Psalm,awakening to praise and repentance; the Eucharistic gathering of the Church,,ps-119,ps-119,Patristic homily linkage is not present in this repo and must be joined from the site corpus when George pushes.
rid_3468a98df1af5d73d006,Ps 119:130 (LXX Ps 118:130),Ps 119:130,Ps 118:130,31,31,0,copticchurch_date; katameros_cycle,Toba 3 | Matins | Psalm,awakening to praise and repentance; evening thanksgiving and watchfulness,,ps-119,ps-119,Patristic homily linkage is not present in this repo and must be joined from the site corpus when George pushes.
rid_c805d19e886ccf914cc5,Ps 119:135 (LXX Ps 118:135),Ps 119:135,Ps 118:135,31,31,0,copticchurch_date; katameros_cycle,Monday of the fourth week of the holy fifty days | Liturgy | Psalm,awakening to praise and repentance; the Eucharistic gathering of the Church,,ps-119,ps-119,Patristic homily linkage is not present in this repo and must be joined from the site corpus when George pushes.
rid_e9a0e63a100d46a2a56b,Ps 119:141 (LXX Ps 118:141),Ps 119:141,Ps 118:141,15,15,0,copticchurch_date; katameros_cycle,Toba 3 | Matins | Psalm,awakening to praise and repentance,,ps-119,ps-119,Patristic homily linkage is not present in this repo and must be joined from the site corpus when George pushes.
rid_52eb3021a0945e8de51e,Ps 119:145-146 (LXX Ps 118:145-146),Ps 119:145-146,Ps 118:145-146,32,32,0,copticchurch_date; katameros_cycle,Friday of the fifth week of the holy fifty days | Liturgy | Psalm,evening thanksgiving and watchfulness; the Eucharistic gathering of the Church,,ps-119,ps-119,Patristic homily linkage is not present in this repo and must be joined from the site corpus when George pushes.
rid_fb9b51f4d643d2e8c5fb,Ps 119:154-155 (LXX Ps 118:154-155),Ps 119:154-155,Ps 118:154-155,1,0,1,pascha_source_text,Tuesday | Third Hour | Psalm,the descent of the Holy Spirit and the trial of the heart,,ps-119,ps-119,Patristic homily linkage is not present in this repo and must be joined from the site corpus when George pushes.
rid_ceaa71c1ca8ba52d7fcc,Ps 119:164 (LXX Ps 118:164),Ps 119:164,Ps 118:164,16,16,0,copticchurch_date,Monday of the seventh week of the holy fifty days | Matins | Psalm,awakening to praise and repentance,,ps-119,ps-119,Patristic homily linkage is not present in this repo and must be joined from the site corpus when George pushes.
rid_a747a3c6577e1853dca7,Ps 119:164-165 (LXX Ps 118:164-165),Ps 119:164-165,Ps 118:164-165,1,1,0,katameros_cycle,Readings for Entrance into Egypt | matins_psalm | matins_psalm,,,ps-119,ps-119,Patristic homily linkage is not present in this repo and must be joined from the site corpus when George pushes.
rid_0e9c672cbb99a29fd43f,Ps 119:165 (LXX Ps 118:165),Ps 119:165,Ps 118:165,16,16,0,copticchurch_date,Monday of the seventh week of the holy fifty days | Matins | Psalm,awakening to praise and repentance,,ps-119,ps-119,Patristic homily linkage is not present in this repo and must be joined from the site corpus when George pushes.
rid_fdad867a4d9b28a2e575,"Ps 119:169,119:176 (LXX Ps 118:169; Ps 118:176)","Ps 119:169,119:176",Ps 118:169; Ps 118:176,16,16,0,copticchurch_date,The fourth Sunday of Mesra | Vespers | Psalm,evening thanksgiving and watchfulness,,ps-119,ps-119,Patristic homily linkage is not present in this repo and must be joined from the site corpus when George pushes.
rid_359c3e8762f1f642b291,Ps 119:170 (LXX Ps 118:170),Ps 119:170,Ps 118:170,1,1,0,katameros_cycle,Fourth Sunday of Misra | vespers_psalm | vespers_psalm,,,ps-119,ps-119,Patristic homily linkage is not present in this repo and must be joined from the site corpus when George pushes.
rid_9b724a3d8fd081e30b5f,Ps 119:176 (LXX Ps 118:176),Ps 119:176,Ps 118:176,1,1,0,katameros_cycle,Fourth Sunday of Misra | vespers_psalm | vespers_psalm,,,ps-119,ps-119,Patristic homily linkage is not present in this repo and must be joined from the site corpus when George pushes.
rid_6e5468cdfe18c215b973,Ps 119:20-22 (LXX Ps 118:20-22),Ps 119:20-22,Ps 118:20-22,1,1,0,agpeya,Veil Prayer | Veil Prayer | psalm,,,ps-119,ps-119,Patristic homily linkage is not present in this repo and must be joined from the site corpus when George pushes.
rid_98b13c77d5eb13d73742,Ps 119:33 (LXX Ps 118:33),Ps 119:33,Ps 118:33,16,16,0,copticchurch_date,Wednesday of the fourth week of the holy fifty days | Matins | Psalm,awakening to praise and repentance,,ps-119,ps-119,Patristic homily linkage is not present in this repo and must be joined from the site corpus when George pushes.
rid_f37d35ed16fced80ff31,Ps 119:33-34 (LXX Ps 118:33-34),Ps 119:33-34,Ps 118:33-34,1,1,0,katameros_cycle,matins_psalm | matins_psalm,,,ps-119,ps-119,Patristic homily linkage is not present in this repo and must be joined from the site corpus when George pushes.
rid_73cb9916397264f61ca0,Ps 119:34 (LXX Ps 118:34),Ps 119:34,Ps 118:34,16,16,0,copticchurch_date,Wednesday of the fourth week of the holy fifty days | Matins | Psalm,awakening to praise and repentance,,ps-119,ps-119,Patristic homily linkage is not present in this repo and must be joined from the site corpus when George pushes.
rid_54852cee6c6bdc46f72f,Ps 119:49 (LXX Ps 118:49),Ps 119:49,Ps 118:49,17,17,0,copticchurch_date; katameros_cycle,Saturday of the week before Great Lent | Matins | Psalm,awakening to praise and repentance,,ps-119,ps-119,Patristic homily linkage is not present in this repo and must be joined from the site corpus when George pushes.
rid_8742bb664a171225c951,"Ps 119:49,119:50 (LXX Ps 118:49; Ps 118:50)","Ps 119:49,119:50",Ps 118:49; Ps 118:50,16,16,0,copticchurch_date,Wednesday of the fourth week of the holy fifty days | Vespers | Psalm,evening thanksgiving and watchfulness,,ps-119,ps-119,Patristic homily linkage is not present in this repo and must be joined from the site corpus when George pushes.
rid_61374420c6cbbff78e3d,Ps 119:50 (LXX Ps 118:50),Ps 119:50,Ps 118:50,1,1,0,katameros_cycle,vespers_psalm | vespers_psalm,,,ps-119,ps-119,Patristic homily linkage is not present in this repo and must be joined from the site corpus when George pushes.
rid_f1794c8418f0a7171239,Ps 119:52 (LXX Ps 118:52),Ps 119:52,Ps 118:52,16,16,0,copticchurch_date; katameros_cycle,Saturday of the week before Great Lent | Matins | Psalm,awakening to praise and repentance,,ps-119,ps-119,Patristic homily linkage is not present in this repo and must be joined from the site corpus when George pushes.
rid_4a573966fb30c9923700,Ps 119:57-58 (LXX Ps 118:57-58),Ps 119:57-58,Ps 118:57-58,17,17,0,copticchurch_date; katameros_cycle,Saturday of the first week of Great Lent | Matins | Psalm,awakening to praise and repentance,,ps-119,ps-119,Patristic homily linkage is not present in this repo and must be joined from the site corpus when George pushes.
rid_9bf42a623f1e3b438c11,Ps 119:7-8 (LXX Ps 118:7-8),Ps 119:7-8,Ps 118:7-8,17,17,0,copticchurch_date; katameros_cycle,The fourth Sunday of Baba | Vespers | Psalm,evening thanksgiving and watchfulness,,ps-119,ps-119,Patristic homily linkage is not present in this repo and must be joined from the site corpus when George pushes.
rid_c8fc7aa371a3e9b56f0f,Ps 119:73 (LXX Ps 118:73),Ps 119:73,Ps 118:73,18,18,0,copticchurch_date; katameros_cycle,Saturday of the first week of the holy fifty days | Liturgy | Psalm,the Eucharistic gathering of the Church,,ps-119,ps-119,Patristic homily linkage is not present in this repo and must be joined from the site corpus when George pushes.
rid_37178afbe99975ae420b,Ps 119:87 (LXX Ps 118:87),Ps 119:87,Ps 118:87,16,16,0,copticchurch_date,Friday of the seventh week of the holy fifty days | Matins | Psalm,awakening to praise and repentance,,ps-119,ps-119,Patristic homily linkage is not present in this repo and must be joined from the site corpus when George pushes.
rid_8ee26b214c60065aaf61,Ps 119:89 (LXX Ps 118:89),Ps 119:89,Ps 118:89,1,1,0,katameros_cycle,matins_psalm | matins_psalm,,,ps-119,ps-119,Patristic homily linkage is not present in this repo and must be joined from the site corpus when George pushes.
rid_a7e12aaf73550df0fe5e,Ps 119:89-90 (LXX Ps 118:89-90),Ps 119:89-90,Ps 118:89-90,5,5,0,copticchurch_date; katameros_cycle,Nasie 6 | Matins | Psalm || matins_psalm | matins_psalm,awakening to praise and repentance,,ps-119,ps-119,Patristic homily linkage is not present in this repo and must be joined from the site corpus when George pushes.
rid_58b00a577be1c27037ce,Ps 119:95-96 (LXX Ps 118:95-96),Ps 119:95-96,Ps 118:95-96,5,5,0,copticchurch_date; katameros_cycle,Nasie 6 | Vespers | Psalm || vespers_psalm | vespers_psalm,evening thanksgiving and watchfulness,,ps-119,ps-119,Patristic homily linkage is not present in this repo and must be joined from the site corpus when George pushes.
rid_b87f5222934425c8fe0e,Ps 119:96 (LXX Ps 118:96),Ps 119:96,Ps 118:96,17,17,0,copticchurch_date; katameros_cycle,Friday of the seventh week of the holy fifty days | Matins | Psalm,awakening to praise and repentance,,ps-119,ps-119,Patristic homily linkage is not present in this repo and must be joined from the site corpus when George pushes.
rid_bdbb4105b51e1dd46131,Ps 119:97-98 (LXX Ps 118:97-98),Ps 119:97-98,Ps 118:97-98,5,5,0,copticchurch_date; katameros_cycle,Nasie 6 | Liturgy | Psalm || liturgy_psalm | liturgy_psalm,the Eucharistic gathering of the Church,,ps-119,ps-119,Patristic homily linkage is not present in this repo and must be joined from the site corpus when George pushes.
rid_7f120d2b6f5a7112d7df,Ps 12 (LXX Ps 11),Ps 12,Ps 11,1,1,0,agpeya,First Hour (Prime / Morning Prayer) | First Hour (Prime / Morning Prayer) | psalm,,,ps-12,ps-12,Patristic homily linkage is not present in this repo and must be joined from the site corpus when George pushes.
rid_a44ce182fbde1d120608,Ps 120 (LXX Ps 119),Ps 120,Ps 119,2,2,0,agpeya,Eleventh Hour (Vespers) | Eleventh Hour (Vespers) | psalm || Midnight Prayer - Second Watch | Midnight Prayer - Second Watch | psalm,,,ps-120,ps-120,Patristic homily linkage is not present in this repo and must be joined from the site corpus when George pushes.
rid_007da2cf713312d30b72,"Ps 120:2,120:6,120:7 (LXX Ps 119:2; Ps 119:6; Ps 119:7)","Ps 120:2,120:6,120:7",Ps 119:2; Ps 119:6; Ps 119:7,1,1,0,pascha_day_hour,Tuesday | First Hour | Psalm+Gospel,the beginning of the day and watchfulness,,ps-120,ps-120,Patristic homily linkage is not present in this repo and must be joined from the site corpus when George pushes.
rid_ee7af92d69d532924642,Ps 121 (LXX Ps 120),Ps 121,Ps 120,3,3,0,agpeya,Eleventh Hour (Vespers) | Eleventh Hour (Vespers) | psalm || Midnight Prayer - Second Watch | Midnight Prayer - Second Watch | psalm || Veil Prayer | Veil Prayer | psalm,,,ps-121,ps-121,Patristic homily linkage is not present in this repo and must be joined from the site corpus when George pushes.
rid_fa8844836c7c0c8d259c,Ps 122 (LXX Ps 121),Ps 122,Ps 121,2,2,0,agpeya,Eleventh Hour (Vespers) | Eleventh Hour (Vespers) | psalm || Midnight Prayer - Second Watch | Midnight Prayer - Second Watch | psalm,,,ps-122,ps-122,Patristic homily linkage is not present in this repo and must be joined from the site corpus when George pushes.
rid_35e5e6d764183f72ad04,Ps 122:1-2 (LXX Ps 121:1-2),Ps 122:1-2,Ps 121:1-2,21,21,0,copticchurch_date; katameros_cycle; pascha_day_hour; special_service,Thursday of the seventh week of Great Lent | Liturgy | Psalm,the Eucharistic gathering of the Church; the descent of the Holy Spirit and the trial of the heart,,ps-122,ps-122,Patristic homily linkage is not present in this repo and must be joined from the site corpus when George pushes.
rid_b0b0b448d3e7cffda464,Ps 122:4 (LXX Ps 121:4),Ps 122:4,Ps 121:4,3,3,0,pascha_day_hour,Monday Eve | Eleventh Hour | Psalm+Gospel || Monday | Sixth Hour | Psalm+Gospel || Tuesday Eve | Eleventh Hour | Psalm+Gospel,the Cross and the Lord's willing suffering; the late call to repentance and mercy,,ps-122,ps-122,Patristic homily linkage is not present in this repo and must be joined from the site corpus when George pushes.
rid_53de1a3df0c141555dfe,Ps 123 (LXX Ps 122),Ps 123,Ps 122,2,2,0,agpeya,Eleventh Hour (Vespers) | Eleventh Hour (Vespers) | psalm || Midnight Prayer - Second Watch | Midnight Prayer - Second Watch | psalm,,,ps-123,ps-123,Patristic homily linkage is not present in this repo and must be joined from the site corpus when George pushes.
rid_0c21b10b4d2a06730a03,Ps 124 (LXX Ps 123),Ps 124,Ps 123,2,2,0,agpeya,Eleventh Hour (Vespers) | Eleventh Hour (Vespers) | psalm || Midnight Prayer - Second Watch | Midnight Prayer - Second Watch | psalm,,,ps-124,ps-124,Patristic homily linkage is not present in this repo and must be joined from the site corpus when George pushes.
rid_16cbd15fae71d7d87ec4,Ps 125 (LXX Ps 124),Ps 125,Ps 124,2,2,0,agpeya,Eleventh Hour (Vespers) | Eleventh Hour (Vespers) | psalm || Midnight Prayer - Second Watch | Midnight Prayer - Second Watch | psalm,,,ps-125,ps-125,Patristic homily linkage is not present in this repo and must be joined from the site corpus when George pushes.
rid_4d76926f39484913c5ca,Ps 126 (LXX Ps 125),Ps 126,Ps 125,2,2,0,agpeya,Eleventh Hour (Vespers) | Eleventh Hour (Vespers) | psalm || Midnight Prayer - Second Watch | Midnight Prayer - Second Watch | psalm,,,ps-126,ps-126,Patristic homily linkage is not present in this repo and must be joined from the site corpus when George pushes.
rid_30d1bbca7fbe9bc54232,Ps 127 (LXX Ps 126),Ps 127,Ps 126,2,2,0,agpeya,Eleventh Hour (Vespers) | Eleventh Hour (Vespers) | psalm || Midnight Prayer - Second Watch | Midnight Prayer - Second Watch | psalm,,,ps-127,ps-127,Patristic homily linkage is not present in this repo and must be joined from the site corpus when George pushes.
rid_092f4fcc8a3142cbf806,Ps 127:1 (LXX Ps 126:1),Ps 127:1,Ps 126:1,2,2,0,special_service,cornerstone_prayer | foundation_cornerstone | foundation_cornerstone || church_consecration | part_1 | part_1,,,ps-127,ps-127,Patristic homily linkage is not present in this repo and must be joined from the site corpus when George pushes.
rid_f75042aca038319a7c0f,Ps 127:2-3 (LXX Ps 126:2-3),Ps 127:2-3,Ps 126:2-3,1,1,0,katameros_cycle,vespers_psalm | vespers_psalm,,,ps-127,ps-127,Patristic homily linkage is not present in this repo and must be joined from the site corpus when George pushes.
rid_3db0c58e590e8cb34a39,Ps 127:3 (LXX Ps 126:3),Ps 127:3,Ps 126:3,16,16,0,copticchurch_date,Thursday of the fourth week of the holy fifty days | Vespers | Psalm,evening thanksgiving and watchfulness,,ps-127,ps-127,Patristic homily linkage is not present in this repo and must be joined from the site corpus when George pushes.
rid_295fe4cf4aa88b59e907,Ps 128 (LXX Ps 127),Ps 128,Ps 127,2,2,0,agpeya,Eleventh Hour (Vespers) | Eleventh Hour (Vespers) | psalm || Midnight Prayer - Second Watch | Midnight Prayer - Second Watch | psalm,,,ps-128,ps-128,Patristic homily linkage is not present in this repo and must be joined from the site corpus when George pushes.
rid_15b5adcfc3f0003ee854,Ps 128:1 (LXX Ps 127:1),Ps 128:1,Ps 127:1,1,1,0,katameros_cycle,Second Sunday of Abib | vespers_psalm | vespers_psalm,,,ps-128,ps-128,Patristic homily linkage is not present in this repo and must be joined from the site corpus when George pushes.
rid_15393b529ab48cb64bad,"Ps 128:1,128:5 (LXX Ps 127:1; Ps 127:5)","Ps 128:1,128:5",Ps 127:1; Ps 127:5,16,16,0,copticchurch_date,The second Sunday of Abib | Vespers | Psalm,evening thanksgiving and watchfulness,,ps-128,ps-128,Patristic homily linkage is not present in this repo and must be joined from the site corpus when George pushes.
rid_892c2fb1bb4548e68d1b,Ps 128:3 (LXX Ps 127:3),Ps 128:3,Ps 127:3,1,1,0,special_service,wedding_crowning | main_readings | main_readings,,,ps-128,ps-128,Patristic homily linkage is not present in this repo and must be joined from the site corpus when George pushes.
rid_5520a6f0ecf654d49042,Ps 128:5 (LXX Ps 127:5),Ps 128:5,Ps 127:5,1,1,0,katameros_cycle,Second Sunday of Abib | vespers_psalm | vespers_psalm,,,ps-128,ps-128,Patristic homily linkage is not present in this repo and must be joined from the site corpus when George pushes.
rid_feb50840b26357bdd6e3,Ps 129 (LXX Ps 128),Ps 129,Ps 128,3,3,0,agpeya,Eleventh Hour (Vespers) | Eleventh Hour (Vespers) | psalm || Midnight Prayer - Second Watch | Midnight Prayer - Second Watch | psalm || Veil Prayer | Veil Prayer | psalm,,,ps-129,ps-129,Patristic homily linkage is not present in this repo and must be joined from the site corpus when George pushes.
rid_e411cdd798bdb2fef519,"Ps 129:1,129:2 (LXX Ps 128:1; Ps 128:2)","Ps 129:1,129:2",Ps 128:1; Ps 128:2,16,16,0,copticchurch_date,Saturday of the fourth week of the holy fifty days | Vespers | Psalm,evening thanksgiving and watchfulness,,ps-129,ps-129,Patristic homily linkage is not present in this repo and must be joined from the site corpus when George pushes.
rid_e93e3a8db5025231fec9,Ps 129:1-2 (LXX Ps 128:1-2),Ps 129:1-2,Ps 128:1-2,1,1,0,katameros_cycle,vespers_psalm | vespers_psalm,,,ps-129,ps-129,Patristic homily linkage is not present in this repo and must be joined from the site corpus when George pushes.
rid_89bcaaa42fe38ddc0c27,Ps 129:2 (LXX Ps 128:2),Ps 129:2,Ps 128:2,17,17,0,copticchurch_date; katameros_cycle,Lazarus Saturday of Great Lent | Liturgy | Psalm,the Eucharistic gathering of the Church,,ps-129,ps-129,Patristic homily linkage is not present in this repo and must be joined from the site corpus when George pushes.
rid_1feaf40142dcb9bc6b03,Ps 129:2-5 (LXX Ps 128:2-5),Ps 129:2-5,Ps 128:2-5,1,1,0,special_service,myron_consecration | liturgy | liturgy,,,ps-129,ps-129,Patristic homily linkage is not present in this repo and must be joined from the site corpus when George pushes.
rid_5b0ad4dfc066998e4e9f,Ps 129:8 (LXX Ps 128:8),Ps 129:8,Ps 128:8,17,17,0,copticchurch_date; katameros_cycle,Lazarus Saturday of Great Lent | Liturgy | Psalm,the Eucharistic gathering of the Church,,ps-129,ps-129,Patristic homily linkage is not present in this repo and must be joined from the site corpus when George pushes.
rid_fa9fd9c616ba14e4e096,Ps 12:3-4 (LXX Ps 11:3-4),Ps 12:3-4,Ps 11:3-4,2,0,2,pascha_source_text,Monday | Eleventh Hour | Psalm || Tuesday | Eleventh Hour | Psalm,the late call to repentance and mercy,,ps-12,ps-12,Patristic homily linkage is not present in this repo and must be joined from the site corpus when George pushes.
rid_b38a29bc371b749485c7,Ps 12:4 (LXX Ps 11:4),Ps 12:4,Ps 11:4,1,1,0,katameros_cycle,vespers_psalm | vespers_psalm,,,ps-12,ps-12,Patristic homily linkage is not present in this repo and must be joined from the site corpus when George pushes.
rid_b4098dbd8424d8b43417,"Ps 12:4,12:5 (LXX Ps 11:4; Ps 11:5)","Ps 12:4,12:5",Ps 11:4; Ps 11:5,16,16,0,copticchurch_date,Friday of the first week of the holy fifty days | Vespers | Psalm,evening thanksgiving and watchfulness,,ps-12,ps-12,Patristic homily linkage is not present in this repo and must be joined from the site corpus when George pushes.
rid_997a336e893674f0482c,Ps 12:5 (LXX Ps 11:5),Ps 12:5,Ps 11:5,11,11,0,copticchurch_date; katameros_cycle,The second Sunday of Paona | Liturgy | Psalm || vespers_psalm | vespers_psalm,the Eucharistic gathering of the Church,,ps-12,ps-12,Patristic homily linkage is not present in this repo and must be joined from the site corpus when George pushes.
rid_c83c808d281c7f584268,Ps 12:6 (LXX Ps 11:6),Ps 12:6,Ps 11:6,27,27,0,copticchurch_date; katameros_cycle,The second Sunday of Paona | Liturgy | Psalm || Wednesday of the seventh week of the holy fifty days | Matins | Psalm,awakening to praise and repentance; the Eucharistic gathering of the Church,,ps-12,ps-12,Patristic homily linkage is not present in this repo and must be joined from the site corpus when George pushes.
rid_9296a8d0b0998ddd54ca,Ps 12:7 (LXX Ps 11:7),Ps 12:7,Ps 11:7,16,16,0,copticchurch_date; katameros_cycle,Thursday of the fourth week of Great Lent | Matins | Psalm,awakening to praise and repentance,,ps-12,ps-12,Patristic homily linkage is not present in this repo and must be joined from the site corpus when George pushes.
rid_6be1522a7c9eb53d8885,Ps 13 (LXX Ps 12),Ps 13,Ps 12,3,3,0,agpeya,First Hour (Prime / Morning Prayer) | First Hour (Prime / Morning Prayer) | psalm || Midnight Prayer - First Watch | Midnight Prayer - First Watch | psalm || Veil Prayer | Veil Prayer | psalm,,,ps-13,ps-13,Patristic homily linkage is not present in this repo and must be joined from the site corpus when George pushes.
rid_fef4f705475def61e29a,Ps 130 (LXX Ps 129),Ps 130,Ps 129,3,3,0,agpeya,Midnight Prayer - Third Watch | Midnight Prayer - Third Watch | psalm || Twelfth Hour (Compline / Before Sleep) | Twelfth Hour (Compline / Before Sleep) | psalm || Veil Prayer | Veil Prayer | psalm,,,ps-130,ps-130,Patristic homily linkage is not present in this repo and must be joined from the site corpus when George pushes.
rid_d67eb5775ad58c8d3a10,Ps 130:1 (LXX Ps 129:1),Ps 130:1,Ps 129:1,1,1,0,bright_saturday_service_order,Bright Saturday | 6th Hour | Psalm + Gospel,,,ps-130,ps-130,Patristic homily linkage is not present in this repo and must be joined from the site corpus when George pushes.
rid_ac8ff155ff36bafc1de4,Ps 130:1-2 (LXX Ps 129:1-2),Ps 130:1-2,Ps 129:1-2,15,15,0,copticchurch_date; katameros_cycle,Saturday of the third week of Great Lent | Matins | Psalm,awakening to praise and repentance,,ps-130,ps-130,Patristic homily linkage is not present in this repo and must be joined from the site corpus when George pushes.
rid_cd7ad6944edea388b9f1,Ps 131 (LXX Ps 130),Ps 131,Ps 130,3,3,0,agpeya,Midnight Prayer - Third Watch | Midnight Prayer - Third Watch | psalm || Twelfth Hour (Compline / Before Sleep) | Twelfth Hour (Compline / Before Sleep) | psalm || Veil Prayer | Veil Prayer | psalm,,,ps-131,ps-131,Patristic homily linkage is not present in this repo and must be joined from the site corpus when George pushes.
rid_fd3774450cc91739e292,Ps 132 (LXX Ps 131),Ps 132,Ps 131,3,3,0,agpeya,Midnight Prayer - Third Watch | Midnight Prayer - Third Watch | psalm || Twelfth Hour (Compline / Before Sleep) | Twelfth Hour (Compline / Before Sleep) | psalm || Veil Prayer | Veil Prayer | psalm,,,ps-132,ps-132,Patristic homily linkage is not present in this repo and must be joined from the site corpus when George pushes.
rid_22c3b560bcfa333483ea,Ps 132:1 (LXX Ps 131:1),Ps 132:1,Ps 131:1,113,113,0,copticchurch_date; katameros_cycle; special_service,Abib 7 | Liturgy | Psalm,awakening to praise and repentance; the Eucharistic gathering of the Church,,ps-132,ps-132,Patristic homily linkage is not present in this repo and must be joined from the site corpus when George pushes.
rid_0719aba1fd722ef13383,Ps 132:10 (LXX Ps 131:10),Ps 132:10,Ps 131:10,421,421,0,copticchurch_date; katameros_cycle,Abib 10 | Matins | Psalm,awakening to praise and repentance; the Eucharistic gathering of the Church,,ps-132,ps-132,Patristic homily linkage is not present in this repo and must be joined from the site corpus when George pushes.
rid_7fd4c78ccee30f2a8fa7,Ps 132:10-11 (LXX Ps 131:10-11),Ps 132:10-11,Ps 131:10-11,1,1,0,katameros_cycle,vespers_psalm | vespers_psalm,,,ps-132,ps-132,Patristic homily linkage is not present in this repo and must be joined from the site corpus when George pushes.
rid_c4c6917a324e2bbf211e,"Ps 132:13,132:15 (LXX Ps 131:13; Ps 131:15)","Ps 132:13,132:15",Ps 131:13; Ps 131:15,16,16,0,copticchurch_date,The third Sunday of Kiak | Vespers | Psalm,evening thanksgiving and watchfulness,,ps-132,ps-132,Patristic homily linkage is not present in this repo and must be joined from the site corpus when George pushes.
rid_19c946e1181717dcd85c,Ps 132:13-15 (LXX Ps 131:13-15),Ps 132:13-15,Ps 131:13-15,1,1,0,katameros_cycle,Third Sunday of Kiyank - Abstinence | vespers_psalm | vespers_psalm,,,ps-132,ps-132,Patristic homily linkage is not present in this repo and must be joined from the site corpus when George pushes.
rid_e2d77d40134145b5f4c6,Ps 132:17 (LXX Ps 131:17),Ps 132:17,Ps 131:17,309,309,0,copticchurch_date; katameros_cycle,Abib 10 | Matins | Psalm,awakening to praise and repentance; the Eucharistic gathering of the Church,,ps-132,ps-132,Patristic homily linkage is not present in this repo and must be joined from the site corpus when George pushes.
rid_48e4d010b6ec36c5473d,Ps 132:18 (LXX Ps 131:18),Ps 132:18,Ps 131:18,309,309,0,copticchurch_date; katameros_cycle,Abib 10 | Matins | Psalm,awakening to praise and repentance; the Eucharistic gathering of the Church,,ps-132,ps-132,Patristic homily linkage is not present in this repo and must be joined from the site corpus when George pushes.
rid_ad1caf958900cfc20906,Ps 132:2 (LXX Ps 131:2),Ps 132:2,Ps 131:2,112,112,0,copticchurch_date; katameros_cycle,Abib 7 | Liturgy | Psalm,awakening to praise and repentance; the Eucharistic gathering of the Church,,ps-132,ps-132,Patristic homily linkage is not present in this repo and must be joined from the site corpus when George pushes.
rid_d546e97d2f8fc593d510,Ps 132:4-5 (LXX Ps 131:4-5),Ps 132:4-5,Ps 131:4-5,17,17,0,copticchurch_date; katameros_cycle,Thursday of the seventh week of the holy fifty days | Vespers | Psalm,evening thanksgiving and watchfulness,,ps-132,ps-132,Patristic homily linkage is not present in this repo and must be joined from the site corpus when George pushes.
rid_ebdf693905a6caa039cc,Ps 132:9 (LXX Ps 131:9),Ps 132:9,Ps 131:9,421,421,0,copticchurch_date; katameros_cycle,Abib 10 | Matins | Psalm,awakening to praise and repentance; the Eucharistic gathering of the Church,,ps-132,ps-132,Patristic homily linkage is not present in this repo and must be joined from the site corpus when George pushes.
rid_18334aa05b4903567461,"Ps 132:9,132:10 (LXX Ps 131:9; Ps 131:10)","Ps 132:9,132:10",Ps 131:9; Ps 131:10,13,13,0,copticchurch_date,Tout 12 | Liturgy | Psalm,the Eucharistic gathering of the Church,,ps-132,ps-132,Patristic homily linkage is not present in this repo and must be joined from the site corpus when George pushes.
rid_e922f3ef6ca5dd0c0d06,"Ps 132:9,132:10,132:17,132:18 (LXX Ps 131:9; Ps 131:10; Ps 131:17; Ps 131:18)","Ps 132:9,132:10,132:17,132:18",Ps 131:9; Ps 131:10; Ps 131:17; Ps 131:18,195,195,0,copticchurch_date,Amshir 14 | Vespers | Psalm || Amshir 18 | Vespers | Psalm || Amshir 27 | Vespers | Psalm || Baba 3 | Vespers | Psalm,evening thanksgiving and watchfulness,,ps-132,ps-132,Patristic homily linkage is not present in this repo and must be joined from the site corpus when George pushes.
rid_68a8bb81425f3cb59dbb,Ps 132:9-10 (LXX Ps 131:9-10),Ps 132:9-10,Ps 131:9-10,5,5,0,katameros_cycle,liturgy_psalm | liturgy_psalm,,,ps-132,ps-132,Patristic homily linkage is not present in this repo and must be joined from the site corpus when George pushes.
rid_c3caa32d946eafd71e43,Ps 133 (LXX Ps 132),Ps 133,Ps 132,3,3,0,agpeya,Midnight Prayer - Third Watch | Midnight Prayer - Third Watch | psalm || Twelfth Hour (Compline / Before Sleep) | Twelfth Hour (Compline / Before Sleep) | psalm || Veil Prayer | Veil Prayer | psalm,,,ps-133,ps-133,Patristic homily linkage is not present in this repo and must be joined from the site corpus when George pushes.
rid_8c0ac5d1536f46f7ea57,Ps 134 (LXX Ps 133),Ps 134,Ps 133,3,3,0,agpeya,Midnight Prayer - Third Watch | Midnight Prayer - Third Watch | psalm || Twelfth Hour (Compline / Before Sleep) | Twelfth Hour (Compline / Before Sleep) | psalm || Veil Prayer | Veil Prayer | psalm,,,ps-134,ps-134,Patristic homily linkage is not present in this repo and must be joined from the site corpus when George pushes.
rid_defca81f7f8199c8e586,Ps 134:1 (LXX Ps 133:1),Ps 134:1,Ps 133:1,1,1,0,katameros_cycle,Third Sunday of Abib | matins_psalm | matins_psalm,,,ps-134,ps-134,Patristic homily linkage is not present in this repo and must be joined from the site corpus when George pushes.
rid_df79e6361c42c4bccc01,Ps 134:1-2 (LXX Ps 133:1-2),Ps 134:1-2,Ps 133:1-2,16,16,0,copticchurch_date,The third Sunday of Abib | Matins | Psalm,awakening to praise and repentance,,ps-134,ps-134,Patristic homily linkage is not present in this repo and must be joined from the site corpus when George pushes.
rid_62d025ee2079f327a969,Ps 135:19-20 (LXX Ps 134:19-20),Ps 135:19-20,Ps 134:19-20,34,34,0,copticchurch_date; katameros_cycle,Saturday of the fifth week of the holy fifty days | Vespers | Psalm,awakening to praise and repentance; evening thanksgiving and watchfulness,,ps-135,ps-135,Patristic homily linkage is not present in this repo and must be joined from the site corpus when George pushes.
rid_0d5c2fa1e31c0d2ea133,Ps 135:21 (LXX Ps 134:21),Ps 135:21,Ps 134:21,17,17,0,copticchurch_date; katameros_cycle,Sunday of the fifth week of the holy fifty days | Vespers | Psalm,evening thanksgiving and watchfulness,,ps-135,ps-135,Patristic homily linkage is not present in this repo and must be joined from the site corpus when George pushes.
rid_22b2e784c0c08bec623b,Ps 135:3 (LXX Ps 134:3),Ps 135:3,Ps 134:3,17,17,0,copticchurch_date; katameros_cycle,Saturday of the fifth week of the holy fifty days | Liturgy | Psalm,the Eucharistic gathering of the Church,,ps-135,ps-135,Patristic homily linkage is not present in this repo and must be joined from the site corpus when George pushes.
rid_9249f89008b0d812d2a9,Ps 135:5 (LXX Ps 134:5),Ps 135:5,Ps 134:5,104,104,0,copticchurch_date; katameros_cycle,Abib 23 | Liturgy | Psalm,the Eucharistic gathering of the Church,,ps-135,ps-135,Patristic homily linkage is not present in this repo and must be joined from the site corpus when George pushes.
rid_c48302b931536bc3245a,Ps 135:6 (LXX Ps 134:6),Ps 135:6,Ps 134:6,17,17,0,copticchurch_date; katameros_cycle,Sunday of the fifth week of the holy fifty days | Vespers | Psalm,evening thanksgiving and watchfulness,,ps-135,ps-135,Patristic homily linkage is not present in this repo and must be joined from the site corpus when George pushes.
rid_aa7e9c77ab43e4a91e38,Ps 136:1 (LXX Ps 135:1),Ps 136:1,Ps 135:1,32,32,0,copticchurch_date,Saturday of the sixth week of the holy fifty days | Liturgy | Psalm,the Eucharistic gathering of the Church,,ps-136,ps-136,Patristic homily linkage is not present in this repo and must be joined from the site corpus when George pushes.
rid_8e5ed2d7fe4d61f8aac5,Ps 136:1-2 (LXX Ps 135:1-2),Ps 136:1-2,Ps 135:1-2,2,2,0,katameros_cycle,liturgy_psalm | liturgy_psalm,,,ps-136,ps-136,Patristic homily linkage is not present in this repo and must be joined from the site corpus when George pushes.
rid_2ad67b5dadf3bf68c7b7,Ps 136:2 (LXX Ps 135:2),Ps 136:2,Ps 135:2,32,32,0,copticchurch_date,Saturday of the sixth week of the holy fifty days | Liturgy | Psalm,the Eucharistic gathering of the Church,,ps-136,ps-136,Patristic homily linkage is not present in this repo and must be joined from the site corpus when George pushes.
rid_96d99e2152a5205a2630,Ps 137 (LXX Ps 136),Ps 137,Ps 136,3,3,0,agpeya,Midnight Prayer - Third Watch | Midnight Prayer - Third Watch | psalm || Twelfth Hour (Compline / Before Sleep) | Twelfth Hour (Compline / Before Sleep) | psalm || Veil Prayer | Veil Prayer | psalm,,,ps-137,ps-137,Patristic homily linkage is not present in this repo and must be joined from the site corpus when George pushes.
rid_1da16a018b8c2593d83a,Ps 138 (LXX Ps 137),Ps 138,Ps 137,2,2,0,agpeya,Midnight Prayer - Third Watch | Midnight Prayer - Third Watch | psalm || Twelfth Hour (Compline / Before Sleep) | Twelfth Hour (Compline / Before Sleep) | psalm,,,ps-138,ps-138,Patristic homily linkage is not present in this repo and must be joined from the site corpus when George pushes.
rid_53ccb134c7bd127203cf,Ps 138:1 (LXX Ps 137:1),Ps 138:1,Ps 137:1,34,34,0,copticchurch_date; katameros_cycle; special_service,Friday of the fifth week of Great Lent | Liturgy | Psalm,awakening to praise and repentance; the Eucharistic gathering of the Church,,ps-138,ps-138,Patristic homily linkage is not present in this repo and must be joined from the site corpus when George pushes.
rid_3e62e1b53bdc96843a32,Ps 138:1-2 (LXX Ps 137:1-2),Ps 138:1-2,Ps 137:1-2,34,34,0,copticchurch_date; katameros_cycle,Hator 24 | Matins | Psalm,awakening to praise and repentance; the Eucharistic gathering of the Church,,ps-138,ps-138,Patristic homily linkage is not present in this repo and must be joined from the site corpus when George pushes.
rid_b485b49e49a7545afb60,Ps 138:1-3 (LXX Ps 137:1-3),Ps 138:1-3,Ps 137:1-3,26,26,0,copticchurch_date,Nasie 3 | Liturgy | Psalm,the Eucharistic gathering of the Church,,ps-138,ps-138,Patristic homily linkage is not present in this repo and must be joined from the site corpus when George pushes.
rid_52829206e33dbdbebfdf,Ps 138:2 (LXX Ps 137:2),Ps 138:2,Ps 137:2,16,16,0,copticchurch_date,Friday of the fifth week of Great Lent | Liturgy | Psalm,the Eucharistic gathering of the Church,,ps-138,ps-138,Patristic homily linkage is not present in this repo and must be joined from the site corpus when George pushes.
rid_dd4c4ee2a6b0e591191c,Ps 138:3 (LXX Ps 137:3),Ps 138:3,Ps 137:3,1,1,0,katameros_cycle,matins_psalm | matins_psalm,,,ps-138,ps-138,Patristic homily linkage is not present in this repo and must be joined from the site corpus when George pushes.
rid_c0a7ef5744704386078e,Ps 139:17-18 (LXX Ps 138:17-18),Ps 139:17-18,Ps 138:17-18,51,51,0,copticchurch_date; katameros_cycle,Abib 16 | Liturgy | Psalm,the Eucharistic gathering of the Church,,ps-139,ps-139,Patristic homily linkage is not present in this repo and must be joined from the site corpus when George pushes.
rid_af9f6ba2c99b7c7140cc,Ps 13:1 (LXX Ps 12:1),Ps 13:1,Ps 12:1,1,1,0,katameros_cycle,First Sunday of Kiyank - Abstinence | vespers_psalm | vespers_psalm,,,ps-13,ps-13,Patristic homily linkage is not present in this repo and must be joined from the site corpus when George pushes.
rid_5db4b96a17540fc3a191,"Ps 13:1,13:6 (LXX Ps 12:1; Ps 12:6)","Ps 13:1,13:6",Ps 12:1; Ps 12:6,16,16,0,copticchurch_date,The first Sunday of Kiak | Vespers | Psalm,evening thanksgiving and watchfulness,,ps-13,ps-13,Patristic homily linkage is not present in this repo and must be joined from the site corpus when George pushes.
rid_6d381e86e45c0166e67c,Ps 13:3 (LXX Ps 12:3),Ps 13:3,Ps 12:3,1,1,0,katameros_cycle,First Sunday of Kiyank - Abstinence | vespers_psalm | vespers_psalm,,,ps-13,ps-13,Patristic homily linkage is not present in this repo and must be joined from the site corpus when George pushes.
rid_493778d4a6a4ba640417,"Ps 13:3,13:5 (LXX Ps 12:3; Ps 12:5)","Ps 13:3,13:5",Ps 12:3; Ps 12:5,2,2,0,pascha_day_hour,Monday Eve | Third Hour | Psalm+Gospel || Tuesday Eve | Third Hour | Psalm+Gospel,the descent of the Holy Spirit and the trial of the heart,,ps-13,ps-13,Patristic homily linkage is not present in this repo and must be joined from the site corpus when George pushes.
rid_40095a8e6eb6be324215,Ps 13:3-4 (LXX Ps 12:3-4),Ps 13:3-4,Ps 12:3-4,2,2,0,pascha_day_hour,Monday | Eleventh Hour | Psalm+Gospel || Tuesday | Eleventh Hour | Psalm+Gospel,the late call to repentance and mercy,,ps-13,ps-13,Patristic homily linkage is not present in this repo and must be joined from the site corpus when George pushes.
rid_d952a08c0ab8498a578d,Ps 13:5 (LXX Ps 12:5),Ps 13:5,Ps 12:5,18,18,0,copticchurch_date; katameros_cycle,Tuesday of the seventh week of the holy fifty days | Liturgy | Psalm,the Eucharistic gathering of the Church,,ps-13,ps-13,Patristic homily linkage is not present in this repo and must be joined from the site corpus when George pushes.
rid_b756df8308e4fb3d5e88,Ps 13:5-6 (LXX Ps 12:5-6),Ps 13:5-6,Ps 12:5-6,17,17,0,copticchurch_date; katameros_cycle,Friday of the first week of Great Lent | Liturgy | Psalm,the Eucharistic gathering of the Church,,ps-13,ps-13,Patristic homily linkage is not present in this repo and must be joined from the site corpus when George pushes.
rid_d8f16920bacaa3f6e460,Ps 13:6 (LXX Ps 12:6),Ps 13:6,Ps 12:6,18,18,0,copticchurch_date; katameros_cycle,Tuesday of the seventh week of the holy fifty days | Liturgy | Psalm,the Eucharistic gathering of the Church,,ps-13,ps-13,Patristic homily linkage is not present in this repo and must be joined from the site corpus when George pushes.
rid_08aa5923ad4f7d564703,"Ps 140:1,140:2 (LXX Ps 139:1; Ps 139:2)","Ps 140:1,140:2",Ps 139:1; Ps 139:2,2,1,1,pascha_day_hour; pascha_source_text,Wednesday Eve | Sixth Hour | Psalm+Gospel || Thursday Eve | Sixth Hour | Psalm,the Cross and the Lord's willing suffering,,ps-140,ps-140,Patristic homily linkage is not present in this repo and must be joined from the site corpus when George pushes.
rid_17e14759bb34543c2373,Ps 141 (LXX Ps 140),Ps 141,Ps 140,3,3,0,agpeya,Midnight Prayer - Third Watch | Midnight Prayer - Third Watch | psalm || Twelfth Hour (Compline / Before Sleep) | Twelfth Hour (Compline / Before Sleep) | psalm || Veil Prayer | Veil Prayer | psalm,,,ps-141,ps-141,Patristic homily linkage is not present in this repo and must be joined from the site corpus when George pushes.
rid_a9a1b26a1993cd601ebc,Ps 142 (LXX Ps 141),Ps 142,Ps 141,2,2,0,agpeya,Midnight Prayer - Third Watch | Midnight Prayer - Third Watch | psalm || Twelfth Hour (Compline / Before Sleep) | Twelfth Hour (Compline / Before Sleep) | psalm,,,ps-142,ps-142,Patristic homily linkage is not present in this repo and must be joined from the site corpus when George pushes.
rid_a79f5ee2e3adbdec7270,Ps 142:5 (LXX Ps 141:5),Ps 142:5,Ps 141:5,17,17,0,copticchurch_date; katameros_cycle,Saturday of the fourth week of Great Lent | Matins | Psalm,awakening to praise and repentance,,ps-142,ps-142,Patristic homily linkage is not present in this repo and must be joined from the site corpus when George pushes.
rid_f8f64afe999bed4ad0e1,Ps 142:7 (LXX Ps 141:7),Ps 142:7,Ps 141:7,18,18,0,copticchurch_date; katameros_cycle; special_service,Saturday of the fourth week of Great Lent | Matins | Psalm,awakening to praise and repentance,,ps-142,ps-142,Patristic homily linkage is not present in this repo and must be joined from the site corpus when George pushes.
rid_ecf62a57326dab59893e,Ps 143 (LXX Ps 142),Ps 143,Ps 142,1,1,0,agpeya,First Hour (Prime / Morning Prayer) | First Hour (Prime / Morning Prayer) | psalm,,,ps-143,ps-143,Patristic homily linkage is not present in this repo and must be joined from the site corpus when George pushes.
rid_21e7b1e3423c23ff8e50,Ps 143:1 (LXX Ps 142:1),Ps 143:1,Ps 142:1,17,17,0,copticchurch_date; katameros_cycle,Sunday of the sixth week of Great Lent | Liturgy | Psalm,the Eucharistic gathering of the Church,,ps-143,ps-143,Patristic homily linkage is not present in this repo and must be joined from the site corpus when George pushes.
rid_5353f1c6fddaabad1d1a,Ps 143:1-2 (LXX Ps 142:1-2),Ps 143:1-2,Ps 142:1-2,16,16,0,copticchurch_date; katameros_cycle,Saturday of the fifth week of Great Lent | Liturgy | Psalm,the Eucharistic gathering of the Church,,ps-143,ps-143,Patristic homily linkage is not present in this repo and must be joined from the site corpus when George pushes.
rid_a948ca02dec460313fee,Ps 143:10 (LXX Ps 142:10),Ps 143:10,Ps 142:10,8,8,0,copticchurch_date; katameros_cycle,The first Sunday of Paona | Liturgy | Psalm || First Sunday of Baunahh | liturgy_psalm | liturgy_psalm,the Eucharistic gathering of the Church,,ps-143,ps-143,Patristic homily linkage is not present in this repo and must be joined from the site corpus when George pushes.
rid_eda2bc7022e1317000cb,"Ps 143:6,143:7 (LXX Ps 142:6; Ps 142:7)","Ps 143:6,143:7",Ps 142:6; Ps 142:7,1,1,0,pascha_day_hour,Good Friday | Eleventh Hour | Psalm+Gospel,the late call to repentance and mercy,,ps-143,ps-143,Patristic homily linkage is not present in this repo and must be joined from the site corpus when George pushes.
rid_03c7cc8a3526febd5e66,"Ps 143:6,143:7,31:5 (LXX Ps 142:6; Ps 142:7; Ps 30:5)","Ps 143:6,143:7,31:5",Ps 142:6; Ps 142:7; Ps 30:5,1,0,1,pascha_source_text,Good Friday | Eleventh Hour | Psalm,the late call to repentance and mercy,,ps-143,ps-143,Patristic homily linkage is not present in this repo and must be joined from the site corpus when George pushes.
rid_9427edf3452b5acb16d7,Ps 143:6-7 (LXX Ps 142:6-7),Ps 143:6-7,Ps 142:6-7,15,15,0,copticchurch_date; katameros_cycle,The fifth Sunday of Abib | Liturgy | Psalm || The fifth Sunday of Bashons | Liturgy | Psalm || The fifth Sunday of Mesra | Liturgy | Psalm || The fifth Sunday of Paona | Liturgy | Psalm || Fifth Sunday of Abib | liturgy_psalm | liturgy_psalm || Fifth Sunday of Baramhat | liturgy_psalm | liturgy_psalm || Fifth Sunday of Baramudah | liturgy_psalm | liturgy_psalm,the Eucharistic gathering of the Church,,ps-143,ps-143,Patristic homily linkage is not present in this repo and must be joined from the site corpus when George pushes.
rid_0566763aceb1422fc208,Ps 143:7 (LXX Ps 142:7),Ps 143:7,Ps 142:7,17,17,0,copticchurch_date; katameros_cycle,Sunday of the sixth week of Great Lent | Liturgy | Psalm,the Eucharistic gathering of the Church,,ps-143,ps-143,Patristic homily linkage is not present in this repo and must be joined from the site corpus when George pushes.
rid_0a06cfdedbeaf665c57f,Ps 143:8 (LXX Ps 142:8),Ps 143:8,Ps 142:8,25,25,0,copticchurch_date; katameros_cycle,The first Sunday of Paona | Liturgy | Psalm || The fourth Sunday of Hator | Matins | Psalm,awakening to praise and repentance; the Eucharistic gathering of the Church,,ps-143,ps-143,Patristic homily linkage is not present in this repo and must be joined from the site corpus when George pushes.
rid_ec9922430028c28a49f1,Ps 144:5 (LXX Ps 143:5),Ps 144:5,Ps 143:5,2,2,0,katameros_cycle,vespers_psalm | vespers_psalm || Second Sunday of Kiyahk - Abstinence | vespers_psalm | vespers_psalm,,,ps-144,ps-144,Patristic homily linkage is not present in this repo and must be joined from the site corpus when George pushes.
rid_81e56bbc8c6e4f164621,"Ps 144:5,144:7 (LXX Ps 143:5; Ps 143:7)","Ps 144:5,144:7",Ps 143:5; Ps 143:7,44,44,0,copticchurch_date,Annunciation | Vespers | Psalm,evening thanksgiving and watchfulness,,ps-144,ps-144,Patristic homily linkage is not present in this repo and must be joined from the site corpus when George pushes.
rid_df51b69dee0d5d2a45b9,Ps 144:7 (LXX Ps 143:7),Ps 144:7,Ps 143:7,2,2,0,katameros_cycle,vespers_psalm | vespers_psalm || Second Sunday of Kiyahk - Abstinence | vespers_psalm | vespers_psalm,,,ps-144,ps-144,Patristic homily linkage is not present in this repo and must be joined from the site corpus when George pushes.
rid_2144cb29d1e2f2ff50ad,"Ps 145:1,145:2,145:10 (LXX Ps 144:1; Ps 144:2; Ps 144:10)","Ps 145:1,145:2,145:10",Ps 144:1; Ps 144:2; Ps 144:10,16,16,0,copticchurch_date,Sunday of the sixth week of the holy fifty days | Vespers | Psalm,evening thanksgiving and watchfulness,,ps-145,ps-145,Patristic homily linkage is not present in this repo and must be joined from the site corpus when George pushes.
rid_39cbe99a2f315cdbd889,Ps 145:1-2 (LXX Ps 144:1-2),Ps 145:1-2,Ps 144:1-2,17,17,0,copticchurch_date; katameros_cycle,"Sunday, Tout 18 (Feast of the Cross) | Liturgy | Psalm || Tout 18 (Feast of the Cross) | Liturgy | Psalm",the Eucharistic gathering of the Church,,ps-145,ps-145,Patristic homily linkage is not present in this repo and must be joined from the site corpus when George pushes.
rid_2bcc55ec91996312b888,Ps 145:10 (LXX Ps 144:10),Ps 145:10,Ps 144:10,15,15,0,copticchurch_date; katameros_cycle,Mesra 26 | Matins | Psalm,awakening to praise and repentance,,ps-145,ps-145,Patristic homily linkage is not present in this repo and must be joined from the site corpus when George pushes.
rid_88f69978cef810e2769c,Ps 145:10-12 (LXX Ps 144:10-12),Ps 145:10-12,Ps 144:10-12,124,124,0,copticchurch_date; katameros_cycle,Abib 18 | Matins | Psalm,awakening to praise and repentance,,ps-145,ps-145,Patristic homily linkage is not present in this repo and must be joined from the site corpus when George pushes.
rid_6c4771ccff3d6402164a,Ps 145:11 (LXX Ps 144:11),Ps 145:11,Ps 144:11,15,15,0,copticchurch_date; katameros_cycle,Mesra 26 | Matins | Psalm,awakening to praise and repentance,,ps-145,ps-145,Patristic homily linkage is not present in this repo and must be joined from the site corpus when George pushes.
rid_7adbccc606656ed684a3,Ps 145:17-18 (LXX Ps 144:17-18),Ps 145:17-18,Ps 144:17-18,17,17,0,copticchurch_date; katameros_cycle,The third Sunday of Abib | Liturgy | Psalm,the Eucharistic gathering of the Church,,ps-145,ps-145,Patristic homily linkage is not present in this repo and must be joined from the site corpus when George pushes.
rid_94c25b330ffaff627325,Ps 145:19 (LXX Ps 144:19),Ps 145:19,Ps 144:19,15,15,0,copticchurch_date; katameros_cycle,Mesra 26 | Matins | Psalm,awakening to praise and repentance,,ps-145,ps-145,Patristic homily linkage is not present in this repo and must be joined from the site corpus when George pushes.
rid_78d2893ff615a4a491d1,Ps 145:20 (LXX Ps 144:20),Ps 145:20,Ps 144:20,15,15,0,copticchurch_date; katameros_cycle,Mesra 26 | Matins | Psalm,awakening to praise and repentance,,ps-145,ps-145,Patristic homily linkage is not present in this repo and must be joined from the site corpus when George pushes.
rid_d8599120e2639493bff7,Ps 146 (LXX Ps 145),Ps 146,Ps 145,3,3,0,agpeya,Midnight Prayer - Third Watch | Midnight Prayer - Third Watch | psalm || Twelfth Hour (Compline / Before Sleep) | Twelfth Hour (Compline / Before Sleep) | psalm || Veil Prayer | Veil Prayer | psalm,,,ps-146,ps-146,Patristic homily linkage is not present in this repo and must be joined from the site corpus when George pushes.
rid_2546fd6792e031743ed5,Ps 146:1 (LXX Ps 145:1),Ps 146:1,Ps 145:1,105,105,0,copticchurch_date; katameros_cycle,Abib 23 | Matins | Psalm,awakening to praise and repentance,,ps-146,ps-146,Patristic homily linkage is not present in this repo and must be joined from the site corpus when George pushes.
rid_559621287366cea76f69,Ps 146:10 (LXX Ps 145:10),Ps 146:10,Ps 145:10,18,18,0,copticchurch_date; katameros_cycle,Saturday of the fourth week of the holy fifty days | Matins | Psalm,awakening to praise and repentance,,ps-146,ps-146,Patristic homily linkage is not present in this repo and must be joined from the site corpus when George pushes.
rid_7674beb2da7423a06e3a,Ps 146:2 (LXX Ps 145:2),Ps 146:2,Ps 145:2,18,18,0,copticchurch_date; katameros_cycle,Friday of the third week of the holy fifty days | Matins | Psalm,awakening to praise and repentance,,ps-146,ps-146,Patristic homily linkage is not present in this repo and must be joined from the site corpus when George pushes.
rid_cd1d7fccd74084f7643b,Ps 146:5 (LXX Ps 145:5),Ps 146:5,Ps 145:5,104,104,0,copticchurch_date; katameros_cycle,Abib 23 | Matins | Psalm,awakening to praise and repentance,,ps-146,ps-146,Patristic homily linkage is not present in this repo and must be joined from the site corpus when George pushes.
rid_f17749974e876a910556,"Ps 146:7,146:8 (LXX Ps 145:7; Ps 145:8)","Ps 146:7,146:8",Ps 145:7; Ps 145:8,16,16,0,copticchurch_date,Friday of the third week of the holy fifty days | Vespers | Psalm,evening thanksgiving and watchfulness,,ps-146,ps-146,Patristic homily linkage is not present in this repo and must be joined from the site corpus when George pushes.
rid_639e40f5398071ff16ee,Ps 146:7-8 (LXX Ps 145:7-8),Ps 146:7-8,Ps 145:7-8,1,1,0,katameros_cycle,vespers_psalm | vespers_psalm,,,ps-146,ps-146,Patristic homily linkage is not present in this repo and must be joined from the site corpus when George pushes.
rid_8b9d1609dab534359410,Ps 147:1 (LXX Ps 146:1),Ps 147:1,Ps 146:1,16,16,0,copticchurch_date,Sunday of the sixth week of the holy fifty days | Matins | Psalm,awakening to praise and repentance,,ps-147,ps-147,Patristic homily linkage is not present in this repo and must be joined from the site corpus when George pushes.
rid_9370c9109a470e5c52a7,Ps 147:1-11 (LXX Ps 146:1-11),Ps 147:1-11,Ps 146:1-11,2,2,0,agpeya,Midnight Prayer - Third Watch | Midnight Prayer - Third Watch | psalm || Twelfth Hour (Compline / Before Sleep) | Twelfth Hour (Compline / Before Sleep) | psalm,,,ps-147,ps-147,Patristic homily linkage is not present in this repo and must be joined from the site corpus when George pushes.
rid_2d0732bdc68361156d84,Ps 147:1-2 (LXX Ps 146:1-2),Ps 147:1-2,Ps 146:1-2,1,1,0,katameros_cycle,matins_psalm | matins_psalm,,,ps-147,ps-147,Patristic homily linkage is not present in this repo and must be joined from the site corpus when George pushes.
rid_2d1ec3eb13f9133fac31,Ps 147:12,Ps 147:12,Ps 147:12,17,17,0,copticchurch_date; katameros_cycle,Sunday of the sixth week of the holy fifty days | Liturgy | Psalm,the Eucharistic gathering of the Church,,ps-147,ps-147,Patristic homily linkage is not present in this repo and must be joined from the site corpus when George pushes.
rid_d62668381802ee256ce7,Ps 147:12-20,Ps 147:12-20,Ps 147:12-20,2,2,0,agpeya,Midnight Prayer - Third Watch | Midnight Prayer - Third Watch | psalm || Twelfth Hour (Compline / Before Sleep) | Twelfth Hour (Compline / Before Sleep) | psalm,,,ps-147,ps-147,Patristic homily linkage is not present in this repo and must be joined from the site corpus when George pushes.
rid_7cf3686dd1a5f0a4b1d7,Ps 147:18,Ps 147:18,Ps 147:18,17,17,0,copticchurch_date; katameros_cycle,Sunday of the sixth week of the holy fifty days | Liturgy | Psalm,the Eucharistic gathering of the Church,,ps-147,ps-147,Patristic homily linkage is not present in this repo and must be joined from the site corpus when George pushes.
rid_e826a527f402273556fc,Ps 147:2 (LXX Ps 146:2),Ps 147:2,Ps 146:2,16,16,0,copticchurch_date,Sunday of the sixth week of the holy fifty days | Matins | Psalm,awakening to praise and repentance,,ps-147,ps-147,Patristic homily linkage is not present in this repo and must be joined from the site corpus when George pushes.
rid_4ab442028c39a75356a0,Ps 148:1-2,Ps 148:1-2,Ps 148:1-2,24,24,0,copticchurch_date,Hator 12 | Vespers | Psalm,evening thanksgiving and watchfulness,,ps-148,ps-148,Patristic homily linkage is not present in this repo and must be joined from the site corpus when George pushes.
rid_2e20ec6804f9de178f83,Ps 149:1-2,Ps 149:1-2,Ps 149:1-2,2,2,0,katameros_cycle,vespers_psalm | vespers_psalm,,,ps-149,ps-149,Patristic homily linkage is not present in this repo and must be joined from the site corpus when George pushes.
rid_d28c688c275efbf4ea54,Ps 149:5,Ps 149:5,Ps 149:5,15,15,0,copticchurch_date; katameros_cycle,Mesra 26 | Liturgy | Psalm,the Eucharistic gathering of the Church,,ps-149,ps-149,Patristic homily linkage is not present in this repo and must be joined from the site corpus when George pushes.
rid_f56697824a404d6b152d,Ps 149:9,Ps 149:9,Ps 149:9,15,15,0,copticchurch_date; katameros_cycle,Mesra 26 | Liturgy | Psalm,the Eucharistic gathering of the Church,,ps-149,ps-149,Patristic homily linkage is not present in this repo and must be joined from the site corpus when George pushes.
rid_13dfee9059978c879f37,Ps 14:1-3 (LXX Ps 13:1-3),Ps 14:1-3,Ps 13:1-3,13,13,0,copticchurch_date,The third Sunday of Mesra | Matins | Psalm,awakening to praise and repentance,,ps-14,ps-14,Patristic homily linkage is not present in this repo and must be joined from the site corpus when George pushes.
rid_747c544b3194150c1203,Ps 15 (LXX Ps 14),Ps 15,Ps 14,1,1,0,agpeya,First Hour (Prime / Morning Prayer) | First Hour (Prime / Morning Prayer) | psalm,,,ps-15,ps-15,Patristic homily linkage is not present in this repo and must be joined from the site corpus when George pushes.
rid_6684036eb8fe0a365e2b,Ps 15:1-2 (LXX Ps 14:1-2),Ps 15:1-2,Ps 14:1-2,29,29,0,copticchurch_date; katameros_cycle,The fifth Sunday of Baba | Vespers | Psalm || The fifth Sunday of Kiak | Vespers | Psalm || The fifth Sunday of Toba | Vespers | Psalm || The fifth Sunday of Tout | Vespers | Psalm || The second Sunday of Amshir | Vespers | Psalm,evening thanksgiving and watchfulness,,ps-15,ps-15,Patristic homily linkage is not present in this repo and must be joined from the site corpus when George pushes.
rid_2cfa615e5c518d3d4538,Ps 15:4 (LXX Ps 14:4),Ps 15:4,Ps 14:4,17,17,0,copticchurch_date; katameros_cycle,Saturday of the fourth week of the holy fifty days | Liturgy | Psalm,the Eucharistic gathering of the Church,,ps-15,ps-15,Patristic homily linkage is not present in this repo and must be joined from the site corpus when George pushes.
rid_5359538aea48d878cb43,Ps 16 (LXX Ps 15),Ps 16,Ps 15,2,2,0,agpeya,First Hour (Prime / Morning Prayer) | First Hour (Prime / Morning Prayer) | psalm || Veil Prayer | Veil Prayer | psalm,,,ps-16,ps-16,Patristic homily linkage is not present in this repo and must be joined from the site corpus when George pushes.
rid_485c9114c2629686efb3,Ps 16:1 (LXX Ps 15:1),Ps 16:1,Ps 15:1,16,16,0,copticchurch_date,Friday of the third week of Great Lent | Liturgy | Psalm,the Eucharistic gathering of the Church,,ps-16,ps-16,Patristic homily linkage is not present in this repo and must be joined from the site corpus when George pushes.
rid_f88add215ab929ba33aa,Ps 16:1-2 (LXX Ps 15:1-2),Ps 16:1-2,Ps 15:1-2,17,17,0,copticchurch_date; katameros_cycle,Sunday of the first week of Great Lent | Vespers | Psalm,evening thanksgiving and watchfulness,,ps-16,ps-16,Patristic homily linkage is not present in this repo and must be joined from the site corpus when George pushes.
rid_ebbb9e1ddb4ef2bd2604,Ps 16:10-11 (LXX Ps 15:10-11),Ps 16:10-11,Ps 15:10-11,68,68,0,bright_saturday_service_order; copticchurch_date; katameros_cycle,Bright Saturday | 3rd Hour | Psalm + Gospel || Friday of the second week of the holy fifty days | Matins | Psalm,awakening to praise and repentance; the Eucharistic gathering of the Church,,ps-16,ps-16,Patristic homily linkage is not present in this repo and must be joined from the site corpus when George pushes.
rid_c3488f2063e4376c6bc0,Ps 16:2 (LXX Ps 15:2),Ps 16:2,Ps 15:2,16,16,0,copticchurch_date,Friday of the third week of Great Lent | Liturgy | Psalm,the Eucharistic gathering of the Church,,ps-16,ps-16,Patristic homily linkage is not present in this repo and must be joined from the site corpus when George pushes.
rid_2da26d3e4868359edeaf,Ps 16:7-8 (LXX Ps 15:7-8),Ps 16:7-8,Ps 15:7-8,11,11,0,copticchurch_date; katameros_cycle,The second Sunday of Paona | Vespers | Psalm || Second Sunday of Baunahh | vespers_psalm | vespers_psalm,evening thanksgiving and watchfulness,,ps-16,ps-16,Patristic homily linkage is not present in this repo and must be joined from the site corpus when George pushes.
rid_360f5978b7bfea905179,Ps 16:9 (LXX Ps 15:9),Ps 16:9,Ps 15:9,17,17,0,copticchurch_date; katameros_cycle,Friday of the second week of the holy fifty days | Vespers | Psalm,evening thanksgiving and watchfulness,,ps-16,ps-16,Patristic homily linkage is not present in this repo and must be joined from the site corpus when George pushes.
rid_e855b9d2e67623e01459,Ps 17:1 (LXX Ps 16:1),Ps 17:1,Ps 16:1,17,17,0,copticchurch_date; katameros_cycle,Tuesday of the fourth week of Great Lent | Matins | Psalm,awakening to praise and repentance,,ps-17,ps-17,Patristic homily linkage is not present in this repo and must be joined from the site corpus when George pushes.
rid_79ac43303492c27a2f7f,"Ps 17:1,17:2 (LXX Ps 16:1; Ps 16:2)","Ps 17:1,17:2",Ps 16:1; Ps 16:2,15,15,0,copticchurch_date,Saturday of the week before Great Lent | Vespers | Psalm,evening thanksgiving and watchfulness,,ps-17,ps-17,Patristic homily linkage is not present in this repo and must be joined from the site corpus when George pushes.
rid_a6f3568a289a3022b2ef,Ps 17:1-2 (LXX Ps 16:1-2),Ps 17:1-2,Ps 16:1-2,2,2,0,katameros_cycle,vespers_psalm | vespers_psalm || Preparation Saturday | vespers_psalm | vespers_psalm,,,ps-17,ps-17,Patristic homily linkage is not present in this repo and must be joined from the site corpus when George pushes.
rid_329992431ff9d6d16483,Ps 17:15 (LXX Ps 16:15),Ps 17:15,Ps 16:15,7,7,0,copticchurch_date; katameros_cycle,The third Sunday of Amshir | Vespers | Psalm || Third Sunday of Amshir | vespers_psalm | vespers_psalm,evening thanksgiving and watchfulness,,ps-17,ps-17,Patristic homily linkage is not present in this repo and must be joined from the site corpus when George pushes.
rid_d1b1dbfecc530fcbeb42,Ps 17:3 (LXX Ps 16:3),Ps 17:3,Ps 16:3,24,24,0,copticchurch_date; katameros_cycle,Sunday of the sixth week of Great Lent | Vespers | Psalm,evening thanksgiving and watchfulness,,ps-17,ps-17,Patristic homily linkage is not present in this repo and must be joined from the site corpus when George pushes.
rid_d2865d63fb51c805974a,Ps 17:5 (LXX Ps 16:5),Ps 17:5,Ps 16:5,1,1,0,katameros_cycle,vespers_psalm | vespers_psalm,,,ps-17,ps-17,Patristic homily linkage is not present in this repo and must be joined from the site corpus when George pushes.
rid_4ccaa4a7103002076294,Ps 17:6 (LXX Ps 16:6),Ps 17:6,Ps 16:6,17,17,0,copticchurch_date; katameros_cycle,Tuesday of the fourth week of Great Lent | Liturgy | Psalm,the Eucharistic gathering of the Church,,ps-17,ps-17,Patristic homily linkage is not present in this repo and must be joined from the site corpus when George pushes.
rid_0798f953d3180998fde0,Ps 18:1-2 (LXX Ps 17:1-2),Ps 18:1-2,Ps 17:1-2,34,34,0,copticchurch_date; katameros_cycle,Sunday of the first week of Great Lent | Matins | Psalm,awakening to praise and repentance; the Eucharistic gathering of the Church,,ps-18,ps-18,Patristic homily linkage is not present in this repo and must be joined from the site corpus when George pushes.
rid_b9f6e4de3440ff2f4715,Ps 18:15 (LXX Ps 17:15),Ps 18:15,Ps 17:15,17,17,0,copticchurch_date; katameros_cycle,The first Sunday of Hator | Vespers | Psalm,evening thanksgiving and watchfulness,,ps-18,ps-18,Patristic homily linkage is not present in this repo and must be joined from the site corpus when George pushes.
rid_4a330dc2a8ba000cae81,Ps 18:17-18 (LXX Ps 17:17-18),Ps 18:17-18,Ps 17:17-18,35,34,1,copticchurch_date; katameros_cycle; pascha_source_text,Wednesday of the fourth week of Great Lent | Liturgy | Psalm,awakening to praise and repentance; the Eucharistic gathering of the Church; the late call to repentance and mercy,,ps-18,ps-18,Patristic homily linkage is not present in this repo and must be joined from the site corpus when George pushes.
rid_e2dfce853c59d563a227,Ps 18:34 (LXX Ps 17:34),Ps 18:34,Ps 17:34,18,18,0,katameros_cycle,vespers_psalm | vespers_psalm,,,ps-18,ps-18,Patristic homily linkage is not present in this repo and must be joined from the site corpus when George pushes.
rid_3781f5a6ff89507a0aa6,"Ps 18:34,18:39 (LXX Ps 17:34; Ps 17:39)","Ps 18:34,18:39",Ps 17:34; Ps 17:39,128,128,0,copticchurch_date,Abib 20 | Vespers | Psalm,evening thanksgiving and watchfulness,,ps-18,ps-18,Patristic homily linkage is not present in this repo and must be joined from the site corpus when George pushes.
rid_a896326670a1f74930e7,Ps 18:37 (LXX Ps 17:37),Ps 18:37,Ps 17:37,17,17,0,copticchurch_date; katameros_cycle,Wednesday of the fourth week of Great Lent | Matins | Psalm,awakening to praise and repentance,,ps-18,ps-18,Patristic homily linkage is not present in this repo and must be joined from the site corpus when George pushes.
rid_49ec2692527bb2cc95ab,Ps 18:39 (LXX Ps 17:39),Ps 18:39,Ps 17:39,18,18,0,katameros_cycle,vespers_psalm | vespers_psalm,,,ps-18,ps-18,Patristic homily linkage is not present in this repo and must be joined from the site corpus when George pushes.
rid_511986534deeaa23b32a,Ps 18:40 (LXX Ps 17:40),Ps 18:40,Ps 17:40,17,17,0,copticchurch_date; katameros_cycle,Wednesday of the fourth week of Great Lent | Matins | Psalm,awakening to praise and repentance,,ps-18,ps-18,Patristic homily linkage is not present in this repo and must be joined from the site corpus when George pushes.
rid_dc889a8cdbbf51eb52bd,Ps 18:46 (LXX Ps 17:46),Ps 18:46,Ps 17:46,27,27,0,copticchurch_date; katameros_cycle,The third Sunday of Tout | Liturgy | Psalm || Wednesday of the third week of the holy fifty days | Liturgy | Psalm,the Eucharistic gathering of the Church,,ps-18,ps-18,Patristic homily linkage is not present in this repo and must be joined from the site corpus when George pushes.
rid_e48e6356dcba4bc1bb6f,Ps 18:46-47 (LXX Ps 17:46-47),Ps 18:46-47,Ps 17:46-47,17,17,0,copticchurch_date; katameros_cycle,Thursday of the fifth week of the holy fifty days | Vespers | Psalm,evening thanksgiving and watchfulness,,ps-18,ps-18,Patristic homily linkage is not present in this repo and must be joined from the site corpus when George pushes.
rid_453033a55ad51a0f84b4,"Ps 18:48,18:17 (LXX Ps 17:48; Ps 17:17)","Ps 18:48,18:17",Ps 17:48; Ps 17:17,1,1,0,pascha_day_hour,Tuesday | Sixth Hour | Psalm+Gospel,the Cross and the Lord's willing suffering,,ps-18,ps-18,Patristic homily linkage is not present in this repo and must be joined from the site corpus when George pushes.
rid_d556b220bf44ab2a746c,Ps 18:49 (LXX Ps 17:49),Ps 18:49,Ps 17:49,18,18,0,copticchurch_date; katameros_cycle,Wednesday of the third week of the holy fifty days | Liturgy | Psalm,the Eucharistic gathering of the Church,,ps-18,ps-18,Patristic homily linkage is not present in this repo and must be joined from the site corpus when George pushes.
rid_3ce933e4f22869313122,Ps 18:49-50 (LXX Ps 17:49-50),Ps 18:49-50,Ps 17:49-50,9,9,0,copticchurch_date,The third Sunday of Tout | Liturgy | Psalm,the Eucharistic gathering of the Church,,ps-18,ps-18,Patristic homily linkage is not present in this repo and must be joined from the site corpus when George pushes.
rid_420fa3e67a6987198edc,Ps 18:6 (LXX Ps 17:6),Ps 18:6,Ps 17:6,17,17,0,copticchurch_date; katameros_cycle,The first Sunday of Hator | Vespers | Psalm,evening thanksgiving and watchfulness,,ps-18,ps-18,Patristic homily linkage is not present in this repo and must be joined from the site corpus when George pushes.
rid_ec986ae0bc63d88df7f5,Ps 19 (LXX Ps 18),Ps 19,Ps 18,1,1,0,agpeya,First Hour (Prime / Morning Prayer) | First Hour (Prime / Morning Prayer) | psalm,,,ps-19,ps-19,Patristic homily linkage is not present in this repo and must be joined from the site corpus when George pushes.
rid_f895fe12fbca3cc0b95e,Ps 19:1 (LXX Ps 18:1),Ps 19:1,Ps 18:1,130,130,0,copticchurch_date; katameros_cycle,Abib 18 | Liturgy | Psalm,awakening to praise and repentance; the Eucharistic gathering of the Church,,ps-19,ps-19,Patristic homily linkage is not present in this repo and must be joined from the site corpus when George pushes.
rid_144edea63a8af8ce1c3b,"Ps 19:1,19:4 (LXX Ps 18:1; Ps 18:4)","Ps 19:1,19:4",Ps 18:1; Ps 18:4,45,45,0,copticchurch_date,Abib 16 | Vespers | Psalm,evening thanksgiving and watchfulness,,ps-19,ps-19,Patristic homily linkage is not present in this repo and must be joined from the site corpus when George pushes.
rid_eff4cec622f24d97cade,Ps 19:1-2 (LXX Ps 18:1-2),Ps 19:1-2,Ps 18:1-2,1,1,0,katameros_cycle,matins_psalm | matins_psalm,,,ps-19,ps-19,Patristic homily linkage is not present in this repo and must be joined from the site corpus when George pushes.
rid_2cd865e2b8ccb91791e8,Ps 19:2 (LXX Ps 18:2),Ps 19:2,Ps 18:2,17,17,0,copticchurch_date; katameros_cycle,Monday of the third week of the holy fifty days | Matins | Psalm,awakening to praise and repentance,,ps-19,ps-19,Patristic homily linkage is not present in this repo and must be joined from the site corpus when George pushes.
rid_b08c8147ef9f17296800,"Ps 19:2,19:4 (LXX Ps 18:2; Ps 18:4)","Ps 19:2,19:4",Ps 18:2; Ps 18:4,16,16,0,copticchurch_date,Wednesday of the fifth week of the holy fifty days | Vespers | Psalm,evening thanksgiving and watchfulness,,ps-19,ps-19,Patristic homily linkage is not present in this repo and must be joined from the site corpus when George pushes.
rid_94f623605ebb5ba37668,Ps 19:3-4 (LXX Ps 18:3-4),Ps 19:3-4,Ps 18:3-4,16,16,0,copticchurch_date; katameros_cycle; special_service,Nasie 2 | Vespers | Psalm,evening thanksgiving and watchfulness,,ps-19,ps-19,Patristic homily linkage is not present in this repo and must be joined from the site corpus when George pushes.
rid_c83c6764eb7c45ea4eab,Ps 19:4 (LXX Ps 18:4),Ps 19:4,Ps 18:4,173,173,0,copticchurch_date; katameros_cycle,Abib 18 | Liturgy | Psalm,the Eucharistic gathering of the Church,,ps-19,ps-19,Patristic homily linkage is not present in this repo and must be joined from the site corpus when George pushes.
rid_cc04c9272c215854960c,Ps 19:5 (LXX Ps 18:5),Ps 19:5,Ps 18:5,1,1,0,special_service,wedding_crowning | main_readings | main_readings,,,ps-19,ps-19,Patristic homily linkage is not present in this repo and must be joined from the site corpus when George pushes.
rid_cf7ded53e9d4c60fc554,Ps 19:7 (LXX Ps 18:7),Ps 19:7,Ps 18:7,1,1,0,katameros_cycle,vespers_psalm | vespers_psalm,,,ps-19,ps-19,Patristic homily linkage is not present in this repo and must be joined from the site corpus when George pushes.
rid_f06367e34a1c3bd88e8f,Ps 19:8 (LXX Ps 18:8),Ps 19:8,Ps 18:8,1,1,0,katameros_cycle,vespers_psalm | vespers_psalm,,,ps-19,ps-19,Patristic homily linkage is not present in this repo and must be joined from the site corpus when George pushes.
rid_a80c3a7876bbb5b6c519,Ps 1:1,Ps 1:1,Ps 1:1,41,41,0,copticchurch_date; katameros_cycle,Amshir 5 | Liturgy | Psalm || Baba 27 | Liturgy | Psalm,the Eucharistic gathering of the Church,,ps-1,ps-1,Patristic homily linkage is not present in this repo and must be joined from the site corpus when George pushes.
rid_95e9bbd7490162ce2197,Ps 2,Ps 2,Ps 2,1,1,0,agpeya,First Hour (Prime / Morning Prayer) | First Hour (Prime / Morning Prayer) | psalm,,,ps-2,ps-2,Patristic homily linkage is not present in this repo and must be joined from the site corpus when George pushes.
rid_4c8c822d0daca1aa3d86,Ps 20 (LXX Ps 19),Ps 20,Ps 19,1,1,0,agpeya,Third Hour (Terce) | Third Hour (Terce) | psalm,,,ps-20,ps-20,Patristic homily linkage is not present in this repo and must be joined from the site corpus when George pushes.
rid_49faa785f790cad26ba5,Ps 20:5 (LXX Ps 19:5),Ps 20:5,Ps 19:5,16,16,0,copticchurch_date,Saturday of the third week of the holy fifty days | Liturgy | Psalm,the Eucharistic gathering of the Church,,ps-20,ps-20,Patristic homily linkage is not present in this repo and must be joined from the site corpus when George pushes.
rid_5605110ab19d4dac04d3,Ps 20:5-6 (LXX Ps 19:5-6),Ps 20:5-6,Ps 19:5-6,1,1,0,katameros_cycle,liturgy_psalm | liturgy_psalm,,,ps-20,ps-20,Patristic homily linkage is not present in this repo and must be joined from the site corpus when George pushes.
rid_8890f97a089001f005bf,Ps 20:6 (LXX Ps 19:6),Ps 20:6,Ps 19:6,16,16,0,copticchurch_date,Saturday of the third week of the holy fifty days | Liturgy | Psalm,the Eucharistic gathering of the Church,,ps-20,ps-20,Patristic homily linkage is not present in this repo and must be joined from the site corpus when George pushes.
rid_0928cf7d0074ef1b2140,"Ps 20:6,20:9 (LXX Ps 19:6; Ps 19:9)","Ps 20:6,20:9",Ps 19:6; Ps 19:9,16,16,0,copticchurch_date,The first Sunday of Abib | Vespers | Psalm,evening thanksgiving and watchfulness,,ps-20,ps-20,Patristic homily linkage is not present in this repo and must be joined from the site corpus when George pushes.
rid_e16a94cb1de220ac8b9b,Ps 20:6-9 (LXX Ps 19:6-9),Ps 20:6-9,Ps 19:6-9,1,1,0,katameros_cycle,First Sunday of Abib | vespers_psalm | vespers_psalm,,,ps-20,ps-20,Patristic homily linkage is not present in this repo and must be joined from the site corpus when George pushes.
rid_063705e563850e5427a8,Ps 21:1-2 (LXX Ps 20:1-2),Ps 21:1-2,Ps 20:1-2,17,17,0,copticchurch_date; katameros_cycle,The second Sunday of Tout | Liturgy | Psalm,the Eucharistic gathering of the Church,,ps-21,ps-21,Patristic homily linkage is not present in this repo and must be joined from the site corpus when George pushes.
rid_b2a9dce0f6cbf82ede6a,Ps 21:3 (LXX Ps 20:3),Ps 21:3,Ps 20:3,116,116,0,copticchurch_date; katameros_cycle,Abib 6 | Liturgy | Psalm,the Eucharistic gathering of the Church,,ps-21,ps-21,Patristic homily linkage is not present in this repo and must be joined from the site corpus when George pushes.
rid_037744ef801e5b649abf,Ps 21:5 (LXX Ps 20:5),Ps 21:5,Ps 20:5,116,116,0,copticchurch_date; katameros_cycle,Abib 6 | Liturgy | Psalm,the Eucharistic gathering of the Church,,ps-21,ps-21,Patristic homily linkage is not present in this repo and must be joined from the site corpus when George pushes.
rid_44d776f49a2f9d2932f2,Ps 22:1 (LXX Ps 21:1),Ps 22:1,Ps 21:1,16,16,0,copticchurch_date,Tuesday of the first week of Great Lent | Matins | Psalm,awakening to praise and repentance,,ps-22,ps-22,Patristic homily linkage is not present in this repo and must be joined from the site corpus when George pushes.
rid_f36140316f1c664a1669,Ps 22:16 (LXX Ps 21:16),Ps 22:16,Ps 21:16,1,1,0,pascha_day_hour,Good Friday | Third Hour | Psalm+Gospel,the descent of the Holy Spirit and the trial of the heart,,ps-22,ps-22,Patristic homily linkage is not present in this repo and must be joined from the site corpus when George pushes.
rid_0b9c8a54099228bace70,"Ps 22:17,22:18,22:19,22:8,22:9 (LXX Ps 21:17; Ps 21:18; Ps 21:19; Ps 21:8; Ps 21:9)","Ps 22:17,22:18,22:19,22:8,22:9",Ps 21:17; Ps 21:18; Ps 21:19; Ps 21:8; Ps 21:9,1,1,0,pascha_day_hour,Good Friday | Sixth Hour | Psalm+Gospel,the Cross and the Lord's willing suffering,,ps-22,ps-22,Patristic homily linkage is not present in this repo and must be joined from the site corpus when George pushes.
rid_d7330cf20f9fdaf6082f,Ps 22:2 (LXX Ps 21:2),Ps 22:2,Ps 21:2,17,17,0,copticchurch_date; katameros_cycle,Monday of the seventh week of the holy fifty days | Vespers | Psalm,evening thanksgiving and watchfulness,,ps-22,ps-22,Patristic homily linkage is not present in this repo and must be joined from the site corpus when George pushes.
rid_25361742c3226f05c434,Ps 22:20-21 (LXX Ps 21:20-21),Ps 22:20-21,Ps 21:20-21,1,0,1,pascha_source_text,Wednesday Eve | Ninth Hour | Psalm,the saving death of Christ and repentance,,ps-22,ps-22,Patristic homily linkage is not present in this repo and must be joined from the site corpus when George pushes.
rid_f334b150887bd2f1bff5,Ps 22:22-23 (LXX Ps 21:22-23),Ps 22:22-23,Ps 21:22-23,17,17,0,copticchurch_date; katameros_cycle; pascha_day_hour,Baba 12 | Vespers | Psalm,evening thanksgiving and watchfulness; the late call to repentance and mercy,,ps-22,ps-22,Patristic homily linkage is not present in this repo and must be joined from the site corpus when George pushes.
rid_e8506a36717e82f0ba9d,Ps 22:26 (LXX Ps 21:26),Ps 22:26,Ps 21:26,1,1,0,katameros_cycle,liturgy_psalm | liturgy_psalm,,,ps-22,ps-22,Patristic homily linkage is not present in this repo and must be joined from the site corpus when George pushes.
rid_e2f521dc8eace972245d,Ps 22:3 (LXX Ps 21:3),Ps 22:3,Ps 21:3,16,16,0,copticchurch_date,Tuesday of the first week of Great Lent | Matins | Psalm,awakening to praise and repentance,,ps-22,ps-22,Patristic homily linkage is not present in this repo and must be joined from the site corpus when George pushes.
rid_80c957eaf9d05e3b1d09,Ps 23 (LXX Ps 22),Ps 23,Ps 22,3,3,0,agpeya; special_service,Third Hour (Terce) | Third Hour (Terce) | psalm || Veil Prayer | Veil Prayer | psalm || altar_consecration | part_3 | part_3,,,ps-23,ps-23,Patristic homily linkage is not present in this repo and must be joined from the site corpus when George pushes.
rid_9802e631559cc738dbb8,Ps 23:1 (LXX Ps 22:1),Ps 23:1,Ps 22:1,1,1,0,katameros_cycle,matins_psalm | matins_psalm,,,ps-23,ps-23,Patristic homily linkage is not present in this repo and must be joined from the site corpus when George pushes.
rid_d6bb65708951bf104cc4,"Ps 23:1,23:2 (LXX Ps 22:1; Ps 22:2)","Ps 23:1,23:2",Ps 22:1; Ps 22:2,1,1,0,pascha_day_hour,Great Thursday | Ninth Hour | Psalm+Gospel,the saving death of Christ and repentance,,ps-23,ps-23,Patristic homily linkage is not present in this repo and must be joined from the site corpus when George pushes.
rid_3f14d571baf20d8570ae,Ps 23:1-2 (LXX Ps 22:1-2),Ps 23:1-2,Ps 22:1-2,15,15,0,copticchurch_date,Thursday of the first week of Great Lent | Matins | Psalm,awakening to praise and repentance,,ps-23,ps-23,Patristic homily linkage is not present in this repo and must be joined from the site corpus when George pushes.
rid_ab58a5b39379dc2f8b73,Ps 23:1-3 (LXX Ps 22:1-3),Ps 23:1-3,Ps 22:1-3,17,17,0,copticchurch_date; katameros_cycle,Wednesday of the sixth week of the holy fifty days | Matins | Psalm,awakening to praise and repentance,,ps-23,ps-23,Patristic homily linkage is not present in this repo and must be joined from the site corpus when George pushes.
rid_6c480b99bba4b4145c15,Ps 23:3 (LXX Ps 22:3),Ps 23:3,Ps 22:3,1,1,0,katameros_cycle,matins_psalm | matins_psalm,,,ps-23,ps-23,Patristic homily linkage is not present in this repo and must be joined from the site corpus when George pushes.
rid_b32020518c0ff5e87408,Ps 23:4 (LXX Ps 22:4),Ps 23:4,Ps 22:4,1,1,0,pascha_day_hour,Good Friday | Twelfth Hour | Psalm+Gospel,"burial, waiting, and hope",,ps-23,ps-23,Patristic homily linkage is not present in this repo and must be joined from the site corpus when George pushes.
rid_1104fd6177fc11b72194,Ps 23:5 (LXX Ps 22:5),Ps 23:5,Ps 22:5,17,17,0,copticchurch_date; katameros_cycle,Wednesday of the sixth week of the holy fifty days | Vespers | Psalm,evening thanksgiving and watchfulness,,ps-23,ps-23,Patristic homily linkage is not present in this repo and must be joined from the site corpus when George pushes.
rid_cc534b4c2513e420d4bb,"Ps 23:5,41:9 (LXX Ps 22:5; Ps 40:9)","Ps 23:5,41:9",Ps 22:5; Ps 40:9,1,0,1,pascha_source_text,the Covenant Thursday | Liturgy | Psalm,the Eucharistic gathering of the Church,,ps-23,ps-23,Patristic homily linkage is not present in this repo and must be joined from the site corpus when George pushes.
rid_28647d6bd047b833d68c,Ps 23:5-6 (LXX Ps 22:5-6),Ps 23:5-6,Ps 22:5-6,1,1,0,special_service,myron_consecration | vespers | vespers,,,ps-23,ps-23,Patristic homily linkage is not present in this repo and must be joined from the site corpus when George pushes.
rid_60d60c8b07c734c31f66,Ps 24 (LXX Ps 23),Ps 24,Ps 23,2,2,0,agpeya; special_service,Third Hour (Terce) | Third Hour (Terce) | psalm || altar_consecration | part_3 | part_3,,,ps-24,ps-24,Patristic homily linkage is not present in this repo and must be joined from the site corpus when George pushes.
rid_7a68b993d681c8a1ee12,Ps 24:1 (LXX Ps 23:1),Ps 24:1,Ps 23:1,34,34,0,copticchurch_date; katameros_cycle,Friday of the fourth week of the holy fifty days | Liturgy | Psalm,the Eucharistic gathering of the Church,,ps-24,ps-24,Patristic homily linkage is not present in this repo and must be joined from the site corpus when George pushes.
rid_f3bf0d84cd9127033003,Ps 24:1-2 (LXX Ps 23:1-2),Ps 24:1-2,Ps 23:1-2,2,2,0,katameros_cycle,Fourth Sunday of Amshir | liturgy_psalm | liturgy_psalm || matins_psalm | matins_psalm,,,ps-24,ps-24,Patristic homily linkage is not present in this repo and must be joined from the site corpus when George pushes.
rid_43372bce53a0fc2d14cf,Ps 24:10 (LXX Ps 23:10),Ps 24:10,Ps 23:10,16,16,0,copticchurch_date,The Feast of the Ascension | Liturgy | Psalm,the Eucharistic gathering of the Church,,ps-24,ps-24,Patristic homily linkage is not present in this repo and must be joined from the site corpus when George pushes.
rid_f247701447e8bc90260c,Ps 24:16 (LXX Ps 23:16),Ps 24:16,Ps 23:16,15,15,0,copticchurch_date,Wednesday of the first week of Great Lent | Liturgy | Psalm,the Eucharistic gathering of the Church,,ps-24,ps-24,Patristic homily linkage is not present in this repo and must be joined from the site corpus when George pushes.
rid_5800eb9cd831655f9d7f,Ps 24:2 (LXX Ps 23:2),Ps 24:2,Ps 23:2,17,17,0,copticchurch_date,Sunday of the first week of Great Lent | Liturgy | Psalm,the Eucharistic gathering of the Church,,ps-24,ps-24,Patristic homily linkage is not present in this repo and must be joined from the site corpus when George pushes.
rid_d5a735c3ff8870c509be,Ps 24:20 (LXX Ps 23:20),Ps 24:20,Ps 23:20,15,15,0,copticchurch_date,Wednesday of the first week of Great Lent | Liturgy | Psalm,the Eucharistic gathering of the Church,,ps-24,ps-24,Patristic homily linkage is not present in this repo and must be joined from the site corpus when George pushes.
rid_2e4da3862d2f651057cf,Ps 24:3-4 (LXX Ps 23:3-4),Ps 24:3-4,Ps 23:3-4,28,28,0,copticchurch_date; katameros_cycle,The fifth Sunday of Baba | Matins | Psalm || The fifth Sunday of Kiak | Matins | Psalm || The fifth Sunday of Toba | Matins | Psalm || The fifth Sunday of Tout | Matins | Psalm || The second Sunday of Amshir | Matins | Psalm,awakening to praise and repentance,,ps-24,ps-24,Patristic homily linkage is not present in this repo and must be joined from the site corpus when George pushes.
rid_06258a1af3cf1b2966f3,Ps 24:4 (LXX Ps 23:4),Ps 24:4,Ps 23:4,33,33,0,copticchurch_date; katameros_cycle,Friday of the fourth week of the holy fifty days | Liturgy | Psalm,the Eucharistic gathering of the Church,,ps-24,ps-24,Patristic homily linkage is not present in this repo and must be joined from the site corpus when George pushes.
rid_a33c17db4959cd611f95,Ps 24:7-8 (LXX Ps 23:7-8),Ps 24:7-8,Ps 23:7-8,1,1,0,katameros_cycle,The Ascension Of Our Savior Jesus Christ | liturgy_psalm | liturgy_psalm,,,ps-24,ps-24,Patristic homily linkage is not present in this repo and must be joined from the site corpus when George pushes.
rid_3ac6fc6ee559dd15e3cb,Ps 24:9 (LXX Ps 23:9),Ps 24:9,Ps 23:9,16,16,0,copticchurch_date,The Feast of the Ascension | Liturgy | Psalm,the Eucharistic gathering of the Church,,ps-24,ps-24,Patristic homily linkage is not present in this repo and must be joined from the site corpus when George pushes.
rid_c1db3416419ed0079d85,Ps 25 (LXX Ps 24),Ps 25,Ps 24,2,2,0,agpeya,First Hour (Prime / Morning Prayer) | First Hour (Prime / Morning Prayer) | psalm || Veil Prayer | Veil Prayer | psalm,,,ps-25,ps-25,Patristic homily linkage is not present in this repo and must be joined from the site corpus when George pushes.
rid_980da1ddfd62d0ddbf0f,Ps 25:1 (LXX Ps 24:1),Ps 25:1,Ps 24:1,1,1,0,katameros_cycle,liturgy_psalm | liturgy_psalm,,,ps-25,ps-25,Patristic homily linkage is not present in this repo and must be joined from the site corpus when George pushes.
rid_df5af56dbe2102144cea,Ps 25:1-3 (LXX Ps 24:1-3),Ps 25:1-3,Ps 24:1-3,18,17,1,copticchurch_date; katameros_cycle; pascha_source_text,Friday of the seventh week of the holy fifty days | Liturgy | Psalm,the Eucharistic gathering of the Church; the saving death of Christ and repentance,,ps-25,ps-25,Patristic homily linkage is not present in this repo and must be joined from the site corpus when George pushes.
rid_24f217841f012588d371,Ps 25:11 (LXX Ps 24:11),Ps 25:11,Ps 24:11,17,17,0,copticchurch_date; katameros_cycle,Saturday of the second week of Great Lent | Matins | Psalm,awakening to praise and repentance,,ps-25,ps-25,Patristic homily linkage is not present in this repo and must be joined from the site corpus when George pushes.
rid_b80c4261a5ca9201341f,Ps 25:16 (LXX Ps 24:16),Ps 25:16,Ps 24:16,1,1,0,katameros_cycle,liturgy_psalm | liturgy_psalm,,,ps-25,ps-25,Patristic homily linkage is not present in this repo and must be joined from the site corpus when George pushes.
rid_ceebd95c21de8cdab9ac,Ps 25:16-17 (LXX Ps 24:16-17),Ps 25:16-17,Ps 24:16-17,17,17,0,copticchurch_date; katameros_cycle,Tuesday of the first week of Great Lent | Liturgy | Psalm,the Eucharistic gathering of the Church,,ps-25,ps-25,Patristic homily linkage is not present in this repo and must be joined from the site corpus when George pushes.
rid_bedcb463b4c1066d0af9,Ps 25:18 (LXX Ps 24:18),Ps 25:18,Ps 24:18,1,1,0,special_service,unction_of_the_sick | seventh_prayer | seventh_prayer,,,ps-25,ps-25,Patristic homily linkage is not present in this repo and must be joined from the site corpus when George pushes.
rid_0e8b5019596533d56b13,Ps 25:2 (LXX Ps 24:2),Ps 25:2,Ps 24:2,1,1,0,katameros_cycle,liturgy_psalm | liturgy_psalm,,,ps-25,ps-25,Patristic homily linkage is not present in this repo and must be joined from the site corpus when George pushes.
rid_e6568bdf2b4889275262,Ps 25:20 (LXX Ps 24:20),Ps 25:20,Ps 24:20,2,2,0,katameros_cycle; special_service,liturgy_psalm | liturgy_psalm || unction_of_the_sick | seventh_prayer | seventh_prayer,,,ps-25,ps-25,Patristic homily linkage is not present in this repo and must be joined from the site corpus when George pushes.
rid_77915a3f23f21ed7b737,Ps 25:4 (LXX Ps 24:4),Ps 25:4,Ps 24:4,1,1,0,katameros_cycle,liturgy_psalm | liturgy_psalm,,,ps-25,ps-25,Patristic homily linkage is not present in this repo and must be joined from the site corpus when George pushes.
rid_389e015764cd43ef7bf1,Ps 25:6-7 (LXX Ps 24:6-7),Ps 25:6-7,Ps 24:6-7,16,16,0,copticchurch_date; katameros_cycle,Wednesday of the first week of Great Lent | Matins | Psalm,awakening to praise and repentance,,ps-25,ps-25,Patristic homily linkage is not present in this repo and must be joined from the site corpus when George pushes.
rid_8ebe1787f62a2e4083be,Ps 25:7 (LXX Ps 24:7),Ps 25:7,Ps 24:7,17,17,0,copticchurch_date; katameros_cycle,Saturday of the second week of Great Lent | Matins | Psalm,awakening to praise and repentance,,ps-25,ps-25,Patristic homily linkage is not present in this repo and must be joined from the site corpus when George pushes.
rid_b3d136f2f32411082d6d,Ps 25:8 (LXX Ps 24:8),Ps 25:8,Ps 24:8,17,17,0,copticchurch_date; katameros_cycle,Saturday of the second week of Great Lent | Matins | Psalm,awakening to praise and repentance,,ps-25,ps-25,Patristic homily linkage is not present in this repo and must be joined from the site corpus when George pushes.
rid_8d21da2a3bee730c4b67,Ps 26 (LXX Ps 25),Ps 26,Ps 25,2,2,0,agpeya; special_service,Third Hour (Terce) | Third Hour (Terce) | psalm || altar_consecration | part_3 | part_3,,,ps-26,ps-26,Patristic homily linkage is not present in this repo and must be joined from the site corpus when George pushes.
rid_a89637c0d02d04d043e4,Ps 26:2 (LXX Ps 25:2),Ps 26:2,Ps 25:2,16,16,0,copticchurch_date,Sunday of the sixth week of Great Lent | Matins | Psalm,awakening to praise and repentance,,ps-26,ps-26,Patristic homily linkage is not present in this repo and must be joined from the site corpus when George pushes.
rid_4592fb05f153b21853d0,Ps 26:2-3 (LXX Ps 25:2-3),Ps 26:2-3,Ps 25:2-3,1,1,0,katameros_cycle,matins_psalm | matins_psalm,,,ps-26,ps-26,Patristic homily linkage is not present in this repo and must be joined from the site corpus when George pushes.
rid_c419ed7d00b479cbe849,Ps 26:3 (LXX Ps 25:3),Ps 26:3,Ps 25:3,16,16,0,copticchurch_date,Sunday of the sixth week of Great Lent | Matins | Psalm,awakening to praise and repentance,,ps-26,ps-26,Patristic homily linkage is not present in this repo and must be joined from the site corpus when George pushes.
rid_32208e36cd3b1776efa2,Ps 26:4 (LXX Ps 25:4),Ps 26:4,Ps 25:4,16,16,0,copticchurch_date,Wednesday of the third week of Great Lent | Matins | Psalm,awakening to praise and repentance,,ps-26,ps-26,Patristic homily linkage is not present in this repo and must be joined from the site corpus when George pushes.
rid_1b4e52cc3e7cb71dc55b,Ps 26:7 (LXX Ps 25:7),Ps 26:7,Ps 25:7,17,17,0,copticchurch_date; katameros_cycle,Tout 16 | Matins | Psalm,awakening to praise and repentance,,ps-26,ps-26,Patristic homily linkage is not present in this repo and must be joined from the site corpus when George pushes.
rid_2aee8f73a50c59de5f2f,Ps 26:8 (LXX Ps 25:8),Ps 26:8,Ps 25:8,17,17,0,copticchurch_date; katameros_cycle,Tout 16 | Matins | Psalm,awakening to praise and repentance,,ps-26,ps-26,Patristic homily linkage is not present in this repo and must be joined from the site corpus when George pushes.
rid_5c11eb9e7fcdbf575dc2,Ps 27 (LXX Ps 26),Ps 27,Ps 26,3,3,0,agpeya; special_service,First Hour (Prime / Morning Prayer) | First Hour (Prime / Morning Prayer) | psalm || Veil Prayer | Veil Prayer | psalm || altar_consecration | part_3 | part_3,,,ps-27,ps-27,Patristic homily linkage is not present in this repo and must be joined from the site corpus when George pushes.
rid_653ebdc7b04cb4c2ecd4,Ps 27:10 (LXX Ps 26:10),Ps 27:10,Ps 26:10,1,1,0,special_service,funeral | part_4 | part_4,,,ps-27,ps-27,Patristic homily linkage is not present in this repo and must be joined from the site corpus when George pushes.
rid_7fcb8d6c012c0e48fded,Ps 27:12 (LXX Ps 26:12),Ps 27:12,Ps 26:12,1,1,0,pascha_day_hour,Good Friday | First Hour | Psalm+Gospel,the beginning of the day and watchfulness,,ps-27,ps-27,Patristic homily linkage is not present in this repo and must be joined from the site corpus when George pushes.
rid_11319a9f8727e21ccf58,"Ps 27:12,35:11,35:12,35:16 (LXX Ps 26:12; Ps 34:11; Ps 34:12; Ps 34:16)","Ps 27:12,35:11,35:12,35:16",Ps 26:12; Ps 34:11; Ps 34:12; Ps 34:16,1,0,1,pascha_source_text,Good Friday | First Hour | Psalm,the beginning of the day and watchfulness,,ps-27,ps-27,Patristic homily linkage is not present in this repo and must be joined from the site corpus when George pushes.
rid_27adc71f2e15e144538d,Ps 27:13 (LXX Ps 26:13),Ps 27:13,Ps 26:13,1,1,0,katameros_cycle,vespers_psalm | vespers_psalm,,,ps-27,ps-27,Patristic homily linkage is not present in this repo and must be joined from the site corpus when George pushes.
rid_70f73e89dbacfdfaccc2,Ps 27:13-14 (LXX Ps 26:13-14),Ps 27:13-14,Ps 26:13-14,17,17,0,copticchurch_date; katameros_cycle,Monday of the second week of the holy fifty days | Vespers | Psalm,evening thanksgiving and watchfulness,,ps-27,ps-27,Patristic homily linkage is not present in this repo and must be joined from the site corpus when George pushes.
rid_270fd72d32197c6dad0d,Ps 27:14 (LXX Ps 26:14),Ps 27:14,Ps 26:14,14,14,0,copticchurch_date; katameros_cycle,Sunday of the fourth week of Great Lent | Vespers | Psalm,evening thanksgiving and watchfulness,,ps-27,ps-27,Patristic homily linkage is not present in this repo and must be joined from the site corpus when George pushes.
rid_504e3fd1cc0b096c32dc,Ps 27:2 (LXX Ps 26:2),Ps 27:2,Ps 26:2,13,13,0,copticchurch_date,The third Sunday of Mesra | Liturgy | Psalm,the Eucharistic gathering of the Church,,ps-27,ps-27,Patristic homily linkage is not present in this repo and must be joined from the site corpus when George pushes.
rid_b819eb71055bc3b85dec,"Ps 27:3,27:4 (LXX Ps 26:3; Ps 26:4)","Ps 27:3,27:4",Ps 26:3; Ps 26:4,1,1,0,pascha_day_hour,Great Thursday Eve | Ninth Hour | Psalm+Gospel,the saving death of Christ and repentance,,ps-27,ps-27,Patristic homily linkage is not present in this repo and must be joined from the site corpus when George pushes.
rid_f3b39c880ebae5975db0,Ps 27:4 (LXX Ps 26:4),Ps 27:4,Ps 26:4,1,1,0,katameros_cycle,matins_psalm | matins_psalm,,,ps-27,ps-27,Patristic homily linkage is not present in this repo and must be joined from the site corpus when George pushes.
rid_2c4cd6a5a9c9ab869ec2,Ps 27:6 (LXX Ps 26:6),Ps 27:6,Ps 26:6,13,13,0,copticchurch_date,The third Sunday of Mesra | Liturgy | Psalm,the Eucharistic gathering of the Church,,ps-27,ps-27,Patristic homily linkage is not present in this repo and must be joined from the site corpus when George pushes.
rid_7b5fd9e4b5ebbde3fa09,"Ps 27:6,27:7 (LXX Ps 26:6; Ps 26:7)","Ps 27:6,27:7",Ps 26:6; Ps 26:7,1,0,1,pascha_source_text,Monday Eve | First Hour | Psalm,the beginning of the day and watchfulness,,ps-27,ps-27,Patristic homily linkage is not present in this repo and must be joined from the site corpus when George pushes.
rid_3d9a9a78cda382fe1224,Ps 27:6-8 (LXX Ps 26:6-8),Ps 27:6-8,Ps 26:6-8,15,15,0,copticchurch_date; katameros_cycle,Saturday of the third week of Great Lent | Liturgy | Psalm,the Eucharistic gathering of the Church,,ps-27,ps-27,Patristic homily linkage is not present in this repo and must be joined from the site corpus when George pushes.
rid_ec6950b521140d35e58b,"Ps 27:7,27:8 (LXX Ps 26:7; Ps 26:8)","Ps 27:7,27:8",Ps 26:7; Ps 26:8,16,16,0,copticchurch_date,Monday of the fourth week of Great Lent | Matins | Psalm,awakening to praise and repentance,,ps-27,ps-27,Patristic homily linkage is not present in this repo and must be joined from the site corpus when George pushes.
rid_82427ac85ae37d78b591,Ps 27:7-8 (LXX Ps 26:7-8),Ps 27:7-8,Ps 26:7-8,18,18,0,copticchurch_date; katameros_cycle,Wednesday of the third week of Great Lent | Liturgy | Psalm,the Eucharistic gathering of the Church,,ps-27,ps-27,Patristic homily linkage is not present in this repo and must be joined from the site corpus when George pushes.
rid_368a541c82036c609653,Ps 27:8-10 (LXX Ps 26:8-10),Ps 27:8-10,Ps 26:8-10,16,16,0,copticchurch_date,Sunday of the second week of Great Lent | Liturgy | Psalm,the Eucharistic gathering of the Church,,ps-27,ps-27,Patristic homily linkage is not present in this repo and must be joined from the site corpus when George pushes.
rid_73a621b6f24ed178706e,Ps 27:8-9 (LXX Ps 26:8-9),Ps 27:8-9,Ps 26:8-9,1,1,0,katameros_cycle,liturgy_psalm | liturgy_psalm,,,ps-27,ps-27,Patristic homily linkage is not present in this repo and must be joined from the site corpus when George pushes.
rid_558f4c3df70e041c7bbe,Ps 28:1-2 (LXX Ps 27:1-2),Ps 28:1-2,Ps 27:1-2,16,16,0,copticchurch_date,Monday of the second week of Great Lent | Liturgy | Psalm,the Eucharistic gathering of the Church,,ps-28,ps-28,Patristic homily linkage is not present in this repo and must be joined from the site corpus when George pushes.
rid_87de5e3ee85b816b137f,Ps 28:2 (LXX Ps 27:2),Ps 28:2,Ps 27:2,18,18,0,copticchurch_date; katameros_cycle,Friday of the fourth week of Great Lent | Liturgy | Psalm,the Eucharistic gathering of the Church,,ps-28,ps-28,Patristic homily linkage is not present in this repo and must be joined from the site corpus when George pushes.
rid_2f2e71f89f23487080f4,"Ps 28:3,28:4,35:4 (LXX Ps 27:3; Ps 27:4; Ps 34:4)","Ps 28:3,28:4,35:4",Ps 27:3; Ps 27:4; Ps 34:4,1,0,1,pascha_source_text,Good Friday Eve | Ninth Hour | Psalm,the saving death of Christ and repentance,,ps-28,ps-28,Patristic homily linkage is not present in this repo and must be joined from the site corpus when George pushes.
rid_9c25c925946ffdeb0807,Ps 28:3-4 (LXX Ps 27:3-4),Ps 28:3-4,Ps 27:3-4,1,1,0,special_service,myron_consecration | matins | matins,,,ps-28,ps-28,Patristic homily linkage is not present in this repo and must be joined from the site corpus when George pushes.
rid_ab1f442f11a6cfdd8f91,Ps 28:6 (LXX Ps 27:6),Ps 28:6,Ps 27:6,1,1,0,katameros_cycle,Third Sunday of Misra | liturgy_psalm | liturgy_psalm,,,ps-28,ps-28,Patristic homily linkage is not present in this repo and must be joined from the site corpus when George pushes.
rid_6fbe32f6115c70bc350b,Ps 28:6-7 (LXX Ps 27:6-7),Ps 28:6-7,Ps 27:6-7,17,17,0,copticchurch_date; katameros_cycle,Friday of the fourth week of Great Lent | Matins | Psalm,awakening to praise and repentance,,ps-28,ps-28,Patristic homily linkage is not present in this repo and must be joined from the site corpus when George pushes.
rid_df3621665351604f3dca,Ps 28:8 (LXX Ps 27:8),Ps 28:8,Ps 27:8,17,17,0,copticchurch_date; katameros_cycle,Monday of the sixth week of the holy fifty days | Liturgy | Psalm,the Eucharistic gathering of the Church,,ps-28,ps-28,Patristic homily linkage is not present in this repo and must be joined from the site corpus when George pushes.
rid_9a7a01882f0715421f56,Ps 28:8-9 (LXX Ps 27:8-9),Ps 28:8-9,Ps 27:8-9,17,17,0,copticchurch_date; katameros_cycle,The fourth Sunday of Tout | Liturgy | Psalm,the Eucharistic gathering of the Church,,ps-28,ps-28,Patristic homily linkage is not present in this repo and must be joined from the site corpus when George pushes.
rid_f736a28725c230a545fd,Ps 28:9 (LXX Ps 27:9),Ps 28:9,Ps 27:9,34,34,0,copticchurch_date; katameros_cycle,Monday of the sixth week of the holy fifty days | Liturgy | Psalm,awakening to praise and repentance; the Eucharistic gathering of the Church,,ps-28,ps-28,Patristic homily linkage is not present in this repo and must be joined from the site corpus when George pushes.
rid_6082cb57cda84f2bf806,"Ps 28:9,28:2 (LXX Ps 27:9; Ps 27:2)","Ps 28:9,28:2",Ps 27:9; Ps 27:2,2,0,2,pascha_source_text,Monday Eve | Third Hour | Psalm || Tuesday Eve | Third Hour | Psalm,the descent of the Holy Spirit and the trial of the heart,,ps-28,ps-28,Patristic homily linkage is not present in this repo and must be joined from the site corpus when George pushes.
rid_433d8a46afac9918b11f,Ps 29 (LXX Ps 28),Ps 29,Ps 28,1,1,0,agpeya,Third Hour (Terce) | Third Hour (Terce) | psalm,,,ps-29,ps-29,Patristic homily linkage is not present in this repo and must be joined from the site corpus when George pushes.
rid_7d2db81fc4ff3fb89d84,"Ps 29:1,29:2 (LXX Ps 28:1; Ps 28:2)","Ps 29:1,29:2",Ps 28:1; Ps 28:2,2,0,2,pascha_source_text,Monday Eve | Sixth Hour | Psalm || Tuesday Eve | Sixth Hour | Psalm,the Cross and the Lord's willing suffering,,ps-29,ps-29,Patristic homily linkage is not present in this repo and must be joined from the site corpus when George pushes.
rid_bb075d6d55756034bb0b,Ps 29:1-2 (LXX Ps 28:1-2),Ps 29:1-2,Ps 28:1-2,1,1,0,katameros_cycle,liturgy_psalm | liturgy_psalm,,,ps-29,ps-29,Patristic homily linkage is not present in this repo and must be joined from the site corpus when George pushes.
rid_e85eb1bf5f2c5af4081b,Ps 29:10-11 (LXX Ps 28:10-11),Ps 29:10-11,Ps 28:10-11,30,30,0,copticchurch_date; katameros_cycle,Friday of the second week of Great Lent | Liturgy | Psalm,awakening to praise and repentance; the Eucharistic gathering of the Church,,ps-29,ps-29,Patristic homily linkage is not present in this repo and must be joined from the site corpus when George pushes.
rid_c6a5af6484d31b38f40f,Ps 29:3-4 (LXX Ps 28:3-4),Ps 29:3-4,Ps 28:3-4,18,18,0,copticchurch_date; katameros_cycle; special_service,The Feast of Epiphany | Matins | Psalm,awakening to praise and repentance,,ps-29,ps-29,Patristic homily linkage is not present in this repo and must be joined from the site corpus when George pushes.
rid_6e43995c594aaa1275b8,"Ps 2:1-2,2:4-5","Ps 2:1-2,2:4-5","Ps 2:1-2,2:4-5",1,0,1,pascha_source_text,Good Friday Eve | Eleventh Hour | Psalm,the late call to repentance and mercy,,ps-2,ps-2,Patristic homily linkage is not present in this repo and must be joined from the site corpus when George pushes.
rid_508ef855fc183ab65082,Ps 2:1-5,Ps 2:1-5,Ps 2:1-5,1,1,0,pascha_day_hour,Great Thursday Eve | Eleventh Hour | Psalm+Gospel,the late call to repentance and mercy,,ps-2,ps-2,Patristic homily linkage is not present in this repo and must be joined from the site corpus when George pushes.
rid_12c5a7306c40fa4d5b8e,Ps 2:10,Ps 2:10,Ps 2:10,16,16,0,copticchurch_date; katameros_cycle,Sunday of the week before Great Lent | Liturgy | Psalm,the Eucharistic gathering of the Church,,ps-2,ps-2,Patristic homily linkage is not present in this repo and must be joined from the site corpus when George pushes.
rid_cce155ddb776c3d15ddc,Ps 2:11,Ps 2:11,Ps 2:11,16,16,0,copticchurch_date; katameros_cycle,Sunday of the week before Great Lent | Liturgy | Psalm,the Eucharistic gathering of the Church,,ps-2,ps-2,Patristic homily linkage is not present in this repo and must be joined from the site corpus when George pushes.
rid_83e1efe4a41b6fe930d4,Ps 2:7-8,Ps 2:7-8,Ps 2:7-8,21,21,0,copticchurch_date; katameros_cycle,Christmas | Liturgy | Psalm,the Eucharistic gathering of the Church,,ps-2,ps-2,Patristic homily linkage is not present in this repo and must be joined from the site corpus when George pushes.
rid_900223c7e0bfd5ec0cd5,Ps 3,Ps 3,Ps 3,2,2,0,agpeya,First Hour (Prime / Morning Prayer) | First Hour (Prime / Morning Prayer) | psalm || Midnight Prayer - First Watch | Midnight Prayer - First Watch | psalm,,,ps-3,ps-3,Patristic homily linkage is not present in this repo and must be joined from the site corpus when George pushes.
rid_3c4be3bea821f587687e,Ps 30 (LXX Ps 29),Ps 30,Ps 29,2,2,0,agpeya,Third Hour (Terce) | Third Hour (Terce) | psalm || Veil Prayer | Veil Prayer | psalm,,,ps-30,ps-30,Patristic homily linkage is not present in this repo and must be joined from the site corpus when George pushes.
rid_55eed5f129eccb50440a,Ps 30:1-2 (LXX Ps 29:1-2),Ps 30:1-2,Ps 29:1-2,17,17,0,copticchurch_date; katameros_cycle,Friday of the first week of Great Lent | Matins | Psalm,awakening to praise and repentance,,ps-30,ps-30,Patristic homily linkage is not present in this repo and must be joined from the site corpus when George pushes.
rid_693ceead60edad11e284,Ps 30:10 (LXX Ps 29:10),Ps 30:10,Ps 29:10,1,1,0,katameros_cycle,First Sunday of Tut | vespers_psalm | vespers_psalm,,,ps-30,ps-30,Patristic homily linkage is not present in this repo and must be joined from the site corpus when George pushes.
rid_83e75d62ea7c67d9c9f8,Ps 30:3-11 (LXX Ps 29:3-11),Ps 30:3-11,Ps 29:3-11,1,1,0,katameros_cycle,Lazarus Saturday of Great Lent | matins_psalm | matins_psalm,,,ps-30,ps-30,Patristic homily linkage is not present in this repo and must be joined from the site corpus when George pushes.
rid_0b330a8e5afcc0fcd051,Ps 30:4 (LXX Ps 29:4),Ps 30:4,Ps 29:4,1,1,0,katameros_cycle,First Sunday of Tut | vespers_psalm | vespers_psalm,,,ps-30,ps-30,Patristic homily linkage is not present in this repo and must be joined from the site corpus when George pushes.
rid_8f304c8a6b3b1e2bf26d,"Ps 30:4,30:10 (LXX Ps 29:4; Ps 29:10)","Ps 30:4,30:10",Ps 29:4; Ps 29:10,16,16,0,copticchurch_date,The first Sunday of Tout | Vespers | Psalm,evening thanksgiving and watchfulness,,ps-30,ps-30,Patristic homily linkage is not present in this repo and must be joined from the site corpus when George pushes.
rid_5a55541cf8253dd804a7,Ps 30:5-7 (LXX Ps 29:5-7),Ps 30:5-7,Ps 29:5-7,17,17,0,copticchurch_date; katameros_cycle,Wednesday of the first week of the holy fifty days | Vespers | Psalm,evening thanksgiving and watchfulness,,ps-30,ps-30,Patristic homily linkage is not present in this repo and must be joined from the site corpus when George pushes.
rid_f4190d43081c8f120376,Ps 31:1 (LXX Ps 30:1),Ps 31:1,Ps 30:1,17,17,0,copticchurch_date; katameros_cycle,The first Sunday of Tout | Matins | Psalm,awakening to praise and repentance,,ps-31,ps-31,Patristic homily linkage is not present in this repo and must be joined from the site corpus when George pushes.
rid_48dfe9646ffb5a45054c,Ps 31:1-2 (LXX Ps 30:1-2),Ps 31:1-2,Ps 30:1-2,1,1,0,special_service,myron_consecration | matins | matins,,,ps-31,ps-31,Patristic homily linkage is not present in this repo and must be joined from the site corpus when George pushes.
rid_cc9fc905a63ca665f2db,Ps 31:10 (LXX Ps 30:10),Ps 31:10,Ps 30:10,15,15,0,copticchurch_date,Tuesday of the third week of Great Lent | Matins | Psalm,awakening to praise and repentance,,ps-31,ps-31,Patristic homily linkage is not present in this repo and must be joined from the site corpus when George pushes.
rid_174de3e07320e2617e1c,Ps 31:16-17 (LXX Ps 30:16-17),Ps 31:16-17,Ps 30:16-17,17,17,0,copticchurch_date; katameros_cycle,Thursday of the seventh week of the holy fifty days | Liturgy | Psalm,the Eucharistic gathering of the Church,,ps-31,ps-31,Patristic homily linkage is not present in this repo and must be joined from the site corpus when George pushes.
rid_c74f5af33be65e539e09,"Ps 31:18,31:13 (LXX Ps 30:18; Ps 30:13)","Ps 31:18,31:13",Ps 30:18; Ps 30:13,1,1,0,pascha_day_hour,Great Thursday | Sixth Hour | Psalm+Gospel,the Cross and the Lord's willing suffering,,ps-31,ps-31,Patristic homily linkage is not present in this repo and must be joined from the site corpus when George pushes.
rid_e585bebabe8f4a24e837,Ps 31:19 (LXX Ps 30:19),Ps 31:19,Ps 30:19,66,66,0,copticchurch_date; katameros_cycle,Mesra 26 | Vespers | Psalm,awakening to praise and repentance; evening thanksgiving and watchfulness; the Eucharistic gathering of the Church,,ps-31,ps-31,Patristic homily linkage is not present in this repo and must be joined from the site corpus when George pushes.
rid_422fbfe3ce63e66b1d75,Ps 31:23 (LXX Ps 30:23),Ps 31:23,Ps 30:23,34,34,0,copticchurch_date; katameros_cycle,Mesra 26 | Vespers | Psalm,awakening to praise and repentance; evening thanksgiving and watchfulness,,ps-31,ps-31,Patristic homily linkage is not present in this repo and must be joined from the site corpus when George pushes.
rid_46858567c6e77bfa24a1,Ps 31:24 (LXX Ps 30:24),Ps 31:24,Ps 30:24,14,14,0,copticchurch_date; katameros_cycle,Sunday of the fourth week of Great Lent | Matins | Psalm,awakening to praise and repentance,,ps-31,ps-31,Patristic homily linkage is not present in this repo and must be joined from the site corpus when George pushes.
rid_86c9a745e5f6a59c5bb1,Ps 31:26 (LXX Ps 30:26),Ps 31:26,Ps 30:26,16,16,0,copticchurch_date,The first Sunday of Tout | Liturgy | Psalm,the Eucharistic gathering of the Church,,ps-31,ps-31,Patristic homily linkage is not present in this repo and must be joined from the site corpus when George pushes.
rid_f666995b5f932bc4ad80,Ps 31:33 (LXX Ps 30:33),Ps 31:33,Ps 30:33,13,13,0,copticchurch_date,Sunday of the fourth week of Great Lent | Matins | Psalm,awakening to praise and repentance,,ps-31,ps-31,Patristic homily linkage is not present in this repo and must be joined from the site corpus when George pushes.
rid_b645bce981a16ea01931,Ps 31:5 (LXX Ps 30:5),Ps 31:5,Ps 30:5,1,1,0,pascha_day_hour,Good Friday | Eleventh Hour | Psalm+Gospel,the late call to repentance and mercy,,ps-31,ps-31,Patristic homily linkage is not present in this repo and must be joined from the site corpus when George pushes.
rid_cff3b20c2320a240540e,Ps 32:1 (LXX Ps 31:1),Ps 32:1,Ps 31:1,32,32,0,copticchurch_date,Saturday of the sixth week of Great Lent | Liturgy | Psalm,the Eucharistic gathering of the Church,,ps-32,ps-32,Patristic homily linkage is not present in this repo and must be joined from the site corpus when George pushes.
rid_ba8b9ebb4bc497c3bc29,Ps 32:1-2 (LXX Ps 31:1-2),Ps 32:1-2,Ps 31:1-2,35,35,0,copticchurch_date; katameros_cycle; special_service,Baba 14 | Liturgy | Psalm,awakening to praise and repentance; the Eucharistic gathering of the Church,,ps-32,ps-32,Patristic homily linkage is not present in this repo and must be joined from the site corpus when George pushes.
rid_3f7f2fa35957c2d0b3c4,Ps 32:10 (LXX Ps 31:10),Ps 32:10,Ps 31:10,1,1,0,katameros_cycle,matins_psalm | matins_psalm,,,ps-32,ps-32,Patristic homily linkage is not present in this repo and must be joined from the site corpus when George pushes.
rid_ffa2190a576fd234bab0,Ps 32:10-11 (LXX Ps 31:10-11),Ps 32:10-11,Ps 31:10-11,31,31,0,copticchurch_date; katameros_cycle,Friday of the seventh week of Great Lent | Matins | Psalm,awakening to praise and repentance,,ps-32,ps-32,Patristic homily linkage is not present in this repo and must be joined from the site corpus when George pushes.
rid_32bc5e1d68b32f0bee91,Ps 32:11 (LXX Ps 31:11),Ps 32:11,Ps 31:11,242,242,0,copticchurch_date; katameros_cycle,Abib 7 | Vespers | Psalm,evening thanksgiving and watchfulness,,ps-32,ps-32,Patristic homily linkage is not present in this repo and must be joined from the site corpus when George pushes.
rid_b35e77527eea46ab612b,Ps 32:2 (LXX Ps 31:2),Ps 32:2,Ps 31:2,16,16,0,copticchurch_date,Saturday of the sixth week of Great Lent | Liturgy | Psalm,the Eucharistic gathering of the Church,,ps-32,ps-32,Patristic homily linkage is not present in this repo and must be joined from the site corpus when George pushes.
rid_a0854475f5190421add9,Ps 32:2-3 (LXX Ps 31:2-3),Ps 32:2-3,Ps 31:2-3,16,16,0,copticchurch_date; katameros_cycle,Tuesday of the third week of Great Lent | Liturgy | Psalm,the Eucharistic gathering of the Church,,ps-32,ps-32,Patristic homily linkage is not present in this repo and must be joined from the site corpus when George pushes.
rid_8432cc59f5d51c552321,Ps 32:5 (LXX Ps 31:5),Ps 32:5,Ps 31:5,32,32,0,copticchurch_date; katameros_cycle,Monday of the third week of Great Lent | Liturgy | Psalm,the Eucharistic gathering of the Church,,ps-32,ps-32,Patristic homily linkage is not present in this repo and must be joined from the site corpus when George pushes.
rid_51c768882a9b44a7df4b,Ps 32:6 (LXX Ps 31:6),Ps 32:6,Ps 31:6,140,140,0,copticchurch_date; katameros_cycle,Abib 7 | Vespers | Psalm,evening thanksgiving and watchfulness,,ps-32,ps-32,Patristic homily linkage is not present in this repo and must be joined from the site corpus when George pushes.
rid_1787bbbeacaf6837283f,Ps 32:8 (LXX Ps 31:8),Ps 32:8,Ps 31:8,17,17,0,copticchurch_date; katameros_cycle,Saturday of the third week of the holy fifty days | Vespers | Psalm,evening thanksgiving and watchfulness,,ps-32,ps-32,Patristic homily linkage is not present in this repo and must be joined from the site corpus when George pushes.
rid_8362fc480566bba18f8a,Ps 33:1 (LXX Ps 32:1),Ps 33:1,Ps 32:1,195,195,0,copticchurch_date; katameros_cycle,Abib 7 | Matins | Psalm,awakening to praise and repentance,,ps-33,ps-33,Patristic homily linkage is not present in this repo and must be joined from the site corpus when George pushes.
rid_a66b899b7560404ddb7d,Ps 33:1-2 (LXX Ps 32:1-2),Ps 33:1-2,Ps 32:1-2,10,10,0,copticchurch_date,The second Sunday of Paona | Matins | Psalm,awakening to praise and repentance,,ps-33,ps-33,Patristic homily linkage is not present in this repo and must be joined from the site corpus when George pushes.
rid_e2e0dbf183569f4ac715,Ps 33:10 (LXX Ps 32:10),Ps 33:10,Ps 32:10,2,2,0,coptic_reader_fixture; pascha_day_hour,Wednesday | First Hour | Psalm+Gospel || Wednesday | First Hour | psalm,the beginning of the day and watchfulness,,ps-33,ps-33,Patristic homily linkage is not present in this repo and must be joined from the site corpus when George pushes.
rid_0646981a0fb56473abc0,"Ps 33:10,33:11 (LXX Ps 32:10; Ps 32:11)","Ps 33:10,33:11",Ps 32:10; Ps 32:11,2,2,0,pascha_day_hour,Monday Eve | Ninth Hour | Psalm+Gospel || Tuesday Eve | Ninth Hour | Psalm+Gospel,the saving death of Christ and repentance,,ps-33,ps-33,Patristic homily linkage is not present in this repo and must be joined from the site corpus when George pushes.
rid_2636aa0f9502858413e1,Ps 33:10-11 (LXX Ps 32:10-11),Ps 33:10-11,Ps 32:10-11,1,0,1,pascha_source_text,Tuesday Eve | Ninth Hour | Psalm,the saving death of Christ and repentance,,ps-33,ps-33,Patristic homily linkage is not present in this repo and must be joined from the site corpus when George pushes.
rid_78a462333d03b96e5072,Ps 33:12 (LXX Ps 32:12),Ps 33:12,Ps 32:12,184,184,0,copticchurch_date; katameros_cycle,Abib 7 | Matins | Psalm,awakening to praise and repentance,,ps-33,ps-33,Patristic homily linkage is not present in this repo and must be joined from the site corpus when George pushes.
rid_c43160a95b2eb245c8f7,Ps 33:18 (LXX Ps 32:18),Ps 33:18,Ps 32:18,15,15,0,copticchurch_date; katameros_cycle,The first Sunday of Mesra | Vespers | Psalm,evening thanksgiving and watchfulness,,ps-33,ps-33,Patristic homily linkage is not present in this repo and must be joined from the site corpus when George pushes.
rid_a43d5e8d6fe354391736,Ps 33:20-21 (LXX Ps 32:20-21),Ps 33:20-21,Ps 32:20-21,49,49,0,copticchurch_date; katameros_cycle,The first Sunday of Mesra | Matins | Psalm,awakening to praise and repentance; the Eucharistic gathering of the Church,,ps-33,ps-33,Patristic homily linkage is not present in this repo and must be joined from the site corpus when George pushes.
rid_a433b95115022db884be,Ps 33:22 (LXX Ps 32:22),Ps 33:22,Ps 32:22,15,15,0,copticchurch_date; katameros_cycle,The first Sunday of Mesra | Vespers | Psalm,evening thanksgiving and watchfulness,,ps-33,ps-33,Patristic homily linkage is not present in this repo and must be joined from the site corpus when George pushes.
rid_f40d44b1555a0891acdf,Ps 33:3 (LXX Ps 32:3),Ps 33:3,Ps 32:3,1,1,0,katameros_cycle,Reading for Thomas Sunday | vespers_psalm | vespers_psalm,,,ps-33,ps-33,Patristic homily linkage is not present in this repo and must be joined from the site corpus when George pushes.
rid_40fc97e8b4ca656b018b,"Ps 33:3,33:4 (LXX Ps 32:3; Ps 32:4)","Ps 33:3,33:4",Ps 32:3; Ps 32:4,16,16,0,copticchurch_date,Thomas Sunday | Vespers | Psalm,evening thanksgiving and watchfulness,,ps-33,ps-33,Patristic homily linkage is not present in this repo and must be joined from the site corpus when George pushes.
rid_a3f9f3a72421beb32d36,Ps 33:4 (LXX Ps 32:4),Ps 33:4,Ps 32:4,1,1,0,katameros_cycle,Reading for Thomas Sunday | vespers_psalm | vespers_psalm,,,ps-33,ps-33,Patristic homily linkage is not present in this repo and must be joined from the site corpus when George pushes.
rid_fd6a75debe7087043bbf,Ps 33:4-5 (LXX Ps 32:4-5),Ps 33:4-5,Ps 32:4-5,17,17,0,copticchurch_date; katameros_cycle,The fourth Sunday of Tout | Vespers | Psalm,evening thanksgiving and watchfulness,,ps-33,ps-33,Patristic homily linkage is not present in this repo and must be joined from the site corpus when George pushes.
rid_f09dc69c45956ea2afa2,Ps 33:5 (LXX Ps 32:5),Ps 33:5,Ps 32:5,16,16,0,copticchurch_date,Saturday of the seventh week of the holy fifty days | Matins | Psalm,awakening to praise and repentance,,ps-33,ps-33,Patristic homily linkage is not present in this repo and must be joined from the site corpus when George pushes.
rid_baf5c06fe64501b81dec,Ps 33:5-6 (LXX Ps 32:5-6),Ps 33:5-6,Ps 32:5-6,16,16,0,copticchurch_date; katameros_cycle,Sunday of the fifth week of Great Lent | Liturgy | Psalm,the Eucharistic gathering of the Church,,ps-33,ps-33,Patristic homily linkage is not present in this repo and must be joined from the site corpus when George pushes.
rid_de1f54585c672ba1bb5c,Ps 33:6 (LXX Ps 32:6),Ps 33:6,Ps 32:6,30,30,0,copticchurch_date; katameros_cycle,Hator 8 | Matins | Psalm,awakening to praise and repentance,,ps-33,ps-33,Patristic homily linkage is not present in this repo and must be joined from the site corpus when George pushes.
rid_8deada2789dcc9bf3ba7,Ps 33:9 (LXX Ps 32:9),Ps 33:9,Ps 32:9,14,14,0,copticchurch_date; katameros_cycle,Hator 8 | Matins | Psalm,awakening to praise and repentance,,ps-33,ps-33,Patristic homily linkage is not present in this repo and must be joined from the site corpus when George pushes.
rid_86ed673c600fba3bfb18,Ps 34 (LXX Ps 33),Ps 34,Ps 33,1,1,0,agpeya,Third Hour (Terce) | Third Hour (Terce) | psalm,,,ps-34,ps-34,Patristic homily linkage is not present in this repo and must be joined from the site corpus when George pushes.
rid_c0650cd49c7d1b695a6d,Ps 34:1-2 (LXX Ps 33:1-2),Ps 34:1-2,Ps 33:1-2,18,18,0,copticchurch_date; katameros_cycle,The first Sunday of Baba | Liturgy | Psalm,the Eucharistic gathering of the Church,,ps-34,ps-34,Patristic homily linkage is not present in this repo and must be joined from the site corpus when George pushes.
rid_15b7f83ae45b07f05073,Ps 34:11 (LXX Ps 33:11),Ps 34:11,Ps 33:11,17,17,0,copticchurch_date; katameros_cycle,The Second Day of Feast of Epiphany | Matins | Psalm,awakening to praise and repentance,,ps-34,ps-34,Patristic homily linkage is not present in this repo and must be joined from the site corpus when George pushes.
rid_319b329ecbcc6aa30932,Ps 34:15 (LXX Ps 33:15),Ps 34:15,Ps 33:15,9,9,0,copticchurch_date; katameros_cycle,Paona 2 | Liturgy | Psalm || liturgy_psalm | liturgy_psalm,the Eucharistic gathering of the Church,,ps-34,ps-34,Patristic homily linkage is not present in this repo and must be joined from the site corpus when George pushes.
rid_5c29e824d04850f4a428,"Ps 34:17,34:18 (LXX Ps 33:17; Ps 33:18)","Ps 34:17,34:18",Ps 33:17; Ps 33:18,78,78,0,copticchurch_date,Abib 27 | Vespers | Psalm,evening thanksgiving and watchfulness,,ps-34,ps-34,Patristic homily linkage is not present in this repo and must be joined from the site corpus when George pushes.
rid_9004e1a1c103d2426194,Ps 34:17-18 (LXX Ps 33:17-18),Ps 34:17-18,Ps 33:17-18,9,9,0,katameros_cycle,vespers_psalm | vespers_psalm,,,ps-34,ps-34,Patristic homily linkage is not present in this repo and must be joined from the site corpus when George pushes.
rid_3c167f0839c0c1e70a74,Ps 34:19 (LXX Ps 33:19),Ps 34:19,Ps 33:19,163,163,0,copticchurch_date; katameros_cycle,Abib 27 | Matins | Psalm,awakening to praise and repentance; the Eucharistic gathering of the Church,,ps-34,ps-34,Patristic homily linkage is not present in this repo and must be joined from the site corpus when George pushes.
rid_aa342d8a21a0ede1e723,Ps 34:19-20 (LXX Ps 33:19-20),Ps 34:19-20,Ps 33:19-20,378,378,0,copticchurch_date; katameros_cycle,Abib 12 | Liturgy | Psalm,awakening to praise and repentance; evening thanksgiving and watchfulness; the Eucharistic gathering of the Church,,ps-34,ps-34,Patristic homily linkage is not present in this repo and must be joined from the site corpus when George pushes.
rid_8ebade2d12eaa0cc40ad,Ps 34:20 (LXX Ps 33:20),Ps 34:20,Ps 33:20,86,86,0,copticchurch_date,Abib 27 | Matins | Psalm,awakening to praise and repentance; the Eucharistic gathering of the Church,,ps-34,ps-34,Patristic homily linkage is not present in this repo and must be joined from the site corpus when George pushes.
rid_c3d6dcbd430e365fc471,Ps 34:4 (LXX Ps 33:4),Ps 34:4,Ps 33:4,17,17,0,copticchurch_date; katameros_cycle,Friday of the sixth week of Great Lent | Liturgy | Psalm,the Eucharistic gathering of the Church,,ps-34,ps-34,Patristic homily linkage is not present in this repo and must be joined from the site corpus when George pushes.
rid_5f7a9897d45714898ee8,"Ps 34:4,34:5 (LXX Ps 33:4; Ps 33:5)","Ps 34:4,34:5",Ps 33:4; Ps 33:5,1,1,0,pascha_day_hour,Great Thursday Eve | Ninth Hour | Psalm+Gospel,the saving death of Christ and repentance,,ps-34,ps-34,Patristic homily linkage is not present in this repo and must be joined from the site corpus when George pushes.
rid_5ae66091f4a150dbbd25,Ps 34:5 (LXX Ps 33:5),Ps 34:5,Ps 33:5,66,66,0,copticchurch_date; katameros_cycle,Friday of the sixth week of Great Lent | Liturgy | Psalm,awakening to praise and repentance; the Eucharistic gathering of the Church,,ps-34,ps-34,Patristic homily linkage is not present in this repo and must be joined from the site corpus when George pushes.
rid_4a11001fd62cfb531d3b,Ps 34:7 (LXX Ps 33:7),Ps 34:7,Ps 33:7,15,15,0,copticchurch_date; katameros_cycle,Mesra 25 | Matins | Psalm,awakening to praise and repentance,,ps-34,ps-34,Patristic homily linkage is not present in this repo and must be joined from the site corpus when George pushes.
rid_c43dcd0d5dd5b0af7024,Ps 34:7-8 (LXX Ps 33:7-8),Ps 34:7-8,Ps 33:7-8,45,45,0,copticchurch_date; katameros_cycle; special_service,Kiak 22 | Vespers | Psalm,evening thanksgiving and watchfulness,,ps-34,ps-34,Patristic homily linkage is not present in this repo and must be joined from the site corpus when George pushes.
rid_9cb4bcd61c5a8ea96883,Ps 34:8 (LXX Ps 33:8),Ps 34:8,Ps 33:8,17,17,0,copticchurch_date; katameros_cycle,Tuesday of the fifth week of the holy fifty days | Liturgy | Psalm,the Eucharistic gathering of the Church,,ps-34,ps-34,Patristic homily linkage is not present in this repo and must be joined from the site corpus when George pushes.
rid_74a160c3bfe8e762798d,Ps 35:1 (LXX Ps 34:1),Ps 35:1,Ps 34:1,15,15,0,copticchurch_date,Monday of the sixth week of Great Lent | Liturgy | Psalm,the Eucharistic gathering of the Church,,ps-35,ps-35,Patristic homily linkage is not present in this repo and must be joined from the site corpus when George pushes.
rid_820d690bf91bf530f9c5,Ps 35:1-2 (LXX Ps 34:1-2),Ps 35:1-2,Ps 34:1-2,1,1,0,katameros_cycle,liturgy_psalm | liturgy_psalm,,,ps-35,ps-35,Patristic homily linkage is not present in this repo and must be joined from the site corpus when George pushes.
rid_f0b38e5697579f965686,Ps 35:10 (LXX Ps 34:10),Ps 35:10,Ps 34:10,1,1,0,katameros_cycle,vespers_psalm | vespers_psalm,,,ps-35,ps-35,Patristic homily linkage is not present in this repo and must be joined from the site corpus when George pushes.
rid_a41eb7334d71a841606b,"Ps 35:10,35:27 (LXX Ps 34:10; Ps 34:27)","Ps 35:10,35:27",Ps 34:10; Ps 34:27,8,8,0,copticchurch_date,Paona 2 | Vespers | Psalm,evening thanksgiving and watchfulness,,ps-35,ps-35,Patristic homily linkage is not present in this repo and must be joined from the site corpus when George pushes.
rid_469168f2d5c28d3b12e4,"Ps 35:11,35:12,35:16 (LXX Ps 34:11; Ps 34:12; Ps 34:16)","Ps 35:11,35:12,35:16",Ps 34:11; Ps 34:12; Ps 34:16,1,1,0,pascha_day_hour,Good Friday | First Hour | Psalm+Gospel,the beginning of the day and watchfulness,,ps-35,ps-35,Patristic homily linkage is not present in this repo and must be joined from the site corpus when George pushes.
rid_1d047bfc8aac537ca5a9,Ps 35:13 (LXX Ps 34:13),Ps 35:13,Ps 34:13,17,17,0,copticchurch_date; katameros_cycle,Tuesday of the sixth week of Great Lent | Matins | Psalm,awakening to praise and repentance,,ps-35,ps-35,Patristic homily linkage is not present in this repo and must be joined from the site corpus when George pushes.
rid_1c17b2f7f8fa3602fb54,Ps 35:18 (LXX Ps 34:18),Ps 35:18,Ps 34:18,17,17,0,copticchurch_date; katameros_cycle,The fourth Sunday of Baba | Matins | Psalm,awakening to praise and repentance,,ps-35,ps-35,Patristic homily linkage is not present in this repo and must be joined from the site corpus when George pushes.
rid_0156861ee97b83960ec8,Ps 35:2 (LXX Ps 34:2),Ps 35:2,Ps 34:2,15,15,0,copticchurch_date,Monday of the sixth week of Great Lent | Liturgy | Psalm,the Eucharistic gathering of the Church,,ps-35,ps-35,Patristic homily linkage is not present in this repo and must be joined from the site corpus when George pushes.
rid_9f6b7d68e7861409bc3e,Ps 35:27 (LXX Ps 34:27),Ps 35:27,Ps 34:27,1,1,0,katameros_cycle,vespers_psalm | vespers_psalm,,,ps-35,ps-35,Patristic homily linkage is not present in this repo and must be joined from the site corpus when George pushes.
rid_96f6f2d4821696a46495,Ps 35:28 (LXX Ps 34:28),Ps 35:28,Ps 34:28,17,17,0,copticchurch_date; katameros_cycle,The fourth Sunday of Baba | Matins | Psalm,awakening to praise and repentance,,ps-35,ps-35,Patristic homily linkage is not present in this repo and must be joined from the site corpus when George pushes.
rid_672945f37fe048e6a65c,Ps 36:5 (LXX Ps 35:5),Ps 36:5,Ps 35:5,16,16,0,copticchurch_date,Saturday of the fifth week of the holy fifty days | Matins | Psalm,awakening to praise and repentance,,ps-36,ps-36,Patristic homily linkage is not present in this repo and must be joined from the site corpus when George pushes.
rid_bb7f30bbbe62390f4ba9,Ps 36:5-6 (LXX Ps 35:5-6),Ps 36:5-6,Ps 35:5-6,1,1,0,katameros_cycle,matins_psalm | matins_psalm,,,ps-36,ps-36,Patristic homily linkage is not present in this repo and must be joined from the site corpus when George pushes.
rid_46ed8e33c0ca437d34a1,Ps 36:6 (LXX Ps 35:6),Ps 36:6,Ps 35:6,16,16,0,copticchurch_date,Saturday of the fifth week of the holy fifty days | Matins | Psalm,awakening to praise and repentance,,ps-36,ps-36,Patristic homily linkage is not present in this repo and must be joined from the site corpus when George pushes.
rid_b2223e901b447d5821a0,Ps 36:9-10 (LXX Ps 35:9-10),Ps 36:9-10,Ps 35:9-10,17,17,0,copticchurch_date; katameros_cycle,The fourth Sunday of Toba | Liturgy | Psalm,the Eucharistic gathering of the Church,,ps-36,ps-36,Patristic homily linkage is not present in this repo and must be joined from the site corpus when George pushes.
rid_81a8b1975f9934dde128,Ps 37:17 (LXX Ps 36:17),Ps 37:17,Ps 36:17,123,123,0,copticchurch_date; katameros_cycle,Amshir 12 | Matins | Psalm || Amshir 19 | Matins | Psalm,awakening to praise and repentance,,ps-37,ps-37,Patristic homily linkage is not present in this repo and must be joined from the site corpus when George pushes.
rid_c732cadb980192a2da09,"Ps 37:17,37:18,37:29 (LXX Ps 36:17; Ps 36:18; Ps 36:29)","Ps 37:17,37:18,37:29",Ps 36:17; Ps 36:18; Ps 36:29,14,14,0,copticchurch_date,Paona 29 | Matins | Psalm,awakening to praise and repentance,,ps-37,ps-37,Patristic homily linkage is not present in this repo and must be joined from the site corpus when George pushes.
rid_3ba5850f7b942b7ab758,Ps 37:17-18 (LXX Ps 36:17-18),Ps 37:17-18,Ps 36:17-18,15,15,0,copticchurch_date; katameros_cycle,Nasie 1 | Matins | Psalm,awakening to praise and repentance,,ps-37,ps-37,Patristic homily linkage is not present in this repo and must be joined from the site corpus when George pushes.
rid_27bc36e02ede607645fb,Ps 37:18 (LXX Ps 36:18),Ps 37:18,Ps 36:18,123,123,0,copticchurch_date; katameros_cycle,Amshir 12 | Matins | Psalm || Amshir 19 | Matins | Psalm,awakening to praise and repentance,,ps-37,ps-37,Patristic homily linkage is not present in this repo and must be joined from the site corpus when George pushes.
rid_c66342a4dc2edb3ebc3d,"Ps 37:21,37:22,21:16,21:17,21:8,21:9 (LXX Ps 36:21; Ps 36:22; Ps 20:16; Ps 20:17; Ps 20:8; Ps 20:9)","Ps 37:21,37:22,21:16,21:17,21:8,21:9",Ps 36:21; Ps 36:22; Ps 20:16; Ps 20:17; Ps 20:8; Ps 20:9,1,0,1,pascha_source_text,Good Friday | Sixth Hour | Psalm,the Cross and the Lord's willing suffering,,ps-37,ps-37,Patristic homily linkage is not present in this repo and must be joined from the site corpus when George pushes.
rid_f14970c9a2e993e6ca20,Ps 37:22-23 (LXX Ps 36:22-23),Ps 37:22-23,Ps 36:22-23,15,15,0,copticchurch_date,The third Sunday of Paona | Matins | Psalm,awakening to praise and repentance,,ps-37,ps-37,Patristic homily linkage is not present in this repo and must be joined from the site corpus when George pushes.
rid_69313e181fb494b15271,Ps 37:29 (LXX Ps 36:29),Ps 37:29,Ps 36:29,123,123,0,copticchurch_date; katameros_cycle,Amshir 12 | Matins | Psalm || Amshir 19 | Matins | Psalm,awakening to praise and repentance,,ps-37,ps-37,Patristic homily linkage is not present in this repo and must be joined from the site corpus when George pushes.
rid_ddc369a7ca5f6f82f379,Ps 37:3-4 (LXX Ps 36:3-4),Ps 37:3-4,Ps 36:3-4,16,16,0,copticchurch_date,The second Sunday of Baba | Vespers | Psalm,evening thanksgiving and watchfulness,,ps-37,ps-37,Patristic homily linkage is not present in this repo and must be joined from the site corpus when George pushes.
rid_e969ba31f7ef7c781571,Ps 37:30-31 (LXX Ps 36:30-31),Ps 37:30-31,Ps 36:30-31,152,152,0,copticchurch_date; katameros_cycle,Amshir 12 | Liturgy | Psalm || Amshir 19 | Liturgy | Psalm,the Eucharistic gathering of the Church,,ps-37,ps-37,Patristic homily linkage is not present in this repo and must be joined from the site corpus when George pushes.
rid_e84ba75fb7fc47c3fc63,Ps 37:39-40 (LXX Ps 36:39-40),Ps 37:39-40,Ps 36:39-40,118,118,0,copticchurch_date; katameros_cycle,Abib 21 | Matins | Psalm,awakening to praise and repentance; evening thanksgiving and watchfulness,,ps-37,ps-37,Patristic homily linkage is not present in this repo and must be joined from the site corpus when George pushes.
rid_ce470f1220aceb12b846,Ps 38:1-2 (LXX Ps 37:1-2),Ps 38:1-2,Ps 37:1-2,1,1,0,special_service,unction_of_the_sick | third_prayer | third_prayer,,,ps-38,ps-38,Patristic homily linkage is not present in this repo and must be joined from the site corpus when George pushes.
rid_2d5a3da8c3b92e2d612b,Ps 38:11 (LXX Ps 37:11),Ps 38:11,Ps 37:11,16,16,0,copticchurch_date,Monday of the second week of Great Lent | Matins | Psalm,awakening to praise and repentance,,ps-38,ps-38,Patristic homily linkage is not present in this repo and must be joined from the site corpus when George pushes.
rid_9949d8e1b0ff05567954,Ps 38:15 (LXX Ps 37:15),Ps 38:15,Ps 37:15,16,16,0,copticchurch_date; katameros_cycle,The third Sunday of Paona | Vespers | Psalm,evening thanksgiving and watchfulness,,ps-38,ps-38,Patristic homily linkage is not present in this repo and must be joined from the site corpus when George pushes.
rid_221d40bdd395f63e0153,Ps 38:17 (LXX Ps 37:17),Ps 38:17,Ps 37:17,1,1,0,pascha_day_hour,Good Friday | Third Hour | Psalm+Gospel,the descent of the Holy Spirit and the trial of the heart,,ps-38,ps-38,Patristic homily linkage is not present in this repo and must be joined from the site corpus when George pushes.
rid_b24929d61a0004cdbe37,Ps 38:18 (LXX Ps 37:18),Ps 38:18,Ps 37:18,15,15,0,copticchurch_date,Tuesday of the seventh week of Great Lent | Matins | Psalm,awakening to praise and repentance,,ps-38,ps-38,Patristic homily linkage is not present in this repo and must be joined from the site corpus when George pushes.
rid_9bbac1c68abe911f06f2,Ps 38:18-19 (LXX Ps 37:18-19),Ps 38:18-19,Ps 37:18-19,1,1,0,katameros_cycle,matins_psalm | matins_psalm,,,ps-38,ps-38,Patristic homily linkage is not present in this repo and must be joined from the site corpus when George pushes.
rid_8e27cebd533365afa161,Ps 38:19 (LXX Ps 37:19),Ps 38:19,Ps 37:19,15,15,0,copticchurch_date,Tuesday of the seventh week of Great Lent | Matins | Psalm,awakening to praise and repentance,,ps-38,ps-38,Patristic homily linkage is not present in this repo and must be joined from the site corpus when George pushes.
rid_0fde54beaf44a6f25529,"Ps 38:21,38:22 (LXX Ps 37:21; Ps 37:22)","Ps 38:21,38:22",Ps 37:21; Ps 37:22,1,1,0,pascha_day_hour,Good Friday | Sixth Hour | Psalm+Gospel,the Cross and the Lord's willing suffering,,ps-38,ps-38,Patristic homily linkage is not present in this repo and must be joined from the site corpus when George pushes.
rid_655bbf60c64b7ed7091d,Ps 38:21-22 (LXX Ps 37:21-22),Ps 38:21-22,Ps 37:21-22,2,2,0,katameros_cycle; special_service,Third Sunday of Baunahh | matins_psalm | matins_psalm || funeral | part_6 | part_6,,,ps-38,ps-38,Patristic homily linkage is not present in this repo and must be joined from the site corpus when George pushes.
rid_85dc8fcd0f5230590471,Ps 38:9 (LXX Ps 37:9),Ps 38:9,Ps 37:9,16,16,0,copticchurch_date; katameros_cycle,Monday of the sixth week of Great Lent | Matins | Psalm,awakening to praise and repentance,,ps-38,ps-38,Patristic homily linkage is not present in this repo and must be joined from the site corpus when George pushes.
rid_daa30295ec35beb592a1,Ps 39:12 (LXX Ps 38:12),Ps 39:12,Ps 38:12,32,32,0,copticchurch_date; katameros_cycle,Sunday of the fifth week of Great Lent | Vespers | Psalm,evening thanksgiving and watchfulness; the Eucharistic gathering of the Church,,ps-39,ps-39,Patristic homily linkage is not present in this repo and must be joined from the site corpus when George pushes.
rid_a3ec72d777ea14c18467,Ps 39:12-13 (LXX Ps 38:12-13),Ps 39:12-13,Ps 38:12-13,1,1,0,special_service,funeral | part_5 | part_5,,,ps-39,ps-39,Patristic homily linkage is not present in this repo and must be joined from the site corpus when George pushes.
rid_1fb56932cb611c57ea6a,"Ps 3:5,3:3","Ps 3:5,3:3","Ps 3:5,3:3",2,2,0,bright_saturday_service_order; pascha_day_hour,Bright Saturday | Liturgy | Psalm + Gospel || Bright Saturday | Liturgy | Psalm+Gospel,the Eucharistic gathering of the Church,,ps-3,ps-3,Patristic homily linkage is not present in this repo and must be joined from the site corpus when George pushes.
rid_1670d60872fc3c802ff5,Ps 4,Ps 4,Ps 4,2,2,0,agpeya,First Hour (Prime / Morning Prayer) | First Hour (Prime / Morning Prayer) | psalm || Veil Prayer | Veil Prayer | psalm,,,ps-4,ps-4,Patristic homily linkage is not present in this repo and must be joined from the site corpus when George pushes.
rid_deefd52ee123389ca7b0,Ps 40:1-2 (LXX Ps 39:1-2),Ps 40:1-2,Ps 39:1-2,16,16,0,copticchurch_date,The second Sunday of Abib | Matins | Psalm,awakening to praise and repentance,,ps-40,ps-40,Patristic homily linkage is not present in this repo and must be joined from the site corpus when George pushes.
rid_b666dc5b317abdf34ebf,Ps 40:11 (LXX Ps 39:11),Ps 40:11,Ps 39:11,1,1,0,katameros_cycle,matins_psalm | matins_psalm,,,ps-40,ps-40,Patristic homily linkage is not present in this repo and must be joined from the site corpus when George pushes.
rid_b2707eaf5ce0264cd7e1,Ps 40:13 (LXX Ps 39:13),Ps 40:13,Ps 39:13,17,17,0,copticchurch_date; katameros_cycle,Wednesday of the sixth week of the holy fifty days | Liturgy | Psalm,the Eucharistic gathering of the Church,,ps-40,ps-40,Patristic homily linkage is not present in this repo and must be joined from the site corpus when George pushes.
rid_451f85b683313506da2f,Ps 40:16 (LXX Ps 39:16),Ps 40:16,Ps 39:16,17,17,0,copticchurch_date; katameros_cycle,The fourth Sunday of Abib | Liturgy | Psalm,the Eucharistic gathering of the Church,,ps-40,ps-40,Patristic homily linkage is not present in this repo and must be joined from the site corpus when George pushes.
rid_861fe55c42f2281058fe,Ps 40:17 (LXX Ps 39:17),Ps 40:17,Ps 39:17,17,17,0,copticchurch_date; katameros_cycle,Wednesday of the sixth week of the holy fifty days | Liturgy | Psalm,the Eucharistic gathering of the Church,,ps-40,ps-40,Patristic homily linkage is not present in this repo and must be joined from the site corpus when George pushes.
rid_87dc5038c84179143acc,Ps 40:2 (LXX Ps 39:2),Ps 40:2,Ps 39:2,76,76,0,copticchurch_date; katameros_cycle,Abib 2 | Vespers | Psalm,evening thanksgiving and watchfulness,,ps-40,ps-40,Patristic homily linkage is not present in this repo and must be joined from the site corpus when George pushes.
rid_44dfd507e3fa543925a5,Ps 40:2-3 (LXX Ps 39:2-3),Ps 40:2-3,Ps 39:2-3,99,99,0,copticchurch_date; katameros_cycle,Abib 15 | Vespers | Psalm,evening thanksgiving and watchfulness,,ps-40,ps-40,Patristic homily linkage is not present in this repo and must be joined from the site corpus when George pushes.
rid_b232c0bf3372302fa5a2,Ps 40:5 (LXX Ps 39:5),Ps 40:5,Ps 39:5,17,17,0,copticchurch_date; katameros_cycle,The fourth Sunday of Abib | Liturgy | Psalm,the Eucharistic gathering of the Church,,ps-40,ps-40,Patristic homily linkage is not present in this repo and must be joined from the site corpus when George pushes.
rid_61814ab912913a4d20e3,Ps 40:9 (LXX Ps 39:9),Ps 40:9,Ps 39:9,76,76,0,copticchurch_date; katameros_cycle,Abib 2 | Vespers | Psalm,evening thanksgiving and watchfulness,,ps-40,ps-40,Patristic homily linkage is not present in this repo and must be joined from the site corpus when George pushes.
rid_55073c018780db46b621,Ps 40:9-10 (LXX Ps 39:9-10),Ps 40:9-10,Ps 39:9-10,16,16,0,copticchurch_date; katameros_cycle,Baba 12 | Matins | Psalm,awakening to praise and repentance,,ps-40,ps-40,Patristic homily linkage is not present in this repo and must be joined from the site corpus when George pushes.
rid_56d300dfc6a8c8404558,Ps 41 (LXX Ps 40),Ps 41,Ps 40,1,1,0,agpeya,Third Hour (Terce) | Third Hour (Terce) | psalm,,,ps-41,ps-41,Patristic homily linkage is not present in this repo and must be joined from the site corpus when George pushes.
rid_fdf180877f15f134d639,Ps 41:1 (LXX Ps 40:1),Ps 41:1,Ps 40:1,16,16,0,copticchurch_date; katameros_cycle,Tuesday of the second week of Great Lent | Liturgy | Psalm,the Eucharistic gathering of the Church,,ps-41,ps-41,Patristic homily linkage is not present in this repo and must be joined from the site corpus when George pushes.
rid_6b7f8a8a39561c5cb5ff,"Ps 41:1,41:2 (LXX Ps 40:1; Ps 40:2)","Ps 41:1,41:2",Ps 40:1; Ps 40:2,16,16,0,copticchurch_date,Wednesday of the second week of the holy fifty days | Vespers | Psalm,evening thanksgiving and watchfulness,,ps-41,ps-41,Patristic homily linkage is not present in this repo and must be joined from the site corpus when George pushes.
rid_46e57842ba126ea718b7,Ps 41:1-2 (LXX Ps 40:1-2),Ps 41:1-2,Ps 40:1-2,1,1,0,katameros_cycle,Second Sunday of Abib | matins_psalm | matins_psalm,,,ps-41,ps-41,Patristic homily linkage is not present in this repo and must be joined from the site corpus when George pushes.
rid_9a9fae178e11732d915c,"Ps 41:10,41:5 (LXX Ps 40:10; Ps 40:5)","Ps 41:10,41:5",Ps 40:10; Ps 40:5,1,1,0,bright_saturday_service_order,Bright Saturday | 9th Hour | Psalm + Gospel,,,ps-41,ps-41,Patristic homily linkage is not present in this repo and must be joined from the site corpus when George pushes.
rid_87a2afbb157ba71ff257,Ps 41:12 (LXX Ps 40:12),Ps 41:12,Ps 40:12,12,12,0,copticchurch_date; katameros_cycle,The first Sunday of Nasie | Vespers | Psalm || Sunday of Nasie | vespers_psalm | vespers_psalm,evening thanksgiving and watchfulness,,ps-41,ps-41,Patristic homily linkage is not present in this repo and must be joined from the site corpus when George pushes.
rid_104b8b36f4a0e81379e1,Ps 41:13 (LXX Ps 40:13),Ps 41:13,Ps 40:13,28,28,0,copticchurch_date; katameros_cycle,The first Sunday of Nasie | Vespers | Psalm || Tuesday of the second week of Great Lent | Matins | Psalm,awakening to praise and repentance; evening thanksgiving and watchfulness,,ps-41,ps-41,Patristic homily linkage is not present in this repo and must be joined from the site corpus when George pushes.
rid_24b546792e756182e162,Ps 41:2 (LXX Ps 40:2),Ps 41:2,Ps 40:2,1,1,0,katameros_cycle,vespers_psalm | vespers_psalm,,,ps-41,ps-41,Patristic homily linkage is not present in this repo and must be joined from the site corpus when George pushes.
rid_23f65775f321afebf9a4,Ps 41:4 (LXX Ps 40:4),Ps 41:4,Ps 40:4,16,16,0,copticchurch_date; katameros_cycle,Tuesday of the second week of Great Lent | Matins | Psalm,awakening to praise and repentance,,ps-41,ps-41,Patristic homily linkage is not present in this repo and must be joined from the site corpus when George pushes.
rid_dacc0ef488f6aaeb8c7d,Ps 41:5-6 (LXX Ps 40:5-6),Ps 41:5-6,Ps 40:5-6,1,0,0,pascha_day_hour,Wednesday | Ninth Hour | Psalm+Gospel,the saving death of Christ and repentance,,ps-41,ps-41,Patristic homily linkage is not present in this repo and must be joined from the site corpus when George pushes.
rid_c1d60b035931158ae984,Ps 41:5-7 (LXX Ps 40:6-8),Ps 41:5-7,Ps 40:6-8,3,1,2,coptic_reader_fixture; pascha_source_text,Great Thursday | Ninth Hour | Psalm || Wednesday | Ninth Hour | Psalm || Wednesday | Ninth Hour | psalm,the saving death of Christ and repentance,,ps-41,ps-41,Patristic homily linkage is not present in this repo and must be joined from the site corpus when George pushes.
rid_5b92b85762ad58f6183b,"Ps 41:6,41:1 (LXX Ps 40:6; Ps 40:1)","Ps 41:6,41:1",Ps 40:6; Ps 40:1,1,0,0,pascha_day_hour,Wednesday | Third Hour | Psalm+Gospel,the descent of the Holy Spirit and the trial of the heart,,ps-41,ps-41,Patristic homily linkage is not present in this repo and must be joined from the site corpus when George pushes.
rid_6b2c9b00557fb887b51f,Ps 42:1 (LXX Ps 41:1),Ps 42:1,Ps 41:1,33,33,0,copticchurch_date; katameros_cycle,Mesra 25 | Vespers | Psalm,evening thanksgiving and watchfulness; the Eucharistic gathering of the Church,,ps-42,ps-42,Patristic homily linkage is not present in this repo and must be joined from the site corpus when George pushes.
rid_724beab1db9622cf5746,"Ps 42:1,42:6 (LXX Ps 41:1; Ps 41:6)","Ps 42:1,42:6",Ps 41:1; Ps 41:6,16,16,0,copticchurch_date,The Second Day of Feast of Epiphany | Vespers | Psalm,evening thanksgiving and watchfulness,,ps-42,ps-42,Patristic homily linkage is not present in this repo and must be joined from the site corpus when George pushes.
rid_96d4235e8228a22f109b,Ps 42:11 (LXX Ps 41:11),Ps 42:11,Ps 41:11,3,3,0,katameros_cycle,vespers_psalm | vespers_psalm,,,ps-42,ps-42,Patristic homily linkage is not present in this repo and must be joined from the site corpus when George pushes.
rid_104446c92657ae394f41,Ps 42:2 (LXX Ps 41:2),Ps 42:2,Ps 41:2,1,1,0,katameros_cycle,vespers_psalm | vespers_psalm,,,ps-42,ps-42,Patristic homily linkage is not present in this repo and must be joined from the site corpus when George pushes.
rid_1b30b144ce4d464abb3c,"Ps 42:2,42:11 (LXX Ps 41:2; Ps 41:11)","Ps 42:2,42:11",Ps 41:2; Ps 41:11,20,20,0,copticchurch_date,Epiphany Paramoune | Vespers | Psalm,evening thanksgiving and watchfulness,,ps-42,ps-42,Patristic homily linkage is not present in this repo and must be joined from the site corpus when George pushes.
rid_4af80e7a6f8ba1d41eb7,Ps 42:5 (LXX Ps 41:6),Ps 42:5,Ps 41:6,33,33,0,coptic_reader_fixture; copticchurch_date,Monday of the fifth week of the holy fifty days | Vespers | Psalm,evening thanksgiving and watchfulness; the descent of the Holy Spirit and the trial of the heart,,ps-42,ps-42,Patristic homily linkage is not present in this repo and must be joined from the site corpus when George pushes.
rid_d019c8e7969ed96aae4d,Ps 42:6 (LXX Ps 41:6),Ps 42:6,Ps 41:6,2,2,0,katameros_cycle,vespers_psalm | vespers_psalm,,,ps-42,ps-42,Patristic homily linkage is not present in this repo and must be joined from the site corpus when George pushes.
rid_36ef16b4bc715afcbe32,"Ps 42:6,42:11 (LXX Ps 41:6; Ps 41:11)","Ps 42:6,42:11",Ps 41:6; Ps 41:11,16,16,0,copticchurch_date,The Feast of Epiphany | Vespers | Psalm,evening thanksgiving and watchfulness,,ps-42,ps-42,Patristic homily linkage is not present in this repo and must be joined from the site corpus when George pushes.
rid_0c77cbb380b378fed8d7,Ps 42:7 (LXX Ps 41:7),Ps 42:7,Ps 41:7,20,20,0,copticchurch_date,Epiphany Paramoune | Matins | Psalm,awakening to praise and repentance,,ps-42,ps-42,Patristic homily linkage is not present in this repo and must be joined from the site corpus when George pushes.
rid_69181807dd0eee09411f,Ps 42:7-8 (LXX Ps 41:7-8),Ps 42:7-8,Ps 41:7-8,1,1,0,katameros_cycle,matins_psalm | matins_psalm,,,ps-42,ps-42,Patristic homily linkage is not present in this repo and must be joined from the site corpus when George pushes.
rid_2ce1fd311c68fff21d91,Ps 42:8 (LXX Ps 41:8),Ps 42:8,Ps 41:8,38,38,0,copticchurch_date; katameros_cycle,Epiphany Paramoune | Matins | Psalm,awakening to praise and repentance; evening thanksgiving and watchfulness,,ps-42,ps-42,Patristic homily linkage is not present in this repo and must be joined from the site corpus when George pushes.
rid_2db091256485b239c53d,"Ps 42:8,42:11 (LXX Ps 41:8; Ps 41:11)","Ps 42:8,42:11",Ps 41:8; Ps 41:11,16,16,0,copticchurch_date,Saturday of the second week of the holy fifty days | Vespers | Psalm,evening thanksgiving and watchfulness,,ps-42,ps-42,Patristic homily linkage is not present in this repo and must be joined from the site corpus when George pushes.
rid_e55d678548710eff9e90,Ps 43 (LXX Ps 42),Ps 43,Ps 42,2,2,0,agpeya,Third Hour (Terce) | Third Hour (Terce) | psalm || Veil Prayer | Veil Prayer | psalm,,,ps-43,ps-43,Patristic homily linkage is not present in this repo and must be joined from the site corpus when George pushes.
rid_95e3606e36fedda38617,Ps 43:3 (LXX Ps 42:3),Ps 43:3,Ps 42:3,17,17,0,copticchurch_date; katameros_cycle,Monday of the fourth week of the holy fifty days | Matins | Psalm,awakening to praise and repentance,,ps-43,ps-43,Patristic homily linkage is not present in this repo and must be joined from the site corpus when George pushes.
rid_8c74bd76ea3301c449d7,Ps 43:5 (LXX Ps 42:5),Ps 43:5,Ps 42:5,2,2,0,katameros_cycle,vespers_psalm | vespers_psalm,,,ps-43,ps-43,Patristic homily linkage is not present in this repo and must be joined from the site corpus when George pushes.
rid_98c4621ceb74a5922e68,Ps 44:23 (LXX Ps 43:23),Ps 44:23,Ps 43:23,17,17,0,copticchurch_date; katameros_cycle,Wednesday of the third week of the holy fifty days | Vespers | Psalm,evening thanksgiving and watchfulness,,ps-44,ps-44,Patristic homily linkage is not present in this repo and must be joined from the site corpus when George pushes.
rid_dcf70fa8c0e71925a440,Ps 44:26 (LXX Ps 43:26),Ps 44:26,Ps 43:26,17,17,0,copticchurch_date; katameros_cycle,Wednesday of the third week of the holy fifty days | Vespers | Psalm,evening thanksgiving and watchfulness,,ps-44,ps-44,Patristic homily linkage is not present in this repo and must be joined from the site corpus when George pushes.
rid_d7abafeadec456944fee,Ps 45 (LXX Ps 44),Ps 45,Ps 44,1,1,0,agpeya,Third Hour (Terce) | Third Hour (Terce) | psalm,,,ps-45,ps-45,Patristic homily linkage is not present in this repo and must be joined from the site corpus when George pushes.
rid_9eab1f2f31dd0f0d386f,Ps 45:1-2 (LXX Ps 44:1-2),Ps 45:1-2,Ps 44:1-2,51,51,0,copticchurch_date; katameros_cycle,Abib 16 | Matins | Psalm,awakening to praise and repentance,,ps-45,ps-45,Patristic homily linkage is not present in this repo and must be joined from the site corpus when George pushes.
rid_243f5aad05e4d8dc5e0c,Ps 45:10-11 (LXX Ps 44:10-11),Ps 45:10-11,Ps 44:10-11,46,46,0,copticchurch_date; katameros_cycle,Annunciation | Liturgy | Psalm,the Eucharistic gathering of the Church,,ps-45,ps-45,Patristic homily linkage is not present in this repo and must be joined from the site corpus when George pushes.
rid_c10ae156c3638c3ab12c,Ps 45:12-13 (LXX Ps 44:12-13),Ps 45:12-13,Ps 44:12-13,62,62,0,copticchurch_date; katameros_cycle,Fast of Ninevah | Liturgy | Psalm || Kiak 3 | Liturgy | Psalm,the Eucharistic gathering of the Church,,ps-45,ps-45,Patristic homily linkage is not present in this repo and must be joined from the site corpus when George pushes.
rid_b5c7d452877289c2f7d0,Ps 45:13 (LXX Ps 44:13),Ps 45:13,Ps 44:13,1,1,0,special_service,baptism | part_2 | part_2,,,ps-45,ps-45,Patristic homily linkage is not present in this repo and must be joined from the site corpus when George pushes.
rid_d2fd3ca3bf42d770a3b5,Ps 45:14-15 (LXX Ps 44:14-15),Ps 45:14-15,Ps 44:14-15,249,249,0,copticchurch_date; katameros_cycle,Abib 1 | Liturgy | Psalm,the Eucharistic gathering of the Church,,ps-45,ps-45,Patristic homily linkage is not present in this repo and must be joined from the site corpus when George pushes.
rid_fda43e7c108bc79519a5,Ps 45:17 (LXX Ps 44:17),Ps 45:17,Ps 44:17,1,1,0,katameros_cycle,vespers_psalm | vespers_psalm,,,ps-45,ps-45,Patristic homily linkage is not present in this repo and must be joined from the site corpus when George pushes.
rid_5517eedd14305cbcfb3e,Ps 45:2 (LXX Ps 44:2),Ps 45:2,Ps 44:2,21,21,0,copticchurch_date; katameros_cycle,Epiphany Paramoune | Liturgy | Psalm,the Eucharistic gathering of the Church,,ps-45,ps-45,Patristic homily linkage is not present in this repo and must be joined from the site corpus when George pushes.
rid_d995fd2e39040e1203e1,Ps 45:3 (LXX Ps 44:3),Ps 45:3,Ps 44:3,68,68,0,copticchurch_date; katameros_cycle,Abib 20 | Matins | Psalm,awakening to praise and repentance,,ps-45,ps-45,Patristic homily linkage is not present in this repo and must be joined from the site corpus when George pushes.
rid_f5403c6211ff93f8561a,Ps 45:3-4 (LXX Ps 44:3-4),Ps 45:3-4,Ps 44:3-4,78,78,0,copticchurch_date; katameros_cycle,Abib 25 | Liturgy | Psalm,the Eucharistic gathering of the Church,,ps-45,ps-45,Patristic homily linkage is not present in this repo and must be joined from the site corpus when George pushes.
rid_49b5058753b4917cc24a,Ps 45:6 (LXX Ps 44:6),Ps 45:6,Ps 44:6,69,69,0,copticchurch_date; katameros_cycle,Abib 20 | Matins | Psalm,awakening to praise and repentance,,ps-45,ps-45,Patristic homily linkage is not present in this repo and must be joined from the site corpus when George pushes.
rid_b30eb4ffde4d4114a677,"Ps 45:6,45:17 (LXX Ps 44:6; Ps 44:17)","Ps 45:6,45:17",Ps 44:6; Ps 44:17,16,16,0,copticchurch_date,"Sunday, Tout 19 (Feast of the Cross) | Vespers | Psalm || Tout 19 (Feast of the Cross) | Vespers | Psalm",evening thanksgiving and watchfulness,,ps-45,ps-45,Patristic homily linkage is not present in this repo and must be joined from the site corpus when George pushes.
rid_f01b656f3eed91b94a1d,"Ps 45:6,45:8 (LXX Ps 44:6; Ps 44:8)","Ps 45:6,45:8",Ps 44:6; Ps 44:8,1,1,0,pascha_day_hour,Good Friday | Twelfth Hour | Psalm+Gospel,"burial, waiting, and hope",,ps-45,ps-45,Patristic homily linkage is not present in this repo and must be joined from the site corpus when George pushes.
rid_f85b82e15be537e63a0d,Ps 45:7-8 (LXX Ps 44:7-8),Ps 45:7-8,Ps 44:7-8,1,1,0,special_service,myron_consecration | liturgy | liturgy,,,ps-45,ps-45,Patristic homily linkage is not present in this repo and must be joined from the site corpus when George pushes.
rid_6b1f214218151688eab7,Ps 45:9 (LXX Ps 44:9),Ps 45:9,Ps 44:9,1,1,0,special_service,baptism | part_2 | part_2,,,ps-45,ps-45,Patristic homily linkage is not present in this repo and must be joined from the site corpus when George pushes.
rid_06e741084e67496ebe47,Ps 46 (LXX Ps 45),Ps 46,Ps 45,1,1,0,agpeya,Third Hour (Terce) | Third Hour (Terce) | psalm,,,ps-46,ps-46,Patristic homily linkage is not present in this repo and must be joined from the site corpus when George pushes.
rid_67c328d6558e62a60206,Ps 46:1 (LXX Ps 45:1),Ps 46:1,Ps 45:1,7,7,0,katameros_cycle,vespers_psalm | vespers_psalm,,,ps-46,ps-46,Patristic homily linkage is not present in this repo and must be joined from the site corpus when George pushes.
rid_ce6fc4a88b7a37004e43,"Ps 46:1,46:9 (LXX Ps 45:1; Ps 45:9)","Ps 46:1,46:9",Ps 45:1; Ps 45:9,80,80,0,copticchurch_date,Abib 23 | Vespers | Psalm,evening thanksgiving and watchfulness,,ps-46,ps-46,Patristic homily linkage is not present in this repo and must be joined from the site corpus when George pushes.
rid_9db36707ac1182356fc6,Ps 46:10 (LXX Ps 45:10),Ps 46:10,Ps 45:10,16,16,0,copticchurch_date; katameros_cycle,Sunday of the week before Great Lent | Vespers | Psalm,evening thanksgiving and watchfulness,,ps-46,ps-46,Patristic homily linkage is not present in this repo and must be joined from the site corpus when George pushes.
rid_c400d80922979daf2455,"Ps 46:10,46:11 (LXX Ps 45:10; Ps 45:11)","Ps 46:10,46:11",Ps 45:10; Ps 45:11,2,2,0,copticchurch_date,The fourth Sunday of Bashons | Vespers | Psalm,evening thanksgiving and watchfulness,,ps-46,ps-46,Patristic homily linkage is not present in this repo and must be joined from the site corpus when George pushes.
rid_722e2e5d41c8bcbaa203,Ps 46:10-11 (LXX Ps 45:10-11),Ps 46:10-11,Ps 45:10-11,1,1,0,katameros_cycle,Fourth Sunday of Bashans | vespers_psalm | vespers_psalm,,,ps-46,ps-46,Patristic homily linkage is not present in this repo and must be joined from the site corpus when George pushes.
rid_43d23fe24c6b63891174,Ps 46:7 (LXX Ps 45:7),Ps 46:7,Ps 45:7,7,7,0,katameros_cycle,vespers_psalm | vespers_psalm,,,ps-46,ps-46,Patristic homily linkage is not present in this repo and must be joined from the site corpus when George pushes.
rid_51a751be0699498fdde9,Ps 47 (LXX Ps 46),Ps 47,Ps 46,1,1,0,agpeya,Third Hour (Terce) | Third Hour (Terce) | psalm,,,ps-47,ps-47,Patristic homily linkage is not present in this repo and must be joined from the site corpus when George pushes.
rid_9473ee2984143f11ee35,Ps 47:1 (LXX Ps 46:1),Ps 47:1,Ps 46:1,17,17,0,copticchurch_date; katameros_cycle,Monday of the sixth week of the holy fifty days | Vespers | Psalm,evening thanksgiving and watchfulness,,ps-47,ps-47,Patristic homily linkage is not present in this repo and must be joined from the site corpus when George pushes.
rid_0e8201d3c6744feb757b,Ps 47:1-2 (LXX Ps 46:1-2),Ps 47:1-2,Ps 46:1-2,15,15,0,copticchurch_date; katameros_cycle,The first Sunday of Toba | Vespers | Psalm,evening thanksgiving and watchfulness,,ps-47,ps-47,Patristic homily linkage is not present in this repo and must be joined from the site corpus when George pushes.
rid_04e45e9e516edb307210,Ps 47:3 (LXX Ps 46:3),Ps 47:3,Ps 46:3,16,16,0,copticchurch_date,Tuesday of the sixth week of the holy fifty days | Matins | Psalm,awakening to praise and repentance,,ps-47,ps-47,Patristic homily linkage is not present in this repo and must be joined from the site corpus when George pushes.
rid_b75c8eea6342a50f8d4b,Ps 47:3-4 (LXX Ps 46:3-4),Ps 47:3-4,Ps 46:3-4,1,1,0,katameros_cycle,matins_psalm | matins_psalm,,,ps-47,ps-47,Patristic homily linkage is not present in this repo and must be joined from the site corpus when George pushes.
rid_b576ed1a11546228bb37,Ps 47:4 (LXX Ps 46:4),Ps 47:4,Ps 46:4,16,16,0,copticchurch_date,Tuesday of the sixth week of the holy fifty days | Matins | Psalm,awakening to praise and repentance,,ps-47,ps-47,Patristic homily linkage is not present in this repo and must be joined from the site corpus when George pushes.
rid_24cd2c45dec578deb6f1,"Ps 47:4,47:5 (LXX Ps 46:4; Ps 46:5)","Ps 47:4,47:5",Ps 46:4; Ps 46:5,16,16,0,copticchurch_date,Tuesday of the sixth week of the holy fifty days | Vespers | Psalm,evening thanksgiving and watchfulness,,ps-47,ps-47,Patristic homily linkage is not present in this repo and must be joined from the site corpus when George pushes.
rid_d2e6901b751d73539284,Ps 47:4-5 (LXX Ps 46:4-5),Ps 47:4-5,Ps 46:4-5,1,1,0,katameros_cycle,vespers_psalm | vespers_psalm,,,ps-47,ps-47,Patristic homily linkage is not present in this repo and must be joined from the site corpus when George pushes.
rid_4d418e55bf1bfc725071,Ps 47:5 (LXX Ps 46:5),Ps 47:5,Ps 46:5,17,17,0,copticchurch_date; katameros_cycle,Pentecost | Liturgy | Psalm,the Eucharistic gathering of the Church,,ps-47,ps-47,Patristic homily linkage is not present in this repo and must be joined from the site corpus when George pushes.
rid_34e05d5b40fa0d17504f,Ps 47:6 (LXX Ps 46:6),Ps 47:6,Ps 46:6,18,18,0,copticchurch_date,Monday of the sixth week of the holy fifty days | Matins | Psalm,awakening to praise and repentance,,ps-47,ps-47,Patristic homily linkage is not present in this repo and must be joined from the site corpus when George pushes.
rid_0026b32602acd250761d,Ps 47:6-7 (LXX Ps 46:6-7),Ps 47:6-7,Ps 46:6-7,2,2,0,katameros_cycle,Fourth Sunday of Bashans | matins_psalm | matins_psalm || matins_psalm | matins_psalm,,,ps-47,ps-47,Patristic homily linkage is not present in this repo and must be joined from the site corpus when George pushes.
rid_9ab68da140a7651715b2,Ps 47:7 (LXX Ps 46:7),Ps 47:7,Ps 46:7,34,34,0,copticchurch_date,Monday of the sixth week of the holy fifty days | Matins | Psalm,awakening to praise and repentance; the Eucharistic gathering of the Church,,ps-47,ps-47,Patristic homily linkage is not present in this repo and must be joined from the site corpus when George pushes.
rid_4d0ec8470bad1c6ef48b,Ps 47:8 (LXX Ps 46:8),Ps 47:8,Ps 46:8,1,1,0,katameros_cycle,The Great Feast Of The Pentecost | liturgy_psalm | liturgy_psalm,,,ps-47,ps-47,Patristic homily linkage is not present in this repo and must be joined from the site corpus when George pushes.
rid_883c6019a20f81feb861,Ps 47:8-9 (LXX Ps 46:8-9),Ps 47:8-9,Ps 46:8-9,14,14,0,copticchurch_date; katameros_cycle,Mesra 28 | Vespers | Psalm,evening thanksgiving and watchfulness,,ps-47,ps-47,Patristic homily linkage is not present in this repo and must be joined from the site corpus when George pushes.
rid_108ce135499f99b1ad4f,Ps 48:1 (LXX Ps 47:1),Ps 48:1,Ps 47:1,79,79,0,copticchurch_date; katameros_cycle,Fast of Ninevah | Matins | Psalm || Kiak 3 | Matins | Psalm,awakening to praise and repentance; evening thanksgiving and watchfulness,,ps-48,ps-48,Patristic homily linkage is not present in this repo and must be joined from the site corpus when George pushes.
rid_709c0ee1276e529efc23,Ps 48:10-11 (LXX Ps 47:10-11),Ps 48:10-11,Ps 47:10-11,33,33,0,copticchurch_date; katameros_cycle,Thursday of the fourth week of Great Lent | Liturgy | Psalm,the Eucharistic gathering of the Church,,ps-48,ps-48,Patristic homily linkage is not present in this repo and must be joined from the site corpus when George pushes.
rid_d1381d3387e857ae1e9e,Ps 48:8 (LXX Ps 47:8),Ps 48:8,Ps 47:8,62,62,0,copticchurch_date; katameros_cycle,Fast of Ninevah | Matins | Psalm || Kiak 3 | Matins | Psalm,awakening to praise and repentance,,ps-48,ps-48,Patristic homily linkage is not present in this repo and must be joined from the site corpus when George pushes.
rid_32c8f047401134c6a0a2,Ps 4:1,Ps 4:1,Ps 4:1,1,1,0,special_service,unction_of_the_sick | sixth_prayer | sixth_prayer,,,ps-4,ps-4,Patristic homily linkage is not present in this repo and must be joined from the site corpus when George pushes.
rid_90d87e492ba18fe753e9,Ps 4:3,Ps 4:3,Ps 4:3,16,16,0,katameros_cycle,vespers_psalm | vespers_psalm,,,ps-4,ps-4,Patristic homily linkage is not present in this repo and must be joined from the site corpus when George pushes.
rid_678b8a4f1cbd595114d7,"Ps 4:3,4:6,4:7","Ps 4:3,4:6,4:7","Ps 4:3,4:6,4:7",175,175,0,copticchurch_date,Abib 19 | Vespers | Psalm,evening thanksgiving and watchfulness,,ps-4,ps-4,Patristic homily linkage is not present in this repo and must be joined from the site corpus when George pushes.
rid_e450b6e902cf563db41e,Ps 4:6,Ps 4:6,Ps 4:6,16,16,0,katameros_cycle,vespers_psalm | vespers_psalm,,,ps-4,ps-4,Patristic homily linkage is not present in this repo and must be joined from the site corpus when George pushes.
rid_8873f8cf2b605dca8177,Ps 4:6-8,Ps 4:6-8,Ps 4:6-8,182,182,0,copticchurch_date; katameros_cycle,Abib 11 | Vespers | Psalm,evening thanksgiving and watchfulness,,ps-4,ps-4,Patristic homily linkage is not present in this repo and must be joined from the site corpus when George pushes.
rid_ebbe04c6430f7793ddc3,Ps 4:7,Ps 4:7,Ps 4:7,16,16,0,katameros_cycle,vespers_psalm | vespers_psalm,,,ps-4,ps-4,Patristic homily linkage is not present in this repo and must be joined from the site corpus when George pushes.
rid_bb7e2232befb93fd0bc9,Ps 4:7-8,Ps 4:7-8,Ps 4:7-8,30,30,0,copticchurch_date; katameros_cycle,Baba 6 | Vespers | Psalm,evening thanksgiving and watchfulness,,ps-4,ps-4,Patristic homily linkage is not present in this repo and must be joined from the site corpus when George pushes.
rid_3a115e07d47961fd91a3,Ps 5,Ps 5,Ps 5,1,1,0,agpeya,First Hour (Prime / Morning Prayer) | First Hour (Prime / Morning Prayer) | psalm,,,ps-5,ps-5,Patristic homily linkage is not present in this repo and must be joined from the site corpus when George pushes.
rid_28820d6ec7f2c524f19d,Ps 50:14 (LXX Ps 49:14),Ps 50:14,Ps 49:14,48,48,0,copticchurch_date; katameros_cycle,Circumcision of our Lord | Liturgy | Psalm,the Eucharistic gathering of the Church,,ps-50,ps-50,Patristic homily linkage is not present in this repo and must be joined from the site corpus when George pushes.
rid_7663c22bfebf80e2e5a2,"Ps 50:17,50:18 (LXX Ps 49:17; Ps 49:18)","Ps 50:17,50:18",Ps 49:17; Ps 49:18,1,1,0,pascha_day_hour,Great Thursday | Eleventh Hour | Psalm+Gospel,the late call to repentance and mercy,,ps-50,ps-50,Patristic homily linkage is not present in this repo and must be joined from the site corpus when George pushes.
rid_fa3ba102debae642a243,Ps 50:2 (LXX Ps 49:2),Ps 50:2,Ps 49:2,1,1,0,katameros_cycle,vespers_psalm | vespers_psalm,,,ps-50,ps-50,Patristic homily linkage is not present in this repo and must be joined from the site corpus when George pushes.
rid_eac5d4ca900c67ba393a,"Ps 50:2,50:23 (LXX Ps 49:2; Ps 49:23)","Ps 50:2,50:23",Ps 49:2; Ps 49:23,20,20,0,copticchurch_date,Christmas Paramoune | Vespers | Psalm,evening thanksgiving and watchfulness,,ps-50,ps-50,Patristic homily linkage is not present in this repo and must be joined from the site corpus when George pushes.
rid_2be940478829522f1d70,Ps 50:23 (LXX Ps 49:23),Ps 50:23,Ps 49:23,49,49,0,copticchurch_date; katameros_cycle,Circumcision of our Lord | Liturgy | Psalm,the Eucharistic gathering of the Church,,ps-50,ps-50,Patristic homily linkage is not present in this repo and must be joined from the site corpus when George pushes.
rid_b0f216c6cff46e26b789,Ps 51:1 (LXX Ps 50:1),Ps 51:1,Ps 50:1,17,17,0,copticchurch_date; katameros_cycle,Sunday of the second week of Great Lent | Vespers | Psalm,evening thanksgiving and watchfulness,,ps-51,ps-51,Patristic homily linkage is not present in this repo and must be joined from the site corpus when George pushes.
rid_542537a9482220c1cc0f,Ps 51:1-2 (LXX Ps 50:1-2),Ps 51:1-2,Ps 50:1-2,1,1,0,special_service,unction_of_the_sick | fourth_prayer | fourth_prayer,,,ps-51,ps-51,Patristic homily linkage is not present in this repo and must be joined from the site corpus when George pushes.
rid_1afcf352aab16eaeabeb,Ps 51:10 (LXX Ps 50:10),Ps 51:10,Ps 50:10,17,17,0,copticchurch_date; katameros_cycle,Saturday of the sixth week of the holy fifty days | Vespers | Psalm,evening thanksgiving and watchfulness,,ps-51,ps-51,Patristic homily linkage is not present in this repo and must be joined from the site corpus when George pushes.
rid_28d80269ec4592a2cbca,Ps 51:12 (LXX Ps 50:12),Ps 51:12,Ps 50:12,1,1,0,katameros_cycle,The Great Feast Of The Pentecost | vespers_psalm | vespers_psalm,,,ps-51,ps-51,Patristic homily linkage is not present in this repo and must be joined from the site corpus when George pushes.
rid_787495c61f24a9877280,"Ps 51:12,51:14 (LXX Ps 50:12; Ps 50:14)","Ps 51:12,51:14",Ps 50:12; Ps 50:14,16,16,0,copticchurch_date,Pentecost | Vespers | Psalm,evening thanksgiving and watchfulness,,ps-51,ps-51,Patristic homily linkage is not present in this repo and must be joined from the site corpus when George pushes.
rid_449cf34566b99a584e80,Ps 51:12-13 (LXX Ps 50:12-13),Ps 51:12-13,Ps 50:12-13,1,1,0,special_service,myron_consecration | matins | matins,,,ps-51,ps-51,Patristic homily linkage is not present in this repo and must be joined from the site corpus when George pushes.
rid_9131a08ea90d97c93e27,Ps 51:14 (LXX Ps 50:14),Ps 51:14,Ps 50:14,1,1,0,katameros_cycle,The Great Feast Of The Pentecost | vespers_psalm | vespers_psalm,,,ps-51,ps-51,Patristic homily linkage is not present in this repo and must be joined from the site corpus when George pushes.
rid_99eddd13bf90771339bd,Ps 51:19 (LXX Ps 50:19),Ps 51:19,Ps 50:19,9,9,0,copticchurch_date; katameros_cycle,Paona 2 | Matins | Psalm || matins_psalm | matins_psalm,awakening to praise and repentance,,ps-51,ps-51,Patristic homily linkage is not present in this repo and must be joined from the site corpus when George pushes.
rid_371b8fc1e3b17e43984f,Ps 51:2 (LXX Ps 50:2),Ps 51:2,Ps 50:2,31,31,0,copticchurch_date,Tuesday of the seventh week of Great Lent | Liturgy | Psalm,the Eucharistic gathering of the Church,,ps-51,ps-51,Patristic homily linkage is not present in this repo and must be joined from the site corpus when George pushes.
rid_08c0b16a6c966da7728e,Ps 51:2-3 (LXX Ps 50:2-3),Ps 51:2-3,Ps 50:2-3,2,2,0,katameros_cycle,liturgy_psalm | liturgy_psalm,,,ps-51,ps-51,Patristic homily linkage is not present in this repo and must be joined from the site corpus when George pushes.
rid_36157af24e017e5c8fd3,Ps 51:3 (LXX Ps 50:3),Ps 51:3,Ps 50:3,31,31,0,copticchurch_date,Tuesday of the seventh week of Great Lent | Liturgy | Psalm,the Eucharistic gathering of the Church,,ps-51,ps-51,Patristic homily linkage is not present in this repo and must be joined from the site corpus when George pushes.
rid_03fee652493b21f24f4e,Ps 51:4 (LXX Ps 50:6),Ps 51:4,Ps 50:6,2,2,0,coptic_reader_fixture; pascha_day_hour,Wednesday | First Hour | Psalm+Gospel || Wednesday | First Hour | psalm,the beginning of the day and watchfulness,,ps-51,ps-51,Patristic homily linkage is not present in this repo and must be joined from the site corpus when George pushes.
rid_4582d6daafbeb38ac0f3,"Ps 51:4,33:10 (LXX Ps 50:4; Ps 32:10)","Ps 51:4,33:10",Ps 50:4; Ps 32:10,1,0,1,pascha_source_text,Wednesday | First Hour | Psalm,the beginning of the day and watchfulness,,ps-51,ps-51,Patristic homily linkage is not present in this repo and must be joined from the site corpus when George pushes.
rid_96d87f4353e3c1832d01,"Ps 51:7,51:10 (LXX Ps 50:7; Ps 50:10)","Ps 51:7,51:10",Ps 50:7; Ps 50:10,1,0,1,pascha_source_text,Great Thursday | Liturgy of Blessing of the Water | Psalm,,,ps-51,ps-51,Patristic homily linkage is not present in this repo and must be joined from the site corpus when George pushes.
rid_f0d894996c9b27a9f87a,Ps 51:7-8 (LXX Ps 50:7-8),Ps 51:7-8,Ps 50:7-8,18,18,0,copticchurch_date; katameros_cycle; special_service,Friday of the sixth week of Great Lent | Matins | Psalm,awakening to praise and repentance,,ps-51,ps-51,Patristic homily linkage is not present in this repo and must be joined from the site corpus when George pushes.
rid_bd0d2f01aff7897e08c6,Ps 51:8 (LXX Ps 50:8),Ps 51:8,Ps 50:8,9,9,0,copticchurch_date; katameros_cycle,Paona 2 | Matins | Psalm || matins_psalm | matins_psalm,awakening to praise and repentance,,ps-51,ps-51,Patristic homily linkage is not present in this repo and must be joined from the site corpus when George pushes.
rid_94c9fd43219260b8fa69,Ps 51:9 (LXX Ps 50:9),Ps 51:9,Ps 50:9,17,17,0,copticchurch_date; katameros_cycle,Sunday of the second week of Great Lent | Vespers | Psalm,evening thanksgiving and watchfulness,,ps-51,ps-51,Patristic homily linkage is not present in this repo and must be joined from the site corpus when George pushes.
rid_1d2188970efd656b4a60,Ps 52:8 (LXX Ps 51:8),Ps 52:8,Ps 51:8,19,19,0,copticchurch_date; katameros_cycle; special_service,The third Sunday of Abib | Vespers | Psalm,evening thanksgiving and watchfulness,,ps-52,ps-52,Patristic homily linkage is not present in this repo and must be joined from the site corpus when George pushes.
rid_be3fe28735bdc87f8239,Ps 52:8-9 (LXX Ps 51:8-9),Ps 52:8-9,Ps 51:8-9,29,29,0,copticchurch_date; katameros_cycle,Paona 30 | Vespers | Psalm,evening thanksgiving and watchfulness,,ps-52,ps-52,Patristic homily linkage is not present in this repo and must be joined from the site corpus when George pushes.
rid_f12a0fe6bc841010c050,Ps 52:9 (LXX Ps 51:9),Ps 52:9,Ps 51:9,18,18,0,copticchurch_date; katameros_cycle,The third Sunday of Abib | Vespers | Psalm,evening thanksgiving and watchfulness,,ps-52,ps-52,Patristic homily linkage is not present in this repo and must be joined from the site corpus when George pushes.
rid_592c420a48b12f4910c8,Ps 54 (LXX Ps 53),Ps 54,Ps 53,1,1,0,agpeya,Sixth Hour (Sext) | Sixth Hour (Sext) | psalm,,,ps-54,ps-54,Patristic homily linkage is not present in this repo and must be joined from the site corpus when George pushes.
rid_b4d39590a4bff29ebd4b,Ps 54:1 (LXX Ps 53:1),Ps 54:1,Ps 53:1,16,16,0,copticchurch_date,Tuesday of the fourth week of the holy fifty days | Liturgy | Psalm,the Eucharistic gathering of the Church,,ps-54,ps-54,Patristic homily linkage is not present in this repo and must be joined from the site corpus when George pushes.
rid_10ece6581a376b45b8d1,Ps 54:1-2 (LXX Ps 53:1-2),Ps 54:1-2,Ps 53:1-2,1,1,0,katameros_cycle,liturgy_psalm | liturgy_psalm,,,ps-54,ps-54,Patristic homily linkage is not present in this repo and must be joined from the site corpus when George pushes.
rid_3727431477a819b19b1f,Ps 54:2 (LXX Ps 53:2),Ps 54:2,Ps 53:2,16,16,0,copticchurch_date,Tuesday of the fourth week of the holy fifty days | Liturgy | Psalm,the Eucharistic gathering of the Church,,ps-54,ps-54,Patristic homily linkage is not present in this repo and must be joined from the site corpus when George pushes.
rid_383a181652a643480d19,Ps 55:1 (LXX Ps 54:1),Ps 55:1,Ps 54:1,34,34,0,copticchurch_date; katameros_cycle,Monday of the fourth week of Great Lent | Matins | Psalm,awakening to praise and repentance,,ps-55,ps-55,Patristic homily linkage is not present in this repo and must be joined from the site corpus when George pushes.
rid_422030c0c0c686ddd8f5,Ps 55:1-2 (LXX Ps 54:1-2),Ps 55:1-2,Ps 54:1-2,13,13,0,copticchurch_date; katameros_cycle,Wednesday of the fifth week of Great Lent | Matins | Psalm,awakening to praise and repentance,,ps-55,ps-55,Patristic homily linkage is not present in this repo and must be joined from the site corpus when George pushes.
rid_b92233b4dc9955663461,Ps 55:16 (LXX Ps 54:16),Ps 55:16,Ps 54:16,17,17,0,copticchurch_date; katameros_cycle,Sunday of the third week of Great Lent | Matins | Psalm,awakening to praise and repentance,,ps-55,ps-55,Patristic homily linkage is not present in this repo and must be joined from the site corpus when George pushes.
rid_eaac3596d09142f893a4,Ps 55:16-17 (LXX Ps 54:16-17),Ps 55:16-17,Ps 54:16-17,17,17,0,copticchurch_date; katameros_cycle,Monday of the fourth week of Great Lent | Liturgy | Psalm,the Eucharistic gathering of the Church,,ps-55,ps-55,Patristic homily linkage is not present in this repo and must be joined from the site corpus when George pushes.
rid_69c237a011b147cd0b29,Ps 55:2 (LXX Ps 54:2),Ps 55:2,Ps 54:2,17,17,0,copticchurch_date; katameros_cycle,Sunday of the third week of Great Lent | Matins | Psalm,awakening to praise and repentance,,ps-55,ps-55,Patristic homily linkage is not present in this repo and must be joined from the site corpus when George pushes.
rid_2fc6b0b55a5095b50e51,"Ps 55:21,55:1 (LXX Ps 54:21; Ps 54:1)","Ps 55:21,55:1",Ps 54:21; Ps 54:1,3,1,2,pascha_day_hour; pascha_source_text,Wednesday Eve | Third Hour | Psalm+Gospel || Good Friday Eve | Third Hour | Psalm || Thursday Eve | Third Hour | Psalm,the descent of the Holy Spirit and the trial of the heart,,ps-55,ps-55,Patristic homily linkage is not present in this repo and must be joined from the site corpus when George pushes.
rid_e90c4f59ae8ab50998ee,"Ps 55:21,55:12 (LXX Ps 54:21; Ps 54:12)","Ps 55:21,55:12",Ps 54:21; Ps 54:12,1,1,0,pascha_day_hour,Great Thursday | First Hour | Psalm+Gospel,the beginning of the day and watchfulness,,ps-55,ps-55,Patristic homily linkage is not present in this repo and must be joined from the site corpus when George pushes.
rid_f2b5f35c3ab2f4f4ff48,Ps 56:6 (LXX Ps 55:6),Ps 56:6,Ps 55:6,16,16,0,copticchurch_date,Tuesday of the third week of the holy fifty days | Vespers | Psalm,evening thanksgiving and watchfulness,,ps-56,ps-56,Patristic homily linkage is not present in this repo and must be joined from the site corpus when George pushes.
rid_b59b86e26b1a6db5d4c4,Ps 57 (LXX Ps 56),Ps 57,Ps 56,2,2,0,agpeya,Sixth Hour (Sext) | Sixth Hour (Sext) | psalm || Veil Prayer | Veil Prayer | psalm,,,ps-57,ps-57,Patristic homily linkage is not present in this repo and must be joined from the site corpus when George pushes.
rid_6dcf6122d785e98450f1,Ps 57:1 (LXX Ps 56:1),Ps 57:1,Ps 56:1,52,52,0,copticchurch_date; katameros_cycle; pascha_day_hour,Sunday of the second week of Great Lent | Matins | Psalm,awakening to praise and repentance; the late call to repentance and mercy,,ps-57,ps-57,Patristic homily linkage is not present in this repo and must be joined from the site corpus when George pushes.
rid_0f65153c0a237368fc23,Ps 57:10 (LXX Ps 56:10),Ps 57:10,Ps 56:10,16,16,0,copticchurch_date,Wednesday of the third week of the holy fifty days | Matins | Psalm,awakening to praise and repentance,,ps-57,ps-57,Patristic homily linkage is not present in this repo and must be joined from the site corpus when George pushes.
rid_c9d2dc558948427bb070,Ps 57:5 (LXX Ps 56:5),Ps 57:5,Ps 56:5,17,17,0,copticchurch_date; katameros_cycle,Tuesday of the third week of the holy fifty days | Matins | Psalm,awakening to praise and repentance,,ps-57,ps-57,Patristic homily linkage is not present in this repo and must be joined from the site corpus when George pushes.
rid_cc15ce13f98e5f2d0b2b,Ps 57:6 (LXX Ps 56:6),Ps 57:6,Ps 56:6,1,1,0,katameros_cycle,vespers_psalm | vespers_psalm,,,ps-57,ps-57,Patristic homily linkage is not present in this repo and must be joined from the site corpus when George pushes.
rid_381d2f700ad06615cf31,Ps 57:8 (LXX Ps 56:8),Ps 57:8,Ps 56:8,16,16,0,copticchurch_date,Wednesday of the third week of the holy fifty days | Matins | Psalm,awakening to praise and repentance,,ps-57,ps-57,Patristic homily linkage is not present in this repo and must be joined from the site corpus when George pushes.
rid_67a92aa1446f714f69f6,Ps 57:8-10 (LXX Ps 56:8-10),Ps 57:8-10,Ps 56:8-10,1,1,0,katameros_cycle,matins_psalm | matins_psalm,,,ps-57,ps-57,Patristic homily linkage is not present in this repo and must be joined from the site corpus when George pushes.
rid_f769ff00124fdc2449f8,Ps 57:8-9 (LXX Ps 56:8-9),Ps 57:8-9,Ps 56:8-9,16,16,0,copticchurch_date,The third Sunday of Baba | Matins | Psalm,awakening to praise and repentance,,ps-57,ps-57,Patristic homily linkage is not present in this repo and must be joined from the site corpus when George pushes.
rid_dc24b402aa587520a855,Ps 57:9 (LXX Ps 56:9),Ps 57:9,Ps 56:9,16,16,0,copticchurch_date,Wednesday of the third week of the holy fifty days | Matins | Psalm,awakening to praise and repentance,,ps-57,ps-57,Patristic homily linkage is not present in this repo and must be joined from the site corpus when George pushes.
rid_ef5f385943acafa7a912,Ps 57:9-10 (LXX Ps 56:9-10),Ps 57:9-10,Ps 56:9-10,1,1,0,katameros_cycle,Third Sunday of Babah | matins_psalm | matins_psalm,,,ps-57,ps-57,Patristic homily linkage is not present in this repo and must be joined from the site corpus when George pushes.
rid_536eb23be781b53a4cd0,Ps 58:2 (LXX Ps 57:2),Ps 58:2,Ps 57:2,1,1,0,pascha_day_hour,Great Thursday Eve | Sixth Hour | Psalm+Gospel,the Cross and the Lord's willing suffering,,ps-58,ps-58,Patristic homily linkage is not present in this repo and must be joined from the site corpus when George pushes.
rid_4c448abd6b7a623e2919,"Ps 59:1,69:20 (LXX Ps 58:1; Ps 68:20)","Ps 59:1,69:20",Ps 58:1; Ps 68:20,1,0,1,pascha_source_text,Good Friday Eve | Sixth Hour | Psalm,the Cross and the Lord's willing suffering,,ps-59,ps-59,Patristic homily linkage is not present in this repo and must be joined from the site corpus when George pushes.
rid_218712f04967122eab54,Ps 59:10 (LXX Ps 58:10),Ps 59:10,Ps 58:10,1,1,0,katameros_cycle,Fourth Sunday of Abib | vespers_psalm | vespers_psalm,,,ps-59,ps-59,Patristic homily linkage is not present in this repo and must be joined from the site corpus when George pushes.
rid_71e7910ac7d138e71853,Ps 59:16-17 (LXX Ps 58:16-17),Ps 59:16-17,Ps 58:16-17,1,0,1,pascha_source_text,Wednesday Eve | First Hour | Psalm,the beginning of the day and watchfulness,,ps-59,ps-59,Patristic homily linkage is not present in this repo and must be joined from the site corpus when George pushes.
rid_4793130b222e96d2d41f,Ps 59:17 (LXX Ps 58:17),Ps 59:17,Ps 58:17,1,1,0,katameros_cycle,Fourth Sunday of Abib | vespers_psalm | vespers_psalm,,,ps-59,ps-59,Patristic homily linkage is not present in this repo and must be joined from the site corpus when George pushes.
rid_3c38610c0fba00c21e18,"Ps 59:9-10,59:17 (LXX Ps 58:9-10; Ps 58:17)","Ps 59:9-10,59:17",Ps 58:9-10; Ps 58:17,16,16,0,copticchurch_date,The fourth Sunday of Abib | Vespers | Psalm,evening thanksgiving and watchfulness,,ps-59,ps-59,Patristic homily linkage is not present in this repo and must be joined from the site corpus when George pushes.
rid_3341edafe2ba43ce8198,Ps 5:1,Ps 5:1,Ps 5:1,16,16,0,copticchurch_date,Saturday of the first week of Great Lent | Liturgy | Psalm,the Eucharistic gathering of the Church,,ps-5,ps-5,Patristic homily linkage is not present in this repo and must be joined from the site corpus when George pushes.
rid_1cd81b3be87ebbd640b0,Ps 5:1-2,Ps 5:1-2,Ps 5:1-2,1,1,0,katameros_cycle,liturgy_psalm | liturgy_psalm,,,ps-5,ps-5,Patristic homily linkage is not present in this repo and must be joined from the site corpus when George pushes.
rid_60b9d390372dab04bbe0,Ps 5:11,Ps 5:11,Ps 5:11,121,121,0,copticchurch_date; katameros_cycle,Abib 11 | Matins | Psalm,awakening to praise and repentance,,ps-5,ps-5,Patristic homily linkage is not present in this repo and must be joined from the site corpus when George pushes.
rid_8dde20acf8983675fae6,Ps 5:11-12,Ps 5:11-12,Ps 5:11-12,143,143,0,copticchurch_date; katameros_cycle,Abib 6 | Vespers | Psalm,evening thanksgiving and watchfulness,,ps-5,ps-5,Patristic homily linkage is not present in this repo and must be joined from the site corpus when George pushes.
rid_e7aa6fb97c53bc796296,Ps 5:12,Ps 5:12,Ps 5:12,120,120,0,copticchurch_date,Abib 11 | Matins | Psalm,awakening to praise and repentance,,ps-5,ps-5,Patristic homily linkage is not present in this repo and must be joined from the site corpus when George pushes.
rid_eaf49c8ed75b53c5a10f,Ps 5:2,Ps 5:2,Ps 5:2,16,16,0,copticchurch_date,Saturday of the first week of Great Lent | Liturgy | Psalm,the Eucharistic gathering of the Church,,ps-5,ps-5,Patristic homily linkage is not present in this repo and must be joined from the site corpus when George pushes.
rid_aa7a842cf6ed0fb569a8,Ps 5:3,Ps 5:3,Ps 5:3,16,16,0,copticchurch_date,Thursday of the second week of the holy fifty days | Matins | Psalm,awakening to praise and repentance,,ps-5,ps-5,Patristic homily linkage is not present in this repo and must be joined from the site corpus when George pushes.
rid_04f24211186bc48c60f0,Ps 5:3-4,Ps 5:3-4,Ps 5:3-4,1,1,0,katameros_cycle,matins_psalm | matins_psalm,,,ps-5,ps-5,Patristic homily linkage is not present in this repo and must be joined from the site corpus when George pushes.
rid_4c4c5faa772110614c67,Ps 5:4,Ps 5:4,Ps 5:4,16,16,0,copticchurch_date,Thursday of the second week of the holy fifty days | Matins | Psalm,awakening to praise and repentance,,ps-5,ps-5,Patristic homily linkage is not present in this repo and must be joined from the site corpus when George pushes.
rid_2c43869c88fb8fcbdbda,"Ps 5:6,5:11","Ps 5:6,5:11","Ps 5:6,5:11",13,13,0,copticchurch_date,The third Sunday of Mesra | Vespers | Psalm,evening thanksgiving and watchfulness,,ps-5,ps-5,Patristic homily linkage is not present in this repo and must be joined from the site corpus when George pushes.
rid_b6f8ed2310f266ab57dc,Ps 5:7,Ps 5:7,Ps 5:7,1,1,0,katameros_cycle,Third Sunday of Misra | vespers_psalm | vespers_psalm,,,ps-5,ps-5,Patristic homily linkage is not present in this repo and must be joined from the site corpus when George pushes.
rid_ac62ecd4006efded40cc,Ps 6,Ps 6,Ps 6,3,3,0,agpeya,First Hour (Prime / Morning Prayer) | First Hour (Prime / Morning Prayer) | psalm || Midnight Prayer - First Watch | Midnight Prayer - First Watch | psalm || Veil Prayer | Veil Prayer | psalm,,,ps-6,ps-6,Patristic homily linkage is not present in this repo and must be joined from the site corpus when George pushes.
rid_926102e42b36bf0d2767,Ps 60:4 (LXX Ps 59:4),Ps 60:4,Ps 59:4,31,31,0,copticchurch_date,The fourth Sunday of Paona | Matins | Psalm,awakening to praise and repentance; the Eucharistic gathering of the Church,,ps-60,ps-60,Patristic homily linkage is not present in this repo and must be joined from the site corpus when George pushes.
rid_71286498cd3ffc4c9e96,Ps 60:4-5 (LXX Ps 59:4-5),Ps 60:4-5,Ps 59:4-5,49,49,0,copticchurch_date; katameros_cycle,Friday of the second week of Great Lent <br>(Feast of the Cross - Readings of 10th Baramhat) | Matins | Psalm || Mesra 12 | Matins | Psalm,awakening to praise and repentance,,ps-60,ps-60,Patristic homily linkage is not present in this repo and must be joined from the site corpus when George pushes.
rid_6e253ac6c4b3599de1a2,Ps 60:7 (LXX Ps 59:7),Ps 60:7,Ps 59:7,31,31,0,copticchurch_date,The fourth Sunday of Paona | Matins | Psalm,awakening to praise and repentance; the Eucharistic gathering of the Church,,ps-60,ps-60,Patristic homily linkage is not present in this repo and must be joined from the site corpus when George pushes.
rid_d17a35492bb2463cb31d,Ps 61 (LXX Ps 60),Ps 61,Ps 60,1,1,0,agpeya,Sixth Hour (Sext) | Sixth Hour (Sext) | psalm,,,ps-61,ps-61,Patristic homily linkage is not present in this repo and must be joined from the site corpus when George pushes.
rid_c869710964af601e2a07,Ps 610:5,Ps 610:5,Ps 610:5,16,16,0,copticchurch_date,Saturday of the fourth week of Great Lent | Liturgy | Psalm,the Eucharistic gathering of the Church,,ps-610,ps-610,Patristic homily linkage is not present in this repo and must be joined from the site corpus when George pushes.
rid_525552a0a58e739b8fbb,Ps 61:1 (LXX Ps 60:1),Ps 61:1,Ps 60:1,17,17,0,copticchurch_date; katameros_cycle,Saturday of the fourth week of Great Lent | Liturgy | Psalm,the Eucharistic gathering of the Church,,ps-61,ps-61,Patristic homily linkage is not present in this repo and must be joined from the site corpus when George pushes.
rid_55a7cb8e72c29a6a8f73,Ps 61:1-3 (LXX Ps 60:1-3),Ps 61:1-3,Ps 60:1-3,99,99,0,copticchurch_date; katameros_cycle,Abib 15 | Liturgy | Psalm,the Eucharistic gathering of the Church,,ps-61,ps-61,Patristic homily linkage is not present in this repo and must be joined from the site corpus when George pushes.
rid_32119043ebdf08e41fec,Ps 61:2 (LXX Ps 60:2),Ps 61:2,Ps 60:2,1,1,0,katameros_cycle,liturgy_psalm | liturgy_psalm,,,ps-61,ps-61,Patristic homily linkage is not present in this repo and must be joined from the site corpus when George pushes.
rid_42196d24f561d8bcd269,Ps 61:3 (LXX Ps 60:3),Ps 61:3,Ps 60:3,1,1,0,katameros_cycle,liturgy_psalm | liturgy_psalm,,,ps-61,ps-61,Patristic homily linkage is not present in this repo and must be joined from the site corpus when George pushes.
rid_2cd04e32de642e573200,Ps 61:5 (LXX Ps 60:5),Ps 61:5,Ps 60:5,3,3,0,katameros_cycle,Third Sunday of Baunahh | liturgy_psalm | liturgy_psalm || liturgy_psalm | liturgy_psalm,,,ps-61,ps-61,Patristic homily linkage is not present in this repo and must be joined from the site corpus when George pushes.
rid_3a18cf29b656d87215d6,Ps 61:5-8 (LXX Ps 60:5-8),Ps 61:5-8,Ps 60:5-8,1,1,0,katameros_cycle,Fourth Sunday of Baunahh | matins_psalm | matins_psalm,,,ps-61,ps-61,Patristic homily linkage is not present in this repo and must be joined from the site corpus when George pushes.
rid_645f16f139511a745024,Ps 61:8 (LXX Ps 60:8),Ps 61:8,Ps 60:8,1,1,0,katameros_cycle,Third Sunday of Baunahh | liturgy_psalm | liturgy_psalm,,,ps-61,ps-61,Patristic homily linkage is not present in this repo and must be joined from the site corpus when George pushes.
rid_d86e844627c14d972d26,Ps 62:2 (LXX Ps 61:2),Ps 62:2,Ps 61:2,16,16,0,copticchurch_date,"Sunday, Tout 19 (Feast of the Cross) | Liturgy | Psalm || Tout 19 (Feast of the Cross) | Liturgy | Psalm",the Eucharistic gathering of the Church,,ps-62,ps-62,Patristic homily linkage is not present in this repo and must be joined from the site corpus when George pushes.
rid_894d6f6c4b42c8873d97,Ps 62:3 (LXX Ps 61:3),Ps 62:3,Ps 61:3,16,16,0,copticchurch_date,"Sunday, Tout 19 (Feast of the Cross) | Liturgy | Psalm || Tout 19 (Feast of the Cross) | Liturgy | Psalm",the Eucharistic gathering of the Church,,ps-62,ps-62,Patristic homily linkage is not present in this repo and must be joined from the site corpus when George pushes.
rid_e6602cabb995734ea8e0,Ps 62:5 (LXX Ps 61:5),Ps 62:5,Ps 61:5,16,16,0,copticchurch_date,"Sunday, Tout 19 (Feast of the Cross) | Liturgy | Psalm || Tout 19 (Feast of the Cross) | Liturgy | Psalm",the Eucharistic gathering of the Church,,ps-62,ps-62,Patristic homily linkage is not present in this repo and must be joined from the site corpus when George pushes.
rid_423f93aba0ab2022b041,"Ps 62:7,62:2 (LXX Ps 61:7; Ps 61:2)","Ps 62:7,62:2",Ps 61:7; Ps 61:2,1,0,1,pascha_source_text,Tuesday Eve | First Hour | Psalm,the beginning of the day and watchfulness,,ps-62,ps-62,Patristic homily linkage is not present in this repo and must be joined from the site corpus when George pushes.
rid_e58b5590fb2976bab9bb,"Ps 62:7,62:6 (LXX Ps 61:7; Ps 61:6)","Ps 62:7,62:6",Ps 61:7; Ps 61:6,3,2,1,pascha_day_hour; pascha_source_text,Monday Eve | First Hour | Psalm+Gospel || Tuesday Eve | First Hour | Psalm+Gospel || Thursday Eve | Eleventh Hour | Psalm,the beginning of the day and watchfulness; the late call to repentance and mercy,,ps-62,ps-62,Patristic homily linkage is not present in this repo and must be joined from the site corpus when George pushes.
rid_6d6372da328674741865,Ps 63 (LXX Ps 62),Ps 63,Ps 62,2,2,0,agpeya,First Hour (Prime / Morning Prayer) | First Hour (Prime / Morning Prayer) | psalm || Sixth Hour (Sext) | Sixth Hour (Sext) | psalm,,,ps-63,ps-63,Patristic homily linkage is not present in this repo and must be joined from the site corpus when George pushes.
rid_26cc1d8a0f3a6b74753d,Ps 63:1 (LXX Ps 62:1),Ps 63:1,Ps 62:1,33,33,0,copticchurch_date; katameros_cycle,Thursday of the seventh week of Great Lent | Matins | Psalm,awakening to praise and repentance,,ps-63,ps-63,Patristic homily linkage is not present in this repo and must be joined from the site corpus when George pushes.
rid_d31629051a77981128c4,Ps 63:1-2 (LXX Ps 62:1-2),Ps 63:1-2,Ps 62:1-2,18,18,0,copticchurch_date; katameros_cycle,The first Sunday of Baba | Matins | Psalm,awakening to praise and repentance,,ps-63,ps-63,Patristic homily linkage is not present in this repo and must be joined from the site corpus when George pushes.
rid_7b4d55a668b44a8c50f0,Ps 63:2 (LXX Ps 62:2),Ps 63:2,Ps 62:2,16,16,0,copticchurch_date,Wednesday of the second week of the holy fifty days | Matins | Psalm,awakening to praise and repentance,,ps-63,ps-63,Patristic homily linkage is not present in this repo and must be joined from the site corpus when George pushes.
rid_8d096afa496c0aaf2e84,Ps 63:3 (LXX Ps 62:3),Ps 63:3,Ps 62:3,17,17,0,copticchurch_date; katameros_cycle,The second Sunday of Baba | Matins | Psalm,awakening to praise and repentance,,ps-63,ps-63,Patristic homily linkage is not present in this repo and must be joined from the site corpus when George pushes.
rid_e495eb58ea419dfc76c9,Ps 63:4 (LXX Ps 62:4),Ps 63:4,Ps 62:4,17,17,0,copticchurch_date; katameros_cycle,The second Sunday of Baba | Matins | Psalm,awakening to praise and repentance,,ps-63,ps-63,Patristic homily linkage is not present in this repo and must be joined from the site corpus when George pushes.
rid_1cf9895590ee36de5e6d,Ps 63:6 (LXX Ps 62:6),Ps 63:6,Ps 62:6,17,17,0,copticchurch_date; katameros_cycle,The second Sunday of Baba | Matins | Psalm,awakening to praise and repentance,,ps-63,ps-63,Patristic homily linkage is not present in this repo and must be joined from the site corpus when George pushes.
rid_d2fb2817f1ecd6226ae1,"Ps 64:1,64:2 (LXX Ps 63:1; Ps 63:2)","Ps 64:1,64:2",Ps 63:1; Ps 63:2,17,17,0,copticchurch_date; pascha_day_hour,Palm Sunday | Liturgy | Gospel,the Eucharistic gathering of the Church,,ps-64,ps-64,Patristic homily linkage is not present in this repo and must be joined from the site corpus when George pushes.
rid_3fd4b87524624788bd66,Ps 64:1-2 (LXX Ps 63:1-2),Ps 64:1-2,Ps 63:1-2,1,1,0,katameros_cycle,Readings for Palm Sunday | liturgy_gospel | liturgy_gospel,,,ps-64,ps-64,Patristic homily linkage is not present in this repo and must be joined from the site corpus when George pushes.
rid_1e1d3159311c3bcd3ac6,Ps 64:10 (LXX Ps 63:10),Ps 64:10,Ps 63:10,33,33,0,copticchurch_date; katameros_cycle,Tout 21 | Vespers | Psalm,evening thanksgiving and watchfulness,,ps-64,ps-64,Patristic homily linkage is not present in this repo and must be joined from the site corpus when George pushes.
rid_39245c1040bf2f6f4569,Ps 65:1 (LXX Ps 64:1),Ps 65:1,Ps 64:1,1,1,0,special_service,myron_consecration | liturgy | liturgy,,,ps-65,ps-65,Patristic homily linkage is not present in this repo and must be joined from the site corpus when George pushes.
rid_62bb268bc1e9715f53ba,Ps 65:1-2 (LXX Ps 64:1-2),Ps 65:1-2,Ps 64:1-2,67,67,0,copticchurch_date; katameros_cycle; special_service,Friday of the second week of Great Lent <br>(Feast of the Cross - Readings of 10th Baramhat) | Liturgy | Psalm || Mesra 12 | Liturgy | Psalm,the Eucharistic gathering of the Church,,ps-65,ps-65,Patristic homily linkage is not present in this repo and must be joined from the site corpus when George pushes.
rid_16725ab5ddc5f5e8e262,Ps 65:10-11 (LXX Ps 64:10-11),Ps 65:10-11,Ps 64:10-11,1,1,0,katameros_cycle,First Sunday of Hatur | liturgy_psalm | liturgy_psalm,,,ps-65,ps-65,Patristic homily linkage is not present in this repo and must be joined from the site corpus when George pushes.
rid_02de232d17b7f6fa6bf0,Ps 65:11 (LXX Ps 64:11),Ps 65:11,Ps 64:11,17,17,0,copticchurch_date; katameros_cycle,Feast of Nayrouz - (Readings of the First of Tut) | Liturgy | Psalm || Tout 1 | Liturgy | Psalm,the Eucharistic gathering of the Church,,ps-65,ps-65,Patristic homily linkage is not present in this repo and must be joined from the site corpus when George pushes.
rid_c8a223bfbde634d31a47,Ps 65:12 (LXX Ps 64:12),Ps 65:12,Ps 64:12,1,1,0,katameros_cycle,Feast of Nayrouz | liturgy_psalm | liturgy_psalm,,,ps-65,ps-65,Patristic homily linkage is not present in this repo and must be joined from the site corpus when George pushes.
rid_dfd32a38e831178265e4,Ps 65:2 (LXX Ps 64:2),Ps 65:2,Ps 64:2,24,24,0,copticchurch_date; katameros_cycle,Saturday of the fifth week of Great Lent | Matins | Psalm,awakening to praise and repentance; the Eucharistic gathering of the Church,,ps-65,ps-65,Patristic homily linkage is not present in this repo and must be joined from the site corpus when George pushes.
rid_c8a9cfc456d2d44ffecf,Ps 65:2-3 (LXX Ps 64:2-3),Ps 65:2-3,Ps 64:2-3,1,1,0,katameros_cycle,matins_psalm | matins_psalm,,,ps-65,ps-65,Patristic homily linkage is not present in this repo and must be joined from the site corpus when George pushes.
rid_58881540536fed5787f9,Ps 65:3 (LXX Ps 64:3),Ps 65:3,Ps 64:3,15,15,0,copticchurch_date,Saturday of the fifth week of Great Lent | Matins | Psalm,awakening to praise and repentance,,ps-65,ps-65,Patristic homily linkage is not present in this repo and must be joined from the site corpus when George pushes.
rid_93b9a076018e4e819226,Ps 65:4 (LXX Ps 64:4),Ps 65:4,Ps 64:4,2,1,1,pascha_source_text; special_service,Wednesday Eve | Third Hour | Psalm || funeral | part_1 | part_1,the descent of the Holy Spirit and the trial of the heart,,ps-65,ps-65,Patristic homily linkage is not present in this repo and must be joined from the site corpus when George pushes.
rid_751349005e100c368a1f,Ps 65:4-5 (LXX Ps 64:4-5),Ps 65:4-5,Ps 64:4-5,153,153,0,copticchurch_date; katameros_cycle; special_service,Amshir 12 | Vespers | Psalm || Amshir 19 | Vespers | Psalm,evening thanksgiving and watchfulness,,ps-65,ps-65,Patristic homily linkage is not present in this repo and must be joined from the site corpus when George pushes.
rid_a0d3937c624c27382b8f,"Ps 65:5,65:4 (LXX Ps 64:5; Ps 64:4)","Ps 65:5,65:4",Ps 64:5; Ps 64:4,2,2,0,pascha_day_hour,Monday | Ninth Hour | Psalm+Gospel || Tuesday | Ninth Hour | Psalm+Gospel,the saving death of Christ and repentance,,ps-65,ps-65,Patristic homily linkage is not present in this repo and must be joined from the site corpus when George pushes.
rid_53ab2762b02ee21ea603,Ps 65:6 (LXX Ps 64:6),Ps 65:6,Ps 64:6,1,1,0,special_service,myron_consecration | liturgy | liturgy,,,ps-65,ps-65,Patristic homily linkage is not present in this repo and must be joined from the site corpus when George pushes.
rid_a088f876c50bcdc063d9,Ps 65:9 (LXX Ps 64:9),Ps 65:9,Ps 64:9,1,1,0,katameros_cycle,First Sunday of Hatur | matins_psalm | matins_psalm,,,ps-65,ps-65,Patristic homily linkage is not present in this repo and must be joined from the site corpus when George pushes.
rid_a4678cb28c7f9b4efc95,Ps 65:9-10 (LXX Ps 64:9-10),Ps 65:9-10,Ps 64:9-10,16,16,0,copticchurch_date,The first Sunday of Hator | Matins | Psalm,awakening to praise and repentance,,ps-65,ps-65,Patristic homily linkage is not present in this repo and must be joined from the site corpus when George pushes.
rid_7a17587d8c00302c50ac,Ps 66:1 (LXX Ps 65:1),Ps 66:1,Ps 65:1,20,20,0,copticchurch_date; katameros_cycle,The fourth Sunday of Bashons | Liturgy | Psalm || Thursday of the fourth week of the holy fifty days | Liturgy | Psalm,the Eucharistic gathering of the Church,,ps-66,ps-66,Patristic homily linkage is not present in this repo and must be joined from the site corpus when George pushes.
rid_6c52de6bc9857309825a,"Ps 66:1,66:2 (LXX Ps 65:1; Ps 65:2)","Ps 66:1,66:2",Ps 65:1; Ps 65:2,16,16,0,copticchurch_date,Tuesday of the fourth week of the holy fifty days | Vespers | Psalm,evening thanksgiving and watchfulness,,ps-66,ps-66,Patristic homily linkage is not present in this repo and must be joined from the site corpus when George pushes.
rid_f85eb44289ccf4a5c173,"Ps 66:1-2,66:4 (LXX Ps 65:1-2; Ps 65:4)","Ps 66:1-2,66:4",Ps 65:1-2; Ps 65:4,16,16,0,copticchurch_date,The second Sunday of Baba | Liturgy | Psalm,the Eucharistic gathering of the Church,,ps-66,ps-66,Patristic homily linkage is not present in this repo and must be joined from the site corpus when George pushes.
rid_c3786ce0e52c7b26c474,Ps 66:12 (LXX Ps 65:12),Ps 66:12,Ps 65:12,17,17,0,copticchurch_date; katameros_cycle,The third Sunday of Toba | Liturgy | Psalm,the Eucharistic gathering of the Church,,ps-66,ps-66,Patristic homily linkage is not present in this repo and must be joined from the site corpus when George pushes.
rid_ed96f35f8fffd621e6e6,Ps 66:12-14 (LXX Ps 65:12-14),Ps 66:12-14,Ps 65:12-14,191,191,0,copticchurch_date; katameros_cycle,Abib 19 | Liturgy | Psalm,the Eucharistic gathering of the Church,,ps-66,ps-66,Patristic homily linkage is not present in this repo and must be joined from the site corpus when George pushes.
rid_48ad7781dc80f8cb404b,Ps 66:13-15 (LXX Ps 65:13-15),Ps 66:13-15,Ps 65:13-15,34,34,0,copticchurch_date; katameros_cycle,Circumcision of our Lord | Matins | Psalm,awakening to praise and repentance,,ps-66,ps-66,Patristic homily linkage is not present in this repo and must be joined from the site corpus when George pushes.
rid_e61672d01247ed9dfbe6,Ps 66:2 (LXX Ps 65:2),Ps 66:2,Ps 65:2,4,4,0,copticchurch_date; katameros_cycle,The fourth Sunday of Bashons | Liturgy | Psalm || Second Sunday of Babah | liturgy_psalm | liturgy_psalm || Fourth Sunday of Bashans | liturgy_psalm | liturgy_psalm,the Eucharistic gathering of the Church,,ps-66,ps-66,Patristic homily linkage is not present in this repo and must be joined from the site corpus when George pushes.
rid_17ce8426ddb4f43e5199,Ps 66:4 (LXX Ps 65:4),Ps 66:4,Ps 65:4,4,4,0,copticchurch_date; katameros_cycle; special_service,The fourth Sunday of Bashons | Liturgy | Psalm || Fourth Sunday of Bashans | liturgy_psalm | liturgy_psalm || pentecost_prostration | main_readings | main_readings,the Eucharistic gathering of the Church,,ps-66,ps-66,Patristic homily linkage is not present in this repo and must be joined from the site corpus when George pushes.
rid_686f3b2e579b35c6d031,Ps 66:5-6 (LXX Ps 65:5-6),Ps 66:5-6,Ps 65:5-6,1,1,0,katameros_cycle,Second Sunday of Hatur | matins_psalm | matins_psalm,,,ps-66,ps-66,Patristic homily linkage is not present in this repo and must be joined from the site corpus when George pushes.
rid_abcb2858668a73a2c76a,Ps 66:6 (LXX Ps 65:6),Ps 66:6,Ps 65:6,16,16,0,copticchurch_date,Thursday of the fourth week of the holy fifty days | Liturgy | Psalm,the Eucharistic gathering of the Church,,ps-66,ps-66,Patristic homily linkage is not present in this repo and must be joined from the site corpus when George pushes.
rid_b556716fcfebe827e7c2,Ps 66:8 (LXX Ps 65:8),Ps 66:8,Ps 65:8,17,17,0,copticchurch_date; katameros_cycle,The third Sunday of Toba | Liturgy | Psalm,the Eucharistic gathering of the Church,,ps-66,ps-66,Patristic homily linkage is not present in this repo and must be joined from the site corpus when George pushes.
rid_8c574eedcebcfc5f286d,Ps 67 (LXX Ps 66),Ps 67,Ps 66,3,3,0,agpeya,First Hour (Prime / Morning Prayer) | First Hour (Prime / Morning Prayer) | psalm || Sixth Hour (Sext) | Sixth Hour (Sext) | psalm || Veil Prayer | Veil Prayer | psalm,,,ps-67,ps-67,Patristic homily linkage is not present in this repo and must be joined from the site corpus when George pushes.
rid_91af1b173d8910ff0cfa,Ps 67:1 (LXX Ps 66:1),Ps 67:1,Ps 66:1,1,1,0,katameros_cycle,liturgy_psalm | liturgy_psalm,,,ps-67,ps-67,Patristic homily linkage is not present in this repo and must be joined from the site corpus when George pushes.
rid_81cba7b21c32ead6b938,Ps 67:1-2 (LXX Ps 66:1-2),Ps 67:1-2,Ps 66:1-2,26,26,0,copticchurch_date; katameros_cycle,The first Sunday of Baba | Vespers | Psalm,awakening to praise and repentance; evening thanksgiving and watchfulness,,ps-67,ps-67,Patristic homily linkage is not present in this repo and must be joined from the site corpus when George pushes.
rid_94957ba506685983c5d4,Ps 67:3-4 (LXX Ps 66:3-4),Ps 67:3-4,Ps 66:3-4,1,1,0,katameros_cycle,Second Sunday of Babah | vespers_psalm | vespers_psalm,,,ps-67,ps-67,Patristic homily linkage is not present in this repo and must be joined from the site corpus when George pushes.
rid_573fae1fc7f169bacf59,Ps 67:5 (LXX Ps 66:5),Ps 67:5,Ps 66:5,16,16,0,copticchurch_date,Tuesday of the fourth week of the holy fifty days | Matins | Psalm,awakening to praise and repentance,,ps-67,ps-67,Patristic homily linkage is not present in this repo and must be joined from the site corpus when George pushes.
rid_3433e71542d75009e7f6,Ps 67:5-7 (LXX Ps 66:5-7),Ps 67:5-7,Ps 66:5-7,1,1,0,katameros_cycle,matins_psalm | matins_psalm,,,ps-67,ps-67,Patristic homily linkage is not present in this repo and must be joined from the site corpus when George pushes.
rid_5e859d43bb402fdfd932,Ps 67:6 (LXX Ps 66:6),Ps 67:6,Ps 66:6,17,17,0,copticchurch_date; katameros_cycle,Tuesday of the fourth week of the holy fifty days | Matins | Psalm,awakening to praise and repentance,,ps-67,ps-67,Patristic homily linkage is not present in this repo and must be joined from the site corpus when George pushes.
rid_23ce3573344151c21c0b,Ps 67:6-7 (LXX Ps 66:6-7),Ps 67:6-7,Ps 66:6-7,16,16,0,copticchurch_date,The second Sunday of Hator | Matins | Psalm,awakening to praise and repentance,,ps-67,ps-67,Patristic homily linkage is not present in this repo and must be joined from the site corpus when George pushes.
rid_e51386e20fb8dc280727,Ps 67:7 (LXX Ps 66:7),Ps 67:7,Ps 66:7,1,1,0,katameros_cycle,liturgy_psalm | liturgy_psalm,,,ps-67,ps-67,Patristic homily linkage is not present in this repo and must be joined from the site corpus when George pushes.
rid_13c299dc39a55b6388b2,Ps 68:11 (LXX Ps 67:11),Ps 68:11,Ps 67:11,26,26,0,copticchurch_date; katameros_cycle,Nasie 2 | Liturgy | Psalm,the Eucharistic gathering of the Church,,ps-68,ps-68,Patristic homily linkage is not present in this repo and must be joined from the site corpus when George pushes.
rid_b9b9cb361527dd086511,"Ps 68:11,68:35 (LXX Ps 67:11; Ps 67:35)","Ps 68:11,68:35",Ps 67:11; Ps 67:35,97,97,0,copticchurch_date,Abib 18 | Vespers | Psalm,evening thanksgiving and watchfulness,,ps-68,ps-68,Patristic homily linkage is not present in this repo and must be joined from the site corpus when George pushes.
rid_bdec7ef69068c5a78049,Ps 68:11-12 (LXX Ps 67:11-12),Ps 68:11-12,Ps 67:11-12,17,17,0,copticchurch_date; katameros_cycle; special_service,Baba 12 | Liturgy | Psalm,the Eucharistic gathering of the Church,,ps-68,ps-68,Patristic homily linkage is not present in this repo and must be joined from the site corpus when George pushes.
rid_c4a62271dccc69cf2945,Ps 68:16 (LXX Ps 67:16),Ps 68:16,Ps 67:16,1,1,0,katameros_cycle,vespers_psalm | vespers_psalm,,,ps-68,ps-68,Patristic homily linkage is not present in this repo and must be joined from the site corpus when George pushes.
rid_d4f7c257297a5c996839,Ps 68:17 (LXX Ps 67:17),Ps 68:17,Ps 67:17,14,14,0,copticchurch_date; katameros_cycle,Hator 8 | Vespers | Psalm,evening thanksgiving and watchfulness,,ps-68,ps-68,Patristic homily linkage is not present in this repo and must be joined from the site corpus when George pushes.
rid_a344e9f5157e4e7c5dcc,Ps 68:18-19 (LXX Ps 67:18-19),Ps 68:18-19,Ps 67:18-19,17,17,0,copticchurch_date; katameros_cycle,The Feast of the Ascension | Matins | Psalm,awakening to praise and repentance,,ps-68,ps-68,Patristic homily linkage is not present in this repo and must be joined from the site corpus when George pushes.
rid_c0aaad4da600a84900f3,Ps 68:19 (LXX Ps 67:19),Ps 68:19,Ps 67:19,34,34,0,copticchurch_date; katameros_cycle; special_service,Mesra 29 | Liturgy | Psalm,awakening to praise and repentance; the Eucharistic gathering of the Church,,ps-68,ps-68,Patristic homily linkage is not present in this repo and must be joined from the site corpus when George pushes.
rid_8c93aa480c34163724ae,"Ps 68:19,68:35 (LXX Ps 67:19; Ps 67:35)","Ps 68:19,68:35",Ps 67:19; Ps 67:35,1,1,0,pascha_day_hour,Palm Sunday | Matins | Psalm,awakening to praise and repentance,,ps-68,ps-68,Patristic homily linkage is not present in this repo and must be joined from the site corpus when George pushes.
rid_a4245be46930b4fccb8b,Ps 68:21 (LXX Ps 67:21),Ps 68:21,Ps 67:21,1,1,0,pascha_day_hour,Great Thursday Eve | Sixth Hour | Psalm+Gospel,the Cross and the Lord's willing suffering,,ps-68,ps-68,Patristic homily linkage is not present in this repo and must be joined from the site corpus when George pushes.
rid_7dec4783851465632bbb,Ps 68:24 (LXX Ps 67:24),Ps 68:24,Ps 67:24,40,40,0,copticchurch_date; katameros_cycle,Amshir 4 | Matins | Psalm || Baba 22 | Matins | Psalm,awakening to praise and repentance,,ps-68,ps-68,Patristic homily linkage is not present in this repo and must be joined from the site corpus when George pushes.
rid_d3820f600dd66be5bd45,Ps 68:25 (LXX Ps 67:25),Ps 68:25,Ps 67:25,16,16,0,copticchurch_date,The fourth Sunday of Paona | Liturgy | Psalm,the Eucharistic gathering of the Church,,ps-68,ps-68,Patristic homily linkage is not present in this repo and must be joined from the site corpus when George pushes.
rid_8df9b6b1be458327847a,Ps 68:25-26 (LXX Ps 67:25-26),Ps 68:25-26,Ps 67:25-26,225,225,0,copticchurch_date; katameros_cycle,Abib 1 | Vespers | Psalm,evening thanksgiving and watchfulness,,ps-68,ps-68,Patristic homily linkage is not present in this repo and must be joined from the site corpus when George pushes.
rid_0242db1979b9e8ba81b1,Ps 68:26 (LXX Ps 67:26),Ps 68:26,Ps 67:26,57,57,0,copticchurch_date; katameros_cycle,Amshir 4 | Matins | Psalm || Baba 22 | Matins | Psalm,awakening to praise and repentance; the Eucharistic gathering of the Church,,ps-68,ps-68,Patristic homily linkage is not present in this repo and must be joined from the site corpus when George pushes.
rid_e75433a9a434d898e8c7,Ps 68:27 (LXX Ps 67:27),Ps 68:27,Ps 67:27,16,16,0,copticchurch_date,The fourth Sunday of Paona | Liturgy | Psalm,the Eucharistic gathering of the Church,,ps-68,ps-68,Patristic homily linkage is not present in this repo and must be joined from the site corpus when George pushes.
rid_d40f34c12ca646bcd302,Ps 68:3 (LXX Ps 67:3),Ps 68:3,Ps 67:3,461,461,0,copticchurch_date; katameros_cycle; special_service,Abib 11 | Liturgy | Psalm,awakening to praise and repentance; evening thanksgiving and watchfulness; the Eucharistic gathering of the Church,,ps-68,ps-68,Patristic homily linkage is not present in this repo and must be joined from the site corpus when George pushes.
rid_a9ef86f7bdd0a8519fa6,Ps 68:32-33 (LXX Ps 67:32-33),Ps 68:32-33,Ps 67:32-33,1,1,0,katameros_cycle,The Ascension Of Our Savior Jesus Christ | vespers_psalm | vespers_psalm,,,ps-68,ps-68,Patristic homily linkage is not present in this repo and must be joined from the site corpus when George pushes.
rid_a210e362f69e0fc13c6c,Ps 68:32-34 (LXX Ps 67:32-34),Ps 68:32-34,Ps 67:32-34,16,16,0,copticchurch_date,The Feast of the Ascension | Vespers | Psalm,evening thanksgiving and watchfulness,,ps-68,ps-68,Patristic homily linkage is not present in this repo and must be joined from the site corpus when George pushes.
rid_d8ced3aa3d7f74be44bd,Ps 68:35 (LXX Ps 67:35),Ps 68:35,Ps 67:35,323,323,0,copticchurch_date; katameros_cycle; special_service,Abib 11 | Liturgy | Psalm,awakening to praise and repentance; evening thanksgiving and watchfulness; the Eucharistic gathering of the Church,,ps-68,ps-68,Patristic homily linkage is not present in this repo and must be joined from the site corpus when George pushes.
rid_56e8ef59b1fab0208419,Ps 68:65 (LXX Ps 67:65),Ps 68:65,Ps 67:65,84,84,0,copticchurch_date,Abib 12 | Vespers | Psalm,evening thanksgiving and watchfulness,,ps-68,ps-68,Patristic homily linkage is not present in this repo and must be joined from the site corpus when George pushes.
rid_149496b1ed25a9ed714c,"Ps 69:1,69:16 (LXX Ps 68:1; Ps 68:16)","Ps 69:1,69:16",Ps 68:1; Ps 68:16,2,1,1,pascha_day_hour; pascha_source_text,Wednesday Eve | First Hour | Psalm+Gospel || Thursday Eve | First Hour | Psalm,the beginning of the day and watchfulness,,ps-69,ps-69,Patristic homily linkage is not present in this repo and must be joined from the site corpus when George pushes.
rid_73f7d128f9f5b1e1bb13,"Ps 69:1,69:9 (LXX Ps 68:1; Ps 68:9)","Ps 69:1,69:9",Ps 68:1; Ps 68:9,1,1,0,pascha_day_hour,Great Thursday Eve | First Hour | Psalm+Gospel,the beginning of the day and watchfulness,,ps-69,ps-69,Patristic homily linkage is not present in this repo and must be joined from the site corpus when George pushes.
rid_b12c328eec8b0a237b95,"Ps 69:1-2,69:21 (LXX Ps 68:1-2; Ps 68:21)","Ps 69:1-2,69:21",Ps 68:1-2; Ps 68:21,1,0,1,pascha_source_text,Good Friday | Ninth Hour | Psalm,the saving death of Christ and repentance,,ps-69,ps-69,Patristic homily linkage is not present in this repo and must be joined from the site corpus when George pushes.
rid_a2e15120b4b9057e101f,Ps 69:16 (LXX Ps 68:17),Ps 69:16,Ps 68:17,1,1,0,coptic_reader_fixture,Wednesday | Eleventh Hour | psalm,the late call to repentance and mercy,,ps-69,ps-69,Patristic homily linkage is not present in this repo and must be joined from the site corpus when George pushes.
rid_f7dce566f98596f724e3,Ps 69:17 (LXX Ps 68:17),Ps 69:17,Ps 68:17,1,0,0,pascha_day_hour,Wednesday | Eleventh Hour | Psalm+Gospel,the late call to repentance and mercy,,ps-69,ps-69,Patristic homily linkage is not present in this repo and must be joined from the site corpus when George pushes.
rid_7578846ffd74d71b8653,"Ps 69:2,69:3,69:21 (LXX Ps 68:2; Ps 68:3; Ps 68:21)","Ps 69:2,69:3,69:21",Ps 68:2; Ps 68:3; Ps 68:21,1,1,0,pascha_day_hour,Good Friday | Ninth Hour | Psalm+Gospel,the saving death of Christ and repentance,,ps-69,ps-69,Patristic homily linkage is not present in this repo and must be joined from the site corpus when George pushes.
rid_40b0aa5cdc4dd720eeba,Ps 69:25-26 (LXX Ps 68:25-26),Ps 69:25-26,Ps 68:25-26,24,24,0,copticchurch_date,Fast of Ninevah | Vespers | Psalm || Toba 29 | Vespers | Psalm,evening thanksgiving and watchfulness,,ps-69,ps-69,Patristic homily linkage is not present in this repo and must be joined from the site corpus when George pushes.
rid_33f729c537fa32de8f30,Ps 69:30 (LXX Ps 68:30),Ps 69:30,Ps 68:30,18,18,0,copticchurch_date; katameros_cycle,Friday of the sixth week of the holy fifty days | Liturgy | Psalm,the Eucharistic gathering of the Church,,ps-69,ps-69,Patristic homily linkage is not present in this repo and must be joined from the site corpus when George pushes.
rid_a9ee1683f6ec1bb20344,Ps 69:32 (LXX Ps 68:32),Ps 69:32,Ps 68:32,18,18,0,copticchurch_date; katameros_cycle,Friday of the sixth week of the holy fifty days | Liturgy | Psalm,the Eucharistic gathering of the Church,,ps-69,ps-69,Patristic homily linkage is not present in this repo and must be joined from the site corpus when George pushes.
rid_e4c22cc080d5cafbff40,Ps 69:33 (LXX Ps 68:33),Ps 69:33,Ps 68:33,18,18,0,copticchurch_date; katameros_cycle,Friday of the sixth week of the holy fifty days | Liturgy | Psalm,the Eucharistic gathering of the Church,,ps-69,ps-69,Patristic homily linkage is not present in this repo and must be joined from the site corpus when George pushes.
rid_7723bfeb2b6e2371de51,Ps 6:1,Ps 6:1,Ps 6:1,1,1,0,katameros_cycle,Third Sunday of Baunahh | vespers_psalm | vespers_psalm,,,ps-6,ps-6,Patristic homily linkage is not present in this repo and must be joined from the site corpus when George pushes.
rid_7727752ced614b97f28b,Ps 6:1-2 (LXX Ps 6:2-3),Ps 6:1-2,Ps 6:2-3,3,3,0,coptic_reader_fixture; katameros_cycle; special_service,matins_psalm | matins_psalm || unction_of_the_sick | first_prayer | first_prayer || Wednesday | Eleventh Hour | psalm,the late call to repentance and mercy,,ps-6,ps-6,Patristic homily linkage is not present in this repo and must be joined from the site corpus when George pushes.
rid_920a10655ce726a83e08,Ps 6:2,Ps 6:2,Ps 6:2,15,15,0,copticchurch_date,The third Sunday of Paona | Vespers | Psalm,evening thanksgiving and watchfulness,,ps-6,ps-6,Patristic homily linkage is not present in this repo and must be joined from the site corpus when George pushes.
rid_c14d6ec7e6088fbdcf20,"Ps 6:2,6:3,69:17 (LXX Ps 6:2,6:3,69:17; Ps 6:2,6:3,69:17; Ps 68:17)","Ps 6:2,6:3,69:17","Ps 6:2,6:3,69:17; Ps 6:2,6:3,69:17; Ps 68:17",1,0,1,pascha_source_text,Wednesday | Eleventh Hour | Psalm,the late call to repentance and mercy,,ps-6,ps-6,Patristic homily linkage is not present in this repo and must be joined from the site corpus when George pushes.
rid_6a749188726ed430761c,Ps 6:2-3,Ps 6:2-3,Ps 6:2-3,1,0,0,pascha_day_hour,Wednesday | Eleventh Hour | Psalm+Gospel,the late call to repentance and mercy,,ps-6,ps-6,Patristic homily linkage is not present in this repo and must be joined from the site corpus when George pushes.
rid_0e0228ec890c839fa049,Ps 70 (LXX Ps 69),Ps 70,Ps 69,4,4,0,agpeya,First Hour (Prime / Morning Prayer) | First Hour (Prime / Morning Prayer) | psalm || Midnight Prayer - First Watch | Midnight Prayer - First Watch | psalm || Sixth Hour (Sext) | Sixth Hour (Sext) | psalm || Veil Prayer | Veil Prayer | psalm,,,ps-70,ps-70,Patristic homily linkage is not present in this repo and must be joined from the site corpus when George pushes.
rid_72fe2a03f1c8eb22e049,Ps 70:1 (LXX Ps 69:1),Ps 70:1,Ps 69:1,17,17,0,copticchurch_date; katameros_cycle,Friday of the fourth week of the holy fifty days | Matins | Psalm,awakening to praise and repentance,,ps-70,ps-70,Patristic homily linkage is not present in this repo and must be joined from the site corpus when George pushes.
rid_a369a3825ce212eace9f,"Ps 70:1,70:2 (LXX Ps 69:1; Ps 69:2)","Ps 70:1,70:2",Ps 69:1; Ps 69:2,16,16,0,copticchurch_date,Friday of the fourth week of the holy fifty days | Vespers | Psalm,evening thanksgiving and watchfulness,,ps-70,ps-70,Patristic homily linkage is not present in this repo and must be joined from the site corpus when George pushes.
rid_a2c61fc1bb8c0b46c4c6,Ps 70:1-2 (LXX Ps 69:1-2),Ps 70:1-2,Ps 69:1-2,1,1,0,katameros_cycle,vespers_psalm | vespers_psalm,,,ps-70,ps-70,Patristic homily linkage is not present in this repo and must be joined from the site corpus when George pushes.
rid_3f024b09125110bc07d7,Ps 70:5 (LXX Ps 69:5),Ps 70:5,Ps 69:5,84,84,0,copticchurch_date; katameros_cycle,Friday of the fourth week of the holy fifty days | Matins | Psalm,awakening to praise and repentance; the Eucharistic gathering of the Church,,ps-70,ps-70,Patristic homily linkage is not present in this repo and must be joined from the site corpus when George pushes.
rid_cdbc47d9e2e491867bfb,Ps 71:18-19 (LXX Ps 70:18-19),Ps 71:18-19,Ps 70:18-19,1,0,1,pascha_source_text,Monday | First Hour | Psalm,the beginning of the day and watchfulness,,ps-71,ps-71,Patristic homily linkage is not present in this repo and must be joined from the site corpus when George pushes.
rid_77a9ba5ce6e6b2ec39ce,Ps 71:5-7 (LXX Ps 70:5-7),Ps 71:5-7,Ps 70:5-7,17,17,0,copticchurch_date; katameros_cycle,The third Sunday of Baba | Vespers | Psalm,evening thanksgiving and watchfulness,,ps-71,ps-71,Patristic homily linkage is not present in this repo and must be joined from the site corpus when George pushes.
rid_c49ccce455aa8f634c50,Ps 71:7-8 (LXX Ps 70:7-8),Ps 71:7-8,Ps 70:7-8,17,17,0,copticchurch_date; katameros_cycle,The third Sunday of Baba | Liturgy | Psalm,the Eucharistic gathering of the Church,,ps-71,ps-71,Patristic homily linkage is not present in this repo and must be joined from the site corpus when George pushes.
rid_dad5112f8b42c132267b,Ps 72:1-19 (LXX Ps 71:1-19),Ps 72:1-19,Ps 71:1-19,1,1,0,pascha_day_hour,Monday | First Hour | OT3,the beginning of the day and watchfulness,,ps-72,ps-72,Patristic homily linkage is not present in this repo and must be joined from the site corpus when George pushes.
rid_e61b20ab13d110a3818b,Ps 72:1-2 (LXX Ps 71:1-2),Ps 72:1-2,Ps 71:1-2,14,14,0,copticchurch_date; katameros_cycle,Kiak 30 | Vespers | Psalm,evening thanksgiving and watchfulness,,ps-72,ps-72,Patristic homily linkage is not present in this repo and must be joined from the site corpus when George pushes.
rid_641f2ed26a101616f41f,Ps 72:10 (LXX Ps 71:10),Ps 72:10,Ps 71:10,21,21,0,copticchurch_date; katameros_cycle,Christmas | Vespers | Psalm,evening thanksgiving and watchfulness,,ps-72,ps-72,Patristic homily linkage is not present in this repo and must be joined from the site corpus when George pushes.
rid_deba6ee66b593183ef0b,Ps 72:11 (LXX Ps 71:11),Ps 72:11,Ps 71:11,15,15,0,copticchurch_date; katameros_cycle; special_service,Kiak 30 | Matins | Psalm,awakening to praise and repentance,,ps-72,ps-72,Patristic homily linkage is not present in this repo and must be joined from the site corpus when George pushes.
rid_e8eced48c530d5606657,Ps 72:15 (LXX Ps 71:15),Ps 72:15,Ps 71:15,21,21,0,copticchurch_date; katameros_cycle,Christmas | Matins | Psalm,awakening to praise and repentance,,ps-72,ps-72,Patristic homily linkage is not present in this repo and must be joined from the site corpus when George pushes.
rid_49bfec5defe20868c158,Ps 72:17 (LXX Ps 71:17),Ps 72:17,Ps 71:17,14,14,0,copticchurch_date; katameros_cycle,Kiak 30 | Liturgy | Psalm,the Eucharistic gathering of the Church,,ps-72,ps-72,Patristic homily linkage is not present in this repo and must be joined from the site corpus when George pushes.
rid_dc9da15e1e47924e6604,Ps 72:18-19 (LXX Ps 71:18-19),Ps 72:18-19,Ps 71:18-19,1,1,0,pascha_day_hour,Monday | First Hour | Psalm+Gospel,the beginning of the day and watchfulness,,ps-72,ps-72,Patristic homily linkage is not present in this repo and must be joined from the site corpus when George pushes.
rid_8c10cc3da941df72144e,Ps 72:19 (LXX Ps 71:19),Ps 72:19,Ps 71:19,14,14,0,copticchurch_date; katameros_cycle,Kiak 30 | Matins | Psalm,awakening to praise and repentance,,ps-72,ps-72,Patristic homily linkage is not present in this repo and must be joined from the site corpus when George pushes.
rid_9d9be588a7379f907fe3,Ps 72:6-7 (LXX Ps 71:6-7),Ps 72:6-7,Ps 71:6-7,46,46,0,copticchurch_date; katameros_cycle,Annunciation | Matins | Psalm,awakening to praise and repentance,,ps-72,ps-72,Patristic homily linkage is not present in this repo and must be joined from the site corpus when George pushes.
rid_7a86e72c0ef4688be58e,Ps 73:23 (LXX Ps 72:23),Ps 73:23,Ps 72:23,410,410,0,copticchurch_date; katameros_cycle,Abib 14 | Matins | Psalm,awakening to praise and repentance; the Eucharistic gathering of the Church,,ps-73,ps-73,Patristic homily linkage is not present in this repo and must be joined from the site corpus when George pushes.
rid_28c76de7752ddc212572,"Ps 73:23,73:24,73:28 (LXX Ps 72:23; Ps 72:24; Ps 72:28)","Ps 73:23,73:24,73:28",Ps 72:23; Ps 72:24; Ps 72:28,18,18,0,copticchurch_date,Amshir 18 | Liturgy | Psalm || Fast of Ninevah | Liturgy | Psalm || Kiak 1 | Liturgy | Psalm,the Eucharistic gathering of the Church,,ps-73,ps-73,Patristic homily linkage is not present in this repo and must be joined from the site corpus when George pushes.
rid_59a4739e08bb44f1596a,Ps 73:24 (LXX Ps 72:24),Ps 73:24,Ps 72:24,410,410,0,copticchurch_date; katameros_cycle,Abib 14 | Matins | Psalm,awakening to praise and repentance; the Eucharistic gathering of the Church,,ps-73,ps-73,Patristic homily linkage is not present in this repo and must be joined from the site corpus when George pushes.
rid_cf0b25f3e901a3016d43,Ps 73:28 (LXX Ps 72:28),Ps 73:28,Ps 72:28,410,410,0,copticchurch_date; katameros_cycle,Abib 14 | Matins | Psalm,awakening to praise and repentance; the Eucharistic gathering of the Church,,ps-73,ps-73,Patristic homily linkage is not present in this repo and must be joined from the site corpus when George pushes.
rid_aed2ab2699f759e9b617,Ps 74:12 (LXX Ps 73:12),Ps 74:12,Ps 73:12,35,35,0,copticchurch_date; katameros_cycle,"Sunday, Tout 19 (Feast of the Cross) | Matins | Psalm || Tout 19 (Feast of the Cross) | Matins | Psalm",awakening to praise and repentance; the Eucharistic gathering of the Church,,ps-74,ps-74,Patristic homily linkage is not present in this repo and must be joined from the site corpus when George pushes.
rid_567e226425f209d1f77b,Ps 74:13 (LXX Ps 73:13),Ps 74:13,Ps 73:13,17,17,0,copticchurch_date; katameros_cycle,Wednesday of the fourth week of the holy fifty days | Liturgy | Psalm,the Eucharistic gathering of the Church,,ps-74,ps-74,Patristic homily linkage is not present in this repo and must be joined from the site corpus when George pushes.
rid_a338edd3b11ffd46b5d7,Ps 74:2 (LXX Ps 73:2),Ps 74:2,Ps 73:2,18,18,0,copticchurch_date; katameros_cycle,"Sunday, Tout 19 (Feast of the Cross) | Matins | Psalm || Tout 19 (Feast of the Cross) | Matins | Psalm",awakening to praise and repentance,,ps-74,ps-74,Patristic homily linkage is not present in this repo and must be joined from the site corpus when George pushes.
rid_1867d9c2b0daca87e6b2,Ps 74:22 (LXX Ps 73:22),Ps 74:22,Ps 73:22,17,17,0,copticchurch_date; katameros_cycle,Wednesday of the fourth week of the holy fifty days | Liturgy | Psalm,the Eucharistic gathering of the Church,,ps-74,ps-74,Patristic homily linkage is not present in this repo and must be joined from the site corpus when George pushes.
rid_9ffd4391d683c6f38edb,Ps 74:23 (LXX Ps 73:23),Ps 74:23,Ps 73:23,17,17,0,copticchurch_date; katameros_cycle,Wednesday of the fourth week of the holy fifty days | Liturgy | Psalm,the Eucharistic gathering of the Church,,ps-74,ps-74,Patristic homily linkage is not present in this repo and must be joined from the site corpus when George pushes.
rid_a3f5073dddfb441f0ed7,Ps 76:1 (LXX Ps 75:1),Ps 76:1,Ps 75:1,20,20,0,copticchurch_date,Christmas Paramoune | Matins | Psalm,awakening to praise and repentance,,ps-76,ps-76,Patristic homily linkage is not present in this repo and must be joined from the site corpus when George pushes.
rid_1f20371b4a5551e7ef24,Ps 76:1-2 (LXX Ps 75:1-2),Ps 76:1-2,Ps 75:1-2,1,1,0,katameros_cycle,matins_psalm | matins_psalm,,,ps-76,ps-76,Patristic homily linkage is not present in this repo and must be joined from the site corpus when George pushes.
rid_3ae45eb723ee46f8eff0,Ps 76:2 (LXX Ps 75:2),Ps 76:2,Ps 75:2,20,20,0,copticchurch_date,Christmas Paramoune | Matins | Psalm,awakening to praise and repentance,,ps-76,ps-76,Patristic homily linkage is not present in this repo and must be joined from the site corpus when George pushes.
rid_95536f0a043fd3d1ab0d,Ps 77:14-16 (LXX Ps 76:14-16),Ps 77:14-16,Ps 76:14-16,30,30,0,copticchurch_date; katameros_cycle,Baba 6 | Liturgy | Psalm,the Eucharistic gathering of the Church,,ps-77,ps-77,Patristic homily linkage is not present in this repo and must be joined from the site corpus when George pushes.
rid_f815527d8b80496db005,Ps 77:18-19 (LXX Ps 76:18-19),Ps 77:18-19,Ps 76:18-19,17,17,0,copticchurch_date; katameros_cycle,The third Sunday of Toba | Vespers | Psalm,evening thanksgiving and watchfulness,,ps-77,ps-77,Patristic homily linkage is not present in this repo and must be joined from the site corpus when George pushes.
rid_ee6c6084087b6ec73829,Ps 77:2 (LXX Ps 76:2),Ps 77:2,Ps 76:2,17,17,0,copticchurch_date; katameros_cycle,Saturday of the first week of the holy fifty days | Matins | Psalm,awakening to praise and repentance,,ps-77,ps-77,Patristic homily linkage is not present in this repo and must be joined from the site corpus when George pushes.
rid_648003a54a81786f5c66,Ps 78:20 (LXX Ps 77:20),Ps 78:20,Ps 77:20,1,1,0,katameros_cycle,Fourth Sunday of Tubah | vespers_psalm | vespers_psalm,,,ps-78,ps-78,Patristic homily linkage is not present in this repo and must be joined from the site corpus when George pushes.
rid_5c17f42e8fd8ac82bd34,"Ps 78:20,78:23 (LXX Ps 77:20; Ps 77:23)","Ps 78:20,78:23",Ps 77:20; Ps 77:23,16,16,0,copticchurch_date,The fourth Sunday of Toba | Vespers | Psalm,evening thanksgiving and watchfulness,,ps-78,ps-78,Patristic homily linkage is not present in this repo and must be joined from the site corpus when George pushes.
rid_c041ce29ffaf5aa703a9,Ps 78:23 (LXX Ps 77:23),Ps 78:23,Ps 77:23,1,1,0,katameros_cycle,Fourth Sunday of Tubah | vespers_psalm | vespers_psalm,,,ps-78,ps-78,Patristic homily linkage is not present in this repo and must be joined from the site corpus when George pushes.
rid_10df080e33a7ea7d14a9,Ps 78:38-39 (LXX Ps 77:38-39),Ps 78:38-39,Ps 77:38-39,1,1,0,special_service,funeral | part_3 | part_3,,,ps-78,ps-78,Patristic homily linkage is not present in this repo and must be joined from the site corpus when George pushes.
rid_a8585c15f59659cd309d,Ps 78:5 (LXX Ps 77:5),Ps 78:5,Ps 77:5,87,87,0,copticchurch_date; katameros_cycle,Abib 23 | Liturgy | Psalm,the Eucharistic gathering of the Church,,ps-78,ps-78,Patristic homily linkage is not present in this repo and must be joined from the site corpus when George pushes.
rid_54ef61680c82d4becdef,Ps 78:65 (LXX Ps 77:65),Ps 78:65,Ps 77:65,17,17,0,copticchurch_date; katameros_cycle,The Feast of Resurrection | Matins | Psalm,awakening to praise and repentance,,ps-78,ps-78,Patristic homily linkage is not present in this repo and must be joined from the site corpus when George pushes.
rid_0d4bdf07dd0603790141,Ps 78:69 (LXX Ps 77:69),Ps 78:69,Ps 77:69,17,17,0,copticchurch_date; katameros_cycle,The Feast of Resurrection | Matins | Psalm,awakening to praise and repentance,,ps-78,ps-78,Patristic homily linkage is not present in this repo and must be joined from the site corpus when George pushes.
rid_050dfe3b6dbe1466dbbf,Ps 78:70-72 (LXX Ps 77:70-72),Ps 78:70-72,Ps 77:70-72,1,1,0,katameros_cycle,liturgy_psalm | liturgy_psalm,,,ps-78,ps-78,Patristic homily linkage is not present in this repo and must be joined from the site corpus when George pushes.
rid_109134b6ee0d20e78b32,Ps 79:13 (LXX Ps 78:13),Ps 79:13,Ps 78:13,2,2,0,katameros_cycle,Fourth Sunday of Babah | liturgy_psalm | liturgy_psalm || Third Sunday of Bashans | vespers_psalm | vespers_psalm,,,ps-79,ps-79,Patristic homily linkage is not present in this repo and must be joined from the site corpus when George pushes.
rid_704e8d77c991452776de,Ps 79:8 (LXX Ps 78:8),Ps 79:8,Ps 78:8,16,16,0,copticchurch_date,Saturday of the sixth week of Great Lent | Matins | Psalm,awakening to praise and repentance,,ps-79,ps-79,Patristic homily linkage is not present in this repo and must be joined from the site corpus when George pushes.
rid_8d74265cc8197a81ff45,Ps 79:8-9 (LXX Ps 78:8-9),Ps 79:8-9,Ps 78:8-9,18,18,0,copticchurch_date; katameros_cycle,Sunday of the third week of Great Lent | Liturgy | Psalm,the Eucharistic gathering of the Church,,ps-79,ps-79,Patristic homily linkage is not present in this repo and must be joined from the site corpus when George pushes.
rid_f6c4e57ef8b83b40e0fb,Ps 79:9 (LXX Ps 78:9),Ps 79:9,Ps 78:9,17,17,0,copticchurch_date; katameros_cycle,Saturday of the sixth week of Great Lent | Matins | Psalm,awakening to praise and repentance,,ps-79,ps-79,Patristic homily linkage is not present in this repo and must be joined from the site corpus when George pushes.
rid_eea607bf235e7a1732d2,Ps 7:1,Ps 7:1,Ps 7:1,17,17,0,copticchurch_date; katameros_cycle,Monday of the third week of the holy fifty days | Liturgy | Psalm,the Eucharistic gathering of the Church,,ps-7,ps-7,Patristic homily linkage is not present in this repo and must be joined from the site corpus when George pushes.
rid_e702dda75f0ea453f291,Ps 7:1-2,Ps 7:1-2,Ps 7:1-2,2,1,1,pascha_day_hour; pascha_source_text,Wednesday Eve | Ninth Hour | Psalm+Gospel || Thursday Eve | Ninth Hour | Psalm,the saving death of Christ and repentance,,ps-7,ps-7,Patristic homily linkage is not present in this repo and must be joined from the site corpus when George pushes.
rid_084eaa48950efbd29598,Ps 7:10,Ps 7:10,Ps 7:10,16,16,0,copticchurch_date,Tuesday of the third week of the holy fifty days | Liturgy | Psalm,the Eucharistic gathering of the Church,,ps-7,ps-7,Patristic homily linkage is not present in this repo and must be joined from the site corpus when George pushes.
rid_2891d0a936938232dde7,"Ps 7:10,7:11","Ps 7:10,7:11","Ps 7:10,7:11",16,16,0,copticchurch_date,The second Sunday of Tout | Vespers | Psalm,evening thanksgiving and watchfulness,,ps-7,ps-7,Patristic homily linkage is not present in this repo and must be joined from the site corpus when George pushes.
rid_fcb5bdc68b63e29434dd,Ps 7:10-11,Ps 7:10-11,Ps 7:10-11,2,2,0,katameros_cycle,Second Sunday of Tut | vespers_psalm | vespers_psalm || liturgy_psalm | liturgy_psalm,,,ps-7,ps-7,Patristic homily linkage is not present in this repo and must be joined from the site corpus when George pushes.
rid_6241d04355eb9ed77993,Ps 7:11,Ps 7:11,Ps 7:11,16,16,0,copticchurch_date,Tuesday of the third week of the holy fifty days | Liturgy | Psalm,the Eucharistic gathering of the Church,,ps-7,ps-7,Patristic homily linkage is not present in this repo and must be joined from the site corpus when George pushes.
rid_342b2815d306f6bc368e,Ps 7:17,Ps 7:17,Ps 7:17,17,17,0,copticchurch_date; katameros_cycle,Monday of the third week of the holy fifty days | Liturgy | Psalm,the Eucharistic gathering of the Church,,ps-7,ps-7,Patristic homily linkage is not present in this repo and must be joined from the site corpus when George pushes.
rid_fec6728e09658e68638f,Ps 7:6,Ps 7:6,Ps 7:6,17,17,0,copticchurch_date; katameros_cycle,Tuesday of the second week of the holy fifty days | Matins | Psalm,awakening to praise and repentance,,ps-7,ps-7,Patristic homily linkage is not present in this repo and must be joined from the site corpus when George pushes.
rid_16f1569e2bfbbf0387d3,Ps 7:6-8,Ps 7:6-8,Ps 7:6-8,17,17,0,copticchurch_date; katameros_cycle,Tuesday of the second week of the holy fifty days | Liturgy | Psalm,the Eucharistic gathering of the Church,,ps-7,ps-7,Patristic homily linkage is not present in this repo and must be joined from the site corpus when George pushes.
rid_8bb086c17fd7d732b523,Ps 7:8,Ps 7:8,Ps 7:8,17,17,0,copticchurch_date; katameros_cycle,Tuesday of the second week of the holy fifty days | Matins | Psalm,awakening to praise and repentance,,ps-7,ps-7,Patristic homily linkage is not present in this repo and must be joined from the site corpus when George pushes.
rid_028c33d277b24cfe8f1d,Ps 8,Ps 8,Ps 8,1,1,0,agpeya,First Hour (Prime / Morning Prayer) | First Hour (Prime / Morning Prayer) | psalm,,,ps-8,ps-8,Patristic homily linkage is not present in this repo and must be joined from the site corpus when George pushes.
rid_f4c5e100aaa72f01709e,Ps 80:1 (LXX Ps 79:1),Ps 80:1,Ps 79:1,17,17,0,copticchurch_date; katameros_cycle,Palm Sunday | Liturgy | Psalm,the Eucharistic gathering of the Church,,ps-80,ps-80,Patristic homily linkage is not present in this repo and must be joined from the site corpus when George pushes.
rid_3ec9d2a02a58af4a005d,Ps 80:1-3 (LXX Ps 79:1-3),Ps 80:1-3,Ps 79:1-3,31,31,0,copticchurch_date; katameros_cycle,Hator 8 | Liturgy | Psalm,the Eucharistic gathering of the Church,,ps-80,ps-80,Patristic homily linkage is not present in this repo and must be joined from the site corpus when George pushes.
rid_85efe8b88232c14b85c7,Ps 80:14-15 (LXX Ps 79:14-15),Ps 80:14-15,Ps 79:14-15,15,15,0,copticchurch_date; katameros_cycle,The first Sunday of Mesra | Liturgy | Psalm,the Eucharistic gathering of the Church,,ps-80,ps-80,Patristic homily linkage is not present in this repo and must be joined from the site corpus when George pushes.
rid_96aa2cb6f225e8475513,Ps 80:18 (LXX Ps 79:18),Ps 80:18,Ps 79:18,16,16,0,copticchurch_date,The fourth Sunday of Toba | Matins | Psalm,awakening to praise and repentance,,ps-80,ps-80,Patristic homily linkage is not present in this repo and must be joined from the site corpus when George pushes.
rid_a79e70d3d222e53c40ff,Ps 80:2 (LXX Ps 79:2),Ps 80:2,Ps 79:2,17,17,0,copticchurch_date; katameros_cycle,Palm Sunday | Liturgy | Psalm,the Eucharistic gathering of the Church,,ps-80,ps-80,Patristic homily linkage is not present in this repo and must be joined from the site corpus when George pushes.
rid_a9734928ed4ee0feda1c,Ps 80:3 (LXX Ps 79:3),Ps 80:3,Ps 79:3,17,17,0,copticchurch_date; katameros_cycle,Palm Sunday | Liturgy | Psalm,the Eucharistic gathering of the Church,,ps-80,ps-80,Patristic homily linkage is not present in this repo and must be joined from the site corpus when George pushes.
rid_f380a5bd8df953a134fe,"Ps 80:3,80:1,80:2 (LXX Ps 79:3; Ps 79:1; Ps 79:2)","Ps 80:3,80:1,80:2",Ps 79:3; Ps 79:1; Ps 79:2,1,1,0,pascha_day_hour,Palm Sunday | Liturgy | Psalm+Gospel,the Eucharistic gathering of the Church,,ps-80,ps-80,Patristic homily linkage is not present in this repo and must be joined from the site corpus when George pushes.
rid_27f6334bfe1e549af9e1,Ps 80:7 (LXX Ps 79:7),Ps 80:7,Ps 79:7,16,16,0,copticchurch_date,The fourth Sunday of Toba | Matins | Psalm,awakening to praise and repentance,,ps-80,ps-80,Patristic homily linkage is not present in this repo and must be joined from the site corpus when George pushes.
rid_dab72669194848826b1d,Ps 81:1 (LXX Ps 80:1),Ps 81:1,Ps 80:1,18,18,0,copticchurch_date; katameros_cycle; special_service,Feast of Nayrouz - (Readings of the First of Tut) | Liturgy | Psalm || Tout 1 | Liturgy | Psalm,the Eucharistic gathering of the Church,,ps-81,ps-81,Patristic homily linkage is not present in this repo and must be joined from the site corpus when George pushes.
rid_c36c3e1565cdd2d6103b,Ps 81:2 (LXX Ps 80:2),Ps 81:2,Ps 80:2,1,1,0,special_service,palm_sunday | first_gospel | first_gospel,,,ps-81,ps-81,Patristic homily linkage is not present in this repo and must be joined from the site corpus when George pushes.
rid_5c0ae99ddcb0a2fdf495,Ps 81:3 (LXX Ps 80:3),Ps 81:3,Ps 80:3,1,1,0,special_service,palm_sunday | first_gospel | first_gospel,,,ps-81,ps-81,Patristic homily linkage is not present in this repo and must be joined from the site corpus when George pushes.
rid_f8f2076245dbebdb64f4,Ps 81:6 (LXX Ps 80:6),Ps 81:6,Ps 80:6,16,16,0,copticchurch_date,Monday of the seventh week of the holy fifty days | Liturgy | Psalm,the Eucharistic gathering of the Church,,ps-81,ps-81,Patristic homily linkage is not present in this repo and must be joined from the site corpus when George pushes.
rid_839d88fdb7b8bec8ebc7,Ps 81:8 (LXX Ps 80:8),Ps 81:8,Ps 80:8,16,16,0,copticchurch_date,Monday of the seventh week of the holy fifty days | Liturgy | Psalm,the Eucharistic gathering of the Church,,ps-81,ps-81,Patristic homily linkage is not present in this repo and must be joined from the site corpus when George pushes.
rid_efd28593fbc11bd87f33,Ps 82:6 (LXX Ps 81:6),Ps 82:6,Ps 81:6,16,16,0,copticchurch_date; katameros_cycle,The first Sunday of Amshir | Vespers | Psalm,evening thanksgiving and watchfulness,,ps-82,ps-82,Patristic homily linkage is not present in this repo and must be joined from the site corpus when George pushes.
rid_c6e5abb3b44d8783f05f,Ps 82:8 (LXX Ps 81:8),Ps 82:8,Ps 81:8,17,17,0,copticchurch_date; katameros_cycle; pascha_day_hour,The first Sunday of Amshir | Vespers | Psalm,evening thanksgiving and watchfulness; the Eucharistic gathering of the Church,,ps-82,ps-82,Patristic homily linkage is not present in this repo and must be joined from the site corpus when George pushes.
rid_494b4f4a32be5964f7a7,"Ps 83:2,83:5 (LXX Ps 82:2; Ps 82:5)","Ps 83:2,83:5",Ps 82:2; Ps 82:5,1,0,0,pascha_day_hour,Wednesday | Sixth Hour | Psalm+Gospel,the Cross and the Lord's willing suffering,,ps-83,ps-83,Patristic homily linkage is not present in this repo and must be joined from the site corpus when George pushes.
rid_18b55f425668a05bfcc3,Ps 83:7 (LXX Ps 82:7),Ps 83:7,Ps 82:7,9,9,0,copticchurch_date; katameros_cycle,The second Sunday of Toba | Liturgy | Psalm || Second Sunday of Tubah | liturgy_psalm | liturgy_psalm,the Eucharistic gathering of the Church,,ps-83,ps-83,Patristic homily linkage is not present in this repo and must be joined from the site corpus when George pushes.
rid_73090390adea9256fdd8,Ps 84 (LXX Ps 83),Ps 84,Ps 83,1,1,0,agpeya,Sixth Hour (Sext) | Sixth Hour (Sext) | psalm,,,ps-84,ps-84,Patristic homily linkage is not present in this repo and must be joined from the site corpus when George pushes.
rid_2085cfd33c7ff758f1c4,Ps 84:1 (LXX Ps 83:2),Ps 84:1,Ps 83:2,1,1,0,coptic_reader_fixture,Wednesday | Sixth Hour | psalm,the Cross and the Lord's willing suffering,,ps-84,ps-84,Patristic homily linkage is not present in this repo and must be joined from the site corpus when George pushes.
rid_f373745ba6292f0da820,Ps 84:1-2 (LXX Ps 83:1-2),Ps 84:1-2,Ps 83:1-2,1,1,0,special_service,palm_sunday | procession_station_09_northern_door | procession_station_09_northern_door,,,ps-84,ps-84,Patristic homily linkage is not present in this repo and must be joined from the site corpus when George pushes.
rid_a98118fc6d549fc99dd7,Ps 84:2-3 (LXX Ps 83:2-3),Ps 84:2-3,Ps 83:2-3,14,14,0,copticchurch_date,Tuesday of Ninevah's Fast | Liturgy | Psalm,the Eucharistic gathering of the Church,,ps-84,ps-84,Patristic homily linkage is not present in this repo and must be joined from the site corpus when George pushes.
rid_42c2ee213a2981373d2c,Ps 84:3-4 (LXX Ps 83:3-4),Ps 84:3-4,Ps 83:3-4,17,17,0,copticchurch_date; katameros_cycle,Tout 16 | Vespers | Psalm,evening thanksgiving and watchfulness,,ps-84,ps-84,Patristic homily linkage is not present in this repo and must be joined from the site corpus when George pushes.
rid_636b325ce818d089c903,Ps 84:4 (LXX Ps 83:5),Ps 84:4,Ps 83:5,18,18,0,coptic_reader_fixture; copticchurch_date; katameros_cycle,The fourth Sunday of Paona | Vespers | Psalm,evening thanksgiving and watchfulness; the Cross and the Lord's willing suffering,,ps-84,ps-84,Patristic homily linkage is not present in this repo and must be joined from the site corpus when George pushes.
rid_f9525b5ceeda36ecb5ac,Ps 84:8 (LXX Ps 83:8),Ps 84:8,Ps 83:8,17,17,0,copticchurch_date; katameros_cycle,The fourth Sunday of Paona | Vespers | Psalm,evening thanksgiving and watchfulness,,ps-84,ps-84,Patristic homily linkage is not present in this repo and must be joined from the site corpus when George pushes.
rid_6c4dd45742b6e05dd1bc,Ps 85 (LXX Ps 84),Ps 85,Ps 84,2,2,0,agpeya; special_service,Sixth Hour (Sext) | Sixth Hour (Sext) | psalm || altar_consecration | part_3 | part_3,,,ps-85,ps-85,Patristic homily linkage is not present in this repo and must be joined from the site corpus when George pushes.
rid_585f2da5eb29afb56313,Ps 85:10-11 (LXX Ps 84:10-11),Ps 85:10-11,Ps 84:10-11,17,17,0,copticchurch_date; katameros_cycle,The third Sunday of Kiak | Liturgy | Psalm,the Eucharistic gathering of the Church,,ps-85,ps-85,Patristic homily linkage is not present in this repo and must be joined from the site corpus when George pushes.
rid_8b010593241be02e0ca4,Ps 85:12-13 (LXX Ps 84:12-13),Ps 85:12-13,Ps 84:12-13,16,16,0,copticchurch_date,The fourth Sunday of Abib | Matins | Psalm,awakening to praise and repentance,,ps-85,ps-85,Patristic homily linkage is not present in this repo and must be joined from the site corpus when George pushes.
rid_a7f0efbd022eb11069af,Ps 85:7 (LXX Ps 84:7),Ps 85:7,Ps 84:7,16,16,0,copticchurch_date,The third Sunday of Kiak | Matins | Psalm,awakening to praise and repentance,,ps-85,ps-85,Patristic homily linkage is not present in this repo and must be joined from the site corpus when George pushes.
rid_fea5402b9050019ca031,Ps 85:7-8 (LXX Ps 84:7-8),Ps 85:7-8,Ps 84:7-8,1,1,0,katameros_cycle,Third Sunday of Kiyank - Abstinence | matins_psalm | matins_psalm,,,ps-85,ps-85,Patristic homily linkage is not present in this repo and must be joined from the site corpus when George pushes.
rid_40cb0e7fbfe9d4b504d0,Ps 85:8 (LXX Ps 84:8),Ps 85:8,Ps 84:8,16,16,0,copticchurch_date,The third Sunday of Kiak | Matins | Psalm,awakening to praise and repentance,,ps-85,ps-85,Patristic homily linkage is not present in this repo and must be joined from the site corpus when George pushes.
rid_9b05243f500a48e3aeb9,Ps 86 (LXX Ps 85),Ps 86,Ps 85,3,3,0,agpeya,Midnight Prayer - First Watch | Midnight Prayer - First Watch | psalm || Sixth Hour (Sext) | Sixth Hour (Sext) | psalm || Veil Prayer | Veil Prayer | psalm,,,ps-86,ps-86,Patristic homily linkage is not present in this repo and must be joined from the site corpus when George pushes.
rid_560cad65ef72f5f1d0df,Ps 86:10 (LXX Ps 85:10),Ps 86:10,Ps 85:10,34,34,0,copticchurch_date; katameros_cycle,Friday of the third week of the holy fifty days | Liturgy | Psalm,evening thanksgiving and watchfulness; the Eucharistic gathering of the Church,,ps-86,ps-86,Patristic homily linkage is not present in this repo and must be joined from the site corpus when George pushes.
rid_cffa877c0d6432aa95c1,Ps 86:12 (LXX Ps 85:12),Ps 86:12,Ps 85:12,49,49,0,copticchurch_date; katameros_cycle,Friday of the third week of the holy fifty days | Liturgy | Psalm,evening thanksgiving and watchfulness; the Eucharistic gathering of the Church,,ps-86,ps-86,Patristic homily linkage is not present in this repo and must be joined from the site corpus when George pushes.
rid_1edc6c0651dcbab543f4,Ps 86:12-13 (LXX Ps 85:12-13),Ps 86:12-13,Ps 85:12-13,2,2,0,katameros_cycle,Fourth Sunday of Abib | matins_psalm | matins_psalm || liturgy_psalm | liturgy_psalm,,,ps-86,ps-86,Patristic homily linkage is not present in this repo and must be joined from the site corpus when George pushes.
rid_659fe715e250e984f2fc,Ps 86:13 (LXX Ps 85:13),Ps 86:13,Ps 85:13,15,15,0,copticchurch_date,Monday of the seventh week of Great Lent | Liturgy | Psalm,the Eucharistic gathering of the Church,,ps-86,ps-86,Patristic homily linkage is not present in this repo and must be joined from the site corpus when George pushes.
rid_6731342e4c1831536b00,Ps 86:13-14 (LXX Ps 85:13-14),Ps 86:13-14,Ps 85:13-14,13,13,0,copticchurch_date; katameros_cycle,Wednesday of the fifth week of Great Lent | Liturgy | Psalm,the Eucharistic gathering of the Church,,ps-86,ps-86,Patristic homily linkage is not present in this repo and must be joined from the site corpus when George pushes.
rid_97c343e894c0f6e2631f,Ps 86:14 (LXX Ps 85:14),Ps 86:14,Ps 85:14,16,16,0,copticchurch_date; katameros_cycle,Thursday of the fifth week of Great Lent | Matins | Psalm,awakening to praise and repentance,,ps-86,ps-86,Patristic homily linkage is not present in this repo and must be joined from the site corpus when George pushes.
rid_7eef55eae1b050470ea4,Ps 86:15-16 (LXX Ps 85:15-16),Ps 86:15-16,Ps 85:15-16,17,17,0,copticchurch_date; katameros_cycle,The third Sunday of Hator | Liturgy | Psalm,the Eucharistic gathering of the Church,,ps-86,ps-86,Patristic homily linkage is not present in this repo and must be joined from the site corpus when George pushes.
rid_777c164dde25314f39f5,Ps 86:17 (LXX Ps 85:17),Ps 86:17,Ps 85:17,33,33,0,copticchurch_date; katameros_cycle,Thursday of the fifth week of Great Lent | Liturgy | Psalm,the Eucharistic gathering of the Church,,ps-86,ps-86,Patristic homily linkage is not present in this repo and must be joined from the site corpus when George pushes.
rid_5b0d85e9407062b01a6d,Ps 86:2-4 (LXX Ps 85:2-4),Ps 86:2-4,Ps 85:2-4,17,17,0,copticchurch_date; katameros_cycle,The third Sunday of Hator | Vespers | Psalm,evening thanksgiving and watchfulness,,ps-86,ps-86,Patristic homily linkage is not present in this repo and must be joined from the site corpus when George pushes.
rid_7e224013dc36dabbf9d4,Ps 86:3-4 (LXX Ps 85:3-4),Ps 86:3-4,Ps 85:3-4,17,17,0,copticchurch_date; katameros_cycle,Monday of the fifth week of Great Lent | Liturgy | Psalm,the Eucharistic gathering of the Church,,ps-86,ps-86,Patristic homily linkage is not present in this repo and must be joined from the site corpus when George pushes.
rid_ab632d2b2397a6423d50,Ps 86:5 (LXX Ps 85:5),Ps 86:5,Ps 85:5,1,1,0,katameros_cycle,matins_psalm | matins_psalm,,,ps-86,ps-86,Patristic homily linkage is not present in this repo and must be joined from the site corpus when George pushes.
rid_b0e991dc3565f01fd01f,Ps 86:5-6 (LXX Ps 85:5-6),Ps 86:5-6,Ps 85:5-6,16,16,0,copticchurch_date,Tuesday of the fifth week of Great Lent | Matins | Psalm,awakening to praise and repentance,,ps-86,ps-86,Patristic homily linkage is not present in this repo and must be joined from the site corpus when George pushes.
rid_e14ddc8c797ff249498e,Ps 86:6 (LXX Ps 85:6),Ps 86:6,Ps 85:6,1,1,0,katameros_cycle,matins_psalm | matins_psalm,,,ps-86,ps-86,Patristic homily linkage is not present in this repo and must be joined from the site corpus when George pushes.
rid_e88cddad6fb5bd96225f,Ps 86:9-10 (LXX Ps 85:9-10),Ps 86:9-10,Ps 85:9-10,17,17,0,copticchurch_date; katameros_cycle,Friday of the fifth week of Great Lent | Matins | Psalm,awakening to praise and repentance,,ps-86,ps-86,Patristic homily linkage is not present in this repo and must be joined from the site corpus when George pushes.
rid_747bbc14beafbf3e49ac,Ps 87 (LXX Ps 86),Ps 87,Ps 86,1,1,0,agpeya,Sixth Hour (Sext) | Sixth Hour (Sext) | psalm,,,ps-87,ps-87,Patristic homily linkage is not present in this repo and must be joined from the site corpus when George pushes.
rid_d92effdabad1e692a55b,Ps 87:1 (LXX Ps 86:1),Ps 87:1,Ps 86:1,18,18,0,copticchurch_date; katameros_cycle,Transfiguration | Liturgy | Psalm,the Eucharistic gathering of the Church,,ps-87,ps-87,Patristic homily linkage is not present in this repo and must be joined from the site corpus when George pushes.
rid_af50bbc744c311404c9e,Ps 87:2 (LXX Ps 86:2),Ps 87:2,Ps 86:2,18,18,0,copticchurch_date; katameros_cycle,Transfiguration | Liturgy | Psalm,the Eucharistic gathering of the Church,,ps-87,ps-87,Patristic homily linkage is not present in this repo and must be joined from the site corpus when George pushes.
rid_7a81968f16d7c5130c8b,Ps 87:3 (LXX Ps 86:3),Ps 87:3,Ps 86:3,5,5,0,katameros_cycle,vespers_psalm | vespers_psalm,,,ps-87,ps-87,Patristic homily linkage is not present in this repo and must be joined from the site corpus when George pushes.
rid_41b634ed5ad7dd8ae58e,"Ps 87:3,87:5,87:7 (LXX Ps 86:3; Ps 86:5; Ps 86:7)","Ps 87:3,87:5,87:7",Ps 86:3; Ps 86:5; Ps 86:7,58,58,0,copticchurch_date; special_service,Fast of Ninevah | Vespers | Psalm || Kiak 3 | Vespers | Psalm,evening thanksgiving and watchfulness,,ps-87,ps-87,Patristic homily linkage is not present in this repo and must be joined from the site corpus when George pushes.
rid_f5bc61b429583ae9d921,Ps 87:5 (LXX Ps 86:5),Ps 87:5,Ps 86:5,40,40,0,copticchurch_date; katameros_cycle,The fourth Sunday of Kiak | Vespers | Psalm,evening thanksgiving and watchfulness; the Eucharistic gathering of the Church,,ps-87,ps-87,Patristic homily linkage is not present in this repo and must be joined from the site corpus when George pushes.
rid_233081e7c419a7bf5fdd,Ps 87:7 (LXX Ps 86:7),Ps 87:7,Ps 86:7,5,5,0,katameros_cycle,vespers_psalm | vespers_psalm,,,ps-87,ps-87,Patristic homily linkage is not present in this repo and must be joined from the site corpus when George pushes.
rid_db57019b3e1b6968d63a,Ps 88:1-2 (LXX Ps 87:1-2),Ps 88:1-2,Ps 87:1-2,31,31,0,copticchurch_date; katameros_cycle,Sunday of the third week of Great Lent | Vespers | Psalm,awakening to praise and repentance; evening thanksgiving and watchfulness,,ps-88,ps-88,Patristic homily linkage is not present in this repo and must be joined from the site corpus when George pushes.
rid_dbc93b14480e7aeaab5c,Ps 88:11-12 (LXX Ps 87:11-12),Ps 88:11-12,Ps 87:11-12,16,16,0,copticchurch_date,The fourth Sunday of Mesra | Liturgy | Psalm,the Eucharistic gathering of the Church,,ps-88,ps-88,Patristic homily linkage is not present in this repo and must be joined from the site corpus when George pushes.
rid_a8fa256bd3b77af79977,Ps 88:18 (LXX Ps 87:18),Ps 88:18,Ps 87:18,1,1,0,katameros_cycle,Fourth Sunday of Tubah | matins_psalm | matins_psalm,,,ps-88,ps-88,Patristic homily linkage is not present in this repo and must be joined from the site corpus when George pushes.
rid_a11c61316658eec6301d,Ps 88:2-4 (LXX Ps 87:2-4),Ps 88:2-4,Ps 87:2-4,33,33,0,copticchurch_date; katameros_cycle,Lazarus Saturday of Great Lent | Matins | Psalm,awakening to praise and repentance,,ps-88,ps-88,Patristic homily linkage is not present in this repo and must be joined from the site corpus when George pushes.
rid_44f70dae19d3d56f3d30,Ps 88:4-5 (LXX Ps 87:4-5),Ps 88:4-5,Ps 87:4-5,1,1,0,bright_saturday_service_order,Bright Saturday | Matins | Psalm + Gospel,awakening to praise and repentance,,ps-88,ps-88,Patristic homily linkage is not present in this repo and must be joined from the site corpus when George pushes.
rid_8277ab883aace1bee05b,Ps 88:6 (LXX Ps 87:6),Ps 88:6,Ps 87:6,1,1,0,pascha_day_hour,Good Friday | Twelfth Hour | Psalm+Gospel,"burial, waiting, and hope",,ps-88,ps-88,Patristic homily linkage is not present in this repo and must be joined from the site corpus when George pushes.
rid_00b818d881c54b5d18cd,"Ps 88:6,23:4 (LXX Ps 87:6; Ps 22:4)","Ps 88:6,23:4",Ps 87:6; Ps 22:4,1,0,1,pascha_source_text,Good Friday | Twelfth Hour | Psalm,"burial, waiting, and hope",,ps-88,ps-88,Patristic homily linkage is not present in this repo and must be joined from the site corpus when George pushes.
rid_7579ddc7ccca99196d4c,Ps 88:7 (LXX Ps 87:7),Ps 88:7,Ps 87:7,1,1,0,katameros_cycle,Fourth Sunday of Tubah | matins_psalm | matins_psalm,,,ps-88,ps-88,Patristic homily linkage is not present in this repo and must be joined from the site corpus when George pushes.
rid_6bb8323a98dcbe215b10,Ps 89:1 (LXX Ps 88:1),Ps 89:1,Ps 88:1,9,9,0,copticchurch_date; katameros_cycle,The fourth Sunday of Amshir | Matins | Psalm || The third Sunday of Amshir | Liturgy | Psalm || Third Sunday of Amshir | liturgy_psalm | liturgy_psalm || Fourth Sunday of Amshir | matins_psalm | matins_psalm,awakening to praise and repentance; the Eucharistic gathering of the Church,,ps-89,ps-89,Patristic homily linkage is not present in this repo and must be joined from the site corpus when George pushes.
rid_992a30097fe7b5f63247,Ps 89:1-2 (LXX Ps 88:1-2),Ps 89:1-2,Ps 88:1-2,17,17,0,copticchurch_date; katameros_cycle,The fourth Sunday of Mesra | Matins | Psalm,awakening to praise and repentance,,ps-89,ps-89,Patristic homily linkage is not present in this repo and must be joined from the site corpus when George pushes.
rid_dcced6a35ff7f4a39b97,Ps 89:11 (LXX Ps 88:11),Ps 89:11,Ps 88:11,2,2,0,copticchurch_date; katameros_cycle,The fourth Sunday of Amshir | Matins | Psalm || Fourth Sunday of Amshir | matins_psalm | matins_psalm,awakening to praise and repentance,,ps-89,ps-89,Patristic homily linkage is not present in this repo and must be joined from the site corpus when George pushes.
rid_e0a2920b0d32fcb49c5e,Ps 89:11-12 (LXX Ps 88:11-12),Ps 89:11-12,Ps 88:11-12,1,1,0,katameros_cycle,Fourth Sunday of Misra | liturgy_psalm | liturgy_psalm,,,ps-89,ps-89,Patristic homily linkage is not present in this repo and must be joined from the site corpus when George pushes.
rid_761127e47a08a97ae2f3,Ps 89:15 (LXX Ps 88:15),Ps 89:15,Ps 88:15,15,15,0,copticchurch_date; katameros_cycle,The second Sunday of Mesra | Liturgy | Psalm,the Eucharistic gathering of the Church,,ps-89,ps-89,Patristic homily linkage is not present in this repo and must be joined from the site corpus when George pushes.
rid_a0b1be0e6795719e46a1,Ps 89:19 (LXX Ps 88:19),Ps 89:19,Ps 88:19,99,99,0,copticchurch_date; katameros_cycle,Abib 15 | Matins | Psalm,awakening to praise and repentance,,ps-89,ps-89,Patristic homily linkage is not present in this repo and must be joined from the site corpus when George pushes.
rid_3d25e7b88d1bb4c5edb5,Ps 89:19-21 (LXX Ps 88:19-21),Ps 89:19-21,Ps 88:19-21,277,277,0,copticchurch_date; katameros_cycle,Abib 10 | Vespers | Psalm,evening thanksgiving and watchfulness,,ps-89,ps-89,Patristic homily linkage is not present in this repo and must be joined from the site corpus when George pushes.
rid_552d37558efaf77c91bc,Ps 89:20-21 (LXX Ps 88:20-21),Ps 89:20-21,Ps 88:20-21,1,1,0,special_service,myron_consecration | liturgy | liturgy,,,ps-89,ps-89,Patristic homily linkage is not present in this repo and must be joined from the site corpus when George pushes.
rid_70f2518ce28781b5200d,Ps 89:24 (LXX Ps 88:24),Ps 89:24,Ps 88:24,99,99,0,copticchurch_date; katameros_cycle,Abib 15 | Matins | Psalm,awakening to praise and repentance,,ps-89,ps-89,Patristic homily linkage is not present in this repo and must be joined from the site corpus when George pushes.
rid_1d3014c274ffe6250b40,Ps 89:29 (LXX Ps 88:29),Ps 89:29,Ps 88:29,98,98,0,copticchurch_date; katameros_cycle,Amshir 11 | Vespers | Psalm || Amshir 20 | Vespers | Psalm,evening thanksgiving and watchfulness,,ps-89,ps-89,Patristic homily linkage is not present in this repo and must be joined from the site corpus when George pushes.
rid_b31ead265b21e6d338d8,Ps 89:36 (LXX Ps 88:36),Ps 89:36,Ps 88:36,98,98,0,copticchurch_date; katameros_cycle,Amshir 11 | Vespers | Psalm || Amshir 20 | Vespers | Psalm,evening thanksgiving and watchfulness,,ps-89,ps-89,Patristic homily linkage is not present in this repo and must be joined from the site corpus when George pushes.
rid_ad6b1fcbf443627652d0,Ps 89:49 (LXX Ps 88:49),Ps 89:49,Ps 88:49,24,24,0,copticchurch_date; katameros_cycle,The third Sunday of Amshir | Matins | Psalm || Wednesday of the seventh week of the holy fifty days | Liturgy | Psalm,awakening to praise and repentance; the Eucharistic gathering of the Church,,ps-89,ps-89,Patristic homily linkage is not present in this repo and must be joined from the site corpus when George pushes.
rid_944134b61179c95cef12,Ps 89:5 (LXX Ps 88:5),Ps 89:5,Ps 88:5,15,15,0,copticchurch_date; katameros_cycle,The second Sunday of Mesra | Liturgy | Psalm,the Eucharistic gathering of the Church,,ps-89,ps-89,Patristic homily linkage is not present in this repo and must be joined from the site corpus when George pushes.
rid_48d9cbc1f78e8be895af,Ps 89:52 (LXX Ps 88:52),Ps 89:52,Ps 88:52,24,24,0,copticchurch_date; katameros_cycle,The third Sunday of Amshir | Matins | Psalm || Wednesday of the seventh week of the holy fifty days | Liturgy | Psalm,awakening to praise and repentance; the Eucharistic gathering of the Church,,ps-89,ps-89,Patristic homily linkage is not present in this repo and must be joined from the site corpus when George pushes.
rid_ce5b37086458f7b82b10,Ps 89:6 (LXX Ps 88:6),Ps 89:6,Ps 88:6,7,7,0,copticchurch_date; katameros_cycle,The third Sunday of Amshir | Liturgy | Psalm || Third Sunday of Amshir | liturgy_psalm | liturgy_psalm,the Eucharistic gathering of the Church,,ps-89,ps-89,Patristic homily linkage is not present in this repo and must be joined from the site corpus when George pushes.
rid_89a4c1abb65fc60c00f3,Ps 89:7 (LXX Ps 88:7),Ps 89:7,Ps 88:7,17,17,0,copticchurch_date; katameros_cycle,The first Sunday of Abib | Liturgy | Psalm,the Eucharistic gathering of the Church,,ps-89,ps-89,Patristic homily linkage is not present in this repo and must be joined from the site corpus when George pushes.
rid_ae74d04d67d8c59fd283,Ps 8:1,Ps 8:1,Ps 8:1,17,17,0,copticchurch_date; katameros_cycle,The second Sunday of Tout | Matins | Psalm,awakening to praise and repentance,,ps-8,ps-8,Patristic homily linkage is not present in this repo and must be joined from the site corpus when George pushes.
rid_98c29349e2e4ccd3f381,"Ps 8:2,8:1","Ps 8:2,8:1","Ps 8:2,8:1",1,0,1,pascha_source_text,Monday Eve | Ninth Hour | Psalm,the saving death of Christ and repentance,,ps-8,ps-8,Patristic homily linkage is not present in this repo and must be joined from the site corpus when George pushes.
rid_86a81dcda494af1ab2d2,"Ps 8:2,8:3","Ps 8:2,8:3","Ps 8:2,8:3",1,1,0,pascha_day_hour,Hosanna Sunday | Ninth Hour | Psalm+Gospel,the saving death of Christ and repentance,,ps-8,ps-8,Patristic homily linkage is not present in this repo and must be joined from the site corpus when George pushes.
rid_d9f544171faf5b8bf1b4,Ps 8:2-3,Ps 8:2-3,Ps 8:2-3,249,249,0,copticchurch_date; katameros_cycle,Abib 1 | Matins | Psalm,awakening to praise and repentance,,ps-8,ps-8,Patristic homily linkage is not present in this repo and must be joined from the site corpus when George pushes.
rid_40ccf1b27ab8356c3da0,Ps 8:4,Ps 8:4,Ps 8:4,33,33,0,copticchurch_date; katameros_cycle,The second Sunday of Tout | Matins | Psalm,awakening to praise and repentance; the Eucharistic gathering of the Church,,ps-8,ps-8,Patristic homily linkage is not present in this repo and must be joined from the site corpus when George pushes.
rid_af0b43b1958764dbfba3,Ps 8:4-5,Ps 8:4-5,Ps 8:4-5,1,1,0,katameros_cycle,liturgy_psalm | liturgy_psalm,,,ps-8,ps-8,Patristic homily linkage is not present in this repo and must be joined from the site corpus when George pushes.
rid_7850dc88949bfbacd351,Ps 8:5,Ps 8:5,Ps 8:5,16,16,0,copticchurch_date,Thursday of the second week of the holy fifty days | Liturgy | Psalm,the Eucharistic gathering of the Church,,ps-8,ps-8,Patristic homily linkage is not present in this repo and must be joined from the site corpus when George pushes.
rid_add4e3953ee6c3e08a54,Ps 90:1-2 (LXX Ps 89:1-2),Ps 90:1-2,Ps 89:1-2,1,1,0,katameros_cycle,Fourth Sunday of Misra | matins_psalm | matins_psalm,,,ps-90,ps-90,Patristic homily linkage is not present in this repo and must be joined from the site corpus when George pushes.
rid_a1b5f824e79a83f386c5,Ps 90:14 (LXX Ps 89:14),Ps 90:14,Ps 89:14,17,17,0,copticchurch_date; katameros_cycle,Thursday of the second week of the holy fifty days | Vespers | Psalm,evening thanksgiving and watchfulness,,ps-90,ps-90,Patristic homily linkage is not present in this repo and must be joined from the site corpus when George pushes.
rid_4146d104fbaecb5ea94f,Ps 90:5 (LXX Ps 89:5),Ps 90:5,Ps 89:5,16,16,0,copticchurch_date,The first Sunday of Hator | Liturgy | Psalm,the Eucharistic gathering of the Church,,ps-90,ps-90,Patristic homily linkage is not present in this repo and must be joined from the site corpus when George pushes.
rid_d1a823c9bb7cb45cf640,Ps 90:7 (LXX Ps 89:7),Ps 90:7,Ps 89:7,16,16,0,copticchurch_date,The first Sunday of Hator | Liturgy | Psalm,the Eucharistic gathering of the Church,,ps-90,ps-90,Patristic homily linkage is not present in this repo and must be joined from the site corpus when George pushes.
rid_a8662a4cc1bacbd638a0,Ps 91 (LXX Ps 90),Ps 91,Ps 90,3,3,0,agpeya,Midnight Prayer - First Watch | Midnight Prayer - First Watch | psalm || Sixth Hour (Sext) | Sixth Hour (Sext) | psalm || Veil Prayer | Veil Prayer | psalm,,,ps-91,ps-91,Patristic homily linkage is not present in this repo and must be joined from the site corpus when George pushes.
rid_917f4b25ab00b0a84d05,Ps 91:11 (LXX Ps 90:11),Ps 91:11,Ps 90:11,68,68,0,copticchurch_date; katameros_cycle,Abib 20 | Liturgy | Psalm,the Eucharistic gathering of the Church,,ps-91,ps-91,Patristic homily linkage is not present in this repo and must be joined from the site corpus when George pushes.
rid_aa9d9259b7cf4fa68ea6,Ps 91:13 (LXX Ps 90:13),Ps 91:13,Ps 90:13,84,84,0,copticchurch_date; katameros_cycle,Abib 20 | Liturgy | Psalm,awakening to praise and repentance; the Eucharistic gathering of the Church,,ps-91,ps-91,Patristic homily linkage is not present in this repo and must be joined from the site corpus when George pushes.
rid_220cef5e132d1eca30c2,Ps 91:13-14 (LXX Ps 90:13-14),Ps 91:13-14,Ps 90:13-14,1,1,0,katameros_cycle,matins_psalm | matins_psalm,,,ps-91,ps-91,Patristic homily linkage is not present in this repo and must be joined from the site corpus when George pushes.
rid_b0ee702fdfa9eed068ff,Ps 91:14 (LXX Ps 90:14),Ps 91:14,Ps 90:14,16,16,0,copticchurch_date,Thursday of the seventh week of the holy fifty days | Matins | Psalm,awakening to praise and repentance,,ps-91,ps-91,Patristic homily linkage is not present in this repo and must be joined from the site corpus when George pushes.
rid_06af608b3d70a9b0b189,"Ps 91:2,91:3 (LXX Ps 90:2; Ps 90:3)","Ps 91:2,91:3",Ps 90:2; Ps 90:3,2,2,0,pascha_day_hour,Monday Eve | Sixth Hour | Psalm+Gospel || Tuesday Eve | Sixth Hour | Psalm+Gospel,the Cross and the Lord's willing suffering,,ps-91,ps-91,Patristic homily linkage is not present in this repo and must be joined from the site corpus when George pushes.
rid_45efd27e6c30787b14f7,Ps 92:10 (LXX Ps 91:10),Ps 92:10,Ps 91:10,111,111,0,copticchurch_date; katameros_cycle,Amshir 15 | Matins | Psalm || Fast of Ninevah | Matins | Psalm || Hator 16 of Christmas Fast | Matins | Psalm,awakening to praise and repentance,,ps-92,ps-92,Patristic homily linkage is not present in this repo and must be joined from the site corpus when George pushes.
rid_bd43f60e1cf73e09a2f0,Ps 92:12-13 (LXX Ps 91:12-13),Ps 92:12-13,Ps 91:12-13,111,111,0,copticchurch_date; katameros_cycle,Amshir 15 | Liturgy | Psalm || Fast of Ninevah | Liturgy | Psalm || Hator 16 of Christmas Fast | Liturgy | Psalm,the Eucharistic gathering of the Church,,ps-92,ps-92,Patristic homily linkage is not present in this repo and must be joined from the site corpus when George pushes.
rid_e67141808e88d6e9f7c8,Ps 92:14 (LXX Ps 91:14),Ps 92:14,Ps 91:14,111,111,0,copticchurch_date; katameros_cycle,Amshir 15 | Matins | Psalm || Fast of Ninevah | Matins | Psalm || Hator 16 of Christmas Fast | Matins | Psalm,awakening to praise and repentance,,ps-92,ps-92,Patristic homily linkage is not present in this repo and must be joined from the site corpus when George pushes.
rid_e68eaba0184e28ad9d28,Ps 92:15 (LXX Ps 91:15),Ps 92:15,Ps 91:15,111,111,0,copticchurch_date; katameros_cycle,Amshir 15 | Matins | Psalm || Fast of Ninevah | Matins | Psalm || Hator 16 of Christmas Fast | Matins | Psalm,awakening to praise and repentance,,ps-92,ps-92,Patristic homily linkage is not present in this repo and must be joined from the site corpus when George pushes.
rid_eaa71f768109773c3a94,"Ps 92:4,92:5 (LXX Ps 91:4; Ps 91:5)","Ps 92:4,92:5",Ps 91:4; Ps 91:5,17,17,0,copticchurch_date,The fourth Sunday of Amshir | Vespers | Psalm || Tuesday of the first week of the holy fifty days | Vespers | Psalm,evening thanksgiving and watchfulness,,ps-92,ps-92,Patristic homily linkage is not present in this repo and must be joined from the site corpus when George pushes.
rid_956cefc422ba46dd5404,Ps 92:4-5 (LXX Ps 91:4-5),Ps 92:4-5,Ps 91:4-5,2,2,0,katameros_cycle,Fourth Sunday of Amshir | vespers_psalm | vespers_psalm || vespers_psalm | vespers_psalm,,,ps-92,ps-92,Patristic homily linkage is not present in this repo and must be joined from the site corpus when George pushes.
rid_3a3dcc333a5d6d1c1ad6,Ps 93 (LXX Ps 92),Ps 93,Ps 92,2,2,0,agpeya; special_service,Sixth Hour (Sext) | Sixth Hour (Sext) | psalm || altar_consecration | part_3 | part_3,,,ps-93,ps-93,Patristic homily linkage is not present in this repo and must be joined from the site corpus when George pushes.
rid_1a4af59f7cd6262b1675,Ps 93:1-2 (LXX Ps 92:1-2),Ps 93:1-2,Ps 92:1-2,15,15,0,copticchurch_date; katameros_cycle,The first Sunday of Toba | Matins | Psalm,awakening to praise and repentance,,ps-93,ps-93,Patristic homily linkage is not present in this repo and must be joined from the site corpus when George pushes.
rid_a8aae6ae2912539c673b,Ps 93:3 (LXX Ps 92:3),Ps 93:3,Ps 92:3,1,1,0,katameros_cycle,Fifth Sunday of Abib | vespers_psalm | vespers_psalm,,,ps-93,ps-93,Patristic homily linkage is not present in this repo and must be joined from the site corpus when George pushes.
rid_787db05b870fa48dd97f,"Ps 93:3,93:4 (LXX Ps 92:3; Ps 92:4)","Ps 93:3,93:4",Ps 92:3; Ps 92:4,9,9,0,copticchurch_date,The fifth Sunday of Abib | Vespers | Psalm || The fifth Sunday of Bashons | Vespers | Psalm || The fifth Sunday of Mesra | Vespers | Psalm || The fifth Sunday of Paona | Vespers | Psalm,evening thanksgiving and watchfulness,,ps-93,ps-93,Patristic homily linkage is not present in this repo and must be joined from the site corpus when George pushes.
rid_d9ef319180773f8d09a7,Ps 93:3-4 (LXX Ps 92:3-4),Ps 93:3-4,Ps 92:3-4,5,5,0,katameros_cycle,Fifth Sunday of Baramhat | vespers_psalm | vespers_psalm || Fifth Sunday of Baramudah | vespers_psalm | vespers_psalm || Fifth Sunday of Bashans | vespers_psalm | vespers_psalm || Fifth Sunday of Baunahh | vespers_psalm | vespers_psalm || Fifth Sunday of Mesra | vespers_psalm | vespers_psalm,,,ps-93,ps-93,Patristic homily linkage is not present in this repo and must be joined from the site corpus when George pushes.
rid_975be8b876f7b879a34b,"Ps 94:21,94:23 (LXX Ps 93:21; Ps 93:23)","Ps 94:21,94:23",Ps 93:21; Ps 93:23,1,1,0,pascha_day_hour,Great Thursday | Third Hour | Psalm+Gospel,the descent of the Holy Spirit and the trial of the heart,,ps-94,ps-94,Patristic homily linkage is not present in this repo and must be joined from the site corpus when George pushes.
rid_92d8944e47afe01f4a64,Ps 95:1 (LXX Ps 94:1),Ps 95:1,Ps 94:1,15,15,0,copticchurch_date,Saturday of the week before Great Lent | Liturgy | Psalm,the Eucharistic gathering of the Church,,ps-95,ps-95,Patristic homily linkage is not present in this repo and must be joined from the site corpus when George pushes.
rid_04dd782b494b94f5a8f4,Ps 95:1-2 (LXX Ps 94:1-2),Ps 95:1-2,Ps 94:1-2,1,1,0,katameros_cycle,Preparation Saturday | liturgy_psalm | liturgy_psalm,,,ps-95,ps-95,Patristic homily linkage is not present in this repo and must be joined from the site corpus when George pushes.
rid_f630b2dda4d51de4d83f,Ps 95:10-12 (LXX Ps 94:10-12),Ps 95:10-12,Ps 94:10-12,16,16,0,copticchurch_date,The fourth Sunday of Kiak | Matins | Psalm,awakening to praise and repentance,,ps-95,ps-95,Patristic homily linkage is not present in this repo and must be joined from the site corpus when George pushes.
rid_0e65aff92a567b85f742,Ps 95:2 (LXX Ps 94:2),Ps 95:2,Ps 94:2,15,15,0,copticchurch_date,Saturday of the week before Great Lent | Liturgy | Psalm,the Eucharistic gathering of the Church,,ps-95,ps-95,Patristic homily linkage is not present in this repo and must be joined from the site corpus when George pushes.
rid_0eb720f5b4af1b1f0b5d,Ps 96 (LXX Ps 95),Ps 96,Ps 95,1,1,0,agpeya,Ninth Hour (None) | Ninth Hour (None) | psalm,,,ps-96,ps-96,Patristic homily linkage is not present in this repo and must be joined from the site corpus when George pushes.
rid_fbd69dd4d8902add6715,Ps 96:1 (LXX Ps 95:1),Ps 96:1,Ps 95:1,85,85,0,copticchurch_date,Abib 2 | Liturgy | Psalm,awakening to praise and repentance; the Eucharistic gathering of the Church,,ps-96,ps-96,Patristic homily linkage is not present in this repo and must be joined from the site corpus when George pushes.
rid_15681ed41647cf793d1e,Ps 96:1-2 (LXX Ps 95:1-2),Ps 96:1-2,Ps 95:1-2,25,25,0,copticchurch_date; katameros_cycle,Feast of Nayrouz - (Readings of the First of Tut) | Vespers | Psalm || Tout 1 | Vespers | Psalm,evening thanksgiving and watchfulness,,ps-96,ps-96,Patristic homily linkage is not present in this repo and must be joined from the site corpus when George pushes.
rid_2af99187e092e373f46e,Ps 96:10 (LXX Ps 95:10),Ps 96:10,Ps 95:10,17,17,0,copticchurch_date; katameros_cycle,Monday of the first week of the holy fifty days | Vespers | Psalm,evening thanksgiving and watchfulness,,ps-96,ps-96,Patristic homily linkage is not present in this repo and must be joined from the site corpus when George pushes.
rid_c7a2a2eb0cbcb0f45f55,Ps 96:11-13 (LXX Ps 95:11-13),Ps 96:11-13,Ps 95:11-13,1,1,0,katameros_cycle,Fourth Sunday of Kiyank - Abstinence | matins_psalm | matins_psalm,,,ps-96,ps-96,Patristic homily linkage is not present in this repo and must be joined from the site corpus when George pushes.
rid_f25161174b64de672656,Ps 96:2 (LXX Ps 95:2),Ps 96:2,Ps 95:2,85,85,0,copticchurch_date,Abib 2 | Liturgy | Psalm,awakening to praise and repentance; the Eucharistic gathering of the Church,,ps-96,ps-96,Patristic homily linkage is not present in this repo and must be joined from the site corpus when George pushes.
rid_8d59bdc9c39cf61cc273,Ps 96:2-3 (LXX Ps 95:2-3),Ps 96:2-3,Ps 95:2-3,40,40,0,copticchurch_date; katameros_cycle,Amshir 4 | Liturgy | Psalm || Baba 22 | Liturgy | Psalm,the Eucharistic gathering of the Church,,ps-96,ps-96,Patristic homily linkage is not present in this repo and must be joined from the site corpus when George pushes.
rid_a1e52896e17b5dc21a5d,Ps 96:4 (LXX Ps 95:4),Ps 96:4,Ps 95:4,15,15,0,copticchurch_date; katameros_cycle,The first Sunday of Amshir | Liturgy | Psalm,the Eucharistic gathering of the Church,,ps-96,ps-96,Patristic homily linkage is not present in this repo and must be joined from the site corpus when George pushes.
rid_abd7b00e517f081f2e62,"Ps 96:5,96:6 (LXX Ps 95:5; Ps 95:6)","Ps 96:5,96:6",Ps 95:5; Ps 95:6,16,16,0,copticchurch_date,Monday of the third week of the holy fifty days | Vespers | Psalm,evening thanksgiving and watchfulness,,ps-96,ps-96,Patristic homily linkage is not present in this repo and must be joined from the site corpus when George pushes.
rid_3f2b7413d104f995b053,Ps 96:5-6 (LXX Ps 95:5-6),Ps 96:5-6,Ps 95:5-6,1,1,0,katameros_cycle,vespers_psalm | vespers_psalm,,,ps-96,ps-96,Patristic homily linkage is not present in this repo and must be joined from the site corpus when George pushes.
rid_6894e1b06df0de80e051,Ps 96:6 (LXX Ps 95:6),Ps 96:6,Ps 95:6,15,15,0,copticchurch_date; katameros_cycle,The first Sunday of Amshir | Liturgy | Psalm,the Eucharistic gathering of the Church,,ps-96,ps-96,Patristic homily linkage is not present in this repo and must be joined from the site corpus when George pushes.
rid_ea8bb11f8f654f67c925,Ps 96:7 (LXX Ps 95:7),Ps 96:7,Ps 95:7,21,21,0,copticchurch_date; katameros_cycle,The fifth Sunday of Baba | Liturgy | Psalm || The fifth Sunday of Kiak | Liturgy | Psalm || The fifth Sunday of Toba | Liturgy | Psalm || The fifth Sunday of Tout | Liturgy | Psalm || The second Sunday of Amshir | Liturgy | Psalm,the Eucharistic gathering of the Church,,ps-96,ps-96,Patristic homily linkage is not present in this repo and must be joined from the site corpus when George pushes.
rid_f834d9c956fb79fb4dce,Ps 96:7-8 (LXX Ps 95:7-8),Ps 96:7-8,Ps 95:7-8,1,1,0,katameros_cycle,Second Sunday of Amshir | liturgy_psalm | liturgy_psalm,,,ps-96,ps-96,Patristic homily linkage is not present in this repo and must be joined from the site corpus when George pushes.
rid_31a96d4750d4f324c607,Ps 96:7-9 (LXX Ps 95:7-9),Ps 96:7-9,Ps 95:7-9,6,6,0,katameros_cycle,Fifth Sunday of Amshir | liturgy_psalm | liturgy_psalm || Fifth Sunday of Babah | liturgy_psalm | liturgy_psalm || Fifth Sunday of Hatur | liturgy_psalm | liturgy_psalm || Fifth Sunday of Kiyahk | liturgy_psalm | liturgy_psalm || Fifth Sunday of Tubah | liturgy_psalm | liturgy_psalm || Fifth Sunday of Tut | liturgy_psalm | liturgy_psalm,,,ps-96,ps-96,Patristic homily linkage is not present in this repo and must be joined from the site corpus when George pushes.
rid_ee8b0a8c24e55a6d0832,Ps 96:9 (LXX Ps 95:9),Ps 96:9,Ps 95:9,21,21,0,copticchurch_date; katameros_cycle,The fifth Sunday of Baba | Liturgy | Psalm || The fifth Sunday of Kiak | Liturgy | Psalm || The fifth Sunday of Toba | Liturgy | Psalm || The fifth Sunday of Tout | Liturgy | Psalm || The second Sunday of Amshir | Liturgy | Psalm,the Eucharistic gathering of the Church,,ps-96,ps-96,Patristic homily linkage is not present in this repo and must be joined from the site corpus when George pushes.
rid_47aa061936d3e9f419ab,Ps 97 (LXX Ps 96),Ps 97,Ps 96,2,2,0,agpeya,Ninth Hour (None) | Ninth Hour (None) | psalm || Veil Prayer | Veil Prayer | psalm,,,ps-97,ps-97,Patristic homily linkage is not present in this repo and must be joined from the site corpus when George pushes.
rid_15c2a709338134b3e1ec,Ps 97:1 (LXX Ps 96:1),Ps 97:1,Ps 96:1,17,17,0,copticchurch_date; special_service,Monday of the first week of the holy fifty days | Matins | Psalm,awakening to praise and repentance,,ps-97,ps-97,Patristic homily linkage is not present in this repo and must be joined from the site corpus when George pushes.
rid_6cb1bc0ea05277b5d636,Ps 97:1-2 (LXX Ps 96:1-2),Ps 97:1-2,Ps 96:1-2,10,10,0,copticchurch_date; katameros_cycle,The second Sunday of Toba | Matins | Psalm || Second Sunday of Tubah | matins_psalm | matins_psalm || matins_psalm | matins_psalm,awakening to praise and repentance,,ps-97,ps-97,Patristic homily linkage is not present in this repo and must be joined from the site corpus when George pushes.
rid_647cbaf57ca484b02d7b,Ps 97:11 (LXX Ps 96:11),Ps 97:11,Ps 96:11,78,78,0,copticchurch_date,Abib 27 | Liturgy | Psalm,the Eucharistic gathering of the Church,,ps-97,ps-97,Patristic homily linkage is not present in this repo and must be joined from the site corpus when George pushes.
rid_25de9d034254f5c883a1,Ps 97:11-12 (LXX Ps 96:11-12),Ps 97:11-12,Ps 96:11-12,278,278,0,copticchurch_date; katameros_cycle; special_service,Abib 12 | Matins | Psalm,awakening to praise and repentance; the Eucharistic gathering of the Church,,ps-97,ps-97,Patristic homily linkage is not present in this repo and must be joined from the site corpus when George pushes.
rid_fe3636476cc986efda7d,Ps 97:12 (LXX Ps 96:12),Ps 97:12,Ps 96:12,78,78,0,copticchurch_date,Abib 27 | Liturgy | Psalm,the Eucharistic gathering of the Church,,ps-97,ps-97,Patristic homily linkage is not present in this repo and must be joined from the site corpus when George pushes.
rid_8f73da2075325fedbd7d,Ps 97:2 (LXX Ps 96:2),Ps 97:2,Ps 96:2,16,16,0,copticchurch_date,Monday of the first week of the holy fifty days | Matins | Psalm,awakening to praise and repentance,,ps-97,ps-97,Patristic homily linkage is not present in this repo and must be joined from the site corpus when George pushes.
rid_bc8304429d34ccca6a64,Ps 97:4 (LXX Ps 96:4),Ps 97:4,Ps 96:4,17,17,0,copticchurch_date; katameros_cycle,The third Sunday of Toba | Matins | Psalm,awakening to praise and repentance,,ps-97,ps-97,Patristic homily linkage is not present in this repo and must be joined from the site corpus when George pushes.
rid_0acd241b72b4b983e071,Ps 97:6 (LXX Ps 96:6),Ps 97:6,Ps 96:6,17,17,0,copticchurch_date; katameros_cycle,The third Sunday of Toba | Matins | Psalm,awakening to praise and repentance,,ps-97,ps-97,Patristic homily linkage is not present in this repo and must be joined from the site corpus when George pushes.
rid_2ca6066f0d83d4a7c5e3,Ps 97:7 (LXX Ps 96:7),Ps 97:7,Ps 96:7,16,16,0,copticchurch_date,Thursday of the fourth week of the holy fifty days | Matins | Psalm,awakening to praise and repentance,,ps-97,ps-97,Patristic homily linkage is not present in this repo and must be joined from the site corpus when George pushes.
rid_dde584a3104557793d51,Ps 97:7-8 (LXX Ps 96:7-8),Ps 97:7-8,Ps 96:7-8,33,33,0,copticchurch_date; katameros_cycle; special_service,Hator 24 | Vespers | Psalm,awakening to praise and repentance; evening thanksgiving and watchfulness,,ps-97,ps-97,Patristic homily linkage is not present in this repo and must be joined from the site corpus when George pushes.
rid_3b91d939a733d182a68b,Ps 97:7-9 (LXX Ps 96:7-9),Ps 97:7-9,Ps 96:7-9,29,29,0,copticchurch_date; katameros_cycle,Nasie 3 | Matins | Psalm,awakening to praise and repentance,,ps-97,ps-97,Patristic homily linkage is not present in this repo and must be joined from the site corpus when George pushes.
rid_51fc3e033d7f1ca89536,Ps 97:8 (LXX Ps 96:8),Ps 97:8,Ps 96:8,16,16,0,copticchurch_date,Thursday of the fourth week of the holy fifty days | Matins | Psalm,awakening to praise and repentance,,ps-97,ps-97,Patristic homily linkage is not present in this repo and must be joined from the site corpus when George pushes.
rid_549cd14f0d8c00dddc64,"Ps 97:8,97:9 (LXX Ps 96:8; Ps 96:9)","Ps 97:8,97:9",Ps 96:8; Ps 96:9,16,16,0,copticchurch_date,Thursday of the first week of the holy fifty days | Vespers | Psalm,evening thanksgiving and watchfulness,,ps-97,ps-97,Patristic homily linkage is not present in this repo and must be joined from the site corpus when George pushes.
rid_ab64250a011c01e24fe1,Ps 98 (LXX Ps 97),Ps 98,Ps 97,1,1,0,agpeya,Ninth Hour (None) | Ninth Hour (None) | psalm,,,ps-98,ps-98,Patristic homily linkage is not present in this repo and must be joined from the site corpus when George pushes.
rid_f47136892a2f06c3a308,Ps 98:1 (LXX Ps 97:1),Ps 98:1,Ps 97:1,34,34,0,copticchurch_date; katameros_cycle,Feast of Nayrouz - (Readings of the First of Tut) | Matins | Psalm || Thomas Sunday | Liturgy | Psalm,awakening to praise and repentance; the Eucharistic gathering of the Church,,ps-98,ps-98,Patristic homily linkage is not present in this repo and must be joined from the site corpus when George pushes.
rid_dbcb103aa2aba4782a71,"Ps 98:1,98:2 (LXX Ps 97:1; Ps 97:2)","Ps 98:1,98:2",Ps 97:1; Ps 97:2,16,16,0,copticchurch_date,Friday of the sixth week of the holy fifty days | Vespers | Psalm,evening thanksgiving and watchfulness,,ps-98,ps-98,Patristic homily linkage is not present in this repo and must be joined from the site corpus when George pushes.
rid_114dfb35f79722f148d5,Ps 98:2-3 (LXX Ps 97:2-3),Ps 98:2-3,Ps 97:2-3,15,15,0,copticchurch_date; katameros_cycle,The first Sunday of Toba | Liturgy | Psalm,the Eucharistic gathering of the Church,,ps-98,ps-98,Patristic homily linkage is not present in this repo and must be joined from the site corpus when George pushes.
rid_9ee50fcb689a0f9f0651,Ps 98:3 (LXX Ps 97:3),Ps 98:3,Ps 97:3,1,1,0,katameros_cycle,Second Sunday of Tubah | vespers_psalm | vespers_psalm,,,ps-98,ps-98,Patristic homily linkage is not present in this repo and must be joined from the site corpus when George pushes.
rid_3e6a214dc067f5b69f38,"Ps 98:3,98:9 (LXX Ps 97:3; Ps 97:9)","Ps 98:3,98:9",Ps 97:3; Ps 97:9,8,8,0,copticchurch_date,The second Sunday of Toba | Vespers | Psalm,evening thanksgiving and watchfulness,,ps-98,ps-98,Patristic homily linkage is not present in this repo and must be joined from the site corpus when George pushes.
rid_594054f1fdeba9c3db6c,Ps 98:4 (LXX Ps 97:4),Ps 98:4,Ps 97:4,17,17,0,copticchurch_date; katameros_cycle,Thomas Sunday | Liturgy | Psalm,the Eucharistic gathering of the Church,,ps-98,ps-98,Patristic homily linkage is not present in this repo and must be joined from the site corpus when George pushes.
rid_9ddc98a72999e386ff33,Ps 98:8 (LXX Ps 97:8),Ps 98:8,Ps 97:8,15,15,0,copticchurch_date; katameros_cycle,Friday of the seventh week of Great Lent | Liturgy | Psalm,the Eucharistic gathering of the Church,,ps-98,ps-98,Patristic homily linkage is not present in this repo and must be joined from the site corpus when George pushes.
rid_ac5839e5b8cb4169ee7f,Ps 98:9 (LXX Ps 97:9),Ps 98:9,Ps 97:9,16,16,0,copticchurch_date; katameros_cycle,Friday of the seventh week of Great Lent | Liturgy | Psalm,the Eucharistic gathering of the Church,,ps-98,ps-98,Patristic homily linkage is not present in this repo and must be joined from the site corpus when George pushes.
rid_d25de83e37979cc7b2d9,Ps 99 (LXX Ps 98),Ps 99,Ps 98,1,1,0,agpeya,Ninth Hour (None) | Ninth Hour (None) | psalm,,,ps-99,ps-99,Patristic homily linkage is not present in this repo and must be joined from the site corpus when George pushes.
rid_4d1cb2cd851fdb30e1a1,Ps 99:1-2 (LXX Ps 98:1-2),Ps 99:1-2,Ps 98:1-2,1,1,0,katameros_cycle,vespers_psalm | vespers_psalm,,,ps-99,ps-99,Patristic homily linkage is not present in this repo and must be joined from the site corpus when George pushes.
rid_e8f61d3455907f498814,Ps 99:5 (LXX Ps 98:5),Ps 99:5,Ps 98:5,17,17,0,copticchurch_date; katameros_cycle,"Sunday, Tout 18 (Feast of the Cross) | Vespers | Psalm || Tout 18 (Feast of the Cross) | Vespers | Psalm",evening thanksgiving and watchfulness,,ps-99,ps-99,Patristic homily linkage is not present in this repo and must be joined from the site corpus when George pushes.
rid_4986666882db218c628d,Ps 99:6-7 (LXX Ps 98:6-7),Ps 99:6-7,Ps 98:6-7,522,522,0,copticchurch_date; katameros_cycle,Abib 10 | Liturgy | Psalm,evening thanksgiving and watchfulness; the Eucharistic gathering of the Church,,ps-99,ps-99,Patristic homily linkage is not present in this repo and must be joined from the site corpus when George pushes.
rid_864670f984521202948d,Ps 99:9 (LXX Ps 98:9),Ps 99:9,Ps 98:9,17,17,0,copticchurch_date; katameros_cycle,"Sunday, Tout 18 (Feast of the Cross) | Vespers | Psalm || Tout 18 (Feast of the Cross) | Vespers | Psalm",evening thanksgiving and watchfulness,,ps-99,ps-99,Patristic homily linkage is not present in this repo and must be joined from the site corpus when George pushes.
rid_17b5ea447059be4d1c71,Ps 9:1,Ps 9:1,Ps 9:1,16,16,0,copticchurch_date,Wednesday of the second week of the holy fifty days | Liturgy | Psalm,the Eucharistic gathering of the Church,,ps-9,ps-9,Patristic homily linkage is not present in this repo and must be joined from the site corpus when George pushes.
rid_99eb64d64e88c7d02f29,Ps 9:1-2,Ps 9:1-2,Ps 9:1-2,11,11,0,copticchurch_date; katameros_cycle,The third Sunday of Tout | Vespers | Psalm || Third Sunday of Tut | vespers_psalm | vespers_psalm || liturgy_psalm | liturgy_psalm,evening thanksgiving and watchfulness,,ps-9,ps-9,Patristic homily linkage is not present in this repo and must be joined from the site corpus when George pushes.
rid_a81af3d8837898506377,Ps 9:10,Ps 9:10,Ps 9:10,8,8,0,copticchurch_date; katameros_cycle,The first Sunday of Paona | Vespers | Psalm || First Sunday of Baunahh | vespers_psalm | vespers_psalm,evening thanksgiving and watchfulness,,ps-9,ps-9,Patristic homily linkage is not present in this repo and must be joined from the site corpus when George pushes.
rid_a9d947e13f91501496cb,Ps 9:10-11,Ps 9:10-11,Ps 9:10-11,18,18,0,copticchurch_date; katameros_cycle,Friday of the second week of the holy fifty days | Liturgy | Psalm,the Eucharistic gathering of the Church,,ps-9,ps-9,Patristic homily linkage is not present in this repo and must be joined from the site corpus when George pushes.
rid_b8edd2df4e607254182b,Ps 9:11,Ps 9:11,Ps 9:11,21,21,0,copticchurch_date; katameros_cycle,Wednesday of the sixth week of Great Lent | Liturgy | Psalm,the Eucharistic gathering of the Church,,ps-9,ps-9,Patristic homily linkage is not present in this repo and must be joined from the site corpus when George pushes.
rid_f8e12c7908ead68d6cfe,"Ps 9:11,9:14","Ps 9:11,9:14","Ps 9:11,9:14",45,45,0,copticchurch_date,Amshir 16 | Vespers | Psalm || Great Lent | Vespers | Psalm || Kiak 13 | Vespers | Psalm,evening thanksgiving and watchfulness,,ps-9,ps-9,Patristic homily linkage is not present in this repo and must be joined from the site corpus when George pushes.
rid_7be13c51ae363ec3e53b,Ps 9:11-12,Ps 9:11-12,Ps 9:11-12,18,18,0,copticchurch_date; katameros_cycle,Thursday of the third week of Great Lent | Matins | Psalm,awakening to praise and repentance,,ps-9,ps-9,Patristic homily linkage is not present in this repo and must be joined from the site corpus when George pushes.
rid_7558e5baebca27f48b45,Ps 9:12,Ps 9:12,Ps 9:12,16,16,0,copticchurch_date,Wednesday of the sixth week of Great Lent | Liturgy | Psalm,the Eucharistic gathering of the Church,,ps-9,ps-9,Patristic homily linkage is not present in this repo and must be joined from the site corpus when George pushes.
rid_fa13ad3ed970233cad5f,Ps 9:13,Ps 9:13,Ps 9:13,29,29,0,copticchurch_date; katameros_cycle,Thursday of the sixth week of Great Lent | Liturgy | Psalm,awakening to praise and repentance; the Eucharistic gathering of the Church,,ps-9,ps-9,Patristic homily linkage is not present in this repo and must be joined from the site corpus when George pushes.
rid_539f18f1cda22dd4474d,Ps 9:13-14,Ps 9:13-14,Ps 9:13-14,1,1,0,katameros_cycle,liturgy_psalm | liturgy_psalm,,,ps-9,ps-9,Patristic homily linkage is not present in this repo and must be joined from the site corpus when George pushes.
rid_87e05d7e20cff84baf7b,Ps 9:14,Ps 9:14,Ps 9:14,266,266,0,copticchurch_date; katameros_cycle,Abib 14 | Matins | Psalm,awakening to praise and repentance; the Eucharistic gathering of the Church,,ps-9,ps-9,Patristic homily linkage is not present in this repo and must be joined from the site corpus when George pushes.
rid_687079b377d8278fecfa,Ps 9:19,Ps 9:19,Ps 9:19,17,17,0,copticchurch_date; katameros_cycle,Tuesday of the second week of the holy fifty days | Vespers | Psalm,evening thanksgiving and watchfulness,,ps-9,ps-9,Patristic homily linkage is not present in this repo and must be joined from the site corpus when George pushes.
rid_93f1e068f367e8855325,Ps 9:2,Ps 9:2,Ps 9:2,16,16,0,copticchurch_date,Wednesday of the second week of the holy fifty days | Liturgy | Psalm,the Eucharistic gathering of the Church,,ps-9,ps-9,Patristic homily linkage is not present in this repo and must be joined from the site corpus when George pushes.
rid_607ffd8ec68e56b2b8b3,Ps 9:6-7,Ps 9:6-7,Ps 9:6-7,9,9,0,copticchurch_date,The third Sunday of Tout | Matins | Psalm,awakening to praise and repentance,,ps-9,ps-9,Patristic homily linkage is not present in this repo and must be joined from the site corpus when George pushes.
rid_eaed8105161e4b4ebca6,Ps 9:7-8,Ps 9:7-8,Ps 9:7-8,17,17,0,copticchurch_date; katameros_cycle,Thursday of the third week of Great Lent | Liturgy | Psalm,the Eucharistic gathering of the Church,,ps-9,ps-9,Patristic homily linkage is not present in this repo and must be joined from the site corpus when George pushes.
rid_e998b7e0b4de101a9494,Rom 10:4-13,Rom 10:4-13,Rom 10:4-13,17,17,0,copticchurch_date; katameros_cycle,Wednesday of the seventh week of Great Lent | Liturgy | Pauline Epistle,the Eucharistic gathering of the Church,,rom-10,rom-10,Patristic homily linkage is not present in this repo and must be joined from the site corpus when George pushes.
rid_a9f6f39b02e31672709a,Rom 10:4-18,Rom 10:4-18,Rom 10:4-18,190,190,0,copticchurch_date; katameros_cycle,Abib 16 | Liturgy | Pauline Epistle,the Eucharistic gathering of the Church,,rom-10,rom-10,Patristic homily linkage is not present in this repo and must be joined from the site corpus when George pushes.
rid_edd1dd69fde04105e4b4,Rom 11:13-36,Rom 11:13-36,Rom 11:13-36,17,17,0,copticchurch_date; katameros_cycle,The fourth Sunday of Toba | Liturgy | Pauline Epistle,the Eucharistic gathering of the Church,,rom-11,rom-11,Patristic homily linkage is not present in this repo and must be joined from the site corpus when George pushes.
rid_72444f5d5a442cf2c539,Rom 12:1-21,Rom 12:1-21,Rom 12:1-21,17,17,0,copticchurch_date; katameros_cycle,Saturday of the first week of Great Lent | Liturgy | Pauline Epistle,the Eucharistic gathering of the Church,,rom-12,rom-12,Patristic homily linkage is not present in this repo and must be joined from the site corpus when George pushes.
rid_bf47dffcd03acf73f312,Rom 12:6-21,Rom 12:6-21,Rom 12:6-21,17,17,0,copticchurch_date; katameros_cycle,Friday of the first week of Great Lent | Liturgy | Pauline Epistle,the Eucharistic gathering of the Church,,rom-12,rom-12,Patristic homily linkage is not present in this repo and must be joined from the site corpus when George pushes.
rid_73a33ca126c3559aec65,Rom 13:1-14,Rom 13:1-14,Rom 13:1-14,17,17,0,copticchurch_date; katameros_cycle,Sunday of the first week of Great Lent | Liturgy | Pauline Epistle,the Eucharistic gathering of the Church,,rom-13,rom-13,Patristic homily linkage is not present in this repo and must be joined from the site corpus when George pushes.
rid_e804b651903409eef597,Rom 14:1-18,Rom 14:1-18,Rom 14:1-18,17,17,0,copticchurch_date; katameros_cycle,Saturday of the second week of Great Lent | Liturgy | Pauline Epistle,the Eucharistic gathering of the Church,,rom-14,rom-14,Patristic homily linkage is not present in this repo and must be joined from the site corpus when George pushes.
rid_6428f7ba57bf9ad09e3c,Rom 14:10-15:2,Rom 14:10-15:2,Rom 14:10-15:2,15,15,0,copticchurch_date,Monday of the seventh week of Great Lent | Liturgy | Pauline Epistle,the Eucharistic gathering of the Church,,rom-14,rom-14,Patristic homily linkage is not present in this repo and must be joined from the site corpus when George pushes.
rid_8de677a83131680a7fb8,Rom 14:10-23,Rom 14:10-23,Rom 14:10-23,1,1,0,katameros_cycle,liturgy_pauline | liturgy_pauline,,,rom-14,rom-14,Patristic homily linkage is not present in this repo and must be joined from the site corpus when George pushes.
rid_42416f33506e9fc5b9aa,Rom 14:19-15,Rom 14:19-15,Rom 14:19-15,1,1,0,katameros_cycle,liturgy_pauline | liturgy_pauline,,,rom-14,rom-14,Patristic homily linkage is not present in this repo and must be joined from the site corpus when George pushes.
rid_b27bf9537d51d195d81a,Rom 14:19-15:7,Rom 14:19-15:7,Rom 14:19-15:7,31,31,0,copticchurch_date,Sunday of the second week of Great Lent | Liturgy | Pauline Epistle,the Eucharistic gathering of the Church,,rom-14,rom-14,Patristic homily linkage is not present in this repo and must be joined from the site corpus when George pushes.
rid_de30b6b116f3b39af967,Rom 14:19-23,Rom 14:19-23,Rom 14:19-23,1,1,0,katameros_cycle,liturgy_pauline | liturgy_pauline,,,rom-14,rom-14,Patristic homily linkage is not present in this repo and must be joined from the site corpus when George pushes.
rid_f7a094ed3139d3192734,Rom 15:1-2,Rom 15:1-2,Rom 15:1-2,1,1,0,katameros_cycle,liturgy_pauline | liturgy_pauline,,,rom-15,rom-15,Patristic homily linkage is not present in this repo and must be joined from the site corpus when George pushes.
rid_e5d69fb5a4aec6bb95dc,Rom 15:1-7,Rom 15:1-7,Rom 15:1-7,2,2,0,katameros_cycle; special_service,liturgy_pauline | liturgy_pauline || unction_of_the_sick | second_prayer | second_prayer,,,rom-15,rom-15,Patristic homily linkage is not present in this repo and must be joined from the site corpus when George pushes.
rid_25248952982e39f340d9,Rom 15:13-29,Rom 15:13-29,Rom 15:13-29,8,8,0,copticchurch_date; katameros_cycle,The first Sunday of Paona | Liturgy | Pauline Epistle || First Sunday of Baunahh | liturgy_pauline | liturgy_pauline,the Eucharistic gathering of the Church,,rom-15,rom-15,Patristic homily linkage is not present in this repo and must be joined from the site corpus when George pushes.
rid_6cb39e2193c7dd2f5f8b,Rom 15:4-19,Rom 15:4-19,Rom 15:4-19,15,15,0,copticchurch_date; katameros_cycle,The first Sunday of Toba | Liturgy | Pauline Epistle,the Eucharistic gathering of the Church,,rom-15,rom-15,Patristic homily linkage is not present in this repo and must be joined from the site corpus when George pushes.
rid_8fb89805ecfcdf81f484,Rom 16:17-20,Rom 16:17-20,Rom 16:17-20,14,14,0,copticchurch_date; katameros_cycle,The third Sunday of Mesra | Liturgy | Pauline Epistle,the Eucharistic gathering of the Church,,rom-16,rom-16,Patristic homily linkage is not present in this repo and must be joined from the site corpus when George pushes.
rid_c3c86520fd73b9b0e32c,Rom 16:17-27,Rom 16:17-27,Rom 16:17-27,17,17,0,copticchurch_date; katameros_cycle,Thursday of the second week of Great Lent | Liturgy | Pauline Epistle,the Eucharistic gathering of the Church,,rom-16,rom-16,Patristic homily linkage is not present in this repo and must be joined from the site corpus when George pushes.
rid_bc547c25c3215268d62e,Rom 1:1-17,Rom 1:1-17,Rom 1:1-17,67,67,0,copticchurch_date; katameros_cycle,Amshir 16 | Liturgy | Pauline Epistle || Great Lent | Liturgy | Pauline Epistle || Kiak 13 | Liturgy | Pauline Epistle,the Eucharistic gathering of the Church,,rom-1,rom-1,Patristic homily linkage is not present in this repo and must be joined from the site corpus when George pushes.
rid_5a91f042e449022978db,Rom 1:1-4,Rom 1:1-4,Rom 1:1-4,17,17,0,copticchurch_date; katameros_cycle,Monday of the second week of the holy fifty days | Liturgy | Pauline Epistle,the Eucharistic gathering of the Church,,rom-1,rom-1,Patristic homily linkage is not present in this repo and must be joined from the site corpus when George pushes.
rid_91f77acf6728e14376e4,Rom 1:11-13,Rom 1:11-13,Rom 1:11-13,17,17,0,copticchurch_date; katameros_cycle,Wednesday of the second week of the holy fifty days | Liturgy | Pauline Epistle,the Eucharistic gathering of the Church,,rom-1,rom-1,Patristic homily linkage is not present in this repo and must be joined from the site corpus when George pushes.
rid_c194e17f8631095ae3eb,Rom 1:16-17,Rom 1:16-17,Rom 1:16-17,17,17,0,copticchurch_date; katameros_cycle,Thursday of the second week of the holy fifty days | Liturgy | Pauline Epistle,the Eucharistic gathering of the Church,,rom-1,rom-1,Patristic homily linkage is not present in this repo and must be joined from the site corpus when George pushes.
rid_f9a63e2a05a21e4d8f69,Rom 1:18-25,Rom 1:18-25,Rom 1:18-25,17,17,0,copticchurch_date; katameros_cycle,Monday of the second week of Great Lent | Liturgy | Pauline Epistle,the Eucharistic gathering of the Church,,rom-1,rom-1,Patristic homily linkage is not present in this repo and must be joined from the site corpus when George pushes.
rid_b4db9350eec553ead64d,Rom 1:19-21,Rom 1:19-21,Rom 1:19-21,17,17,0,copticchurch_date; katameros_cycle,Friday of the second week of the holy fifty days | Liturgy | Pauline Epistle,the Eucharistic gathering of the Church,,rom-1,rom-1,Patristic homily linkage is not present in this repo and must be joined from the site corpus when George pushes.
rid_029ddc684fc008c54fe5,Rom 1:26-2,Rom 1:26-2,Rom 1:26-2,1,1,0,katameros_cycle,liturgy_pauline | liturgy_pauline,,,rom-1,rom-1,Patristic homily linkage is not present in this repo and must be joined from the site corpus when George pushes.
rid_75076f022ca7ce088381,Rom 1:7-10,Rom 1:7-10,Rom 1:7-10,17,17,0,copticchurch_date; katameros_cycle,Tuesday of the second week of the holy fifty days | Liturgy | Pauline Epistle,the Eucharistic gathering of the Church,,rom-1,rom-1,Patristic homily linkage is not present in this repo and must be joined from the site corpus when George pushes.
rid_c3ec8f9c9122d0955eee,Rom 28:39,Rom 28:39,Rom 28:39,27,27,0,copticchurch_date,Mesra 23 | Liturgy | Pauline Epistle,the Eucharistic gathering of the Church,,rom-28,rom-28,Patristic homily linkage is not present in this repo and must be joined from the site corpus when George pushes.
rid_ff16340daaafaf2f80e7,Rom 2:12-24,Rom 2:12-24,Rom 2:12-24,17,17,0,copticchurch_date; katameros_cycle,Wednesday of the sixth week of Great Lent | Liturgy | Pauline Epistle,the Eucharistic gathering of the Church,,rom-2,rom-2,Patristic homily linkage is not present in this repo and must be joined from the site corpus when George pushes.
rid_ddb5b97ce0e3c988bdbc,Rom 2:14-16,Rom 2:14-16,Rom 2:14-16,17,17,0,copticchurch_date; katameros_cycle,Wednesday of the third week of the holy fifty days | Liturgy | Pauline Epistle,the Eucharistic gathering of the Church,,rom-2,rom-2,Patristic homily linkage is not present in this repo and must be joined from the site corpus when George pushes.
rid_24caa7654c7e329e4abe,Rom 2:17-20,Rom 2:17-20,Rom 2:17-20,17,17,0,copticchurch_date; katameros_cycle,Thursday of the third week of the holy fifty days | Liturgy | Pauline Epistle,the Eucharistic gathering of the Church,,rom-2,rom-2,Patristic homily linkage is not present in this repo and must be joined from the site corpus when George pushes.
rid_afe5cfc5a81abf976986,Rom 2:25-29,Rom 2:25-29,Rom 2:25-29,17,17,0,copticchurch_date; katameros_cycle,Friday of the third week of the holy fifty days | Liturgy | Pauline Epistle,the Eucharistic gathering of the Church,,rom-2,rom-2,Patristic homily linkage is not present in this repo and must be joined from the site corpus when George pushes.
rid_7b30e2495a8e125a91b6,Rom 2:4-7,Rom 2:4-7,Rom 2:4-7,17,17,0,copticchurch_date; katameros_cycle,Monday of the third week of the holy fifty days | Liturgy | Pauline Epistle,the Eucharistic gathering of the Church,,rom-2,rom-2,Patristic homily linkage is not present in this repo and must be joined from the site corpus when George pushes.
rid_816336004a8ae2f530b7,Rom 2:8-13,Rom 2:8-13,Rom 2:8-13,17,17,0,copticchurch_date; katameros_cycle,Tuesday of the third week of the holy fifty days | Liturgy | Pauline Epistle,the Eucharistic gathering of the Church,,rom-2,rom-2,Patristic homily linkage is not present in this repo and must be joined from the site corpus when George pushes.
rid_d6dd000b6b54502d2a36,Rom 3:1-17,Rom 3:1-17,Rom 3:1-17,1,1,0,katameros_cycle,liturgy_pauline | liturgy_pauline,,,rom-3,rom-3,Patristic homily linkage is not present in this repo and must be joined from the site corpus when George pushes.
rid_86cdc30a2b4c5ad4d5ac,Rom 3:1-18,Rom 3:1-18,Rom 3:1-18,16,16,0,copticchurch_date,Wednesday of the second week of Great Lent | Liturgy | Pauline Epistle,the Eucharistic gathering of the Church,,rom-3,rom-3,Patristic homily linkage is not present in this repo and must be joined from the site corpus when George pushes.
rid_13a3fbfeb15db454b8cb,Rom 3:1-31,Rom 3:1-31,Rom 3:1-31,30,30,0,copticchurch_date; katameros_cycle,Annunciation | Liturgy | Pauline Epistle,the Eucharistic gathering of the Church,,rom-3,rom-3,Patristic homily linkage is not present in this repo and must be joined from the site corpus when George pushes.
rid_70f40b2a40e830ade95f,Rom 3:1-4:3,Rom 3:1-4:3,Rom 3:1-4:3,16,16,0,copticchurch_date,The second Sunday of Kiak | Liturgy | Pauline Epistle,the Eucharistic gathering of the Church,,rom-3,rom-3,Patristic homily linkage is not present in this repo and must be joined from the site corpus when George pushes.
rid_f4f1f6c23f9404733941,Rom 3:19-21,Rom 3:19-21,Rom 3:19-21,17,17,0,copticchurch_date; katameros_cycle,Tuesday of the fourth week of the holy fifty days | Liturgy | Pauline Epistle,the Eucharistic gathering of the Church,,rom-3,rom-3,Patristic homily linkage is not present in this repo and must be joined from the site corpus when George pushes.
rid_13997f4b42381504f932,Rom 3:21-26,Rom 3:21-26,Rom 3:21-26,17,17,0,copticchurch_date; katameros_cycle,Thursday of the fourth week of the holy fifty days | Liturgy | Pauline Epistle,the Eucharistic gathering of the Church,,rom-3,rom-3,Patristic homily linkage is not present in this repo and must be joined from the site corpus when George pushes.
rid_dbe29a2b5edfaed57ea9,Rom 3:27-31,Rom 3:27-31,Rom 3:27-31,17,17,0,copticchurch_date; katameros_cycle,Friday of the fourth week of the holy fifty days | Liturgy | Pauline Epistle,the Eucharistic gathering of the Church,,rom-3,rom-3,Patristic homily linkage is not present in this repo and must be joined from the site corpus when George pushes.
rid_85094352413cea4806e3,Rom 4:1-3,Rom 4:1-3,Rom 4:1-3,1,1,0,katameros_cycle,Second Sunday of Kiyahk - Abstinence | liturgy_pauline | liturgy_pauline,,,rom-4,rom-4,Patristic homily linkage is not present in this repo and must be joined from the site corpus when George pushes.
rid_f2d8fbac13206ab65bcd,Rom 4:1-8,Rom 4:1-8,Rom 4:1-8,16,16,0,copticchurch_date; katameros_cycle,Tuesday of the third week of Great Lent | Liturgy | Pauline Epistle,the Eucharistic gathering of the Church,,rom-4,rom-4,Patristic homily linkage is not present in this repo and must be joined from the site corpus when George pushes.
rid_4894d98027c95908e291,Rom 4:13-25,Rom 4:13-25,Rom 4:13-25,5,5,0,katameros_cycle,liturgy_pauline | liturgy_pauline,,,rom-4,rom-4,Patristic homily linkage is not present in this repo and must be joined from the site corpus when George pushes.
rid_6052664e2c48af7e4c94,Rom 4:13-5:5,Rom 4:13-5:5,Rom 4:13-5:5,53,53,0,copticchurch_date,Amshir 1 | Liturgy | Pauline Epistle,the Eucharistic gathering of the Church,,rom-4,rom-4,Patristic homily linkage is not present in this repo and must be joined from the site corpus when George pushes.
rid_f3218602262fbf2b6fa4,Rom 4:14-25,Rom 4:14-25,Rom 4:14-25,1,1,0,katameros_cycle,liturgy_pauline | liturgy_pauline,,,rom-4,rom-4,Patristic homily linkage is not present in this repo and must be joined from the site corpus when George pushes.
rid_4c225b3ab33aa0fb0352,Rom 4:14-5:5,Rom 4:14-5:5,Rom 4:14-5:5,12,12,0,copticchurch_date,Wednesday of the fifth week of Great Lent | Liturgy | Pauline Epistle,the Eucharistic gathering of the Church,,rom-4,rom-4,Patristic homily linkage is not present in this repo and must be joined from the site corpus when George pushes.
rid_e4f344f1f1378a13b70e,Rom 4:4-24,Rom 4:4-24,Rom 4:4-24,17,17,0,copticchurch_date; katameros_cycle,The third Sunday of Kiak | Liturgy | Pauline Epistle,the Eucharistic gathering of the Church,,rom-4,rom-4,Patristic homily linkage is not present in this repo and must be joined from the site corpus when George pushes.
rid_46cd48d8e611dc80b7e4,Rom 4:4-8,Rom 4:4-8,Rom 4:4-8,17,17,0,copticchurch_date; katameros_cycle,Monday of the fourth week of the holy fifty days | Liturgy | Pauline Epistle,the Eucharistic gathering of the Church,,rom-4,rom-4,Patristic homily linkage is not present in this repo and must be joined from the site corpus when George pushes.
rid_9b88512c35f54ed0cc53,Rom 4:4-9,Rom 4:4-9,Rom 4:4-9,17,17,0,copticchurch_date; katameros_cycle,Monday of the fifth week of the holy fifty days | Liturgy | Pauline Epistle,the Eucharistic gathering of the Church,,rom-4,rom-4,Patristic homily linkage is not present in this repo and must be joined from the site corpus when George pushes.
rid_0c9868c464fd2c09d716,Rom 4:6-11,Rom 4:6-11,Rom 4:6-11,17,17,0,copticchurch_date; katameros_cycle,Thursday of the third week of Great Lent | Liturgy | Pauline Epistle,the Eucharistic gathering of the Church,,rom-4,rom-4,Patristic homily linkage is not present in this repo and must be joined from the site corpus when George pushes.
rid_bb2e2a73d2dce562ec4c,Rom 4:9-12,Rom 4:9-12,Rom 4:9-12,17,17,0,copticchurch_date; katameros_cycle,Tuesday of the fifth week of the holy fifty days | Liturgy | Pauline Epistle,the Eucharistic gathering of the Church,,rom-4,rom-4,Patristic homily linkage is not present in this repo and must be joined from the site corpus when George pushes.
rid_00b57d09b895fd89119c,Rom 5:1-15,Rom 5:1-15,Rom 5:1-15,1,1,0,special_service,funeral | part_3 | part_3,,,rom-5,rom-5,Patristic homily linkage is not present in this repo and must be joined from the site corpus when George pushes.
rid_19722b9c6693793c1415,Rom 5:1-5,Rom 5:1-5,Rom 5:1-5,6,6,0,katameros_cycle,liturgy_pauline | liturgy_pauline,,,rom-5,rom-5,Patristic homily linkage is not present in this repo and must be joined from the site corpus when George pushes.
rid_c1d6d2964ca10e7e16b0,Rom 5:20-6,Rom 5:20-6,Rom 5:20-6,1,1,0,katameros_cycle,liturgy_pauline | liturgy_pauline,,,rom-5,rom-5,Patristic homily linkage is not present in this repo and must be joined from the site corpus when George pushes.
rid_5049e6f8885a2d063aca,Rom 5:20-6:4,Rom 5:20-6:4,Rom 5:20-6:4,16,16,0,copticchurch_date,Wednesday of the fifth week of the holy fifty days | Liturgy | Pauline Epistle,the Eucharistic gathering of the Church,,rom-5,rom-5,Patristic homily linkage is not present in this repo and must be joined from the site corpus when George pushes.
rid_a08e1a76b5a0e4765dc4,Rom 5:6-15,Rom 5:6-15,Rom 5:6-15,1,1,0,special_service,funeral | part_6 | part_6,,,rom-5,rom-5,Patristic homily linkage is not present in this repo and must be joined from the site corpus when George pushes.
rid_bab386bda0cb77de5af0,Rom 5:6-21,Rom 5:6-21,Rom 5:6-21,17,17,0,copticchurch_date; katameros_cycle,Tuesday of the first week of the holy fifty days | Liturgy | Pauline Epistle,the Eucharistic gathering of the Church,,rom-5,rom-5,Patristic homily linkage is not present in this repo and must be joined from the site corpus when George pushes.
rid_3c5c53d7eabe7c64e77a,Rom 6:17-22,Rom 6:17-22,Rom 6:17-22,17,17,0,copticchurch_date; katameros_cycle,Friday of the fifth week of the holy fifty days | Liturgy | Pauline Epistle,the Eucharistic gathering of the Church,,rom-6,rom-6,Patristic homily linkage is not present in this repo and must be joined from the site corpus when George pushes.
rid_1b333d5fd650d218428a,Rom 6:3-16,Rom 6:3-16,Rom 6:3-16,30,30,0,copticchurch_date; katameros_cycle,Baba 6 | Liturgy | Pauline Epistle,the Eucharistic gathering of the Church,,rom-6,rom-6,Patristic homily linkage is not present in this repo and must be joined from the site corpus when George pushes.
rid_81910eb5a83762604308,Rom 6:5-11,Rom 6:5-11,Rom 6:5-11,17,17,0,copticchurch_date; katameros_cycle,Thursday of the fifth week of the holy fifty days | Liturgy | Pauline Epistle,the Eucharistic gathering of the Church,,rom-6,rom-6,Patristic homily linkage is not present in this repo and must be joined from the site corpus when George pushes.
rid_87863daae4060491f95f,Rom 7:1,Rom 7:1,Rom 7:1,1,1,0,katameros_cycle,liturgy_pauline | liturgy_pauline,,,rom-7,rom-7,Patristic homily linkage is not present in this repo and must be joined from the site corpus when George pushes.
rid_fafa13ca9c9e5255d872,Rom 7:1-8,Rom 7:1-8,Rom 7:1-8,16,16,0,copticchurch_date,Wednesday of the sixth week of the holy fifty days | Liturgy | Pauline Epistle,the Eucharistic gathering of the Church,,rom-7,rom-7,Patristic homily linkage is not present in this repo and must be joined from the site corpus when George pushes.
rid_1d001801f2386ae83889,Rom 7:10,Rom 7:10,Rom 7:10,1,1,0,katameros_cycle,liturgy_pauline | liturgy_pauline,,,rom-7,rom-7,Patristic homily linkage is not present in this repo and must be joined from the site corpus when George pushes.
rid_d9cb866d7558add206f3,Rom 7:14-27,Rom 7:14-27,Rom 7:14-27,14,14,0,copticchurch_date,Mesra 26 | Liturgy | Pauline Epistle,the Eucharistic gathering of the Church,,rom-7,rom-7,Patristic homily linkage is not present in this repo and must be joined from the site corpus when George pushes.
rid_e31ee5a2e3c2b282b9b1,Rom 7:2,Rom 7:2,Rom 7:2,1,1,0,katameros_cycle,liturgy_pauline | liturgy_pauline,,,rom-7,rom-7,Patristic homily linkage is not present in this repo and must be joined from the site corpus when George pushes.
rid_fcfd6daed1517f487d84,Rom 7:3,Rom 7:3,Rom 7:3,1,1,0,katameros_cycle,liturgy_pauline | liturgy_pauline,,,rom-7,rom-7,Patristic homily linkage is not present in this repo and must be joined from the site corpus when George pushes.
rid_93b98611dd28c5cf78fc,Rom 7:4,Rom 7:4,Rom 7:4,1,1,0,katameros_cycle,liturgy_pauline | liturgy_pauline,,,rom-7,rom-7,Patristic homily linkage is not present in this repo and must be joined from the site corpus when George pushes.
rid_81fb85b8761bc4df76fc,Rom 7:5,Rom 7:5,Rom 7:5,1,1,0,katameros_cycle,liturgy_pauline | liturgy_pauline,,,rom-7,rom-7,Patristic homily linkage is not present in this repo and must be joined from the site corpus when George pushes.
rid_ddeaff53e4f24c3789a5,Rom 7:6,Rom 7:6,Rom 7:6,1,1,0,katameros_cycle,liturgy_pauline | liturgy_pauline,,,rom-7,rom-7,Patristic homily linkage is not present in this repo and must be joined from the site corpus when George pushes.
rid_a0e9e96f99e92a52e7e1,Rom 7:7,Rom 7:7,Rom 7:7,1,1,0,katameros_cycle,liturgy_pauline | liturgy_pauline,,,rom-7,rom-7,Patristic homily linkage is not present in this repo and must be joined from the site corpus when George pushes.
rid_5998abd7f8444a457159,Rom 7:8,Rom 7:8,Rom 7:8,1,1,0,katameros_cycle,liturgy_pauline | liturgy_pauline,,,rom-7,rom-7,Patristic homily linkage is not present in this repo and must be joined from the site corpus when George pushes.
rid_2489036ecc0e1f3d1026,Rom 8:12-17,Rom 8:12-17,Rom 8:12-17,17,17,0,copticchurch_date; katameros_cycle,Monday of the seventh week of the holy fifty days | Liturgy | Pauline Epistle,the Eucharistic gathering of the Church,,rom-8,rom-8,Patristic homily linkage is not present in this repo and must be joined from the site corpus when George pushes.
rid_969d90be5ed0a590f443,Rom 8:12-26,Rom 8:12-26,Rom 8:12-26,17,17,0,copticchurch_date; katameros_cycle,Monday of the fourth week of Great Lent | Liturgy | Pauline Epistle,the Eucharistic gathering of the Church,,rom-8,rom-8,Patristic homily linkage is not present in this repo and must be joined from the site corpus when George pushes.
rid_533ac3b15098357e7326,Rom 8:14-21,Rom 8:14-21,Rom 8:14-21,2,2,0,special_service,unction_of_the_sick | fourth_prayer | fourth_prayer || home_blessing | main_readings | main_readings,,,rom-8,rom-8,Patristic homily linkage is not present in this repo and must be joined from the site corpus when George pushes.
rid_a77f175c3dd215fb5581,Rom 8:14-27,Rom 8:14-27,Rom 8:14-27,176,176,0,copticchurch_date; katameros_cycle,Abib 19 | Liturgy | Pauline Epistle,the Eucharistic gathering of the Church,,rom-8,rom-8,Patristic homily linkage is not present in this repo and must be joined from the site corpus when George pushes.
rid_92d23c78f36802c99bba,Rom 8:18-30,Rom 8:18-30,Rom 8:18-30,133,133,0,copticchurch_date; katameros_cycle,Abib 11 | Liturgy | Pauline Epistle,the Eucharistic gathering of the Church,,rom-8,rom-8,Patristic homily linkage is not present in this repo and must be joined from the site corpus when George pushes.
rid_ecfe3986d823ea503013,Rom 8:2-5,Rom 8:2-5,Rom 8:2-5,17,17,0,copticchurch_date; katameros_cycle,Monday of the sixth week of the holy fifty days | Liturgy | Pauline Epistle,the Eucharistic gathering of the Church,,rom-8,rom-8,Patristic homily linkage is not present in this repo and must be joined from the site corpus when George pushes.
rid_5c2ed29be1dc90f33611,Rom 8:22-27,Rom 8:22-27,Rom 8:22-27,17,17,0,copticchurch_date; katameros_cycle,Tuesday of the seventh week of the holy fifty days | Liturgy | Pauline Epistle,the Eucharistic gathering of the Church,,rom-8,rom-8,Patristic homily linkage is not present in this repo and must be joined from the site corpus when George pushes.
rid_fbdb3e0ac30d235b0b7f,Rom 8:28-39,Rom 8:28-39,Rom 8:28-39,77,77,0,copticchurch_date; katameros_cycle,Abib 27 | Liturgy | Pauline Epistle,the Eucharistic gathering of the Church,,rom-8,rom-8,Patristic homily linkage is not present in this repo and must be joined from the site corpus when George pushes.
rid_b501a9020ff38a5b41f0,Rom 8:9-11,Rom 8:9-11,Rom 8:9-11,17,17,0,copticchurch_date; katameros_cycle,Tuesday of the sixth week of the holy fifty days | Liturgy | Pauline Epistle,the Eucharistic gathering of the Church,,rom-8,rom-8,Patristic homily linkage is not present in this repo and must be joined from the site corpus when George pushes.
rid_94a8b983cce84522eba2,Rom 9:14-29,Rom 9:14-29,Rom 9:14-29,16,16,0,copticchurch_date,Tuesday of the first week of Great Lent | Liturgy | Pauline Epistle,the Eucharistic gathering of the Church,,rom-9,rom-9,Patristic homily linkage is not present in this repo and must be joined from the site corpus when George pushes.
rid_fbe32b3c34da672e1120,Rom 9:15-29,Rom 9:15-29,Rom 9:15-29,1,1,0,katameros_cycle,liturgy_pauline | liturgy_pauline,,,rom-9,rom-9,Patristic homily linkage is not present in this repo and must be joined from the site corpus when George pushes.
rid_b483d035929bb856f350,Rom 9:6-33,Rom 9:6-33,Rom 9:6-33,17,17,0,copticchurch_date; katameros_cycle,The fourth Sunday of Kiak | Liturgy | Pauline Epistle,the Eucharistic gathering of the Church,,rom-9,rom-9,Patristic homily linkage is not present in this repo and must be joined from the site corpus when George pushes.
rid_eb013963736ac901d349,Sir 10:1-25,Sir 10:1-25,Sir 10:1-25,1,1,0,katameros_cycle,prophecy | prophecy,,,sir-10,sir-10,Patristic homily linkage is not present in this repo and must be joined from the site corpus when George pushes.
rid_50c5c023f6609d6cc3f6,Sir 10:1-33,Sir 10:1-33,Sir 10:1-33,1,1,0,katameros_cycle,prophecy | prophecy,,,sir-10,sir-10,Patristic homily linkage is not present in this repo and must be joined from the site corpus when George pushes.
rid_6eed048ad01b662016f9,Sir 11:1-10,Sir 11:1-10,Sir 11:1-10,1,1,0,katameros_cycle,prophecy | prophecy,,,sir-11,sir-11,Patristic homily linkage is not present in this repo and must be joined from the site corpus when George pushes.
rid_f0e2f487f6d7380c37b4,Sir 1:1-14,Sir 1:1-14,Sir 1:1-14,2,0,2,pascha_source_text,Monday | First Hour | Prophecy || Tuesday | Third Hour | Prophecy,the beginning of the day and watchfulness; the descent of the Holy Spirit and the trial of the heart,,sir-1,sir-1,Patristic homily linkage is not present in this repo and must be joined from the site corpus when George pushes.
rid_8067d0f3c67b9104e6c9,Sir 1:18-27,Sir 1:18-27,Sir 1:18-27,1,0,1,pascha_source_text,Monday | Eleventh Hour | Prophecy,the late call to repentance and mercy,,sir-1,sir-1,Patristic homily linkage is not present in this repo and must be joined from the site corpus when George pushes.
rid_49c878d9ac64a1791795,Sir 22:7-18,Sir 22:7-18,Sir 22:7-18,2,2,0,coptic_reader_fixture; pascha_day_hour,Wednesday | Third Hour | OT2 || Wednesday | Third Hour | prophecy,the descent of the Holy Spirit and the trial of the heart,,sir-22,sir-22,Patristic homily linkage is not present in this repo and must be joined from the site corpus when George pushes.
rid_95b8bc94505475351957,Sir 23:7-14,Sir 23:7-14,Sir 23:7-14,3,2,1,coptic_reader_fixture; pascha_day_hour; pascha_source_text,Wednesday | Sixth Hour | OT2 || Great Thursday | Sixth Hour | Prophecy || Wednesday | Sixth Hour | prophecy,the Cross and the Lord's willing suffering,,sir-23,sir-23,Patristic homily linkage is not present in this repo and must be joined from the site corpus when George pushes.
rid_618ab50f3a40a058d9e6,Sir 24:1-11,Sir 24:1-11,Sir 24:1-11,1,0,1,pascha_source_text,Great Thursday | Third Hour | Prophecy,the descent of the Holy Spirit and the trial of the heart,,sir-24,sir-24,Patristic homily linkage is not present in this repo and must be joined from the site corpus when George pushes.
rid_a4bb37fd76b9d15d324d,Sir 2:1-23,Sir 2:1-23,Sir 2:1-23,1,1,0,katameros_cycle,prophecy | prophecy,,,sir-2,sir-2,Patristic homily linkage is not present in this repo and must be joined from the site corpus when George pushes.
rid_3a12761de22300b67cb1,Sir 3:1-4,Sir 3:1-4,Sir 3:1-4,1,1,0,katameros_cycle,prophecy | prophecy,,,sir-3,sir-3,Patristic homily linkage is not present in this repo and must be joined from the site corpus when George pushes.
rid_750abf01725b137f4df5,Sir 4:20-5:2,Sir 4:20-5:2,Sir 4:20-5:2,1,1,0,pascha_day_hour,Tuesday | Sixth Hour | OT2,the Cross and the Lord's willing suffering,,sir-4,sir-4,Patristic homily linkage is not present in this repo and must be joined from the site corpus when George pushes.
rid_74a669c6394cef627083,Sir 5:1-15,Sir 5:1-15,Sir 5:1-15,1,1,0,katameros_cycle,prophecy | prophecy,,,sir-5,sir-5,Patristic homily linkage is not present in this repo and must be joined from the site corpus when George pushes.
rid_82a93eaea9abf3a8d4b9,Sir 8:1-22,Sir 8:1-22,Sir 8:1-22,1,1,0,katameros_cycle,prophecy | prophecy,,,sir-8,sir-8,Patristic homily linkage is not present in this repo and must be joined from the site corpus when George pushes.
rid_889722eaaeb8ab72a4d0,Titus 2:11-15,Titus 2:11-15,Titus 2:11-15,4,4,0,katameros_cycle; special_service,liturgy_pauline | liturgy_pauline || myron_consecration | liturgy | liturgy,,,titus-2,titus-2,Patristic homily linkage is not present in this repo and must be joined from the site corpus when George pushes.
rid_513f269516befbed21cc,Titus 2:11-3:7,Titus 2:11-3:7,Titus 2:11-3:7,31,31,0,copticchurch_date; special_service,Baba 14 | Liturgy | Pauline Epistle,the Eucharistic gathering of the Church,,titus-2,titus-2,Patristic homily linkage is not present in this repo and must be joined from the site corpus when George pushes.
rid_ba442d60cf6148032cbf,Titus 3:1-7,Titus 3:1-7,Titus 3:1-7,4,4,0,katameros_cycle; special_service,liturgy_pauline | liturgy_pauline || myron_consecration | liturgy | liturgy,,,titus-3,titus-3,Patristic homily linkage is not present in this repo and must be joined from the site corpus when George pushes.
rid_e40d658be722a26aff2a,Tob 10:1-12,Tob 10:1-12,Tob 10:1-12,1,1,0,katameros_cycle,prophecy | prophecy,,,tob-10,tob-10,Patristic homily linkage is not present in this repo and must be joined from the site corpus when George pushes.
rid_2510b7447ebb89f2c99c,Tob 11:1-19,Tob 11:1-19,Tob 11:1-19,1,1,0,katameros_cycle,prophecy | prophecy,,,tob-11,tob-11,Patristic homily linkage is not present in this repo and must be joined from the site corpus when George pushes.
rid_62b7d07860aa7e1159bf,Tob 12:1-22,Tob 12:1-22,Tob 12:1-22,1,1,0,katameros_cycle,prophecy | prophecy,,,tob-12,tob-12,Patristic homily linkage is not present in this repo and must be joined from the site corpus when George pushes.
rid_12d701d391ee0f77c6d0,Tob 13:1-18,Tob 13:1-18,Tob 13:1-18,1,1,0,katameros_cycle,prophecy | prophecy,,,tob-13,tob-13,Patristic homily linkage is not present in this repo and must be joined from the site corpus when George pushes.
rid_14bdfed1f0acac84ee9a,Tob 14:1-15,Tob 14:1-15,Tob 14:1-15,1,1,0,katameros_cycle,prophecy | prophecy,,,tob-14,tob-14,Patristic homily linkage is not present in this repo and must be joined from the site corpus when George pushes.
rid_b0e8fe96f578ca6c2f31,Tob 1:1-22,Tob 1:1-22,Tob 1:1-22,1,1,0,katameros_cycle,prophecy | prophecy,,,tob-1,tob-1,Patristic homily linkage is not present in this repo and must be joined from the site corpus when George pushes.
rid_3b1496a2940617809a4f,Tob 2:1-14,Tob 2:1-14,Tob 2:1-14,1,1,0,katameros_cycle,prophecy | prophecy,,,tob-2,tob-2,Patristic homily linkage is not present in this repo and must be joined from the site corpus when George pushes.
rid_9c22a37baf175a272126,Tob 3:1-6,Tob 3:1-6,Tob 3:1-6,1,1,0,katameros_cycle,prophecy | prophecy,,,tob-3,tob-3,Patristic homily linkage is not present in this repo and must be joined from the site corpus when George pushes.
rid_4819d5c8e7473aec8ae6,Tob 3:16-17,Tob 3:16-17,Tob 3:16-17,1,1,0,katameros_cycle,prophecy | prophecy,,,tob-3,tob-3,Patristic homily linkage is not present in this repo and must be joined from the site corpus when George pushes.
rid_12c8aae277162f4940b6,Tob 3:7-15,Tob 3:7-15,Tob 3:7-15,1,1,0,katameros_cycle,prophecy | prophecy,,,tob-3,tob-3,Patristic homily linkage is not present in this repo and must be joined from the site corpus when George pushes.
rid_b71de58fb92d783a7cf2,Tob 4:1-21,Tob 4:1-21,Tob 4:1-21,1,1,0,katameros_cycle,prophecy | prophecy,,,tob-4,tob-4,Patristic homily linkage is not present in this repo and must be joined from the site corpus when George pushes.
rid_45408fc62ae9c08a824a,Tob 5:1-22,Tob 5:1-22,Tob 5:1-22,1,1,0,katameros_cycle,prophecy | prophecy,,,tob-5,tob-5,Patristic homily linkage is not present in this repo and must be joined from the site corpus when George pushes.
rid_cc8e6e49d975f799590c,Tob 6:1-8,Tob 6:1-8,Tob 6:1-8,1,1,0,katameros_cycle,prophecy | prophecy,,,tob-6,tob-6,Patristic homily linkage is not present in this repo and must be joined from the site corpus when George pushes.
rid_d74031cb6128d7c3da72,Tob 6:9-17,Tob 6:9-17,Tob 6:9-17,1,1,0,katameros_cycle,prophecy | prophecy,,,tob-6,tob-6,Patristic homily linkage is not present in this repo and must be joined from the site corpus when George pushes.
rid_99d2dfa7c3e4d65ae42a,Tob 7:1-18,Tob 7:1-18,Tob 7:1-18,1,1,0,katameros_cycle,prophecy | prophecy,,,tob-7,tob-7,Patristic homily linkage is not present in this repo and must be joined from the site corpus when George pushes.
rid_8c9d3760363d2aae37fb,Tob 8:1-21,Tob 8:1-21,Tob 8:1-21,1,1,0,katameros_cycle,prophecy | prophecy,,,tob-8,tob-8,Patristic homily linkage is not present in this repo and must be joined from the site corpus when George pushes.
rid_2ac00be98aa76a12a958,Tob 9:1-6,Tob 9:1-6,Tob 9:1-6,1,1,0,katameros_cycle,prophecy | prophecy,,,tob-9,tob-9,Patristic homily linkage is not present in this repo and must be joined from the site corpus when George pushes.
rid_96f759a6c378438099f0,Wis 12:13-13:1,Wis 12:13-13:1,Wis 12:13-13:1,1,1,0,pascha_day_hour,Great Thursday | Sixth Hour | OT3,the Cross and the Lord's willing suffering,,wis-12,wis-12,Patristic homily linkage is not present in this repo and must be joined from the site corpus when George pushes.
rid_8b2e40043dfc9bcb1c19,Wis 1:1-9,Wis 1:1-9,Wis 1:1-9,1,1,0,pascha_day_hour,Monday | Sixth Hour | OT2,the Cross and the Lord's willing suffering,,wis-1,wis-1,Patristic homily linkage is not present in this repo and must be joined from the site corpus when George pushes.
rid_18b6dea20e9d1e9ef8dd,Wis 1:20-2:15,Wis 1:20-2:15,Wis 1:20-2:15,1,0,1,pascha_day_hour,Wednesday | First Hour | OT4,the beginning of the day and watchfulness,,wis-1,wis-1,Patristic homily linkage is not present in this repo and must be joined from the site corpus when George pushes.
rid_ca5ffdd0240d550514c8,Wis 24:1-11,Wis 24:1-11,Wis 24:1-11,1,1,0,pascha_day_hour,Great Thursday | Third Hour | OT2,the descent of the Holy Spirit and the trial of the heart,,wis-24,wis-24,Patristic homily linkage is not present in this repo and must be joined from the site corpus when George pushes.
rid_76cf6c222d44a74c02da,Wis 2:12-22,Wis 2:12-22,Wis 2:12-22,1,1,0,pascha_day_hour,Good Friday | First Hour | OT6,the beginning of the day and watchfulness,,wis-2,wis-2,Patristic homily linkage is not present in this repo and must be joined from the site corpus when George pushes.
rid_eead85a0820420a96aa4,Wis 2:20-30,Wis 2:20-30,Wis 2:20-30,2,2,0,pascha_day_hour,Monday | Eleventh Hour | OT2 || Tuesday | Eleventh Hour | OT2,the late call to repentance and mercy,,wis-2,wis-2,Patristic homily linkage is not present in this repo and must be joined from the site corpus when George pushes.
rid_636dfd619b2a6d26e7c7,Wis 3:12-24,Wis 3:12-24,Wis 3:12-24,1,0,1,pascha_day_hour,Wednesday | First Hour | OT5,the beginning of the day and watchfulness,,wis-3,wis-3,Patristic homily linkage is not present in this repo and must be joined from the site corpus when George pushes.
rid_911892923f645ebfa5fb,Wis 7:24-30,Wis 7:24-30,Wis 7:24-30,1,1,0,pascha_day_hour,Wednesday Eve | Eleventh Hour | OT1,the late call to repentance and mercy,,wis-7,wis-7,Patristic homily linkage is not present in this repo and must be joined from the site corpus when George pushes.
rid_1651b2a930115b2681ea,Zech 10:1-2,Zech 10:1-2,Zech 10:1-2,1,1,0,pascha_day_hour,Great Thursday | Third Hour | OT3,the descent of the Holy Spirit and the trial of the heart,,zech-10,zech-10,Patristic homily linkage is not present in this repo and must be joined from the site corpus when George pushes.
rid_e09e980c6a31758ca3a0,Zech 11:11-14,Zech 11:11-14,Zech 11:11-14,2,1,1,pascha_day_hour,Good Friday | First Hour | OT8 || Wednesday | Ninth Hour | OT5,the beginning of the day and watchfulness; the saving death of Christ and repentance,,zech-11,zech-11,Patristic homily linkage is not present in this repo and must be joined from the site corpus when George pushes.
rid_a9e8d8b0e27f61200a72,Zech 11:14,Zech 11:14,Zech 11:14,1,0,1,pascha_source_text,Good Friday | First Hour | Prophecy,the beginning of the day and watchfulness,,zech-11,zech-11,Patristic homily linkage is not present in this repo and must be joined from the site corpus when George pushes.
rid_3c8ee31a9b4d60c55f7e,Zech 12:11-14,Zech 12:11-14,Zech 12:11-14,1,1,0,pascha_day_hour,Great Thursday | Eleventh Hour | OT3,the late call to repentance and mercy,,zech-12,zech-12,Patristic homily linkage is not present in this repo and must be joined from the site corpus when George pushes.
rid_9830b2bdd818213f8ed8,"Zech 12:11-14:3,14:6-9","Zech 12:11-14:3,14:6-9","Zech 12:11-14:3,14:6-9",1,0,1,pascha_source_text,Great Thursday | Eleventh Hour | Prophecy,the late call to repentance and mercy,,zech-12,zech-12,Patristic homily linkage is not present in this repo and must be joined from the site corpus when George pushes.
rid_d035c3e81a697c85dbd0,Zech 13:1-9,Zech 13:1-9,Zech 13:1-9,1,1,0,pascha_day_hour,Great Thursday | Eleventh Hour | OT3,the late call to repentance and mercy,,zech-13,zech-13,Patristic homily linkage is not present in this repo and must be joined from the site corpus when George pushes.
rid_79857e7508f3b340e030,Zech 14:1-4,Zech 14:1-4,Zech 14:1-4,1,1,0,pascha_day_hour,Great Thursday | Eleventh Hour | OT3,the late call to repentance and mercy,,zech-14,zech-14,Patristic homily linkage is not present in this repo and must be joined from the site corpus when George pushes.
rid_ac444f7c6aad65034bf2,Zech 14:5-11,Zech 14:5-11,Zech 14:5-11,1,1,0,pascha_day_hour,Good Friday | Ninth Hour | OT2,the saving death of Christ and repentance,,zech-14,zech-14,Patristic homily linkage is not present in this repo and must be joined from the site corpus when George pushes.
rid_fa9737841503cc362b7b,Zech 14:6-11,Zech 14:6-11,Zech 14:6-11,1,0,1,pascha_source_text,Good Friday | Ninth Hour | Prophecy,the saving death of Christ and repentance,,zech-14,zech-14,Patristic homily linkage is not present in this repo and must be joined from the site corpus when George pushes.
rid_8bb8c23943892befc28a,Zech 14:6-9,Zech 14:6-9,Zech 14:6-9,1,1,0,pascha_day_hour,Great Thursday | Eleventh Hour | OT3,the late call to repentance and mercy,,zech-14,zech-14,Patristic homily linkage is not present in this repo and must be joined from the site corpus when George pushes.
rid_0f4e1a985963d3c3064d,Zech 1:1-6,Zech 1:1-6,Zech 1:1-6,2,2,0,pascha_day_hour,Monday Eve | First Hour | OT1 || Tuesday Eve | First Hour | OT1,the beginning of the day and watchfulness,,zech-1,zech-1,Patristic homily linkage is not present in this repo and must be joined from the site corpus when George pushes.
rid_8bad1a4d7a89bc023dfa,Zech 8:18-23,Zech 8:18-23,Zech 8:18-23,1,1,0,katameros_cycle,prophecy | prophecy,,,zech-8,zech-8,Patristic homily linkage is not present in this repo and must be joined from the site corpus when George pushes.
rid_b62a8d21973a8f97db53,Zech 8:7-13,Zech 8:7-13,Zech 8:7-13,1,1,0,katameros_cycle,prophecy | prophecy,,,zech-8,zech-8,Patristic homily linkage is not present in this repo and must be joined from the site corpus when George pushes.
rid_49a5e8e3dbaed635b621,Zech 9:11-14,Zech 9:11-14,Zech 9:11-14,1,1,0,pascha_day_hour,Great Thursday | Third Hour | OT3,the descent of the Holy Spirit and the trial of the heart,,zech-9,zech-9,Patristic homily linkage is not present in this repo and must be joined from the site corpus when George pushes.
rid_ae10479cd0ec3bd3968b,Zech 9:9-15,Zech 9:9-15,Zech 9:9-15,1,1,0,katameros_cycle,Lazarus Saturday of Great Lent | prophecy | prophecy,,,zech-9,zech-9,Patristic homily linkage is not present in this repo and must be joined from the site corpus when George pushes.
rid_fefd589b78ce4cbbfed0,Zeph 1:14-2:2,Zeph 1:14-2:2,Zeph 1:14-2:2,1,0,1,pascha_source_text,Monday Eve | Third Hour | Prophecy,the descent of the Holy Spirit and the trial of the heart,,zeph-1,zeph-1,Patristic homily linkage is not present in this repo and must be joined from the site corpus when George pushes.
rid_8e922bc2d7a15a18ebfb,Zeph 1:2-12,Zeph 1:2-12,Zeph 1:2-12,1,0,1,pascha_source_text,Monday Eve | First Hour | Prophecy,the beginning of the day and watchfulness,,zeph-1,zeph-1,Patristic homily linkage is not present in this repo and must be joined from the site corpus when George pushes.
rid_7f6813e26ac3c06f0f47,Zeph 3:11-20,Zeph 3:11-20,Zeph 3:11-20,1,0,1,pascha_source_text,Hosanna Sunday | Ninth Hour | Prophecy,the saving death of Christ and repentance,,zeph-3,zeph-3,Patristic homily linkage is not present in this repo and must be joined from the site corpus when George pushes.
rid_8f57b8a9e9a9cf8a5b58,Zeph 3:14-20,Zeph 3:14-20,Zeph 3:14-20,1,1,0,katameros_cycle,Lazarus Saturday of Great Lent | prophecy | prophecy,,,zeph-3,zeph-3,Patristic homily linkage is not present in this repo and must be joined from the site corpus when George pushes.
